timestamp,index,uuid,pci_bus_id,graphics_clock_mhz,memory_clock_mhz,power_w,power_limit_w,gpu_temperature_c,memory_temperature_c,gpu_util_pct,memory_used_mib,pstate,sw_power_cap,sw_thermal_slowdown,hw_thermal_slowdown
2026/07/20 00:47:28.097, 0, ${V100_GPU_0_UUID}, 00000000:01:00.0, 900, 877, 32.37, 150.00, 55, 54, 0, 5, P0, Not Active, Not Active, Not Active
2026/07/20 00:47:28.103, 1, ${V100_GPU_1_UUID}, 00000000:02:00.0, 900, 877, 30.76, 150.00, 54, 52, 0, 5, P0, Not Active, Not Active, Not Active
2026/07/20 00:47:28.239, 0, ${V100_GPU_0_UUID}, 00000000:01:00.0, 900, 877, 32.37, 150.00, 55, 54, 0, 5, P0, Not Active, Not Active, Not Active
2026/07/20 00:47:28.244, 1, ${V100_GPU_1_UUID}, 00000000:02:00.0, 900, 877, 30.78, 150.00, 54, 52, 0, 5, P0, Not Active, Not Active, Not Active
2026/07/20 00:47:28.376, 0, ${V100_GPU_0_UUID}, 00000000:01:00.0, 900, 877, 32.37, 150.00, 55, 54, 0, 5, P0, Not Active, Not Active, Not Active
2026/07/20 00:47:28.382, 1, ${V100_GPU_1_UUID}, 00000000:02:00.0, 900, 877, 30.76, 150.00, 54, 52, 0, 5, P0, Not Active, Not Active, Not Active
2026/07/20 00:47:28.543, 0, ${V100_GPU_0_UUID}, 00000000:01:00.0, 900, 877, 32.37, 150.00, 55, 54, 0, 5, P0, Not Active, Not Active, Not Active
2026/07/20 00:47:28.550, 1, ${V100_GPU_1_UUID}, 00000000:02:00.0, 900, 877, 30.78, 150.00, 54, 52, 0, 5, P0, Not Active, Not Active, Not Active
2026/07/20 00:47:28.684, 0, ${V100_GPU_0_UUID}, 00000000:01:00.0, 900, 877, 32.35, 150.00, 55, 54, 0, 5, P0, Not Active, Not Active, Not Active
2026/07/20 00:47:28.690, 1, ${V100_GPU_1_UUID}, 00000000:02:00.0, 900, 877, 30.76, 150.00, 54, 52, 0, 5, P0, Not Active, Not Active, Not Active
2026/07/20 00:47:28.851, 0, ${V100_GPU_0_UUID}, 00000000:01:00.0, 900, 877, 32.37, 150.00, 55, 54, 0, 5, P0, Not Active, Not Active, Not Active
2026/07/20 00:47:28.859, 1, ${V100_GPU_1_UUID}, 00000000:02:00.0, 900, 877, 30.76, 150.00, 54, 52, 0, 5, P0, Not Active, Not Active, Not Active
2026/07/20 00:47:28.991, 0, ${V100_GPU_0_UUID}, 00000000:01:00.0, 900, 877, 32.37, 150.00, 55, 54, 0, 5, P0, Not Active, Not Active, Not Active
2026/07/20 00:47:28.997, 1, ${V100_GPU_1_UUID}, 00000000:02:00.0, 900, 877, 30.76, 150.00, 53, 52, 0, 5, P0, Not Active, Not Active, Not Active
2026/07/20 00:47:29.139, 0, ${V100_GPU_0_UUID}, 00000000:01:00.0, 900, 877, 32.37, 150.00, 55, 54, 0, 5, P0, Not Active, Not Active, Not Active
2026/07/20 00:47:29.144, 1, ${V100_GPU_1_UUID}, 00000000:02:00.0, 900, 877, 30.76, 150.00, 53, 52, 0, 5, P0, Not Active, Not Active, Not Active
2026/07/20 00:47:29.279, 0, ${V100_GPU_0_UUID}, 00000000:01:00.0, 900, 877, 32.37, 150.00, 55, 54, 0, 8, P0, Not Active, Not Active, Not Active
2026/07/20 00:47:29.285, 1, ${V100_GPU_1_UUID}, 00000000:02:00.0, 900, 877, 30.76, 150.00, 54, 52, 0, 8, P0, Not Active, Not Active, Not Active
2026/07/20 00:47:29.417, 0, ${V100_GPU_0_UUID}, 00000000:01:00.0, 900, 877, 32.35, 150.00, 55, 54, 0, 8, P0, Not Active, Not Active, Not Active
2026/07/20 00:47:29.423, 1, ${V100_GPU_1_UUID}, 00000000:02:00.0, 900, 877, 30.74, 150.00, 54, 52, 0, 8, P0, Not Active, Not Active, Not Active
2026/07/20 00:47:29.555, 0, ${V100_GPU_0_UUID}, 00000000:01:00.0, 900, 877, 32.35, 150.00, 55, 54, 0, 8, P0, Not Active, Not Active, Not Active
2026/07/20 00:47:29.560, 1, ${V100_GPU_1_UUID}, 00000000:02:00.0, 900, 877, 30.76, 150.00, 54, 52, 0, 8, P0, Not Active, Not Active, Not Active
2026/07/20 00:47:29.693, 0, ${V100_GPU_0_UUID}, 00000000:01:00.0, 900, 877, 32.37, 150.00, 55, 54, 1, 316, P0, Not Active, Not Active, Not Active
2026/07/20 00:47:29.700, 1, ${V100_GPU_1_UUID}, 00000000:02:00.0, 900, 877, 30.76, 150.00, 54, 52, 0, 20, P0, Not Active, Not Active, Not Active
2026/07/20 00:47:29.852, 0, ${V100_GPU_0_UUID}, 00000000:01:00.0, 900, 877, 32.37, 150.00, 55, 54, 2, 316, P0, Not Active, Not Active, Not Active
2026/07/20 00:47:29.857, 1, ${V100_GPU_1_UUID}, 00000000:02:00.0, 900, 877, 30.78, 150.00, 54, 52, 0, 316, P0, Not Active, Not Active, Not Active
2026/07/20 00:47:29.990, 0, ${V100_GPU_0_UUID}, 00000000:01:00.0, 900, 877, 32.37, 150.00, 55, 54, 0, 316, P0, Not Active, Not Active, Not Active
2026/07/20 00:47:29.996, 1, ${V100_GPU_1_UUID}, 00000000:02:00.0, 900, 877, 30.76, 150.00, 54, 52, 3, 316, P0, Not Active, Not Active, Not Active
2026/07/20 00:47:30.127, 0, ${V100_GPU_0_UUID}, 00000000:01:00.0, 900, 877, 32.37, 150.00, 55, 54, 0, 316, P0, Not Active, Not Active, Not Active
2026/07/20 00:47:30.133, 1, ${V100_GPU_1_UUID}, 00000000:02:00.0, 900, 877, 30.76, 150.00, 54, 52, 0, 316, P0, Not Active, Not Active, Not Active
2026/07/20 00:47:30.265, 0, ${V100_GPU_0_UUID}, 00000000:01:00.0, 900, 877, 32.37, 150.00, 55, 54, 0, 316, P0, Not Active, Not Active, Not Active
2026/07/20 00:47:30.271, 1, ${V100_GPU_1_UUID}, 00000000:02:00.0, 900, 877, 30.76, 150.00, 54, 52, 0, 316, P0, Not Active, Not Active, Not Active
2026/07/20 00:47:30.415, 0, ${V100_GPU_0_UUID}, 00000000:01:00.0, 900, 877, 32.37, 150.00, 55, 54, 0, 316, P0, Not Active, Not Active, Not Active
2026/07/20 00:47:30.431, 1, ${V100_GPU_1_UUID}, 00000000:02:00.0, 900, 877, 30.78, 150.00, 54, 52, 0, 316, P0, Not Active, Not Active, Not Active
2026/07/20 00:47:30.571, 0, ${V100_GPU_0_UUID}, 00000000:01:00.0, 900, 877, 32.37, 150.00, 55, 54, 0, 316, P0, Not Active, Not Active, Not Active
2026/07/20 00:47:30.578, 1, ${V100_GPU_1_UUID}, 00000000:02:00.0, 900, 877, 30.78, 150.00, 54, 52, 0, 316, P0, Not Active, Not Active, Not Active
2026/07/20 00:47:30.732, 0, ${V100_GPU_0_UUID}, 00000000:01:00.0, 900, 877, 32.37, 150.00, 55, 54, 0, 316, P0, Not Active, Not Active, Not Active
2026/07/20 00:47:30.738, 1, ${V100_GPU_1_UUID}, 00000000:02:00.0, 900, 877, 30.76, 150.00, 54, 52, 0, 316, P0, Not Active, Not Active, Not Active
2026/07/20 00:47:30.871, 0, ${V100_GPU_0_UUID}, 00000000:01:00.0, 900, 877, 32.39, 150.00, 55, 54, 0, 316, P0, Not Active, Not Active, Not Active
2026/07/20 00:47:30.879, 1, ${V100_GPU_1_UUID}, 00000000:02:00.0, 900, 877, 30.78, 150.00, 54, 52, 0, 316, P0, Not Active, Not Active, Not Active
2026/07/20 00:47:31.023, 0, ${V100_GPU_0_UUID}, 00000000:01:00.0, 900, 877, 32.37, 150.00, 55, 54, 0, 316, P0, Not Active, Not Active, Not Active
2026/07/20 00:47:31.029, 1, ${V100_GPU_1_UUID}, 00000000:02:00.0, 900, 877, 30.76, 150.00, 53, 52, 0, 316, P0, Not Active, Not Active, Not Active
2026/07/20 00:47:31.191, 0, ${V100_GPU_0_UUID}, 00000000:01:00.0, 900, 877, 32.39, 150.00, 55, 54, 0, 316, P0, Not Active, Not Active, Not Active
2026/07/20 00:47:31.198, 1, ${V100_GPU_1_UUID}, 00000000:02:00.0, 900, 877, 30.78, 150.00, 54, 52, 0, 316, P0, Not Active, Not Active, Not Active
2026/07/20 00:47:31.334, 0, ${V100_GPU_0_UUID}, 00000000:01:00.0, 900, 877, 32.37, 150.00, 55, 54, 0, 316, P0, Not Active, Not Active, Not Active
2026/07/20 00:47:31.339, 1, ${V100_GPU_1_UUID}, 00000000:02:00.0, 900, 877, 30.76, 150.00, 54, 52, 0, 316, P0, Not Active, Not Active, Not Active
2026/07/20 00:47:31.484, 0, ${V100_GPU_0_UUID}, 00000000:01:00.0, 900, 877, 32.37, 150.00, 55, 54, 0, 316, P0, Not Active, Not Active, Not Active
2026/07/20 00:47:31.490, 1, ${V100_GPU_1_UUID}, 00000000:02:00.0, 900, 877, 30.78, 150.00, 54, 52, 0, 316, P0, Not Active, Not Active, Not Active
2026/07/20 00:47:31.622, 0, ${V100_GPU_0_UUID}, 00000000:01:00.0, 900, 877, 32.37, 150.00, 55, 54, 0, 316, P0, Not Active, Not Active, Not Active
2026/07/20 00:47:31.627, 1, ${V100_GPU_1_UUID}, 00000000:02:00.0, 900, 877, 30.78, 150.00, 54, 52, 0, 316, P0, Not Active, Not Active, Not Active
2026/07/20 00:47:31.790, 0, ${V100_GPU_0_UUID}, 00000000:01:00.0, 900, 877, 32.39, 150.00, 55, 54, 0, 316, P0, Not Active, Not Active, Not Active
2026/07/20 00:47:31.797, 1, ${V100_GPU_1_UUID}, 00000000:02:00.0, 900, 877, 30.78, 150.00, 54, 52, 0, 316, P0, Not Active, Not Active, Not Active
2026/07/20 00:47:31.944, 0, ${V100_GPU_0_UUID}, 00000000:01:00.0, 900, 877, 32.39, 150.00, 55, 54, 0, 316, P0, Not Active, Not Active, Not Active
2026/07/20 00:47:31.955, 1, ${V100_GPU_1_UUID}, 00000000:02:00.0, 900, 877, 30.78, 150.00, 53, 52, 0, 316, P0, Not Active, Not Active, Not Active
2026/07/20 00:47:32.097, 0, ${V100_GPU_0_UUID}, 00000000:01:00.0, 900, 877, 32.37, 150.00, 55, 54, 0, 316, P0, Not Active, Not Active, Not Active
2026/07/20 00:47:32.102, 1, ${V100_GPU_1_UUID}, 00000000:02:00.0, 900, 877, 30.76, 150.00, 53, 52, 0, 316, P0, Not Active, Not Active, Not Active
2026/07/20 00:47:32.235, 0, ${V100_GPU_0_UUID}, 00000000:01:00.0, 900, 877, 32.37, 150.00, 55, 54, 0, 316, P0, Not Active, Not Active, Not Active
2026/07/20 00:47:32.241, 1, ${V100_GPU_1_UUID}, 00000000:02:00.0, 900, 877, 30.78, 150.00, 54, 52, 0, 316, P0, Not Active, Not Active, Not Active
2026/07/20 00:47:32.375, 0, ${V100_GPU_0_UUID}, 00000000:01:00.0, 900, 877, 32.39, 150.00, 55, 54, 0, 316, P0, Not Active, Not Active, Not Active
2026/07/20 00:47:32.382, 1, ${V100_GPU_1_UUID}, 00000000:02:00.0, 900, 877, 30.78, 150.00, 54, 52, 0, 316, P0, Not Active, Not Active, Not Active
2026/07/20 00:47:32.533, 0, ${V100_GPU_0_UUID}, 00000000:01:00.0, 900, 877, 32.39, 150.00, 55, 54, 0, 316, P0, Not Active, Not Active, Not Active
2026/07/20 00:47:32.543, 1, ${V100_GPU_1_UUID}, 00000000:02:00.0, 900, 877, 30.78, 150.00, 53, 52, 0, 316, P0, Not Active, Not Active, Not Active
2026/07/20 00:47:32.683, 0, ${V100_GPU_0_UUID}, 00000000:01:00.0, 900, 877, 32.37, 150.00, 55, 54, 0, 316, P0, Not Active, Not Active, Not Active
2026/07/20 00:47:32.688, 1, ${V100_GPU_1_UUID}, 00000000:02:00.0, 900, 877, 30.78, 150.00, 53, 52, 0, 316, P0, Not Active, Not Active, Not Active
2026/07/20 00:47:32.851, 0, ${V100_GPU_0_UUID}, 00000000:01:00.0, 900, 877, 32.39, 150.00, 55, 54, 0, 316, P0, Not Active, Not Active, Not Active
2026/07/20 00:47:32.857, 1, ${V100_GPU_1_UUID}, 00000000:02:00.0, 900, 877, 30.78, 150.00, 54, 52, 0, 316, P0, Not Active, Not Active, Not Active
2026/07/20 00:47:32.993, 0, ${V100_GPU_0_UUID}, 00000000:01:00.0, 900, 877, 32.39, 150.00, 55, 54, 0, 316, P0, Not Active, Not Active, Not Active
2026/07/20 00:47:33.001, 1, ${V100_GPU_1_UUID}, 00000000:02:00.0, 900, 877, 30.78, 150.00, 53, 52, 0, 316, P0, Not Active, Not Active, Not Active
2026/07/20 00:47:33.166, 0, ${V100_GPU_0_UUID}, 00000000:01:00.0, 900, 877, 32.39, 150.00, 55, 54, 0, 316, P0, Not Active, Not Active, Not Active
2026/07/20 00:47:33.172, 1, ${V100_GPU_1_UUID}, 00000000:02:00.0, 900, 877, 30.78, 150.00, 54, 52, 0, 316, P0, Not Active, Not Active, Not Active
2026/07/20 00:47:33.332, 0, ${V100_GPU_0_UUID}, 00000000:01:00.0, 900, 877, 32.39, 150.00, 55, 54, 0, 316, P0, Not Active, Not Active, Not Active
2026/07/20 00:47:33.342, 1, ${V100_GPU_1_UUID}, 00000000:02:00.0, 900, 877, 30.78, 150.00, 53, 52, 0, 316, P0, Not Active, Not Active, Not Active
2026/07/20 00:47:33.477, 0, ${V100_GPU_0_UUID}, 00000000:01:00.0, 900, 877, 32.37, 150.00, 55, 54, 0, 316, P0, Not Active, Not Active, Not Active
2026/07/20 00:47:33.484, 1, ${V100_GPU_1_UUID}, 00000000:02:00.0, 900, 877, 30.76, 150.00, 54, 52, 0, 316, P0, Not Active, Not Active, Not Active
2026/07/20 00:47:33.643, 0, ${V100_GPU_0_UUID}, 00000000:01:00.0, 900, 877, 32.39, 150.00, 55, 54, 0, 316, P0, Not Active, Not Active, Not Active
2026/07/20 00:47:33.651, 1, ${V100_GPU_1_UUID}, 00000000:02:00.0, 900, 877, 30.78, 150.00, 54, 52, 0, 316, P0, Not Active, Not Active, Not Active
2026/07/20 00:47:33.784, 0, ${V100_GPU_0_UUID}, 00000000:01:00.0, 900, 877, 32.37, 150.00, 55, 54, 0, 316, P0, Not Active, Not Active, Not Active
2026/07/20 00:47:33.792, 1, ${V100_GPU_1_UUID}, 00000000:02:00.0, 900, 877, 30.76, 150.00, 54, 52, 0, 316, P0, Not Active, Not Active, Not Active
2026/07/20 00:47:33.930, 0, ${V100_GPU_0_UUID}, 00000000:01:00.0, 900, 877, 32.39, 150.00, 55, 54, 0, 316, P0, Not Active, Not Active, Not Active
2026/07/20 00:47:33.936, 1, ${V100_GPU_1_UUID}, 00000000:02:00.0, 900, 877, 30.78, 150.00, 54, 52, 0, 316, P0, Not Active, Not Active, Not Active
2026/07/20 00:47:34.067, 0, ${V100_GPU_0_UUID}, 00000000:01:00.0, 900, 877, 32.37, 150.00, 55, 54, 0, 316, P0, Not Active, Not Active, Not Active
2026/07/20 00:47:34.073, 1, ${V100_GPU_1_UUID}, 00000000:02:00.0, 900, 877, 30.78, 150.00, 53, 52, 0, 316, P0, Not Active, Not Active, Not Active
2026/07/20 00:47:34.236, 0, ${V100_GPU_0_UUID}, 00000000:01:00.0, 900, 877, 32.39, 150.00, 55, 54, 0, 316, P0, Not Active, Not Active, Not Active
2026/07/20 00:47:34.243, 1, ${V100_GPU_1_UUID}, 00000000:02:00.0, 900, 877, 30.78, 150.00, 53, 52, 0, 316, P0, Not Active, Not Active, Not Active
2026/07/20 00:47:34.398, 0, ${V100_GPU_0_UUID}, 00000000:01:00.0, 900, 877, 32.39, 150.00, 55, 54, 0, 316, P0, Not Active, Not Active, Not Active
2026/07/20 00:47:34.408, 1, ${V100_GPU_1_UUID}, 00000000:02:00.0, 900, 877, 30.78, 150.00, 53, 52, 0, 316, P0, Not Active, Not Active, Not Active
2026/07/20 00:47:34.553, 0, ${V100_GPU_0_UUID}, 00000000:01:00.0, 900, 877, 32.37, 150.00, 55, 54, 0, 316, P0, Not Active, Not Active, Not Active
2026/07/20 00:47:34.559, 1, ${V100_GPU_1_UUID}, 00000000:02:00.0, 900, 877, 30.76, 150.00, 53, 52, 0, 316, P0, Not Active, Not Active, Not Active
2026/07/20 00:47:34.721, 0, ${V100_GPU_0_UUID}, 00000000:01:00.0, 900, 877, 32.39, 150.00, 55, 54, 0, 316, P0, Not Active, Not Active, Not Active
2026/07/20 00:47:34.728, 1, ${V100_GPU_1_UUID}, 00000000:02:00.0, 900, 877, 30.78, 150.00, 53, 52, 0, 316, P0, Not Active, Not Active, Not Active
2026/07/20 00:47:34.862, 0, ${V100_GPU_0_UUID}, 00000000:01:00.0, 900, 877, 32.37, 150.00, 55, 54, 0, 316, P0, Not Active, Not Active, Not Active
2026/07/20 00:47:34.868, 1, ${V100_GPU_1_UUID}, 00000000:02:00.0, 900, 877, 30.76, 150.00, 53, 52, 0, 316, P0, Not Active, Not Active, Not Active
2026/07/20 00:47:35.031, 0, ${V100_GPU_0_UUID}, 00000000:01:00.0, 900, 877, 32.39, 150.00, 55, 54, 0, 316, P0, Not Active, Not Active, Not Active
2026/07/20 00:47:35.039, 1, ${V100_GPU_1_UUID}, 00000000:02:00.0, 900, 877, 30.78, 150.00, 53, 52, 0, 316, P0, Not Active, Not Active, Not Active
2026/07/20 00:47:35.172, 0, ${V100_GPU_0_UUID}, 00000000:01:00.0, 900, 877, 32.37, 150.00, 55, 54, 0, 316, P0, Not Active, Not Active, Not Active
2026/07/20 00:47:35.178, 1, ${V100_GPU_1_UUID}, 00000000:02:00.0, 900, 877, 30.78, 150.00, 53, 52, 0, 316, P0, Not Active, Not Active, Not Active
2026/07/20 00:47:35.316, 0, ${V100_GPU_0_UUID}, 00000000:01:00.0, 900, 877, 32.37, 150.00, 55, 54, 0, 316, P0, Not Active, Not Active, Not Active
2026/07/20 00:47:35.322, 1, ${V100_GPU_1_UUID}, 00000000:02:00.0, 900, 877, 30.76, 150.00, 53, 52, 0, 316, P0, Not Active, Not Active, Not Active
2026/07/20 00:47:35.485, 0, ${V100_GPU_0_UUID}, 00000000:01:00.0, 900, 877, 32.39, 150.00, 55, 54, 0, 316, P0, Not Active, Not Active, Not Active
2026/07/20 00:47:35.493, 1, ${V100_GPU_1_UUID}, 00000000:02:00.0, 900, 877, 30.78, 150.00, 53, 52, 0, 316, P0, Not Active, Not Active, Not Active
2026/07/20 00:47:35.631, 0, ${V100_GPU_0_UUID}, 00000000:01:00.0, 900, 877, 32.37, 150.00, 55, 54, 0, 316, P0, Not Active, Not Active, Not Active
2026/07/20 00:47:35.637, 1, ${V100_GPU_1_UUID}, 00000000:02:00.0, 900, 877, 30.76, 150.00, 54, 52, 0, 316, P0, Not Active, Not Active, Not Active
2026/07/20 00:47:35.798, 0, ${V100_GPU_0_UUID}, 00000000:01:00.0, 900, 877, 32.39, 150.00, 55, 54, 0, 316, P0, Not Active, Not Active, Not Active
2026/07/20 00:47:35.805, 1, ${V100_GPU_1_UUID}, 00000000:02:00.0, 900, 877, 30.78, 150.00, 53, 52, 0, 316, P0, Not Active, Not Active, Not Active
2026/07/20 00:47:35.938, 0, ${V100_GPU_0_UUID}, 00000000:01:00.0, 900, 877, 32.37, 150.00, 55, 54, 0, 316, P0, Not Active, Not Active, Not Active
2026/07/20 00:47:35.943, 1, ${V100_GPU_1_UUID}, 00000000:02:00.0, 900, 877, 30.76, 150.00, 53, 52, 0, 316, P0, Not Active, Not Active, Not Active
2026/07/20 00:47:36.090, 0, ${V100_GPU_0_UUID}, 00000000:01:00.0, 900, 877, 32.37, 150.00, 55, 54, 0, 316, P0, Not Active, Not Active, Not Active
2026/07/20 00:47:36.096, 1, ${V100_GPU_1_UUID}, 00000000:02:00.0, 900, 877, 30.76, 150.00, 53, 52, 0, 316, P0, Not Active, Not Active, Not Active
2026/07/20 00:47:36.256, 0, ${V100_GPU_0_UUID}, 00000000:01:00.0, 900, 877, 32.39, 150.00, 55, 54, 0, 316, P0, Not Active, Not Active, Not Active
2026/07/20 00:47:36.266, 1, ${V100_GPU_1_UUID}, 00000000:02:00.0, 900, 877, 30.78, 150.00, 53, 52, 0, 316, P0, Not Active, Not Active, Not Active
2026/07/20 00:47:36.428, 0, ${V100_GPU_0_UUID}, 00000000:01:00.0, 900, 877, 32.39, 150.00, 55, 54, 0, 316, P0, Not Active, Not Active, Not Active
2026/07/20 00:47:36.437, 1, ${V100_GPU_1_UUID}, 00000000:02:00.0, 900, 877, 30.78, 150.00, 53, 52, 0, 316, P0, Not Active, Not Active, Not Active
2026/07/20 00:47:36.585, 0, ${V100_GPU_0_UUID}, 00000000:01:00.0, 900, 877, 32.37, 150.00, 55, 54, 0, 316, P0, Not Active, Not Active, Not Active
2026/07/20 00:47:36.591, 1, ${V100_GPU_1_UUID}, 00000000:02:00.0, 900, 877, 30.78, 150.00, 53, 52, 0, 316, P0, Not Active, Not Active, Not Active
2026/07/20 00:47:36.756, 0, ${V100_GPU_0_UUID}, 00000000:01:00.0, 900, 877, 32.37, 150.00, 55, 54, 0, 316, P0, Not Active, Not Active, Not Active
2026/07/20 00:47:36.762, 1, ${V100_GPU_1_UUID}, 00000000:02:00.0, 900, 877, 30.76, 150.00, 53, 52, 0, 316, P0, Not Active, Not Active, Not Active
2026/07/20 00:47:36.903, 0, ${V100_GPU_0_UUID}, 00000000:01:00.0, 900, 877, 32.39, 150.00, 55, 54, 0, 316, P0, Not Active, Not Active, Not Active
2026/07/20 00:47:36.913, 1, ${V100_GPU_1_UUID}, 00000000:02:00.0, 900, 877, 30.78, 150.00, 53, 52, 0, 316, P0, Not Active, Not Active, Not Active
2026/07/20 00:47:37.078, 0, ${V100_GPU_0_UUID}, 00000000:01:00.0, 900, 877, 32.39, 150.00, 55, 54, 0, 316, P0, Not Active, Not Active, Not Active
2026/07/20 00:47:37.084, 1, ${V100_GPU_1_UUID}, 00000000:02:00.0, 900, 877, 30.76, 150.00, 53, 52, 0, 316, P0, Not Active, Not Active, Not Active
2026/07/20 00:47:37.238, 0, ${V100_GPU_0_UUID}, 00000000:01:00.0, 900, 877, 32.39, 150.00, 55, 54, 0, 316, P0, Not Active, Not Active, Not Active
2026/07/20 00:47:37.251, 1, ${V100_GPU_1_UUID}, 00000000:02:00.0, 900, 877, 30.78, 150.00, 53, 52, 0, 316, P0, Not Active, Not Active, Not Active
2026/07/20 00:47:37.394, 0, ${V100_GPU_0_UUID}, 00000000:01:00.0, 900, 877, 32.37, 150.00, 55, 54, 0, 316, P0, Not Active, Not Active, Not Active
2026/07/20 00:47:37.400, 1, ${V100_GPU_1_UUID}, 00000000:02:00.0, 900, 877, 30.76, 150.00, 53, 52, 0, 316, P0, Not Active, Not Active, Not Active
2026/07/20 00:47:37.532, 0, ${V100_GPU_0_UUID}, 00000000:01:00.0, 900, 877, 32.37, 150.00, 55, 54, 0, 316, P0, Not Active, Not Active, Not Active
2026/07/20 00:47:37.538, 1, ${V100_GPU_1_UUID}, 00000000:02:00.0, 900, 877, 30.76, 150.00, 53, 52, 0, 316, P0, Not Active, Not Active, Not Active
2026/07/20 00:47:37.671, 0, ${V100_GPU_0_UUID}, 00000000:01:00.0, 900, 877, 32.35, 150.00, 55, 54, 0, 316, P0, Not Active, Not Active, Not Active
2026/07/20 00:47:37.676, 1, ${V100_GPU_1_UUID}, 00000000:02:00.0, 900, 877, 30.74, 150.00, 53, 52, 0, 316, P0, Not Active, Not Active, Not Active
2026/07/20 00:47:37.809, 0, ${V100_GPU_0_UUID}, 00000000:01:00.0, 900, 877, 32.37, 150.00, 55, 54, 0, 316, P0, Not Active, Not Active, Not Active
2026/07/20 00:47:37.814, 1, ${V100_GPU_1_UUID}, 00000000:02:00.0, 900, 877, 30.76, 150.00, 53, 52, 0, 316, P0, Not Active, Not Active, Not Active
2026/07/20 00:47:37.948, 0, ${V100_GPU_0_UUID}, 00000000:01:00.0, 900, 877, 32.37, 150.00, 55, 54, 0, 316, P0, Not Active, Not Active, Not Active
2026/07/20 00:47:37.953, 1, ${V100_GPU_1_UUID}, 00000000:02:00.0, 900, 877, 30.76, 150.00, 53, 52, 0, 316, P0, Not Active, Not Active, Not Active
2026/07/20 00:47:38.116, 0, ${V100_GPU_0_UUID}, 00000000:01:00.0, 900, 877, 32.39, 150.00, 55, 54, 0, 316, P0, Not Active, Not Active, Not Active
2026/07/20 00:47:38.125, 1, ${V100_GPU_1_UUID}, 00000000:02:00.0, 900, 877, 30.78, 150.00, 53, 52, 0, 316, P0, Not Active, Not Active, Not Active
2026/07/20 00:47:38.262, 0, ${V100_GPU_0_UUID}, 00000000:01:00.0, 900, 877, 32.37, 150.00, 55, 54, 0, 316, P0, Not Active, Not Active, Not Active
2026/07/20 00:47:38.268, 1, ${V100_GPU_1_UUID}, 00000000:02:00.0, 900, 877, 30.76, 150.00, 53, 52, 0, 316, P0, Not Active, Not Active, Not Active
2026/07/20 00:47:38.431, 0, ${V100_GPU_0_UUID}, 00000000:01:00.0, 900, 877, 32.39, 150.00, 55, 54, 0, 316, P0, Not Active, Not Active, Not Active
2026/07/20 00:47:38.439, 1, ${V100_GPU_1_UUID}, 00000000:02:00.0, 900, 877, 30.78, 150.00, 53, 52, 0, 316, P0, Not Active, Not Active, Not Active
2026/07/20 00:47:38.573, 0, ${V100_GPU_0_UUID}, 00000000:01:00.0, 900, 877, 32.37, 150.00, 55, 54, 0, 316, P0, Not Active, Not Active, Not Active
2026/07/20 00:47:38.579, 1, ${V100_GPU_1_UUID}, 00000000:02:00.0, 900, 877, 30.78, 150.00, 53, 52, 0, 316, P0, Not Active, Not Active, Not Active
2026/07/20 00:47:38.743, 0, ${V100_GPU_0_UUID}, 00000000:01:00.0, 900, 877, 32.39, 150.00, 55, 54, 0, 316, P0, Not Active, Not Active, Not Active
2026/07/20 00:47:38.750, 1, ${V100_GPU_1_UUID}, 00000000:02:00.0, 900, 877, 30.76, 150.00, 53, 52, 0, 316, P0, Not Active, Not Active, Not Active
2026/07/20 00:47:38.913, 0, ${V100_GPU_0_UUID}, 00000000:01:00.0, 900, 877, 32.39, 150.00, 55, 54, 0, 316, P0, Not Active, Not Active, Not Active
2026/07/20 00:47:38.920, 1, ${V100_GPU_1_UUID}, 00000000:02:00.0, 900, 877, 30.78, 150.00, 53, 52, 0, 316, P0, Not Active, Not Active, Not Active
2026/07/20 00:47:39.060, 0, ${V100_GPU_0_UUID}, 00000000:01:00.0, 900, 877, 32.37, 150.00, 55, 54, 0, 316, P0, Not Active, Not Active, Not Active
2026/07/20 00:47:39.065, 1, ${V100_GPU_1_UUID}, 00000000:02:00.0, 900, 877, 30.76, 150.00, 53, 52, 0, 316, P0, Not Active, Not Active, Not Active
2026/07/20 00:47:39.212, 0, ${V100_GPU_0_UUID}, 00000000:01:00.0, 900, 877, 32.39, 150.00, 55, 54, 0, 316, P0, Not Active, Not Active, Not Active
2026/07/20 00:47:39.223, 1, ${V100_GPU_1_UUID}, 00000000:02:00.0, 900, 877, 30.78, 150.00, 53, 52, 0, 316, P0, Not Active, Not Active, Not Active
2026/07/20 00:47:39.359, 0, ${V100_GPU_0_UUID}, 00000000:01:00.0, 900, 877, 32.37, 150.00, 55, 54, 0, 316, P0, Not Active, Not Active, Not Active
2026/07/20 00:47:39.365, 1, ${V100_GPU_1_UUID}, 00000000:02:00.0, 900, 877, 30.78, 150.00, 53, 52, 0, 316, P0, Not Active, Not Active, Not Active
2026/07/20 00:47:39.527, 0, ${V100_GPU_0_UUID}, 00000000:01:00.0, 900, 877, 32.39, 150.00, 55, 54, 0, 316, P0, Not Active, Not Active, Not Active
2026/07/20 00:47:39.534, 1, ${V100_GPU_1_UUID}, 00000000:02:00.0, 900, 877, 30.78, 150.00, 53, 52, 0, 316, P0, Not Active, Not Active, Not Active
2026/07/20 00:47:39.681, 0, ${V100_GPU_0_UUID}, 00000000:01:00.0, 900, 877, 32.39, 150.00, 55, 54, 0, 316, P0, Not Active, Not Active, Not Active
2026/07/20 00:47:39.692, 1, ${V100_GPU_1_UUID}, 00000000:02:00.0, 900, 877, 30.78, 150.00, 53, 52, 0, 316, P0, Not Active, Not Active, Not Active
2026/07/20 00:47:39.829, 0, ${V100_GPU_0_UUID}, 00000000:01:00.0, 900, 877, 32.37, 150.00, 55, 54, 0, 316, P0, Not Active, Not Active, Not Active
2026/07/20 00:47:39.834, 1, ${V100_GPU_1_UUID}, 00000000:02:00.0, 900, 877, 30.76, 150.00, 53, 52, 0, 316, P0, Not Active, Not Active, Not Active
2026/07/20 00:47:39.997, 0, ${V100_GPU_0_UUID}, 00000000:01:00.0, 900, 877, 32.39, 150.00, 55, 54, 0, 316, P0, Not Active, Not Active, Not Active
2026/07/20 00:47:40.006, 1, ${V100_GPU_1_UUID}, 00000000:02:00.0, 900, 877, 30.78, 150.00, 53, 52, 0, 316, P0, Not Active, Not Active, Not Active
2026/07/20 00:47:40.139, 0, ${V100_GPU_0_UUID}, 00000000:01:00.0, 900, 877, 32.35, 150.00, 55, 54, 0, 316, P0, Not Active, Not Active, Not Active
2026/07/20 00:47:40.146, 1, ${V100_GPU_1_UUID}, 00000000:02:00.0, 900, 877, 30.76, 150.00, 53, 52, 0, 316, P0, Not Active, Not Active, Not Active
2026/07/20 00:47:40.278, 0, ${V100_GPU_0_UUID}, 00000000:01:00.0, 900, 877, 32.37, 150.00, 55, 54, 0, 316, P0, Not Active, Not Active, Not Active
2026/07/20 00:47:40.284, 1, ${V100_GPU_1_UUID}, 00000000:02:00.0, 900, 877, 30.78, 150.00, 53, 52, 0, 316, P0, Not Active, Not Active, Not Active
2026/07/20 00:47:40.417, 0, ${V100_GPU_0_UUID}, 00000000:01:00.0, 900, 877, 32.37, 150.00, 55, 54, 0, 316, P0, Not Active, Not Active, Not Active
2026/07/20 00:47:40.422, 1, ${V100_GPU_1_UUID}, 00000000:02:00.0, 900, 877, 30.76, 150.00, 53, 52, 0, 316, P0, Not Active, Not Active, Not Active
2026/07/20 00:47:40.586, 0, ${V100_GPU_0_UUID}, 00000000:01:00.0, 900, 877, 32.39, 150.00, 55, 54, 0, 316, P0, Not Active, Not Active, Not Active
2026/07/20 00:47:40.595, 1, ${V100_GPU_1_UUID}, 00000000:02:00.0, 900, 877, 30.78, 150.00, 53, 52, 0, 316, P0, Not Active, Not Active, Not Active
2026/07/20 00:47:40.730, 0, ${V100_GPU_0_UUID}, 00000000:01:00.0, 900, 877, 32.37, 150.00, 55, 54, 0, 316, P0, Not Active, Not Active, Not Active
2026/07/20 00:47:40.736, 1, ${V100_GPU_1_UUID}, 00000000:02:00.0, 900, 877, 30.76, 150.00, 53, 52, 0, 316, P0, Not Active, Not Active, Not Active
2026/07/20 00:47:40.878, 0, ${V100_GPU_0_UUID}, 00000000:01:00.0, 900, 877, 32.37, 150.00, 55, 54, 0, 316, P0, Not Active, Not Active, Not Active
2026/07/20 00:47:40.886, 1, ${V100_GPU_1_UUID}, 00000000:02:00.0, 900, 877, 30.76, 150.00, 53, 52, 0, 316, P0, Not Active, Not Active, Not Active
2026/07/20 00:47:41.021, 0, ${V100_GPU_0_UUID}, 00000000:01:00.0, 900, 877, 32.39, 150.00, 55, 54, 0, 316, P0, Not Active, Not Active, Not Active
2026/07/20 00:47:41.029, 1, ${V100_GPU_1_UUID}, 00000000:02:00.0, 900, 877, 30.78, 150.00, 53, 52, 0, 316, P0, Not Active, Not Active, Not Active
2026/07/20 00:47:41.191, 0, ${V100_GPU_0_UUID}, 00000000:01:00.0, 900, 877, 32.39, 150.00, 55, 54, 0, 316, P0, Not Active, Not Active, Not Active
2026/07/20 00:47:41.200, 1, ${V100_GPU_1_UUID}, 00000000:02:00.0, 900, 877, 30.78, 150.00, 53, 52, 0, 316, P0, Not Active, Not Active, Not Active
2026/07/20 00:47:41.348, 0, ${V100_GPU_0_UUID}, 00000000:01:00.0, 900, 877, 32.39, 150.00, 55, 54, 0, 316, P0, Not Active, Not Active, Not Active
2026/07/20 00:47:41.359, 1, ${V100_GPU_1_UUID}, 00000000:02:00.0, 900, 877, 30.78, 150.00, 53, 52, 0, 316, P0, Not Active, Not Active, Not Active
2026/07/20 00:47:41.501, 0, ${V100_GPU_0_UUID}, 00000000:01:00.0, 900, 877, 32.37, 150.00, 55, 54, 0, 316, P0, Not Active, Not Active, Not Active
2026/07/20 00:47:41.507, 1, ${V100_GPU_1_UUID}, 00000000:02:00.0, 900, 877, 30.76, 150.00, 53, 52, 0, 316, P0, Not Active, Not Active, Not Active
2026/07/20 00:47:41.644, 0, ${V100_GPU_0_UUID}, 00000000:01:00.0, 900, 877, 32.39, 150.00, 55, 54, 0, 316, P0, Not Active, Not Active, Not Active
2026/07/20 00:47:41.650, 1, ${V100_GPU_1_UUID}, 00000000:02:00.0, 900, 877, 30.78, 150.00, 53, 52, 0, 316, P0, Not Active, Not Active, Not Active
2026/07/20 00:47:41.802, 0, ${V100_GPU_0_UUID}, 00000000:01:00.0, 900, 877, 32.37, 150.00, 55, 54, 0, 316, P0, Not Active, Not Active, Not Active
2026/07/20 00:47:41.808, 1, ${V100_GPU_1_UUID}, 00000000:02:00.0, 900, 877, 30.76, 150.00, 53, 52, 0, 316, P0, Not Active, Not Active, Not Active
2026/07/20 00:47:41.972, 0, ${V100_GPU_0_UUID}, 00000000:01:00.0, 900, 877, 32.39, 150.00, 55, 54, 0, 316, P0, Not Active, Not Active, Not Active
2026/07/20 00:47:41.980, 1, ${V100_GPU_1_UUID}, 00000000:02:00.0, 900, 877, 30.78, 150.00, 53, 52, 0, 316, P0, Not Active, Not Active, Not Active
2026/07/20 00:47:42.119, 0, ${V100_GPU_0_UUID}, 00000000:01:00.0, 900, 877, 32.37, 150.00, 55, 54, 0, 316, P0, Not Active, Not Active, Not Active
2026/07/20 00:47:42.124, 1, ${V100_GPU_1_UUID}, 00000000:02:00.0, 900, 877, 30.76, 150.00, 53, 52, 0, 316, P0, Not Active, Not Active, Not Active
2026/07/20 00:47:42.283, 0, ${V100_GPU_0_UUID}, 00000000:01:00.0, 900, 877, 32.39, 150.00, 55, 54, 0, 316, P0, Not Active, Not Active, Not Active
2026/07/20 00:47:42.291, 1, ${V100_GPU_1_UUID}, 00000000:02:00.0, 900, 877, 30.78, 150.00, 53, 52, 0, 316, P0, Not Active, Not Active, Not Active
2026/07/20 00:47:42.424, 0, ${V100_GPU_0_UUID}, 00000000:01:00.0, 900, 877, 32.37, 150.00, 55, 54, 0, 316, P0, Not Active, Not Active, Not Active
2026/07/20 00:47:42.430, 1, ${V100_GPU_1_UUID}, 00000000:02:00.0, 900, 877, 30.78, 150.00, 53, 52, 0, 316, P0, Not Active, Not Active, Not Active
2026/07/20 00:47:42.593, 0, ${V100_GPU_0_UUID}, 00000000:01:00.0, 900, 877, 32.37, 150.00, 55, 54, 0, 316, P0, Not Active, Not Active, Not Active
2026/07/20 00:47:42.599, 1, ${V100_GPU_1_UUID}, 00000000:02:00.0, 900, 877, 30.78, 150.00, 53, 52, 0, 316, P0, Not Active, Not Active, Not Active
2026/07/20 00:47:42.744, 0, ${V100_GPU_0_UUID}, 00000000:01:00.0, 900, 877, 32.39, 150.00, 55, 54, 0, 316, P0, Not Active, Not Active, Not Active
2026/07/20 00:47:42.755, 1, ${V100_GPU_1_UUID}, 00000000:02:00.0, 900, 877, 30.78, 150.00, 53, 52, 0, 316, P0, Not Active, Not Active, Not Active
2026/07/20 00:47:42.895, 0, ${V100_GPU_0_UUID}, 00000000:01:00.0, 900, 877, 32.39, 150.00, 55, 54, 0, 316, P0, Not Active, Not Active, Not Active
2026/07/20 00:47:42.901, 1, ${V100_GPU_1_UUID}, 00000000:02:00.0, 900, 877, 30.78, 150.00, 53, 52, 0, 316, P0, Not Active, Not Active, Not Active
2026/07/20 00:47:43.059, 0, ${V100_GPU_0_UUID}, 00000000:01:00.0, 900, 877, 32.39, 150.00, 55, 54, 0, 316, P0, Not Active, Not Active, Not Active
2026/07/20 00:47:43.068, 1, ${V100_GPU_1_UUID}, 00000000:02:00.0, 900, 877, 30.78, 150.00, 53, 52, 0, 316, P0, Not Active, Not Active, Not Active
2026/07/20 00:47:43.202, 0, ${V100_GPU_0_UUID}, 00000000:01:00.0, 900, 877, 32.37, 150.00, 55, 54, 0, 316, P0, Not Active, Not Active, Not Active
2026/07/20 00:47:43.208, 1, ${V100_GPU_1_UUID}, 00000000:02:00.0, 900, 877, 30.76, 150.00, 53, 52, 0, 316, P0, Not Active, Not Active, Not Active
2026/07/20 00:47:43.342, 0, ${V100_GPU_0_UUID}, 00000000:01:00.0, 900, 877, 32.39, 150.00, 55, 54, 0, 316, P0, Not Active, Not Active, Not Active
2026/07/20 00:47:43.348, 1, ${V100_GPU_1_UUID}, 00000000:02:00.0, 900, 877, 30.78, 150.00, 53, 52, 0, 316, P0, Not Active, Not Active, Not Active
2026/07/20 00:47:43.481, 0, ${V100_GPU_0_UUID}, 00000000:01:00.0, 900, 877, 32.37, 150.00, 55, 54, 0, 316, P0, Not Active, Not Active, Not Active
2026/07/20 00:47:43.487, 1, ${V100_GPU_1_UUID}, 00000000:02:00.0, 900, 877, 30.76, 150.00, 53, 52, 0, 316, P0, Not Active, Not Active, Not Active
2026/07/20 00:47:43.650, 0, ${V100_GPU_0_UUID}, 00000000:01:00.0, 900, 877, 32.39, 150.00, 55, 54, 0, 316, P0, Not Active, Not Active, Not Active
2026/07/20 00:47:43.658, 1, ${V100_GPU_1_UUID}, 00000000:02:00.0, 900, 877, 30.78, 150.00, 53, 52, 0, 316, P0, Not Active, Not Active, Not Active
2026/07/20 00:47:43.794, 0, ${V100_GPU_0_UUID}, 00000000:01:00.0, 900, 877, 32.37, 150.00, 55, 54, 0, 316, P0, Not Active, Not Active, Not Active
2026/07/20 00:47:43.799, 1, ${V100_GPU_1_UUID}, 00000000:02:00.0, 900, 877, 30.78, 150.00, 53, 52, 0, 316, P0, Not Active, Not Active, Not Active
2026/07/20 00:47:43.956, 0, ${V100_GPU_0_UUID}, 00000000:01:00.0, 900, 877, 32.37, 150.00, 55, 54, 0, 316, P0, Not Active, Not Active, Not Active
2026/07/20 00:47:43.962, 1, ${V100_GPU_1_UUID}, 00000000:02:00.0, 900, 877, 30.78, 150.00, 53, 52, 0, 316, P0, Not Active, Not Active, Not Active
2026/07/20 00:47:44.121, 0, ${V100_GPU_0_UUID}, 00000000:01:00.0, 900, 877, 32.39, 150.00, 55, 54, 0, 316, P0, Not Active, Not Active, Not Active
2026/07/20 00:47:44.131, 1, ${V100_GPU_1_UUID}, 00000000:02:00.0, 900, 877, 30.78, 150.00, 53, 52, 0, 316, P0, Not Active, Not Active, Not Active
2026/07/20 00:47:44.265, 0, ${V100_GPU_0_UUID}, 00000000:01:00.0, 900, 877, 32.37, 150.00, 55, 54, 0, 316, P0, Not Active, Not Active, Not Active
2026/07/20 00:47:44.271, 1, ${V100_GPU_1_UUID}, 00000000:02:00.0, 900, 877, 30.76, 150.00, 53, 52, 0, 316, P0, Not Active, Not Active, Not Active
2026/07/20 00:47:44.433, 0, ${V100_GPU_0_UUID}, 00000000:01:00.0, 900, 877, 32.39, 150.00, 55, 54, 0, 316, P0, Not Active, Not Active, Not Active
2026/07/20 00:47:44.439, 1, ${V100_GPU_1_UUID}, 00000000:02:00.0, 900, 877, 30.78, 150.00, 53, 52, 0, 316, P0, Not Active, Not Active, Not Active
2026/07/20 00:47:44.594, 0, ${V100_GPU_0_UUID}, 00000000:01:00.0, 900, 877, 32.39, 150.00, 55, 54, 0, 316, P0, Not Active, Not Active, Not Active
2026/07/20 00:47:44.601, 1, ${V100_GPU_1_UUID}, 00000000:02:00.0, 900, 877, 30.78, 150.00, 53, 52, 0, 316, P0, Not Active, Not Active, Not Active
2026/07/20 00:47:44.763, 0, ${V100_GPU_0_UUID}, 00000000:01:00.0, 900, 877, 32.37, 150.00, 55, 54, 0, 316, P0, Not Active, Not Active, Not Active
2026/07/20 00:47:44.769, 1, ${V100_GPU_1_UUID}, 00000000:02:00.0, 900, 877, 30.76, 150.00, 53, 52, 0, 316, P0, Not Active, Not Active, Not Active
2026/07/20 00:47:44.903, 0, ${V100_GPU_0_UUID}, 00000000:01:00.0, 900, 877, 32.39, 150.00, 55, 54, 0, 316, P0, Not Active, Not Active, Not Active
2026/07/20 00:47:44.910, 1, ${V100_GPU_1_UUID}, 00000000:02:00.0, 900, 877, 30.78, 150.00, 53, 52, 0, 316, P0, Not Active, Not Active, Not Active
2026/07/20 00:47:45.075, 0, ${V100_GPU_0_UUID}, 00000000:01:00.0, 900, 877, 32.37, 150.00, 55, 54, 0, 316, P0, Not Active, Not Active, Not Active
2026/07/20 00:47:45.082, 1, ${V100_GPU_1_UUID}, 00000000:02:00.0, 900, 877, 30.78, 150.00, 53, 52, 0, 316, P0, Not Active, Not Active, Not Active
2026/07/20 00:47:45.214, 0, ${V100_GPU_0_UUID}, 00000000:01:00.0, 900, 877, 32.37, 150.00, 55, 54, 0, 316, P0, Not Active, Not Active, Not Active
2026/07/20 00:47:45.220, 1, ${V100_GPU_1_UUID}, 00000000:02:00.0, 900, 877, 30.76, 150.00, 53, 52, 0, 316, P0, Not Active, Not Active, Not Active
2026/07/20 00:47:45.352, 0, ${V100_GPU_0_UUID}, 00000000:01:00.0, 900, 877, 32.35, 150.00, 55, 54, 0, 316, P0, Not Active, Not Active, Not Active
2026/07/20 00:47:45.359, 1, ${V100_GPU_1_UUID}, 00000000:02:00.0, 900, 877, 30.76, 150.00, 53, 52, 0, 316, P0, Not Active, Not Active, Not Active
2026/07/20 00:47:45.492, 0, ${V100_GPU_0_UUID}, 00000000:01:00.0, 900, 877, 32.37, 150.00, 55, 54, 0, 316, P0, Not Active, Not Active, Not Active
2026/07/20 00:47:45.498, 1, ${V100_GPU_1_UUID}, 00000000:02:00.0, 900, 877, 30.76, 150.00, 53, 52, 0, 316, P0, Not Active, Not Active, Not Active
2026/07/20 00:47:45.655, 0, ${V100_GPU_0_UUID}, 00000000:01:00.0, 900, 877, 32.37, 150.00, 55, 54, 0, 316, P0, Not Active, Not Active, Not Active
2026/07/20 00:47:45.661, 1, ${V100_GPU_1_UUID}, 00000000:02:00.0, 900, 877, 30.76, 150.00, 53, 52, 0, 316, P0, Not Active, Not Active, Not Active
2026/07/20 00:47:45.820, 0, ${V100_GPU_0_UUID}, 00000000:01:00.0, 900, 877, 32.39, 150.00, 55, 54, 0, 316, P0, Not Active, Not Active, Not Active
2026/07/20 00:47:45.826, 1, ${V100_GPU_1_UUID}, 00000000:02:00.0, 900, 877, 30.78, 150.00, 53, 52, 0, 316, P0, Not Active, Not Active, Not Active
2026/07/20 00:47:45.972, 0, ${V100_GPU_0_UUID}, 00000000:01:00.0, 900, 877, 32.37, 150.00, 55, 54, 0, 316, P0, Not Active, Not Active, Not Active
2026/07/20 00:47:45.978, 1, ${V100_GPU_1_UUID}, 00000000:02:00.0, 900, 877, 30.76, 150.00, 53, 52, 0, 316, P0, Not Active, Not Active, Not Active
2026/07/20 00:47:46.132, 0, ${V100_GPU_0_UUID}, 00000000:01:00.0, 900, 877, 32.37, 150.00, 55, 54, 0, 316, P0, Not Active, Not Active, Not Active
2026/07/20 00:47:46.139, 1, ${V100_GPU_1_UUID}, 00000000:02:00.0, 900, 877, 30.78, 150.00, 53, 52, 0, 316, P0, Not Active, Not Active, Not Active
2026/07/20 00:47:46.273, 0, ${V100_GPU_0_UUID}, 00000000:01:00.0, 900, 877, 32.37, 150.00, 55, 54, 0, 316, P0, Not Active, Not Active, Not Active
2026/07/20 00:47:46.278, 1, ${V100_GPU_1_UUID}, 00000000:02:00.0, 900, 877, 30.76, 150.00, 53, 52, 0, 316, P0, Not Active, Not Active, Not Active
2026/07/20 00:47:46.412, 0, ${V100_GPU_0_UUID}, 00000000:01:00.0, 900, 877, 32.37, 150.00, 55, 54, 0, 316, P0, Not Active, Not Active, Not Active
2026/07/20 00:47:46.418, 1, ${V100_GPU_1_UUID}, 00000000:02:00.0, 900, 877, 30.78, 150.00, 53, 52, 0, 316, P0, Not Active, Not Active, Not Active
2026/07/20 00:47:46.554, 0, ${V100_GPU_0_UUID}, 00000000:01:00.0, 900, 877, 32.39, 150.00, 55, 54, 0, 316, P0, Not Active, Not Active, Not Active
2026/07/20 00:47:46.561, 1, ${V100_GPU_1_UUID}, 00000000:02:00.0, 900, 877, 30.78, 150.00, 53, 52, 0, 316, P0, Not Active, Not Active, Not Active
2026/07/20 00:47:46.720, 0, ${V100_GPU_0_UUID}, 00000000:01:00.0, 900, 877, 32.37, 150.00, 55, 54, 0, 316, P0, Not Active, Not Active, Not Active
2026/07/20 00:47:46.726, 1, ${V100_GPU_1_UUID}, 00000000:02:00.0, 900, 877, 30.76, 150.00, 53, 52, 0, 316, P0, Not Active, Not Active, Not Active
2026/07/20 00:47:46.885, 0, ${V100_GPU_0_UUID}, 00000000:01:00.0, 900, 877, 32.39, 150.00, 55, 54, 0, 316, P0, Not Active, Not Active, Not Active
2026/07/20 00:47:46.895, 1, ${V100_GPU_1_UUID}, 00000000:02:00.0, 900, 877, 30.78, 150.00, 53, 52, 0, 316, P0, Not Active, Not Active, Not Active
2026/07/20 00:47:47.030, 0, ${V100_GPU_0_UUID}, 00000000:01:00.0, 900, 877, 32.35, 150.00, 55, 54, 0, 316, P0, Not Active, Not Active, Not Active
2026/07/20 00:47:47.036, 1, ${V100_GPU_1_UUID}, 00000000:02:00.0, 900, 877, 30.76, 150.00, 53, 52, 0, 316, P0, Not Active, Not Active, Not Active
2026/07/20 00:47:47.169, 0, ${V100_GPU_0_UUID}, 00000000:01:00.0, 900, 877, 32.37, 150.00, 55, 54, 0, 316, P0, Not Active, Not Active, Not Active
2026/07/20 00:47:47.175, 1, ${V100_GPU_1_UUID}, 00000000:02:00.0, 900, 877, 30.76, 150.00, 53, 52, 0, 316, P0, Not Active, Not Active, Not Active
2026/07/20 00:47:47.307, 0, ${V100_GPU_0_UUID}, 00000000:01:00.0, 900, 877, 32.35, 150.00, 55, 54, 0, 316, P0, Not Active, Not Active, Not Active
2026/07/20 00:47:47.314, 1, ${V100_GPU_1_UUID}, 00000000:02:00.0, 900, 877, 30.76, 150.00, 53, 52, 0, 316, P0, Not Active, Not Active, Not Active
2026/07/20 00:47:47.446, 0, ${V100_GPU_0_UUID}, 00000000:01:00.0, 900, 877, 32.37, 150.00, 55, 54, 0, 316, P0, Not Active, Not Active, Not Active
2026/07/20 00:47:47.452, 1, ${V100_GPU_1_UUID}, 00000000:02:00.0, 900, 877, 30.76, 150.00, 53, 52, 0, 316, P0, Not Active, Not Active, Not Active
2026/07/20 00:47:47.584, 0, ${V100_GPU_0_UUID}, 00000000:01:00.0, 900, 877, 32.35, 150.00, 55, 54, 0, 316, P0, Not Active, Not Active, Not Active
2026/07/20 00:47:47.590, 1, ${V100_GPU_1_UUID}, 00000000:02:00.0, 900, 877, 30.74, 150.00, 53, 52, 0, 316, P0, Not Active, Not Active, Not Active
2026/07/20 00:47:47.723, 0, ${V100_GPU_0_UUID}, 00000000:01:00.0, 900, 877, 32.35, 150.00, 55, 54, 0, 316, P0, Not Active, Not Active, Not Active
2026/07/20 00:47:47.729, 1, ${V100_GPU_1_UUID}, 00000000:02:00.0, 900, 877, 30.76, 150.00, 53, 52, 0, 316, P0, Not Active, Not Active, Not Active
2026/07/20 00:47:47.861, 0, ${V100_GPU_0_UUID}, 00000000:01:00.0, 900, 877, 32.35, 150.00, 55, 54, 0, 316, P0, Not Active, Not Active, Not Active
2026/07/20 00:47:47.867, 1, ${V100_GPU_1_UUID}, 00000000:02:00.0, 900, 877, 30.74, 150.00, 53, 52, 0, 316, P0, Not Active, Not Active, Not Active
2026/07/20 00:47:47.999, 0, ${V100_GPU_0_UUID}, 00000000:01:00.0, 900, 877, 32.37, 150.00, 55, 54, 0, 316, P0, Not Active, Not Active, Not Active
2026/07/20 00:47:48.005, 1, ${V100_GPU_1_UUID}, 00000000:02:00.0, 900, 877, 30.78, 150.00, 53, 52, 0, 316, P0, Not Active, Not Active, Not Active
2026/07/20 00:47:48.140, 0, ${V100_GPU_0_UUID}, 00000000:01:00.0, 900, 877, 32.37, 150.00, 55, 54, 0, 316, P0, Not Active, Not Active, Not Active
2026/07/20 00:47:48.147, 1, ${V100_GPU_1_UUID}, 00000000:02:00.0, 900, 877, 30.76, 150.00, 53, 52, 0, 316, P0, Not Active, Not Active, Not Active
2026/07/20 00:47:48.310, 0, ${V100_GPU_0_UUID}, 00000000:01:00.0, 900, 877, 32.39, 150.00, 55, 54, 0, 316, P0, Not Active, Not Active, Not Active
2026/07/20 00:47:48.318, 1, ${V100_GPU_1_UUID}, 00000000:02:00.0, 900, 877, 30.78, 150.00, 53, 52, 0, 316, P0, Not Active, Not Active, Not Active
2026/07/20 00:47:48.452, 0, ${V100_GPU_0_UUID}, 00000000:01:00.0, 900, 877, 32.37, 150.00, 55, 54, 0, 316, P0, Not Active, Not Active, Not Active
2026/07/20 00:47:48.457, 1, ${V100_GPU_1_UUID}, 00000000:02:00.0, 900, 877, 30.76, 150.00, 53, 52, 0, 316, P0, Not Active, Not Active, Not Active
2026/07/20 00:47:48.598, 0, ${V100_GPU_0_UUID}, 00000000:01:00.0, 900, 877, 32.37, 150.00, 55, 54, 0, 316, P0, Not Active, Not Active, Not Active
2026/07/20 00:47:48.604, 1, ${V100_GPU_1_UUID}, 00000000:02:00.0, 900, 877, 30.76, 150.00, 53, 52, 0, 316, P0, Not Active, Not Active, Not Active
2026/07/20 00:47:48.742, 0, ${V100_GPU_0_UUID}, 00000000:01:00.0, 900, 877, 32.37, 150.00, 55, 54, 0, 316, P0, Not Active, Not Active, Not Active
2026/07/20 00:47:48.747, 1, ${V100_GPU_1_UUID}, 00000000:02:00.0, 900, 877, 30.78, 150.00, 53, 52, 0, 316, P0, Not Active, Not Active, Not Active
2026/07/20 00:47:48.899, 0, ${V100_GPU_0_UUID}, 00000000:01:00.0, 900, 877, 32.39, 150.00, 55, 54, 0, 316, P0, Not Active, Not Active, Not Active
2026/07/20 00:47:48.909, 1, ${V100_GPU_1_UUID}, 00000000:02:00.0, 900, 877, 30.78, 150.00, 53, 52, 0, 316, P0, Not Active, Not Active, Not Active
2026/07/20 00:47:49.044, 0, ${V100_GPU_0_UUID}, 00000000:01:00.0, 900, 877, 32.37, 150.00, 55, 54, 0, 316, P0, Not Active, Not Active, Not Active
2026/07/20 00:47:49.050, 1, ${V100_GPU_1_UUID}, 00000000:02:00.0, 900, 877, 30.78, 150.00, 53, 52, 0, 316, P0, Not Active, Not Active, Not Active
2026/07/20 00:47:49.212, 0, ${V100_GPU_0_UUID}, 00000000:01:00.0, 900, 877, 32.39, 150.00, 55, 54, 0, 316, P0, Not Active, Not Active, Not Active
2026/07/20 00:47:49.221, 1, ${V100_GPU_1_UUID}, 00000000:02:00.0, 900, 877, 30.78, 150.00, 53, 52, 0, 316, P0, Not Active, Not Active, Not Active
2026/07/20 00:47:49.384, 0, ${V100_GPU_0_UUID}, 00000000:01:00.0, 900, 877, 32.39, 150.00, 55, 54, 0, 316, P0, Not Active, Not Active, Not Active
2026/07/20 00:47:49.392, 1, ${V100_GPU_1_UUID}, 00000000:02:00.0, 900, 877, 30.78, 150.00, 53, 52, 0, 316, P0, Not Active, Not Active, Not Active
2026/07/20 00:47:49.527, 0, ${V100_GPU_0_UUID}, 00000000:01:00.0, 900, 877, 32.37, 150.00, 55, 54, 0, 316, P0, Not Active, Not Active, Not Active
2026/07/20 00:47:49.533, 1, ${V100_GPU_1_UUID}, 00000000:02:00.0, 900, 877, 30.76, 150.00, 53, 52, 0, 316, P0, Not Active, Not Active, Not Active
2026/07/20 00:47:49.696, 0, ${V100_GPU_0_UUID}, 00000000:01:00.0, 900, 877, 32.39, 150.00, 55, 54, 0, 316, P0, Not Active, Not Active, Not Active
2026/07/20 00:47:49.704, 1, ${V100_GPU_1_UUID}, 00000000:02:00.0, 900, 877, 30.78, 150.00, 53, 52, 0, 316, P0, Not Active, Not Active, Not Active
2026/07/20 00:47:49.838, 0, ${V100_GPU_0_UUID}, 00000000:01:00.0, 900, 877, 32.37, 150.00, 55, 54, 0, 316, P0, Not Active, Not Active, Not Active
2026/07/20 00:47:49.843, 1, ${V100_GPU_1_UUID}, 00000000:02:00.0, 900, 877, 30.76, 150.00, 53, 52, 0, 316, P0, Not Active, Not Active, Not Active
2026/07/20 00:47:50.007, 0, ${V100_GPU_0_UUID}, 00000000:01:00.0, 900, 877, 32.39, 150.00, 55, 54, 0, 316, P0, Not Active, Not Active, Not Active
2026/07/20 00:47:50.015, 1, ${V100_GPU_1_UUID}, 00000000:02:00.0, 900, 877, 30.78, 150.00, 53, 52, 0, 316, P0, Not Active, Not Active, Not Active
2026/07/20 00:47:50.150, 0, ${V100_GPU_0_UUID}, 00000000:01:00.0, 900, 877, 32.37, 150.00, 55, 54, 0, 316, P0, Not Active, Not Active, Not Active
2026/07/20 00:47:50.155, 1, ${V100_GPU_1_UUID}, 00000000:02:00.0, 900, 877, 30.76, 150.00, 53, 52, 0, 316, P0, Not Active, Not Active, Not Active
2026/07/20 00:47:50.317, 0, ${V100_GPU_0_UUID}, 00000000:01:00.0, 900, 877, 32.39, 150.00, 55, 54, 0, 316, P0, Not Active, Not Active, Not Active
2026/07/20 00:47:50.323, 1, ${V100_GPU_1_UUID}, 00000000:02:00.0, 900, 877, 30.76, 150.00, 53, 52, 0, 316, P0, Not Active, Not Active, Not Active
2026/07/20 00:47:50.462, 0, ${V100_GPU_0_UUID}, 00000000:01:00.0, 900, 877, 32.39, 150.00, 55, 54, 0, 316, P0, Not Active, Not Active, Not Active
2026/07/20 00:47:50.470, 1, ${V100_GPU_1_UUID}, 00000000:02:00.0, 900, 877, 30.78, 150.00, 53, 52, 0, 316, P0, Not Active, Not Active, Not Active
2026/07/20 00:47:50.610, 0, ${V100_GPU_0_UUID}, 00000000:01:00.0, 900, 877, 32.37, 150.00, 55, 54, 0, 316, P0, Not Active, Not Active, Not Active
2026/07/20 00:47:50.616, 1, ${V100_GPU_1_UUID}, 00000000:02:00.0, 900, 877, 30.74, 150.00, 53, 52, 0, 316, P0, Not Active, Not Active, Not Active
2026/07/20 00:47:50.780, 0, ${V100_GPU_0_UUID}, 00000000:01:00.0, 900, 877, 32.39, 150.00, 55, 54, 0, 316, P0, Not Active, Not Active, Not Active
2026/07/20 00:47:50.788, 1, ${V100_GPU_1_UUID}, 00000000:02:00.0, 900, 877, 30.78, 150.00, 53, 52, 0, 316, P0, Not Active, Not Active, Not Active
2026/07/20 00:47:50.922, 0, ${V100_GPU_0_UUID}, 00000000:01:00.0, 900, 877, 32.37, 150.00, 55, 54, 0, 316, P0, Not Active, Not Active, Not Active
2026/07/20 00:47:50.927, 1, ${V100_GPU_1_UUID}, 00000000:02:00.0, 900, 877, 30.76, 150.00, 53, 52, 0, 316, P0, Not Active, Not Active, Not Active
2026/07/20 00:47:51.074, 0, ${V100_GPU_0_UUID}, 00000000:01:00.0, 900, 877, 32.37, 150.00, 55, 54, 0, 316, P0, Not Active, Not Active, Not Active
2026/07/20 00:47:51.080, 1, ${V100_GPU_1_UUID}, 00000000:02:00.0, 900, 877, 30.78, 150.00, 53, 52, 0, 316, P0, Not Active, Not Active, Not Active
2026/07/20 00:47:51.214, 0, ${V100_GPU_0_UUID}, 00000000:01:00.0, 900, 877, 32.39, 150.00, 55, 54, 0, 316, P0, Not Active, Not Active, Not Active
2026/07/20 00:47:51.221, 1, ${V100_GPU_1_UUID}, 00000000:02:00.0, 900, 877, 30.78, 150.00, 53, 52, 0, 316, P0, Not Active, Not Active, Not Active
2026/07/20 00:47:51.383, 0, ${V100_GPU_0_UUID}, 00000000:01:00.0, 900, 877, 32.39, 150.00, 55, 54, 0, 316, P0, Not Active, Not Active, Not Active
2026/07/20 00:47:51.389, 1, ${V100_GPU_1_UUID}, 00000000:02:00.0, 900, 877, 30.78, 150.00, 53, 52, 0, 316, P0, Not Active, Not Active, Not Active
2026/07/20 00:47:51.553, 0, ${V100_GPU_0_UUID}, 00000000:01:00.0, 900, 877, 32.39, 150.00, 55, 54, 0, 316, P0, Not Active, Not Active, Not Active
2026/07/20 00:47:51.561, 1, ${V100_GPU_1_UUID}, 00000000:02:00.0, 900, 877, 30.78, 150.00, 53, 52, 0, 316, P0, Not Active, Not Active, Not Active
2026/07/20 00:47:51.701, 0, ${V100_GPU_0_UUID}, 00000000:01:00.0, 900, 877, 32.39, 150.00, 55, 54, 0, 316, P0, Not Active, Not Active, Not Active
2026/07/20 00:47:51.706, 1, ${V100_GPU_1_UUID}, 00000000:02:00.0, 900, 877, 30.76, 150.00, 53, 52, 0, 316, P0, Not Active, Not Active, Not Active
2026/07/20 00:47:51.870, 0, ${V100_GPU_0_UUID}, 00000000:01:00.0, 900, 877, 32.39, 150.00, 55, 54, 0, 316, P0, Not Active, Not Active, Not Active
2026/07/20 00:47:51.879, 1, ${V100_GPU_1_UUID}, 00000000:02:00.0, 900, 877, 30.78, 150.00, 53, 52, 0, 316, P0, Not Active, Not Active, Not Active
2026/07/20 00:47:52.013, 0, ${V100_GPU_0_UUID}, 00000000:01:00.0, 900, 877, 32.37, 150.00, 55, 54, 0, 316, P0, Not Active, Not Active, Not Active
2026/07/20 00:47:52.018, 1, ${V100_GPU_1_UUID}, 00000000:02:00.0, 900, 877, 30.76, 150.00, 53, 52, 0, 316, P0, Not Active, Not Active, Not Active
2026/07/20 00:47:52.183, 0, ${V100_GPU_0_UUID}, 00000000:01:00.0, 900, 877, 32.37, 150.00, 55, 54, 0, 316, P0, Not Active, Not Active, Not Active
2026/07/20 00:47:52.189, 1, ${V100_GPU_1_UUID}, 00000000:02:00.0, 900, 877, 30.76, 150.00, 53, 52, 0, 316, P0, Not Active, Not Active, Not Active
2026/07/20 00:47:52.336, 0, ${V100_GPU_0_UUID}, 00000000:01:00.0, 900, 877, 32.39, 150.00, 55, 54, 0, 316, P0, Not Active, Not Active, Not Active
2026/07/20 00:47:52.347, 1, ${V100_GPU_1_UUID}, 00000000:02:00.0, 900, 877, 30.78, 150.00, 53, 52, 0, 316, P0, Not Active, Not Active, Not Active
2026/07/20 00:47:52.485, 0, ${V100_GPU_0_UUID}, 00000000:01:00.0, 900, 877, 32.37, 150.00, 55, 54, 0, 316, P0, Not Active, Not Active, Not Active
2026/07/20 00:47:52.491, 1, ${V100_GPU_1_UUID}, 00000000:02:00.0, 900, 877, 30.76, 150.00, 53, 52, 0, 316, P0, Not Active, Not Active, Not Active
2026/07/20 00:47:52.655, 0, ${V100_GPU_0_UUID}, 00000000:01:00.0, 900, 877, 32.39, 150.00, 55, 54, 0, 316, P0, Not Active, Not Active, Not Active
2026/07/20 00:47:52.662, 1, ${V100_GPU_1_UUID}, 00000000:02:00.0, 900, 877, 30.78, 150.00, 53, 52, 0, 316, P0, Not Active, Not Active, Not Active
2026/07/20 00:47:52.795, 0, ${V100_GPU_0_UUID}, 00000000:01:00.0, 900, 877, 32.39, 150.00, 55, 54, 0, 316, P0, Not Active, Not Active, Not Active
2026/07/20 00:47:52.801, 1, ${V100_GPU_1_UUID}, 00000000:02:00.0, 900, 877, 30.78, 150.00, 53, 52, 0, 316, P0, Not Active, Not Active, Not Active
2026/07/20 00:47:52.963, 0, ${V100_GPU_0_UUID}, 00000000:01:00.0, 900, 877, 32.39, 150.00, 55, 54, 0, 316, P0, Not Active, Not Active, Not Active
2026/07/20 00:47:52.969, 1, ${V100_GPU_1_UUID}, 00000000:02:00.0, 900, 877, 30.78, 150.00, 53, 52, 0, 316, P0, Not Active, Not Active, Not Active
2026/07/20 00:47:53.114, 0, ${V100_GPU_0_UUID}, 00000000:01:00.0, 900, 877, 32.39, 150.00, 55, 54, 0, 316, P0, Not Active, Not Active, Not Active
2026/07/20 00:47:53.124, 1, ${V100_GPU_1_UUID}, 00000000:02:00.0, 900, 877, 30.78, 150.00, 53, 52, 0, 316, P0, Not Active, Not Active, Not Active
2026/07/20 00:47:53.261, 0, ${V100_GPU_0_UUID}, 00000000:01:00.0, 900, 877, 32.37, 150.00, 55, 54, 0, 316, P0, Not Active, Not Active, Not Active
2026/07/20 00:47:53.267, 1, ${V100_GPU_1_UUID}, 00000000:02:00.0, 900, 877, 30.76, 150.00, 53, 52, 0, 316, P0, Not Active, Not Active, Not Active
2026/07/20 00:47:53.399, 0, ${V100_GPU_0_UUID}, 00000000:01:00.0, 900, 877, 32.37, 150.00, 55, 54, 0, 316, P0, Not Active, Not Active, Not Active
2026/07/20 00:47:53.404, 1, ${V100_GPU_1_UUID}, 00000000:02:00.0, 900, 877, 30.78, 150.00, 53, 52, 0, 316, P0, Not Active, Not Active, Not Active
2026/07/20 00:47:53.542, 0, ${V100_GPU_0_UUID}, 00000000:01:00.0, 900, 877, 32.37, 150.00, 55, 54, 0, 316, P0, Not Active, Not Active, Not Active
2026/07/20 00:47:53.548, 1, ${V100_GPU_1_UUID}, 00000000:02:00.0, 900, 877, 30.76, 150.00, 53, 52, 0, 316, P0, Not Active, Not Active, Not Active
2026/07/20 00:47:53.712, 0, ${V100_GPU_0_UUID}, 00000000:01:00.0, 900, 877, 32.39, 150.00, 55, 54, 0, 316, P0, Not Active, Not Active, Not Active
2026/07/20 00:47:53.720, 1, ${V100_GPU_1_UUID}, 00000000:02:00.0, 900, 877, 30.78, 150.00, 53, 52, 0, 316, P0, Not Active, Not Active, Not Active
2026/07/20 00:47:53.855, 0, ${V100_GPU_0_UUID}, 00000000:01:00.0, 900, 877, 32.37, 150.00, 55, 54, 0, 316, P0, Not Active, Not Active, Not Active
2026/07/20 00:47:53.862, 1, ${V100_GPU_1_UUID}, 00000000:02:00.0, 900, 877, 30.78, 150.00, 53, 52, 0, 316, P0, Not Active, Not Active, Not Active
2026/07/20 00:47:53.995, 0, ${V100_GPU_0_UUID}, 00000000:01:00.0, 900, 877, 32.37, 150.00, 55, 54, 0, 316, P0, Not Active, Not Active, Not Active
2026/07/20 00:47:54.001, 1, ${V100_GPU_1_UUID}, 00000000:02:00.0, 900, 877, 30.78, 150.00, 53, 52, 0, 316, P0, Not Active, Not Active, Not Active
2026/07/20 00:47:54.135, 0, ${V100_GPU_0_UUID}, 00000000:01:00.0, 900, 877, 32.39, 150.00, 55, 54, 0, 316, P0, Not Active, Not Active, Not Active
2026/07/20 00:47:54.141, 1, ${V100_GPU_1_UUID}, 00000000:02:00.0, 900, 877, 30.78, 150.00, 53, 52, 0, 316, P0, Not Active, Not Active, Not Active
2026/07/20 00:47:54.291, 0, ${V100_GPU_0_UUID}, 00000000:01:00.0, 900, 877, 32.37, 150.00, 55, 54, 0, 316, P0, Not Active, Not Active, Not Active
2026/07/20 00:47:54.297, 1, ${V100_GPU_1_UUID}, 00000000:02:00.0, 900, 877, 30.76, 150.00, 53, 52, 0, 316, P0, Not Active, Not Active, Not Active
2026/07/20 00:47:54.455, 0, ${V100_GPU_0_UUID}, 00000000:01:00.0, 900, 877, 32.39, 150.00, 55, 54, 0, 316, P0, Not Active, Not Active, Not Active
2026/07/20 00:47:54.463, 1, ${V100_GPU_1_UUID}, 00000000:02:00.0, 900, 877, 30.78, 150.00, 53, 52, 0, 316, P0, Not Active, Not Active, Not Active
2026/07/20 00:47:54.596, 0, ${V100_GPU_0_UUID}, 00000000:01:00.0, 900, 877, 32.37, 150.00, 55, 54, 0, 316, P0, Not Active, Not Active, Not Active
2026/07/20 00:47:54.602, 1, ${V100_GPU_1_UUID}, 00000000:02:00.0, 900, 877, 30.76, 150.00, 53, 52, 0, 316, P0, Not Active, Not Active, Not Active
2026/07/20 00:47:54.763, 0, ${V100_GPU_0_UUID}, 00000000:01:00.0, 900, 877, 32.39, 150.00, 55, 54, 0, 316, P0, Not Active, Not Active, Not Active
2026/07/20 00:47:54.771, 1, ${V100_GPU_1_UUID}, 00000000:02:00.0, 900, 877, 30.78, 150.00, 53, 52, 0, 316, P0, Not Active, Not Active, Not Active
2026/07/20 00:47:54.904, 0, ${V100_GPU_0_UUID}, 00000000:01:00.0, 900, 877, 32.39, 150.00, 55, 54, 0, 316, P0, Not Active, Not Active, Not Active
2026/07/20 00:47:54.910, 1, ${V100_GPU_1_UUID}, 00000000:02:00.0, 900, 877, 30.78, 150.00, 53, 52, 0, 316, P0, Not Active, Not Active, Not Active
2026/07/20 00:47:55.076, 0, ${V100_GPU_0_UUID}, 00000000:01:00.0, 900, 877, 32.39, 150.00, 55, 54, 0, 316, P0, Not Active, Not Active, Not Active
2026/07/20 00:47:55.084, 1, ${V100_GPU_1_UUID}, 00000000:02:00.0, 900, 877, 30.78, 150.00, 53, 52, 0, 316, P0, Not Active, Not Active, Not Active
2026/07/20 00:47:55.223, 0, ${V100_GPU_0_UUID}, 00000000:01:00.0, 900, 877, 32.39, 150.00, 55, 54, 0, 316, P0, Not Active, Not Active, Not Active
2026/07/20 00:47:55.229, 1, ${V100_GPU_1_UUID}, 00000000:02:00.0, 900, 877, 30.78, 150.00, 53, 52, 0, 316, P0, Not Active, Not Active, Not Active
2026/07/20 00:47:55.365, 0, ${V100_GPU_0_UUID}, 00000000:01:00.0, 900, 877, 32.37, 150.00, 55, 54, 0, 316, P0, Not Active, Not Active, Not Active
2026/07/20 00:47:55.371, 1, ${V100_GPU_1_UUID}, 00000000:02:00.0, 900, 877, 30.76, 150.00, 53, 52, 0, 316, P0, Not Active, Not Active, Not Active
2026/07/20 00:47:55.507, 0, ${V100_GPU_0_UUID}, 00000000:01:00.0, 900, 877, 32.39, 150.00, 55, 54, 0, 316, P0, Not Active, Not Active, Not Active
2026/07/20 00:47:55.513, 1, ${V100_GPU_1_UUID}, 00000000:02:00.0, 900, 877, 30.78, 150.00, 53, 52, 0, 316, P0, Not Active, Not Active, Not Active
2026/07/20 00:47:55.647, 0, ${V100_GPU_0_UUID}, 00000000:01:00.0, 900, 877, 32.37, 150.00, 55, 54, 0, 316, P0, Not Active, Not Active, Not Active
2026/07/20 00:47:55.653, 1, ${V100_GPU_1_UUID}, 00000000:02:00.0, 900, 877, 30.76, 150.00, 53, 52, 0, 316, P0, Not Active, Not Active, Not Active
2026/07/20 00:47:55.786, 0, ${V100_GPU_0_UUID}, 00000000:01:00.0, 900, 877, 32.37, 150.00, 55, 54, 0, 316, P0, Not Active, Not Active, Not Active
2026/07/20 00:47:55.792, 1, ${V100_GPU_1_UUID}, 00000000:02:00.0, 900, 877, 30.76, 150.00, 53, 52, 0, 316, P0, Not Active, Not Active, Not Active
2026/07/20 00:47:55.926, 0, ${V100_GPU_0_UUID}, 00000000:01:00.0, 900, 877, 32.37, 150.00, 55, 54, 0, 316, P0, Not Active, Not Active, Not Active
2026/07/20 00:47:55.932, 1, ${V100_GPU_1_UUID}, 00000000:02:00.0, 900, 877, 30.76, 150.00, 53, 52, 0, 316, P0, Not Active, Not Active, Not Active
2026/07/20 00:47:56.095, 0, ${V100_GPU_0_UUID}, 00000000:01:00.0, 900, 877, 32.39, 150.00, 55, 54, 0, 316, P0, Not Active, Not Active, Not Active
2026/07/20 00:47:56.102, 1, ${V100_GPU_1_UUID}, 00000000:02:00.0, 900, 877, 30.78, 150.00, 53, 52, 0, 316, P0, Not Active, Not Active, Not Active
2026/07/20 00:47:56.235, 0, ${V100_GPU_0_UUID}, 00000000:01:00.0, 900, 877, 32.39, 150.00, 55, 54, 0, 316, P0, Not Active, Not Active, Not Active
2026/07/20 00:47:56.241, 1, ${V100_GPU_1_UUID}, 00000000:02:00.0, 900, 877, 30.78, 150.00, 53, 52, 0, 316, P0, Not Active, Not Active, Not Active
2026/07/20 00:47:56.380, 0, ${V100_GPU_0_UUID}, 00000000:01:00.0, 900, 877, 32.39, 150.00, 55, 54, 0, 316, P0, Not Active, Not Active, Not Active
2026/07/20 00:47:56.386, 1, ${V100_GPU_1_UUID}, 00000000:02:00.0, 900, 877, 30.78, 150.00, 53, 52, 0, 316, P0, Not Active, Not Active, Not Active
2026/07/20 00:47:56.540, 0, ${V100_GPU_0_UUID}, 00000000:01:00.0, 900, 877, 32.39, 150.00, 55, 54, 0, 316, P0, Not Active, Not Active, Not Active
2026/07/20 00:47:56.554, 1, ${V100_GPU_1_UUID}, 00000000:02:00.0, 900, 877, 30.80, 150.00, 53, 52, 0, 316, P0, Not Active, Not Active, Not Active
2026/07/20 00:47:56.693, 0, ${V100_GPU_0_UUID}, 00000000:01:00.0, 900, 877, 32.37, 150.00, 55, 54, 0, 316, P0, Not Active, Not Active, Not Active
2026/07/20 00:47:56.699, 1, ${V100_GPU_1_UUID}, 00000000:02:00.0, 900, 877, 30.76, 150.00, 53, 52, 0, 316, P0, Not Active, Not Active, Not Active
2026/07/20 00:47:56.862, 0, ${V100_GPU_0_UUID}, 00000000:01:00.0, 900, 877, 32.39, 150.00, 55, 54, 0, 316, P0, Not Active, Not Active, Not Active
2026/07/20 00:47:56.871, 1, ${V100_GPU_1_UUID}, 00000000:02:00.0, 900, 877, 30.78, 150.00, 53, 52, 0, 316, P0, Not Active, Not Active, Not Active
2026/07/20 00:47:57.007, 0, ${V100_GPU_0_UUID}, 00000000:01:00.0, 900, 877, 32.37, 150.00, 55, 54, 0, 316, P0, Not Active, Not Active, Not Active
2026/07/20 00:47:57.013, 1, ${V100_GPU_1_UUID}, 00000000:02:00.0, 900, 877, 30.76, 150.00, 53, 52, 0, 316, P0, Not Active, Not Active, Not Active
2026/07/20 00:47:57.146, 0, ${V100_GPU_0_UUID}, 00000000:01:00.0, 900, 877, 32.37, 150.00, 55, 54, 0, 316, P0, Not Active, Not Active, Not Active
2026/07/20 00:47:57.152, 1, ${V100_GPU_1_UUID}, 00000000:02:00.0, 900, 877, 30.78, 150.00, 53, 52, 0, 316, P0, Not Active, Not Active, Not Active
2026/07/20 00:47:57.287, 0, ${V100_GPU_0_UUID}, 00000000:01:00.0, 900, 877, 32.37, 150.00, 55, 54, 0, 316, P0, Not Active, Not Active, Not Active
2026/07/20 00:47:57.293, 1, ${V100_GPU_1_UUID}, 00000000:02:00.0, 900, 877, 30.76, 150.00, 53, 52, 0, 316, P0, Not Active, Not Active, Not Active
2026/07/20 00:47:57.432, 0, ${V100_GPU_0_UUID}, 00000000:01:00.0, 900, 877, 32.39, 150.00, 55, 54, 0, 316, P0, Not Active, Not Active, Not Active
2026/07/20 00:47:57.440, 1, ${V100_GPU_1_UUID}, 00000000:02:00.0, 900, 877, 30.78, 150.00, 53, 52, 0, 316, P0, Not Active, Not Active, Not Active
2026/07/20 00:47:57.576, 0, ${V100_GPU_0_UUID}, 00000000:01:00.0, 900, 877, 32.39, 150.00, 55, 54, 0, 316, P0, Not Active, Not Active, Not Active
2026/07/20 00:47:57.582, 1, ${V100_GPU_1_UUID}, 00000000:02:00.0, 900, 877, 30.78, 150.00, 53, 52, 0, 316, P0, Not Active, Not Active, Not Active
2026/07/20 00:47:57.746, 0, ${V100_GPU_0_UUID}, 00000000:01:00.0, 900, 877, 32.39, 150.00, 55, 54, 0, 316, P0, Not Active, Not Active, Not Active
2026/07/20 00:47:57.754, 1, ${V100_GPU_1_UUID}, 00000000:02:00.0, 900, 877, 30.78, 150.00, 53, 52, 0, 316, P0, Not Active, Not Active, Not Active
2026/07/20 00:47:57.905, 0, ${V100_GPU_0_UUID}, 00000000:01:00.0, 900, 877, 32.39, 150.00, 55, 54, 0, 316, P0, Not Active, Not Active, Not Active
2026/07/20 00:47:57.918, 1, ${V100_GPU_1_UUID}, 00000000:02:00.0, 900, 877, 30.78, 150.00, 53, 52, 0, 316, P0, Not Active, Not Active, Not Active
2026/07/20 00:47:58.058, 0, ${V100_GPU_0_UUID}, 00000000:01:00.0, 900, 877, 32.37, 150.00, 55, 54, 0, 316, P0, Not Active, Not Active, Not Active
2026/07/20 00:47:58.063, 1, ${V100_GPU_1_UUID}, 00000000:02:00.0, 900, 877, 30.78, 150.00, 53, 52, 0, 316, P0, Not Active, Not Active, Not Active
2026/07/20 00:47:58.201, 0, ${V100_GPU_0_UUID}, 00000000:01:00.0, 900, 877, 32.39, 150.00, 55, 54, 0, 316, P0, Not Active, Not Active, Not Active
2026/07/20 00:47:58.206, 1, ${V100_GPU_1_UUID}, 00000000:02:00.0, 900, 877, 30.78, 150.00, 53, 52, 0, 316, P0, Not Active, Not Active, Not Active
2026/07/20 00:47:58.339, 0, ${V100_GPU_0_UUID}, 00000000:01:00.0, 900, 877, 32.37, 150.00, 55, 54, 0, 316, P0, Not Active, Not Active, Not Active
2026/07/20 00:47:58.344, 1, ${V100_GPU_1_UUID}, 00000000:02:00.0, 900, 877, 30.78, 150.00, 53, 52, 0, 316, P0, Not Active, Not Active, Not Active
2026/07/20 00:47:58.511, 0, ${V100_GPU_0_UUID}, 00000000:01:00.0, 900, 877, 32.37, 150.00, 55, 54, 0, 316, P0, Not Active, Not Active, Not Active
2026/07/20 00:47:58.516, 1, ${V100_GPU_1_UUID}, 00000000:02:00.0, 900, 877, 30.76, 150.00, 53, 52, 0, 316, P0, Not Active, Not Active, Not Active
2026/07/20 00:47:58.649, 0, ${V100_GPU_0_UUID}, 00000000:01:00.0, 900, 877, 32.37, 150.00, 55, 54, 0, 316, P0, Not Active, Not Active, Not Active
2026/07/20 00:47:58.655, 1, ${V100_GPU_1_UUID}, 00000000:02:00.0, 900, 877, 30.78, 150.00, 53, 52, 0, 316, P0, Not Active, Not Active, Not Active
2026/07/20 00:47:58.798, 0, ${V100_GPU_0_UUID}, 00000000:01:00.0, 900, 877, 32.37, 150.00, 55, 54, 0, 316, P0, Not Active, Not Active, Not Active
2026/07/20 00:47:58.804, 1, ${V100_GPU_1_UUID}, 00000000:02:00.0, 900, 877, 30.78, 150.00, 53, 52, 0, 316, P0, Not Active, Not Active, Not Active
2026/07/20 00:47:58.940, 0, ${V100_GPU_0_UUID}, 00000000:01:00.0, 900, 877, 32.37, 150.00, 55, 54, 0, 316, P0, Not Active, Not Active, Not Active
2026/07/20 00:47:58.946, 1, ${V100_GPU_1_UUID}, 00000000:02:00.0, 900, 877, 30.76, 150.00, 53, 52, 0, 316, P0, Not Active, Not Active, Not Active
2026/07/20 00:47:59.158, 0, ${V100_GPU_0_UUID}, 00000000:01:00.0, 900, 877, 32.37, 150.00, 55, 54, 0, 316, P0, Not Active, Not Active, Not Active
2026/07/20 00:47:59.164, 1, ${V100_GPU_1_UUID}, 00000000:02:00.0, 900, 877, 30.76, 150.00, 53, 52, 0, 316, P0, Not Active, Not Active, Not Active
2026/07/20 00:47:59.329, 0, ${V100_GPU_0_UUID}, 00000000:01:00.0, 900, 877, 32.37, 150.00, 55, 54, 0, 316, P0, Not Active, Not Active, Not Active
2026/07/20 00:47:59.336, 1, ${V100_GPU_1_UUID}, 00000000:02:00.0, 900, 877, 30.76, 150.00, 53, 52, 0, 316, P0, Not Active, Not Active, Not Active
2026/07/20 00:47:59.994, 0, ${V100_GPU_0_UUID}, 00000000:01:00.0, 900, 877, 32.39, 150.00, 55, 54, 0, 316, P0, Not Active, Not Active, Not Active
2026/07/20 00:48:00.360, 1, ${V100_GPU_1_UUID}, 00000000:02:00.0, 900, 877, 30.78, 150.00, 53, 52, 0, 316, P0, Not Active, Not Active, Not Active
2026/07/20 00:48:00.494, 0, ${V100_GPU_0_UUID}, 00000000:01:00.0, 900, 877, 32.37, 150.00, 55, 54, 0, 316, P0, Not Active, Not Active, Not Active
2026/07/20 00:48:00.500, 1, ${V100_GPU_1_UUID}, 00000000:02:00.0, 900, 877, 30.76, 150.00, 53, 52, 0, 316, P0, Not Active, Not Active, Not Active
2026/07/20 00:48:00.652, 0, ${V100_GPU_0_UUID}, 00000000:01:00.0, 900, 877, 32.39, 150.00, 55, 54, 0, 316, P0, Not Active, Not Active, Not Active
2026/07/20 00:48:00.662, 1, ${V100_GPU_1_UUID}, 00000000:02:00.0, 900, 877, 30.78, 150.00, 53, 52, 0, 316, P0, Not Active, Not Active, Not Active
2026/07/20 00:48:00.798, 0, ${V100_GPU_0_UUID}, 00000000:01:00.0, 900, 877, 32.37, 150.00, 55, 54, 0, 316, P0, Not Active, Not Active, Not Active
2026/07/20 00:48:00.803, 1, ${V100_GPU_1_UUID}, 00000000:02:00.0, 900, 877, 30.78, 150.00, 53, 52, 0, 316, P0, Not Active, Not Active, Not Active
2026/07/20 00:48:00.943, 0, ${V100_GPU_0_UUID}, 00000000:01:00.0, 900, 877, 32.39, 150.00, 55, 54, 0, 316, P0, Not Active, Not Active, Not Active
2026/07/20 00:48:00.951, 1, ${V100_GPU_1_UUID}, 00000000:02:00.0, 900, 877, 30.78, 150.00, 53, 52, 0, 316, P0, Not Active, Not Active, Not Active
2026/07/20 00:48:01.089, 0, ${V100_GPU_0_UUID}, 00000000:01:00.0, 900, 877, 32.37, 150.00, 55, 54, 0, 316, P0, Not Active, Not Active, Not Active
2026/07/20 00:48:01.094, 1, ${V100_GPU_1_UUID}, 00000000:02:00.0, 900, 877, 30.76, 150.00, 53, 52, 0, 316, P0, Not Active, Not Active, Not Active
2026/07/20 00:48:01.229, 0, ${V100_GPU_0_UUID}, 00000000:01:00.0, 900, 877, 32.39, 150.00, 55, 54, 0, 316, P0, Not Active, Not Active, Not Active
2026/07/20 00:48:01.236, 1, ${V100_GPU_1_UUID}, 00000000:02:00.0, 900, 877, 30.78, 150.00, 53, 52, 0, 316, P0, Not Active, Not Active, Not Active
2026/07/20 00:48:01.370, 0, ${V100_GPU_0_UUID}, 00000000:01:00.0, 900, 877, 32.37, 150.00, 55, 54, 0, 316, P0, Not Active, Not Active, Not Active
2026/07/20 00:48:01.376, 1, ${V100_GPU_1_UUID}, 00000000:02:00.0, 900, 877, 30.78, 150.00, 53, 52, 0, 316, P0, Not Active, Not Active, Not Active
2026/07/20 00:48:01.535, 0, ${V100_GPU_0_UUID}, 00000000:01:00.0, 900, 877, 32.37, 150.00, 55, 54, 0, 316, P0, Not Active, Not Active, Not Active
2026/07/20 00:48:01.542, 1, ${V100_GPU_1_UUID}, 00000000:02:00.0, 900, 877, 30.78, 150.00, 53, 52, 0, 316, P0, Not Active, Not Active, Not Active
2026/07/20 00:48:01.675, 0, ${V100_GPU_0_UUID}, 00000000:01:00.0, 900, 877, 32.37, 150.00, 55, 54, 0, 316, P0, Not Active, Not Active, Not Active
2026/07/20 00:48:01.681, 1, ${V100_GPU_1_UUID}, 00000000:02:00.0, 900, 877, 30.78, 150.00, 53, 52, 0, 316, P0, Not Active, Not Active, Not Active
2026/07/20 00:48:01.830, 0, ${V100_GPU_0_UUID}, 00000000:01:00.0, 900, 877, 32.39, 150.00, 55, 54, 0, 316, P0, Not Active, Not Active, Not Active
2026/07/20 00:48:01.836, 1, ${V100_GPU_1_UUID}, 00000000:02:00.0, 900, 877, 30.78, 150.00, 53, 52, 0, 316, P0, Not Active, Not Active, Not Active
2026/07/20 00:48:01.992, 0, ${V100_GPU_0_UUID}, 00000000:01:00.0, 900, 877, 32.39, 150.00, 55, 54, 0, 316, P0, Not Active, Not Active, Not Active
2026/07/20 00:48:02.000, 1, ${V100_GPU_1_UUID}, 00000000:02:00.0, 900, 877, 30.78, 150.00, 53, 52, 0, 316, P0, Not Active, Not Active, Not Active
2026/07/20 00:48:02.141, 0, ${V100_GPU_0_UUID}, 00000000:01:00.0, 900, 877, 32.37, 150.00, 55, 54, 0, 316, P0, Not Active, Not Active, Not Active
2026/07/20 00:48:02.147, 1, ${V100_GPU_1_UUID}, 00000000:02:00.0, 900, 877, 30.76, 150.00, 53, 52, 0, 316, P0, Not Active, Not Active, Not Active
2026/07/20 00:48:02.285, 0, ${V100_GPU_0_UUID}, 00000000:01:00.0, 900, 877, 32.37, 150.00, 55, 54, 0, 316, P0, Not Active, Not Active, Not Active
2026/07/20 00:48:02.291, 1, ${V100_GPU_1_UUID}, 00000000:02:00.0, 900, 877, 30.78, 150.00, 53, 52, 0, 316, P0, Not Active, Not Active, Not Active
2026/07/20 00:48:02.427, 0, ${V100_GPU_0_UUID}, 00000000:01:00.0, 900, 877, 32.37, 150.00, 55, 54, 0, 316, P0, Not Active, Not Active, Not Active
2026/07/20 00:48:02.432, 1, ${V100_GPU_1_UUID}, 00000000:02:00.0, 900, 877, 30.76, 150.00, 53, 52, 0, 316, P0, Not Active, Not Active, Not Active
2026/07/20 00:48:02.594, 0, ${V100_GPU_0_UUID}, 00000000:01:00.0, 900, 877, 32.39, 150.00, 55, 54, 0, 316, P0, Not Active, Not Active, Not Active
2026/07/20 00:48:02.601, 1, ${V100_GPU_1_UUID}, 00000000:02:00.0, 900, 877, 30.78, 150.00, 53, 52, 0, 316, P0, Not Active, Not Active, Not Active
2026/07/20 00:48:02.735, 0, ${V100_GPU_0_UUID}, 00000000:01:00.0, 900, 877, 32.37, 150.00, 55, 54, 0, 316, P0, Not Active, Not Active, Not Active
2026/07/20 00:48:02.741, 1, ${V100_GPU_1_UUID}, 00000000:02:00.0, 900, 877, 30.78, 150.00, 53, 52, 0, 316, P0, Not Active, Not Active, Not Active
2026/07/20 00:48:02.878, 0, ${V100_GPU_0_UUID}, 00000000:01:00.0, 900, 877, 32.37, 150.00, 55, 54, 0, 316, P0, Not Active, Not Active, Not Active
2026/07/20 00:48:02.883, 1, ${V100_GPU_1_UUID}, 00000000:02:00.0, 900, 877, 30.78, 150.00, 53, 52, 0, 316, P0, Not Active, Not Active, Not Active
2026/07/20 00:48:03.017, 0, ${V100_GPU_0_UUID}, 00000000:01:00.0, 900, 877, 32.37, 150.00, 55, 54, 0, 316, P0, Not Active, Not Active, Not Active
2026/07/20 00:48:03.024, 1, ${V100_GPU_1_UUID}, 00000000:02:00.0, 900, 877, 30.76, 150.00, 53, 52, 0, 316, P0, Not Active, Not Active, Not Active
2026/07/20 00:48:03.187, 0, ${V100_GPU_0_UUID}, 00000000:01:00.0, 900, 877, 32.39, 150.00, 55, 54, 0, 316, P0, Not Active, Not Active, Not Active
2026/07/20 00:48:03.194, 1, ${V100_GPU_1_UUID}, 00000000:02:00.0, 900, 877, 30.78, 150.00, 53, 52, 0, 316, P0, Not Active, Not Active, Not Active
2026/07/20 00:48:03.328, 0, ${V100_GPU_0_UUID}, 00000000:01:00.0, 900, 877, 32.39, 150.00, 55, 54, 0, 316, P0, Not Active, Not Active, Not Active
2026/07/20 00:48:03.334, 1, ${V100_GPU_1_UUID}, 00000000:02:00.0, 900, 877, 30.78, 150.00, 53, 52, 0, 316, P0, Not Active, Not Active, Not Active
2026/07/20 00:48:03.488, 0, ${V100_GPU_0_UUID}, 00000000:01:00.0, 900, 877, 32.37, 150.00, 55, 54, 0, 316, P0, Not Active, Not Active, Not Active
2026/07/20 00:48:03.493, 1, ${V100_GPU_1_UUID}, 00000000:02:00.0, 900, 877, 30.78, 150.00, 53, 52, 0, 316, P0, Not Active, Not Active, Not Active
2026/07/20 00:48:03.627, 0, ${V100_GPU_0_UUID}, 00000000:01:00.0, 900, 877, 32.39, 150.00, 55, 54, 0, 316, P0, Not Active, Not Active, Not Active
2026/07/20 00:48:03.632, 1, ${V100_GPU_1_UUID}, 00000000:02:00.0, 900, 877, 30.78, 150.00, 53, 52, 0, 316, P0, Not Active, Not Active, Not Active
2026/07/20 00:48:03.767, 0, ${V100_GPU_0_UUID}, 00000000:01:00.0, 900, 877, 32.37, 150.00, 55, 54, 0, 316, P0, Not Active, Not Active, Not Active
2026/07/20 00:48:03.773, 1, ${V100_GPU_1_UUID}, 00000000:02:00.0, 900, 877, 30.76, 150.00, 53, 52, 0, 316, P0, Not Active, Not Active, Not Active
2026/07/20 00:48:03.936, 0, ${V100_GPU_0_UUID}, 00000000:01:00.0, 900, 877, 32.39, 150.00, 55, 54, 0, 316, P0, Not Active, Not Active, Not Active
2026/07/20 00:48:03.944, 1, ${V100_GPU_1_UUID}, 00000000:02:00.0, 900, 877, 30.78, 150.00, 53, 52, 0, 316, P0, Not Active, Not Active, Not Active
2026/07/20 00:48:04.079, 0, ${V100_GPU_0_UUID}, 00000000:01:00.0, 900, 877, 32.37, 150.00, 55, 54, 0, 316, P0, Not Active, Not Active, Not Active
2026/07/20 00:48:04.087, 1, ${V100_GPU_1_UUID}, 00000000:02:00.0, 900, 877, 30.78, 150.00, 53, 52, 0, 316, P0, Not Active, Not Active, Not Active
2026/07/20 00:48:04.238, 0, ${V100_GPU_0_UUID}, 00000000:01:00.0, 900, 877, 32.39, 150.00, 55, 54, 0, 316, P0, Not Active, Not Active, Not Active
2026/07/20 00:48:04.244, 1, ${V100_GPU_1_UUID}, 00000000:02:00.0, 900, 877, 30.78, 150.00, 53, 52, 0, 316, P0, Not Active, Not Active, Not Active
2026/07/20 00:48:04.377, 0, ${V100_GPU_0_UUID}, 00000000:01:00.0, 900, 877, 32.39, 150.00, 55, 54, 0, 316, P0, Not Active, Not Active, Not Active
2026/07/20 00:48:04.382, 1, ${V100_GPU_1_UUID}, 00000000:02:00.0, 900, 877, 30.78, 150.00, 53, 52, 0, 316, P0, Not Active, Not Active, Not Active
2026/07/20 00:48:04.519, 0, ${V100_GPU_0_UUID}, 00000000:01:00.0, 900, 877, 32.37, 150.00, 55, 54, 0, 316, P0, Not Active, Not Active, Not Active
2026/07/20 00:48:04.526, 1, ${V100_GPU_1_UUID}, 00000000:02:00.0, 900, 877, 30.78, 150.00, 53, 52, 0, 316, P0, Not Active, Not Active, Not Active
2026/07/20 00:48:04.660, 0, ${V100_GPU_0_UUID}, 00000000:01:00.0, 900, 877, 32.39, 150.00, 55, 54, 0, 316, P0, Not Active, Not Active, Not Active
2026/07/20 00:48:04.668, 1, ${V100_GPU_1_UUID}, 00000000:02:00.0, 900, 877, 30.78, 150.00, 53, 52, 0, 316, P0, Not Active, Not Active, Not Active
2026/07/20 00:48:04.805, 0, ${V100_GPU_0_UUID}, 00000000:01:00.0, 900, 877, 32.37, 150.00, 55, 54, 0, 316, P0, Not Active, Not Active, Not Active
2026/07/20 00:48:04.810, 1, ${V100_GPU_1_UUID}, 00000000:02:00.0, 900, 877, 30.78, 150.00, 53, 52, 0, 316, P0, Not Active, Not Active, Not Active
2026/07/20 00:48:04.952, 0, ${V100_GPU_0_UUID}, 00000000:01:00.0, 900, 877, 32.39, 150.00, 55, 54, 0, 316, P0, Not Active, Not Active, Not Active
2026/07/20 00:48:04.960, 1, ${V100_GPU_1_UUID}, 00000000:02:00.0, 900, 877, 30.78, 150.00, 53, 52, 0, 316, P0, Not Active, Not Active, Not Active
2026/07/20 00:48:05.094, 0, ${V100_GPU_0_UUID}, 00000000:01:00.0, 900, 877, 32.37, 150.00, 55, 54, 0, 316, P0, Not Active, Not Active, Not Active
2026/07/20 00:48:05.099, 1, ${V100_GPU_1_UUID}, 00000000:02:00.0, 900, 877, 30.78, 150.00, 53, 52, 0, 316, P0, Not Active, Not Active, Not Active
2026/07/20 00:48:05.259, 0, ${V100_GPU_0_UUID}, 00000000:01:00.0, 900, 877, 32.39, 150.00, 55, 54, 0, 316, P0, Not Active, Not Active, Not Active
2026/07/20 00:48:05.265, 1, ${V100_GPU_1_UUID}, 00000000:02:00.0, 900, 877, 30.78, 150.00, 53, 52, 0, 316, P0, Not Active, Not Active, Not Active
2026/07/20 00:48:05.397, 0, ${V100_GPU_0_UUID}, 00000000:01:00.0, 900, 877, 32.37, 150.00, 55, 54, 0, 316, P0, Not Active, Not Active, Not Active
2026/07/20 00:48:05.402, 1, ${V100_GPU_1_UUID}, 00000000:02:00.0, 900, 877, 30.78, 150.00, 53, 52, 0, 316, P0, Not Active, Not Active, Not Active
2026/07/20 00:48:05.566, 0, ${V100_GPU_0_UUID}, 00000000:01:00.0, 900, 877, 32.39, 150.00, 55, 54, 0, 316, P0, Not Active, Not Active, Not Active
2026/07/20 00:48:05.572, 1, ${V100_GPU_1_UUID}, 00000000:02:00.0, 900, 877, 30.78, 150.00, 53, 52, 0, 316, P0, Not Active, Not Active, Not Active
2026/07/20 00:48:05.723, 0, ${V100_GPU_0_UUID}, 00000000:01:00.0, 900, 877, 32.39, 150.00, 55, 54, 0, 316, P0, Not Active, Not Active, Not Active
2026/07/20 00:48:05.729, 1, ${V100_GPU_1_UUID}, 00000000:02:00.0, 900, 877, 30.78, 150.00, 53, 52, 0, 316, P0, Not Active, Not Active, Not Active
2026/07/20 00:48:05.892, 0, ${V100_GPU_0_UUID}, 00000000:01:00.0, 900, 877, 32.39, 150.00, 55, 54, 0, 316, P0, Not Active, Not Active, Not Active
2026/07/20 00:48:05.899, 1, ${V100_GPU_1_UUID}, 00000000:02:00.0, 900, 877, 30.78, 150.00, 53, 52, 0, 316, P0, Not Active, Not Active, Not Active
2026/07/20 00:48:06.058, 0, ${V100_GPU_0_UUID}, 00000000:01:00.0, 900, 877, 32.39, 150.00, 55, 54, 0, 316, P0, Not Active, Not Active, Not Active
2026/07/20 00:48:06.063, 1, ${V100_GPU_1_UUID}, 00000000:02:00.0, 900, 877, 30.78, 150.00, 53, 52, 0, 316, P0, Not Active, Not Active, Not Active
2026/07/20 00:48:06.198, 0, ${V100_GPU_0_UUID}, 00000000:01:00.0, 900, 877, 32.37, 150.00, 55, 54, 0, 316, P0, Not Active, Not Active, Not Active
2026/07/20 00:48:06.203, 1, ${V100_GPU_1_UUID}, 00000000:02:00.0, 900, 877, 30.76, 150.00, 53, 52, 0, 316, P0, Not Active, Not Active, Not Active
2026/07/20 00:48:06.336, 0, ${V100_GPU_0_UUID}, 00000000:01:00.0, 900, 877, 32.37, 150.00, 55, 54, 0, 316, P0, Not Active, Not Active, Not Active
2026/07/20 00:48:06.342, 1, ${V100_GPU_1_UUID}, 00000000:02:00.0, 900, 877, 30.76, 150.00, 53, 52, 0, 316, P0, Not Active, Not Active, Not Active
2026/07/20 00:48:06.488, 0, ${V100_GPU_0_UUID}, 00000000:01:00.0, 900, 877, 32.37, 150.00, 55, 54, 0, 316, P0, Not Active, Not Active, Not Active
2026/07/20 00:48:06.495, 1, ${V100_GPU_1_UUID}, 00000000:02:00.0, 900, 877, 30.76, 150.00, 53, 52, 0, 316, P0, Not Active, Not Active, Not Active
2026/07/20 00:48:06.658, 0, ${V100_GPU_0_UUID}, 00000000:01:00.0, 900, 877, 32.39, 150.00, 55, 54, 0, 316, P0, Not Active, Not Active, Not Active
2026/07/20 00:48:06.665, 1, ${V100_GPU_1_UUID}, 00000000:02:00.0, 900, 877, 30.78, 150.00, 53, 52, 0, 316, P0, Not Active, Not Active, Not Active
2026/07/20 00:48:06.825, 0, ${V100_GPU_0_UUID}, 00000000:01:00.0, 900, 877, 32.39, 150.00, 55, 54, 0, 316, P0, Not Active, Not Active, Not Active
2026/07/20 00:48:06.832, 1, ${V100_GPU_1_UUID}, 00000000:02:00.0, 900, 877, 30.78, 150.00, 53, 52, 0, 316, P0, Not Active, Not Active, Not Active
2026/07/20 00:48:06.991, 0, ${V100_GPU_0_UUID}, 00000000:01:00.0, 900, 877, 32.39, 150.00, 55, 54, 0, 316, P0, Not Active, Not Active, Not Active
2026/07/20 00:48:06.997, 1, ${V100_GPU_1_UUID}, 00000000:02:00.0, 900, 877, 30.78, 150.00, 53, 52, 0, 316, P0, Not Active, Not Active, Not Active
2026/07/20 00:48:07.142, 0, ${V100_GPU_0_UUID}, 00000000:01:00.0, 900, 877, 32.37, 150.00, 55, 54, 0, 316, P0, Not Active, Not Active, Not Active
2026/07/20 00:48:07.147, 1, ${V100_GPU_1_UUID}, 00000000:02:00.0, 900, 877, 30.76, 150.00, 53, 52, 0, 316, P0, Not Active, Not Active, Not Active
2026/07/20 00:48:07.281, 0, ${V100_GPU_0_UUID}, 00000000:01:00.0, 900, 877, 32.37, 150.00, 55, 54, 0, 316, P0, Not Active, Not Active, Not Active
2026/07/20 00:48:07.286, 1, ${V100_GPU_1_UUID}, 00000000:02:00.0, 900, 877, 30.76, 150.00, 53, 52, 0, 316, P0, Not Active, Not Active, Not Active
2026/07/20 00:48:07.448, 0, ${V100_GPU_0_UUID}, 00000000:01:00.0, 900, 877, 32.39, 150.00, 55, 54, 0, 316, P0, Not Active, Not Active, Not Active
2026/07/20 00:48:07.456, 1, ${V100_GPU_1_UUID}, 00000000:02:00.0, 900, 877, 30.78, 150.00, 53, 52, 0, 316, P0, Not Active, Not Active, Not Active
2026/07/20 00:48:07.606, 0, ${V100_GPU_0_UUID}, 00000000:01:00.0, 900, 877, 32.39, 150.00, 55, 54, 0, 316, P0, Not Active, Not Active, Not Active
2026/07/20 00:48:07.618, 1, ${V100_GPU_1_UUID}, 00000000:02:00.0, 900, 877, 30.78, 150.00, 53, 52, 0, 316, P0, Not Active, Not Active, Not Active
2026/07/20 00:48:07.755, 0, ${V100_GPU_0_UUID}, 00000000:01:00.0, 900, 877, 32.37, 150.00, 55, 54, 0, 316, P0, Not Active, Not Active, Not Active
2026/07/20 00:48:07.761, 1, ${V100_GPU_1_UUID}, 00000000:02:00.0, 900, 877, 30.78, 150.00, 53, 52, 0, 316, P0, Not Active, Not Active, Not Active
2026/07/20 00:48:07.921, 0, ${V100_GPU_0_UUID}, 00000000:01:00.0, 900, 877, 32.39, 150.00, 55, 54, 0, 316, P0, Not Active, Not Active, Not Active
2026/07/20 00:48:07.926, 1, ${V100_GPU_1_UUID}, 00000000:02:00.0, 900, 877, 30.78, 150.00, 53, 52, 0, 316, P0, Not Active, Not Active, Not Active
2026/07/20 00:48:08.059, 0, ${V100_GPU_0_UUID}, 00000000:01:00.0, 900, 877, 32.37, 150.00, 55, 54, 0, 316, P0, Not Active, Not Active, Not Active
2026/07/20 00:48:08.064, 1, ${V100_GPU_1_UUID}, 00000000:02:00.0, 900, 877, 30.78, 150.00, 53, 52, 0, 316, P0, Not Active, Not Active, Not Active
2026/07/20 00:48:08.197, 0, ${V100_GPU_0_UUID}, 00000000:01:00.0, 900, 877, 32.37, 150.00, 55, 54, 0, 316, P0, Not Active, Not Active, Not Active
2026/07/20 00:48:08.202, 1, ${V100_GPU_1_UUID}, 00000000:02:00.0, 900, 877, 30.76, 150.00, 53, 52, 0, 316, P0, Not Active, Not Active, Not Active
2026/07/20 00:48:08.335, 0, ${V100_GPU_0_UUID}, 00000000:01:00.0, 900, 877, 32.37, 150.00, 55, 54, 0, 316, P0, Not Active, Not Active, Not Active
2026/07/20 00:48:08.340, 1, ${V100_GPU_1_UUID}, 00000000:02:00.0, 900, 877, 30.76, 150.00, 53, 52, 0, 316, P0, Not Active, Not Active, Not Active
2026/07/20 00:48:08.474, 0, ${V100_GPU_0_UUID}, 00000000:01:00.0, 900, 877, 32.37, 150.00, 55, 54, 0, 316, P0, Not Active, Not Active, Not Active
2026/07/20 00:48:08.480, 1, ${V100_GPU_1_UUID}, 00000000:02:00.0, 900, 877, 30.76, 150.00, 53, 52, 0, 316, P0, Not Active, Not Active, Not Active
2026/07/20 00:48:08.614, 0, ${V100_GPU_0_UUID}, 00000000:01:00.0, 900, 877, 32.37, 150.00, 55, 54, 0, 316, P0, Not Active, Not Active, Not Active
2026/07/20 00:48:08.619, 1, ${V100_GPU_1_UUID}, 00000000:02:00.0, 900, 877, 30.78, 150.00, 53, 52, 0, 316, P0, Not Active, Not Active, Not Active
2026/07/20 00:48:08.753, 0, ${V100_GPU_0_UUID}, 00000000:01:00.0, 900, 877, 32.37, 150.00, 55, 54, 0, 316, P0, Not Active, Not Active, Not Active
2026/07/20 00:48:08.758, 1, ${V100_GPU_1_UUID}, 00000000:02:00.0, 900, 877, 30.78, 150.00, 53, 52, 0, 316, P0, Not Active, Not Active, Not Active
2026/07/20 00:48:08.893, 0, ${V100_GPU_0_UUID}, 00000000:01:00.0, 900, 877, 32.39, 150.00, 55, 54, 0, 316, P0, Not Active, Not Active, Not Active
2026/07/20 00:48:08.900, 1, ${V100_GPU_1_UUID}, 00000000:02:00.0, 900, 877, 30.78, 150.00, 53, 52, 0, 316, P0, Not Active, Not Active, Not Active
2026/07/20 00:48:09.034, 0, ${V100_GPU_0_UUID}, 00000000:01:00.0, 900, 877, 32.37, 150.00, 55, 54, 0, 316, P0, Not Active, Not Active, Not Active
2026/07/20 00:48:09.040, 1, ${V100_GPU_1_UUID}, 00000000:02:00.0, 900, 877, 30.76, 150.00, 53, 52, 0, 316, P0, Not Active, Not Active, Not Active
2026/07/20 00:48:09.195, 0, ${V100_GPU_0_UUID}, 00000000:01:00.0, 900, 877, 32.37, 150.00, 55, 54, 0, 316, P0, Not Active, Not Active, Not Active
2026/07/20 00:48:09.201, 1, ${V100_GPU_1_UUID}, 00000000:02:00.0, 900, 877, 30.76, 150.00, 53, 52, 0, 316, P0, Not Active, Not Active, Not Active
2026/07/20 00:48:09.336, 0, ${V100_GPU_0_UUID}, 00000000:01:00.0, 900, 877, 32.37, 150.00, 55, 54, 0, 316, P0, Not Active, Not Active, Not Active
2026/07/20 00:48:09.342, 1, ${V100_GPU_1_UUID}, 00000000:02:00.0, 900, 877, 30.76, 150.00, 53, 52, 0, 316, P0, Not Active, Not Active, Not Active
2026/07/20 00:48:09.484, 0, ${V100_GPU_0_UUID}, 00000000:01:00.0, 900, 877, 32.39, 150.00, 55, 54, 0, 316, P0, Not Active, Not Active, Not Active
2026/07/20 00:48:09.492, 1, ${V100_GPU_1_UUID}, 00000000:02:00.0, 900, 877, 30.78, 150.00, 53, 52, 0, 316, P0, Not Active, Not Active, Not Active
2026/07/20 00:48:09.638, 0, ${V100_GPU_0_UUID}, 00000000:01:00.0, 900, 877, 32.39, 150.00, 55, 54, 0, 316, P0, Not Active, Not Active, Not Active
2026/07/20 00:48:09.648, 1, ${V100_GPU_1_UUID}, 00000000:02:00.0, 900, 877, 30.78, 150.00, 53, 52, 0, 316, P0, Not Active, Not Active, Not Active
2026/07/20 00:48:09.786, 0, ${V100_GPU_0_UUID}, 00000000:01:00.0, 900, 877, 32.37, 150.00, 55, 54, 0, 316, P0, Not Active, Not Active, Not Active
2026/07/20 00:48:09.792, 1, ${V100_GPU_1_UUID}, 00000000:02:00.0, 900, 877, 30.78, 150.00, 53, 52, 0, 316, P0, Not Active, Not Active, Not Active
2026/07/20 00:48:09.930, 0, ${V100_GPU_0_UUID}, 00000000:01:00.0, 900, 877, 32.39, 150.00, 55, 54, 0, 316, P0, Not Active, Not Active, Not Active
2026/07/20 00:48:09.938, 1, ${V100_GPU_1_UUID}, 00000000:02:00.0, 900, 877, 30.78, 150.00, 53, 52, 0, 316, P0, Not Active, Not Active, Not Active
2026/07/20 00:48:10.084, 0, ${V100_GPU_0_UUID}, 00000000:01:00.0, 900, 877, 32.37, 150.00, 55, 54, 0, 316, P0, Not Active, Not Active, Not Active
2026/07/20 00:48:10.089, 1, ${V100_GPU_1_UUID}, 00000000:02:00.0, 900, 877, 30.76, 150.00, 53, 52, 0, 316, P0, Not Active, Not Active, Not Active
2026/07/20 00:48:10.250, 0, ${V100_GPU_0_UUID}, 00000000:01:00.0, 900, 877, 32.37, 150.00, 55, 54, 0, 316, P0, Not Active, Not Active, Not Active
2026/07/20 00:48:10.256, 1, ${V100_GPU_1_UUID}, 00000000:02:00.0, 900, 877, 30.76, 150.00, 53, 52, 0, 316, P0, Not Active, Not Active, Not Active
2026/07/20 00:48:10.389, 0, ${V100_GPU_0_UUID}, 00000000:01:00.0, 900, 877, 32.35, 150.00, 55, 54, 0, 316, P0, Not Active, Not Active, Not Active
2026/07/20 00:48:10.395, 1, ${V100_GPU_1_UUID}, 00000000:02:00.0, 900, 877, 30.76, 150.00, 53, 52, 0, 316, P0, Not Active, Not Active, Not Active
2026/07/20 00:48:10.554, 0, ${V100_GPU_0_UUID}, 00000000:01:00.0, 900, 877, 32.39, 150.00, 55, 54, 0, 316, P0, Not Active, Not Active, Not Active
2026/07/20 00:48:10.559, 1, ${V100_GPU_1_UUID}, 00000000:02:00.0, 900, 877, 30.78, 150.00, 53, 52, 0, 316, P0, Not Active, Not Active, Not Active
2026/07/20 00:48:10.699, 0, ${V100_GPU_0_UUID}, 00000000:01:00.0, 900, 877, 32.39, 150.00, 55, 54, 0, 316, P0, Not Active, Not Active, Not Active
2026/07/20 00:48:10.708, 1, ${V100_GPU_1_UUID}, 00000000:02:00.0, 900, 877, 30.78, 150.00, 53, 52, 0, 316, P0, Not Active, Not Active, Not Active
2026/07/20 00:48:10.853, 0, ${V100_GPU_0_UUID}, 00000000:01:00.0, 900, 877, 32.37, 150.00, 55, 54, 0, 316, P0, Not Active, Not Active, Not Active
2026/07/20 00:48:10.859, 1, ${V100_GPU_1_UUID}, 00000000:02:00.0, 900, 877, 30.76, 150.00, 53, 52, 0, 316, P0, Not Active, Not Active, Not Active
2026/07/20 00:48:11.016, 0, ${V100_GPU_0_UUID}, 00000000:01:00.0, 900, 877, 32.37, 150.00, 55, 54, 0, 316, P0, Not Active, Not Active, Not Active
2026/07/20 00:48:11.023, 1, ${V100_GPU_1_UUID}, 00000000:02:00.0, 900, 877, 30.76, 150.00, 53, 52, 0, 316, P0, Not Active, Not Active, Not Active
2026/07/20 00:48:11.156, 0, ${V100_GPU_0_UUID}, 00000000:01:00.0, 900, 877, 32.39, 150.00, 55, 54, 0, 316, P0, Not Active, Not Active, Not Active
2026/07/20 00:48:11.163, 1, ${V100_GPU_1_UUID}, 00000000:02:00.0, 900, 877, 30.78, 150.00, 53, 52, 0, 316, P0, Not Active, Not Active, Not Active
2026/07/20 00:48:11.311, 0, ${V100_GPU_0_UUID}, 00000000:01:00.0, 900, 877, 32.37, 150.00, 55, 54, 0, 316, P0, Not Active, Not Active, Not Active
2026/07/20 00:48:11.317, 1, ${V100_GPU_1_UUID}, 00000000:02:00.0, 900, 877, 30.76, 150.00, 53, 52, 0, 316, P0, Not Active, Not Active, Not Active
2026/07/20 00:48:11.475, 0, ${V100_GPU_0_UUID}, 00000000:01:00.0, 900, 877, 32.39, 150.00, 55, 54, 0, 316, P0, Not Active, Not Active, Not Active
2026/07/20 00:48:11.484, 1, ${V100_GPU_1_UUID}, 00000000:02:00.0, 900, 877, 30.76, 150.00, 53, 52, 0, 316, P0, Not Active, Not Active, Not Active
2026/07/20 00:48:11.634, 0, ${V100_GPU_0_UUID}, 00000000:01:00.0, 900, 877, 32.39, 150.00, 55, 54, 0, 316, P0, Not Active, Not Active, Not Active
2026/07/20 00:48:11.640, 1, ${V100_GPU_1_UUID}, 00000000:02:00.0, 900, 877, 30.78, 150.00, 53, 52, 0, 316, P0, Not Active, Not Active, Not Active
2026/07/20 00:48:11.775, 0, ${V100_GPU_0_UUID}, 00000000:01:00.0, 900, 877, 32.39, 150.00, 55, 54, 0, 316, P0, Not Active, Not Active, Not Active
2026/07/20 00:48:11.781, 1, ${V100_GPU_1_UUID}, 00000000:02:00.0, 900, 877, 30.78, 150.00, 53, 52, 0, 316, P0, Not Active, Not Active, Not Active
2026/07/20 00:48:11.941, 0, ${V100_GPU_0_UUID}, 00000000:01:00.0, 900, 877, 32.37, 150.00, 55, 54, 0, 316, P0, Not Active, Not Active, Not Active
2026/07/20 00:48:11.947, 1, ${V100_GPU_1_UUID}, 00000000:02:00.0, 900, 877, 30.76, 150.00, 53, 52, 0, 316, P0, Not Active, Not Active, Not Active
2026/07/20 00:48:12.108, 0, ${V100_GPU_0_UUID}, 00000000:01:00.0, 900, 877, 32.39, 150.00, 55, 54, 0, 316, P0, Not Active, Not Active, Not Active
2026/07/20 00:48:12.115, 1, ${V100_GPU_1_UUID}, 00000000:02:00.0, 900, 877, 30.78, 150.00, 53, 52, 0, 316, P0, Not Active, Not Active, Not Active
2026/07/20 00:48:12.251, 0, ${V100_GPU_0_UUID}, 00000000:01:00.0, 900, 877, 32.37, 150.00, 55, 54, 0, 8432, P0, Not Active, Not Active, Not Active
2026/07/20 00:48:12.257, 1, ${V100_GPU_1_UUID}, 00000000:02:00.0, 900, 877, 30.76, 150.00, 53, 52, 0, 316, P0, Not Active, Not Active, Not Active
2026/07/20 00:48:12.422, 0, ${V100_GPU_0_UUID}, 00000000:01:00.0, 900, 877, 32.39, 150.00, 55, 54, 1, 8432, P0, Not Active, Not Active, Not Active
2026/07/20 00:48:12.429, 1, ${V100_GPU_1_UUID}, 00000000:02:00.0, 900, 877, 30.78, 150.00, 53, 52, 0, 8674, P0, Not Active, Not Active, Not Active
2026/07/20 00:48:12.564, 0, ${V100_GPU_0_UUID}, 00000000:01:00.0, 900, 877, 32.37, 150.00, 55, 54, 4, 8432, P0, Not Active, Not Active, Not Active
2026/07/20 00:48:12.570, 1, ${V100_GPU_1_UUID}, 00000000:02:00.0, 900, 877, 30.76, 150.00, 53, 52, 0, 8674, P0, Not Active, Not Active, Not Active
2026/07/20 00:48:12.733, 0, ${V100_GPU_0_UUID}, 00000000:01:00.0, 900, 877, 32.37, 150.00, 55, 54, 5, 8432, P0, Not Active, Not Active, Not Active
2026/07/20 00:48:12.739, 1, ${V100_GPU_1_UUID}, 00000000:02:00.0, 900, 877, 30.76, 150.00, 53, 52, 0, 8674, P0, Not Active, Not Active, Not Active
2026/07/20 00:48:12.876, 0, ${V100_GPU_0_UUID}, 00000000:01:00.0, 900, 877, 32.39, 150.00, 55, 54, 6, 8432, P0, Not Active, Not Active, Not Active
2026/07/20 00:48:12.884, 1, ${V100_GPU_1_UUID}, 00000000:02:00.0, 900, 877, 30.78, 150.00, 53, 52, 0, 8674, P0, Not Active, Not Active, Not Active
2026/07/20 00:48:13.049, 0, ${V100_GPU_0_UUID}, 00000000:01:00.0, 900, 877, 32.37, 150.00, 55, 54, 5, 8432, P0, Not Active, Not Active, Not Active
2026/07/20 00:48:13.055, 1, ${V100_GPU_1_UUID}, 00000000:02:00.0, 900, 877, 30.78, 150.00, 53, 52, 0, 8674, P0, Not Active, Not Active, Not Active
2026/07/20 00:48:13.207, 0, ${V100_GPU_0_UUID}, 00000000:01:00.0, 900, 877, 32.39, 150.00, 55, 54, 6, 8432, P0, Not Active, Not Active, Not Active
2026/07/20 00:48:13.220, 1, ${V100_GPU_1_UUID}, 00000000:02:00.0, 900, 877, 30.78, 150.00, 53, 52, 0, 8674, P0, Not Active, Not Active, Not Active
2026/07/20 00:48:13.356, 0, ${V100_GPU_0_UUID}, 00000000:01:00.0, 900, 877, 32.37, 150.00, 55, 54, 6, 8432, P0, Not Active, Not Active, Not Active
2026/07/20 00:48:13.362, 1, ${V100_GPU_1_UUID}, 00000000:02:00.0, 900, 877, 30.76, 150.00, 53, 52, 0, 8674, P0, Not Active, Not Active, Not Active
2026/07/20 00:48:13.527, 0, ${V100_GPU_0_UUID}, 00000000:01:00.0, 900, 877, 32.39, 150.00, 55, 54, 8, 8432, P0, Not Active, Not Active, Not Active
2026/07/20 00:48:13.534, 1, ${V100_GPU_1_UUID}, 00000000:02:00.0, 900, 877, 30.78, 150.00, 53, 52, 0, 8674, P0, Not Active, Not Active, Not Active
2026/07/20 00:48:13.673, 0, ${V100_GPU_0_UUID}, 00000000:01:00.0, 900, 877, 32.39, 150.00, 55, 54, 9, 8432, P0, Not Active, Not Active, Not Active
2026/07/20 00:48:13.681, 1, ${V100_GPU_1_UUID}, 00000000:02:00.0, 900, 877, 30.78, 150.00, 53, 52, 0, 8674, P0, Not Active, Not Active, Not Active
2026/07/20 00:48:13.817, 0, ${V100_GPU_0_UUID}, 00000000:01:00.0, 900, 877, 32.85, 150.00, 55, 54, 9, 8432, P0, Not Active, Not Active, Not Active
2026/07/20 00:48:13.823, 1, ${V100_GPU_1_UUID}, 00000000:02:00.0, 900, 877, 30.76, 150.00, 53, 52, 0, 8674, P0, Not Active, Not Active, Not Active
2026/07/20 00:48:13.955, 0, ${V100_GPU_0_UUID}, 00000000:01:00.0, 900, 877, 32.37, 150.00, 55, 54, 13, 8432, P0, Not Active, Not Active, Not Active
2026/07/20 00:48:13.961, 1, ${V100_GPU_1_UUID}, 00000000:02:00.0, 900, 877, 30.78, 150.00, 53, 52, 0, 8674, P0, Not Active, Not Active, Not Active
2026/07/20 00:48:14.094, 0, ${V100_GPU_0_UUID}, 00000000:01:00.0, 900, 877, 32.35, 150.00, 55, 54, 13, 8432, P0, Not Active, Not Active, Not Active
2026/07/20 00:48:14.099, 1, ${V100_GPU_1_UUID}, 00000000:02:00.0, 900, 877, 30.76, 150.00, 53, 52, 0, 8674, P0, Not Active, Not Active, Not Active
2026/07/20 00:48:14.232, 0, ${V100_GPU_0_UUID}, 00000000:01:00.0, 900, 877, 32.37, 150.00, 55, 54, 8, 8432, P0, Not Active, Not Active, Not Active
2026/07/20 00:48:14.237, 1, ${V100_GPU_1_UUID}, 00000000:02:00.0, 900, 877, 30.78, 150.00, 53, 52, 0, 8674, P0, Not Active, Not Active, Not Active
2026/07/20 00:48:14.370, 0, ${V100_GPU_0_UUID}, 00000000:01:00.0, 900, 877, 32.37, 150.00, 55, 54, 9, 8432, P0, Not Active, Not Active, Not Active
2026/07/20 00:48:14.375, 1, ${V100_GPU_1_UUID}, 00000000:02:00.0, 900, 877, 30.78, 150.00, 53, 52, 0, 8674, P0, Not Active, Not Active, Not Active
2026/07/20 00:48:14.509, 0, ${V100_GPU_0_UUID}, 00000000:01:00.0, 900, 877, 32.39, 150.00, 55, 54, 10, 8432, P0, Not Active, Not Active, Not Active
2026/07/20 00:48:14.514, 1, ${V100_GPU_1_UUID}, 00000000:02:00.0, 900, 877, 30.78, 150.00, 53, 52, 0, 8674, P0, Not Active, Not Active, Not Active
2026/07/20 00:48:14.650, 0, ${V100_GPU_0_UUID}, 00000000:01:00.0, 900, 877, 32.39, 150.00, 55, 54, 10, 8432, P0, Not Active, Not Active, Not Active
2026/07/20 00:48:14.657, 1, ${V100_GPU_1_UUID}, 00000000:02:00.0, 900, 877, 30.78, 150.00, 53, 52, 0, 8674, P0, Not Active, Not Active, Not Active
2026/07/20 00:48:14.789, 0, ${V100_GPU_0_UUID}, 00000000:01:00.0, 900, 877, 32.37, 150.00, 55, 54, 6, 8432, P0, Not Active, Not Active, Not Active
2026/07/20 00:48:14.795, 1, ${V100_GPU_1_UUID}, 00000000:02:00.0, 900, 877, 30.78, 150.00, 53, 52, 0, 8674, P0, Not Active, Not Active, Not Active
2026/07/20 00:48:14.928, 0, ${V100_GPU_0_UUID}, 00000000:01:00.0, 900, 877, 32.85, 150.00, 55, 54, 7, 8432, P0, Not Active, Not Active, Not Active
2026/07/20 00:48:14.933, 1, ${V100_GPU_1_UUID}, 00000000:02:00.0, 900, 877, 30.76, 150.00, 53, 52, 0, 8674, P0, Not Active, Not Active, Not Active
2026/07/20 00:48:15.076, 0, ${V100_GPU_0_UUID}, 00000000:01:00.0, 900, 877, 32.39, 150.00, 55, 54, 12, 8432, P0, Not Active, Not Active, Not Active
2026/07/20 00:48:15.083, 1, ${V100_GPU_1_UUID}, 00000000:02:00.0, 900, 877, 30.78, 150.00, 53, 52, 0, 8674, P0, Not Active, Not Active, Not Active
2026/07/20 00:48:15.216, 0, ${V100_GPU_0_UUID}, 00000000:01:00.0, 900, 877, 32.37, 150.00, 55, 54, 13, 8432, P0, Not Active, Not Active, Not Active
2026/07/20 00:48:15.221, 1, ${V100_GPU_1_UUID}, 00000000:02:00.0, 900, 877, 30.76, 150.00, 53, 52, 0, 8674, P0, Not Active, Not Active, Not Active
2026/07/20 00:48:15.354, 0, ${V100_GPU_0_UUID}, 00000000:01:00.0, 900, 877, 32.37, 150.00, 55, 54, 10, 8432, P0, Not Active, Not Active, Not Active
2026/07/20 00:48:15.361, 1, ${V100_GPU_1_UUID}, 00000000:02:00.0, 900, 877, 30.76, 150.00, 53, 52, 0, 8674, P0, Not Active, Not Active, Not Active
2026/07/20 00:48:15.499, 0, ${V100_GPU_0_UUID}, 00000000:01:00.0, 900, 877, 32.39, 150.00, 55, 54, 4, 8432, P0, Not Active, Not Active, Not Active
2026/07/20 00:48:15.506, 1, ${V100_GPU_1_UUID}, 00000000:02:00.0, 900, 877, 30.78, 150.00, 53, 52, 0, 8674, P0, Not Active, Not Active, Not Active
2026/07/20 00:48:15.646, 0, ${V100_GPU_0_UUID}, 00000000:01:00.0, 900, 877, 32.37, 150.00, 55, 54, 4, 8432, P0, Not Active, Not Active, Not Active
2026/07/20 00:48:15.653, 1, ${V100_GPU_1_UUID}, 00000000:02:00.0, 900, 877, 30.76, 150.00, 53, 52, 0, 8674, P0, Not Active, Not Active, Not Active
2026/07/20 00:48:15.817, 0, ${V100_GPU_0_UUID}, 00000000:01:00.0, 900, 877, 32.39, 150.00, 55, 54, 11, 8432, P0, Not Active, Not Active, Not Active
2026/07/20 00:48:15.824, 1, ${V100_GPU_1_UUID}, 00000000:02:00.0, 900, 877, 30.78, 150.00, 53, 52, 0, 8674, P0, Not Active, Not Active, Not Active
2026/07/20 00:48:15.958, 0, ${V100_GPU_0_UUID}, 00000000:01:00.0, 900, 877, 32.85, 150.00, 55, 54, 11, 8432, P0, Not Active, Not Active, Not Active
2026/07/20 00:48:15.964, 1, ${V100_GPU_1_UUID}, 00000000:02:00.0, 900, 877, 30.78, 150.00, 53, 52, 0, 8674, P0, Not Active, Not Active, Not Active
2026/07/20 00:48:16.098, 0, ${V100_GPU_0_UUID}, 00000000:01:00.0, 900, 877, 32.39, 150.00, 55, 54, 13, 8432, P0, Not Active, Not Active, Not Active
2026/07/20 00:48:16.104, 1, ${V100_GPU_1_UUID}, 00000000:02:00.0, 900, 877, 30.78, 150.00, 53, 52, 0, 8674, P0, Not Active, Not Active, Not Active
2026/07/20 00:48:16.238, 0, ${V100_GPU_0_UUID}, 00000000:01:00.0, 900, 877, 32.37, 150.00, 55, 54, 12, 8432, P0, Not Active, Not Active, Not Active
2026/07/20 00:48:16.244, 1, ${V100_GPU_1_UUID}, 00000000:02:00.0, 900, 877, 30.76, 150.00, 53, 52, 0, 8674, P0, Not Active, Not Active, Not Active
2026/07/20 00:48:16.405, 0, ${V100_GPU_0_UUID}, 00000000:01:00.0, 900, 877, 32.39, 150.00, 55, 54, 11, 8432, P0, Not Active, Not Active, Not Active
2026/07/20 00:48:16.413, 1, ${V100_GPU_1_UUID}, 00000000:02:00.0, 900, 877, 30.78, 150.00, 53, 52, 0, 8674, P0, Not Active, Not Active, Not Active
2026/07/20 00:48:16.546, 0, ${V100_GPU_0_UUID}, 00000000:01:00.0, 900, 877, 32.37, 150.00, 55, 54, 12, 8432, P0, Not Active, Not Active, Not Active
2026/07/20 00:48:16.552, 1, ${V100_GPU_1_UUID}, 00000000:02:00.0, 900, 877, 30.76, 150.00, 53, 52, 0, 8674, P0, Not Active, Not Active, Not Active
2026/07/20 00:48:16.687, 0, ${V100_GPU_0_UUID}, 00000000:01:00.0, 900, 877, 32.39, 150.00, 55, 54, 10, 8432, P0, Not Active, Not Active, Not Active
2026/07/20 00:48:16.693, 1, ${V100_GPU_1_UUID}, 00000000:02:00.0, 900, 877, 30.78, 150.00, 53, 52, 0, 8674, P0, Not Active, Not Active, Not Active
2026/07/20 00:48:16.826, 0, ${V100_GPU_0_UUID}, 00000000:01:00.0, 900, 877, 32.37, 150.00, 55, 54, 10, 8432, P0, Not Active, Not Active, Not Active
2026/07/20 00:48:16.831, 1, ${V100_GPU_1_UUID}, 00000000:02:00.0, 900, 877, 30.78, 150.00, 53, 52, 0, 8674, P0, Not Active, Not Active, Not Active
2026/07/20 00:48:16.964, 0, ${V100_GPU_0_UUID}, 00000000:01:00.0, 900, 877, 32.35, 150.00, 55, 54, 11, 8432, P0, Not Active, Not Active, Not Active
2026/07/20 00:48:16.970, 1, ${V100_GPU_1_UUID}, 00000000:02:00.0, 900, 877, 30.76, 150.00, 53, 52, 0, 8674, P0, Not Active, Not Active, Not Active
2026/07/20 00:48:17.109, 0, ${V100_GPU_0_UUID}, 00000000:01:00.0, 900, 877, 32.37, 150.00, 55, 54, 12, 8432, P0, Not Active, Not Active, Not Active
2026/07/20 00:48:17.115, 1, ${V100_GPU_1_UUID}, 00000000:02:00.0, 900, 877, 30.76, 150.00, 53, 52, 0, 8674, P0, Not Active, Not Active, Not Active
2026/07/20 00:48:17.261, 0, ${V100_GPU_0_UUID}, 00000000:01:00.0, 900, 877, 32.37, 150.00, 55, 54, 11, 8432, P0, Not Active, Not Active, Not Active
2026/07/20 00:48:17.267, 1, ${V100_GPU_1_UUID}, 00000000:02:00.0, 900, 877, 30.78, 150.00, 53, 52, 0, 8674, P0, Not Active, Not Active, Not Active
2026/07/20 00:48:17.399, 0, ${V100_GPU_0_UUID}, 00000000:01:00.0, 900, 877, 32.39, 150.00, 55, 54, 9, 8432, P0, Not Active, Not Active, Not Active
2026/07/20 00:48:17.404, 1, ${V100_GPU_1_UUID}, 00000000:02:00.0, 900, 877, 30.78, 150.00, 53, 52, 0, 8674, P0, Not Active, Not Active, Not Active
2026/07/20 00:48:17.561, 0, ${V100_GPU_0_UUID}, 00000000:01:00.0, 900, 877, 32.37, 150.00, 55, 54, 9, 8432, P0, Not Active, Not Active, Not Active
2026/07/20 00:48:17.567, 1, ${V100_GPU_1_UUID}, 00000000:02:00.0, 900, 877, 30.76, 150.00, 53, 52, 0, 8674, P0, Not Active, Not Active, Not Active
2026/07/20 00:48:17.726, 0, ${V100_GPU_0_UUID}, 00000000:01:00.0, 900, 877, 32.39, 150.00, 55, 54, 11, 8432, P0, Not Active, Not Active, Not Active
2026/07/20 00:48:17.735, 1, ${V100_GPU_1_UUID}, 00000000:02:00.0, 900, 877, 30.78, 150.00, 53, 52, 0, 8674, P0, Not Active, Not Active, Not Active
2026/07/20 00:48:17.870, 0, ${V100_GPU_0_UUID}, 00000000:01:00.0, 900, 877, 32.37, 150.00, 55, 54, 8, 8432, P0, Not Active, Not Active, Not Active
2026/07/20 00:48:17.876, 1, ${V100_GPU_1_UUID}, 00000000:02:00.0, 900, 877, 30.76, 150.00, 53, 52, 0, 8674, P0, Not Active, Not Active, Not Active
2026/07/20 00:48:18.041, 0, ${V100_GPU_0_UUID}, 00000000:01:00.0, 900, 877, 32.39, 150.00, 55, 54, 6, 8432, P0, Not Active, Not Active, Not Active
2026/07/20 00:48:18.048, 1, ${V100_GPU_1_UUID}, 00000000:02:00.0, 900, 877, 30.78, 150.00, 53, 52, 0, 8674, P0, Not Active, Not Active, Not Active
2026/07/20 00:48:18.182, 0, ${V100_GPU_0_UUID}, 00000000:01:00.0, 900, 877, 32.37, 150.00, 55, 54, 6, 8432, P0, Not Active, Not Active, Not Active
2026/07/20 00:48:18.188, 1, ${V100_GPU_1_UUID}, 00000000:02:00.0, 900, 877, 30.76, 150.00, 53, 52, 0, 8674, P0, Not Active, Not Active, Not Active
2026/07/20 00:48:18.322, 0, ${V100_GPU_0_UUID}, 00000000:01:00.0, 900, 877, 32.37, 150.00, 55, 54, 12, 8432, P0, Not Active, Not Active, Not Active
2026/07/20 00:48:18.327, 1, ${V100_GPU_1_UUID}, 00000000:02:00.0, 900, 877, 30.76, 150.00, 53, 52, 0, 8674, P0, Not Active, Not Active, Not Active
2026/07/20 00:48:18.460, 0, ${V100_GPU_0_UUID}, 00000000:01:00.0, 900, 877, 32.37, 150.00, 55, 54, 15, 8432, P0, Not Active, Not Active, Not Active
2026/07/20 00:48:18.466, 1, ${V100_GPU_1_UUID}, 00000000:02:00.0, 900, 877, 30.76, 150.00, 53, 52, 0, 8674, P0, Not Active, Not Active, Not Active
2026/07/20 00:48:18.599, 0, ${V100_GPU_0_UUID}, 00000000:01:00.0, 900, 877, 32.37, 150.00, 55, 54, 11, 8432, P0, Not Active, Not Active, Not Active
2026/07/20 00:48:18.605, 1, ${V100_GPU_1_UUID}, 00000000:02:00.0, 900, 877, 30.76, 150.00, 53, 52, 0, 8674, P0, Not Active, Not Active, Not Active
2026/07/20 00:48:18.738, 0, ${V100_GPU_0_UUID}, 00000000:01:00.0, 900, 877, 32.39, 150.00, 55, 54, 6, 8432, P0, Not Active, Not Active, Not Active
2026/07/20 00:48:18.743, 1, ${V100_GPU_1_UUID}, 00000000:02:00.0, 900, 877, 30.78, 150.00, 53, 52, 0, 8674, P0, Not Active, Not Active, Not Active
2026/07/20 00:48:18.879, 0, ${V100_GPU_0_UUID}, 00000000:01:00.0, 900, 877, 32.37, 150.00, 55, 54, 6, 8432, P0, Not Active, Not Active, Not Active
2026/07/20 00:48:18.884, 1, ${V100_GPU_1_UUID}, 00000000:02:00.0, 900, 877, 30.76, 150.00, 53, 52, 0, 8674, P0, Not Active, Not Active, Not Active
2026/07/20 00:48:19.017, 0, ${V100_GPU_0_UUID}, 00000000:01:00.0, 900, 877, 32.37, 150.00, 55, 54, 6, 8432, P0, Not Active, Not Active, Not Active
2026/07/20 00:48:19.023, 1, ${V100_GPU_1_UUID}, 00000000:02:00.0, 900, 877, 30.78, 150.00, 53, 52, 0, 8674, P0, Not Active, Not Active, Not Active
2026/07/20 00:48:19.156, 0, ${V100_GPU_0_UUID}, 00000000:01:00.0, 900, 877, 32.37, 150.00, 55, 54, 6, 8432, P0, Not Active, Not Active, Not Active
2026/07/20 00:48:19.162, 1, ${V100_GPU_1_UUID}, 00000000:02:00.0, 900, 877, 30.76, 150.00, 53, 52, 0, 8674, P0, Not Active, Not Active, Not Active
2026/07/20 00:48:19.294, 0, ${V100_GPU_0_UUID}, 00000000:01:00.0, 900, 877, 32.39, 150.00, 55, 54, 7, 8432, P0, Not Active, Not Active, Not Active
2026/07/20 00:48:19.300, 1, ${V100_GPU_1_UUID}, 00000000:02:00.0, 900, 877, 30.78, 150.00, 53, 52, 0, 8674, P0, Not Active, Not Active, Not Active
2026/07/20 00:48:19.432, 0, ${V100_GPU_0_UUID}, 00000000:01:00.0, 900, 877, 32.37, 150.00, 55, 54, 6, 8432, P0, Not Active, Not Active, Not Active
2026/07/20 00:48:19.438, 1, ${V100_GPU_1_UUID}, 00000000:02:00.0, 900, 877, 30.76, 150.00, 53, 52, 0, 8674, P0, Not Active, Not Active, Not Active
2026/07/20 00:48:19.577, 0, ${V100_GPU_0_UUID}, 00000000:01:00.0, 900, 877, 32.39, 150.00, 55, 54, 6, 8432, P0, Not Active, Not Active, Not Active
2026/07/20 00:48:19.585, 1, ${V100_GPU_1_UUID}, 00000000:02:00.0, 900, 877, 30.78, 150.00, 53, 52, 0, 8674, P0, Not Active, Not Active, Not Active
2026/07/20 00:48:19.723, 0, ${V100_GPU_0_UUID}, 00000000:01:00.0, 900, 877, 32.37, 150.00, 55, 54, 5, 8432, P0, Not Active, Not Active, Not Active
2026/07/20 00:48:19.729, 1, ${V100_GPU_1_UUID}, 00000000:02:00.0, 900, 877, 30.76, 150.00, 53, 52, 0, 8674, P0, Not Active, Not Active, Not Active
2026/07/20 00:48:19.863, 0, ${V100_GPU_0_UUID}, 00000000:01:00.0, 900, 877, 32.39, 150.00, 55, 54, 5, 8432, P0, Not Active, Not Active, Not Active
2026/07/20 00:48:19.868, 1, ${V100_GPU_1_UUID}, 00000000:02:00.0, 900, 877, 30.78, 150.00, 53, 52, 0, 8674, P0, Not Active, Not Active, Not Active
2026/07/20 00:48:20.028, 0, ${V100_GPU_0_UUID}, 00000000:01:00.0, 900, 877, 32.39, 150.00, 55, 54, 6, 8432, P0, Not Active, Not Active, Not Active
2026/07/20 00:48:20.035, 1, ${V100_GPU_1_UUID}, 00000000:02:00.0, 900, 877, 30.76, 150.00, 53, 52, 0, 8674, P0, Not Active, Not Active, Not Active
2026/07/20 00:48:20.167, 0, ${V100_GPU_0_UUID}, 00000000:01:00.0, 900, 877, 32.39, 150.00, 55, 54, 5, 8432, P0, Not Active, Not Active, Not Active
2026/07/20 00:48:20.173, 1, ${V100_GPU_1_UUID}, 00000000:02:00.0, 900, 877, 30.78, 150.00, 53, 52, 0, 8674, P0, Not Active, Not Active, Not Active
2026/07/20 00:48:20.311, 0, ${V100_GPU_0_UUID}, 00000000:01:00.0, 900, 877, 32.37, 150.00, 55, 54, 5, 8432, P0, Not Active, Not Active, Not Active
2026/07/20 00:48:20.317, 1, ${V100_GPU_1_UUID}, 00000000:02:00.0, 900, 877, 30.78, 150.00, 53, 52, 0, 8674, P0, Not Active, Not Active, Not Active
2026/07/20 00:48:20.476, 0, ${V100_GPU_0_UUID}, 00000000:01:00.0, 900, 877, 32.39, 150.00, 55, 54, 5, 8432, P0, Not Active, Not Active, Not Active
2026/07/20 00:48:20.484, 1, ${V100_GPU_1_UUID}, 00000000:02:00.0, 900, 877, 30.78, 150.00, 53, 52, 0, 8674, P0, Not Active, Not Active, Not Active
2026/07/20 00:48:20.620, 0, ${V100_GPU_0_UUID}, 00000000:01:00.0, 900, 877, 32.37, 150.00, 55, 54, 6, 8432, P0, Not Active, Not Active, Not Active
2026/07/20 00:48:20.626, 1, ${V100_GPU_1_UUID}, 00000000:02:00.0, 900, 877, 30.78, 150.00, 53, 52, 0, 8674, P0, Not Active, Not Active, Not Active
2026/07/20 00:48:20.768, 0, ${V100_GPU_0_UUID}, 00000000:01:00.0, 900, 877, 32.37, 150.00, 55, 54, 5, 8432, P0, Not Active, Not Active, Not Active
2026/07/20 00:48:20.774, 1, ${V100_GPU_1_UUID}, 00000000:02:00.0, 900, 877, 30.78, 150.00, 53, 52, 0, 8674, P0, Not Active, Not Active, Not Active
2026/07/20 00:48:20.925, 0, ${V100_GPU_0_UUID}, 00000000:01:00.0, 900, 877, 32.39, 150.00, 55, 54, 6, 8432, P0, Not Active, Not Active, Not Active
2026/07/20 00:48:20.931, 1, ${V100_GPU_1_UUID}, 00000000:02:00.0, 900, 877, 30.78, 150.00, 53, 52, 0, 8674, P0, Not Active, Not Active, Not Active
2026/07/20 00:48:21.071, 0, ${V100_GPU_0_UUID}, 00000000:01:00.0, 900, 877, 32.39, 150.00, 55, 54, 6, 8432, P0, Not Active, Not Active, Not Active
2026/07/20 00:48:21.080, 1, ${V100_GPU_1_UUID}, 00000000:02:00.0, 900, 877, 30.78, 150.00, 53, 52, 0, 8674, P0, Not Active, Not Active, Not Active
2026/07/20 00:48:21.221, 0, ${V100_GPU_0_UUID}, 00000000:01:00.0, 900, 877, 32.39, 150.00, 55, 54, 7, 8432, P0, Not Active, Not Active, Not Active
2026/07/20 00:48:21.227, 1, ${V100_GPU_1_UUID}, 00000000:02:00.0, 900, 877, 30.78, 150.00, 53, 52, 0, 8674, P0, Not Active, Not Active, Not Active
2026/07/20 00:48:21.391, 0, ${V100_GPU_0_UUID}, 00000000:01:00.0, 900, 877, 32.39, 150.00, 55, 54, 6, 8432, P0, Not Active, Not Active, Not Active
2026/07/20 00:48:21.398, 1, ${V100_GPU_1_UUID}, 00000000:02:00.0, 900, 877, 30.78, 150.00, 53, 52, 0, 8674, P0, Not Active, Not Active, Not Active
2026/07/20 00:48:21.537, 0, ${V100_GPU_0_UUID}, 00000000:01:00.0, 900, 877, 32.39, 150.00, 55, 54, 6, 8432, P0, Not Active, Not Active, Not Active
2026/07/20 00:48:21.543, 1, ${V100_GPU_1_UUID}, 00000000:02:00.0, 900, 877, 30.78, 150.00, 53, 52, 0, 8674, P0, Not Active, Not Active, Not Active
2026/07/20 00:48:21.676, 0, ${V100_GPU_0_UUID}, 00000000:01:00.0, 900, 877, 32.37, 150.00, 55, 54, 6, 8432, P0, Not Active, Not Active, Not Active
2026/07/20 00:48:21.681, 1, ${V100_GPU_1_UUID}, 00000000:02:00.0, 900, 877, 30.78, 150.00, 53, 52, 0, 8674, P0, Not Active, Not Active, Not Active
2026/07/20 00:48:21.843, 0, ${V100_GPU_0_UUID}, 00000000:01:00.0, 900, 877, 32.39, 150.00, 55, 54, 6, 8432, P0, Not Active, Not Active, Not Active
2026/07/20 00:48:21.851, 1, ${V100_GPU_1_UUID}, 00000000:02:00.0, 900, 877, 30.78, 150.00, 53, 52, 0, 8674, P0, Not Active, Not Active, Not Active
2026/07/20 00:48:21.984, 0, ${V100_GPU_0_UUID}, 00000000:01:00.0, 900, 877, 32.37, 150.00, 55, 54, 7, 8432, P0, Not Active, Not Active, Not Active
2026/07/20 00:48:21.990, 1, ${V100_GPU_1_UUID}, 00000000:02:00.0, 900, 877, 30.78, 150.00, 53, 52, 0, 8674, P0, Not Active, Not Active, Not Active
2026/07/20 00:48:22.153, 0, ${V100_GPU_0_UUID}, 00000000:01:00.0, 900, 877, 32.39, 150.00, 55, 54, 6, 8432, P0, Not Active, Not Active, Not Active
2026/07/20 00:48:22.170, 1, ${V100_GPU_1_UUID}, 00000000:02:00.0, 900, 877, 30.78, 150.00, 53, 52, 0, 8674, P0, Not Active, Not Active, Not Active
2026/07/20 00:48:22.327, 0, ${V100_GPU_0_UUID}, 00000000:01:00.0, 900, 877, 32.39, 150.00, 55, 54, 7, 8432, P0, Not Active, Not Active, Not Active
2026/07/20 00:48:22.335, 1, ${V100_GPU_1_UUID}, 00000000:02:00.0, 900, 877, 30.78, 150.00, 53, 52, 0, 8674, P0, Not Active, Not Active, Not Active
2026/07/20 00:48:22.473, 0, ${V100_GPU_0_UUID}, 00000000:01:00.0, 900, 877, 32.39, 150.00, 55, 54, 8, 8432, P0, Not Active, Not Active, Not Active
2026/07/20 00:48:22.479, 1, ${V100_GPU_1_UUID}, 00000000:02:00.0, 900, 877, 30.78, 150.00, 53, 52, 0, 8674, P0, Not Active, Not Active, Not Active
2026/07/20 00:48:22.636, 0, ${V100_GPU_0_UUID}, 00000000:01:00.0, 900, 877, 32.39, 150.00, 55, 54, 8, 8432, P0, Not Active, Not Active, Not Active
2026/07/20 00:48:22.642, 1, ${V100_GPU_1_UUID}, 00000000:02:00.0, 900, 877, 30.78, 150.00, 53, 52, 0, 8674, P0, Not Active, Not Active, Not Active
2026/07/20 00:48:22.790, 0, ${V100_GPU_0_UUID}, 00000000:01:00.0, 900, 877, 32.39, 150.00, 55, 54, 7, 8432, P0, Not Active, Not Active, Not Active
2026/07/20 00:48:22.802, 1, ${V100_GPU_1_UUID}, 00000000:02:00.0, 900, 877, 30.78, 150.00, 53, 52, 0, 8674, P0, Not Active, Not Active, Not Active
2026/07/20 00:48:22.939, 0, ${V100_GPU_0_UUID}, 00000000:01:00.0, 900, 877, 32.39, 150.00, 55, 54, 7, 8432, P0, Not Active, Not Active, Not Active
2026/07/20 00:48:22.945, 1, ${V100_GPU_1_UUID}, 00000000:02:00.0, 900, 877, 30.78, 150.00, 53, 52, 0, 8674, P0, Not Active, Not Active, Not Active
2026/07/20 00:48:23.108, 0, ${V100_GPU_0_UUID}, 00000000:01:00.0, 900, 877, 32.39, 150.00, 55, 54, 6, 8432, P0, Not Active, Not Active, Not Active
2026/07/20 00:48:23.115, 1, ${V100_GPU_1_UUID}, 00000000:02:00.0, 900, 877, 30.78, 150.00, 53, 52, 0, 8674, P0, Not Active, Not Active, Not Active
2026/07/20 00:48:23.258, 0, ${V100_GPU_0_UUID}, 00000000:01:00.0, 900, 877, 32.39, 150.00, 55, 54, 6, 8432, P0, Not Active, Not Active, Not Active
2026/07/20 00:48:23.268, 1, ${V100_GPU_1_UUID}, 00000000:02:00.0, 900, 877, 30.78, 150.00, 53, 52, 0, 8674, P0, Not Active, Not Active, Not Active
2026/07/20 00:48:23.409, 0, ${V100_GPU_0_UUID}, 00000000:01:00.0, 900, 877, 32.37, 150.00, 55, 54, 5, 8432, P0, Not Active, Not Active, Not Active
2026/07/20 00:48:23.414, 1, ${V100_GPU_1_UUID}, 00000000:02:00.0, 900, 877, 30.76, 150.00, 53, 52, 0, 8674, P0, Not Active, Not Active, Not Active
2026/07/20 00:48:23.577, 0, ${V100_GPU_0_UUID}, 00000000:01:00.0, 900, 877, 32.39, 150.00, 55, 54, 5, 8432, P0, Not Active, Not Active, Not Active
2026/07/20 00:48:23.585, 1, ${V100_GPU_1_UUID}, 00000000:02:00.0, 900, 877, 30.78, 150.00, 53, 52, 0, 8674, P0, Not Active, Not Active, Not Active
2026/07/20 00:48:23.718, 0, ${V100_GPU_0_UUID}, 00000000:01:00.0, 900, 877, 32.37, 150.00, 55, 54, 5, 8432, P0, Not Active, Not Active, Not Active
2026/07/20 00:48:23.724, 1, ${V100_GPU_1_UUID}, 00000000:02:00.0, 900, 877, 30.78, 150.00, 53, 52, 0, 8674, P0, Not Active, Not Active, Not Active
2026/07/20 00:48:23.886, 0, ${V100_GPU_0_UUID}, 00000000:01:00.0, 900, 877, 32.39, 150.00, 55, 54, 5, 8432, P0, Not Active, Not Active, Not Active
2026/07/20 00:48:23.893, 1, ${V100_GPU_1_UUID}, 00000000:02:00.0, 900, 877, 30.78, 150.00, 53, 52, 0, 8674, P0, Not Active, Not Active, Not Active
2026/07/20 00:48:24.028, 0, ${V100_GPU_0_UUID}, 00000000:01:00.0, 900, 877, 32.39, 150.00, 55, 54, 5, 8432, P0, Not Active, Not Active, Not Active
2026/07/20 00:48:24.034, 1, ${V100_GPU_1_UUID}, 00000000:02:00.0, 900, 877, 30.78, 150.00, 53, 52, 0, 8674, P0, Not Active, Not Active, Not Active
2026/07/20 00:48:24.197, 0, ${V100_GPU_0_UUID}, 00000000:01:00.0, 900, 877, 32.39, 150.00, 55, 54, 5, 8432, P0, Not Active, Not Active, Not Active
2026/07/20 00:48:24.203, 1, ${V100_GPU_1_UUID}, 00000000:02:00.0, 900, 877, 30.78, 150.00, 53, 52, 0, 8674, P0, Not Active, Not Active, Not Active
2026/07/20 00:48:24.356, 0, ${V100_GPU_0_UUID}, 00000000:01:00.0, 900, 877, 32.39, 150.00, 55, 54, 5, 8432, P0, Not Active, Not Active, Not Active
2026/07/20 00:48:24.370, 1, ${V100_GPU_1_UUID}, 00000000:02:00.0, 900, 877, 30.78, 150.00, 53, 52, 0, 8674, P0, Not Active, Not Active, Not Active
2026/07/20 00:48:24.508, 0, ${V100_GPU_0_UUID}, 00000000:01:00.0, 900, 877, 32.37, 150.00, 55, 54, 5, 8432, P0, Not Active, Not Active, Not Active
2026/07/20 00:48:24.513, 1, ${V100_GPU_1_UUID}, 00000000:02:00.0, 900, 877, 30.76, 150.00, 53, 52, 0, 8674, P0, Not Active, Not Active, Not Active
2026/07/20 00:48:24.677, 0, ${V100_GPU_0_UUID}, 00000000:01:00.0, 900, 877, 32.39, 150.00, 55, 54, 5, 8432, P0, Not Active, Not Active, Not Active
2026/07/20 00:48:24.684, 1, ${V100_GPU_1_UUID}, 00000000:02:00.0, 900, 877, 30.78, 150.00, 53, 52, 0, 8674, P0, Not Active, Not Active, Not Active
2026/07/20 00:48:24.817, 0, ${V100_GPU_0_UUID}, 00000000:01:00.0, 900, 877, 32.37, 150.00, 55, 54, 5, 8432, P0, Not Active, Not Active, Not Active
2026/07/20 00:48:24.823, 1, ${V100_GPU_1_UUID}, 00000000:02:00.0, 900, 877, 30.78, 150.00, 53, 52, 0, 8674, P0, Not Active, Not Active, Not Active
2026/07/20 00:48:24.983, 0, ${V100_GPU_0_UUID}, 00000000:01:00.0, 900, 877, 32.39, 150.00, 55, 54, 6, 8432, P0, Not Active, Not Active, Not Active
2026/07/20 00:48:24.990, 1, ${V100_GPU_1_UUID}, 00000000:02:00.0, 900, 877, 30.78, 150.00, 53, 52, 0, 8674, P0, Not Active, Not Active, Not Active
2026/07/20 00:48:25.122, 0, ${V100_GPU_0_UUID}, 00000000:01:00.0, 900, 877, 32.39, 150.00, 55, 54, 5, 8432, P0, Not Active, Not Active, Not Active
2026/07/20 00:48:25.128, 1, ${V100_GPU_1_UUID}, 00000000:02:00.0, 900, 877, 30.78, 150.00, 53, 52, 0, 8674, P0, Not Active, Not Active, Not Active
2026/07/20 00:48:25.288, 0, ${V100_GPU_0_UUID}, 00000000:01:00.0, 900, 877, 32.39, 150.00, 55, 54, 5, 8432, P0, Not Active, Not Active, Not Active
2026/07/20 00:48:25.296, 1, ${V100_GPU_1_UUID}, 00000000:02:00.0, 900, 877, 30.78, 150.00, 53, 52, 0, 8674, P0, Not Active, Not Active, Not Active
2026/07/20 00:48:25.443, 0, ${V100_GPU_0_UUID}, 00000000:01:00.0, 900, 877, 32.39, 150.00, 55, 54, 5, 8432, P0, Not Active, Not Active, Not Active
2026/07/20 00:48:25.454, 1, ${V100_GPU_1_UUID}, 00000000:02:00.0, 900, 877, 30.78, 150.00, 53, 52, 0, 8674, P0, Not Active, Not Active, Not Active
2026/07/20 00:48:25.609, 0, ${V100_GPU_0_UUID}, 00000000:01:00.0, 900, 877, 32.39, 150.00, 55, 54, 5, 8432, P0, Not Active, Not Active, Not Active
2026/07/20 00:48:25.615, 1, ${V100_GPU_1_UUID}, 00000000:02:00.0, 900, 877, 30.78, 150.00, 53, 52, 0, 8674, P0, Not Active, Not Active, Not Active
2026/07/20 00:48:25.778, 0, ${V100_GPU_0_UUID}, 00000000:01:00.0, 900, 877, 32.39, 150.00, 55, 54, 5, 8432, P0, Not Active, Not Active, Not Active
2026/07/20 00:48:25.786, 1, ${V100_GPU_1_UUID}, 00000000:02:00.0, 900, 877, 30.78, 150.00, 53, 52, 0, 8674, P0, Not Active, Not Active, Not Active
2026/07/20 00:48:25.919, 0, ${V100_GPU_0_UUID}, 00000000:01:00.0, 900, 877, 32.37, 150.00, 55, 54, 5, 8432, P0, Not Active, Not Active, Not Active
2026/07/20 00:48:25.925, 1, ${V100_GPU_1_UUID}, 00000000:02:00.0, 900, 877, 30.78, 150.00, 53, 52, 0, 8674, P0, Not Active, Not Active, Not Active
2026/07/20 00:48:26.058, 0, ${V100_GPU_0_UUID}, 00000000:01:00.0, 900, 877, 32.39, 150.00, 55, 54, 5, 8432, P0, Not Active, Not Active, Not Active
2026/07/20 00:48:26.064, 1, ${V100_GPU_1_UUID}, 00000000:02:00.0, 900, 877, 30.78, 150.00, 53, 52, 0, 8674, P0, Not Active, Not Active, Not Active
2026/07/20 00:48:26.196, 0, ${V100_GPU_0_UUID}, 00000000:01:00.0, 900, 877, 32.37, 150.00, 55, 54, 6, 8432, P0, Not Active, Not Active, Not Active
2026/07/20 00:48:26.202, 1, ${V100_GPU_1_UUID}, 00000000:02:00.0, 900, 877, 30.76, 150.00, 53, 52, 0, 8674, P0, Not Active, Not Active, Not Active
2026/07/20 00:48:26.343, 0, ${V100_GPU_0_UUID}, 00000000:01:00.0, 900, 877, 32.37, 150.00, 55, 54, 5, 8432, P0, Not Active, Not Active, Not Active
2026/07/20 00:48:26.349, 1, ${V100_GPU_1_UUID}, 00000000:02:00.0, 900, 877, 30.78, 150.00, 53, 52, 0, 8674, P0, Not Active, Not Active, Not Active
2026/07/20 00:48:26.481, 0, ${V100_GPU_0_UUID}, 00000000:01:00.0, 900, 877, 32.37, 150.00, 55, 54, 5, 8432, P0, Not Active, Not Active, Not Active
2026/07/20 00:48:26.487, 1, ${V100_GPU_1_UUID}, 00000000:02:00.0, 900, 877, 30.76, 150.00, 53, 52, 0, 8674, P0, Not Active, Not Active, Not Active
2026/07/20 00:48:26.643, 0, ${V100_GPU_0_UUID}, 00000000:01:00.0, 900, 877, 32.37, 150.00, 55, 54, 5, 8432, P0, Not Active, Not Active, Not Active
2026/07/20 00:48:26.649, 1, ${V100_GPU_1_UUID}, 00000000:02:00.0, 900, 877, 30.76, 150.00, 53, 52, 0, 8674, P0, Not Active, Not Active, Not Active
2026/07/20 00:48:26.793, 0, ${V100_GPU_0_UUID}, 00000000:01:00.0, 900, 877, 32.37, 150.00, 55, 54, 4, 8432, P0, Not Active, Not Active, Not Active
2026/07/20 00:48:26.799, 1, ${V100_GPU_1_UUID}, 00000000:02:00.0, 900, 877, 30.76, 150.00, 53, 52, 0, 8674, P0, Not Active, Not Active, Not Active
2026/07/20 00:48:26.946, 0, ${V100_GPU_0_UUID}, 00000000:01:00.0, 900, 877, 32.37, 150.00, 55, 54, 4, 8432, P0, Not Active, Not Active, Not Active
2026/07/20 00:48:26.952, 1, ${V100_GPU_1_UUID}, 00000000:02:00.0, 900, 877, 30.76, 150.00, 53, 52, 0, 8674, P0, Not Active, Not Active, Not Active
2026/07/20 00:48:27.114, 0, ${V100_GPU_0_UUID}, 00000000:01:00.0, 900, 877, 32.39, 150.00, 55, 54, 5, 8432, P0, Not Active, Not Active, Not Active
2026/07/20 00:48:27.121, 1, ${V100_GPU_1_UUID}, 00000000:02:00.0, 900, 877, 30.78, 150.00, 53, 52, 0, 8674, P0, Not Active, Not Active, Not Active
2026/07/20 00:48:27.254, 0, ${V100_GPU_0_UUID}, 00000000:01:00.0, 900, 877, 32.37, 150.00, 55, 54, 5, 8432, P0, Not Active, Not Active, Not Active
2026/07/20 00:48:27.260, 1, ${V100_GPU_1_UUID}, 00000000:02:00.0, 900, 877, 30.76, 150.00, 53, 52, 0, 8674, P0, Not Active, Not Active, Not Active
2026/07/20 00:48:27.423, 0, ${V100_GPU_0_UUID}, 00000000:01:00.0, 900, 877, 32.39, 150.00, 55, 54, 5, 8432, P0, Not Active, Not Active, Not Active
2026/07/20 00:48:27.430, 1, ${V100_GPU_1_UUID}, 00000000:02:00.0, 900, 877, 30.78, 150.00, 53, 52, 0, 8674, P0, Not Active, Not Active, Not Active
2026/07/20 00:48:27.564, 0, ${V100_GPU_0_UUID}, 00000000:01:00.0, 900, 877, 32.39, 150.00, 55, 54, 5, 8432, P0, Not Active, Not Active, Not Active
2026/07/20 00:48:27.570, 1, ${V100_GPU_1_UUID}, 00000000:02:00.0, 900, 877, 30.78, 150.00, 53, 52, 0, 8674, P0, Not Active, Not Active, Not Active
2026/07/20 00:48:27.713, 0, ${V100_GPU_0_UUID}, 00000000:01:00.0, 900, 877, 32.37, 150.00, 55, 54, 5, 8432, P0, Not Active, Not Active, Not Active
2026/07/20 00:48:27.720, 1, ${V100_GPU_1_UUID}, 00000000:02:00.0, 900, 877, 30.78, 150.00, 53, 52, 0, 8674, P0, Not Active, Not Active, Not Active
2026/07/20 00:48:27.879, 0, ${V100_GPU_0_UUID}, 00000000:01:00.0, 900, 877, 32.39, 150.00, 55, 54, 5, 8432, P0, Not Active, Not Active, Not Active
2026/07/20 00:48:27.886, 1, ${V100_GPU_1_UUID}, 00000000:02:00.0, 900, 877, 30.78, 150.00, 53, 52, 0, 8674, P0, Not Active, Not Active, Not Active
2026/07/20 00:48:28.036, 0, ${V100_GPU_0_UUID}, 00000000:01:00.0, 900, 877, 32.37, 150.00, 55, 54, 5, 8432, P0, Not Active, Not Active, Not Active
2026/07/20 00:48:28.042, 1, ${V100_GPU_1_UUID}, 00000000:02:00.0, 900, 877, 30.78, 150.00, 53, 52, 0, 8674, P0, Not Active, Not Active, Not Active
2026/07/20 00:48:28.189, 0, ${V100_GPU_0_UUID}, 00000000:01:00.0, 900, 877, 32.39, 150.00, 55, 54, 5, 8432, P0, Not Active, Not Active, Not Active
2026/07/20 00:48:28.199, 1, ${V100_GPU_1_UUID}, 00000000:02:00.0, 900, 877, 30.78, 150.00, 53, 52, 0, 8674, P0, Not Active, Not Active, Not Active
2026/07/20 00:48:28.357, 0, ${V100_GPU_0_UUID}, 00000000:01:00.0, 900, 877, 32.39, 150.00, 55, 54, 5, 8432, P0, Not Active, Not Active, Not Active
2026/07/20 00:48:28.363, 1, ${V100_GPU_1_UUID}, 00000000:02:00.0, 900, 877, 30.78, 150.00, 53, 52, 0, 8674, P0, Not Active, Not Active, Not Active
2026/07/20 00:48:28.505, 0, ${V100_GPU_0_UUID}, 00000000:01:00.0, 900, 877, 32.39, 150.00, 55, 54, 5, 8432, P0, Not Active, Not Active, Not Active
2026/07/20 00:48:28.515, 1, ${V100_GPU_1_UUID}, 00000000:02:00.0, 900, 877, 30.78, 150.00, 53, 52, 0, 8674, P0, Not Active, Not Active, Not Active
2026/07/20 00:48:28.654, 0, ${V100_GPU_0_UUID}, 00000000:01:00.0, 900, 877, 32.39, 150.00, 55, 54, 5, 8432, P0, Not Active, Not Active, Not Active
2026/07/20 00:48:28.660, 1, ${V100_GPU_1_UUID}, 00000000:02:00.0, 900, 877, 30.78, 150.00, 53, 52, 0, 8674, P0, Not Active, Not Active, Not Active
2026/07/20 00:48:28.810, 0, ${V100_GPU_0_UUID}, 00000000:01:00.0, 900, 877, 32.37, 150.00, 55, 54, 5, 8432, P0, Not Active, Not Active, Not Active
2026/07/20 00:48:28.816, 1, ${V100_GPU_1_UUID}, 00000000:02:00.0, 900, 877, 30.78, 150.00, 53, 52, 0, 8674, P0, Not Active, Not Active, Not Active
2026/07/20 00:48:28.953, 0, ${V100_GPU_0_UUID}, 00000000:01:00.0, 900, 877, 32.39, 150.00, 55, 54, 5, 8432, P0, Not Active, Not Active, Not Active
2026/07/20 00:48:28.959, 1, ${V100_GPU_1_UUID}, 00000000:02:00.0, 900, 877, 30.78, 150.00, 53, 52, 0, 8674, P0, Not Active, Not Active, Not Active
2026/07/20 00:48:29.121, 0, ${V100_GPU_0_UUID}, 00000000:01:00.0, 900, 877, 32.39, 150.00, 55, 54, 5, 8432, P0, Not Active, Not Active, Not Active
2026/07/20 00:48:29.128, 1, ${V100_GPU_1_UUID}, 00000000:02:00.0, 900, 877, 30.78, 150.00, 53, 52, 0, 8674, P0, Not Active, Not Active, Not Active
2026/07/20 00:48:29.262, 0, ${V100_GPU_0_UUID}, 00000000:01:00.0, 900, 877, 32.39, 150.00, 55, 54, 5, 8432, P0, Not Active, Not Active, Not Active
2026/07/20 00:48:29.267, 1, ${V100_GPU_1_UUID}, 00000000:02:00.0, 900, 877, 30.78, 150.00, 53, 52, 0, 8674, P0, Not Active, Not Active, Not Active
2026/07/20 00:48:29.405, 0, ${V100_GPU_0_UUID}, 00000000:01:00.0, 900, 877, 32.37, 150.00, 55, 54, 5, 8432, P0, Not Active, Not Active, Not Active
2026/07/20 00:48:29.411, 1, ${V100_GPU_1_UUID}, 00000000:02:00.0, 900, 877, 30.78, 150.00, 53, 52, 0, 8674, P0, Not Active, Not Active, Not Active
2026/07/20 00:48:29.553, 0, ${V100_GPU_0_UUID}, 00000000:01:00.0, 900, 877, 32.39, 150.00, 55, 54, 5, 8432, P0, Not Active, Not Active, Not Active
2026/07/20 00:48:29.562, 1, ${V100_GPU_1_UUID}, 00000000:02:00.0, 900, 877, 30.78, 150.00, 53, 52, 0, 8674, P0, Not Active, Not Active, Not Active
2026/07/20 00:48:29.698, 0, ${V100_GPU_0_UUID}, 00000000:01:00.0, 900, 877, 32.37, 150.00, 55, 54, 5, 8432, P0, Not Active, Not Active, Not Active
2026/07/20 00:48:29.705, 1, ${V100_GPU_1_UUID}, 00000000:02:00.0, 900, 877, 30.76, 150.00, 53, 52, 0, 8674, P0, Not Active, Not Active, Not Active
2026/07/20 00:48:29.870, 0, ${V100_GPU_0_UUID}, 00000000:01:00.0, 900, 877, 32.39, 150.00, 55, 54, 5, 8432, P0, Not Active, Not Active, Not Active
2026/07/20 00:48:29.878, 1, ${V100_GPU_1_UUID}, 00000000:02:00.0, 900, 877, 30.78, 150.00, 53, 52, 0, 8674, P0, Not Active, Not Active, Not Active
2026/07/20 00:48:30.012, 0, ${V100_GPU_0_UUID}, 00000000:01:00.0, 900, 877, 32.37, 150.00, 55, 54, 5, 8432, P0, Not Active, Not Active, Not Active
2026/07/20 00:48:30.017, 1, ${V100_GPU_1_UUID}, 00000000:02:00.0, 900, 877, 30.78, 150.00, 53, 52, 0, 8674, P0, Not Active, Not Active, Not Active
2026/07/20 00:48:30.173, 0, ${V100_GPU_0_UUID}, 00000000:01:00.0, 900, 877, 32.37, 150.00, 55, 54, 5, 8432, P0, Not Active, Not Active, Not Active
2026/07/20 00:48:30.179, 1, ${V100_GPU_1_UUID}, 00000000:02:00.0, 900, 877, 30.76, 150.00, 53, 52, 0, 8674, P0, Not Active, Not Active, Not Active
2026/07/20 00:48:30.342, 0, ${V100_GPU_0_UUID}, 00000000:01:00.0, 900, 877, 32.39, 150.00, 55, 54, 5, 8432, P0, Not Active, Not Active, Not Active
2026/07/20 00:48:30.349, 1, ${V100_GPU_1_UUID}, 00000000:02:00.0, 900, 877, 30.78, 150.00, 53, 52, 0, 8674, P0, Not Active, Not Active, Not Active
2026/07/20 00:48:30.482, 0, ${V100_GPU_0_UUID}, 00000000:01:00.0, 900, 877, 32.37, 150.00, 55, 54, 5, 8432, P0, Not Active, Not Active, Not Active
2026/07/20 00:48:30.488, 1, ${V100_GPU_1_UUID}, 00000000:02:00.0, 900, 877, 30.76, 150.00, 53, 52, 0, 8674, P0, Not Active, Not Active, Not Active
2026/07/20 00:48:30.651, 0, ${V100_GPU_0_UUID}, 00000000:01:00.0, 900, 877, 32.37, 150.00, 55, 54, 5, 8432, P0, Not Active, Not Active, Not Active
2026/07/20 00:48:30.656, 1, ${V100_GPU_1_UUID}, 00000000:02:00.0, 900, 877, 30.76, 150.00, 53, 52, 0, 8674, P0, Not Active, Not Active, Not Active
2026/07/20 00:48:30.789, 0, ${V100_GPU_0_UUID}, 00000000:01:00.0, 900, 877, 32.37, 150.00, 55, 54, 5, 8432, P0, Not Active, Not Active, Not Active
2026/07/20 00:48:30.795, 1, ${V100_GPU_1_UUID}, 00000000:02:00.0, 900, 877, 30.76, 150.00, 53, 52, 0, 8674, P0, Not Active, Not Active, Not Active
2026/07/20 00:48:30.960, 0, ${V100_GPU_0_UUID}, 00000000:01:00.0, 900, 877, 32.37, 150.00, 55, 54, 5, 8432, P0, Not Active, Not Active, Not Active
2026/07/20 00:48:30.969, 1, ${V100_GPU_1_UUID}, 00000000:02:00.0, 900, 877, 30.76, 150.00, 53, 52, 0, 8674, P0, Not Active, Not Active, Not Active
2026/07/20 00:48:31.107, 0, ${V100_GPU_0_UUID}, 00000000:01:00.0, 900, 877, 32.37, 150.00, 55, 54, 4, 8432, P0, Not Active, Not Active, Not Active
2026/07/20 00:48:31.113, 1, ${V100_GPU_1_UUID}, 00000000:02:00.0, 900, 877, 30.76, 150.00, 53, 52, 0, 8674, P0, Not Active, Not Active, Not Active
2026/07/20 00:48:31.246, 0, ${V100_GPU_0_UUID}, 00000000:01:00.0, 900, 877, 32.35, 150.00, 55, 54, 3, 8432, P0, Not Active, Not Active, Not Active
2026/07/20 00:48:31.252, 1, ${V100_GPU_1_UUID}, 00000000:02:00.0, 900, 877, 30.76, 150.00, 53, 52, 0, 8674, P0, Not Active, Not Active, Not Active
2026/07/20 00:48:31.388, 0, ${V100_GPU_0_UUID}, 00000000:01:00.0, 900, 877, 32.37, 150.00, 55, 54, 3, 8432, P0, Not Active, Not Active, Not Active
2026/07/20 00:48:31.394, 1, ${V100_GPU_1_UUID}, 00000000:02:00.0, 900, 877, 30.76, 150.00, 53, 52, 0, 8674, P0, Not Active, Not Active, Not Active
2026/07/20 00:48:31.542, 0, ${V100_GPU_0_UUID}, 00000000:01:00.0, 900, 877, 32.39, 150.00, 55, 54, 3, 8432, P0, Not Active, Not Active, Not Active
2026/07/20 00:48:31.562, 1, ${V100_GPU_1_UUID}, 00000000:02:00.0, 900, 877, 30.80, 150.00, 53, 52, 0, 8674, P0, Not Active, Not Active, Not Active
2026/07/20 00:48:31.732, 0, ${V100_GPU_0_UUID}, 00000000:01:00.0, 900, 877, 32.39, 150.00, 55, 54, 5, 8432, P0, Not Active, Not Active, Not Active
2026/07/20 00:48:31.739, 1, ${V100_GPU_1_UUID}, 00000000:02:00.0, 900, 877, 30.78, 150.00, 53, 52, 0, 8674, P0, Not Active, Not Active, Not Active
2026/07/20 00:48:31.872, 0, ${V100_GPU_0_UUID}, 00000000:01:00.0, 900, 877, 32.39, 150.00, 55, 54, 4, 8432, P0, Not Active, Not Active, Not Active
2026/07/20 00:48:31.877, 1, ${V100_GPU_1_UUID}, 00000000:02:00.0, 900, 877, 30.78, 150.00, 53, 52, 0, 8674, P0, Not Active, Not Active, Not Active
2026/07/20 00:48:32.039, 0, ${V100_GPU_0_UUID}, 00000000:01:00.0, 900, 877, 32.39, 150.00, 55, 54, 5, 8432, P0, Not Active, Not Active, Not Active
2026/07/20 00:48:32.045, 1, ${V100_GPU_1_UUID}, 00000000:02:00.0, 900, 877, 30.78, 150.00, 53, 52, 0, 8674, P0, Not Active, Not Active, Not Active
2026/07/20 00:48:32.198, 0, ${V100_GPU_0_UUID}, 00000000:01:00.0, 900, 877, 32.39, 150.00, 55, 54, 4, 8432, P0, Not Active, Not Active, Not Active
2026/07/20 00:48:32.209, 1, ${V100_GPU_1_UUID}, 00000000:02:00.0, 900, 877, 30.78, 150.00, 53, 52, 0, 8674, P0, Not Active, Not Active, Not Active
2026/07/20 00:48:32.350, 0, ${V100_GPU_0_UUID}, 00000000:01:00.0, 900, 877, 32.37, 150.00, 55, 54, 5, 8432, P0, Not Active, Not Active, Not Active
2026/07/20 00:48:32.356, 1, ${V100_GPU_1_UUID}, 00000000:02:00.0, 900, 877, 30.76, 150.00, 53, 52, 0, 8674, P0, Not Active, Not Active, Not Active
2026/07/20 00:48:32.516, 0, ${V100_GPU_0_UUID}, 00000000:01:00.0, 900, 877, 32.39, 150.00, 55, 54, 5, 8432, P0, Not Active, Not Active, Not Active
2026/07/20 00:48:32.522, 1, ${V100_GPU_1_UUID}, 00000000:02:00.0, 900, 877, 30.78, 150.00, 53, 52, 0, 8674, P0, Not Active, Not Active, Not Active
2026/07/20 00:48:32.656, 0, ${V100_GPU_0_UUID}, 00000000:01:00.0, 900, 877, 32.37, 150.00, 55, 54, 4, 8432, P0, Not Active, Not Active, Not Active
2026/07/20 00:48:32.662, 1, ${V100_GPU_1_UUID}, 00000000:02:00.0, 900, 877, 30.76, 150.00, 53, 52, 0, 8674, P0, Not Active, Not Active, Not Active
2026/07/20 00:48:32.821, 0, ${V100_GPU_0_UUID}, 00000000:01:00.0, 900, 877, 32.39, 150.00, 55, 54, 4, 8432, P0, Not Active, Not Active, Not Active
2026/07/20 00:48:32.827, 1, ${V100_GPU_1_UUID}, 00000000:02:00.0, 900, 877, 30.78, 150.00, 53, 52, 0, 8674, P0, Not Active, Not Active, Not Active
2026/07/20 00:48:32.959, 0, ${V100_GPU_0_UUID}, 00000000:01:00.0, 900, 877, 32.37, 150.00, 55, 54, 4, 8432, P0, Not Active, Not Active, Not Active
2026/07/20 00:48:32.965, 1, ${V100_GPU_1_UUID}, 00000000:02:00.0, 900, 877, 30.78, 150.00, 53, 52, 0, 8674, P0, Not Active, Not Active, Not Active
2026/07/20 00:48:33.128, 0, ${V100_GPU_0_UUID}, 00000000:01:00.0, 900, 877, 32.39, 150.00, 55, 54, 4, 8432, P0, Not Active, Not Active, Not Active
2026/07/20 00:48:33.134, 1, ${V100_GPU_1_UUID}, 00000000:02:00.0, 900, 877, 30.78, 150.00, 53, 52, 0, 8674, P0, Not Active, Not Active, Not Active
2026/07/20 00:48:33.268, 0, ${V100_GPU_0_UUID}, 00000000:01:00.0, 900, 877, 32.37, 150.00, 55, 54, 4, 8432, P0, Not Active, Not Active, Not Active
2026/07/20 00:48:33.274, 1, ${V100_GPU_1_UUID}, 00000000:02:00.0, 900, 877, 30.78, 150.00, 53, 52, 0, 8674, P0, Not Active, Not Active, Not Active
2026/07/20 00:48:33.436, 0, ${V100_GPU_0_UUID}, 00000000:01:00.0, 900, 877, 32.39, 150.00, 55, 54, 5, 8432, P0, Not Active, Not Active, Not Active
2026/07/20 00:48:33.442, 1, ${V100_GPU_1_UUID}, 00000000:02:00.0, 900, 877, 30.76, 150.00, 53, 52, 0, 8674, P0, Not Active, Not Active, Not Active
2026/07/20 00:48:33.606, 0, ${V100_GPU_0_UUID}, 00000000:01:00.0, 900, 877, 32.39, 150.00, 55, 54, 4, 8432, P0, Not Active, Not Active, Not Active
2026/07/20 00:48:33.612, 1, ${V100_GPU_1_UUID}, 00000000:02:00.0, 900, 877, 30.78, 150.00, 53, 52, 3, 8674, P0, Not Active, Not Active, Not Active
2026/07/20 00:48:33.746, 0, ${V100_GPU_0_UUID}, 00000000:01:00.0, 900, 877, 32.39, 150.00, 55, 54, 0, 8432, P0, Not Active, Not Active, Not Active
2026/07/20 00:48:33.751, 1, ${V100_GPU_1_UUID}, 00000000:02:00.0, 900, 877, 30.78, 150.00, 53, 52, 5, 8674, P0, Not Active, Not Active, Not Active
2026/07/20 00:48:33.897, 0, ${V100_GPU_0_UUID}, 00000000:01:00.0, 900, 877, 32.39, 150.00, 55, 54, 0, 8432, P0, Not Active, Not Active, Not Active
2026/07/20 00:48:33.902, 1, ${V100_GPU_1_UUID}, 00000000:02:00.0, 900, 877, 30.78, 150.00, 53, 52, 5, 8674, P0, Not Active, Not Active, Not Active
2026/07/20 00:48:34.043, 0, ${V100_GPU_0_UUID}, 00000000:01:00.0, 900, 877, 32.37, 150.00, 55, 54, 0, 8432, P0, Not Active, Not Active, Not Active
2026/07/20 00:48:34.048, 1, ${V100_GPU_1_UUID}, 00000000:02:00.0, 900, 877, 30.78, 150.00, 53, 52, 5, 8674, P0, Not Active, Not Active, Not Active
2026/07/20 00:48:34.205, 0, ${V100_GPU_0_UUID}, 00000000:01:00.0, 900, 877, 32.39, 150.00, 55, 54, 0, 8432, P0, Not Active, Not Active, Not Active
2026/07/20 00:48:34.211, 1, ${V100_GPU_1_UUID}, 00000000:02:00.0, 900, 877, 30.78, 150.00, 53, 52, 5, 8674, P0, Not Active, Not Active, Not Active
2026/07/20 00:48:34.344, 0, ${V100_GPU_0_UUID}, 00000000:01:00.0, 900, 877, 32.39, 150.00, 55, 54, 0, 8432, P0, Not Active, Not Active, Not Active
2026/07/20 00:48:34.349, 1, ${V100_GPU_1_UUID}, 00000000:02:00.0, 900, 877, 30.78, 150.00, 53, 52, 5, 8674, P0, Not Active, Not Active, Not Active
2026/07/20 00:48:34.493, 0, ${V100_GPU_0_UUID}, 00000000:01:00.0, 900, 877, 32.39, 150.00, 55, 54, 0, 8432, P0, Not Active, Not Active, Not Active
2026/07/20 00:48:34.499, 1, ${V100_GPU_1_UUID}, 00000000:02:00.0, 900, 877, 30.78, 150.00, 53, 52, 5, 8674, P0, Not Active, Not Active, Not Active
2026/07/20 00:48:34.653, 0, ${V100_GPU_0_UUID}, 00000000:01:00.0, 900, 877, 32.39, 150.00, 55, 54, 0, 8432, P0, Not Active, Not Active, Not Active
2026/07/20 00:48:34.666, 1, ${V100_GPU_1_UUID}, 00000000:02:00.0, 900, 877, 30.78, 150.00, 53, 52, 5, 8674, P0, Not Active, Not Active, Not Active
2026/07/20 00:48:34.830, 0, ${V100_GPU_0_UUID}, 00000000:01:00.0, 900, 877, 32.39, 150.00, 55, 54, 0, 8432, P0, Not Active, Not Active, Not Active
2026/07/20 00:48:34.836, 1, ${V100_GPU_1_UUID}, 00000000:02:00.0, 900, 877, 30.78, 150.00, 53, 52, 5, 8674, P0, Not Active, Not Active, Not Active
2026/07/20 00:48:34.993, 0, ${V100_GPU_0_UUID}, 00000000:01:00.0, 900, 877, 32.37, 150.00, 55, 54, 0, 8432, P0, Not Active, Not Active, Not Active
2026/07/20 00:48:35.000, 1, ${V100_GPU_1_UUID}, 00000000:02:00.0, 900, 877, 30.76, 150.00, 53, 52, 5, 8674, P0, Not Active, Not Active, Not Active
2026/07/20 00:48:35.133, 0, ${V100_GPU_0_UUID}, 00000000:01:00.0, 900, 877, 32.39, 150.00, 55, 54, 0, 8432, P0, Not Active, Not Active, Not Active
2026/07/20 00:48:35.140, 1, ${V100_GPU_1_UUID}, 00000000:02:00.0, 900, 877, 30.76, 150.00, 53, 52, 5, 8674, P0, Not Active, Not Active, Not Active
2026/07/20 00:48:35.278, 0, ${V100_GPU_0_UUID}, 00000000:01:00.0, 900, 877, 32.37, 150.00, 55, 54, 0, 8432, P0, Not Active, Not Active, Not Active
2026/07/20 00:48:35.283, 1, ${V100_GPU_1_UUID}, 00000000:02:00.0, 900, 877, 30.78, 150.00, 53, 52, 5, 8674, P0, Not Active, Not Active, Not Active
2026/07/20 00:48:35.446, 0, ${V100_GPU_0_UUID}, 00000000:01:00.0, 900, 877, 32.39, 150.00, 55, 54, 0, 8432, P0, Not Active, Not Active, Not Active
2026/07/20 00:48:35.451, 1, ${V100_GPU_1_UUID}, 00000000:02:00.0, 900, 877, 30.78, 150.00, 53, 52, 5, 8674, P0, Not Active, Not Active, Not Active
2026/07/20 00:48:35.616, 0, ${V100_GPU_0_UUID}, 00000000:01:00.0, 900, 877, 32.35, 150.00, 55, 54, 0, 8432, P0, Not Active, Not Active, Not Active
2026/07/20 00:48:35.622, 1, ${V100_GPU_1_UUID}, 00000000:02:00.0, 900, 877, 30.74, 150.00, 53, 52, 4, 8674, P0, Not Active, Not Active, Not Active
2026/07/20 00:48:36.546, 0, ${V100_GPU_0_UUID}, 00000000:01:00.0, 900, 877, 32.37, 150.00, 55, 54, 0, 8432, P0, Not Active, Not Active, Not Active
2026/07/20 00:48:36.551, 1, ${V100_GPU_1_UUID}, 00000000:02:00.0, 900, 877, 30.78, 150.00, 53, 52, 0, 8674, P0, Not Active, Not Active, Not Active
2026/07/20 00:48:36.685, 0, ${V100_GPU_0_UUID}, 00000000:01:00.0, 900, 877, 32.39, 150.00, 55, 54, 0, 8432, P0, Not Active, Not Active, Not Active
2026/07/20 00:48:36.691, 1, ${V100_GPU_1_UUID}, 00000000:02:00.0, 900, 877, 30.78, 150.00, 53, 52, 1, 8674, P0, Not Active, Not Active, Not Active
2026/07/20 00:48:36.825, 0, ${V100_GPU_0_UUID}, 00000000:01:00.0, 900, 877, 32.37, 150.00, 55, 54, 0, 8432, P0, Not Active, Not Active, Not Active
2026/07/20 00:48:36.831, 1, ${V100_GPU_1_UUID}, 00000000:02:00.0, 900, 877, 30.76, 150.00, 53, 52, 2, 8674, P0, Not Active, Not Active, Not Active
2026/07/20 00:48:36.971, 0, ${V100_GPU_0_UUID}, 00000000:01:00.0, 900, 877, 32.37, 150.00, 55, 54, 0, 8432, P0, Not Active, Not Active, Not Active
2026/07/20 00:48:36.981, 1, ${V100_GPU_1_UUID}, 00000000:02:00.0, 900, 877, 30.76, 150.00, 53, 52, 2, 8674, P0, Not Active, Not Active, Not Active
2026/07/20 00:48:37.180, 0, ${V100_GPU_0_UUID}, 00000000:01:00.0, 900, 877, 32.39, 150.00, 55, 54, 0, 8432, P0, Not Active, Not Active, Not Active
2026/07/20 00:48:37.201, 1, ${V100_GPU_1_UUID}, 00000000:02:00.0, 900, 877, 30.78, 150.00, 53, 52, 3, 8674, P0, Not Active, Not Active, Not Active
2026/07/20 00:48:37.363, 0, ${V100_GPU_0_UUID}, 00000000:01:00.0, 900, 877, 32.37, 150.00, 55, 54, 0, 8432, P0, Not Active, Not Active, Not Active
2026/07/20 00:48:37.369, 1, ${V100_GPU_1_UUID}, 00000000:02:00.0, 900, 877, 30.78, 150.00, 53, 52, 3, 8674, P0, Not Active, Not Active, Not Active
2026/07/20 00:48:37.502, 0, ${V100_GPU_0_UUID}, 00000000:01:00.0, 900, 877, 32.37, 150.00, 55, 54, 0, 8432, P0, Not Active, Not Active, Not Active
2026/07/20 00:48:37.508, 1, ${V100_GPU_1_UUID}, 00000000:02:00.0, 900, 877, 30.78, 150.00, 53, 52, 2, 8674, P0, Not Active, Not Active, Not Active
2026/07/20 00:48:37.644, 0, ${V100_GPU_0_UUID}, 00000000:01:00.0, 900, 877, 32.37, 150.00, 55, 54, 0, 8432, P0, Not Active, Not Active, Not Active
2026/07/20 00:48:37.650, 1, ${V100_GPU_1_UUID}, 00000000:02:00.0, 900, 877, 30.76, 150.00, 53, 52, 3, 8674, P0, Not Active, Not Active, Not Active
2026/07/20 00:48:37.785, 0, ${V100_GPU_0_UUID}, 00000000:01:00.0, 900, 877, 32.37, 150.00, 55, 54, 0, 8432, P0, Not Active, Not Active, Not Active
2026/07/20 00:48:37.791, 1, ${V100_GPU_1_UUID}, 00000000:02:00.0, 900, 877, 30.76, 150.00, 53, 52, 3, 8674, P0, Not Active, Not Active, Not Active
2026/07/20 00:48:37.928, 0, ${V100_GPU_0_UUID}, 00000000:01:00.0, 900, 877, 32.37, 150.00, 55, 54, 0, 8432, P0, Not Active, Not Active, Not Active
2026/07/20 00:48:37.934, 1, ${V100_GPU_1_UUID}, 00000000:02:00.0, 900, 877, 30.78, 150.00, 53, 52, 4, 8674, P0, Not Active, Not Active, Not Active
2026/07/20 00:48:38.068, 0, ${V100_GPU_0_UUID}, 00000000:01:00.0, 900, 877, 32.37, 150.00, 55, 54, 0, 8432, P0, Not Active, Not Active, Not Active
2026/07/20 00:48:38.074, 1, ${V100_GPU_1_UUID}, 00000000:02:00.0, 900, 877, 30.76, 150.00, 53, 52, 4, 8674, P0, Not Active, Not Active, Not Active
2026/07/20 00:48:38.228, 0, ${V100_GPU_0_UUID}, 00000000:01:00.0, 900, 877, 32.39, 150.00, 55, 54, 0, 8432, P0, Not Active, Not Active, Not Active
2026/07/20 00:48:38.235, 1, ${V100_GPU_1_UUID}, 00000000:02:00.0, 900, 877, 30.78, 150.00, 53, 52, 4, 8674, P0, Not Active, Not Active, Not Active
2026/07/20 00:48:38.382, 0, ${V100_GPU_0_UUID}, 00000000:01:00.0, 900, 877, 32.37, 150.00, 55, 54, 0, 8432, P0, Not Active, Not Active, Not Active
2026/07/20 00:48:38.388, 1, ${V100_GPU_1_UUID}, 00000000:02:00.0, 900, 877, 30.76, 150.00, 53, 52, 4, 8674, P0, Not Active, Not Active, Not Active
2026/07/20 00:48:38.538, 0, ${V100_GPU_0_UUID}, 00000000:01:00.0, 900, 877, 32.39, 150.00, 55, 54, 0, 8432, P0, Not Active, Not Active, Not Active
2026/07/20 00:48:38.544, 1, ${V100_GPU_1_UUID}, 00000000:02:00.0, 900, 877, 30.78, 150.00, 53, 52, 5, 8674, P0, Not Active, Not Active, Not Active
2026/07/20 00:48:38.680, 0, ${V100_GPU_0_UUID}, 00000000:01:00.0, 900, 877, 32.37, 150.00, 55, 54, 0, 8432, P0, Not Active, Not Active, Not Active
2026/07/20 00:48:38.686, 1, ${V100_GPU_1_UUID}, 00000000:02:00.0, 900, 877, 30.76, 150.00, 53, 52, 5, 8674, P0, Not Active, Not Active, Not Active
2026/07/20 00:48:38.849, 0, ${V100_GPU_0_UUID}, 00000000:01:00.0, 900, 877, 32.39, 150.00, 55, 54, 0, 8432, P0, Not Active, Not Active, Not Active
2026/07/20 00:48:38.856, 1, ${V100_GPU_1_UUID}, 00000000:02:00.0, 900, 877, 30.78, 150.00, 53, 52, 5, 8674, P0, Not Active, Not Active, Not Active
2026/07/20 00:48:38.990, 0, ${V100_GPU_0_UUID}, 00000000:01:00.0, 900, 877, 32.37, 150.00, 55, 54, 0, 8432, P0, Not Active, Not Active, Not Active
2026/07/20 00:48:38.995, 1, ${V100_GPU_1_UUID}, 00000000:02:00.0, 900, 877, 30.76, 150.00, 53, 52, 5, 8674, P0, Not Active, Not Active, Not Active
2026/07/20 00:48:39.130, 0, ${V100_GPU_0_UUID}, 00000000:01:00.0, 900, 877, 32.39, 150.00, 55, 54, 0, 8432, P0, Not Active, Not Active, Not Active
2026/07/20 00:48:39.137, 1, ${V100_GPU_1_UUID}, 00000000:02:00.0, 900, 877, 30.78, 150.00, 53, 52, 5, 8674, P0, Not Active, Not Active, Not Active
2026/07/20 00:48:39.272, 0, ${V100_GPU_0_UUID}, 00000000:01:00.0, 900, 877, 32.37, 150.00, 55, 54, 0, 8432, P0, Not Active, Not Active, Not Active
2026/07/20 00:48:39.277, 1, ${V100_GPU_1_UUID}, 00000000:02:00.0, 900, 877, 30.78, 150.00, 53, 52, 5, 8674, P0, Not Active, Not Active, Not Active
2026/07/20 00:48:39.442, 0, ${V100_GPU_0_UUID}, 00000000:01:00.0, 900, 877, 32.39, 150.00, 55, 54, 0, 8432, P0, Not Active, Not Active, Not Active
2026/07/20 00:48:39.451, 1, ${V100_GPU_1_UUID}, 00000000:02:00.0, 900, 877, 30.78, 150.00, 53, 52, 5, 8674, P0, Not Active, Not Active, Not Active
2026/07/20 00:48:39.601, 0, ${V100_GPU_0_UUID}, 00000000:01:00.0, 900, 877, 32.39, 150.00, 55, 54, 0, 8432, P0, Not Active, Not Active, Not Active
2026/07/20 00:48:39.612, 1, ${V100_GPU_1_UUID}, 00000000:02:00.0, 900, 877, 30.78, 150.00, 53, 52, 5, 8674, P0, Not Active, Not Active, Not Active
2026/07/20 00:48:39.750, 0, ${V100_GPU_0_UUID}, 00000000:01:00.0, 900, 877, 32.39, 150.00, 55, 54, 0, 8432, P0, Not Active, Not Active, Not Active
2026/07/20 00:48:39.755, 1, ${V100_GPU_1_UUID}, 00000000:02:00.0, 900, 877, 30.78, 150.00, 53, 52, 5, 8674, P0, Not Active, Not Active, Not Active
2026/07/20 00:48:39.895, 0, ${V100_GPU_0_UUID}, 00000000:01:00.0, 900, 877, 32.37, 150.00, 55, 54, 0, 8432, P0, Not Active, Not Active, Not Active
2026/07/20 00:48:39.901, 1, ${V100_GPU_1_UUID}, 00000000:02:00.0, 900, 877, 30.76, 150.00, 53, 52, 5, 8674, P0, Not Active, Not Active, Not Active
2026/07/20 00:48:40.042, 0, ${V100_GPU_0_UUID}, 00000000:01:00.0, 900, 877, 32.39, 150.00, 55, 54, 0, 8432, P0, Not Active, Not Active, Not Active
2026/07/20 00:48:40.051, 1, ${V100_GPU_1_UUID}, 00000000:02:00.0, 900, 877, 30.78, 150.00, 53, 52, 5, 8674, P0, Not Active, Not Active, Not Active
2026/07/20 00:48:40.189, 0, ${V100_GPU_0_UUID}, 00000000:01:00.0, 900, 877, 32.37, 150.00, 55, 54, 0, 8432, P0, Not Active, Not Active, Not Active
2026/07/20 00:48:40.195, 1, ${V100_GPU_1_UUID}, 00000000:02:00.0, 900, 877, 30.76, 150.00, 53, 52, 5, 8674, P0, Not Active, Not Active, Not Active
2026/07/20 00:48:40.328, 0, ${V100_GPU_0_UUID}, 00000000:01:00.0, 900, 877, 32.37, 150.00, 55, 54, 0, 8432, P0, Not Active, Not Active, Not Active
2026/07/20 00:48:40.333, 1, ${V100_GPU_1_UUID}, 00000000:02:00.0, 900, 877, 30.78, 150.00, 53, 52, 5, 8674, P0, Not Active, Not Active, Not Active
2026/07/20 00:48:40.467, 0, ${V100_GPU_0_UUID}, 00000000:01:00.0, 900, 877, 32.39, 150.00, 55, 54, 0, 8432, P0, Not Active, Not Active, Not Active
2026/07/20 00:48:40.473, 1, ${V100_GPU_1_UUID}, 00000000:02:00.0, 900, 877, 30.78, 150.00, 53, 52, 4, 8674, P0, Not Active, Not Active, Not Active
2026/07/20 00:48:40.622, 0, ${V100_GPU_0_UUID}, 00000000:01:00.0, 900, 877, 32.39, 150.00, 55, 54, 0, 8432, P0, Not Active, Not Active, Not Active
2026/07/20 00:48:40.629, 1, ${V100_GPU_1_UUID}, 00000000:02:00.0, 900, 877, 30.78, 150.00, 53, 52, 5, 8674, P0, Not Active, Not Active, Not Active
2026/07/20 00:48:40.765, 0, ${V100_GPU_0_UUID}, 00000000:01:00.0, 900, 877, 32.39, 150.00, 55, 54, 0, 8432, P0, Not Active, Not Active, Not Active
2026/07/20 00:48:40.772, 1, ${V100_GPU_1_UUID}, 00000000:02:00.0, 900, 877, 30.78, 150.00, 53, 52, 4, 8674, P0, Not Active, Not Active, Not Active
2026/07/20 00:48:40.907, 0, ${V100_GPU_0_UUID}, 00000000:01:00.0, 900, 877, 32.37, 150.00, 55, 54, 0, 8432, P0, Not Active, Not Active, Not Active
2026/07/20 00:48:40.914, 1, ${V100_GPU_1_UUID}, 00000000:02:00.0, 900, 877, 30.76, 150.00, 53, 52, 4, 8674, P0, Not Active, Not Active, Not Active
2026/07/20 00:48:41.047, 0, ${V100_GPU_0_UUID}, 00000000:01:00.0, 900, 877, 32.39, 150.00, 55, 54, 0, 8432, P0, Not Active, Not Active, Not Active
2026/07/20 00:48:41.054, 1, ${V100_GPU_1_UUID}, 00000000:02:00.0, 900, 877, 30.78, 150.00, 53, 52, 4, 8674, P0, Not Active, Not Active, Not Active
2026/07/20 00:48:41.190, 0, ${V100_GPU_0_UUID}, 00000000:01:00.0, 900, 877, 32.39, 150.00, 55, 54, 0, 8432, P0, Not Active, Not Active, Not Active
2026/07/20 00:48:41.209, 1, ${V100_GPU_1_UUID}, 00000000:02:00.0, 900, 877, 30.80, 150.00, 53, 52, 5, 8674, P0, Not Active, Not Active, Not Active
2026/07/20 00:48:41.378, 0, ${V100_GPU_0_UUID}, 00000000:01:00.0, 900, 877, 32.37, 150.00, 55, 54, 0, 8432, P0, Not Active, Not Active, Not Active
2026/07/20 00:48:41.383, 1, ${V100_GPU_1_UUID}, 00000000:02:00.0, 900, 877, 30.76, 150.00, 53, 52, 5, 8674, P0, Not Active, Not Active, Not Active
2026/07/20 00:48:41.519, 0, ${V100_GPU_0_UUID}, 00000000:01:00.0, 900, 877, 32.39, 150.00, 55, 54, 0, 8432, P0, Not Active, Not Active, Not Active
2026/07/20 00:48:41.525, 1, ${V100_GPU_1_UUID}, 00000000:02:00.0, 900, 877, 30.78, 150.00, 53, 52, 5, 8674, P0, Not Active, Not Active, Not Active
2026/07/20 00:48:41.678, 0, ${V100_GPU_0_UUID}, 00000000:01:00.0, 900, 877, 32.39, 150.00, 55, 54, 0, 8432, P0, Not Active, Not Active, Not Active
2026/07/20 00:48:41.684, 1, ${V100_GPU_1_UUID}, 00000000:02:00.0, 900, 877, 30.78, 150.00, 53, 52, 5, 8674, P0, Not Active, Not Active, Not Active
2026/07/20 00:48:41.845, 0, ${V100_GPU_0_UUID}, 00000000:01:00.0, 900, 877, 32.39, 150.00, 55, 54, 0, 8432, P0, Not Active, Not Active, Not Active
2026/07/20 00:48:41.852, 1, ${V100_GPU_1_UUID}, 00000000:02:00.0, 900, 877, 30.78, 150.00, 53, 52, 5, 8674, P0, Not Active, Not Active, Not Active
2026/07/20 00:48:41.986, 0, ${V100_GPU_0_UUID}, 00000000:01:00.0, 900, 877, 32.37, 150.00, 55, 54, 0, 8432, P0, Not Active, Not Active, Not Active
2026/07/20 00:48:41.991, 1, ${V100_GPU_1_UUID}, 00000000:02:00.0, 900, 877, 30.78, 150.00, 53, 52, 5, 8674, P0, Not Active, Not Active, Not Active
2026/07/20 00:48:42.144, 0, ${V100_GPU_0_UUID}, 00000000:01:00.0, 900, 877, 32.39, 150.00, 55, 54, 0, 8432, P0, Not Active, Not Active, Not Active
2026/07/20 00:48:42.150, 1, ${V100_GPU_1_UUID}, 00000000:02:00.0, 900, 877, 30.78, 150.00, 53, 52, 5, 8674, P0, Not Active, Not Active, Not Active
2026/07/20 00:48:42.284, 0, ${V100_GPU_0_UUID}, 00000000:01:00.0, 900, 877, 32.39, 150.00, 55, 54, 0, 8432, P0, Not Active, Not Active, Not Active
2026/07/20 00:48:42.289, 1, ${V100_GPU_1_UUID}, 00000000:02:00.0, 900, 877, 30.78, 150.00, 53, 52, 5, 8674, P0, Not Active, Not Active, Not Active
2026/07/20 00:48:42.425, 0, ${V100_GPU_0_UUID}, 00000000:01:00.0, 900, 877, 32.37, 150.00, 55, 54, 0, 8432, P0, Not Active, Not Active, Not Active
2026/07/20 00:48:42.430, 1, ${V100_GPU_1_UUID}, 00000000:02:00.0, 900, 877, 30.78, 150.00, 53, 52, 4, 8674, P0, Not Active, Not Active, Not Active
2026/07/20 00:48:42.564, 0, ${V100_GPU_0_UUID}, 00000000:01:00.0, 900, 877, 32.39, 150.00, 55, 54, 0, 8432, P0, Not Active, Not Active, Not Active
2026/07/20 00:48:42.569, 1, ${V100_GPU_1_UUID}, 00000000:02:00.0, 900, 877, 30.78, 150.00, 53, 52, 4, 8674, P0, Not Active, Not Active, Not Active
2026/07/20 00:48:42.702, 0, ${V100_GPU_0_UUID}, 00000000:01:00.0, 900, 877, 32.37, 150.00, 55, 54, 0, 8432, P0, Not Active, Not Active, Not Active
2026/07/20 00:48:42.708, 1, ${V100_GPU_1_UUID}, 00000000:02:00.0, 900, 877, 30.78, 150.00, 53, 52, 4, 8674, P0, Not Active, Not Active, Not Active
2026/07/20 00:48:42.871, 0, ${V100_GPU_0_UUID}, 00000000:01:00.0, 900, 877, 32.39, 150.00, 55, 54, 0, 8432, P0, Not Active, Not Active, Not Active
2026/07/20 00:48:42.879, 1, ${V100_GPU_1_UUID}, 00000000:02:00.0, 900, 877, 30.78, 150.00, 53, 52, 4, 8674, P0, Not Active, Not Active, Not Active
2026/07/20 00:48:43.014, 0, ${V100_GPU_0_UUID}, 00000000:01:00.0, 900, 877, 32.39, 150.00, 55, 54, 0, 8432, P0, Not Active, Not Active, Not Active
2026/07/20 00:48:43.020, 1, ${V100_GPU_1_UUID}, 00000000:02:00.0, 900, 877, 30.78, 150.00, 53, 52, 5, 8674, P0, Not Active, Not Active, Not Active
2026/07/20 00:48:43.183, 0, ${V100_GPU_0_UUID}, 00000000:01:00.0, 900, 877, 32.39, 150.00, 55, 54, 0, 8432, P0, Not Active, Not Active, Not Active
2026/07/20 00:48:43.189, 1, ${V100_GPU_1_UUID}, 00000000:02:00.0, 900, 877, 30.78, 150.00, 53, 52, 5, 8674, P0, Not Active, Not Active, Not Active
2026/07/20 00:48:43.334, 0, ${V100_GPU_0_UUID}, 00000000:01:00.0, 900, 877, 32.39, 150.00, 55, 54, 0, 8432, P0, Not Active, Not Active, Not Active
2026/07/20 00:48:43.341, 1, ${V100_GPU_1_UUID}, 00000000:02:00.0, 900, 877, 30.78, 150.00, 53, 52, 5, 8674, P0, Not Active, Not Active, Not Active
2026/07/20 00:48:43.503, 0, ${V100_GPU_0_UUID}, 00000000:01:00.0, 900, 877, 32.39, 150.00, 55, 54, 0, 8432, P0, Not Active, Not Active, Not Active
2026/07/20 00:48:43.511, 1, ${V100_GPU_1_UUID}, 00000000:02:00.0, 900, 877, 30.78, 150.00, 53, 52, 5, 8674, P0, Not Active, Not Active, Not Active
2026/07/20 00:48:43.674, 0, ${V100_GPU_0_UUID}, 00000000:01:00.0, 900, 877, 32.39, 150.00, 55, 54, 0, 8432, P0, Not Active, Not Active, Not Active
2026/07/20 00:48:43.680, 1, ${V100_GPU_1_UUID}, 00000000:02:00.0, 900, 877, 30.78, 150.00, 53, 52, 5, 8674, P0, Not Active, Not Active, Not Active
2026/07/20 00:48:43.840, 0, ${V100_GPU_0_UUID}, 00000000:01:00.0, 900, 877, 32.39, 150.00, 55, 54, 0, 8432, P0, Not Active, Not Active, Not Active
2026/07/20 00:48:43.847, 1, ${V100_GPU_1_UUID}, 00000000:02:00.0, 900, 877, 30.78, 150.00, 53, 52, 5, 8674, P0, Not Active, Not Active, Not Active
2026/07/20 00:48:44.007, 0, ${V100_GPU_0_UUID}, 00000000:01:00.0, 900, 877, 32.39, 150.00, 55, 54, 0, 8432, P0, Not Active, Not Active, Not Active
2026/07/20 00:48:44.012, 1, ${V100_GPU_1_UUID}, 00000000:02:00.0, 900, 877, 30.78, 150.00, 53, 52, 4, 8674, P0, Not Active, Not Active, Not Active
2026/07/20 00:48:44.174, 0, ${V100_GPU_0_UUID}, 00000000:01:00.0, 900, 877, 32.39, 150.00, 55, 54, 0, 8432, P0, Not Active, Not Active, Not Active
2026/07/20 00:48:44.182, 1, ${V100_GPU_1_UUID}, 00000000:02:00.0, 900, 877, 30.78, 150.00, 53, 52, 4, 8674, P0, Not Active, Not Active, Not Active
2026/07/20 00:48:44.347, 0, ${V100_GPU_0_UUID}, 00000000:01:00.0, 900, 877, 32.39, 150.00, 55, 54, 0, 8432, P0, Not Active, Not Active, Not Active
2026/07/20 00:48:44.354, 1, ${V100_GPU_1_UUID}, 00000000:02:00.0, 900, 877, 30.78, 150.00, 53, 52, 5, 8674, P0, Not Active, Not Active, Not Active
2026/07/20 00:48:44.493, 0, ${V100_GPU_0_UUID}, 00000000:01:00.0, 900, 877, 32.39, 150.00, 55, 54, 0, 8432, P0, Not Active, Not Active, Not Active
2026/07/20 00:48:44.514, 1, ${V100_GPU_1_UUID}, 00000000:02:00.0, 900, 877, 30.78, 150.00, 53, 52, 5, 8674, P0, Not Active, Not Active, Not Active
2026/07/20 00:48:44.684, 0, ${V100_GPU_0_UUID}, 00000000:01:00.0, 900, 877, 32.39, 150.00, 55, 54, 0, 8432, P0, Not Active, Not Active, Not Active
2026/07/20 00:48:44.692, 1, ${V100_GPU_1_UUID}, 00000000:02:00.0, 900, 877, 30.78, 150.00, 53, 52, 4, 8674, P0, Not Active, Not Active, Not Active
2026/07/20 00:48:44.840, 0, ${V100_GPU_0_UUID}, 00000000:01:00.0, 900, 877, 32.39, 150.00, 55, 54, 0, 8432, P0, Not Active, Not Active, Not Active
2026/07/20 00:48:44.852, 1, ${V100_GPU_1_UUID}, 00000000:02:00.0, 900, 877, 30.78, 150.00, 53, 52, 5, 8674, P0, Not Active, Not Active, Not Active
2026/07/20 00:48:45.018, 0, ${V100_GPU_0_UUID}, 00000000:01:00.0, 900, 877, 32.39, 150.00, 55, 54, 0, 8432, P0, Not Active, Not Active, Not Active
2026/07/20 00:48:45.026, 1, ${V100_GPU_1_UUID}, 00000000:02:00.0, 900, 877, 30.78, 150.00, 53, 52, 5, 8674, P0, Not Active, Not Active, Not Active
2026/07/20 00:48:45.173, 0, ${V100_GPU_0_UUID}, 00000000:01:00.0, 900, 877, 32.39, 150.00, 55, 54, 0, 8432, P0, Not Active, Not Active, Not Active
2026/07/20 00:48:45.184, 1, ${V100_GPU_1_UUID}, 00000000:02:00.0, 900, 877, 30.78, 150.00, 53, 52, 5, 8674, P0, Not Active, Not Active, Not Active
2026/07/20 00:48:45.353, 0, ${V100_GPU_0_UUID}, 00000000:01:00.0, 900, 877, 32.39, 150.00, 55, 54, 0, 8432, P0, Not Active, Not Active, Not Active
2026/07/20 00:48:45.361, 1, ${V100_GPU_1_UUID}, 00000000:02:00.0, 900, 877, 30.78, 150.00, 53, 52, 5, 8674, P0, Not Active, Not Active, Not Active
2026/07/20 00:48:45.511, 0, ${V100_GPU_0_UUID}, 00000000:01:00.0, 900, 877, 32.39, 150.00, 55, 54, 0, 8432, P0, Not Active, Not Active, Not Active
2026/07/20 00:48:45.522, 1, ${V100_GPU_1_UUID}, 00000000:02:00.0, 900, 877, 30.78, 150.00, 53, 52, 5, 8674, P0, Not Active, Not Active, Not Active
2026/07/20 00:48:45.686, 0, ${V100_GPU_0_UUID}, 00000000:01:00.0, 900, 877, 32.39, 150.00, 55, 54, 0, 8432, P0, Not Active, Not Active, Not Active
2026/07/20 00:48:45.692, 1, ${V100_GPU_1_UUID}, 00000000:02:00.0, 900, 877, 30.78, 150.00, 53, 52, 5, 8674, P0, Not Active, Not Active, Not Active
2026/07/20 00:48:45.857, 0, ${V100_GPU_0_UUID}, 00000000:01:00.0, 900, 877, 32.39, 150.00, 55, 54, 0, 8432, P0, Not Active, Not Active, Not Active
2026/07/20 00:48:45.864, 1, ${V100_GPU_1_UUID}, 00000000:02:00.0, 900, 877, 30.78, 150.00, 53, 52, 5, 8674, P0, Not Active, Not Active, Not Active
2026/07/20 00:48:46.026, 0, ${V100_GPU_0_UUID}, 00000000:01:00.0, 900, 877, 32.39, 150.00, 55, 54, 0, 8432, P0, Not Active, Not Active, Not Active
2026/07/20 00:48:46.032, 1, ${V100_GPU_1_UUID}, 00000000:02:00.0, 900, 877, 30.78, 150.00, 53, 52, 5, 8674, P0, Not Active, Not Active, Not Active
2026/07/20 00:48:46.194, 0, ${V100_GPU_0_UUID}, 00000000:01:00.0, 900, 877, 32.39, 150.00, 55, 54, 0, 8432, P0, Not Active, Not Active, Not Active
2026/07/20 00:48:46.201, 1, ${V100_GPU_1_UUID}, 00000000:02:00.0, 900, 877, 30.78, 150.00, 53, 52, 5, 8674, P0, Not Active, Not Active, Not Active
2026/07/20 00:48:46.364, 0, ${V100_GPU_0_UUID}, 00000000:01:00.0, 900, 877, 32.39, 150.00, 55, 54, 0, 8432, P0, Not Active, Not Active, Not Active
2026/07/20 00:48:46.371, 1, ${V100_GPU_1_UUID}, 00000000:02:00.0, 900, 877, 30.78, 150.00, 53, 52, 5, 8674, P0, Not Active, Not Active, Not Active
2026/07/20 00:48:46.526, 0, ${V100_GPU_0_UUID}, 00000000:01:00.0, 900, 877, 32.39, 150.00, 55, 54, 0, 8432, P0, Not Active, Not Active, Not Active
2026/07/20 00:48:46.537, 1, ${V100_GPU_1_UUID}, 00000000:02:00.0, 900, 877, 30.78, 150.00, 53, 52, 5, 8674, P0, Not Active, Not Active, Not Active
2026/07/20 00:48:46.703, 0, ${V100_GPU_0_UUID}, 00000000:01:00.0, 900, 877, 32.39, 150.00, 55, 54, 0, 8432, P0, Not Active, Not Active, Not Active
2026/07/20 00:48:46.710, 1, ${V100_GPU_1_UUID}, 00000000:02:00.0, 900, 877, 30.78, 150.00, 53, 52, 5, 8674, P0, Not Active, Not Active, Not Active
2026/07/20 00:48:46.873, 0, ${V100_GPU_0_UUID}, 00000000:01:00.0, 900, 877, 32.39, 150.00, 55, 54, 0, 8432, P0, Not Active, Not Active, Not Active
2026/07/20 00:48:46.881, 1, ${V100_GPU_1_UUID}, 00000000:02:00.0, 900, 877, 30.78, 150.00, 53, 52, 5, 8674, P0, Not Active, Not Active, Not Active
2026/07/20 00:48:47.044, 0, ${V100_GPU_0_UUID}, 00000000:01:00.0, 900, 877, 32.39, 150.00, 55, 54, 0, 8432, P0, Not Active, Not Active, Not Active
2026/07/20 00:48:47.051, 1, ${V100_GPU_1_UUID}, 00000000:02:00.0, 900, 877, 30.78, 150.00, 53, 52, 5, 8674, P0, Not Active, Not Active, Not Active
2026/07/20 00:48:47.217, 0, ${V100_GPU_0_UUID}, 00000000:01:00.0, 900, 877, 32.39, 150.00, 55, 54, 0, 8432, P0, Not Active, Not Active, Not Active
2026/07/20 00:48:47.224, 1, ${V100_GPU_1_UUID}, 00000000:02:00.0, 900, 877, 30.78, 150.00, 53, 52, 5, 8674, P0, Not Active, Not Active, Not Active
2026/07/20 00:48:47.386, 0, ${V100_GPU_0_UUID}, 00000000:01:00.0, 900, 877, 32.39, 150.00, 55, 54, 0, 8432, P0, Not Active, Not Active, Not Active
2026/07/20 00:48:47.392, 1, ${V100_GPU_1_UUID}, 00000000:02:00.0, 900, 877, 30.78, 150.00, 53, 52, 5, 8674, P0, Not Active, Not Active, Not Active
2026/07/20 00:48:47.552, 0, ${V100_GPU_0_UUID}, 00000000:01:00.0, 900, 877, 32.39, 150.00, 55, 54, 0, 8432, P0, Not Active, Not Active, Not Active
2026/07/20 00:48:47.562, 1, ${V100_GPU_1_UUID}, 00000000:02:00.0, 900, 877, 30.78, 150.00, 53, 52, 5, 8674, P0, Not Active, Not Active, Not Active
2026/07/20 00:48:47.721, 0, ${V100_GPU_0_UUID}, 00000000:01:00.0, 900, 877, 32.39, 150.00, 55, 54, 0, 8432, P0, Not Active, Not Active, Not Active
2026/07/20 00:48:47.730, 1, ${V100_GPU_1_UUID}, 00000000:02:00.0, 900, 877, 30.78, 150.00, 53, 52, 5, 8674, P0, Not Active, Not Active, Not Active
2026/07/20 00:48:47.866, 0, ${V100_GPU_0_UUID}, 00000000:01:00.0, 900, 877, 32.39, 150.00, 55, 54, 0, 8432, P0, Not Active, Not Active, Not Active
2026/07/20 00:48:47.873, 1, ${V100_GPU_1_UUID}, 00000000:02:00.0, 900, 877, 30.78, 150.00, 53, 52, 5, 8674, P0, Not Active, Not Active, Not Active
2026/07/20 00:48:48.008, 0, ${V100_GPU_0_UUID}, 00000000:01:00.0, 900, 877, 32.39, 150.00, 55, 54, 0, 8432, P0, Not Active, Not Active, Not Active
2026/07/20 00:48:48.013, 1, ${V100_GPU_1_UUID}, 00000000:02:00.0, 900, 877, 30.78, 150.00, 53, 52, 4, 8674, P0, Not Active, Not Active, Not Active
2026/07/20 00:48:48.152, 0, ${V100_GPU_0_UUID}, 00000000:01:00.0, 900, 877, 32.39, 150.00, 55, 54, 0, 8432, P0, Not Active, Not Active, Not Active
2026/07/20 00:48:48.160, 1, ${V100_GPU_1_UUID}, 00000000:02:00.0, 900, 877, 30.78, 150.00, 53, 52, 4, 8674, P0, Not Active, Not Active, Not Active
2026/07/20 00:48:48.297, 0, ${V100_GPU_0_UUID}, 00000000:01:00.0, 900, 877, 32.37, 150.00, 55, 54, 0, 8432, P0, Not Active, Not Active, Not Active
2026/07/20 00:48:48.303, 1, ${V100_GPU_1_UUID}, 00000000:02:00.0, 900, 877, 30.76, 150.00, 53, 52, 4, 8674, P0, Not Active, Not Active, Not Active
2026/07/20 00:48:48.444, 0, ${V100_GPU_0_UUID}, 00000000:01:00.0, 900, 877, 32.39, 150.00, 55, 54, 0, 8432, P0, Not Active, Not Active, Not Active
2026/07/20 00:48:48.455, 1, ${V100_GPU_1_UUID}, 00000000:02:00.0, 900, 877, 30.78, 150.00, 53, 52, 5, 8674, P0, Not Active, Not Active, Not Active
2026/07/20 00:48:48.593, 0, ${V100_GPU_0_UUID}, 00000000:01:00.0, 900, 877, 32.37, 150.00, 55, 54, 0, 8432, P0, Not Active, Not Active, Not Active
2026/07/20 00:48:48.598, 1, ${V100_GPU_1_UUID}, 00000000:02:00.0, 900, 877, 30.76, 150.00, 53, 52, 5, 8674, P0, Not Active, Not Active, Not Active
2026/07/20 00:48:48.731, 0, ${V100_GPU_0_UUID}, 00000000:01:00.0, 900, 877, 32.37, 150.00, 55, 54, 0, 8432, P0, Not Active, Not Active, Not Active
2026/07/20 00:48:48.736, 1, ${V100_GPU_1_UUID}, 00000000:02:00.0, 900, 877, 30.76, 150.00, 53, 52, 5, 8674, P0, Not Active, Not Active, Not Active
2026/07/20 00:48:48.897, 0, ${V100_GPU_0_UUID}, 00000000:01:00.0, 900, 877, 32.39, 150.00, 55, 54, 0, 8432, P0, Not Active, Not Active, Not Active
2026/07/20 00:48:48.903, 1, ${V100_GPU_1_UUID}, 00000000:02:00.0, 900, 877, 30.78, 150.00, 53, 52, 5, 8674, P0, Not Active, Not Active, Not Active
2026/07/20 00:48:49.068, 0, ${V100_GPU_0_UUID}, 00000000:01:00.0, 900, 877, 32.39, 150.00, 55, 54, 0, 8432, P0, Not Active, Not Active, Not Active
2026/07/20 00:48:49.079, 1, ${V100_GPU_1_UUID}, 00000000:02:00.0, 900, 877, 30.78, 150.00, 53, 52, 4, 8674, P0, Not Active, Not Active, Not Active
2026/07/20 00:48:49.249, 0, ${V100_GPU_0_UUID}, 00000000:01:00.0, 900, 877, 32.39, 150.00, 55, 54, 0, 8432, P0, Not Active, Not Active, Not Active
2026/07/20 00:48:49.256, 1, ${V100_GPU_1_UUID}, 00000000:02:00.0, 900, 877, 30.78, 150.00, 53, 52, 5, 8674, P0, Not Active, Not Active, Not Active
2026/07/20 00:48:49.405, 0, ${V100_GPU_0_UUID}, 00000000:01:00.0, 900, 877, 32.39, 150.00, 55, 54, 0, 8432, P0, Not Active, Not Active, Not Active
2026/07/20 00:48:49.411, 1, ${V100_GPU_1_UUID}, 00000000:02:00.0, 900, 877, 30.78, 150.00, 53, 52, 5, 8674, P0, Not Active, Not Active, Not Active
2026/07/20 00:48:49.573, 0, ${V100_GPU_0_UUID}, 00000000:01:00.0, 900, 877, 32.39, 150.00, 55, 54, 0, 8432, P0, Not Active, Not Active, Not Active
2026/07/20 00:48:49.581, 1, ${V100_GPU_1_UUID}, 00000000:02:00.0, 900, 877, 30.78, 150.00, 53, 52, 5, 8674, P0, Not Active, Not Active, Not Active
2026/07/20 00:48:49.744, 0, ${V100_GPU_0_UUID}, 00000000:01:00.0, 900, 877, 32.39, 150.00, 55, 54, 0, 8432, P0, Not Active, Not Active, Not Active
2026/07/20 00:48:49.751, 1, ${V100_GPU_1_UUID}, 00000000:02:00.0, 900, 877, 30.78, 150.00, 53, 52, 4, 8674, P0, Not Active, Not Active, Not Active
2026/07/20 00:48:49.911, 0, ${V100_GPU_0_UUID}, 00000000:01:00.0, 900, 877, 32.39, 150.00, 55, 54, 0, 8432, P0, Not Active, Not Active, Not Active
2026/07/20 00:48:49.918, 1, ${V100_GPU_1_UUID}, 00000000:02:00.0, 900, 877, 30.78, 150.00, 53, 52, 5, 8674, P0, Not Active, Not Active, Not Active
2026/07/20 00:48:50.052, 0, ${V100_GPU_0_UUID}, 00000000:01:00.0, 900, 877, 32.37, 150.00, 55, 54, 0, 8432, P0, Not Active, Not Active, Not Active
2026/07/20 00:48:50.058, 1, ${V100_GPU_1_UUID}, 00000000:02:00.0, 900, 877, 30.76, 150.00, 53, 52, 4, 8674, P0, Not Active, Not Active, Not Active
2026/07/20 00:48:50.191, 0, ${V100_GPU_0_UUID}, 00000000:01:00.0, 900, 877, 32.37, 150.00, 55, 54, 0, 8432, P0, Not Active, Not Active, Not Active
2026/07/20 00:48:50.197, 1, ${V100_GPU_1_UUID}, 00000000:02:00.0, 900, 877, 30.76, 150.00, 53, 52, 5, 8674, P0, Not Active, Not Active, Not Active
2026/07/20 00:48:50.330, 0, ${V100_GPU_0_UUID}, 00000000:01:00.0, 900, 877, 32.37, 150.00, 55, 54, 0, 8432, P0, Not Active, Not Active, Not Active
2026/07/20 00:48:50.336, 1, ${V100_GPU_1_UUID}, 00000000:02:00.0, 900, 877, 30.76, 150.00, 53, 52, 5, 8674, P0, Not Active, Not Active, Not Active
2026/07/20 00:48:50.470, 0, ${V100_GPU_0_UUID}, 00000000:01:00.0, 900, 877, 32.37, 150.00, 55, 54, 0, 8432, P0, Not Active, Not Active, Not Active
2026/07/20 00:48:50.476, 1, ${V100_GPU_1_UUID}, 00000000:02:00.0, 900, 877, 30.76, 150.00, 53, 52, 5, 8674, P0, Not Active, Not Active, Not Active
2026/07/20 00:48:50.609, 0, ${V100_GPU_0_UUID}, 00000000:01:00.0, 900, 877, 32.37, 150.00, 55, 54, 0, 8432, P0, Not Active, Not Active, Not Active
2026/07/20 00:48:50.615, 1, ${V100_GPU_1_UUID}, 00000000:02:00.0, 900, 877, 30.78, 150.00, 53, 52, 5, 8674, P0, Not Active, Not Active, Not Active
2026/07/20 00:48:50.747, 0, ${V100_GPU_0_UUID}, 00000000:01:00.0, 900, 877, 32.39, 150.00, 55, 54, 0, 8432, P0, Not Active, Not Active, Not Active
2026/07/20 00:48:50.753, 1, ${V100_GPU_1_UUID}, 00000000:02:00.0, 900, 877, 30.78, 150.00, 53, 52, 5, 8674, P0, Not Active, Not Active, Not Active
2026/07/20 00:48:50.886, 0, ${V100_GPU_0_UUID}, 00000000:01:00.0, 900, 877, 32.37, 150.00, 55, 54, 0, 8432, P0, Not Active, Not Active, Not Active
2026/07/20 00:48:50.892, 1, ${V100_GPU_1_UUID}, 00000000:02:00.0, 900, 877, 30.78, 150.00, 53, 52, 4, 8674, P0, Not Active, Not Active, Not Active
2026/07/20 00:48:51.027, 0, ${V100_GPU_0_UUID}, 00000000:01:00.0, 900, 877, 32.39, 150.00, 55, 54, 0, 8432, P0, Not Active, Not Active, Not Active
2026/07/20 00:48:51.034, 1, ${V100_GPU_1_UUID}, 00000000:02:00.0, 900, 877, 30.76, 150.00, 53, 52, 4, 8674, P0, Not Active, Not Active, Not Active
2026/07/20 00:48:51.168, 0, ${V100_GPU_0_UUID}, 00000000:01:00.0, 900, 877, 32.37, 150.00, 55, 54, 0, 8432, P0, Not Active, Not Active, Not Active
2026/07/20 00:48:51.174, 1, ${V100_GPU_1_UUID}, 00000000:02:00.0, 900, 877, 30.78, 150.00, 53, 52, 4, 8674, P0, Not Active, Not Active, Not Active
2026/07/20 00:48:51.308, 0, ${V100_GPU_0_UUID}, 00000000:01:00.0, 900, 877, 32.39, 150.00, 55, 54, 0, 8432, P0, Not Active, Not Active, Not Active
2026/07/20 00:48:51.313, 1, ${V100_GPU_1_UUID}, 00000000:02:00.0, 900, 877, 30.78, 150.00, 53, 52, 8, 8674, P0, Not Active, Not Active, Not Active
2026/07/20 00:48:51.460, 0, ${V100_GPU_0_UUID}, 00000000:01:00.0, 900, 877, 32.37, 150.00, 55, 54, 0, 8432, P0, Not Active, Not Active, Not Active
2026/07/20 00:48:51.466, 1, ${V100_GPU_1_UUID}, 00000000:02:00.0, 900, 877, 30.76, 150.00, 53, 52, 11, 8674, P0, Not Active, Not Active, Not Active
2026/07/20 00:48:51.608, 0, ${V100_GPU_0_UUID}, 00000000:01:00.0, 900, 877, 32.37, 150.00, 55, 54, 0, 8432, P0, Not Active, Not Active, Not Active
2026/07/20 00:48:51.614, 1, ${V100_GPU_1_UUID}, 00000000:02:00.0, 900, 877, 30.76, 150.00, 53, 52, 11, 8674, P0, Not Active, Not Active, Not Active
2026/07/20 00:48:51.763, 0, ${V100_GPU_0_UUID}, 00000000:01:00.0, 900, 877, 32.39, 150.00, 55, 54, 0, 8432, P0, Not Active, Not Active, Not Active
2026/07/20 00:48:51.770, 1, ${V100_GPU_1_UUID}, 00000000:02:00.0, 900, 877, 30.78, 150.00, 53, 52, 12, 8674, P0, Not Active, Not Active, Not Active
2026/07/20 00:48:51.906, 0, ${V100_GPU_0_UUID}, 00000000:01:00.0, 900, 877, 32.41, 150.00, 55, 54, 0, 8432, P0, Not Active, Not Active, Not Active
2026/07/20 00:48:51.912, 1, ${V100_GPU_1_UUID}, 00000000:02:00.0, 900, 877, 31.76, 150.00, 53, 52, 17, 8674, P0, Not Active, Not Active, Not Active
2026/07/20 00:48:52.047, 0, ${V100_GPU_0_UUID}, 00000000:01:00.0, 900, 877, 32.41, 150.00, 55, 54, 0, 8432, P0, Not Active, Not Active, Not Active
2026/07/20 00:48:52.053, 1, ${V100_GPU_1_UUID}, 00000000:02:00.0, 900, 877, 31.76, 150.00, 53, 52, 58, 8674, P0, Not Active, Not Active, Not Active
2026/07/20 00:48:52.187, 0, ${V100_GPU_0_UUID}, 00000000:01:00.0, 900, 877, 32.41, 150.00, 55, 54, 0, 8432, P0, Not Active, Not Active, Not Active
2026/07/20 00:48:52.193, 1, ${V100_GPU_1_UUID}, 00000000:02:00.0, 900, 877, 31.76, 150.00, 53, 52, 98, 8674, P0, Not Active, Not Active, Not Active
2026/07/20 00:48:52.327, 0, ${V100_GPU_0_UUID}, 00000000:01:00.0, 900, 877, 32.41, 150.00, 55, 54, 0, 8432, P0, Not Active, Not Active, Not Active
2026/07/20 00:48:52.333, 1, ${V100_GPU_1_UUID}, 00000000:02:00.0, 900, 877, 31.76, 150.00, 53, 52, 98, 8674, P0, Not Active, Not Active, Not Active
2026/07/20 00:48:52.468, 0, ${V100_GPU_0_UUID}, 00000000:01:00.0, 900, 877, 32.41, 150.00, 55, 54, 0, 8432, P0, Not Active, Not Active, Not Active
2026/07/20 00:48:52.474, 1, ${V100_GPU_1_UUID}, 00000000:02:00.0, 900, 877, 31.76, 150.00, 53, 52, 96, 8674, P0, Not Active, Not Active, Not Active
2026/07/20 00:48:52.607, 0, ${V100_GPU_0_UUID}, 00000000:01:00.0, 900, 877, 32.37, 150.00, 55, 54, 0, 8432, P0, Not Active, Not Active, Not Active
2026/07/20 00:48:52.613, 1, ${V100_GPU_1_UUID}, 00000000:02:00.0, 900, 877, 30.76, 150.00, 53, 52, 96, 8674, P0, Not Active, Not Active, Not Active
2026/07/20 00:48:52.746, 0, ${V100_GPU_0_UUID}, 00000000:01:00.0, 900, 877, 32.37, 150.00, 55, 54, 0, 8432, P0, Not Active, Not Active, Not Active
2026/07/20 00:48:52.751, 1, ${V100_GPU_1_UUID}, 00000000:02:00.0, 900, 877, 30.76, 150.00, 53, 52, 9, 8674, P0, Not Active, Not Active, Not Active
2026/07/20 00:48:52.885, 0, ${V100_GPU_0_UUID}, 00000000:01:00.0, 900, 877, 32.39, 150.00, 55, 54, 0, 8432, P0, Not Active, Not Active, Not Active
2026/07/20 00:48:52.891, 1, ${V100_GPU_1_UUID}, 00000000:02:00.0, 900, 877, 30.78, 150.00, 53, 52, 0, 8674, P0, Not Active, Not Active, Not Active
2026/07/20 00:48:53.026, 0, ${V100_GPU_0_UUID}, 00000000:01:00.0, 900, 877, 32.39, 150.00, 55, 54, 0, 8432, P0, Not Active, Not Active, Not Active
2026/07/20 00:48:53.032, 1, ${V100_GPU_1_UUID}, 00000000:02:00.0, 900, 877, 30.78, 150.00, 53, 52, 0, 8674, P0, Not Active, Not Active, Not Active
2026/07/20 00:48:53.169, 0, ${V100_GPU_0_UUID}, 00000000:01:00.0, 900, 877, 32.37, 150.00, 55, 54, 0, 8870, P0, Not Active, Not Active, Not Active
2026/07/20 00:48:53.177, 1, ${V100_GPU_1_UUID}, 00000000:02:00.0, 900, 877, 30.78, 150.00, 53, 52, 0, 9508, P0, Not Active, Not Active, Not Active
2026/07/20 00:48:53.320, 0, ${V100_GPU_0_UUID}, 00000000:01:00.0, 900, 877, 66.18, 150.00, 55, 54, 0, 8910, P0, Not Active, Not Active, Not Active
2026/07/20 00:48:53.333, 1, ${V100_GPU_1_UUID}, 00000000:02:00.0, 900, 877, 31.20, 150.00, 53, 52, 0, 9548, P0, Not Active, Not Active, Not Active
2026/07/20 00:48:53.467, 0, ${V100_GPU_0_UUID}, 00000000:01:00.0, 900, 877, 32.83, 150.00, 55, 54, 18, 8910, P0, Not Active, Not Active, Not Active
2026/07/20 00:48:53.473, 1, ${V100_GPU_1_UUID}, 00000000:02:00.0, 900, 877, 30.74, 150.00, 53, 53, 18, 9548, P0, Not Active, Not Active, Not Active
2026/07/20 00:48:53.609, 0, ${V100_GPU_0_UUID}, 00000000:01:00.0, 900, 877, 32.37, 150.00, 55, 54, 0, 8910, P0, Not Active, Not Active, Not Active
2026/07/20 00:48:53.615, 1, ${V100_GPU_1_UUID}, 00000000:02:00.0, 900, 877, 30.76, 150.00, 53, 52, 18, 9548, P0, Not Active, Not Active, Not Active
2026/07/20 00:48:53.748, 0, ${V100_GPU_0_UUID}, 00000000:01:00.0, 900, 877, 32.37, 150.00, 55, 54, 1, 8910, P0, Not Active, Not Active, Not Active
2026/07/20 00:48:53.753, 1, ${V100_GPU_1_UUID}, 00000000:02:00.0, 900, 877, 30.76, 150.00, 53, 52, 0, 9548, P0, Not Active, Not Active, Not Active
2026/07/20 00:48:53.886, 0, ${V100_GPU_0_UUID}, 00000000:01:00.0, 900, 877, 32.37, 150.00, 55, 54, 1, 9008, P0, Not Active, Not Active, Not Active
2026/07/20 00:48:53.891, 1, ${V100_GPU_1_UUID}, 00000000:02:00.0, 900, 877, 30.76, 150.00, 53, 52, 0, 9548, P0, Not Active, Not Active, Not Active
2026/07/20 00:48:54.023, 0, ${V100_GPU_0_UUID}, 00000000:01:00.0, 900, 877, 137.84, 150.00, 57, 58, 2, 9160, P0, Not Active, Not Active, Not Active
2026/07/20 00:48:54.042, 1, ${V100_GPU_1_UUID}, 00000000:02:00.0, 900, 877, 30.95, 150.00, 53, 52, 0, 9548, P0, Not Active, Not Active, Not Active
2026/07/20 00:48:54.174, 0, ${V100_GPU_0_UUID}, 00000000:01:00.0, 900, 877, 133.29, 150.00, 58, 59, 97, 9160, P0, Not Active, Not Active, Not Active
2026/07/20 00:48:54.181, 1, ${V100_GPU_1_UUID}, 00000000:02:00.0, 900, 877, 30.47, 150.00, 53, 52, 0, 9548, P0, Not Active, Not Active, Not Active
2026/07/20 00:48:54.315, 0, ${V100_GPU_0_UUID}, 00000000:01:00.0, 900, 877, 135.09, 150.00, 58, 59, 100, 9160, P0, Not Active, Not Active, Not Active
2026/07/20 00:48:54.323, 1, ${V100_GPU_1_UUID}, 00000000:02:00.0, 900, 877, 31.01, 150.00, 53, 52, 0, 9558, P0, Not Active, Not Active, Not Active
2026/07/20 00:48:54.456, 0, ${V100_GPU_0_UUID}, 00000000:01:00.0, 900, 877, 32.97, 150.00, 56, 56, 52, 9160, P0, Not Active, Not Active, Not Active
2026/07/20 00:48:54.464, 1, ${V100_GPU_1_UUID}, 00000000:02:00.0, 900, 877, 149.62, 150.00, 56, 56, 84, 12248, P0, Not Active, Not Active, Not Active
2026/07/20 00:48:54.614, 0, ${V100_GPU_0_UUID}, 00000000:01:00.0, 900, 877, 32.50, 150.00, 56, 55, 0, 9160, P0, Not Active, Not Active, Not Active
2026/07/20 00:48:54.619, 1, ${V100_GPU_1_UUID}, 00000000:02:00.0, 892, 877, 144.06, 150.00, 57, 57, 84, 12248, P0, Not Active, Not Active, Not Active
2026/07/20 00:48:54.756, 0, ${V100_GPU_0_UUID}, 00000000:01:00.0, 900, 877, 32.69, 150.00, 56, 55, 0, 9160, P0, Not Active, Not Active, Not Active
2026/07/20 00:48:54.761, 1, ${V100_GPU_1_UUID}, 00000000:02:00.0, 900, 877, 66.98, 150.00, 57, 58, 100, 12248, P0, Not Active, Not Active, Not Active
2026/07/20 00:48:54.918, 0, ${V100_GPU_0_UUID}, 00000000:01:00.0, 900, 877, 32.87, 150.00, 55, 54, 0, 9160, P0, Not Active, Not Active, Not Active
2026/07/20 00:48:54.924, 1, ${V100_GPU_1_UUID}, 00000000:02:00.0, 900, 877, 30.78, 150.00, 55, 54, 87, 12248, P0, Not Active, Not Active, Not Active
2026/07/20 00:48:55.088, 0, ${V100_GPU_0_UUID}, 00000000:01:00.0, 900, 877, 32.39, 150.00, 55, 54, 0, 9160, P0, Not Active, Not Active, Not Active
2026/07/20 00:48:55.100, 1, ${V100_GPU_1_UUID}, 00000000:02:00.0, 900, 877, 30.26, 150.00, 54, 53, 0, 12248, P0, Not Active, Not Active, Not Active
2026/07/20 00:48:55.251, 0, ${V100_GPU_0_UUID}, 00000000:01:00.0, 900, 877, 32.80, 150.00, 55, 54, 0, 9160, P0, Not Active, Not Active, Not Active
2026/07/20 00:48:55.257, 1, ${V100_GPU_1_UUID}, 00000000:02:00.0, 900, 877, 30.72, 150.00, 54, 53, 0, 12248, P0, Not Active, Not Active, Not Active
2026/07/20 00:48:55.391, 0, ${V100_GPU_0_UUID}, 00000000:01:00.0, 900, 877, 136.13, 150.00, 57, 58, 0, 9200, P0, Not Active, Not Active, Not Active
2026/07/20 00:48:55.408, 1, ${V100_GPU_1_UUID}, 00000000:02:00.0, 900, 877, 30.51, 150.00, 54, 52, 0, 12288, P0, Not Active, Not Active, Not Active
2026/07/20 00:48:55.575, 0, ${V100_GPU_0_UUID}, 00000000:01:00.0, 900, 877, 133.29, 150.00, 58, 59, 100, 9200, P0, Not Active, Not Active, Not Active
2026/07/20 00:48:55.588, 1, ${V100_GPU_1_UUID}, 00000000:02:00.0, 900, 877, 30.51, 150.00, 54, 52, 0, 12288, P0, Not Active, Not Active, Not Active
2026/07/20 00:48:55.721, 0, ${V100_GPU_0_UUID}, 00000000:01:00.0, 900, 877, 80.01, 150.00, 59, 60, 100, 9200, P0, Not Active, Not Active, Not Active
2026/07/20 00:48:55.729, 1, ${V100_GPU_1_UUID}, 00000000:02:00.0, 900, 877, 127.23, 150.00, 54, 53, 0, 12288, P0, Not Active, Not Active, Not Active
2026/07/20 00:48:55.874, 0, ${V100_GPU_0_UUID}, 00000000:01:00.0, 900, 877, 33.00, 150.00, 57, 56, 82, 9200, P0, Not Active, Not Active, Not Active
2026/07/20 00:48:55.881, 1, ${V100_GPU_1_UUID}, 00000000:02:00.0, 900, 877, 142.83, 150.00, 56, 57, 59, 12288, P0, Not Active, Not Active, Not Active
2026/07/20 00:48:56.020, 0, ${V100_GPU_0_UUID}, 00000000:01:00.0, 900, 877, 32.52, 150.00, 56, 55, 0, 9200, P0, Not Active, Not Active, Not Active
2026/07/20 00:48:56.026, 1, ${V100_GPU_1_UUID}, 00000000:02:00.0, 900, 877, 140.37, 150.00, 57, 58, 100, 12288, P0, Not Active, Not Active, Not Active
2026/07/20 00:48:56.160, 0, ${V100_GPU_0_UUID}, 00000000:01:00.0, 900, 877, 32.80, 150.00, 56, 55, 0, 9200, P0, Not Active, Not Active, Not Active
2026/07/20 00:48:56.166, 1, ${V100_GPU_1_UUID}, 00000000:02:00.0, 900, 877, 41.28, 150.00, 56, 58, 100, 12288, P0, Not Active, Not Active, Not Active
2026/07/20 00:48:56.314, 0, ${V100_GPU_0_UUID}, 00000000:01:00.0, 900, 877, 32.80, 150.00, 56, 55, 0, 9200, P0, Not Active, Not Active, Not Active
2026/07/20 00:48:56.326, 1, ${V100_GPU_1_UUID}, 00000000:02:00.0, 900, 877, 30.72, 150.00, 55, 55, 15, 12288, P0, Not Active, Not Active, Not Active
2026/07/20 00:48:56.478, 0, ${V100_GPU_0_UUID}, 00000000:01:00.0, 900, 877, 137.55, 150.00, 58, 59, 39, 9200, P0, Not Active, Not Active, Not Active
2026/07/20 00:48:56.495, 1, ${V100_GPU_1_UUID}, 00000000:02:00.0, 900, 877, 30.51, 150.00, 54, 53, 0, 12288, P0, Not Active, Not Active, Not Active
2026/07/20 00:48:56.679, 0, ${V100_GPU_0_UUID}, 00000000:01:00.0, 900, 877, 133.76, 150.00, 59, 60, 100, 9200, P0, Not Active, Not Active, Not Active
2026/07/20 00:48:56.702, 1, ${V100_GPU_1_UUID}, 00000000:02:00.0, 900, 877, 30.51, 150.00, 54, 53, 0, 12288, P0, Not Active, Not Active, Not Active
2026/07/20 00:48:56.854, 0, ${V100_GPU_0_UUID}, 00000000:01:00.0, 900, 877, 33.45, 150.00, 57, 59, 100, 9200, P0, Not Active, Not Active, Not Active
2026/07/20 00:48:56.860, 1, ${V100_GPU_1_UUID}, 00000000:02:00.0, 900, 877, 145.48, 150.00, 56, 56, 28, 12288, P0, Not Active, Not Active, Not Active
2026/07/20 00:48:57.004, 0, ${V100_GPU_0_UUID}, 00000000:01:00.0, 900, 877, 33.00, 150.00, 57, 56, 13, 9200, P0, Not Active, Not Active, Not Active
2026/07/20 00:48:57.010, 1, ${V100_GPU_1_UUID}, 00000000:02:00.0, 900, 877, 139.43, 150.00, 57, 58, 100, 12288, P0, Not Active, Not Active, Not Active
2026/07/20 00:48:57.145, 0, ${V100_GPU_0_UUID}, 00000000:01:00.0, 900, 877, 33.00, 150.00, 56, 56, 0, 9200, P0, Not Active, Not Active, Not Active
2026/07/20 00:48:57.151, 1, ${V100_GPU_1_UUID}, 00000000:02:00.0, 900, 877, 147.26, 150.00, 57, 58, 100, 12288, P0, Not Active, Not Active, Not Active
2026/07/20 00:48:57.313, 0, ${V100_GPU_0_UUID}, 00000000:01:00.0, 900, 877, 32.80, 150.00, 56, 55, 0, 9200, P0, Not Active, Not Active, Not Active
2026/07/20 00:48:57.323, 1, ${V100_GPU_1_UUID}, 00000000:02:00.0, 900, 877, 30.72, 150.00, 55, 56, 44, 12288, P0, Not Active, Not Active, Not Active
2026/07/20 00:48:57.465, 0, ${V100_GPU_0_UUID}, 00000000:01:00.0, 900, 877, 130.62, 150.00, 57, 57, 0, 9200, P0, Not Active, Not Active, Not Active
2026/07/20 00:48:57.475, 1, ${V100_GPU_1_UUID}, 00000000:02:00.0, 900, 877, 30.54, 150.00, 55, 54, 44, 12288, P0, Not Active, Not Active, Not Active
2026/07/20 00:48:57.609, 0, ${V100_GPU_0_UUID}, 00000000:01:00.0, 900, 877, 138.12, 150.00, 58, 60, 94, 9200, P0, Not Active, Not Active, Not Active
2026/07/20 00:48:57.617, 1, ${V100_GPU_1_UUID}, 00000000:02:00.0, 900, 877, 30.51, 150.00, 54, 53, 0, 12288, P0, Not Active, Not Active, Not Active
2026/07/20 00:48:57.751, 0, ${V100_GPU_0_UUID}, 00000000:01:00.0, 900, 877, 133.58, 150.00, 59, 60, 94, 9200, P0, Not Active, Not Active, Not Active
2026/07/20 00:48:57.760, 1, ${V100_GPU_1_UUID}, 00000000:02:00.0, 900, 877, 30.47, 150.00, 54, 53, 0, 12288, P0, Not Active, Not Active, Not Active
2026/07/20 00:48:57.892, 0, ${V100_GPU_0_UUID}, 00000000:01:00.0, 900, 877, 38.24, 150.00, 59, 59, 100, 9200, P0, Not Active, Not Active, Not Active
2026/07/20 00:48:57.898, 1, ${V100_GPU_1_UUID}, 00000000:02:00.0, 900, 877, 136.68, 150.00, 55, 55, 0, 12288, P0, Not Active, Not Active, Not Active
2026/07/20 00:48:58.030, 0, ${V100_GPU_0_UUID}, 00000000:01:00.0, 900, 877, 33.00, 150.00, 57, 56, 58, 9200, P0, Not Active, Not Active, Not Active
2026/07/20 00:48:58.035, 1, ${V100_GPU_1_UUID}, 00000000:02:00.0, 900, 877, 140.47, 150.00, 57, 58, 83, 12288, P0, Not Active, Not Active, Not Active
2026/07/20 00:48:58.168, 0, ${V100_GPU_0_UUID}, 00000000:01:00.0, 900, 877, 33.00, 150.00, 57, 56, 0, 9200, P0, Not Active, Not Active, Not Active
2026/07/20 00:48:58.173, 1, ${V100_GPU_1_UUID}, 00000000:02:00.0, 900, 877, 142.17, 150.00, 58, 59, 100, 12288, P0, Not Active, Not Active, Not Active
2026/07/20 00:48:58.310, 0, ${V100_GPU_0_UUID}, 00000000:01:00.0, 900, 877, 32.83, 150.00, 57, 56, 0, 9200, P0, Not Active, Not Active, Not Active
2026/07/20 00:48:58.315, 1, ${V100_GPU_1_UUID}, 00000000:02:00.0, 900, 877, 36.02, 150.00, 57, 59, 100, 12288, P0, Not Active, Not Active, Not Active
2026/07/20 00:48:58.466, 0, ${V100_GPU_0_UUID}, 00000000:01:00.0, 900, 877, 32.80, 150.00, 56, 56, 0, 9200, P0, Not Active, Not Active, Not Active
2026/07/20 00:48:58.476, 1, ${V100_GPU_1_UUID}, 00000000:02:00.0, 900, 877, 30.72, 150.00, 55, 55, 89, 12288, P0, Not Active, Not Active, Not Active
2026/07/20 00:48:58.621, 0, ${V100_GPU_0_UUID}, 00000000:01:00.0, 900, 877, 34.75, 150.00, 56, 55, 16, 394, P0, Not Active, Not Active, Not Active
2026/07/20 00:48:58.627, 1, ${V100_GPU_1_UUID}, 00000000:02:00.0, 900, 877, 32.66, 150.00, 55, 54, 0, 394, P0, Not Active, Not Active, Not Active
2026/07/20 00:48:58.759, 0, ${V100_GPU_0_UUID}, 00000000:01:00.0, 900, 877, 34.75, 150.00, 56, 56, 16, 394, P0, Not Active, Not Active, Not Active
2026/07/20 00:48:58.765, 1, ${V100_GPU_1_UUID}, 00000000:02:00.0, 900, 877, 32.20, 150.00, 55, 54, 59, 394, P0, Not Active, Not Active, Not Active
2026/07/20 00:48:58.923, 0, ${V100_GPU_0_UUID}, 00000000:01:00.0, 900, 877, 34.27, 150.00, 56, 55, 100, 394, P0, Not Active, Not Active, Not Active
2026/07/20 00:48:58.929, 1, ${V100_GPU_1_UUID}, 00000000:02:00.0, 900, 877, 32.20, 150.00, 55, 54, 100, 394, P0, Not Active, Not Active, Not Active
2026/07/20 00:48:59.091, 0, ${V100_GPU_0_UUID}, 00000000:01:00.0, 900, 877, 32.85, 150.00, 56, 55, 100, 394, P0, Not Active, Not Active, Not Active
2026/07/20 00:48:59.099, 1, ${V100_GPU_1_UUID}, 00000000:02:00.0, 900, 877, 31.72, 150.00, 54, 54, 100, 394, P0, Not Active, Not Active, Not Active
2026/07/20 00:48:59.231, 0, ${V100_GPU_0_UUID}, 00000000:01:00.0, 900, 877, 32.85, 150.00, 56, 55, 16, 394, P0, Not Active, Not Active, Not Active
2026/07/20 00:48:59.237, 1, ${V100_GPU_1_UUID}, 00000000:02:00.0, 900, 877, 30.76, 150.00, 54, 53, 56, 394, P0, Not Active, Not Active, Not Active
2026/07/20 00:48:59.368, 0, ${V100_GPU_0_UUID}, 00000000:01:00.0, 900, 877, 32.85, 150.00, 56, 55, 0, 394, P0, Not Active, Not Active, Not Active
2026/07/20 00:48:59.375, 1, ${V100_GPU_1_UUID}, 00000000:02:00.0, 900, 877, 30.76, 150.00, 54, 53, 0, 394, P0, Not Active, Not Active, Not Active
2026/07/20 00:48:59.508, 0, ${V100_GPU_0_UUID}, 00000000:01:00.0, 900, 877, 32.85, 150.00, 56, 55, 0, 394, P0, Not Active, Not Active, Not Active
2026/07/20 00:48:59.513, 1, ${V100_GPU_1_UUID}, 00000000:02:00.0, 900, 877, 30.28, 150.00, 54, 53, 0, 394, P0, Not Active, Not Active, Not Active
2026/07/20 00:48:59.645, 0, ${V100_GPU_0_UUID}, 00000000:01:00.0, 900, 877, 32.85, 150.00, 56, 55, 0, 394, P0, Not Active, Not Active, Not Active
2026/07/20 00:48:59.651, 1, ${V100_GPU_1_UUID}, 00000000:02:00.0, 900, 877, 30.76, 150.00, 54, 53, 0, 394, P0, Not Active, Not Active, Not Active
2026/07/20 00:48:59.782, 0, ${V100_GPU_0_UUID}, 00000000:01:00.0, 900, 877, 32.85, 150.00, 56, 55, 0, 394, P0, Not Active, Not Active, Not Active
2026/07/20 00:48:59.788, 1, ${V100_GPU_1_UUID}, 00000000:02:00.0, 900, 877, 30.76, 150.00, 54, 53, 0, 394, P0, Not Active, Not Active, Not Active
2026/07/20 00:48:59.950, 0, ${V100_GPU_0_UUID}, 00000000:01:00.0, 900, 877, 32.85, 150.00, 56, 55, 0, 394, P0, Not Active, Not Active, Not Active
2026/07/20 00:48:59.957, 1, ${V100_GPU_1_UUID}, 00000000:02:00.0, 900, 877, 30.76, 150.00, 54, 53, 0, 394, P0, Not Active, Not Active, Not Active
2026/07/20 00:49:00.089, 0, ${V100_GPU_0_UUID}, 00000000:01:00.0, 900, 877, 32.85, 150.00, 56, 55, 0, 394, P0, Not Active, Not Active, Not Active
2026/07/20 00:49:00.094, 1, ${V100_GPU_1_UUID}, 00000000:02:00.0, 900, 877, 30.28, 150.00, 54, 53, 0, 394, P0, Not Active, Not Active, Not Active
2026/07/20 00:49:00.226, 0, ${V100_GPU_0_UUID}, 00000000:01:00.0, 900, 877, 32.85, 150.00, 56, 55, 0, 394, P0, Not Active, Not Active, Not Active
2026/07/20 00:49:00.232, 1, ${V100_GPU_1_UUID}, 00000000:02:00.0, 900, 877, 30.28, 150.00, 54, 53, 0, 394, P0, Not Active, Not Active, Not Active
2026/07/20 00:49:00.364, 0, ${V100_GPU_0_UUID}, 00000000:01:00.0, 900, 877, 32.85, 150.00, 56, 55, 0, 394, P0, Not Active, Not Active, Not Active
2026/07/20 00:49:00.370, 1, ${V100_GPU_1_UUID}, 00000000:02:00.0, 900, 877, 30.28, 150.00, 54, 53, 0, 394, P0, Not Active, Not Active, Not Active
2026/07/20 00:49:00.504, 0, ${V100_GPU_0_UUID}, 00000000:01:00.0, 900, 877, 32.85, 150.00, 56, 55, 0, 394, P0, Not Active, Not Active, Not Active
2026/07/20 00:49:00.510, 1, ${V100_GPU_1_UUID}, 00000000:02:00.0, 900, 877, 30.28, 150.00, 54, 53, 0, 394, P0, Not Active, Not Active, Not Active
2026/07/20 00:49:00.642, 0, ${V100_GPU_0_UUID}, 00000000:01:00.0, 900, 877, 32.85, 150.00, 56, 55, 0, 394, P0, Not Active, Not Active, Not Active
2026/07/20 00:49:00.648, 1, ${V100_GPU_1_UUID}, 00000000:02:00.0, 900, 877, 30.28, 150.00, 54, 53, 0, 394, P0, Not Active, Not Active, Not Active
2026/07/20 00:49:00.782, 0, ${V100_GPU_0_UUID}, 00000000:01:00.0, 900, 877, 32.85, 150.00, 56, 55, 0, 394, P0, Not Active, Not Active, Not Active
2026/07/20 00:49:00.788, 1, ${V100_GPU_1_UUID}, 00000000:02:00.0, 900, 877, 30.30, 150.00, 54, 53, 0, 394, P0, Not Active, Not Active, Not Active
2026/07/20 00:49:00.923, 0, ${V100_GPU_0_UUID}, 00000000:01:00.0, 900, 877, 32.85, 150.00, 56, 55, 0, 394, P0, Not Active, Not Active, Not Active
2026/07/20 00:49:00.929, 1, ${V100_GPU_1_UUID}, 00000000:02:00.0, 900, 877, 30.76, 150.00, 54, 53, 0, 394, P0, Not Active, Not Active, Not Active
2026/07/20 00:49:01.068, 0, ${V100_GPU_0_UUID}, 00000000:01:00.0, 900, 877, 32.85, 150.00, 56, 55, 0, 394, P0, Not Active, Not Active, Not Active
2026/07/20 00:49:01.074, 1, ${V100_GPU_1_UUID}, 00000000:02:00.0, 900, 877, 30.28, 150.00, 54, 53, 0, 394, P0, Not Active, Not Active, Not Active
2026/07/20 00:49:01.220, 0, ${V100_GPU_0_UUID}, 00000000:01:00.0, 900, 877, 32.85, 150.00, 56, 55, 0, 394, P0, Not Active, Not Active, Not Active
2026/07/20 00:49:01.226, 1, ${V100_GPU_1_UUID}, 00000000:02:00.0, 900, 877, 30.28, 150.00, 54, 53, 0, 394, P0, Not Active, Not Active, Not Active
2026/07/20 00:49:01.366, 0, ${V100_GPU_0_UUID}, 00000000:01:00.0, 900, 877, 32.85, 150.00, 56, 55, 0, 394, P0, Not Active, Not Active, Not Active
2026/07/20 00:49:01.374, 1, ${V100_GPU_1_UUID}, 00000000:02:00.0, 900, 877, 30.30, 150.00, 54, 53, 0, 394, P0, Not Active, Not Active, Not Active
2026/07/20 00:49:01.521, 0, ${V100_GPU_0_UUID}, 00000000:01:00.0, 900, 877, 32.85, 150.00, 56, 55, 0, 394, P0, Not Active, Not Active, Not Active
2026/07/20 00:49:01.527, 1, ${V100_GPU_1_UUID}, 00000000:02:00.0, 900, 877, 30.28, 150.00, 54, 53, 0, 394, P0, Not Active, Not Active, Not Active
2026/07/20 00:49:01.691, 0, ${V100_GPU_0_UUID}, 00000000:01:00.0, 900, 877, 32.87, 150.00, 56, 55, 0, 394, P0, Not Active, Not Active, Not Active
2026/07/20 00:49:01.699, 1, ${V100_GPU_1_UUID}, 00000000:02:00.0, 900, 877, 30.30, 150.00, 54, 53, 0, 394, P0, Not Active, Not Active, Not Active
2026/07/20 00:49:01.834, 0, ${V100_GPU_0_UUID}, 00000000:01:00.0, 900, 877, 32.85, 150.00, 56, 55, 0, 394, P0, Not Active, Not Active, Not Active
2026/07/20 00:49:01.840, 1, ${V100_GPU_1_UUID}, 00000000:02:00.0, 900, 877, 30.30, 150.00, 54, 53, 0, 394, P0, Not Active, Not Active, Not Active
2026/07/20 00:49:02.004, 0, ${V100_GPU_0_UUID}, 00000000:01:00.0, 900, 877, 32.85, 150.00, 56, 55, 0, 394, P0, Not Active, Not Active, Not Active
2026/07/20 00:49:02.010, 1, ${V100_GPU_1_UUID}, 00000000:02:00.0, 900, 877, 30.28, 150.00, 54, 53, 0, 394, P0, Not Active, Not Active, Not Active
2026/07/20 00:49:02.158, 0, ${V100_GPU_0_UUID}, 00000000:01:00.0, 900, 877, 32.87, 150.00, 56, 55, 0, 394, P0, Not Active, Not Active, Not Active
2026/07/20 00:49:02.169, 1, ${V100_GPU_1_UUID}, 00000000:02:00.0, 900, 877, 30.30, 150.00, 54, 53, 0, 394, P0, Not Active, Not Active, Not Active
2026/07/20 00:49:02.308, 0, ${V100_GPU_0_UUID}, 00000000:01:00.0, 900, 877, 32.83, 150.00, 56, 55, 0, 394, P0, Not Active, Not Active, Not Active
2026/07/20 00:49:02.314, 1, ${V100_GPU_1_UUID}, 00000000:02:00.0, 900, 877, 30.28, 150.00, 54, 53, 0, 394, P0, Not Active, Not Active, Not Active
2026/07/20 00:49:02.479, 0, ${V100_GPU_0_UUID}, 00000000:01:00.0, 900, 877, 32.87, 150.00, 56, 55, 0, 394, P0, Not Active, Not Active, Not Active
2026/07/20 00:49:02.486, 1, ${V100_GPU_1_UUID}, 00000000:02:00.0, 900, 877, 30.30, 150.00, 54, 53, 0, 394, P0, Not Active, Not Active, Not Active
2026/07/20 00:49:02.620, 0, ${V100_GPU_0_UUID}, 00000000:01:00.0, 900, 877, 32.85, 150.00, 56, 55, 0, 394, P0, Not Active, Not Active, Not Active
2026/07/20 00:49:02.625, 1, ${V100_GPU_1_UUID}, 00000000:02:00.0, 900, 877, 30.28, 150.00, 54, 53, 0, 394, P0, Not Active, Not Active, Not Active
2026/07/20 00:49:02.757, 0, ${V100_GPU_0_UUID}, 00000000:01:00.0, 900, 877, 32.85, 150.00, 56, 55, 0, 391, P0, Not Active, Not Active, Not Active
2026/07/20 00:49:02.763, 1, ${V100_GPU_1_UUID}, 00000000:02:00.0, 900, 877, 30.28, 150.00, 54, 53, 0, 391, P0, Not Active, Not Active, Not Active
