timestamp,index,uuid,pci_bus_id,graphics_clock_mhz,memory_clock_mhz,power_w,power_limit_w,gpu_temperature_c,memory_temperature_c,gpu_util_pct,memory_used_mib,pstate,sw_power_cap,sw_thermal_slowdown,hw_thermal_slowdown
2026/07/20 00:45:27.414, 0, ${V100_GPU_0_UUID}, 00000000:01:00.0, 900, 877, 32.37, 150.00, 55, 54, 0, 5, P0, Not Active, Not Active, Not Active
2026/07/20 00:45:27.420, 1, ${V100_GPU_1_UUID}, 00000000:02:00.0, 900, 877, 30.76, 150.00, 53, 52, 0, 5, P0, Not Active, Not Active, Not Active
2026/07/20 00:45:27.583, 0, ${V100_GPU_0_UUID}, 00000000:01:00.0, 900, 877, 32.39, 150.00, 55, 54, 0, 5, P0, Not Active, Not Active, Not Active
2026/07/20 00:45:27.591, 1, ${V100_GPU_1_UUID}, 00000000:02:00.0, 900, 877, 30.78, 150.00, 53, 52, 0, 5, P0, Not Active, Not Active, Not Active
2026/07/20 00:45:27.725, 0, ${V100_GPU_0_UUID}, 00000000:01:00.0, 900, 877, 32.37, 150.00, 55, 54, 0, 5, P0, Not Active, Not Active, Not Active
2026/07/20 00:45:27.730, 1, ${V100_GPU_1_UUID}, 00000000:02:00.0, 900, 877, 30.76, 150.00, 53, 52, 0, 5, P0, Not Active, Not Active, Not Active
2026/07/20 00:45:27.893, 0, ${V100_GPU_0_UUID}, 00000000:01:00.0, 900, 877, 32.37, 150.00, 55, 54, 0, 5, P0, Not Active, Not Active, Not Active
2026/07/20 00:45:27.900, 1, ${V100_GPU_1_UUID}, 00000000:02:00.0, 900, 877, 30.78, 150.00, 53, 52, 0, 5, P0, Not Active, Not Active, Not Active
2026/07/20 00:45:28.047, 0, ${V100_GPU_0_UUID}, 00000000:01:00.0, 900, 877, 32.39, 150.00, 55, 54, 0, 5, P0, Not Active, Not Active, Not Active
2026/07/20 00:45:28.058, 1, ${V100_GPU_1_UUID}, 00000000:02:00.0, 900, 877, 30.78, 150.00, 53, 52, 0, 5, P0, Not Active, Not Active, Not Active
2026/07/20 00:45:28.202, 0, ${V100_GPU_0_UUID}, 00000000:01:00.0, 900, 877, 32.37, 150.00, 55, 54, 0, 5, P0, Not Active, Not Active, Not Active
2026/07/20 00:45:28.208, 1, ${V100_GPU_1_UUID}, 00000000:02:00.0, 900, 877, 30.76, 150.00, 53, 52, 0, 5, P0, Not Active, Not Active, Not Active
2026/07/20 00:45:28.371, 0, ${V100_GPU_0_UUID}, 00000000:01:00.0, 900, 877, 32.37, 150.00, 55, 54, 0, 5, P0, Not Active, Not Active, Not Active
2026/07/20 00:45:28.376, 1, ${V100_GPU_1_UUID}, 00000000:02:00.0, 900, 877, 30.76, 150.00, 53, 52, 0, 5, P0, Not Active, Not Active, Not Active
2026/07/20 00:45:28.509, 0, ${V100_GPU_0_UUID}, 00000000:01:00.0, 900, 877, 32.37, 150.00, 55, 54, 0, 5, P0, Not Active, Not Active, Not Active
2026/07/20 00:45:28.514, 1, ${V100_GPU_1_UUID}, 00000000:02:00.0, 900, 877, 30.76, 150.00, 53, 52, 0, 5, P0, Not Active, Not Active, Not Active
2026/07/20 00:45:28.677, 0, ${V100_GPU_0_UUID}, 00000000:01:00.0, 900, 877, 32.39, 150.00, 55, 54, 0, 5, P0, Not Active, Not Active, Not Active
2026/07/20 00:45:28.686, 1, ${V100_GPU_1_UUID}, 00000000:02:00.0, 900, 877, 30.78, 150.00, 53, 52, 0, 5, P0, Not Active, Not Active, Not Active
2026/07/20 00:45:28.818, 0, ${V100_GPU_0_UUID}, 00000000:01:00.0, 900, 877, 32.37, 150.00, 55, 54, 0, 5, P0, Not Active, Not Active, Not Active
2026/07/20 00:45:28.825, 1, ${V100_GPU_1_UUID}, 00000000:02:00.0, 900, 877, 30.78, 150.00, 53, 52, 0, 5, P0, Not Active, Not Active, Not Active
2026/07/20 00:45:28.985, 0, ${V100_GPU_0_UUID}, 00000000:01:00.0, 900, 877, 32.39, 150.00, 55, 54, 0, 5, P0, Not Active, Not Active, Not Active
2026/07/20 00:45:28.991, 1, ${V100_GPU_1_UUID}, 00000000:02:00.0, 900, 877, 30.76, 150.00, 53, 52, 0, 5, P0, Not Active, Not Active, Not Active
2026/07/20 00:45:29.125, 0, ${V100_GPU_0_UUID}, 00000000:01:00.0, 900, 877, 32.37, 150.00, 55, 54, 0, 5, P0, Not Active, Not Active, Not Active
2026/07/20 00:45:29.130, 1, ${V100_GPU_1_UUID}, 00000000:02:00.0, 900, 877, 30.76, 150.00, 53, 52, 0, 5, P0, Not Active, Not Active, Not Active
2026/07/20 00:45:29.287, 0, ${V100_GPU_0_UUID}, 00000000:01:00.0, 900, 877, 32.37, 150.00, 55, 54, 0, 5, P0, Not Active, Not Active, Not Active
2026/07/20 00:45:29.293, 1, ${V100_GPU_1_UUID}, 00000000:02:00.0, 900, 877, 30.76, 150.00, 53, 52, 0, 5, P0, Not Active, Not Active, Not Active
2026/07/20 00:45:29.427, 0, ${V100_GPU_0_UUID}, 00000000:01:00.0, 900, 877, 32.37, 150.00, 55, 54, 0, 5, P0, Not Active, Not Active, Not Active
2026/07/20 00:45:29.433, 1, ${V100_GPU_1_UUID}, 00000000:02:00.0, 900, 877, 30.78, 150.00, 53, 52, 0, 5, P0, Not Active, Not Active, Not Active
2026/07/20 00:45:29.565, 0, ${V100_GPU_0_UUID}, 00000000:01:00.0, 900, 877, 32.37, 150.00, 55, 54, 0, 5, P0, Not Active, Not Active, Not Active
2026/07/20 00:45:29.571, 1, ${V100_GPU_1_UUID}, 00000000:02:00.0, 900, 877, 30.76, 150.00, 53, 52, 0, 5, P0, Not Active, Not Active, Not Active
2026/07/20 00:45:29.704, 0, ${V100_GPU_0_UUID}, 00000000:01:00.0, 900, 877, 32.37, 150.00, 55, 54, 0, 5, P0, Not Active, Not Active, Not Active
2026/07/20 00:45:29.710, 1, ${V100_GPU_1_UUID}, 00000000:02:00.0, 900, 877, 30.76, 150.00, 53, 52, 0, 5, P0, Not Active, Not Active, Not Active
2026/07/20 00:45:29.856, 0, ${V100_GPU_0_UUID}, 00000000:01:00.0, 900, 877, 32.37, 150.00, 55, 54, 0, 5, P0, Not Active, Not Active, Not Active
2026/07/20 00:45:29.862, 1, ${V100_GPU_1_UUID}, 00000000:02:00.0, 900, 877, 30.76, 150.00, 53, 52, 0, 5, P0, Not Active, Not Active, Not Active
2026/07/20 00:45:30.021, 0, ${V100_GPU_0_UUID}, 00000000:01:00.0, 900, 877, 32.39, 150.00, 55, 54, 0, 5, P0, Not Active, Not Active, Not Active
2026/07/20 00:45:30.030, 1, ${V100_GPU_1_UUID}, 00000000:02:00.0, 900, 877, 30.78, 150.00, 53, 52, 0, 5, P0, Not Active, Not Active, Not Active
2026/07/20 00:45:30.165, 0, ${V100_GPU_0_UUID}, 00000000:01:00.0, 900, 877, 32.37, 150.00, 55, 54, 0, 5, P0, Not Active, Not Active, Not Active
2026/07/20 00:45:30.170, 1, ${V100_GPU_1_UUID}, 00000000:02:00.0, 900, 877, 30.76, 150.00, 53, 52, 0, 5, P0, Not Active, Not Active, Not Active
2026/07/20 00:45:30.330, 0, ${V100_GPU_0_UUID}, 00000000:01:00.0, 900, 877, 32.39, 150.00, 55, 54, 0, 5, P0, Not Active, Not Active, Not Active
2026/07/20 00:45:30.338, 1, ${V100_GPU_1_UUID}, 00000000:02:00.0, 900, 877, 30.78, 150.00, 53, 52, 0, 5, P0, Not Active, Not Active, Not Active
2026/07/20 00:45:30.471, 0, ${V100_GPU_0_UUID}, 00000000:01:00.0, 900, 877, 32.39, 150.00, 55, 54, 0, 8, P0, Not Active, Not Active, Not Active
2026/07/20 00:45:30.476, 1, ${V100_GPU_1_UUID}, 00000000:02:00.0, 900, 877, 30.78, 150.00, 53, 52, 0, 8, P0, Not Active, Not Active, Not Active
2026/07/20 00:45:30.609, 0, ${V100_GPU_0_UUID}, 00000000:01:00.0, 900, 877, 32.37, 150.00, 55, 54, 0, 8, P0, Not Active, Not Active, Not Active
2026/07/20 00:45:30.614, 1, ${V100_GPU_1_UUID}, 00000000:02:00.0, 900, 877, 30.76, 150.00, 53, 52, 0, 8, P0, Not Active, Not Active, Not Active
2026/07/20 00:45:30.747, 0, ${V100_GPU_0_UUID}, 00000000:01:00.0, 900, 877, 32.35, 150.00, 55, 54, 0, 8, P0, Not Active, Not Active, Not Active
2026/07/20 00:45:30.753, 1, ${V100_GPU_1_UUID}, 00000000:02:00.0, 900, 877, 30.74, 150.00, 53, 52, 0, 8, P0, Not Active, Not Active, Not Active
2026/07/20 00:45:30.892, 0, ${V100_GPU_0_UUID}, 00000000:01:00.0, 900, 877, 32.35, 150.00, 55, 54, 0, 20, P0, Not Active, Not Active, Not Active
2026/07/20 00:45:30.902, 1, ${V100_GPU_1_UUID}, 00000000:02:00.0, 900, 877, 30.74, 150.00, 53, 52, 0, 8, P0, Not Active, Not Active, Not Active
2026/07/20 00:45:31.039, 0, ${V100_GPU_0_UUID}, 00000000:01:00.0, 900, 877, 32.37, 150.00, 55, 54, 3, 316, P0, Not Active, Not Active, Not Active
2026/07/20 00:45:31.045, 1, ${V100_GPU_1_UUID}, 00000000:02:00.0, 900, 877, 30.76, 150.00, 53, 52, 0, 32, P0, Not Active, Not Active, Not Active
2026/07/20 00:45:31.178, 0, ${V100_GPU_0_UUID}, 00000000:01:00.0, 900, 877, 32.37, 150.00, 55, 54, 3, 316, P0, Not Active, Not Active, Not Active
2026/07/20 00:45:31.184, 1, ${V100_GPU_1_UUID}, 00000000:02:00.0, 900, 877, 30.78, 150.00, 53, 52, 1, 316, P0, Not Active, Not Active, Not Active
2026/07/20 00:45:31.316, 0, ${V100_GPU_0_UUID}, 00000000:01:00.0, 900, 877, 32.37, 150.00, 55, 54, 0, 316, P0, Not Active, Not Active, Not Active
2026/07/20 00:45:31.321, 1, ${V100_GPU_1_UUID}, 00000000:02:00.0, 900, 877, 30.78, 150.00, 53, 52, 2, 316, P0, Not Active, Not Active, Not Active
2026/07/20 00:45:31.454, 0, ${V100_GPU_0_UUID}, 00000000:01:00.0, 900, 877, 32.37, 150.00, 55, 54, 0, 316, P0, Not Active, Not Active, Not Active
2026/07/20 00:45:31.460, 1, ${V100_GPU_1_UUID}, 00000000:02:00.0, 900, 877, 30.78, 150.00, 53, 52, 0, 316, P0, Not Active, Not Active, Not Active
2026/07/20 00:45:31.592, 0, ${V100_GPU_0_UUID}, 00000000:01:00.0, 900, 877, 32.37, 150.00, 55, 54, 0, 316, P0, Not Active, Not Active, Not Active
2026/07/20 00:45:31.598, 1, ${V100_GPU_1_UUID}, 00000000:02:00.0, 900, 877, 30.76, 150.00, 53, 52, 0, 316, P0, Not Active, Not Active, Not Active
2026/07/20 00:45:31.732, 0, ${V100_GPU_0_UUID}, 00000000:01:00.0, 900, 877, 32.39, 150.00, 55, 54, 0, 316, P0, Not Active, Not Active, Not Active
2026/07/20 00:45:31.739, 1, ${V100_GPU_1_UUID}, 00000000:02:00.0, 900, 877, 30.78, 150.00, 53, 52, 0, 316, P0, Not Active, Not Active, Not Active
2026/07/20 00:45:31.877, 0, ${V100_GPU_0_UUID}, 00000000:01:00.0, 900, 877, 32.39, 150.00, 55, 54, 0, 316, P0, Not Active, Not Active, Not Active
2026/07/20 00:45:31.883, 1, ${V100_GPU_1_UUID}, 00000000:02:00.0, 900, 877, 30.78, 150.00, 53, 52, 0, 316, P0, Not Active, Not Active, Not Active
2026/07/20 00:45:32.027, 0, ${V100_GPU_0_UUID}, 00000000:01:00.0, 900, 877, 32.37, 150.00, 55, 54, 0, 316, P0, Not Active, Not Active, Not Active
2026/07/20 00:45:32.034, 1, ${V100_GPU_1_UUID}, 00000000:02:00.0, 900, 877, 30.76, 150.00, 53, 52, 0, 316, P0, Not Active, Not Active, Not Active
2026/07/20 00:45:32.168, 0, ${V100_GPU_0_UUID}, 00000000:01:00.0, 900, 877, 32.39, 150.00, 55, 54, 0, 316, P0, Not Active, Not Active, Not Active
2026/07/20 00:45:32.175, 1, ${V100_GPU_1_UUID}, 00000000:02:00.0, 900, 877, 30.78, 150.00, 53, 52, 0, 316, P0, Not Active, Not Active, Not Active
2026/07/20 00:45:32.309, 0, ${V100_GPU_0_UUID}, 00000000:01:00.0, 900, 877, 32.39, 150.00, 55, 54, 0, 316, P0, Not Active, Not Active, Not Active
2026/07/20 00:45:32.315, 1, ${V100_GPU_1_UUID}, 00000000:02:00.0, 900, 877, 30.78, 150.00, 53, 52, 0, 316, P0, Not Active, Not Active, Not Active
2026/07/20 00:45:32.451, 0, ${V100_GPU_0_UUID}, 00000000:01:00.0, 900, 877, 32.39, 150.00, 55, 54, 0, 316, P0, Not Active, Not Active, Not Active
2026/07/20 00:45:32.457, 1, ${V100_GPU_1_UUID}, 00000000:02:00.0, 900, 877, 30.78, 150.00, 53, 52, 0, 316, P0, Not Active, Not Active, Not Active
2026/07/20 00:45:32.618, 0, ${V100_GPU_0_UUID}, 00000000:01:00.0, 900, 877, 32.39, 150.00, 55, 54, 0, 316, P0, Not Active, Not Active, Not Active
2026/07/20 00:45:32.625, 1, ${V100_GPU_1_UUID}, 00000000:02:00.0, 900, 877, 30.78, 150.00, 53, 52, 0, 316, P0, Not Active, Not Active, Not Active
2026/07/20 00:45:32.775, 0, ${V100_GPU_0_UUID}, 00000000:01:00.0, 900, 877, 32.37, 150.00, 55, 54, 0, 316, P0, Not Active, Not Active, Not Active
2026/07/20 00:45:32.781, 1, ${V100_GPU_1_UUID}, 00000000:02:00.0, 900, 877, 30.78, 150.00, 53, 52, 0, 316, P0, Not Active, Not Active, Not Active
2026/07/20 00:45:32.918, 0, ${V100_GPU_0_UUID}, 00000000:01:00.0, 900, 877, 32.37, 150.00, 55, 54, 0, 316, P0, Not Active, Not Active, Not Active
2026/07/20 00:45:32.923, 1, ${V100_GPU_1_UUID}, 00000000:02:00.0, 900, 877, 30.78, 150.00, 53, 52, 0, 316, P0, Not Active, Not Active, Not Active
2026/07/20 00:45:33.055, 0, ${V100_GPU_0_UUID}, 00000000:01:00.0, 900, 877, 32.37, 150.00, 55, 53, 0, 316, P0, Not Active, Not Active, Not Active
2026/07/20 00:45:33.061, 1, ${V100_GPU_1_UUID}, 00000000:02:00.0, 900, 877, 30.78, 150.00, 53, 52, 0, 316, P0, Not Active, Not Active, Not Active
2026/07/20 00:45:33.195, 0, ${V100_GPU_0_UUID}, 00000000:01:00.0, 900, 877, 32.37, 150.00, 55, 54, 0, 316, P0, Not Active, Not Active, Not Active
2026/07/20 00:45:33.201, 1, ${V100_GPU_1_UUID}, 00000000:02:00.0, 900, 877, 30.78, 150.00, 53, 52, 0, 316, P0, Not Active, Not Active, Not Active
2026/07/20 00:45:33.355, 0, ${V100_GPU_0_UUID}, 00000000:01:00.0, 900, 877, 32.39, 150.00, 55, 54, 0, 316, P0, Not Active, Not Active, Not Active
2026/07/20 00:45:33.362, 1, ${V100_GPU_1_UUID}, 00000000:02:00.0, 900, 877, 30.78, 150.00, 53, 52, 0, 316, P0, Not Active, Not Active, Not Active
2026/07/20 00:45:33.525, 0, ${V100_GPU_0_UUID}, 00000000:01:00.0, 900, 877, 32.39, 150.00, 55, 54, 0, 316, P0, Not Active, Not Active, Not Active
2026/07/20 00:45:33.531, 1, ${V100_GPU_1_UUID}, 00000000:02:00.0, 900, 877, 30.76, 150.00, 53, 52, 0, 316, P0, Not Active, Not Active, Not Active
2026/07/20 00:45:33.666, 0, ${V100_GPU_0_UUID}, 00000000:01:00.0, 900, 877, 32.39, 150.00, 55, 54, 0, 316, P0, Not Active, Not Active, Not Active
2026/07/20 00:45:33.673, 1, ${V100_GPU_1_UUID}, 00000000:02:00.0, 900, 877, 30.78, 150.00, 53, 52, 0, 316, P0, Not Active, Not Active, Not Active
2026/07/20 00:45:33.829, 0, ${V100_GPU_0_UUID}, 00000000:01:00.0, 900, 877, 32.37, 150.00, 55, 54, 0, 316, P0, Not Active, Not Active, Not Active
2026/07/20 00:45:33.835, 1, ${V100_GPU_1_UUID}, 00000000:02:00.0, 900, 877, 30.76, 150.00, 53, 52, 0, 316, P0, Not Active, Not Active, Not Active
2026/07/20 00:45:33.998, 0, ${V100_GPU_0_UUID}, 00000000:01:00.0, 900, 877, 32.39, 150.00, 55, 53, 0, 316, P0, Not Active, Not Active, Not Active
2026/07/20 00:45:34.006, 1, ${V100_GPU_1_UUID}, 00000000:02:00.0, 900, 877, 30.78, 150.00, 53, 52, 0, 316, P0, Not Active, Not Active, Not Active
2026/07/20 00:45:34.142, 0, ${V100_GPU_0_UUID}, 00000000:01:00.0, 900, 877, 32.37, 150.00, 55, 54, 0, 316, P0, Not Active, Not Active, Not Active
2026/07/20 00:45:34.148, 1, ${V100_GPU_1_UUID}, 00000000:02:00.0, 900, 877, 30.76, 150.00, 53, 52, 0, 316, P0, Not Active, Not Active, Not Active
2026/07/20 00:45:34.312, 0, ${V100_GPU_0_UUID}, 00000000:01:00.0, 900, 877, 32.39, 150.00, 55, 54, 0, 316, P0, Not Active, Not Active, Not Active
2026/07/20 00:45:34.320, 1, ${V100_GPU_1_UUID}, 00000000:02:00.0, 900, 877, 30.78, 150.00, 53, 52, 0, 316, P0, Not Active, Not Active, Not Active
2026/07/20 00:45:34.454, 0, ${V100_GPU_0_UUID}, 00000000:01:00.0, 900, 877, 32.37, 150.00, 55, 54, 0, 316, P0, Not Active, Not Active, Not Active
2026/07/20 00:45:34.460, 1, ${V100_GPU_1_UUID}, 00000000:02:00.0, 900, 877, 30.78, 150.00, 53, 52, 0, 316, P0, Not Active, Not Active, Not Active
2026/07/20 00:45:34.622, 0, ${V100_GPU_0_UUID}, 00000000:01:00.0, 900, 877, 32.39, 150.00, 55, 54, 0, 316, P0, Not Active, Not Active, Not Active
2026/07/20 00:45:34.631, 1, ${V100_GPU_1_UUID}, 00000000:02:00.0, 900, 877, 30.78, 150.00, 53, 52, 0, 316, P0, Not Active, Not Active, Not Active
2026/07/20 00:45:34.765, 0, ${V100_GPU_0_UUID}, 00000000:01:00.0, 900, 877, 32.39, 150.00, 55, 54, 0, 316, P0, Not Active, Not Active, Not Active
2026/07/20 00:45:34.771, 1, ${V100_GPU_1_UUID}, 00000000:02:00.0, 900, 877, 30.78, 150.00, 53, 52, 0, 316, P0, Not Active, Not Active, Not Active
2026/07/20 00:45:34.925, 0, ${V100_GPU_0_UUID}, 00000000:01:00.0, 900, 877, 32.37, 150.00, 55, 54, 0, 316, P0, Not Active, Not Active, Not Active
2026/07/20 00:45:34.931, 1, ${V100_GPU_1_UUID}, 00000000:02:00.0, 900, 877, 30.76, 150.00, 53, 52, 0, 316, P0, Not Active, Not Active, Not Active
2026/07/20 00:45:35.096, 0, ${V100_GPU_0_UUID}, 00000000:01:00.0, 900, 877, 32.39, 150.00, 55, 53, 0, 316, P0, Not Active, Not Active, Not Active
2026/07/20 00:45:35.103, 1, ${V100_GPU_1_UUID}, 00000000:02:00.0, 900, 877, 30.78, 150.00, 53, 52, 0, 316, P0, Not Active, Not Active, Not Active
2026/07/20 00:45:35.237, 0, ${V100_GPU_0_UUID}, 00000000:01:00.0, 900, 877, 32.35, 150.00, 55, 54, 0, 316, P0, Not Active, Not Active, Not Active
2026/07/20 00:45:35.243, 1, ${V100_GPU_1_UUID}, 00000000:02:00.0, 900, 877, 30.76, 150.00, 53, 52, 0, 316, P0, Not Active, Not Active, Not Active
2026/07/20 00:45:35.376, 0, ${V100_GPU_0_UUID}, 00000000:01:00.0, 900, 877, 32.37, 150.00, 55, 54, 0, 316, P0, Not Active, Not Active, Not Active
2026/07/20 00:45:35.382, 1, ${V100_GPU_1_UUID}, 00000000:02:00.0, 900, 877, 30.76, 150.00, 53, 52, 0, 316, P0, Not Active, Not Active, Not Active
2026/07/20 00:45:35.515, 0, ${V100_GPU_0_UUID}, 00000000:01:00.0, 900, 877, 32.37, 150.00, 55, 54, 0, 316, P0, Not Active, Not Active, Not Active
2026/07/20 00:45:35.523, 1, ${V100_GPU_1_UUID}, 00000000:02:00.0, 900, 877, 30.76, 150.00, 53, 52, 0, 316, P0, Not Active, Not Active, Not Active
2026/07/20 00:45:35.686, 0, ${V100_GPU_0_UUID}, 00000000:01:00.0, 900, 877, 32.39, 150.00, 55, 54, 0, 316, P0, Not Active, Not Active, Not Active
2026/07/20 00:45:35.693, 1, ${V100_GPU_1_UUID}, 00000000:02:00.0, 900, 877, 30.76, 150.00, 53, 52, 0, 316, P0, Not Active, Not Active, Not Active
2026/07/20 00:45:35.825, 0, ${V100_GPU_0_UUID}, 00000000:01:00.0, 900, 877, 32.39, 150.00, 55, 54, 0, 316, P0, Not Active, Not Active, Not Active
2026/07/20 00:45:35.831, 1, ${V100_GPU_1_UUID}, 00000000:02:00.0, 900, 877, 30.78, 150.00, 53, 52, 0, 316, P0, Not Active, Not Active, Not Active
2026/07/20 00:45:35.968, 0, ${V100_GPU_0_UUID}, 00000000:01:00.0, 900, 877, 32.37, 150.00, 55, 54, 0, 316, P0, Not Active, Not Active, Not Active
2026/07/20 00:45:35.973, 1, ${V100_GPU_1_UUID}, 00000000:02:00.0, 900, 877, 30.76, 150.00, 53, 52, 0, 316, P0, Not Active, Not Active, Not Active
2026/07/20 00:45:36.138, 0, ${V100_GPU_0_UUID}, 00000000:01:00.0, 900, 877, 32.39, 150.00, 55, 54, 0, 316, P0, Not Active, Not Active, Not Active
2026/07/20 00:45:36.146, 1, ${V100_GPU_1_UUID}, 00000000:02:00.0, 900, 877, 30.78, 150.00, 53, 52, 0, 316, P0, Not Active, Not Active, Not Active
2026/07/20 00:45:36.285, 0, ${V100_GPU_0_UUID}, 00000000:01:00.0, 900, 877, 32.39, 150.00, 55, 54, 0, 316, P0, Not Active, Not Active, Not Active
2026/07/20 00:45:36.292, 1, ${V100_GPU_1_UUID}, 00000000:02:00.0, 900, 877, 30.78, 150.00, 53, 52, 0, 316, P0, Not Active, Not Active, Not Active
2026/07/20 00:45:36.445, 0, ${V100_GPU_0_UUID}, 00000000:01:00.0, 900, 877, 32.37, 150.00, 55, 54, 0, 316, P0, Not Active, Not Active, Not Active
2026/07/20 00:45:36.450, 1, ${V100_GPU_1_UUID}, 00000000:02:00.0, 900, 877, 30.76, 150.00, 53, 52, 0, 316, P0, Not Active, Not Active, Not Active
2026/07/20 00:45:36.597, 0, ${V100_GPU_0_UUID}, 00000000:01:00.0, 900, 877, 32.39, 150.00, 55, 54, 0, 316, P0, Not Active, Not Active, Not Active
2026/07/20 00:45:36.608, 1, ${V100_GPU_1_UUID}, 00000000:02:00.0, 900, 877, 30.78, 150.00, 53, 52, 0, 316, P0, Not Active, Not Active, Not Active
2026/07/20 00:45:36.773, 0, ${V100_GPU_0_UUID}, 00000000:01:00.0, 900, 877, 32.39, 150.00, 55, 54, 0, 316, P0, Not Active, Not Active, Not Active
2026/07/20 00:45:36.780, 1, ${V100_GPU_1_UUID}, 00000000:02:00.0, 900, 877, 30.76, 150.00, 53, 52, 0, 316, P0, Not Active, Not Active, Not Active
2026/07/20 00:45:36.926, 0, ${V100_GPU_0_UUID}, 00000000:01:00.0, 900, 877, 32.39, 150.00, 55, 54, 0, 316, P0, Not Active, Not Active, Not Active
2026/07/20 00:45:36.937, 1, ${V100_GPU_1_UUID}, 00000000:02:00.0, 900, 877, 30.78, 150.00, 53, 52, 0, 316, P0, Not Active, Not Active, Not Active
2026/07/20 00:45:37.079, 0, ${V100_GPU_0_UUID}, 00000000:01:00.0, 900, 877, 32.37, 150.00, 55, 54, 0, 316, P0, Not Active, Not Active, Not Active
2026/07/20 00:45:37.085, 1, ${V100_GPU_1_UUID}, 00000000:02:00.0, 900, 877, 30.76, 150.00, 53, 52, 0, 316, P0, Not Active, Not Active, Not Active
2026/07/20 00:45:37.244, 0, ${V100_GPU_0_UUID}, 00000000:01:00.0, 900, 877, 32.39, 150.00, 55, 54, 0, 316, P0, Not Active, Not Active, Not Active
2026/07/20 00:45:37.252, 1, ${V100_GPU_1_UUID}, 00000000:02:00.0, 900, 877, 30.78, 150.00, 53, 52, 0, 316, P0, Not Active, Not Active, Not Active
2026/07/20 00:45:37.386, 0, ${V100_GPU_0_UUID}, 00000000:01:00.0, 900, 877, 32.37, 150.00, 55, 53, 0, 316, P0, Not Active, Not Active, Not Active
2026/07/20 00:45:37.391, 1, ${V100_GPU_1_UUID}, 00000000:02:00.0, 900, 877, 30.76, 150.00, 53, 52, 0, 316, P0, Not Active, Not Active, Not Active
2026/07/20 00:45:37.550, 0, ${V100_GPU_0_UUID}, 00000000:01:00.0, 900, 877, 32.39, 150.00, 55, 54, 0, 316, P0, Not Active, Not Active, Not Active
2026/07/20 00:45:37.557, 1, ${V100_GPU_1_UUID}, 00000000:02:00.0, 900, 877, 30.78, 150.00, 53, 52, 0, 316, P0, Not Active, Not Active, Not Active
2026/07/20 00:45:37.704, 0, ${V100_GPU_0_UUID}, 00000000:01:00.0, 900, 877, 32.37, 150.00, 55, 54, 0, 316, P0, Not Active, Not Active, Not Active
2026/07/20 00:45:37.710, 1, ${V100_GPU_1_UUID}, 00000000:02:00.0, 900, 877, 30.76, 150.00, 53, 52, 0, 316, P0, Not Active, Not Active, Not Active
2026/07/20 00:45:37.846, 0, ${V100_GPU_0_UUID}, 00000000:01:00.0, 900, 877, 32.37, 150.00, 55, 54, 0, 316, P0, Not Active, Not Active, Not Active
2026/07/20 00:45:37.851, 1, ${V100_GPU_1_UUID}, 00000000:02:00.0, 900, 877, 30.76, 150.00, 53, 52, 0, 316, P0, Not Active, Not Active, Not Active
2026/07/20 00:45:38.016, 0, ${V100_GPU_0_UUID}, 00000000:01:00.0, 900, 877, 32.39, 150.00, 55, 54, 0, 316, P0, Not Active, Not Active, Not Active
2026/07/20 00:45:38.023, 1, ${V100_GPU_1_UUID}, 00000000:02:00.0, 900, 877, 30.78, 150.00, 53, 52, 0, 316, P0, Not Active, Not Active, Not Active
2026/07/20 00:45:38.157, 0, ${V100_GPU_0_UUID}, 00000000:01:00.0, 900, 877, 32.37, 150.00, 55, 54, 0, 316, P0, Not Active, Not Active, Not Active
2026/07/20 00:45:38.163, 1, ${V100_GPU_1_UUID}, 00000000:02:00.0, 900, 877, 30.76, 150.00, 53, 52, 0, 316, P0, Not Active, Not Active, Not Active
2026/07/20 00:45:38.324, 0, ${V100_GPU_0_UUID}, 00000000:01:00.0, 900, 877, 32.39, 150.00, 55, 54, 0, 316, P0, Not Active, Not Active, Not Active
2026/07/20 00:45:38.331, 1, ${V100_GPU_1_UUID}, 00000000:02:00.0, 900, 877, 30.78, 150.00, 53, 52, 0, 316, P0, Not Active, Not Active, Not Active
2026/07/20 00:45:38.464, 0, ${V100_GPU_0_UUID}, 00000000:01:00.0, 900, 877, 32.37, 150.00, 55, 54, 0, 316, P0, Not Active, Not Active, Not Active
2026/07/20 00:45:38.470, 1, ${V100_GPU_1_UUID}, 00000000:02:00.0, 900, 877, 30.78, 150.00, 53, 52, 0, 316, P0, Not Active, Not Active, Not Active
2026/07/20 00:45:38.633, 0, ${V100_GPU_0_UUID}, 00000000:01:00.0, 900, 877, 32.39, 150.00, 55, 54, 0, 316, P0, Not Active, Not Active, Not Active
2026/07/20 00:45:38.639, 1, ${V100_GPU_1_UUID}, 00000000:02:00.0, 900, 877, 30.78, 150.00, 53, 52, 0, 316, P0, Not Active, Not Active, Not Active
2026/07/20 00:45:38.789, 0, ${V100_GPU_0_UUID}, 00000000:01:00.0, 900, 877, 32.39, 150.00, 55, 54, 0, 316, P0, Not Active, Not Active, Not Active
2026/07/20 00:45:38.802, 1, ${V100_GPU_1_UUID}, 00000000:02:00.0, 900, 877, 30.78, 150.00, 53, 52, 0, 316, P0, Not Active, Not Active, Not Active
2026/07/20 00:45:38.939, 0, ${V100_GPU_0_UUID}, 00000000:01:00.0, 900, 877, 32.39, 150.00, 55, 54, 0, 316, P0, Not Active, Not Active, Not Active
2026/07/20 00:45:38.944, 1, ${V100_GPU_1_UUID}, 00000000:02:00.0, 900, 877, 30.78, 150.00, 53, 52, 0, 316, P0, Not Active, Not Active, Not Active
2026/07/20 00:45:39.082, 0, ${V100_GPU_0_UUID}, 00000000:01:00.0, 900, 877, 32.37, 150.00, 55, 54, 0, 316, P0, Not Active, Not Active, Not Active
2026/07/20 00:45:39.088, 1, ${V100_GPU_1_UUID}, 00000000:02:00.0, 900, 877, 30.76, 150.00, 53, 52, 0, 316, P0, Not Active, Not Active, Not Active
2026/07/20 00:45:39.220, 0, ${V100_GPU_0_UUID}, 00000000:01:00.0, 900, 877, 32.37, 150.00, 55, 54, 0, 316, P0, Not Active, Not Active, Not Active
2026/07/20 00:45:39.226, 1, ${V100_GPU_1_UUID}, 00000000:02:00.0, 900, 877, 30.76, 150.00, 53, 52, 0, 316, P0, Not Active, Not Active, Not Active
2026/07/20 00:45:39.358, 0, ${V100_GPU_0_UUID}, 00000000:01:00.0, 900, 877, 32.37, 150.00, 55, 54, 0, 316, P0, Not Active, Not Active, Not Active
2026/07/20 00:45:39.363, 1, ${V100_GPU_1_UUID}, 00000000:02:00.0, 900, 877, 30.78, 150.00, 53, 52, 0, 316, P0, Not Active, Not Active, Not Active
2026/07/20 00:45:39.507, 0, ${V100_GPU_0_UUID}, 00000000:01:00.0, 900, 877, 32.37, 150.00, 55, 53, 0, 316, P0, Not Active, Not Active, Not Active
2026/07/20 00:45:39.513, 1, ${V100_GPU_1_UUID}, 00000000:02:00.0, 900, 877, 30.78, 150.00, 53, 52, 0, 316, P0, Not Active, Not Active, Not Active
2026/07/20 00:45:39.649, 0, ${V100_GPU_0_UUID}, 00000000:01:00.0, 900, 877, 32.39, 150.00, 55, 54, 0, 316, P0, Not Active, Not Active, Not Active
2026/07/20 00:45:39.656, 1, ${V100_GPU_1_UUID}, 00000000:02:00.0, 900, 877, 30.78, 150.00, 53, 52, 0, 316, P0, Not Active, Not Active, Not Active
2026/07/20 00:45:39.792, 0, ${V100_GPU_0_UUID}, 00000000:01:00.0, 900, 877, 32.37, 150.00, 55, 54, 0, 316, P0, Not Active, Not Active, Not Active
2026/07/20 00:45:39.797, 1, ${V100_GPU_1_UUID}, 00000000:02:00.0, 900, 877, 30.78, 150.00, 53, 52, 0, 316, P0, Not Active, Not Active, Not Active
2026/07/20 00:45:39.956, 0, ${V100_GPU_0_UUID}, 00000000:01:00.0, 900, 877, 32.39, 150.00, 55, 54, 0, 316, P0, Not Active, Not Active, Not Active
2026/07/20 00:45:39.964, 1, ${V100_GPU_1_UUID}, 00000000:02:00.0, 900, 877, 30.78, 150.00, 53, 52, 0, 316, P0, Not Active, Not Active, Not Active
2026/07/20 00:45:40.104, 0, ${V100_GPU_0_UUID}, 00000000:01:00.0, 900, 877, 32.37, 150.00, 55, 54, 0, 316, P0, Not Active, Not Active, Not Active
2026/07/20 00:45:40.110, 1, ${V100_GPU_1_UUID}, 00000000:02:00.0, 900, 877, 30.76, 150.00, 53, 52, 0, 316, P0, Not Active, Not Active, Not Active
2026/07/20 00:45:40.272, 0, ${V100_GPU_0_UUID}, 00000000:01:00.0, 900, 877, 32.39, 150.00, 55, 54, 0, 316, P0, Not Active, Not Active, Not Active
2026/07/20 00:45:40.280, 1, ${V100_GPU_1_UUID}, 00000000:02:00.0, 900, 877, 30.78, 150.00, 53, 52, 0, 316, P0, Not Active, Not Active, Not Active
2026/07/20 00:45:40.413, 0, ${V100_GPU_0_UUID}, 00000000:01:00.0, 900, 877, 32.37, 150.00, 55, 54, 0, 316, P0, Not Active, Not Active, Not Active
2026/07/20 00:45:40.418, 1, ${V100_GPU_1_UUID}, 00000000:02:00.0, 900, 877, 30.78, 150.00, 53, 52, 0, 316, P0, Not Active, Not Active, Not Active
2026/07/20 00:45:40.576, 0, ${V100_GPU_0_UUID}, 00000000:01:00.0, 900, 877, 32.37, 150.00, 55, 54, 0, 316, P0, Not Active, Not Active, Not Active
2026/07/20 00:45:40.582, 1, ${V100_GPU_1_UUID}, 00000000:02:00.0, 900, 877, 30.76, 150.00, 53, 52, 0, 316, P0, Not Active, Not Active, Not Active
2026/07/20 00:45:40.745, 0, ${V100_GPU_0_UUID}, 00000000:01:00.0, 900, 877, 32.39, 150.00, 55, 54, 0, 316, P0, Not Active, Not Active, Not Active
2026/07/20 00:45:40.754, 1, ${V100_GPU_1_UUID}, 00000000:02:00.0, 900, 877, 30.78, 150.00, 53, 52, 0, 316, P0, Not Active, Not Active, Not Active
2026/07/20 00:45:40.912, 0, ${V100_GPU_0_UUID}, 00000000:01:00.0, 900, 877, 32.37, 150.00, 55, 54, 0, 316, P0, Not Active, Not Active, Not Active
2026/07/20 00:45:40.918, 1, ${V100_GPU_1_UUID}, 00000000:02:00.0, 900, 877, 30.76, 150.00, 53, 52, 0, 316, P0, Not Active, Not Active, Not Active
2026/07/20 00:45:41.053, 0, ${V100_GPU_0_UUID}, 00000000:01:00.0, 900, 877, 32.37, 150.00, 55, 54, 0, 316, P0, Not Active, Not Active, Not Active
2026/07/20 00:45:41.058, 1, ${V100_GPU_1_UUID}, 00000000:02:00.0, 900, 877, 30.76, 150.00, 53, 52, 0, 316, P0, Not Active, Not Active, Not Active
2026/07/20 00:45:41.198, 0, ${V100_GPU_0_UUID}, 00000000:01:00.0, 900, 877, 32.37, 150.00, 55, 54, 0, 316, P0, Not Active, Not Active, Not Active
2026/07/20 00:45:41.204, 1, ${V100_GPU_1_UUID}, 00000000:02:00.0, 900, 877, 30.76, 150.00, 53, 52, 0, 316, P0, Not Active, Not Active, Not Active
2026/07/20 00:45:41.337, 0, ${V100_GPU_0_UUID}, 00000000:01:00.0, 900, 877, 32.37, 150.00, 55, 54, 0, 316, P0, Not Active, Not Active, Not Active
2026/07/20 00:45:41.342, 1, ${V100_GPU_1_UUID}, 00000000:02:00.0, 900, 877, 30.76, 150.00, 53, 52, 0, 316, P0, Not Active, Not Active, Not Active
2026/07/20 00:45:41.477, 0, ${V100_GPU_0_UUID}, 00000000:01:00.0, 900, 877, 32.35, 150.00, 55, 54, 0, 316, P0, Not Active, Not Active, Not Active
2026/07/20 00:45:41.483, 1, ${V100_GPU_1_UUID}, 00000000:02:00.0, 900, 877, 30.74, 150.00, 53, 52, 0, 316, P0, Not Active, Not Active, Not Active
2026/07/20 00:45:41.616, 0, ${V100_GPU_0_UUID}, 00000000:01:00.0, 900, 877, 32.37, 150.00, 55, 54, 0, 316, P0, Not Active, Not Active, Not Active
2026/07/20 00:45:41.622, 1, ${V100_GPU_1_UUID}, 00000000:02:00.0, 900, 877, 30.76, 150.00, 53, 52, 0, 316, P0, Not Active, Not Active, Not Active
2026/07/20 00:45:41.755, 0, ${V100_GPU_0_UUID}, 00000000:01:00.0, 900, 877, 32.37, 150.00, 55, 54, 0, 316, P0, Not Active, Not Active, Not Active
2026/07/20 00:45:41.760, 1, ${V100_GPU_1_UUID}, 00000000:02:00.0, 900, 877, 30.76, 150.00, 53, 52, 0, 316, P0, Not Active, Not Active, Not Active
2026/07/20 00:45:41.895, 0, ${V100_GPU_0_UUID}, 00000000:01:00.0, 900, 877, 32.37, 150.00, 55, 54, 0, 316, P0, Not Active, Not Active, Not Active
2026/07/20 00:45:41.901, 1, ${V100_GPU_1_UUID}, 00000000:02:00.0, 900, 877, 30.76, 150.00, 53, 52, 0, 316, P0, Not Active, Not Active, Not Active
2026/07/20 00:45:42.038, 0, ${V100_GPU_0_UUID}, 00000000:01:00.0, 900, 877, 32.35, 150.00, 55, 54, 0, 316, P0, Not Active, Not Active, Not Active
2026/07/20 00:45:42.044, 1, ${V100_GPU_1_UUID}, 00000000:02:00.0, 900, 877, 30.74, 150.00, 53, 52, 0, 316, P0, Not Active, Not Active, Not Active
2026/07/20 00:45:42.179, 0, ${V100_GPU_0_UUID}, 00000000:01:00.0, 900, 877, 32.35, 150.00, 55, 54, 0, 316, P0, Not Active, Not Active, Not Active
2026/07/20 00:45:42.186, 1, ${V100_GPU_1_UUID}, 00000000:02:00.0, 900, 877, 30.74, 150.00, 53, 52, 0, 316, P0, Not Active, Not Active, Not Active
2026/07/20 00:45:42.319, 0, ${V100_GPU_0_UUID}, 00000000:01:00.0, 900, 877, 32.39, 150.00, 55, 54, 0, 316, P0, Not Active, Not Active, Not Active
2026/07/20 00:45:42.325, 1, ${V100_GPU_1_UUID}, 00000000:02:00.0, 900, 877, 30.78, 150.00, 53, 52, 0, 316, P0, Not Active, Not Active, Not Active
2026/07/20 00:45:42.477, 0, ${V100_GPU_0_UUID}, 00000000:01:00.0, 900, 877, 32.37, 150.00, 55, 54, 0, 316, P0, Not Active, Not Active, Not Active
2026/07/20 00:45:42.483, 1, ${V100_GPU_1_UUID}, 00000000:02:00.0, 900, 877, 30.76, 150.00, 53, 52, 0, 316, P0, Not Active, Not Active, Not Active
2026/07/20 00:45:42.616, 0, ${V100_GPU_0_UUID}, 00000000:01:00.0, 900, 877, 32.39, 150.00, 55, 54, 0, 316, P0, Not Active, Not Active, Not Active
2026/07/20 00:45:42.622, 1, ${V100_GPU_1_UUID}, 00000000:02:00.0, 900, 877, 30.78, 150.00, 53, 52, 0, 316, P0, Not Active, Not Active, Not Active
2026/07/20 00:45:42.755, 0, ${V100_GPU_0_UUID}, 00000000:01:00.0, 900, 877, 32.39, 150.00, 55, 54, 0, 316, P0, Not Active, Not Active, Not Active
2026/07/20 00:45:42.761, 1, ${V100_GPU_1_UUID}, 00000000:02:00.0, 900, 877, 30.78, 150.00, 53, 52, 0, 316, P0, Not Active, Not Active, Not Active
2026/07/20 00:45:42.909, 0, ${V100_GPU_0_UUID}, 00000000:01:00.0, 900, 877, 32.39, 150.00, 55, 54, 0, 316, P0, Not Active, Not Active, Not Active
2026/07/20 00:45:42.920, 1, ${V100_GPU_1_UUID}, 00000000:02:00.0, 900, 877, 30.78, 150.00, 53, 52, 0, 316, P0, Not Active, Not Active, Not Active
2026/07/20 00:45:43.057, 0, ${V100_GPU_0_UUID}, 00000000:01:00.0, 900, 877, 32.37, 150.00, 55, 54, 0, 316, P0, Not Active, Not Active, Not Active
2026/07/20 00:45:43.062, 1, ${V100_GPU_1_UUID}, 00000000:02:00.0, 900, 877, 30.78, 150.00, 53, 52, 0, 316, P0, Not Active, Not Active, Not Active
2026/07/20 00:45:43.208, 0, ${V100_GPU_0_UUID}, 00000000:01:00.0, 900, 877, 32.39, 150.00, 55, 54, 0, 316, P0, Not Active, Not Active, Not Active
2026/07/20 00:45:43.213, 1, ${V100_GPU_1_UUID}, 00000000:02:00.0, 900, 877, 30.78, 150.00, 53, 52, 0, 316, P0, Not Active, Not Active, Not Active
2026/07/20 00:45:43.373, 0, ${V100_GPU_0_UUID}, 00000000:01:00.0, 900, 877, 32.39, 150.00, 55, 54, 0, 316, P0, Not Active, Not Active, Not Active
2026/07/20 00:45:43.381, 1, ${V100_GPU_1_UUID}, 00000000:02:00.0, 900, 877, 30.78, 150.00, 53, 52, 0, 316, P0, Not Active, Not Active, Not Active
2026/07/20 00:45:43.514, 0, ${V100_GPU_0_UUID}, 00000000:01:00.0, 900, 877, 32.37, 150.00, 55, 54, 0, 316, P0, Not Active, Not Active, Not Active
2026/07/20 00:45:43.520, 1, ${V100_GPU_1_UUID}, 00000000:02:00.0, 900, 877, 30.78, 150.00, 53, 52, 0, 316, P0, Not Active, Not Active, Not Active
2026/07/20 00:45:43.680, 0, ${V100_GPU_0_UUID}, 00000000:01:00.0, 900, 877, 32.39, 150.00, 55, 54, 0, 316, P0, Not Active, Not Active, Not Active
2026/07/20 00:45:43.686, 1, ${V100_GPU_1_UUID}, 00000000:02:00.0, 900, 877, 30.78, 150.00, 53, 52, 0, 316, P0, Not Active, Not Active, Not Active
2026/07/20 00:45:43.844, 0, ${V100_GPU_0_UUID}, 00000000:01:00.0, 900, 877, 32.39, 150.00, 55, 54, 0, 316, P0, Not Active, Not Active, Not Active
2026/07/20 00:45:43.853, 1, ${V100_GPU_1_UUID}, 00000000:02:00.0, 900, 877, 30.78, 150.00, 53, 52, 0, 316, P0, Not Active, Not Active, Not Active
2026/07/20 00:45:44.008, 0, ${V100_GPU_0_UUID}, 00000000:01:00.0, 900, 877, 32.37, 150.00, 55, 54, 0, 316, P0, Not Active, Not Active, Not Active
2026/07/20 00:45:44.014, 1, ${V100_GPU_1_UUID}, 00000000:02:00.0, 900, 877, 30.78, 150.00, 53, 52, 0, 316, P0, Not Active, Not Active, Not Active
2026/07/20 00:45:44.174, 0, ${V100_GPU_0_UUID}, 00000000:01:00.0, 900, 877, 32.39, 150.00, 55, 54, 0, 316, P0, Not Active, Not Active, Not Active
2026/07/20 00:45:44.182, 1, ${V100_GPU_1_UUID}, 00000000:02:00.0, 900, 877, 30.78, 150.00, 53, 52, 0, 316, P0, Not Active, Not Active, Not Active
2026/07/20 00:45:44.315, 0, ${V100_GPU_0_UUID}, 00000000:01:00.0, 900, 877, 32.39, 150.00, 55, 54, 0, 316, P0, Not Active, Not Active, Not Active
2026/07/20 00:45:44.321, 1, ${V100_GPU_1_UUID}, 00000000:02:00.0, 900, 877, 30.78, 150.00, 53, 52, 0, 316, P0, Not Active, Not Active, Not Active
2026/07/20 00:45:44.461, 0, ${V100_GPU_0_UUID}, 00000000:01:00.0, 900, 877, 32.37, 150.00, 55, 54, 0, 316, P0, Not Active, Not Active, Not Active
2026/07/20 00:45:44.468, 1, ${V100_GPU_1_UUID}, 00000000:02:00.0, 900, 877, 30.76, 150.00, 53, 52, 0, 316, P0, Not Active, Not Active, Not Active
2026/07/20 00:45:44.627, 0, ${V100_GPU_0_UUID}, 00000000:01:00.0, 900, 877, 32.39, 150.00, 55, 54, 0, 316, P0, Not Active, Not Active, Not Active
2026/07/20 00:45:44.639, 1, ${V100_GPU_1_UUID}, 00000000:02:00.0, 900, 877, 30.78, 150.00, 53, 52, 0, 316, P0, Not Active, Not Active, Not Active
2026/07/20 00:45:44.780, 0, ${V100_GPU_0_UUID}, 00000000:01:00.0, 900, 877, 32.37, 150.00, 55, 54, 0, 316, P0, Not Active, Not Active, Not Active
2026/07/20 00:45:44.786, 1, ${V100_GPU_1_UUID}, 00000000:02:00.0, 900, 877, 30.76, 150.00, 53, 52, 0, 316, P0, Not Active, Not Active, Not Active
2026/07/20 00:45:44.949, 0, ${V100_GPU_0_UUID}, 00000000:01:00.0, 900, 877, 32.39, 150.00, 55, 54, 0, 316, P0, Not Active, Not Active, Not Active
2026/07/20 00:45:44.956, 1, ${V100_GPU_1_UUID}, 00000000:02:00.0, 900, 877, 30.78, 150.00, 53, 52, 0, 316, P0, Not Active, Not Active, Not Active
2026/07/20 00:45:45.089, 0, ${V100_GPU_0_UUID}, 00000000:01:00.0, 900, 877, 32.37, 150.00, 55, 54, 0, 316, P0, Not Active, Not Active, Not Active
2026/07/20 00:45:45.095, 1, ${V100_GPU_1_UUID}, 00000000:02:00.0, 900, 877, 30.76, 150.00, 53, 52, 0, 316, P0, Not Active, Not Active, Not Active
2026/07/20 00:45:45.256, 0, ${V100_GPU_0_UUID}, 00000000:01:00.0, 900, 877, 32.37, 150.00, 55, 53, 0, 316, P0, Not Active, Not Active, Not Active
2026/07/20 00:45:45.263, 1, ${V100_GPU_1_UUID}, 00000000:02:00.0, 900, 877, 30.76, 150.00, 53, 52, 0, 316, P0, Not Active, Not Active, Not Active
2026/07/20 00:45:45.422, 0, ${V100_GPU_0_UUID}, 00000000:01:00.0, 900, 877, 32.39, 150.00, 55, 54, 0, 316, P0, Not Active, Not Active, Not Active
2026/07/20 00:45:45.432, 1, ${V100_GPU_1_UUID}, 00000000:02:00.0, 900, 877, 30.78, 150.00, 53, 52, 0, 316, P0, Not Active, Not Active, Not Active
2026/07/20 00:45:45.568, 0, ${V100_GPU_0_UUID}, 00000000:01:00.0, 900, 877, 32.37, 150.00, 55, 54, 0, 316, P0, Not Active, Not Active, Not Active
2026/07/20 00:45:45.574, 1, ${V100_GPU_1_UUID}, 00000000:02:00.0, 900, 877, 30.76, 150.00, 53, 52, 0, 316, P0, Not Active, Not Active, Not Active
2026/07/20 00:45:45.738, 0, ${V100_GPU_0_UUID}, 00000000:01:00.0, 900, 877, 32.39, 150.00, 55, 54, 0, 316, P0, Not Active, Not Active, Not Active
2026/07/20 00:45:45.746, 1, ${V100_GPU_1_UUID}, 00000000:02:00.0, 900, 877, 30.78, 150.00, 53, 52, 0, 316, P0, Not Active, Not Active, Not Active
2026/07/20 00:45:45.882, 0, ${V100_GPU_0_UUID}, 00000000:01:00.0, 900, 877, 32.39, 150.00, 55, 54, 0, 316, P0, Not Active, Not Active, Not Active
2026/07/20 00:45:45.890, 1, ${V100_GPU_1_UUID}, 00000000:02:00.0, 900, 877, 30.78, 150.00, 53, 52, 0, 316, P0, Not Active, Not Active, Not Active
2026/07/20 00:45:46.049, 0, ${V100_GPU_0_UUID}, 00000000:01:00.0, 900, 877, 32.37, 150.00, 55, 54, 0, 316, P0, Not Active, Not Active, Not Active
2026/07/20 00:45:46.054, 1, ${V100_GPU_1_UUID}, 00000000:02:00.0, 900, 877, 30.76, 150.00, 53, 52, 0, 316, P0, Not Active, Not Active, Not Active
2026/07/20 00:45:46.188, 0, ${V100_GPU_0_UUID}, 00000000:01:00.0, 900, 877, 32.39, 150.00, 55, 54, 0, 316, P0, Not Active, Not Active, Not Active
2026/07/20 00:45:46.196, 1, ${V100_GPU_1_UUID}, 00000000:02:00.0, 900, 877, 30.78, 150.00, 53, 52, 0, 316, P0, Not Active, Not Active, Not Active
2026/07/20 00:45:46.333, 0, ${V100_GPU_0_UUID}, 00000000:01:00.0, 900, 877, 32.37, 150.00, 55, 54, 0, 316, P0, Not Active, Not Active, Not Active
2026/07/20 00:45:46.339, 1, ${V100_GPU_1_UUID}, 00000000:02:00.0, 900, 877, 30.76, 150.00, 53, 52, 0, 316, P0, Not Active, Not Active, Not Active
2026/07/20 00:45:46.500, 0, ${V100_GPU_0_UUID}, 00000000:01:00.0, 900, 877, 32.39, 150.00, 55, 54, 0, 316, P0, Not Active, Not Active, Not Active
2026/07/20 00:45:46.507, 1, ${V100_GPU_1_UUID}, 00000000:02:00.0, 900, 877, 30.78, 150.00, 53, 52, 0, 316, P0, Not Active, Not Active, Not Active
2026/07/20 00:45:46.646, 0, ${V100_GPU_0_UUID}, 00000000:01:00.0, 900, 877, 32.37, 150.00, 55, 54, 0, 316, P0, Not Active, Not Active, Not Active
2026/07/20 00:45:46.651, 1, ${V100_GPU_1_UUID}, 00000000:02:00.0, 900, 877, 30.78, 150.00, 53, 52, 0, 316, P0, Not Active, Not Active, Not Active
2026/07/20 00:45:46.808, 0, ${V100_GPU_0_UUID}, 00000000:01:00.0, 900, 877, 32.37, 150.00, 55, 54, 0, 316, P0, Not Active, Not Active, Not Active
2026/07/20 00:45:46.814, 1, ${V100_GPU_1_UUID}, 00000000:02:00.0, 900, 877, 30.76, 150.00, 53, 52, 0, 316, P0, Not Active, Not Active, Not Active
2026/07/20 00:45:46.946, 0, ${V100_GPU_0_UUID}, 00000000:01:00.0, 900, 877, 32.39, 150.00, 55, 54, 0, 316, P0, Not Active, Not Active, Not Active
2026/07/20 00:45:46.952, 1, ${V100_GPU_1_UUID}, 00000000:02:00.0, 900, 877, 30.78, 150.00, 53, 52, 0, 316, P0, Not Active, Not Active, Not Active
2026/07/20 00:45:47.089, 0, ${V100_GPU_0_UUID}, 00000000:01:00.0, 900, 877, 32.39, 150.00, 55, 54, 0, 316, P0, Not Active, Not Active, Not Active
2026/07/20 00:45:47.094, 1, ${V100_GPU_1_UUID}, 00000000:02:00.0, 900, 877, 30.76, 150.00, 53, 52, 0, 316, P0, Not Active, Not Active, Not Active
2026/07/20 00:45:47.254, 0, ${V100_GPU_0_UUID}, 00000000:01:00.0, 900, 877, 32.39, 150.00, 55, 54, 0, 316, P0, Not Active, Not Active, Not Active
2026/07/20 00:45:47.264, 1, ${V100_GPU_1_UUID}, 00000000:02:00.0, 900, 877, 30.78, 150.00, 53, 52, 0, 316, P0, Not Active, Not Active, Not Active
2026/07/20 00:45:47.399, 0, ${V100_GPU_0_UUID}, 00000000:01:00.0, 900, 877, 32.37, 150.00, 55, 54, 0, 316, P0, Not Active, Not Active, Not Active
2026/07/20 00:45:47.404, 1, ${V100_GPU_1_UUID}, 00000000:02:00.0, 900, 877, 30.78, 150.00, 53, 52, 0, 316, P0, Not Active, Not Active, Not Active
2026/07/20 00:45:47.552, 0, ${V100_GPU_0_UUID}, 00000000:01:00.0, 900, 877, 32.37, 150.00, 55, 54, 0, 316, P0, Not Active, Not Active, Not Active
2026/07/20 00:45:47.558, 1, ${V100_GPU_1_UUID}, 00000000:02:00.0, 900, 877, 30.78, 150.00, 53, 52, 0, 316, P0, Not Active, Not Active, Not Active
2026/07/20 00:45:47.698, 0, ${V100_GPU_0_UUID}, 00000000:01:00.0, 900, 877, 32.39, 150.00, 55, 54, 0, 316, P0, Not Active, Not Active, Not Active
2026/07/20 00:45:47.706, 1, ${V100_GPU_1_UUID}, 00000000:02:00.0, 900, 877, 30.78, 150.00, 53, 52, 0, 316, P0, Not Active, Not Active, Not Active
2026/07/20 00:45:47.844, 0, ${V100_GPU_0_UUID}, 00000000:01:00.0, 900, 877, 32.37, 150.00, 55, 54, 0, 316, P0, Not Active, Not Active, Not Active
2026/07/20 00:45:47.849, 1, ${V100_GPU_1_UUID}, 00000000:02:00.0, 900, 877, 30.76, 150.00, 53, 52, 0, 316, P0, Not Active, Not Active, Not Active
2026/07/20 00:45:48.011, 0, ${V100_GPU_0_UUID}, 00000000:01:00.0, 900, 877, 32.39, 150.00, 55, 54, 0, 316, P0, Not Active, Not Active, Not Active
2026/07/20 00:45:48.018, 1, ${V100_GPU_1_UUID}, 00000000:02:00.0, 900, 877, 30.78, 150.00, 53, 52, 0, 316, P0, Not Active, Not Active, Not Active
2026/07/20 00:45:48.163, 0, ${V100_GPU_0_UUID}, 00000000:01:00.0, 900, 877, 32.37, 150.00, 55, 54, 0, 316, P0, Not Active, Not Active, Not Active
2026/07/20 00:45:48.170, 1, ${V100_GPU_1_UUID}, 00000000:02:00.0, 900, 877, 30.76, 150.00, 53, 52, 0, 316, P0, Not Active, Not Active, Not Active
2026/07/20 00:45:48.333, 0, ${V100_GPU_0_UUID}, 00000000:01:00.0, 900, 877, 32.39, 150.00, 55, 54, 0, 316, P0, Not Active, Not Active, Not Active
2026/07/20 00:45:48.340, 1, ${V100_GPU_1_UUID}, 00000000:02:00.0, 900, 877, 30.78, 150.00, 53, 52, 0, 316, P0, Not Active, Not Active, Not Active
2026/07/20 00:45:48.475, 0, ${V100_GPU_0_UUID}, 00000000:01:00.0, 900, 877, 32.37, 150.00, 55, 54, 0, 316, P0, Not Active, Not Active, Not Active
2026/07/20 00:45:48.481, 1, ${V100_GPU_1_UUID}, 00000000:02:00.0, 900, 877, 30.76, 150.00, 53, 52, 0, 316, P0, Not Active, Not Active, Not Active
2026/07/20 00:45:48.641, 0, ${V100_GPU_0_UUID}, 00000000:01:00.0, 900, 877, 32.39, 150.00, 55, 54, 0, 316, P0, Not Active, Not Active, Not Active
2026/07/20 00:45:48.648, 1, ${V100_GPU_1_UUID}, 00000000:02:00.0, 900, 877, 30.78, 150.00, 53, 52, 0, 316, P0, Not Active, Not Active, Not Active
2026/07/20 00:45:48.781, 0, ${V100_GPU_0_UUID}, 00000000:01:00.0, 900, 877, 32.37, 150.00, 55, 54, 0, 316, P0, Not Active, Not Active, Not Active
2026/07/20 00:45:48.786, 1, ${V100_GPU_1_UUID}, 00000000:02:00.0, 900, 877, 30.76, 150.00, 53, 52, 0, 316, P0, Not Active, Not Active, Not Active
2026/07/20 00:45:48.946, 0, ${V100_GPU_0_UUID}, 00000000:01:00.0, 900, 877, 32.37, 150.00, 55, 54, 0, 316, P0, Not Active, Not Active, Not Active
2026/07/20 00:45:48.952, 1, ${V100_GPU_1_UUID}, 00000000:02:00.0, 900, 877, 30.76, 150.00, 53, 52, 0, 316, P0, Not Active, Not Active, Not Active
2026/07/20 00:45:49.084, 0, ${V100_GPU_0_UUID}, 00000000:01:00.0, 900, 877, 32.39, 150.00, 55, 54, 0, 316, P0, Not Active, Not Active, Not Active
2026/07/20 00:45:49.090, 1, ${V100_GPU_1_UUID}, 00000000:02:00.0, 900, 877, 30.78, 150.00, 53, 52, 0, 316, P0, Not Active, Not Active, Not Active
2026/07/20 00:45:49.238, 0, ${V100_GPU_0_UUID}, 00000000:01:00.0, 900, 877, 32.37, 150.00, 55, 54, 0, 316, P0, Not Active, Not Active, Not Active
2026/07/20 00:45:49.244, 1, ${V100_GPU_1_UUID}, 00000000:02:00.0, 900, 877, 30.76, 150.00, 53, 52, 0, 316, P0, Not Active, Not Active, Not Active
2026/07/20 00:45:49.381, 0, ${V100_GPU_0_UUID}, 00000000:01:00.0, 900, 877, 32.39, 150.00, 55, 54, 0, 316, P0, Not Active, Not Active, Not Active
2026/07/20 00:45:49.389, 1, ${V100_GPU_1_UUID}, 00000000:02:00.0, 900, 877, 30.78, 150.00, 53, 52, 0, 316, P0, Not Active, Not Active, Not Active
2026/07/20 00:45:49.526, 0, ${V100_GPU_0_UUID}, 00000000:01:00.0, 900, 877, 32.37, 150.00, 55, 54, 0, 316, P0, Not Active, Not Active, Not Active
2026/07/20 00:45:49.532, 1, ${V100_GPU_1_UUID}, 00000000:02:00.0, 900, 877, 30.76, 150.00, 53, 52, 0, 316, P0, Not Active, Not Active, Not Active
2026/07/20 00:45:49.694, 0, ${V100_GPU_0_UUID}, 00000000:01:00.0, 900, 877, 32.39, 150.00, 55, 54, 0, 316, P0, Not Active, Not Active, Not Active
2026/07/20 00:45:49.702, 1, ${V100_GPU_1_UUID}, 00000000:02:00.0, 900, 877, 30.78, 150.00, 53, 52, 0, 316, P0, Not Active, Not Active, Not Active
2026/07/20 00:45:49.835, 0, ${V100_GPU_0_UUID}, 00000000:01:00.0, 900, 877, 32.37, 150.00, 55, 54, 0, 316, P0, Not Active, Not Active, Not Active
2026/07/20 00:45:49.841, 1, ${V100_GPU_1_UUID}, 00000000:02:00.0, 900, 877, 30.76, 150.00, 53, 52, 0, 316, P0, Not Active, Not Active, Not Active
2026/07/20 00:45:50.004, 0, ${V100_GPU_0_UUID}, 00000000:01:00.0, 900, 877, 32.39, 150.00, 55, 54, 0, 316, P0, Not Active, Not Active, Not Active
2026/07/20 00:45:50.011, 1, ${V100_GPU_1_UUID}, 00000000:02:00.0, 900, 877, 30.78, 150.00, 53, 52, 0, 316, P0, Not Active, Not Active, Not Active
2026/07/20 00:45:50.145, 0, ${V100_GPU_0_UUID}, 00000000:01:00.0, 900, 877, 32.39, 150.00, 55, 54, 0, 316, P0, Not Active, Not Active, Not Active
2026/07/20 00:45:50.152, 1, ${V100_GPU_1_UUID}, 00000000:02:00.0, 900, 877, 30.78, 150.00, 53, 52, 0, 316, P0, Not Active, Not Active, Not Active
2026/07/20 00:45:50.313, 0, ${V100_GPU_0_UUID}, 00000000:01:00.0, 900, 877, 32.37, 150.00, 55, 54, 0, 316, P0, Not Active, Not Active, Not Active
2026/07/20 00:45:50.320, 1, ${V100_GPU_1_UUID}, 00000000:02:00.0, 900, 877, 30.76, 150.00, 53, 52, 0, 316, P0, Not Active, Not Active, Not Active
2026/07/20 00:45:50.483, 0, ${V100_GPU_0_UUID}, 00000000:01:00.0, 900, 877, 32.39, 150.00, 55, 54, 0, 316, P0, Not Active, Not Active, Not Active
2026/07/20 00:45:50.491, 1, ${V100_GPU_1_UUID}, 00000000:02:00.0, 900, 877, 30.78, 150.00, 53, 52, 0, 316, P0, Not Active, Not Active, Not Active
2026/07/20 00:45:50.642, 0, ${V100_GPU_0_UUID}, 00000000:01:00.0, 900, 877, 32.37, 150.00, 55, 54, 0, 316, P0, Not Active, Not Active, Not Active
2026/07/20 00:45:50.647, 1, ${V100_GPU_1_UUID}, 00000000:02:00.0, 900, 877, 30.76, 150.00, 53, 52, 0, 316, P0, Not Active, Not Active, Not Active
2026/07/20 00:45:50.812, 0, ${V100_GPU_0_UUID}, 00000000:01:00.0, 900, 877, 32.39, 150.00, 55, 54, 0, 316, P0, Not Active, Not Active, Not Active
2026/07/20 00:45:50.819, 1, ${V100_GPU_1_UUID}, 00000000:02:00.0, 900, 877, 30.78, 150.00, 53, 52, 0, 316, P0, Not Active, Not Active, Not Active
2026/07/20 00:45:50.953, 0, ${V100_GPU_0_UUID}, 00000000:01:00.0, 900, 877, 32.37, 150.00, 55, 54, 0, 316, P0, Not Active, Not Active, Not Active
2026/07/20 00:45:50.958, 1, ${V100_GPU_1_UUID}, 00000000:02:00.0, 900, 877, 30.78, 150.00, 53, 52, 0, 316, P0, Not Active, Not Active, Not Active
2026/07/20 00:45:51.107, 0, ${V100_GPU_0_UUID}, 00000000:01:00.0, 900, 877, 32.37, 150.00, 55, 54, 0, 316, P0, Not Active, Not Active, Not Active
2026/07/20 00:45:51.112, 1, ${V100_GPU_1_UUID}, 00000000:02:00.0, 900, 877, 30.76, 150.00, 53, 52, 0, 316, P0, Not Active, Not Active, Not Active
2026/07/20 00:45:51.245, 0, ${V100_GPU_0_UUID}, 00000000:01:00.0, 900, 877, 32.37, 150.00, 55, 54, 0, 316, P0, Not Active, Not Active, Not Active
2026/07/20 00:45:51.251, 1, ${V100_GPU_1_UUID}, 00000000:02:00.0, 900, 877, 30.76, 150.00, 53, 52, 0, 316, P0, Not Active, Not Active, Not Active
2026/07/20 00:45:51.413, 0, ${V100_GPU_0_UUID}, 00000000:01:00.0, 900, 877, 32.39, 150.00, 55, 54, 0, 316, P0, Not Active, Not Active, Not Active
2026/07/20 00:45:51.420, 1, ${V100_GPU_1_UUID}, 00000000:02:00.0, 900, 877, 30.78, 150.00, 53, 52, 0, 316, P0, Not Active, Not Active, Not Active
2026/07/20 00:45:51.573, 0, ${V100_GPU_0_UUID}, 00000000:01:00.0, 900, 877, 32.39, 150.00, 55, 54, 0, 316, P0, Not Active, Not Active, Not Active
2026/07/20 00:45:51.586, 1, ${V100_GPU_1_UUID}, 00000000:02:00.0, 900, 877, 30.78, 150.00, 53, 52, 0, 316, P0, Not Active, Not Active, Not Active
2026/07/20 00:45:51.729, 0, ${V100_GPU_0_UUID}, 00000000:01:00.0, 900, 877, 32.37, 150.00, 55, 54, 0, 316, P0, Not Active, Not Active, Not Active
2026/07/20 00:45:51.734, 1, ${V100_GPU_1_UUID}, 00000000:02:00.0, 900, 877, 30.76, 150.00, 53, 52, 0, 316, P0, Not Active, Not Active, Not Active
2026/07/20 00:45:51.898, 0, ${V100_GPU_0_UUID}, 00000000:01:00.0, 900, 877, 32.39, 150.00, 55, 54, 0, 316, P0, Not Active, Not Active, Not Active
2026/07/20 00:45:51.905, 1, ${V100_GPU_1_UUID}, 00000000:02:00.0, 900, 877, 30.78, 150.00, 53, 52, 0, 316, P0, Not Active, Not Active, Not Active
2026/07/20 00:45:52.040, 0, ${V100_GPU_0_UUID}, 00000000:01:00.0, 900, 877, 32.39, 150.00, 55, 54, 0, 316, P0, Not Active, Not Active, Not Active
2026/07/20 00:45:52.046, 1, ${V100_GPU_1_UUID}, 00000000:02:00.0, 900, 877, 30.78, 150.00, 53, 51, 0, 316, P0, Not Active, Not Active, Not Active
2026/07/20 00:45:52.206, 0, ${V100_GPU_0_UUID}, 00000000:01:00.0, 900, 877, 32.37, 150.00, 55, 54, 0, 316, P0, Not Active, Not Active, Not Active
2026/07/20 00:45:52.212, 1, ${V100_GPU_1_UUID}, 00000000:02:00.0, 900, 877, 30.76, 150.00, 53, 52, 0, 316, P0, Not Active, Not Active, Not Active
2026/07/20 00:45:52.345, 0, ${V100_GPU_0_UUID}, 00000000:01:00.0, 900, 877, 32.37, 150.00, 55, 54, 0, 316, P0, Not Active, Not Active, Not Active
2026/07/20 00:45:52.351, 1, ${V100_GPU_1_UUID}, 00000000:02:00.0, 900, 877, 30.78, 150.00, 53, 52, 0, 316, P0, Not Active, Not Active, Not Active
2026/07/20 00:45:52.495, 0, ${V100_GPU_0_UUID}, 00000000:01:00.0, 900, 877, 32.37, 150.00, 55, 54, 0, 316, P0, Not Active, Not Active, Not Active
2026/07/20 00:45:52.501, 1, ${V100_GPU_1_UUID}, 00000000:02:00.0, 900, 877, 30.76, 150.00, 53, 52, 0, 316, P0, Not Active, Not Active, Not Active
2026/07/20 00:45:52.661, 0, ${V100_GPU_0_UUID}, 00000000:01:00.0, 900, 877, 32.39, 150.00, 55, 54, 0, 316, P0, Not Active, Not Active, Not Active
2026/07/20 00:45:52.668, 1, ${V100_GPU_1_UUID}, 00000000:02:00.0, 900, 877, 30.78, 150.00, 53, 52, 0, 316, P0, Not Active, Not Active, Not Active
2026/07/20 00:45:52.810, 0, ${V100_GPU_0_UUID}, 00000000:01:00.0, 900, 877, 32.37, 150.00, 55, 54, 0, 316, P0, Not Active, Not Active, Not Active
2026/07/20 00:45:52.816, 1, ${V100_GPU_1_UUID}, 00000000:02:00.0, 900, 877, 30.76, 150.00, 53, 52, 0, 316, P0, Not Active, Not Active, Not Active
2026/07/20 00:45:52.977, 0, ${V100_GPU_0_UUID}, 00000000:01:00.0, 900, 877, 32.39, 150.00, 55, 54, 0, 316, P0, Not Active, Not Active, Not Active
2026/07/20 00:45:52.984, 1, ${V100_GPU_1_UUID}, 00000000:02:00.0, 900, 877, 30.78, 150.00, 53, 52, 0, 316, P0, Not Active, Not Active, Not Active
2026/07/20 00:45:53.119, 0, ${V100_GPU_0_UUID}, 00000000:01:00.0, 900, 877, 32.37, 150.00, 55, 54, 0, 316, P0, Not Active, Not Active, Not Active
2026/07/20 00:45:53.124, 1, ${V100_GPU_1_UUID}, 00000000:02:00.0, 900, 877, 30.76, 150.00, 53, 52, 0, 316, P0, Not Active, Not Active, Not Active
2026/07/20 00:45:53.288, 0, ${V100_GPU_0_UUID}, 00000000:01:00.0, 900, 877, 32.39, 150.00, 55, 54, 0, 316, P0, Not Active, Not Active, Not Active
2026/07/20 00:45:53.295, 1, ${V100_GPU_1_UUID}, 00000000:02:00.0, 900, 877, 30.78, 150.00, 53, 52, 0, 316, P0, Not Active, Not Active, Not Active
2026/07/20 00:45:53.429, 0, ${V100_GPU_0_UUID}, 00000000:01:00.0, 900, 877, 32.37, 150.00, 55, 54, 0, 316, P0, Not Active, Not Active, Not Active
2026/07/20 00:45:53.434, 1, ${V100_GPU_1_UUID}, 00000000:02:00.0, 900, 877, 30.76, 150.00, 53, 52, 0, 316, P0, Not Active, Not Active, Not Active
2026/07/20 00:45:53.597, 0, ${V100_GPU_0_UUID}, 00000000:01:00.0, 900, 877, 32.39, 150.00, 55, 54, 0, 316, P0, Not Active, Not Active, Not Active
2026/07/20 00:45:53.606, 1, ${V100_GPU_1_UUID}, 00000000:02:00.0, 900, 877, 30.78, 150.00, 53, 52, 0, 316, P0, Not Active, Not Active, Not Active
2026/07/20 00:45:53.771, 0, ${V100_GPU_0_UUID}, 00000000:01:00.0, 900, 877, 32.37, 150.00, 55, 53, 0, 316, P0, Not Active, Not Active, Not Active
2026/07/20 00:45:53.778, 1, ${V100_GPU_1_UUID}, 00000000:02:00.0, 900, 877, 30.76, 150.00, 53, 52, 0, 316, P0, Not Active, Not Active, Not Active
2026/07/20 00:45:53.937, 0, ${V100_GPU_0_UUID}, 00000000:01:00.0, 900, 877, 32.39, 150.00, 55, 54, 0, 316, P0, Not Active, Not Active, Not Active
2026/07/20 00:45:53.944, 1, ${V100_GPU_1_UUID}, 00000000:02:00.0, 900, 877, 30.78, 150.00, 53, 52, 0, 316, P0, Not Active, Not Active, Not Active
2026/07/20 00:45:54.076, 0, ${V100_GPU_0_UUID}, 00000000:01:00.0, 900, 877, 32.37, 150.00, 55, 54, 0, 316, P0, Not Active, Not Active, Not Active
2026/07/20 00:45:54.081, 1, ${V100_GPU_1_UUID}, 00000000:02:00.0, 900, 877, 30.76, 150.00, 53, 52, 0, 316, P0, Not Active, Not Active, Not Active
2026/07/20 00:45:54.214, 0, ${V100_GPU_0_UUID}, 00000000:01:00.0, 900, 877, 32.39, 150.00, 55, 54, 0, 316, P0, Not Active, Not Active, Not Active
2026/07/20 00:45:54.221, 1, ${V100_GPU_1_UUID}, 00000000:02:00.0, 900, 877, 30.78, 150.00, 53, 52, 0, 316, P0, Not Active, Not Active, Not Active
2026/07/20 00:45:54.383, 0, ${V100_GPU_0_UUID}, 00000000:01:00.0, 900, 877, 32.37, 150.00, 55, 54, 0, 316, P0, Not Active, Not Active, Not Active
2026/07/20 00:45:54.390, 1, ${V100_GPU_1_UUID}, 00000000:02:00.0, 900, 877, 30.76, 150.00, 53, 52, 0, 316, P0, Not Active, Not Active, Not Active
2026/07/20 00:45:54.557, 0, ${V100_GPU_0_UUID}, 00000000:01:00.0, 900, 877, 32.39, 150.00, 55, 54, 0, 316, P0, Not Active, Not Active, Not Active
2026/07/20 00:45:54.564, 1, ${V100_GPU_1_UUID}, 00000000:02:00.0, 900, 877, 30.78, 150.00, 53, 52, 0, 316, P0, Not Active, Not Active, Not Active
2026/07/20 00:45:54.698, 0, ${V100_GPU_0_UUID}, 00000000:01:00.0, 900, 877, 32.37, 150.00, 55, 54, 0, 316, P0, Not Active, Not Active, Not Active
2026/07/20 00:45:54.704, 1, ${V100_GPU_1_UUID}, 00000000:02:00.0, 900, 877, 30.76, 150.00, 53, 52, 0, 316, P0, Not Active, Not Active, Not Active
2026/07/20 00:45:54.865, 0, ${V100_GPU_0_UUID}, 00000000:01:00.0, 900, 877, 32.39, 150.00, 55, 54, 0, 316, P0, Not Active, Not Active, Not Active
2026/07/20 00:45:54.872, 1, ${V100_GPU_1_UUID}, 00000000:02:00.0, 900, 877, 30.78, 150.00, 53, 52, 0, 316, P0, Not Active, Not Active, Not Active
2026/07/20 00:45:55.005, 0, ${V100_GPU_0_UUID}, 00000000:01:00.0, 900, 877, 32.37, 150.00, 55, 54, 0, 316, P0, Not Active, Not Active, Not Active
2026/07/20 00:45:55.012, 1, ${V100_GPU_1_UUID}, 00000000:02:00.0, 900, 877, 30.76, 150.00, 53, 52, 0, 316, P0, Not Active, Not Active, Not Active
2026/07/20 00:45:55.172, 0, ${V100_GPU_0_UUID}, 00000000:01:00.0, 900, 877, 32.37, 150.00, 55, 54, 0, 316, P0, Not Active, Not Active, Not Active
2026/07/20 00:45:55.178, 1, ${V100_GPU_1_UUID}, 00000000:02:00.0, 900, 877, 30.78, 150.00, 53, 52, 0, 316, P0, Not Active, Not Active, Not Active
2026/07/20 00:45:55.316, 0, ${V100_GPU_0_UUID}, 00000000:01:00.0, 900, 877, 32.39, 150.00, 55, 54, 0, 316, P0, Not Active, Not Active, Not Active
2026/07/20 00:45:55.324, 1, ${V100_GPU_1_UUID}, 00000000:02:00.0, 900, 877, 30.78, 150.00, 53, 52, 0, 316, P0, Not Active, Not Active, Not Active
2026/07/20 00:45:55.487, 0, ${V100_GPU_0_UUID}, 00000000:01:00.0, 900, 877, 32.37, 150.00, 55, 54, 0, 316, P0, Not Active, Not Active, Not Active
2026/07/20 00:45:55.493, 1, ${V100_GPU_1_UUID}, 00000000:02:00.0, 900, 877, 30.76, 150.00, 53, 52, 0, 316, P0, Not Active, Not Active, Not Active
2026/07/20 00:45:55.653, 0, ${V100_GPU_0_UUID}, 00000000:01:00.0, 900, 877, 32.39, 150.00, 55, 54, 0, 316, P0, Not Active, Not Active, Not Active
2026/07/20 00:45:55.661, 1, ${V100_GPU_1_UUID}, 00000000:02:00.0, 900, 877, 30.78, 150.00, 53, 52, 0, 316, P0, Not Active, Not Active, Not Active
2026/07/20 00:45:55.794, 0, ${V100_GPU_0_UUID}, 00000000:01:00.0, 900, 877, 32.37, 150.00, 55, 54, 0, 316, P0, Not Active, Not Active, Not Active
2026/07/20 00:45:55.800, 1, ${V100_GPU_1_UUID}, 00000000:02:00.0, 900, 877, 30.76, 150.00, 53, 52, 0, 316, P0, Not Active, Not Active, Not Active
2026/07/20 00:45:55.960, 0, ${V100_GPU_0_UUID}, 00000000:01:00.0, 900, 877, 32.39, 150.00, 55, 54, 0, 316, P0, Not Active, Not Active, Not Active
2026/07/20 00:45:55.968, 1, ${V100_GPU_1_UUID}, 00000000:02:00.0, 900, 877, 30.78, 150.00, 53, 52, 0, 316, P0, Not Active, Not Active, Not Active
2026/07/20 00:45:56.102, 0, ${V100_GPU_0_UUID}, 00000000:01:00.0, 900, 877, 32.39, 150.00, 55, 54, 0, 316, P0, Not Active, Not Active, Not Active
2026/07/20 00:45:56.109, 1, ${V100_GPU_1_UUID}, 00000000:02:00.0, 900, 877, 30.78, 150.00, 53, 52, 0, 316, P0, Not Active, Not Active, Not Active
2026/07/20 00:45:56.248, 0, ${V100_GPU_0_UUID}, 00000000:01:00.0, 900, 877, 32.37, 150.00, 55, 54, 0, 316, P0, Not Active, Not Active, Not Active
2026/07/20 00:45:56.255, 1, ${V100_GPU_1_UUID}, 00000000:02:00.0, 900, 877, 30.76, 150.00, 53, 52, 0, 316, P0, Not Active, Not Active, Not Active
2026/07/20 00:45:56.399, 0, ${V100_GPU_0_UUID}, 00000000:01:00.0, 900, 877, 32.39, 150.00, 55, 54, 0, 316, P0, Not Active, Not Active, Not Active
2026/07/20 00:45:56.409, 1, ${V100_GPU_1_UUID}, 00000000:02:00.0, 900, 877, 30.78, 150.00, 53, 52, 0, 316, P0, Not Active, Not Active, Not Active
2026/07/20 00:45:56.545, 0, ${V100_GPU_0_UUID}, 00000000:01:00.0, 900, 877, 32.39, 150.00, 55, 54, 0, 316, P0, Not Active, Not Active, Not Active
2026/07/20 00:45:56.551, 1, ${V100_GPU_1_UUID}, 00000000:02:00.0, 900, 877, 30.78, 150.00, 53, 52, 0, 316, P0, Not Active, Not Active, Not Active
2026/07/20 00:45:56.711, 0, ${V100_GPU_0_UUID}, 00000000:01:00.0, 900, 877, 32.39, 150.00, 55, 54, 0, 316, P0, Not Active, Not Active, Not Active
2026/07/20 00:45:56.718, 1, ${V100_GPU_1_UUID}, 00000000:02:00.0, 900, 877, 30.76, 150.00, 53, 52, 0, 316, P0, Not Active, Not Active, Not Active
2026/07/20 00:45:56.880, 0, ${V100_GPU_0_UUID}, 00000000:01:00.0, 900, 877, 32.39, 150.00, 55, 54, 0, 316, P0, Not Active, Not Active, Not Active
2026/07/20 00:45:56.887, 1, ${V100_GPU_1_UUID}, 00000000:02:00.0, 900, 877, 30.78, 150.00, 53, 52, 0, 316, P0, Not Active, Not Active, Not Active
2026/07/20 00:45:57.040, 0, ${V100_GPU_0_UUID}, 00000000:01:00.0, 900, 877, 32.39, 150.00, 55, 54, 0, 316, P0, Not Active, Not Active, Not Active
2026/07/20 00:45:57.050, 1, ${V100_GPU_1_UUID}, 00000000:02:00.0, 900, 877, 30.78, 150.00, 53, 52, 0, 316, P0, Not Active, Not Active, Not Active
2026/07/20 00:45:57.186, 0, ${V100_GPU_0_UUID}, 00000000:01:00.0, 900, 877, 32.37, 150.00, 55, 54, 0, 316, P0, Not Active, Not Active, Not Active
2026/07/20 00:45:57.192, 1, ${V100_GPU_1_UUID}, 00000000:02:00.0, 900, 877, 30.76, 150.00, 53, 52, 0, 316, P0, Not Active, Not Active, Not Active
2026/07/20 00:45:57.353, 0, ${V100_GPU_0_UUID}, 00000000:01:00.0, 900, 877, 32.39, 150.00, 55, 53, 0, 316, P0, Not Active, Not Active, Not Active
2026/07/20 00:45:57.358, 1, ${V100_GPU_1_UUID}, 00000000:02:00.0, 900, 877, 30.78, 150.00, 53, 52, 0, 316, P0, Not Active, Not Active, Not Active
2026/07/20 00:45:57.517, 0, ${V100_GPU_0_UUID}, 00000000:01:00.0, 900, 877, 32.39, 150.00, 55, 54, 0, 316, P0, Not Active, Not Active, Not Active
2026/07/20 00:45:57.526, 1, ${V100_GPU_1_UUID}, 00000000:02:00.0, 900, 877, 30.78, 150.00, 53, 52, 0, 316, P0, Not Active, Not Active, Not Active
2026/07/20 00:45:57.663, 0, ${V100_GPU_0_UUID}, 00000000:01:00.0, 900, 877, 32.37, 150.00, 55, 54, 0, 316, P0, Not Active, Not Active, Not Active
2026/07/20 00:45:57.668, 1, ${V100_GPU_1_UUID}, 00000000:02:00.0, 900, 877, 30.76, 150.00, 53, 52, 0, 316, P0, Not Active, Not Active, Not Active
2026/07/20 00:45:57.830, 0, ${V100_GPU_0_UUID}, 00000000:01:00.0, 900, 877, 32.39, 150.00, 55, 54, 0, 316, P0, Not Active, Not Active, Not Active
2026/07/20 00:45:57.838, 1, ${V100_GPU_1_UUID}, 00000000:02:00.0, 900, 877, 30.78, 150.00, 53, 52, 0, 316, P0, Not Active, Not Active, Not Active
2026/07/20 00:45:57.970, 0, ${V100_GPU_0_UUID}, 00000000:01:00.0, 900, 877, 32.37, 150.00, 55, 54, 0, 316, P0, Not Active, Not Active, Not Active
2026/07/20 00:45:57.976, 1, ${V100_GPU_1_UUID}, 00000000:02:00.0, 900, 877, 30.78, 150.00, 53, 52, 0, 316, P0, Not Active, Not Active, Not Active
2026/07/20 00:45:58.138, 0, ${V100_GPU_0_UUID}, 00000000:01:00.0, 900, 877, 32.39, 150.00, 55, 54, 0, 316, P0, Not Active, Not Active, Not Active
2026/07/20 00:45:58.145, 1, ${V100_GPU_1_UUID}, 00000000:02:00.0, 900, 877, 30.78, 150.00, 53, 52, 0, 316, P0, Not Active, Not Active, Not Active
2026/07/20 00:45:58.292, 0, ${V100_GPU_0_UUID}, 00000000:01:00.0, 900, 877, 32.39, 150.00, 55, 54, 0, 316, P0, Not Active, Not Active, Not Active
2026/07/20 00:45:58.303, 1, ${V100_GPU_1_UUID}, 00000000:02:00.0, 900, 877, 30.78, 150.00, 53, 52, 0, 316, P0, Not Active, Not Active, Not Active
2026/07/20 00:45:58.442, 0, ${V100_GPU_0_UUID}, 00000000:01:00.0, 900, 877, 32.37, 150.00, 55, 54, 0, 316, P0, Not Active, Not Active, Not Active
2026/07/20 00:45:58.447, 1, ${V100_GPU_1_UUID}, 00000000:02:00.0, 900, 877, 30.76, 150.00, 53, 52, 0, 316, P0, Not Active, Not Active, Not Active
2026/07/20 00:45:58.609, 0, ${V100_GPU_0_UUID}, 00000000:01:00.0, 900, 877, 32.39, 150.00, 55, 54, 0, 316, P0, Not Active, Not Active, Not Active
2026/07/20 00:45:58.617, 1, ${V100_GPU_1_UUID}, 00000000:02:00.0, 900, 877, 30.78, 150.00, 53, 52, 0, 316, P0, Not Active, Not Active, Not Active
2026/07/20 00:45:58.751, 0, ${V100_GPU_0_UUID}, 00000000:01:00.0, 900, 877, 32.37, 150.00, 55, 54, 0, 316, P0, Not Active, Not Active, Not Active
2026/07/20 00:45:58.756, 1, ${V100_GPU_1_UUID}, 00000000:02:00.0, 900, 877, 30.76, 150.00, 53, 52, 0, 316, P0, Not Active, Not Active, Not Active
2026/07/20 00:45:58.916, 0, ${V100_GPU_0_UUID}, 00000000:01:00.0, 900, 877, 32.39, 150.00, 55, 54, 0, 316, P0, Not Active, Not Active, Not Active
2026/07/20 00:45:58.923, 1, ${V100_GPU_1_UUID}, 00000000:02:00.0, 900, 877, 30.78, 150.00, 53, 52, 0, 316, P0, Not Active, Not Active, Not Active
2026/07/20 00:45:59.059, 0, ${V100_GPU_0_UUID}, 00000000:01:00.0, 900, 877, 32.39, 150.00, 55, 54, 0, 316, P0, Not Active, Not Active, Not Active
2026/07/20 00:45:59.065, 1, ${V100_GPU_1_UUID}, 00000000:02:00.0, 900, 877, 30.78, 150.00, 53, 52, 0, 316, P0, Not Active, Not Active, Not Active
2026/07/20 00:45:59.216, 0, ${V100_GPU_0_UUID}, 00000000:01:00.0, 900, 877, 32.37, 150.00, 55, 54, 0, 316, P0, Not Active, Not Active, Not Active
2026/07/20 00:45:59.222, 1, ${V100_GPU_1_UUID}, 00000000:02:00.0, 900, 877, 30.76, 150.00, 53, 52, 0, 316, P0, Not Active, Not Active, Not Active
2026/07/20 00:45:59.356, 0, ${V100_GPU_0_UUID}, 00000000:01:00.0, 900, 877, 32.37, 150.00, 55, 54, 0, 316, P0, Not Active, Not Active, Not Active
2026/07/20 00:45:59.363, 1, ${V100_GPU_1_UUID}, 00000000:02:00.0, 900, 877, 30.78, 150.00, 53, 52, 0, 316, P0, Not Active, Not Active, Not Active
2026/07/20 00:45:59.498, 0, ${V100_GPU_0_UUID}, 00000000:01:00.0, 900, 877, 32.35, 150.00, 55, 54, 0, 316, P0, Not Active, Not Active, Not Active
2026/07/20 00:45:59.504, 1, ${V100_GPU_1_UUID}, 00000000:02:00.0, 900, 877, 30.76, 150.00, 53, 52, 0, 316, P0, Not Active, Not Active, Not Active
2026/07/20 00:45:59.666, 0, ${V100_GPU_0_UUID}, 00000000:01:00.0, 900, 877, 32.39, 150.00, 55, 54, 0, 316, P0, Not Active, Not Active, Not Active
2026/07/20 00:45:59.674, 1, ${V100_GPU_1_UUID}, 00000000:02:00.0, 900, 877, 30.78, 150.00, 53, 52, 0, 316, P0, Not Active, Not Active, Not Active
2026/07/20 00:45:59.810, 0, ${V100_GPU_0_UUID}, 00000000:01:00.0, 900, 877, 32.37, 150.00, 55, 54, 0, 316, P0, Not Active, Not Active, Not Active
2026/07/20 00:45:59.815, 1, ${V100_GPU_1_UUID}, 00000000:02:00.0, 900, 877, 30.78, 150.00, 53, 52, 0, 316, P0, Not Active, Not Active, Not Active
2026/07/20 00:45:59.980, 0, ${V100_GPU_0_UUID}, 00000000:01:00.0, 900, 877, 32.39, 150.00, 55, 54, 0, 316, P0, Not Active, Not Active, Not Active
2026/07/20 00:45:59.992, 1, ${V100_GPU_1_UUID}, 00000000:02:00.0, 900, 877, 30.78, 150.00, 53, 52, 0, 316, P0, Not Active, Not Active, Not Active
2026/07/20 00:46:00.141, 0, ${V100_GPU_0_UUID}, 00000000:01:00.0, 900, 877, 32.39, 150.00, 55, 54, 0, 316, P0, Not Active, Not Active, Not Active
2026/07/20 00:46:00.148, 1, ${V100_GPU_1_UUID}, 00000000:02:00.0, 900, 877, 30.78, 150.00, 53, 52, 0, 316, P0, Not Active, Not Active, Not Active
2026/07/20 00:46:00.295, 0, ${V100_GPU_0_UUID}, 00000000:01:00.0, 900, 877, 32.37, 150.00, 55, 53, 0, 316, P0, Not Active, Not Active, Not Active
2026/07/20 00:46:00.301, 1, ${V100_GPU_1_UUID}, 00000000:02:00.0, 900, 877, 30.76, 150.00, 53, 52, 0, 316, P0, Not Active, Not Active, Not Active
2026/07/20 00:46:00.435, 0, ${V100_GPU_0_UUID}, 00000000:01:00.0, 900, 877, 32.39, 150.00, 55, 54, 0, 316, P0, Not Active, Not Active, Not Active
2026/07/20 00:46:00.441, 1, ${V100_GPU_1_UUID}, 00000000:02:00.0, 900, 877, 30.78, 150.00, 53, 52, 0, 316, P0, Not Active, Not Active, Not Active
2026/07/20 00:46:00.593, 0, ${V100_GPU_0_UUID}, 00000000:01:00.0, 900, 877, 32.37, 150.00, 55, 54, 0, 316, P0, Not Active, Not Active, Not Active
2026/07/20 00:46:00.599, 1, ${V100_GPU_1_UUID}, 00000000:02:00.0, 900, 877, 30.76, 150.00, 53, 52, 0, 316, P0, Not Active, Not Active, Not Active
2026/07/20 00:46:00.763, 0, ${V100_GPU_0_UUID}, 00000000:01:00.0, 900, 877, 32.39, 150.00, 55, 54, 0, 316, P0, Not Active, Not Active, Not Active
2026/07/20 00:46:00.771, 1, ${V100_GPU_1_UUID}, 00000000:02:00.0, 900, 877, 30.78, 150.00, 53, 52, 0, 316, P0, Not Active, Not Active, Not Active
2026/07/20 00:46:00.905, 0, ${V100_GPU_0_UUID}, 00000000:01:00.0, 900, 877, 32.39, 150.00, 55, 54, 0, 316, P0, Not Active, Not Active, Not Active
2026/07/20 00:46:00.911, 1, ${V100_GPU_1_UUID}, 00000000:02:00.0, 900, 877, 30.78, 150.00, 53, 52, 0, 316, P0, Not Active, Not Active, Not Active
2026/07/20 00:46:01.073, 0, ${V100_GPU_0_UUID}, 00000000:01:00.0, 900, 877, 32.39, 150.00, 55, 54, 0, 316, P0, Not Active, Not Active, Not Active
2026/07/20 00:46:01.081, 1, ${V100_GPU_1_UUID}, 00000000:02:00.0, 900, 877, 30.78, 150.00, 53, 52, 0, 316, P0, Not Active, Not Active, Not Active
2026/07/20 00:46:01.235, 0, ${V100_GPU_0_UUID}, 00000000:01:00.0, 900, 877, 32.39, 150.00, 55, 54, 0, 316, P0, Not Active, Not Active, Not Active
2026/07/20 00:46:01.246, 1, ${V100_GPU_1_UUID}, 00000000:02:00.0, 900, 877, 30.78, 150.00, 53, 52, 0, 316, P0, Not Active, Not Active, Not Active
2026/07/20 00:46:01.387, 0, ${V100_GPU_0_UUID}, 00000000:01:00.0, 900, 877, 32.35, 150.00, 55, 54, 0, 316, P0, Not Active, Not Active, Not Active
2026/07/20 00:46:01.393, 1, ${V100_GPU_1_UUID}, 00000000:02:00.0, 900, 877, 30.76, 150.00, 53, 52, 0, 316, P0, Not Active, Not Active, Not Active
2026/07/20 00:46:01.558, 0, ${V100_GPU_0_UUID}, 00000000:01:00.0, 900, 877, 32.39, 150.00, 55, 53, 0, 316, P0, Not Active, Not Active, Not Active
2026/07/20 00:46:01.565, 1, ${V100_GPU_1_UUID}, 00000000:02:00.0, 900, 877, 30.78, 150.00, 53, 52, 0, 316, P0, Not Active, Not Active, Not Active
2026/07/20 00:46:01.705, 0, ${V100_GPU_0_UUID}, 00000000:01:00.0, 900, 877, 32.39, 150.00, 55, 54, 0, 316, P0, Not Active, Not Active, Not Active
2026/07/20 00:46:01.713, 1, ${V100_GPU_1_UUID}, 00000000:02:00.0, 900, 877, 30.78, 150.00, 53, 52, 0, 316, P0, Not Active, Not Active, Not Active
2026/07/20 00:46:01.879, 0, ${V100_GPU_0_UUID}, 00000000:01:00.0, 900, 877, 32.39, 150.00, 55, 54, 0, 316, P0, Not Active, Not Active, Not Active
2026/07/20 00:46:01.888, 1, ${V100_GPU_1_UUID}, 00000000:02:00.0, 900, 877, 30.78, 150.00, 53, 52, 0, 316, P0, Not Active, Not Active, Not Active
2026/07/20 00:46:02.037, 0, ${V100_GPU_0_UUID}, 00000000:01:00.0, 900, 877, 32.39, 150.00, 55, 54, 0, 316, P0, Not Active, Not Active, Not Active
2026/07/20 00:46:02.048, 1, ${V100_GPU_1_UUID}, 00000000:02:00.0, 900, 877, 30.78, 150.00, 53, 52, 0, 316, P0, Not Active, Not Active, Not Active
2026/07/20 00:46:02.189, 0, ${V100_GPU_0_UUID}, 00000000:01:00.0, 900, 877, 32.37, 150.00, 55, 54, 0, 316, P0, Not Active, Not Active, Not Active
2026/07/20 00:46:02.195, 1, ${V100_GPU_1_UUID}, 00000000:02:00.0, 900, 877, 30.76, 150.00, 53, 52, 0, 316, P0, Not Active, Not Active, Not Active
2026/07/20 00:46:02.329, 0, ${V100_GPU_0_UUID}, 00000000:01:00.0, 900, 877, 32.39, 150.00, 55, 54, 0, 316, P0, Not Active, Not Active, Not Active
2026/07/20 00:46:02.336, 1, ${V100_GPU_1_UUID}, 00000000:02:00.0, 900, 877, 30.78, 150.00, 53, 52, 0, 316, P0, Not Active, Not Active, Not Active
2026/07/20 00:46:02.471, 0, ${V100_GPU_0_UUID}, 00000000:01:00.0, 900, 877, 32.37, 150.00, 55, 53, 0, 316, P0, Not Active, Not Active, Not Active
2026/07/20 00:46:02.477, 1, ${V100_GPU_1_UUID}, 00000000:02:00.0, 900, 877, 30.76, 150.00, 53, 52, 0, 316, P0, Not Active, Not Active, Not Active
2026/07/20 00:46:02.636, 0, ${V100_GPU_0_UUID}, 00000000:01:00.0, 900, 877, 32.39, 150.00, 55, 54, 0, 316, P0, Not Active, Not Active, Not Active
2026/07/20 00:46:02.643, 1, ${V100_GPU_1_UUID}, 00000000:02:00.0, 900, 877, 30.78, 150.00, 53, 52, 0, 316, P0, Not Active, Not Active, Not Active
2026/07/20 00:46:02.776, 0, ${V100_GPU_0_UUID}, 00000000:01:00.0, 900, 877, 32.37, 150.00, 55, 54, 0, 316, P0, Not Active, Not Active, Not Active
2026/07/20 00:46:02.781, 1, ${V100_GPU_1_UUID}, 00000000:02:00.0, 900, 877, 30.78, 150.00, 53, 52, 0, 316, P0, Not Active, Not Active, Not Active
2026/07/20 00:46:02.938, 0, ${V100_GPU_0_UUID}, 00000000:01:00.0, 900, 877, 32.39, 150.00, 55, 54, 0, 316, P0, Not Active, Not Active, Not Active
2026/07/20 00:46:02.944, 1, ${V100_GPU_1_UUID}, 00000000:02:00.0, 900, 877, 30.78, 150.00, 53, 52, 0, 316, P0, Not Active, Not Active, Not Active
2026/07/20 00:46:03.088, 0, ${V100_GPU_0_UUID}, 00000000:01:00.0, 900, 877, 32.39, 150.00, 55, 54, 0, 316, P0, Not Active, Not Active, Not Active
2026/07/20 00:46:03.098, 1, ${V100_GPU_1_UUID}, 00000000:02:00.0, 900, 877, 30.78, 150.00, 53, 52, 0, 316, P0, Not Active, Not Active, Not Active
2026/07/20 00:46:03.242, 0, ${V100_GPU_0_UUID}, 00000000:01:00.0, 900, 877, 32.37, 150.00, 55, 54, 0, 316, P0, Not Active, Not Active, Not Active
2026/07/20 00:46:03.248, 1, ${V100_GPU_1_UUID}, 00000000:02:00.0, 900, 877, 30.76, 150.00, 53, 52, 0, 316, P0, Not Active, Not Active, Not Active
2026/07/20 00:46:03.409, 0, ${V100_GPU_0_UUID}, 00000000:01:00.0, 900, 877, 32.39, 150.00, 55, 54, 0, 316, P0, Not Active, Not Active, Not Active
2026/07/20 00:46:03.417, 1, ${V100_GPU_1_UUID}, 00000000:02:00.0, 900, 877, 30.78, 150.00, 53, 52, 0, 316, P0, Not Active, Not Active, Not Active
2026/07/20 00:46:03.551, 0, ${V100_GPU_0_UUID}, 00000000:01:00.0, 900, 877, 32.37, 150.00, 55, 54, 0, 316, P0, Not Active, Not Active, Not Active
2026/07/20 00:46:03.557, 1, ${V100_GPU_1_UUID}, 00000000:02:00.0, 900, 877, 30.78, 150.00, 53, 52, 0, 316, P0, Not Active, Not Active, Not Active
2026/07/20 00:46:03.719, 0, ${V100_GPU_0_UUID}, 00000000:01:00.0, 900, 877, 32.39, 150.00, 55, 54, 0, 316, P0, Not Active, Not Active, Not Active
2026/07/20 00:46:03.728, 1, ${V100_GPU_1_UUID}, 00000000:02:00.0, 900, 877, 30.78, 150.00, 53, 52, 0, 316, P0, Not Active, Not Active, Not Active
2026/07/20 00:46:03.863, 0, ${V100_GPU_0_UUID}, 00000000:01:00.0, 900, 877, 32.39, 150.00, 55, 53, 0, 316, P0, Not Active, Not Active, Not Active
2026/07/20 00:46:03.869, 1, ${V100_GPU_1_UUID}, 00000000:02:00.0, 900, 877, 30.78, 150.00, 53, 52, 0, 316, P0, Not Active, Not Active, Not Active
2026/07/20 00:46:04.031, 0, ${V100_GPU_0_UUID}, 00000000:01:00.0, 900, 877, 32.39, 150.00, 55, 54, 0, 316, P0, Not Active, Not Active, Not Active
2026/07/20 00:46:04.037, 1, ${V100_GPU_1_UUID}, 00000000:02:00.0, 900, 877, 30.78, 150.00, 53, 52, 0, 316, P0, Not Active, Not Active, Not Active
2026/07/20 00:46:04.191, 0, ${V100_GPU_0_UUID}, 00000000:01:00.0, 900, 877, 32.39, 150.00, 55, 54, 0, 316, P0, Not Active, Not Active, Not Active
2026/07/20 00:46:04.202, 1, ${V100_GPU_1_UUID}, 00000000:02:00.0, 900, 877, 30.78, 150.00, 53, 52, 0, 316, P0, Not Active, Not Active, Not Active
2026/07/20 00:46:04.341, 0, ${V100_GPU_0_UUID}, 00000000:01:00.0, 900, 877, 32.37, 150.00, 55, 54, 0, 316, P0, Not Active, Not Active, Not Active
2026/07/20 00:46:04.351, 1, ${V100_GPU_1_UUID}, 00000000:02:00.0, 900, 877, 30.76, 150.00, 53, 52, 0, 316, P0, Not Active, Not Active, Not Active
2026/07/20 00:46:04.514, 0, ${V100_GPU_0_UUID}, 00000000:01:00.0, 900, 877, 32.39, 150.00, 55, 54, 0, 316, P0, Not Active, Not Active, Not Active
2026/07/20 00:46:04.522, 1, ${V100_GPU_1_UUID}, 00000000:02:00.0, 900, 877, 30.78, 150.00, 53, 52, 0, 316, P0, Not Active, Not Active, Not Active
2026/07/20 00:46:04.654, 0, ${V100_GPU_0_UUID}, 00000000:01:00.0, 900, 877, 32.37, 150.00, 55, 54, 0, 316, P0, Not Active, Not Active, Not Active
2026/07/20 00:46:04.659, 1, ${V100_GPU_1_UUID}, 00000000:02:00.0, 900, 877, 30.78, 150.00, 53, 52, 0, 316, P0, Not Active, Not Active, Not Active
2026/07/20 00:46:04.823, 0, ${V100_GPU_0_UUID}, 00000000:01:00.0, 900, 877, 32.39, 150.00, 55, 54, 0, 316, P0, Not Active, Not Active, Not Active
2026/07/20 00:46:04.829, 1, ${V100_GPU_1_UUID}, 00000000:02:00.0, 900, 877, 30.78, 150.00, 53, 52, 0, 316, P0, Not Active, Not Active, Not Active
2026/07/20 00:46:04.983, 0, ${V100_GPU_0_UUID}, 00000000:01:00.0, 900, 877, 32.39, 150.00, 55, 54, 0, 316, P0, Not Active, Not Active, Not Active
2026/07/20 00:46:04.992, 1, ${V100_GPU_1_UUID}, 00000000:02:00.0, 900, 877, 30.78, 150.00, 53, 52, 0, 316, P0, Not Active, Not Active, Not Active
2026/07/20 00:46:05.127, 0, ${V100_GPU_0_UUID}, 00000000:01:00.0, 900, 877, 32.37, 150.00, 55, 54, 0, 316, P0, Not Active, Not Active, Not Active
2026/07/20 00:46:05.132, 1, ${V100_GPU_1_UUID}, 00000000:02:00.0, 900, 877, 30.76, 150.00, 53, 52, 0, 316, P0, Not Active, Not Active, Not Active
2026/07/20 00:46:05.266, 0, ${V100_GPU_0_UUID}, 00000000:01:00.0, 900, 877, 32.39, 150.00, 55, 53, 0, 316, P0, Not Active, Not Active, Not Active
2026/07/20 00:46:05.272, 1, ${V100_GPU_1_UUID}, 00000000:02:00.0, 900, 877, 30.78, 150.00, 53, 52, 0, 316, P0, Not Active, Not Active, Not Active
2026/07/20 00:46:05.405, 0, ${V100_GPU_0_UUID}, 00000000:01:00.0, 900, 877, 32.39, 150.00, 55, 54, 0, 316, P0, Not Active, Not Active, Not Active
2026/07/20 00:46:05.411, 1, ${V100_GPU_1_UUID}, 00000000:02:00.0, 900, 877, 30.78, 150.00, 53, 52, 0, 316, P0, Not Active, Not Active, Not Active
2026/07/20 00:46:05.574, 0, ${V100_GPU_0_UUID}, 00000000:01:00.0, 900, 877, 32.39, 150.00, 55, 54, 0, 316, P0, Not Active, Not Active, Not Active
2026/07/20 00:46:05.583, 1, ${V100_GPU_1_UUID}, 00000000:02:00.0, 900, 877, 30.78, 150.00, 53, 52, 0, 316, P0, Not Active, Not Active, Not Active
2026/07/20 00:46:05.717, 0, ${V100_GPU_0_UUID}, 00000000:01:00.0, 900, 877, 32.37, 150.00, 55, 53, 0, 316, P0, Not Active, Not Active, Not Active
2026/07/20 00:46:05.722, 1, ${V100_GPU_1_UUID}, 00000000:02:00.0, 900, 877, 30.76, 150.00, 53, 52, 0, 316, P0, Not Active, Not Active, Not Active
2026/07/20 00:46:05.855, 0, ${V100_GPU_0_UUID}, 00000000:01:00.0, 900, 877, 32.37, 150.00, 55, 54, 0, 316, P0, Not Active, Not Active, Not Active
2026/07/20 00:46:05.860, 1, ${V100_GPU_1_UUID}, 00000000:02:00.0, 900, 877, 30.76, 150.00, 53, 52, 0, 316, P0, Not Active, Not Active, Not Active
2026/07/20 00:46:05.993, 0, ${V100_GPU_0_UUID}, 00000000:01:00.0, 900, 877, 32.37, 150.00, 55, 54, 0, 316, P0, Not Active, Not Active, Not Active
2026/07/20 00:46:05.999, 1, ${V100_GPU_1_UUID}, 00000000:02:00.0, 900, 877, 30.78, 150.00, 53, 52, 0, 316, P0, Not Active, Not Active, Not Active
2026/07/20 00:46:06.163, 0, ${V100_GPU_0_UUID}, 00000000:01:00.0, 900, 877, 32.39, 150.00, 55, 53, 0, 316, P0, Not Active, Not Active, Not Active
2026/07/20 00:46:06.169, 1, ${V100_GPU_1_UUID}, 00000000:02:00.0, 900, 877, 30.78, 150.00, 53, 52, 0, 316, P0, Not Active, Not Active, Not Active
2026/07/20 00:46:06.329, 0, ${V100_GPU_0_UUID}, 00000000:01:00.0, 900, 877, 32.39, 150.00, 55, 54, 0, 316, P0, Not Active, Not Active, Not Active
2026/07/20 00:46:06.339, 1, ${V100_GPU_1_UUID}, 00000000:02:00.0, 900, 877, 30.78, 150.00, 53, 52, 0, 316, P0, Not Active, Not Active, Not Active
2026/07/20 00:46:06.475, 0, ${V100_GPU_0_UUID}, 00000000:01:00.0, 900, 877, 32.35, 150.00, 55, 54, 0, 316, P0, Not Active, Not Active, Not Active
2026/07/20 00:46:06.484, 1, ${V100_GPU_1_UUID}, 00000000:02:00.0, 900, 877, 30.76, 150.00, 53, 52, 0, 316, P0, Not Active, Not Active, Not Active
2026/07/20 00:46:06.645, 0, ${V100_GPU_0_UUID}, 00000000:01:00.0, 900, 877, 32.39, 150.00, 55, 54, 0, 316, P0, Not Active, Not Active, Not Active
2026/07/20 00:46:06.653, 1, ${V100_GPU_1_UUID}, 00000000:02:00.0, 900, 877, 30.78, 150.00, 53, 52, 0, 316, P0, Not Active, Not Active, Not Active
2026/07/20 00:46:06.789, 0, ${V100_GPU_0_UUID}, 00000000:01:00.0, 900, 877, 32.39, 150.00, 55, 54, 0, 316, P0, Not Active, Not Active, Not Active
2026/07/20 00:46:06.795, 1, ${V100_GPU_1_UUID}, 00000000:02:00.0, 900, 877, 30.78, 150.00, 53, 52, 0, 316, P0, Not Active, Not Active, Not Active
2026/07/20 00:46:06.960, 0, ${V100_GPU_0_UUID}, 00000000:01:00.0, 900, 877, 32.39, 150.00, 55, 53, 0, 316, P0, Not Active, Not Active, Not Active
2026/07/20 00:46:06.966, 1, ${V100_GPU_1_UUID}, 00000000:02:00.0, 900, 877, 30.78, 150.00, 53, 52, 0, 316, P0, Not Active, Not Active, Not Active
2026/07/20 00:46:07.126, 0, ${V100_GPU_0_UUID}, 00000000:01:00.0, 900, 877, 32.39, 150.00, 55, 54, 0, 316, P0, Not Active, Not Active, Not Active
2026/07/20 00:46:07.136, 1, ${V100_GPU_1_UUID}, 00000000:02:00.0, 900, 877, 30.78, 150.00, 53, 52, 0, 316, P0, Not Active, Not Active, Not Active
2026/07/20 00:46:07.272, 0, ${V100_GPU_0_UUID}, 00000000:01:00.0, 900, 877, 32.37, 150.00, 55, 54, 0, 316, P0, Not Active, Not Active, Not Active
2026/07/20 00:46:07.278, 1, ${V100_GPU_1_UUID}, 00000000:02:00.0, 900, 877, 30.76, 150.00, 53, 52, 0, 316, P0, Not Active, Not Active, Not Active
2026/07/20 00:46:07.437, 0, ${V100_GPU_0_UUID}, 00000000:01:00.0, 900, 877, 32.39, 150.00, 55, 54, 0, 316, P0, Not Active, Not Active, Not Active
2026/07/20 00:46:07.444, 1, ${V100_GPU_1_UUID}, 00000000:02:00.0, 900, 877, 30.78, 150.00, 53, 52, 0, 316, P0, Not Active, Not Active, Not Active
2026/07/20 00:46:07.586, 0, ${V100_GPU_0_UUID}, 00000000:01:00.0, 900, 877, 32.39, 150.00, 55, 54, 0, 316, P0, Not Active, Not Active, Not Active
2026/07/20 00:46:07.594, 1, ${V100_GPU_1_UUID}, 00000000:02:00.0, 900, 877, 30.78, 150.00, 53, 52, 0, 316, P0, Not Active, Not Active, Not Active
2026/07/20 00:46:07.757, 0, ${V100_GPU_0_UUID}, 00000000:01:00.0, 900, 877, 32.37, 150.00, 55, 54, 0, 316, P0, Not Active, Not Active, Not Active
2026/07/20 00:46:07.763, 1, ${V100_GPU_1_UUID}, 00000000:02:00.0, 900, 877, 30.76, 150.00, 53, 52, 0, 316, P0, Not Active, Not Active, Not Active
2026/07/20 00:46:07.911, 0, ${V100_GPU_0_UUID}, 00000000:01:00.0, 900, 877, 32.39, 150.00, 55, 54, 0, 316, P0, Not Active, Not Active, Not Active
2026/07/20 00:46:07.922, 1, ${V100_GPU_1_UUID}, 00000000:02:00.0, 900, 877, 30.78, 150.00, 53, 52, 0, 316, P0, Not Active, Not Active, Not Active
2026/07/20 00:46:08.065, 0, ${V100_GPU_0_UUID}, 00000000:01:00.0, 900, 877, 32.37, 150.00, 55, 54, 0, 316, P0, Not Active, Not Active, Not Active
2026/07/20 00:46:08.072, 1, ${V100_GPU_1_UUID}, 00000000:02:00.0, 900, 877, 30.76, 150.00, 53, 52, 0, 316, P0, Not Active, Not Active, Not Active
2026/07/20 00:46:08.236, 0, ${V100_GPU_0_UUID}, 00000000:01:00.0, 900, 877, 32.39, 150.00, 55, 54, 0, 316, P0, Not Active, Not Active, Not Active
2026/07/20 00:46:08.242, 1, ${V100_GPU_1_UUID}, 00000000:02:00.0, 900, 877, 30.78, 150.00, 53, 52, 0, 316, P0, Not Active, Not Active, Not Active
2026/07/20 00:46:08.375, 0, ${V100_GPU_0_UUID}, 00000000:01:00.0, 900, 877, 32.37, 150.00, 55, 54, 0, 316, P0, Not Active, Not Active, Not Active
2026/07/20 00:46:08.380, 1, ${V100_GPU_1_UUID}, 00000000:02:00.0, 900, 877, 30.76, 150.00, 53, 52, 0, 316, P0, Not Active, Not Active, Not Active
2026/07/20 00:46:08.517, 0, ${V100_GPU_0_UUID}, 00000000:01:00.0, 900, 877, 32.39, 150.00, 55, 54, 0, 316, P0, Not Active, Not Active, Not Active
2026/07/20 00:46:08.523, 1, ${V100_GPU_1_UUID}, 00000000:02:00.0, 900, 877, 30.78, 150.00, 53, 52, 0, 316, P0, Not Active, Not Active, Not Active
2026/07/20 00:46:08.656, 0, ${V100_GPU_0_UUID}, 00000000:01:00.0, 900, 877, 32.39, 150.00, 55, 54, 0, 316, P0, Not Active, Not Active, Not Active
2026/07/20 00:46:08.662, 1, ${V100_GPU_1_UUID}, 00000000:02:00.0, 900, 877, 30.78, 150.00, 53, 52, 0, 316, P0, Not Active, Not Active, Not Active
2026/07/20 00:46:08.794, 0, ${V100_GPU_0_UUID}, 00000000:01:00.0, 900, 877, 32.37, 150.00, 55, 54, 0, 316, P0, Not Active, Not Active, Not Active
2026/07/20 00:46:08.799, 1, ${V100_GPU_1_UUID}, 00000000:02:00.0, 900, 877, 30.76, 150.00, 53, 52, 0, 316, P0, Not Active, Not Active, Not Active
2026/07/20 00:46:08.963, 0, ${V100_GPU_0_UUID}, 00000000:01:00.0, 900, 877, 32.39, 150.00, 55, 54, 0, 316, P0, Not Active, Not Active, Not Active
2026/07/20 00:46:08.969, 1, ${V100_GPU_1_UUID}, 00000000:02:00.0, 900, 877, 30.78, 150.00, 53, 52, 0, 316, P0, Not Active, Not Active, Not Active
2026/07/20 00:46:09.101, 0, ${V100_GPU_0_UUID}, 00000000:01:00.0, 900, 877, 32.37, 150.00, 55, 54, 0, 316, P0, Not Active, Not Active, Not Active
2026/07/20 00:46:09.107, 1, ${V100_GPU_1_UUID}, 00000000:02:00.0, 900, 877, 30.76, 150.00, 53, 52, 0, 316, P0, Not Active, Not Active, Not Active
2026/07/20 00:46:09.272, 0, ${V100_GPU_0_UUID}, 00000000:01:00.0, 900, 877, 32.39, 150.00, 55, 53, 0, 316, P0, Not Active, Not Active, Not Active
2026/07/20 00:46:09.279, 1, ${V100_GPU_1_UUID}, 00000000:02:00.0, 900, 877, 30.78, 150.00, 53, 52, 0, 316, P0, Not Active, Not Active, Not Active
2026/07/20 00:46:09.413, 0, ${V100_GPU_0_UUID}, 00000000:01:00.0, 900, 877, 32.37, 150.00, 55, 54, 0, 316, P0, Not Active, Not Active, Not Active
2026/07/20 00:46:09.418, 1, ${V100_GPU_1_UUID}, 00000000:02:00.0, 900, 877, 30.78, 150.00, 53, 52, 0, 316, P0, Not Active, Not Active, Not Active
2026/07/20 00:46:09.583, 0, ${V100_GPU_0_UUID}, 00000000:01:00.0, 900, 877, 32.39, 150.00, 55, 53, 0, 316, P0, Not Active, Not Active, Not Active
2026/07/20 00:46:09.590, 1, ${V100_GPU_1_UUID}, 00000000:02:00.0, 900, 877, 30.76, 150.00, 53, 52, 0, 316, P0, Not Active, Not Active, Not Active
2026/07/20 00:46:09.755, 0, ${V100_GPU_0_UUID}, 00000000:01:00.0, 900, 877, 32.39, 150.00, 55, 54, 0, 316, P0, Not Active, Not Active, Not Active
2026/07/20 00:46:09.763, 1, ${V100_GPU_1_UUID}, 00000000:02:00.0, 900, 877, 30.78, 150.00, 53, 52, 0, 316, P0, Not Active, Not Active, Not Active
2026/07/20 00:46:09.896, 0, ${V100_GPU_0_UUID}, 00000000:01:00.0, 900, 877, 32.37, 150.00, 55, 54, 0, 316, P0, Not Active, Not Active, Not Active
2026/07/20 00:46:09.901, 1, ${V100_GPU_1_UUID}, 00000000:02:00.0, 900, 877, 30.76, 150.00, 53, 52, 0, 316, P0, Not Active, Not Active, Not Active
2026/07/20 00:46:10.064, 0, ${V100_GPU_0_UUID}, 00000000:01:00.0, 900, 877, 32.39, 150.00, 55, 54, 0, 316, P0, Not Active, Not Active, Not Active
2026/07/20 00:46:10.071, 1, ${V100_GPU_1_UUID}, 00000000:02:00.0, 900, 877, 30.78, 150.00, 53, 52, 0, 316, P0, Not Active, Not Active, Not Active
2026/07/20 00:46:10.205, 0, ${V100_GPU_0_UUID}, 00000000:01:00.0, 900, 877, 32.37, 150.00, 55, 54, 0, 316, P0, Not Active, Not Active, Not Active
2026/07/20 00:46:10.211, 1, ${V100_GPU_1_UUID}, 00000000:02:00.0, 900, 877, 30.78, 150.00, 53, 52, 0, 316, P0, Not Active, Not Active, Not Active
2026/07/20 00:46:10.371, 0, ${V100_GPU_0_UUID}, 00000000:01:00.0, 900, 877, 32.37, 150.00, 55, 53, 0, 316, P0, Not Active, Not Active, Not Active
2026/07/20 00:46:10.377, 1, ${V100_GPU_1_UUID}, 00000000:02:00.0, 900, 877, 30.76, 150.00, 53, 52, 0, 316, P0, Not Active, Not Active, Not Active
2026/07/20 00:46:10.531, 0, ${V100_GPU_0_UUID}, 00000000:01:00.0, 900, 877, 32.39, 150.00, 55, 54, 0, 316, P0, Not Active, Not Active, Not Active
2026/07/20 00:46:10.543, 1, ${V100_GPU_1_UUID}, 00000000:02:00.0, 900, 877, 30.78, 150.00, 53, 52, 0, 316, P0, Not Active, Not Active, Not Active
2026/07/20 00:46:10.678, 0, ${V100_GPU_0_UUID}, 00000000:01:00.0, 900, 877, 32.37, 150.00, 55, 54, 0, 316, P0, Not Active, Not Active, Not Active
2026/07/20 00:46:10.684, 1, ${V100_GPU_1_UUID}, 00000000:02:00.0, 900, 877, 30.76, 150.00, 53, 52, 0, 316, P0, Not Active, Not Active, Not Active
2026/07/20 00:46:10.846, 0, ${V100_GPU_0_UUID}, 00000000:01:00.0, 900, 877, 32.39, 150.00, 55, 54, 0, 316, P0, Not Active, Not Active, Not Active
2026/07/20 00:46:10.853, 1, ${V100_GPU_1_UUID}, 00000000:02:00.0, 900, 877, 30.78, 150.00, 53, 52, 0, 316, P0, Not Active, Not Active, Not Active
2026/07/20 00:46:11.018, 0, ${V100_GPU_0_UUID}, 00000000:01:00.0, 900, 877, 32.39, 150.00, 55, 54, 0, 316, P0, Not Active, Not Active, Not Active
2026/07/20 00:46:11.025, 1, ${V100_GPU_1_UUID}, 00000000:02:00.0, 900, 877, 30.78, 150.00, 53, 52, 0, 316, P0, Not Active, Not Active, Not Active
2026/07/20 00:46:11.163, 0, ${V100_GPU_0_UUID}, 00000000:01:00.0, 900, 877, 32.37, 150.00, 55, 54, 0, 316, P0, Not Active, Not Active, Not Active
2026/07/20 00:46:11.169, 1, ${V100_GPU_1_UUID}, 00000000:02:00.0, 900, 877, 30.76, 150.00, 53, 52, 0, 316, P0, Not Active, Not Active, Not Active
2026/07/20 00:46:11.300, 0, ${V100_GPU_0_UUID}, 00000000:01:00.0, 900, 877, 32.37, 150.00, 55, 54, 0, 316, P0, Not Active, Not Active, Not Active
2026/07/20 00:46:11.306, 1, ${V100_GPU_1_UUID}, 00000000:02:00.0, 900, 877, 30.76, 150.00, 53, 52, 0, 316, P0, Not Active, Not Active, Not Active
2026/07/20 00:46:11.441, 0, ${V100_GPU_0_UUID}, 00000000:01:00.0, 900, 877, 32.39, 150.00, 55, 54, 0, 316, P0, Not Active, Not Active, Not Active
2026/07/20 00:46:11.448, 1, ${V100_GPU_1_UUID}, 00000000:02:00.0, 900, 877, 30.78, 150.00, 53, 52, 0, 316, P0, Not Active, Not Active, Not Active
2026/07/20 00:46:11.585, 0, ${V100_GPU_0_UUID}, 00000000:01:00.0, 900, 877, 32.37, 150.00, 55, 54, 0, 316, P0, Not Active, Not Active, Not Active
2026/07/20 00:46:11.591, 1, ${V100_GPU_1_UUID}, 00000000:02:00.0, 900, 877, 30.76, 150.00, 53, 52, 0, 316, P0, Not Active, Not Active, Not Active
2026/07/20 00:46:11.757, 0, ${V100_GPU_0_UUID}, 00000000:01:00.0, 900, 877, 32.39, 150.00, 55, 54, 0, 316, P0, Not Active, Not Active, Not Active
2026/07/20 00:46:11.765, 1, ${V100_GPU_1_UUID}, 00000000:02:00.0, 900, 877, 30.78, 150.00, 53, 52, 0, 316, P0, Not Active, Not Active, Not Active
2026/07/20 00:46:11.899, 0, ${V100_GPU_0_UUID}, 00000000:01:00.0, 900, 877, 32.37, 150.00, 55, 54, 0, 316, P0, Not Active, Not Active, Not Active
2026/07/20 00:46:11.904, 1, ${V100_GPU_1_UUID}, 00000000:02:00.0, 900, 877, 30.76, 150.00, 53, 52, 0, 316, P0, Not Active, Not Active, Not Active
2026/07/20 00:46:12.059, 0, ${V100_GPU_0_UUID}, 00000000:01:00.0, 900, 877, 32.39, 150.00, 55, 54, 0, 316, P0, Not Active, Not Active, Not Active
2026/07/20 00:46:12.065, 1, ${V100_GPU_1_UUID}, 00000000:02:00.0, 900, 877, 30.78, 150.00, 53, 52, 0, 316, P0, Not Active, Not Active, Not Active
2026/07/20 00:46:12.199, 0, ${V100_GPU_0_UUID}, 00000000:01:00.0, 900, 877, 32.39, 150.00, 55, 54, 0, 316, P0, Not Active, Not Active, Not Active
2026/07/20 00:46:12.205, 1, ${V100_GPU_1_UUID}, 00000000:02:00.0, 900, 877, 30.76, 150.00, 53, 52, 0, 316, P0, Not Active, Not Active, Not Active
2026/07/20 00:46:12.379, 0, ${V100_GPU_0_UUID}, 00000000:01:00.0, 900, 877, 32.35, 150.00, 55, 54, 0, 316, P0, Not Active, Not Active, Not Active
2026/07/20 00:46:12.384, 1, ${V100_GPU_1_UUID}, 00000000:02:00.0, 900, 877, 30.76, 150.00, 53, 52, 0, 316, P0, Not Active, Not Active, Not Active
2026/07/20 00:46:12.525, 0, ${V100_GPU_0_UUID}, 00000000:01:00.0, 900, 877, 32.32, 150.00, 55, 54, 0, 316, P0, Not Active, Not Active, Not Active
2026/07/20 00:46:12.531, 1, ${V100_GPU_1_UUID}, 00000000:02:00.0, 900, 877, 30.72, 150.00, 53, 52, 0, 316, P0, Not Active, Not Active, Not Active
2026/07/20 00:46:12.669, 0, ${V100_GPU_0_UUID}, 00000000:01:00.0, 900, 877, 32.37, 150.00, 55, 54, 0, 316, P0, Not Active, Not Active, Not Active
2026/07/20 00:46:12.674, 1, ${V100_GPU_1_UUID}, 00000000:02:00.0, 900, 877, 30.76, 150.00, 53, 52, 0, 316, P0, Not Active, Not Active, Not Active
2026/07/20 00:46:12.814, 0, ${V100_GPU_0_UUID}, 00000000:01:00.0, 900, 877, 32.37, 150.00, 55, 54, 0, 316, P0, Not Active, Not Active, Not Active
2026/07/20 00:46:12.820, 1, ${V100_GPU_1_UUID}, 00000000:02:00.0, 900, 877, 30.76, 150.00, 53, 52, 0, 316, P0, Not Active, Not Active, Not Active
2026/07/20 00:46:12.954, 0, ${V100_GPU_0_UUID}, 00000000:01:00.0, 900, 877, 32.37, 150.00, 55, 54, 0, 316, P0, Not Active, Not Active, Not Active
2026/07/20 00:46:12.959, 1, ${V100_GPU_1_UUID}, 00000000:02:00.0, 900, 877, 30.76, 150.00, 53, 52, 0, 316, P0, Not Active, Not Active, Not Active
2026/07/20 00:46:13.096, 0, ${V100_GPU_0_UUID}, 00000000:01:00.0, 900, 877, 32.37, 150.00, 55, 54, 0, 316, P0, Not Active, Not Active, Not Active
2026/07/20 00:46:13.102, 1, ${V100_GPU_1_UUID}, 00000000:02:00.0, 900, 877, 30.76, 150.00, 53, 52, 0, 316, P0, Not Active, Not Active, Not Active
2026/07/20 00:46:13.238, 0, ${V100_GPU_0_UUID}, 00000000:01:00.0, 900, 877, 32.37, 150.00, 55, 54, 0, 316, P0, Not Active, Not Active, Not Active
2026/07/20 00:46:13.244, 1, ${V100_GPU_1_UUID}, 00000000:02:00.0, 900, 877, 30.76, 150.00, 53, 52, 0, 316, P0, Not Active, Not Active, Not Active
2026/07/20 00:46:13.385, 0, ${V100_GPU_0_UUID}, 00000000:01:00.0, 900, 877, 32.35, 150.00, 55, 54, 0, 316, P0, Not Active, Not Active, Not Active
2026/07/20 00:46:13.391, 1, ${V100_GPU_1_UUID}, 00000000:02:00.0, 900, 877, 30.74, 150.00, 53, 52, 0, 316, P0, Not Active, Not Active, Not Active
2026/07/20 00:46:13.524, 0, ${V100_GPU_0_UUID}, 00000000:01:00.0, 900, 877, 32.35, 150.00, 55, 54, 0, 316, P0, Not Active, Not Active, Not Active
2026/07/20 00:46:13.530, 1, ${V100_GPU_1_UUID}, 00000000:02:00.0, 900, 877, 30.74, 150.00, 53, 52, 0, 316, P0, Not Active, Not Active, Not Active
2026/07/20 00:46:13.665, 0, ${V100_GPU_0_UUID}, 00000000:01:00.0, 900, 877, 32.39, 150.00, 55, 54, 0, 316, P0, Not Active, Not Active, Not Active
2026/07/20 00:46:13.671, 1, ${V100_GPU_1_UUID}, 00000000:02:00.0, 900, 877, 30.76, 150.00, 53, 52, 0, 316, P0, Not Active, Not Active, Not Active
2026/07/20 00:46:13.805, 0, ${V100_GPU_0_UUID}, 00000000:01:00.0, 900, 877, 32.37, 150.00, 55, 54, 0, 316, P0, Not Active, Not Active, Not Active
2026/07/20 00:46:13.811, 1, ${V100_GPU_1_UUID}, 00000000:02:00.0, 900, 877, 30.76, 150.00, 53, 52, 0, 316, P0, Not Active, Not Active, Not Active
2026/07/20 00:46:13.976, 0, ${V100_GPU_0_UUID}, 00000000:01:00.0, 900, 877, 32.39, 150.00, 55, 54, 0, 316, P0, Not Active, Not Active, Not Active
2026/07/20 00:46:13.982, 1, ${V100_GPU_1_UUID}, 00000000:02:00.0, 900, 877, 30.78, 150.00, 53, 52, 0, 316, P0, Not Active, Not Active, Not Active
2026/07/20 00:46:14.144, 0, ${V100_GPU_0_UUID}, 00000000:01:00.0, 900, 877, 32.39, 150.00, 55, 54, 0, 316, P0, Not Active, Not Active, Not Active
2026/07/20 00:46:14.150, 1, ${V100_GPU_1_UUID}, 00000000:02:00.0, 900, 877, 30.78, 150.00, 53, 52, 0, 316, P0, Not Active, Not Active, Not Active
2026/07/20 00:46:14.283, 0, ${V100_GPU_0_UUID}, 00000000:01:00.0, 900, 877, 32.39, 150.00, 55, 54, 0, 316, P0, Not Active, Not Active, Not Active
2026/07/20 00:46:14.289, 1, ${V100_GPU_1_UUID}, 00000000:02:00.0, 900, 877, 30.78, 150.00, 53, 52, 0, 316, P0, Not Active, Not Active, Not Active
2026/07/20 00:46:14.422, 0, ${V100_GPU_0_UUID}, 00000000:01:00.0, 900, 877, 32.37, 150.00, 55, 54, 0, 316, P0, Not Active, Not Active, Not Active
2026/07/20 00:46:14.428, 1, ${V100_GPU_1_UUID}, 00000000:02:00.0, 900, 877, 30.78, 150.00, 53, 52, 0, 316, P0, Not Active, Not Active, Not Active
2026/07/20 00:46:14.568, 0, ${V100_GPU_0_UUID}, 00000000:01:00.0, 900, 877, 32.39, 150.00, 55, 54, 0, 316, P0, Not Active, Not Active, Not Active
2026/07/20 00:46:14.577, 1, ${V100_GPU_1_UUID}, 00000000:02:00.0, 900, 877, 30.78, 150.00, 53, 52, 0, 316, P0, Not Active, Not Active, Not Active
2026/07/20 00:46:14.714, 0, ${V100_GPU_0_UUID}, 00000000:01:00.0, 900, 877, 32.37, 150.00, 55, 54, 0, 316, P0, Not Active, Not Active, Not Active
2026/07/20 00:46:14.720, 1, ${V100_GPU_1_UUID}, 00000000:02:00.0, 900, 877, 30.76, 150.00, 53, 52, 0, 316, P0, Not Active, Not Active, Not Active
2026/07/20 00:46:14.862, 0, ${V100_GPU_0_UUID}, 00000000:01:00.0, 900, 877, 32.39, 150.00, 55, 54, 0, 316, P0, Not Active, Not Active, Not Active
2026/07/20 00:46:14.872, 1, ${V100_GPU_1_UUID}, 00000000:02:00.0, 900, 877, 30.78, 150.00, 53, 52, 0, 316, P0, Not Active, Not Active, Not Active
2026/07/20 00:46:15.009, 0, ${V100_GPU_0_UUID}, 00000000:01:00.0, 900, 877, 32.37, 150.00, 55, 54, 0, 316, P0, Not Active, Not Active, Not Active
2026/07/20 00:46:15.014, 1, ${V100_GPU_1_UUID}, 00000000:02:00.0, 900, 877, 30.76, 150.00, 53, 52, 0, 316, P0, Not Active, Not Active, Not Active
2026/07/20 00:46:15.175, 0, ${V100_GPU_0_UUID}, 00000000:01:00.0, 900, 877, 32.39, 150.00, 55, 54, 0, 316, P0, Not Active, Not Active, Not Active
2026/07/20 00:46:15.181, 1, ${V100_GPU_1_UUID}, 00000000:02:00.0, 900, 877, 30.78, 150.00, 53, 52, 0, 316, P0, Not Active, Not Active, Not Active
2026/07/20 00:46:15.315, 0, ${V100_GPU_0_UUID}, 00000000:01:00.0, 900, 877, 32.39, 150.00, 55, 54, 0, 316, P0, Not Active, Not Active, Not Active
2026/07/20 00:46:15.320, 1, ${V100_GPU_1_UUID}, 00000000:02:00.0, 900, 877, 30.78, 150.00, 53, 52, 0, 316, P0, Not Active, Not Active, Not Active
2026/07/20 00:46:15.483, 0, ${V100_GPU_0_UUID}, 00000000:01:00.0, 900, 877, 32.39, 150.00, 55, 54, 0, 316, P0, Not Active, Not Active, Not Active
2026/07/20 00:46:15.490, 1, ${V100_GPU_1_UUID}, 00000000:02:00.0, 900, 877, 30.78, 150.00, 53, 52, 0, 316, P0, Not Active, Not Active, Not Active
2026/07/20 00:46:15.655, 0, ${V100_GPU_0_UUID}, 00000000:01:00.0, 900, 877, 32.39, 150.00, 55, 54, 0, 316, P0, Not Active, Not Active, Not Active
2026/07/20 00:46:15.661, 1, ${V100_GPU_1_UUID}, 00000000:02:00.0, 900, 877, 30.78, 150.00, 53, 52, 0, 316, P0, Not Active, Not Active, Not Active
2026/07/20 00:46:15.800, 0, ${V100_GPU_0_UUID}, 00000000:01:00.0, 900, 877, 32.39, 150.00, 55, 54, 0, 316, P0, Not Active, Not Active, Not Active
2026/07/20 00:46:15.805, 1, ${V100_GPU_1_UUID}, 00000000:02:00.0, 900, 877, 30.78, 150.00, 53, 52, 0, 316, P0, Not Active, Not Active, Not Active
2026/07/20 00:46:15.947, 0, ${V100_GPU_0_UUID}, 00000000:01:00.0, 900, 877, 32.39, 150.00, 55, 54, 0, 316, P0, Not Active, Not Active, Not Active
2026/07/20 00:46:15.953, 1, ${V100_GPU_1_UUID}, 00000000:02:00.0, 900, 877, 30.78, 150.00, 53, 52, 0, 316, P0, Not Active, Not Active, Not Active
2026/07/20 00:46:16.116, 0, ${V100_GPU_0_UUID}, 00000000:01:00.0, 900, 877, 32.39, 150.00, 55, 54, 0, 316, P0, Not Active, Not Active, Not Active
2026/07/20 00:46:16.125, 1, ${V100_GPU_1_UUID}, 00000000:02:00.0, 900, 877, 30.78, 150.00, 53, 52, 0, 316, P0, Not Active, Not Active, Not Active
2026/07/20 00:46:16.260, 0, ${V100_GPU_0_UUID}, 00000000:01:00.0, 900, 877, 32.39, 150.00, 55, 54, 0, 316, P0, Not Active, Not Active, Not Active
2026/07/20 00:46:16.265, 1, ${V100_GPU_1_UUID}, 00000000:02:00.0, 900, 877, 30.78, 150.00, 53, 52, 0, 316, P0, Not Active, Not Active, Not Active
2026/07/20 00:46:16.430, 0, ${V100_GPU_0_UUID}, 00000000:01:00.0, 900, 877, 32.39, 150.00, 55, 54, 0, 316, P0, Not Active, Not Active, Not Active
2026/07/20 00:46:16.437, 1, ${V100_GPU_1_UUID}, 00000000:02:00.0, 900, 877, 30.78, 150.00, 53, 52, 0, 316, P0, Not Active, Not Active, Not Active
2026/07/20 00:46:16.591, 0, ${V100_GPU_0_UUID}, 00000000:01:00.0, 900, 877, 32.39, 150.00, 55, 54, 0, 316, P0, Not Active, Not Active, Not Active
2026/07/20 00:46:16.605, 1, ${V100_GPU_1_UUID}, 00000000:02:00.0, 900, 877, 30.78, 150.00, 53, 52, 0, 316, P0, Not Active, Not Active, Not Active
2026/07/20 00:46:16.743, 0, ${V100_GPU_0_UUID}, 00000000:01:00.0, 900, 877, 32.37, 150.00, 55, 54, 0, 316, P0, Not Active, Not Active, Not Active
2026/07/20 00:46:16.748, 1, ${V100_GPU_1_UUID}, 00000000:02:00.0, 900, 877, 30.76, 150.00, 53, 52, 0, 316, P0, Not Active, Not Active, Not Active
2026/07/20 00:46:16.901, 0, ${V100_GPU_0_UUID}, 00000000:01:00.0, 900, 877, 32.39, 150.00, 55, 54, 0, 316, P0, Not Active, Not Active, Not Active
2026/07/20 00:46:16.910, 1, ${V100_GPU_1_UUID}, 00000000:02:00.0, 900, 877, 30.78, 150.00, 53, 52, 0, 316, P0, Not Active, Not Active, Not Active
2026/07/20 00:46:17.048, 0, ${V100_GPU_0_UUID}, 00000000:01:00.0, 900, 877, 32.39, 150.00, 55, 54, 0, 316, P0, Not Active, Not Active, Not Active
2026/07/20 00:46:17.056, 1, ${V100_GPU_1_UUID}, 00000000:02:00.0, 900, 877, 30.78, 150.00, 53, 52, 0, 316, P0, Not Active, Not Active, Not Active
2026/07/20 00:46:17.218, 0, ${V100_GPU_0_UUID}, 00000000:01:00.0, 900, 877, 32.39, 150.00, 55, 53, 0, 316, P0, Not Active, Not Active, Not Active
2026/07/20 00:46:17.224, 1, ${V100_GPU_1_UUID}, 00000000:02:00.0, 900, 877, 30.78, 150.00, 53, 52, 0, 316, P0, Not Active, Not Active, Not Active
2026/07/20 00:46:17.378, 0, ${V100_GPU_0_UUID}, 00000000:01:00.0, 900, 877, 32.39, 150.00, 55, 54, 0, 316, P0, Not Active, Not Active, Not Active
2026/07/20 00:46:17.388, 1, ${V100_GPU_1_UUID}, 00000000:02:00.0, 900, 877, 30.78, 150.00, 53, 52, 0, 316, P0, Not Active, Not Active, Not Active
2026/07/20 00:46:17.533, 0, ${V100_GPU_0_UUID}, 00000000:01:00.0, 900, 877, 32.37, 150.00, 55, 54, 0, 316, P0, Not Active, Not Active, Not Active
2026/07/20 00:46:17.539, 1, ${V100_GPU_1_UUID}, 00000000:02:00.0, 900, 877, 30.76, 150.00, 53, 52, 0, 316, P0, Not Active, Not Active, Not Active
2026/07/20 00:46:17.702, 0, ${V100_GPU_0_UUID}, 00000000:01:00.0, 900, 877, 32.39, 150.00, 55, 54, 0, 316, P0, Not Active, Not Active, Not Active
2026/07/20 00:46:17.710, 1, ${V100_GPU_1_UUID}, 00000000:02:00.0, 900, 877, 30.78, 150.00, 53, 52, 0, 316, P0, Not Active, Not Active, Not Active
2026/07/20 00:46:17.845, 0, ${V100_GPU_0_UUID}, 00000000:01:00.0, 900, 877, 32.39, 150.00, 55, 54, 0, 316, P0, Not Active, Not Active, Not Active
2026/07/20 00:46:17.850, 1, ${V100_GPU_1_UUID}, 00000000:02:00.0, 900, 877, 30.78, 150.00, 53, 52, 0, 316, P0, Not Active, Not Active, Not Active
2026/07/20 00:46:18.015, 0, ${V100_GPU_0_UUID}, 00000000:01:00.0, 900, 877, 32.39, 150.00, 55, 54, 0, 316, P0, Not Active, Not Active, Not Active
2026/07/20 00:46:18.021, 1, ${V100_GPU_1_UUID}, 00000000:02:00.0, 900, 877, 30.78, 150.00, 53, 52, 0, 316, P0, Not Active, Not Active, Not Active
2026/07/20 00:46:18.186, 0, ${V100_GPU_0_UUID}, 00000000:01:00.0, 900, 877, 32.39, 150.00, 55, 54, 0, 316, P0, Not Active, Not Active, Not Active
2026/07/20 00:46:18.193, 1, ${V100_GPU_1_UUID}, 00000000:02:00.0, 900, 877, 30.78, 150.00, 53, 52, 0, 316, P0, Not Active, Not Active, Not Active
2026/07/20 00:46:18.335, 0, ${V100_GPU_0_UUID}, 00000000:01:00.0, 900, 877, 32.37, 150.00, 55, 54, 0, 316, P0, Not Active, Not Active, Not Active
2026/07/20 00:46:18.340, 1, ${V100_GPU_1_UUID}, 00000000:02:00.0, 900, 877, 30.76, 150.00, 53, 52, 0, 316, P0, Not Active, Not Active, Not Active
2026/07/20 00:46:18.476, 0, ${V100_GPU_0_UUID}, 00000000:01:00.0, 900, 877, 32.39, 150.00, 55, 54, 0, 316, P0, Not Active, Not Active, Not Active
2026/07/20 00:46:18.483, 1, ${V100_GPU_1_UUID}, 00000000:02:00.0, 900, 877, 30.78, 150.00, 53, 52, 0, 316, P0, Not Active, Not Active, Not Active
2026/07/20 00:46:18.631, 0, ${V100_GPU_0_UUID}, 00000000:01:00.0, 900, 877, 32.39, 150.00, 55, 54, 0, 316, P0, Not Active, Not Active, Not Active
2026/07/20 00:46:18.637, 1, ${V100_GPU_1_UUID}, 00000000:02:00.0, 900, 877, 30.76, 150.00, 53, 52, 0, 316, P0, Not Active, Not Active, Not Active
2026/07/20 00:46:18.801, 0, ${V100_GPU_0_UUID}, 00000000:01:00.0, 900, 877, 32.39, 150.00, 55, 54, 0, 316, P0, Not Active, Not Active, Not Active
2026/07/20 00:46:18.809, 1, ${V100_GPU_1_UUID}, 00000000:02:00.0, 900, 877, 30.78, 150.00, 53, 52, 0, 316, P0, Not Active, Not Active, Not Active
2026/07/20 00:46:18.947, 0, ${V100_GPU_0_UUID}, 00000000:01:00.0, 900, 877, 32.37, 150.00, 55, 54, 0, 316, P0, Not Active, Not Active, Not Active
2026/07/20 00:46:18.953, 1, ${V100_GPU_1_UUID}, 00000000:02:00.0, 900, 877, 30.76, 150.00, 53, 52, 0, 316, P0, Not Active, Not Active, Not Active
2026/07/20 00:46:19.103, 0, ${V100_GPU_0_UUID}, 00000000:01:00.0, 900, 877, 32.39, 150.00, 55, 54, 0, 316, P0, Not Active, Not Active, Not Active
2026/07/20 00:46:19.108, 1, ${V100_GPU_1_UUID}, 00000000:02:00.0, 900, 877, 30.78, 150.00, 53, 52, 0, 316, P0, Not Active, Not Active, Not Active
2026/07/20 00:46:19.241, 0, ${V100_GPU_0_UUID}, 00000000:01:00.0, 900, 877, 32.37, 150.00, 55, 53, 0, 316, P0, Not Active, Not Active, Not Active
2026/07/20 00:46:19.246, 1, ${V100_GPU_1_UUID}, 00000000:02:00.0, 900, 877, 30.76, 150.00, 53, 52, 0, 316, P0, Not Active, Not Active, Not Active
2026/07/20 00:46:19.411, 0, ${V100_GPU_0_UUID}, 00000000:01:00.0, 900, 877, 32.39, 150.00, 55, 54, 0, 316, P0, Not Active, Not Active, Not Active
2026/07/20 00:46:19.418, 1, ${V100_GPU_1_UUID}, 00000000:02:00.0, 900, 877, 30.78, 150.00, 53, 52, 0, 316, P0, Not Active, Not Active, Not Active
2026/07/20 00:46:19.554, 0, ${V100_GPU_0_UUID}, 00000000:01:00.0, 900, 877, 32.39, 150.00, 55, 54, 0, 316, P0, Not Active, Not Active, Not Active
2026/07/20 00:46:19.560, 1, ${V100_GPU_1_UUID}, 00000000:02:00.0, 900, 877, 30.78, 150.00, 53, 52, 0, 316, P0, Not Active, Not Active, Not Active
2026/07/20 00:46:19.720, 0, ${V100_GPU_0_UUID}, 00000000:01:00.0, 900, 877, 32.39, 150.00, 55, 54, 0, 316, P0, Not Active, Not Active, Not Active
2026/07/20 00:46:19.726, 1, ${V100_GPU_1_UUID}, 00000000:02:00.0, 900, 877, 30.78, 150.00, 53, 52, 0, 316, P0, Not Active, Not Active, Not Active
2026/07/20 00:46:19.884, 0, ${V100_GPU_0_UUID}, 00000000:01:00.0, 900, 877, 32.39, 150.00, 55, 54, 0, 316, P0, Not Active, Not Active, Not Active
2026/07/20 00:46:19.898, 1, ${V100_GPU_1_UUID}, 00000000:02:00.0, 900, 877, 30.80, 150.00, 53, 52, 0, 316, P0, Not Active, Not Active, Not Active
2026/07/20 00:46:20.046, 0, ${V100_GPU_0_UUID}, 00000000:01:00.0, 900, 877, 32.37, 150.00, 55, 54, 0, 316, P0, Not Active, Not Active, Not Active
2026/07/20 00:46:20.051, 1, ${V100_GPU_1_UUID}, 00000000:02:00.0, 900, 877, 30.76, 150.00, 53, 52, 0, 316, P0, Not Active, Not Active, Not Active
2026/07/20 00:46:20.220, 0, ${V100_GPU_0_UUID}, 00000000:01:00.0, 900, 877, 32.39, 150.00, 55, 54, 0, 316, P0, Not Active, Not Active, Not Active
2026/07/20 00:46:20.227, 1, ${V100_GPU_1_UUID}, 00000000:02:00.0, 900, 877, 30.78, 150.00, 53, 52, 0, 316, P0, Not Active, Not Active, Not Active
2026/07/20 00:46:20.361, 0, ${V100_GPU_0_UUID}, 00000000:01:00.0, 900, 877, 32.39, 150.00, 55, 54, 0, 316, P0, Not Active, Not Active, Not Active
2026/07/20 00:46:20.366, 1, ${V100_GPU_1_UUID}, 00000000:02:00.0, 900, 877, 30.78, 150.00, 53, 52, 0, 316, P0, Not Active, Not Active, Not Active
2026/07/20 00:46:20.504, 0, ${V100_GPU_0_UUID}, 00000000:01:00.0, 900, 877, 32.39, 150.00, 55, 54, 0, 316, P0, Not Active, Not Active, Not Active
2026/07/20 00:46:20.511, 1, ${V100_GPU_1_UUID}, 00000000:02:00.0, 900, 877, 30.78, 150.00, 53, 52, 0, 316, P0, Not Active, Not Active, Not Active
2026/07/20 00:46:20.669, 0, ${V100_GPU_0_UUID}, 00000000:01:00.0, 900, 877, 32.37, 150.00, 55, 54, 0, 316, P0, Not Active, Not Active, Not Active
2026/07/20 00:46:20.675, 1, ${V100_GPU_1_UUID}, 00000000:02:00.0, 900, 877, 30.78, 150.00, 53, 52, 0, 316, P0, Not Active, Not Active, Not Active
2026/07/20 00:46:20.815, 0, ${V100_GPU_0_UUID}, 00000000:01:00.0, 900, 877, 32.39, 150.00, 55, 53, 0, 316, P0, Not Active, Not Active, Not Active
2026/07/20 00:46:20.820, 1, ${V100_GPU_1_UUID}, 00000000:02:00.0, 900, 877, 30.78, 150.00, 53, 52, 0, 316, P0, Not Active, Not Active, Not Active
2026/07/20 00:46:20.966, 0, ${V100_GPU_0_UUID}, 00000000:01:00.0, 900, 877, 32.37, 150.00, 55, 54, 0, 316, P0, Not Active, Not Active, Not Active
2026/07/20 00:46:20.974, 1, ${V100_GPU_1_UUID}, 00000000:02:00.0, 900, 877, 30.78, 150.00, 53, 52, 0, 316, P0, Not Active, Not Active, Not Active
2026/07/20 00:46:21.124, 0, ${V100_GPU_0_UUID}, 00000000:01:00.0, 900, 877, 32.37, 150.00, 55, 54, 0, 316, P0, Not Active, Not Active, Not Active
2026/07/20 00:46:21.130, 1, ${V100_GPU_1_UUID}, 00000000:02:00.0, 900, 877, 30.78, 150.00, 53, 52, 0, 316, P0, Not Active, Not Active, Not Active
2026/07/20 00:46:21.262, 0, ${V100_GPU_0_UUID}, 00000000:01:00.0, 900, 877, 32.39, 150.00, 55, 54, 0, 316, P0, Not Active, Not Active, Not Active
2026/07/20 00:46:21.268, 1, ${V100_GPU_1_UUID}, 00000000:02:00.0, 900, 877, 30.78, 150.00, 53, 52, 0, 316, P0, Not Active, Not Active, Not Active
2026/07/20 00:46:21.401, 0, ${V100_GPU_0_UUID}, 00000000:01:00.0, 900, 877, 32.39, 150.00, 55, 54, 0, 316, P0, Not Active, Not Active, Not Active
2026/07/20 00:46:21.407, 1, ${V100_GPU_1_UUID}, 00000000:02:00.0, 900, 877, 30.78, 150.00, 53, 52, 0, 316, P0, Not Active, Not Active, Not Active
2026/07/20 00:46:21.570, 0, ${V100_GPU_0_UUID}, 00000000:01:00.0, 900, 877, 32.39, 150.00, 55, 54, 0, 316, P0, Not Active, Not Active, Not Active
2026/07/20 00:46:21.576, 1, ${V100_GPU_1_UUID}, 00000000:02:00.0, 900, 877, 30.78, 150.00, 53, 52, 0, 316, P0, Not Active, Not Active, Not Active
2026/07/20 00:46:21.708, 0, ${V100_GPU_0_UUID}, 00000000:01:00.0, 900, 877, 32.37, 150.00, 55, 54, 0, 316, P0, Not Active, Not Active, Not Active
2026/07/20 00:46:21.714, 1, ${V100_GPU_1_UUID}, 00000000:02:00.0, 900, 877, 30.78, 150.00, 53, 52, 0, 316, P0, Not Active, Not Active, Not Active
2026/07/20 00:46:21.876, 0, ${V100_GPU_0_UUID}, 00000000:01:00.0, 900, 877, 32.39, 150.00, 55, 54, 0, 316, P0, Not Active, Not Active, Not Active
2026/07/20 00:46:21.883, 1, ${V100_GPU_1_UUID}, 00000000:02:00.0, 900, 877, 30.78, 150.00, 53, 52, 0, 316, P0, Not Active, Not Active, Not Active
2026/07/20 00:46:22.023, 0, ${V100_GPU_0_UUID}, 00000000:01:00.0, 900, 877, 32.39, 150.00, 55, 54, 0, 316, P0, Not Active, Not Active, Not Active
2026/07/20 00:46:22.031, 1, ${V100_GPU_1_UUID}, 00000000:02:00.0, 900, 877, 30.78, 150.00, 53, 52, 0, 316, P0, Not Active, Not Active, Not Active
2026/07/20 00:46:22.184, 0, ${V100_GPU_0_UUID}, 00000000:01:00.0, 900, 877, 32.37, 150.00, 55, 54, 0, 316, P0, Not Active, Not Active, Not Active
2026/07/20 00:46:22.190, 1, ${V100_GPU_1_UUID}, 00000000:02:00.0, 900, 877, 30.76, 150.00, 53, 52, 0, 316, P0, Not Active, Not Active, Not Active
2026/07/20 00:46:22.353, 0, ${V100_GPU_0_UUID}, 00000000:01:00.0, 900, 877, 32.39, 150.00, 55, 53, 0, 316, P0, Not Active, Not Active, Not Active
2026/07/20 00:46:22.359, 1, ${V100_GPU_1_UUID}, 00000000:02:00.0, 900, 877, 30.78, 150.00, 53, 52, 0, 316, P0, Not Active, Not Active, Not Active
2026/07/20 00:46:22.492, 0, ${V100_GPU_0_UUID}, 00000000:01:00.0, 900, 877, 32.37, 150.00, 55, 54, 0, 316, P0, Not Active, Not Active, Not Active
2026/07/20 00:46:22.498, 1, ${V100_GPU_1_UUID}, 00000000:02:00.0, 900, 877, 30.78, 150.00, 53, 52, 0, 316, P0, Not Active, Not Active, Not Active
2026/07/20 00:46:22.635, 0, ${V100_GPU_0_UUID}, 00000000:01:00.0, 900, 877, 32.39, 150.00, 55, 54, 0, 316, P0, Not Active, Not Active, Not Active
2026/07/20 00:46:22.640, 1, ${V100_GPU_1_UUID}, 00000000:02:00.0, 900, 877, 30.78, 150.00, 53, 52, 0, 316, P0, Not Active, Not Active, Not Active
2026/07/20 00:46:22.773, 0, ${V100_GPU_0_UUID}, 00000000:01:00.0, 900, 877, 32.37, 150.00, 55, 54, 0, 316, P0, Not Active, Not Active, Not Active
2026/07/20 00:46:22.778, 1, ${V100_GPU_1_UUID}, 00000000:02:00.0, 900, 877, 30.78, 150.00, 53, 52, 0, 316, P0, Not Active, Not Active, Not Active
2026/07/20 00:46:22.938, 0, ${V100_GPU_0_UUID}, 00000000:01:00.0, 900, 877, 32.39, 150.00, 55, 54, 0, 316, P0, Not Active, Not Active, Not Active
2026/07/20 00:46:22.946, 1, ${V100_GPU_1_UUID}, 00000000:02:00.0, 900, 877, 30.78, 150.00, 53, 52, 0, 316, P0, Not Active, Not Active, Not Active
2026/07/20 00:46:23.110, 0, ${V100_GPU_0_UUID}, 00000000:01:00.0, 900, 877, 32.39, 150.00, 55, 54, 0, 316, P0, Not Active, Not Active, Not Active
2026/07/20 00:46:23.116, 1, ${V100_GPU_1_UUID}, 00000000:02:00.0, 900, 877, 30.78, 150.00, 53, 52, 0, 316, P0, Not Active, Not Active, Not Active
2026/07/20 00:46:23.254, 0, ${V100_GPU_0_UUID}, 00000000:01:00.0, 900, 877, 32.37, 150.00, 55, 54, 0, 316, P0, Not Active, Not Active, Not Active
2026/07/20 00:46:23.260, 1, ${V100_GPU_1_UUID}, 00000000:02:00.0, 900, 877, 30.76, 150.00, 53, 52, 0, 316, P0, Not Active, Not Active, Not Active
2026/07/20 00:46:23.422, 0, ${V100_GPU_0_UUID}, 00000000:01:00.0, 900, 877, 32.39, 150.00, 55, 54, 0, 316, P0, Not Active, Not Active, Not Active
2026/07/20 00:46:23.428, 1, ${V100_GPU_1_UUID}, 00000000:02:00.0, 900, 877, 30.78, 150.00, 53, 52, 0, 316, P0, Not Active, Not Active, Not Active
2026/07/20 00:46:23.561, 0, ${V100_GPU_0_UUID}, 00000000:01:00.0, 900, 877, 32.37, 150.00, 55, 54, 0, 316, P0, Not Active, Not Active, Not Active
2026/07/20 00:46:23.567, 1, ${V100_GPU_1_UUID}, 00000000:02:00.0, 900, 877, 30.78, 150.00, 53, 52, 0, 316, P0, Not Active, Not Active, Not Active
2026/07/20 00:46:23.730, 0, ${V100_GPU_0_UUID}, 00000000:01:00.0, 900, 877, 32.39, 150.00, 55, 54, 0, 316, P0, Not Active, Not Active, Not Active
2026/07/20 00:46:23.738, 1, ${V100_GPU_1_UUID}, 00000000:02:00.0, 900, 877, 30.78, 150.00, 53, 52, 0, 316, P0, Not Active, Not Active, Not Active
2026/07/20 00:46:23.873, 0, ${V100_GPU_0_UUID}, 00000000:01:00.0, 900, 877, 32.39, 150.00, 55, 54, 0, 316, P0, Not Active, Not Active, Not Active
2026/07/20 00:46:23.879, 1, ${V100_GPU_1_UUID}, 00000000:02:00.0, 900, 877, 30.78, 150.00, 53, 52, 0, 316, P0, Not Active, Not Active, Not Active
2026/07/20 00:46:24.039, 0, ${V100_GPU_0_UUID}, 00000000:01:00.0, 900, 877, 32.37, 150.00, 55, 54, 0, 316, P0, Not Active, Not Active, Not Active
2026/07/20 00:46:24.045, 1, ${V100_GPU_1_UUID}, 00000000:02:00.0, 900, 877, 30.76, 150.00, 53, 52, 0, 316, P0, Not Active, Not Active, Not Active
2026/07/20 00:46:24.193, 0, ${V100_GPU_0_UUID}, 00000000:01:00.0, 900, 877, 32.39, 150.00, 55, 54, 0, 316, P0, Not Active, Not Active, Not Active
2026/07/20 00:46:24.204, 1, ${V100_GPU_1_UUID}, 00000000:02:00.0, 900, 877, 30.80, 150.00, 53, 52, 0, 316, P0, Not Active, Not Active, Not Active
2026/07/20 00:46:24.355, 0, ${V100_GPU_0_UUID}, 00000000:01:00.0, 900, 877, 32.37, 150.00, 55, 54, 0, 316, P0, Not Active, Not Active, Not Active
2026/07/20 00:46:24.361, 1, ${V100_GPU_1_UUID}, 00000000:02:00.0, 900, 877, 30.76, 150.00, 53, 52, 0, 316, P0, Not Active, Not Active, Not Active
2026/07/20 00:46:24.523, 0, ${V100_GPU_0_UUID}, 00000000:01:00.0, 900, 877, 32.39, 150.00, 55, 54, 0, 316, P0, Not Active, Not Active, Not Active
2026/07/20 00:46:24.530, 1, ${V100_GPU_1_UUID}, 00000000:02:00.0, 900, 877, 30.78, 150.00, 53, 52, 0, 316, P0, Not Active, Not Active, Not Active
2026/07/20 00:46:24.664, 0, ${V100_GPU_0_UUID}, 00000000:01:00.0, 900, 877, 32.37, 150.00, 55, 54, 0, 316, P0, Not Active, Not Active, Not Active
2026/07/20 00:46:24.669, 1, ${V100_GPU_1_UUID}, 00000000:02:00.0, 900, 877, 30.78, 150.00, 53, 52, 0, 316, P0, Not Active, Not Active, Not Active
2026/07/20 00:46:24.826, 0, ${V100_GPU_0_UUID}, 00000000:01:00.0, 900, 877, 32.39, 150.00, 55, 54, 0, 316, P0, Not Active, Not Active, Not Active
2026/07/20 00:46:24.832, 1, ${V100_GPU_1_UUID}, 00000000:02:00.0, 900, 877, 30.78, 150.00, 53, 52, 0, 316, P0, Not Active, Not Active, Not Active
2026/07/20 00:46:24.964, 0, ${V100_GPU_0_UUID}, 00000000:01:00.0, 900, 877, 32.37, 150.00, 55, 54, 0, 316, P0, Not Active, Not Active, Not Active
2026/07/20 00:46:24.970, 1, ${V100_GPU_1_UUID}, 00000000:02:00.0, 900, 877, 30.78, 150.00, 53, 52, 0, 316, P0, Not Active, Not Active, Not Active
2026/07/20 00:46:25.135, 0, ${V100_GPU_0_UUID}, 00000000:01:00.0, 900, 877, 32.39, 150.00, 55, 54, 0, 316, P0, Not Active, Not Active, Not Active
2026/07/20 00:46:25.141, 1, ${V100_GPU_1_UUID}, 00000000:02:00.0, 900, 877, 30.78, 150.00, 53, 52, 0, 316, P0, Not Active, Not Active, Not Active
2026/07/20 00:46:25.276, 0, ${V100_GPU_0_UUID}, 00000000:01:00.0, 900, 877, 32.37, 150.00, 55, 54, 0, 316, P0, Not Active, Not Active, Not Active
2026/07/20 00:46:25.281, 1, ${V100_GPU_1_UUID}, 00000000:02:00.0, 900, 877, 30.76, 150.00, 53, 52, 0, 316, P0, Not Active, Not Active, Not Active
2026/07/20 00:46:25.419, 0, ${V100_GPU_0_UUID}, 00000000:01:00.0, 900, 877, 32.39, 150.00, 55, 54, 0, 316, P0, Not Active, Not Active, Not Active
2026/07/20 00:46:25.439, 1, ${V100_GPU_1_UUID}, 00000000:02:00.0, 900, 877, 30.80, 150.00, 53, 52, 0, 316, P0, Not Active, Not Active, Not Active
2026/07/20 00:46:25.578, 0, ${V100_GPU_0_UUID}, 00000000:01:00.0, 900, 877, 32.37, 150.00, 55, 54, 0, 316, P0, Not Active, Not Active, Not Active
2026/07/20 00:46:25.583, 1, ${V100_GPU_1_UUID}, 00000000:02:00.0, 900, 877, 30.78, 150.00, 53, 52, 0, 316, P0, Not Active, Not Active, Not Active
2026/07/20 00:46:25.718, 0, ${V100_GPU_0_UUID}, 00000000:01:00.0, 900, 877, 32.37, 150.00, 55, 54, 0, 316, P0, Not Active, Not Active, Not Active
2026/07/20 00:46:25.724, 1, ${V100_GPU_1_UUID}, 00000000:02:00.0, 900, 877, 30.78, 150.00, 53, 52, 0, 316, P0, Not Active, Not Active, Not Active
2026/07/20 00:46:25.856, 0, ${V100_GPU_0_UUID}, 00000000:01:00.0, 900, 877, 32.39, 150.00, 55, 54, 0, 316, P0, Not Active, Not Active, Not Active
2026/07/20 00:46:25.862, 1, ${V100_GPU_1_UUID}, 00000000:02:00.0, 900, 877, 30.78, 150.00, 53, 52, 0, 316, P0, Not Active, Not Active, Not Active
2026/07/20 00:46:25.998, 0, ${V100_GPU_0_UUID}, 00000000:01:00.0, 900, 877, 32.37, 150.00, 55, 54, 0, 316, P0, Not Active, Not Active, Not Active
2026/07/20 00:46:26.004, 1, ${V100_GPU_1_UUID}, 00000000:02:00.0, 900, 877, 30.76, 150.00, 53, 52, 0, 316, P0, Not Active, Not Active, Not Active
2026/07/20 00:46:26.167, 0, ${V100_GPU_0_UUID}, 00000000:01:00.0, 900, 877, 32.39, 150.00, 55, 54, 0, 316, P0, Not Active, Not Active, Not Active
2026/07/20 00:46:26.174, 1, ${V100_GPU_1_UUID}, 00000000:02:00.0, 900, 877, 30.78, 150.00, 53, 52, 0, 316, P0, Not Active, Not Active, Not Active
2026/07/20 00:46:26.316, 0, ${V100_GPU_0_UUID}, 00000000:01:00.0, 900, 877, 32.39, 150.00, 55, 54, 0, 316, P0, Not Active, Not Active, Not Active
2026/07/20 00:46:26.322, 1, ${V100_GPU_1_UUID}, 00000000:02:00.0, 900, 877, 30.78, 150.00, 53, 52, 0, 316, P0, Not Active, Not Active, Not Active
2026/07/20 00:46:26.480, 0, ${V100_GPU_0_UUID}, 00000000:01:00.0, 900, 877, 32.39, 150.00, 55, 54, 0, 316, P0, Not Active, Not Active, Not Active
2026/07/20 00:46:26.486, 1, ${V100_GPU_1_UUID}, 00000000:02:00.0, 900, 877, 30.78, 150.00, 53, 52, 0, 316, P0, Not Active, Not Active, Not Active
2026/07/20 00:46:26.634, 0, ${V100_GPU_0_UUID}, 00000000:01:00.0, 900, 877, 32.39, 150.00, 55, 54, 0, 316, P0, Not Active, Not Active, Not Active
2026/07/20 00:46:26.645, 1, ${V100_GPU_1_UUID}, 00000000:02:00.0, 900, 877, 30.80, 150.00, 53, 52, 0, 316, P0, Not Active, Not Active, Not Active
2026/07/20 00:46:26.784, 0, ${V100_GPU_0_UUID}, 00000000:01:00.0, 900, 877, 32.37, 150.00, 55, 54, 0, 316, P0, Not Active, Not Active, Not Active
2026/07/20 00:46:26.790, 1, ${V100_GPU_1_UUID}, 00000000:02:00.0, 900, 877, 30.76, 150.00, 53, 52, 0, 316, P0, Not Active, Not Active, Not Active
2026/07/20 00:46:26.951, 0, ${V100_GPU_0_UUID}, 00000000:01:00.0, 900, 877, 32.39, 150.00, 55, 54, 0, 316, P0, Not Active, Not Active, Not Active
2026/07/20 00:46:26.960, 1, ${V100_GPU_1_UUID}, 00000000:02:00.0, 900, 877, 30.78, 150.00, 53, 52, 0, 316, P0, Not Active, Not Active, Not Active
2026/07/20 00:46:27.093, 0, ${V100_GPU_0_UUID}, 00000000:01:00.0, 900, 877, 32.39, 150.00, 55, 54, 0, 8432, P0, Not Active, Not Active, Not Active
2026/07/20 00:46:27.099, 1, ${V100_GPU_1_UUID}, 00000000:02:00.0, 900, 877, 30.78, 150.00, 53, 52, 0, 8674, P0, Not Active, Not Active, Not Active
2026/07/20 00:46:27.264, 0, ${V100_GPU_0_UUID}, 00000000:01:00.0, 900, 877, 32.39, 150.00, 55, 54, 8, 8432, P0, Not Active, Not Active, Not Active
2026/07/20 00:46:27.272, 1, ${V100_GPU_1_UUID}, 00000000:02:00.0, 900, 877, 30.78, 150.00, 53, 52, 0, 8674, P0, Not Active, Not Active, Not Active
2026/07/20 00:46:27.409, 0, ${V100_GPU_0_UUID}, 00000000:01:00.0, 900, 877, 32.39, 150.00, 55, 54, 6, 8432, P0, Not Active, Not Active, Not Active
2026/07/20 00:46:27.416, 1, ${V100_GPU_1_UUID}, 00000000:02:00.0, 900, 877, 30.78, 150.00, 53, 52, 0, 8674, P0, Not Active, Not Active, Not Active
2026/07/20 00:46:27.565, 0, ${V100_GPU_0_UUID}, 00000000:01:00.0, 900, 877, 32.39, 150.00, 55, 54, 7, 8432, P0, Not Active, Not Active, Not Active
2026/07/20 00:46:27.571, 1, ${V100_GPU_1_UUID}, 00000000:02:00.0, 900, 877, 30.78, 150.00, 53, 52, 0, 8674, P0, Not Active, Not Active, Not Active
2026/07/20 00:46:27.730, 0, ${V100_GPU_0_UUID}, 00000000:01:00.0, 900, 877, 32.39, 150.00, 55, 54, 7, 8432, P0, Not Active, Not Active, Not Active
2026/07/20 00:46:27.738, 1, ${V100_GPU_1_UUID}, 00000000:02:00.0, 900, 877, 30.78, 150.00, 53, 52, 0, 8674, P0, Not Active, Not Active, Not Active
2026/07/20 00:46:27.873, 0, ${V100_GPU_0_UUID}, 00000000:01:00.0, 900, 877, 32.37, 150.00, 55, 54, 6, 8432, P0, Not Active, Not Active, Not Active
2026/07/20 00:46:27.878, 1, ${V100_GPU_1_UUID}, 00000000:02:00.0, 900, 877, 30.78, 150.00, 53, 52, 0, 8674, P0, Not Active, Not Active, Not Active
2026/07/20 00:46:28.042, 0, ${V100_GPU_0_UUID}, 00000000:01:00.0, 900, 877, 32.39, 150.00, 55, 54, 5, 8432, P0, Not Active, Not Active, Not Active
2026/07/20 00:46:28.050, 1, ${V100_GPU_1_UUID}, 00000000:02:00.0, 900, 877, 30.80, 150.00, 53, 52, 0, 8674, P0, Not Active, Not Active, Not Active
2026/07/20 00:46:28.195, 0, ${V100_GPU_0_UUID}, 00000000:01:00.0, 900, 877, 32.39, 150.00, 55, 54, 6, 8432, P0, Not Active, Not Active, Not Active
2026/07/20 00:46:28.206, 1, ${V100_GPU_1_UUID}, 00000000:02:00.0, 900, 877, 30.78, 150.00, 53, 52, 0, 8674, P0, Not Active, Not Active, Not Active
2026/07/20 00:46:28.351, 0, ${V100_GPU_0_UUID}, 00000000:01:00.0, 900, 877, 32.37, 150.00, 55, 54, 6, 8432, P0, Not Active, Not Active, Not Active
2026/07/20 00:46:28.357, 1, ${V100_GPU_1_UUID}, 00000000:02:00.0, 900, 877, 30.78, 150.00, 53, 52, 0, 8674, P0, Not Active, Not Active, Not Active
2026/07/20 00:46:28.509, 0, ${V100_GPU_0_UUID}, 00000000:01:00.0, 900, 877, 32.39, 150.00, 55, 54, 6, 8432, P0, Not Active, Not Active, Not Active
2026/07/20 00:46:28.514, 1, ${V100_GPU_1_UUID}, 00000000:02:00.0, 900, 877, 30.78, 150.00, 53, 52, 0, 8674, P0, Not Active, Not Active, Not Active
2026/07/20 00:46:28.652, 0, ${V100_GPU_0_UUID}, 00000000:01:00.0, 900, 877, 32.37, 150.00, 55, 54, 6, 8432, P0, Not Active, Not Active, Not Active
2026/07/20 00:46:28.659, 1, ${V100_GPU_1_UUID}, 00000000:02:00.0, 900, 877, 30.78, 150.00, 53, 52, 0, 8674, P0, Not Active, Not Active, Not Active
2026/07/20 00:46:28.818, 0, ${V100_GPU_0_UUID}, 00000000:01:00.0, 900, 877, 32.39, 150.00, 55, 54, 6, 8432, P0, Not Active, Not Active, Not Active
2026/07/20 00:46:28.826, 1, ${V100_GPU_1_UUID}, 00000000:02:00.0, 900, 877, 30.78, 150.00, 53, 52, 0, 8674, P0, Not Active, Not Active, Not Active
2026/07/20 00:46:28.959, 0, ${V100_GPU_0_UUID}, 00000000:01:00.0, 900, 877, 32.39, 150.00, 55, 54, 6, 8432, P0, Not Active, Not Active, Not Active
2026/07/20 00:46:28.965, 1, ${V100_GPU_1_UUID}, 00000000:02:00.0, 900, 877, 30.78, 150.00, 53, 52, 0, 8674, P0, Not Active, Not Active, Not Active
2026/07/20 00:46:29.129, 0, ${V100_GPU_0_UUID}, 00000000:01:00.0, 900, 877, 32.39, 150.00, 55, 54, 6, 8432, P0, Not Active, Not Active, Not Active
2026/07/20 00:46:29.137, 1, ${V100_GPU_1_UUID}, 00000000:02:00.0, 900, 877, 30.78, 150.00, 53, 52, 0, 8674, P0, Not Active, Not Active, Not Active
2026/07/20 00:46:29.274, 0, ${V100_GPU_0_UUID}, 00000000:01:00.0, 900, 877, 32.39, 150.00, 55, 54, 5, 8432, P0, Not Active, Not Active, Not Active
2026/07/20 00:46:29.281, 1, ${V100_GPU_1_UUID}, 00000000:02:00.0, 900, 877, 30.78, 150.00, 53, 52, 0, 8674, P0, Not Active, Not Active, Not Active
2026/07/20 00:46:29.421, 0, ${V100_GPU_0_UUID}, 00000000:01:00.0, 900, 877, 32.39, 150.00, 55, 54, 6, 8432, P0, Not Active, Not Active, Not Active
2026/07/20 00:46:29.428, 1, ${V100_GPU_1_UUID}, 00000000:02:00.0, 900, 877, 30.76, 150.00, 53, 52, 0, 8674, P0, Not Active, Not Active, Not Active
2026/07/20 00:46:29.570, 0, ${V100_GPU_0_UUID}, 00000000:01:00.0, 900, 877, 32.39, 150.00, 55, 54, 5, 8432, P0, Not Active, Not Active, Not Active
2026/07/20 00:46:29.577, 1, ${V100_GPU_1_UUID}, 00000000:02:00.0, 900, 877, 30.78, 150.00, 53, 52, 0, 8674, P0, Not Active, Not Active, Not Active
2026/07/20 00:46:29.714, 0, ${V100_GPU_0_UUID}, 00000000:01:00.0, 900, 877, 32.39, 150.00, 55, 54, 5, 8432, P0, Not Active, Not Active, Not Active
2026/07/20 00:46:29.724, 1, ${V100_GPU_1_UUID}, 00000000:02:00.0, 900, 877, 30.78, 150.00, 53, 52, 0, 8674, P0, Not Active, Not Active, Not Active
2026/07/20 00:46:29.887, 0, ${V100_GPU_0_UUID}, 00000000:01:00.0, 900, 877, 32.39, 150.00, 55, 54, 5, 8432, P0, Not Active, Not Active, Not Active
2026/07/20 00:46:29.895, 1, ${V100_GPU_1_UUID}, 00000000:02:00.0, 900, 877, 30.78, 150.00, 53, 52, 0, 8674, P0, Not Active, Not Active, Not Active
2026/07/20 00:46:30.029, 0, ${V100_GPU_0_UUID}, 00000000:01:00.0, 900, 877, 32.39, 150.00, 55, 54, 4, 8432, P0, Not Active, Not Active, Not Active
2026/07/20 00:46:30.034, 1, ${V100_GPU_1_UUID}, 00000000:02:00.0, 900, 877, 30.78, 150.00, 53, 52, 0, 8674, P0, Not Active, Not Active, Not Active
2026/07/20 00:46:30.184, 0, ${V100_GPU_0_UUID}, 00000000:01:00.0, 900, 877, 32.39, 150.00, 55, 54, 5, 8432, P0, Not Active, Not Active, Not Active
2026/07/20 00:46:30.190, 1, ${V100_GPU_1_UUID}, 00000000:02:00.0, 900, 877, 30.76, 150.00, 53, 52, 0, 8674, P0, Not Active, Not Active, Not Active
2026/07/20 00:46:30.338, 0, ${V100_GPU_0_UUID}, 00000000:01:00.0, 900, 877, 32.39, 150.00, 55, 54, 5, 8432, P0, Not Active, Not Active, Not Active
2026/07/20 00:46:30.350, 1, ${V100_GPU_1_UUID}, 00000000:02:00.0, 900, 877, 30.80, 150.00, 53, 52, 0, 8674, P0, Not Active, Not Active, Not Active
2026/07/20 00:46:30.486, 0, ${V100_GPU_0_UUID}, 00000000:01:00.0, 900, 877, 32.37, 150.00, 55, 53, 5, 8432, P0, Not Active, Not Active, Not Active
2026/07/20 00:46:30.492, 1, ${V100_GPU_1_UUID}, 00000000:02:00.0, 900, 877, 30.78, 150.00, 53, 52, 0, 8674, P0, Not Active, Not Active, Not Active
2026/07/20 00:46:30.655, 0, ${V100_GPU_0_UUID}, 00000000:01:00.0, 900, 877, 32.39, 150.00, 55, 53, 6, 8432, P0, Not Active, Not Active, Not Active
2026/07/20 00:46:30.664, 1, ${V100_GPU_1_UUID}, 00000000:02:00.0, 900, 877, 30.78, 150.00, 53, 52, 0, 8674, P0, Not Active, Not Active, Not Active
2026/07/20 00:46:30.797, 0, ${V100_GPU_0_UUID}, 00000000:01:00.0, 900, 877, 32.39, 150.00, 55, 54, 5, 8432, P0, Not Active, Not Active, Not Active
2026/07/20 00:46:30.803, 1, ${V100_GPU_1_UUID}, 00000000:02:00.0, 900, 877, 30.78, 150.00, 53, 52, 0, 8674, P0, Not Active, Not Active, Not Active
2026/07/20 00:46:30.969, 0, ${V100_GPU_0_UUID}, 00000000:01:00.0, 900, 877, 32.39, 150.00, 55, 53, 6, 8432, P0, Not Active, Not Active, Not Active
2026/07/20 00:46:30.976, 1, ${V100_GPU_1_UUID}, 00000000:02:00.0, 900, 877, 30.78, 150.00, 53, 52, 0, 8674, P0, Not Active, Not Active, Not Active
2026/07/20 00:46:31.118, 0, ${V100_GPU_0_UUID}, 00000000:01:00.0, 900, 877, 32.39, 150.00, 55, 54, 6, 8432, P0, Not Active, Not Active, Not Active
2026/07/20 00:46:31.127, 1, ${V100_GPU_1_UUID}, 00000000:02:00.0, 900, 877, 30.78, 150.00, 53, 52, 0, 8674, P0, Not Active, Not Active, Not Active
2026/07/20 00:46:31.289, 0, ${V100_GPU_0_UUID}, 00000000:01:00.0, 900, 877, 32.39, 150.00, 55, 54, 6, 8432, P0, Not Active, Not Active, Not Active
2026/07/20 00:46:31.295, 1, ${V100_GPU_1_UUID}, 00000000:02:00.0, 900, 877, 30.78, 150.00, 53, 52, 0, 8674, P0, Not Active, Not Active, Not Active
2026/07/20 00:46:31.446, 0, ${V100_GPU_0_UUID}, 00000000:01:00.0, 900, 877, 32.39, 150.00, 55, 54, 6, 8432, P0, Not Active, Not Active, Not Active
2026/07/20 00:46:31.453, 1, ${V100_GPU_1_UUID}, 00000000:02:00.0, 900, 877, 30.78, 150.00, 53, 52, 0, 8674, P0, Not Active, Not Active, Not Active
2026/07/20 00:46:31.594, 0, ${V100_GPU_0_UUID}, 00000000:01:00.0, 900, 877, 32.37, 150.00, 55, 54, 6, 8432, P0, Not Active, Not Active, Not Active
2026/07/20 00:46:31.599, 1, ${V100_GPU_1_UUID}, 00000000:02:00.0, 900, 877, 30.76, 150.00, 53, 52, 0, 8674, P0, Not Active, Not Active, Not Active
2026/07/20 00:46:31.764, 0, ${V100_GPU_0_UUID}, 00000000:01:00.0, 900, 877, 32.39, 150.00, 55, 54, 6, 8432, P0, Not Active, Not Active, Not Active
2026/07/20 00:46:31.772, 1, ${V100_GPU_1_UUID}, 00000000:02:00.0, 900, 877, 30.78, 150.00, 53, 52, 0, 8674, P0, Not Active, Not Active, Not Active
2026/07/20 00:46:31.908, 0, ${V100_GPU_0_UUID}, 00000000:01:00.0, 900, 877, 32.37, 150.00, 55, 54, 5, 8432, P0, Not Active, Not Active, Not Active
2026/07/20 00:46:31.914, 1, ${V100_GPU_1_UUID}, 00000000:02:00.0, 900, 877, 30.76, 150.00, 53, 52, 0, 8674, P0, Not Active, Not Active, Not Active
2026/07/20 00:46:32.082, 0, ${V100_GPU_0_UUID}, 00000000:01:00.0, 900, 877, 32.39, 150.00, 55, 54, 6, 8432, P0, Not Active, Not Active, Not Active
2026/07/20 00:46:32.089, 1, ${V100_GPU_1_UUID}, 00000000:02:00.0, 900, 877, 30.78, 150.00, 53, 52, 0, 8674, P0, Not Active, Not Active, Not Active
2026/07/20 00:46:32.224, 0, ${V100_GPU_0_UUID}, 00000000:01:00.0, 900, 877, 32.37, 150.00, 55, 54, 5, 8432, P0, Not Active, Not Active, Not Active
2026/07/20 00:46:32.229, 1, ${V100_GPU_1_UUID}, 00000000:02:00.0, 900, 877, 30.78, 150.00, 53, 52, 0, 8674, P0, Not Active, Not Active, Not Active
2026/07/20 00:46:32.394, 0, ${V100_GPU_0_UUID}, 00000000:01:00.0, 900, 877, 32.39, 150.00, 55, 54, 6, 8432, P0, Not Active, Not Active, Not Active
2026/07/20 00:46:32.402, 1, ${V100_GPU_1_UUID}, 00000000:02:00.0, 900, 877, 30.78, 150.00, 53, 52, 0, 8674, P0, Not Active, Not Active, Not Active
2026/07/20 00:46:32.537, 0, ${V100_GPU_0_UUID}, 00000000:01:00.0, 900, 877, 32.39, 150.00, 55, 54, 6, 8432, P0, Not Active, Not Active, Not Active
2026/07/20 00:46:32.543, 1, ${V100_GPU_1_UUID}, 00000000:02:00.0, 900, 877, 30.78, 150.00, 53, 52, 0, 8674, P0, Not Active, Not Active, Not Active
2026/07/20 00:46:32.707, 0, ${V100_GPU_0_UUID}, 00000000:01:00.0, 900, 877, 32.39, 150.00, 55, 54, 6, 8432, P0, Not Active, Not Active, Not Active
2026/07/20 00:46:32.715, 1, ${V100_GPU_1_UUID}, 00000000:02:00.0, 900, 877, 30.78, 150.00, 53, 52, 0, 8674, P0, Not Active, Not Active, Not Active
2026/07/20 00:46:32.869, 0, ${V100_GPU_0_UUID}, 00000000:01:00.0, 900, 877, 32.39, 150.00, 55, 54, 6, 8432, P0, Not Active, Not Active, Not Active
2026/07/20 00:46:32.882, 1, ${V100_GPU_1_UUID}, 00000000:02:00.0, 900, 877, 30.80, 150.00, 53, 52, 0, 8674, P0, Not Active, Not Active, Not Active
2026/07/20 00:46:33.019, 0, ${V100_GPU_0_UUID}, 00000000:01:00.0, 900, 877, 32.37, 150.00, 55, 54, 6, 8432, P0, Not Active, Not Active, Not Active
2026/07/20 00:46:33.025, 1, ${V100_GPU_1_UUID}, 00000000:02:00.0, 900, 877, 30.76, 150.00, 53, 52, 0, 8674, P0, Not Active, Not Active, Not Active
2026/07/20 00:46:33.190, 0, ${V100_GPU_0_UUID}, 00000000:01:00.0, 900, 877, 32.39, 150.00, 55, 54, 5, 8432, P0, Not Active, Not Active, Not Active
2026/07/20 00:46:33.198, 1, ${V100_GPU_1_UUID}, 00000000:02:00.0, 900, 877, 30.78, 150.00, 53, 52, 0, 8674, P0, Not Active, Not Active, Not Active
2026/07/20 00:46:33.341, 0, ${V100_GPU_0_UUID}, 00000000:01:00.0, 900, 877, 32.37, 150.00, 55, 54, 6, 8432, P0, Not Active, Not Active, Not Active
2026/07/20 00:46:33.347, 1, ${V100_GPU_1_UUID}, 00000000:02:00.0, 900, 877, 30.76, 150.00, 53, 52, 0, 8674, P0, Not Active, Not Active, Not Active
2026/07/20 00:46:33.510, 0, ${V100_GPU_0_UUID}, 00000000:01:00.0, 900, 877, 32.39, 150.00, 55, 54, 5, 8432, P0, Not Active, Not Active, Not Active
2026/07/20 00:46:33.518, 1, ${V100_GPU_1_UUID}, 00000000:02:00.0, 900, 877, 30.78, 150.00, 53, 52, 0, 8674, P0, Not Active, Not Active, Not Active
2026/07/20 00:46:33.653, 0, ${V100_GPU_0_UUID}, 00000000:01:00.0, 900, 877, 32.37, 150.00, 55, 54, 5, 8432, P0, Not Active, Not Active, Not Active
2026/07/20 00:46:33.662, 1, ${V100_GPU_1_UUID}, 00000000:02:00.0, 900, 877, 30.76, 150.00, 53, 52, 0, 8674, P0, Not Active, Not Active, Not Active
2026/07/20 00:46:33.825, 0, ${V100_GPU_0_UUID}, 00000000:01:00.0, 900, 877, 32.39, 150.00, 55, 54, 6, 8432, P0, Not Active, Not Active, Not Active
2026/07/20 00:46:33.832, 1, ${V100_GPU_1_UUID}, 00000000:02:00.0, 900, 877, 30.78, 150.00, 53, 52, 0, 8674, P0, Not Active, Not Active, Not Active
2026/07/20 00:46:33.971, 0, ${V100_GPU_0_UUID}, 00000000:01:00.0, 900, 877, 32.39, 150.00, 55, 54, 6, 8432, P0, Not Active, Not Active, Not Active
2026/07/20 00:46:33.980, 1, ${V100_GPU_1_UUID}, 00000000:02:00.0, 900, 877, 30.80, 150.00, 53, 52, 0, 8674, P0, Not Active, Not Active, Not Active
2026/07/20 00:46:34.117, 0, ${V100_GPU_0_UUID}, 00000000:01:00.0, 900, 877, 32.37, 150.00, 55, 54, 6, 8432, P0, Not Active, Not Active, Not Active
2026/07/20 00:46:34.123, 1, ${V100_GPU_1_UUID}, 00000000:02:00.0, 900, 877, 30.76, 150.00, 53, 52, 0, 8674, P0, Not Active, Not Active, Not Active
2026/07/20 00:46:34.286, 0, ${V100_GPU_0_UUID}, 00000000:01:00.0, 900, 877, 32.39, 150.00, 55, 54, 6, 8432, P0, Not Active, Not Active, Not Active
2026/07/20 00:46:34.295, 1, ${V100_GPU_1_UUID}, 00000000:02:00.0, 900, 877, 30.78, 150.00, 53, 52, 0, 8674, P0, Not Active, Not Active, Not Active
2026/07/20 00:46:34.430, 0, ${V100_GPU_0_UUID}, 00000000:01:00.0, 900, 877, 32.39, 150.00, 55, 54, 6, 8432, P0, Not Active, Not Active, Not Active
2026/07/20 00:46:34.436, 1, ${V100_GPU_1_UUID}, 00000000:02:00.0, 900, 877, 30.78, 150.00, 53, 52, 0, 8674, P0, Not Active, Not Active, Not Active
2026/07/20 00:46:34.597, 0, ${V100_GPU_0_UUID}, 00000000:01:00.0, 900, 877, 32.39, 150.00, 55, 54, 6, 8432, P0, Not Active, Not Active, Not Active
2026/07/20 00:46:34.607, 1, ${V100_GPU_1_UUID}, 00000000:02:00.0, 900, 877, 30.80, 150.00, 53, 52, 0, 8674, P0, Not Active, Not Active, Not Active
2026/07/20 00:46:34.747, 0, ${V100_GPU_0_UUID}, 00000000:01:00.0, 900, 877, 32.39, 150.00, 55, 54, 6, 8432, P0, Not Active, Not Active, Not Active
2026/07/20 00:46:34.753, 1, ${V100_GPU_1_UUID}, 00000000:02:00.0, 900, 877, 30.78, 150.00, 53, 52, 0, 8674, P0, Not Active, Not Active, Not Active
2026/07/20 00:46:34.887, 0, ${V100_GPU_0_UUID}, 00000000:01:00.0, 900, 877, 32.39, 150.00, 55, 54, 6, 8432, P0, Not Active, Not Active, Not Active
2026/07/20 00:46:34.893, 1, ${V100_GPU_1_UUID}, 00000000:02:00.0, 900, 877, 30.78, 150.00, 53, 52, 0, 8674, P0, Not Active, Not Active, Not Active
2026/07/20 00:46:35.028, 0, ${V100_GPU_0_UUID}, 00000000:01:00.0, 900, 877, 32.39, 150.00, 55, 54, 6, 8432, P0, Not Active, Not Active, Not Active
2026/07/20 00:46:35.036, 1, ${V100_GPU_1_UUID}, 00000000:02:00.0, 900, 877, 30.78, 150.00, 53, 52, 0, 8674, P0, Not Active, Not Active, Not Active
2026/07/20 00:46:35.195, 0, ${V100_GPU_0_UUID}, 00000000:01:00.0, 900, 877, 32.39, 150.00, 55, 54, 5, 8432, P0, Not Active, Not Active, Not Active
2026/07/20 00:46:35.202, 1, ${V100_GPU_1_UUID}, 00000000:02:00.0, 900, 877, 30.78, 150.00, 53, 52, 0, 8674, P0, Not Active, Not Active, Not Active
2026/07/20 00:46:35.361, 0, ${V100_GPU_0_UUID}, 00000000:01:00.0, 900, 877, 32.39, 150.00, 55, 54, 6, 8432, P0, Not Active, Not Active, Not Active
2026/07/20 00:46:35.369, 1, ${V100_GPU_1_UUID}, 00000000:02:00.0, 900, 877, 30.78, 150.00, 53, 52, 0, 8674, P0, Not Active, Not Active, Not Active
2026/07/20 00:46:35.509, 0, ${V100_GPU_0_UUID}, 00000000:01:00.0, 900, 877, 32.39, 150.00, 55, 54, 6, 8432, P0, Not Active, Not Active, Not Active
2026/07/20 00:46:35.514, 1, ${V100_GPU_1_UUID}, 00000000:02:00.0, 900, 877, 30.76, 150.00, 53, 52, 0, 8674, P0, Not Active, Not Active, Not Active
2026/07/20 00:46:35.679, 0, ${V100_GPU_0_UUID}, 00000000:01:00.0, 900, 877, 32.39, 150.00, 55, 54, 5, 8432, P0, Not Active, Not Active, Not Active
2026/07/20 00:46:35.685, 1, ${V100_GPU_1_UUID}, 00000000:02:00.0, 900, 877, 30.78, 150.00, 53, 52, 0, 8674, P0, Not Active, Not Active, Not Active
2026/07/20 00:46:35.818, 0, ${V100_GPU_0_UUID}, 00000000:01:00.0, 900, 877, 32.39, 150.00, 55, 54, 5, 8432, P0, Not Active, Not Active, Not Active
2026/07/20 00:46:35.824, 1, ${V100_GPU_1_UUID}, 00000000:02:00.0, 900, 877, 30.78, 150.00, 53, 52, 0, 8674, P0, Not Active, Not Active, Not Active
2026/07/20 00:46:35.986, 0, ${V100_GPU_0_UUID}, 00000000:01:00.0, 900, 877, 32.39, 150.00, 55, 54, 6, 8432, P0, Not Active, Not Active, Not Active
2026/07/20 00:46:35.994, 1, ${V100_GPU_1_UUID}, 00000000:02:00.0, 900, 877, 30.78, 150.00, 53, 52, 0, 8674, P0, Not Active, Not Active, Not Active
2026/07/20 00:46:36.129, 0, ${V100_GPU_0_UUID}, 00000000:01:00.0, 900, 877, 32.37, 150.00, 55, 54, 9, 8432, P0, Not Active, Not Active, Not Active
2026/07/20 00:46:36.135, 1, ${V100_GPU_1_UUID}, 00000000:02:00.0, 900, 877, 30.76, 150.00, 53, 52, 0, 8674, P0, Not Active, Not Active, Not Active
2026/07/20 00:46:36.267, 0, ${V100_GPU_0_UUID}, 00000000:01:00.0, 900, 877, 32.37, 150.00, 55, 54, 6, 8432, P0, Not Active, Not Active, Not Active
2026/07/20 00:46:36.273, 1, ${V100_GPU_1_UUID}, 00000000:02:00.0, 900, 877, 30.76, 150.00, 53, 52, 0, 8674, P0, Not Active, Not Active, Not Active
2026/07/20 00:46:36.408, 0, ${V100_GPU_0_UUID}, 00000000:01:00.0, 900, 877, 32.37, 150.00, 55, 54, 6, 8432, P0, Not Active, Not Active, Not Active
2026/07/20 00:46:36.414, 1, ${V100_GPU_1_UUID}, 00000000:02:00.0, 900, 877, 30.76, 150.00, 53, 52, 0, 8674, P0, Not Active, Not Active, Not Active
2026/07/20 00:46:36.558, 0, ${V100_GPU_0_UUID}, 00000000:01:00.0, 900, 877, 32.37, 150.00, 55, 54, 6, 8432, P0, Not Active, Not Active, Not Active
2026/07/20 00:46:36.565, 1, ${V100_GPU_1_UUID}, 00000000:02:00.0, 900, 877, 30.76, 150.00, 53, 52, 0, 8674, P0, Not Active, Not Active, Not Active
2026/07/20 00:46:36.726, 0, ${V100_GPU_0_UUID}, 00000000:01:00.0, 900, 877, 32.39, 150.00, 55, 54, 6, 8432, P0, Not Active, Not Active, Not Active
2026/07/20 00:46:36.734, 1, ${V100_GPU_1_UUID}, 00000000:02:00.0, 900, 877, 30.78, 150.00, 53, 52, 0, 8674, P0, Not Active, Not Active, Not Active
2026/07/20 00:46:36.868, 0, ${V100_GPU_0_UUID}, 00000000:01:00.0, 900, 877, 32.39, 150.00, 55, 54, 6, 8432, P0, Not Active, Not Active, Not Active
2026/07/20 00:46:36.874, 1, ${V100_GPU_1_UUID}, 00000000:02:00.0, 900, 877, 30.78, 150.00, 53, 52, 0, 8674, P0, Not Active, Not Active, Not Active
2026/07/20 00:46:37.007, 0, ${V100_GPU_0_UUID}, 00000000:01:00.0, 900, 877, 32.37, 150.00, 55, 54, 6, 8432, P0, Not Active, Not Active, Not Active
2026/07/20 00:46:37.013, 1, ${V100_GPU_1_UUID}, 00000000:02:00.0, 900, 877, 30.76, 150.00, 53, 52, 0, 8674, P0, Not Active, Not Active, Not Active
2026/07/20 00:46:37.147, 0, ${V100_GPU_0_UUID}, 00000000:01:00.0, 900, 877, 32.39, 150.00, 55, 54, 6, 8432, P0, Not Active, Not Active, Not Active
2026/07/20 00:46:37.154, 1, ${V100_GPU_1_UUID}, 00000000:02:00.0, 900, 877, 30.80, 150.00, 53, 52, 0, 8674, P0, Not Active, Not Active, Not Active
2026/07/20 00:46:37.301, 0, ${V100_GPU_0_UUID}, 00000000:01:00.0, 900, 877, 32.37, 150.00, 55, 54, 10, 8432, P0, Not Active, Not Active, Not Active
2026/07/20 00:46:37.309, 1, ${V100_GPU_1_UUID}, 00000000:02:00.0, 900, 877, 30.76, 150.00, 53, 52, 0, 8674, P0, Not Active, Not Active, Not Active
2026/07/20 00:46:37.459, 0, ${V100_GPU_0_UUID}, 00000000:01:00.0, 900, 877, 32.39, 150.00, 55, 54, 6, 8432, P0, Not Active, Not Active, Not Active
2026/07/20 00:46:37.472, 1, ${V100_GPU_1_UUID}, 00000000:02:00.0, 900, 877, 30.78, 150.00, 53, 52, 0, 8674, P0, Not Active, Not Active, Not Active
2026/07/20 00:46:37.612, 0, ${V100_GPU_0_UUID}, 00000000:01:00.0, 900, 877, 32.37, 150.00, 55, 53, 7, 8432, P0, Not Active, Not Active, Not Active
2026/07/20 00:46:37.618, 1, ${V100_GPU_1_UUID}, 00000000:02:00.0, 900, 877, 30.76, 150.00, 53, 52, 0, 8674, P0, Not Active, Not Active, Not Active
2026/07/20 00:46:37.775, 0, ${V100_GPU_0_UUID}, 00000000:01:00.0, 900, 877, 32.39, 150.00, 55, 54, 7, 8432, P0, Not Active, Not Active, Not Active
2026/07/20 00:46:37.781, 1, ${V100_GPU_1_UUID}, 00000000:02:00.0, 900, 877, 30.78, 150.00, 53, 52, 0, 8674, P0, Not Active, Not Active, Not Active
2026/07/20 00:46:37.915, 0, ${V100_GPU_0_UUID}, 00000000:01:00.0, 900, 877, 32.39, 150.00, 55, 54, 8, 8432, P0, Not Active, Not Active, Not Active
2026/07/20 00:46:37.920, 1, ${V100_GPU_1_UUID}, 00000000:02:00.0, 900, 877, 30.78, 150.00, 53, 52, 0, 8674, P0, Not Active, Not Active, Not Active
2026/07/20 00:46:38.086, 0, ${V100_GPU_0_UUID}, 00000000:01:00.0, 900, 877, 32.39, 150.00, 55, 54, 8, 8432, P0, Not Active, Not Active, Not Active
2026/07/20 00:46:38.093, 1, ${V100_GPU_1_UUID}, 00000000:02:00.0, 900, 877, 30.78, 150.00, 53, 52, 0, 8674, P0, Not Active, Not Active, Not Active
2026/07/20 00:46:38.228, 0, ${V100_GPU_0_UUID}, 00000000:01:00.0, 900, 877, 32.37, 150.00, 55, 54, 8, 8432, P0, Not Active, Not Active, Not Active
2026/07/20 00:46:38.234, 1, ${V100_GPU_1_UUID}, 00000000:02:00.0, 900, 877, 30.78, 150.00, 53, 52, 0, 8674, P0, Not Active, Not Active, Not Active
2026/07/20 00:46:38.398, 0, ${V100_GPU_0_UUID}, 00000000:01:00.0, 900, 877, 32.39, 150.00, 55, 54, 7, 8432, P0, Not Active, Not Active, Not Active
2026/07/20 00:46:38.405, 1, ${V100_GPU_1_UUID}, 00000000:02:00.0, 900, 877, 30.78, 150.00, 53, 52, 0, 8674, P0, Not Active, Not Active, Not Active
2026/07/20 00:46:38.538, 0, ${V100_GPU_0_UUID}, 00000000:01:00.0, 900, 877, 32.37, 150.00, 55, 54, 7, 8432, P0, Not Active, Not Active, Not Active
2026/07/20 00:46:38.544, 1, ${V100_GPU_1_UUID}, 00000000:02:00.0, 900, 877, 30.76, 150.00, 53, 52, 0, 8674, P0, Not Active, Not Active, Not Active
2026/07/20 00:46:38.701, 0, ${V100_GPU_0_UUID}, 00000000:01:00.0, 900, 877, 32.39, 150.00, 55, 54, 6, 8432, P0, Not Active, Not Active, Not Active
2026/07/20 00:46:38.707, 1, ${V100_GPU_1_UUID}, 00000000:02:00.0, 900, 877, 30.78, 150.00, 53, 52, 0, 8674, P0, Not Active, Not Active, Not Active
2026/07/20 00:46:38.851, 0, ${V100_GPU_0_UUID}, 00000000:01:00.0, 900, 877, 32.39, 150.00, 55, 54, 6, 8432, P0, Not Active, Not Active, Not Active
2026/07/20 00:46:38.856, 1, ${V100_GPU_1_UUID}, 00000000:02:00.0, 900, 877, 30.78, 150.00, 53, 52, 0, 8674, P0, Not Active, Not Active, Not Active
2026/07/20 00:46:38.989, 0, ${V100_GPU_0_UUID}, 00000000:01:00.0, 900, 877, 32.37, 150.00, 55, 54, 8, 8432, P0, Not Active, Not Active, Not Active
2026/07/20 00:46:38.995, 1, ${V100_GPU_1_UUID}, 00000000:02:00.0, 900, 877, 30.76, 150.00, 53, 51, 0, 8674, P0, Not Active, Not Active, Not Active
2026/07/20 00:46:39.127, 0, ${V100_GPU_0_UUID}, 00000000:01:00.0, 900, 877, 32.37, 150.00, 55, 54, 7, 8432, P0, Not Active, Not Active, Not Active
2026/07/20 00:46:39.133, 1, ${V100_GPU_1_UUID}, 00000000:02:00.0, 900, 877, 30.78, 150.00, 53, 52, 0, 8674, P0, Not Active, Not Active, Not Active
2026/07/20 00:46:39.286, 0, ${V100_GPU_0_UUID}, 00000000:01:00.0, 900, 877, 32.39, 150.00, 55, 54, 11, 8432, P0, Not Active, Not Active, Not Active
2026/07/20 00:46:39.295, 1, ${V100_GPU_1_UUID}, 00000000:02:00.0, 900, 877, 30.78, 150.00, 53, 52, 0, 8674, P0, Not Active, Not Active, Not Active
2026/07/20 00:46:39.435, 0, ${V100_GPU_0_UUID}, 00000000:01:00.0, 900, 877, 32.37, 150.00, 55, 54, 10, 8432, P0, Not Active, Not Active, Not Active
2026/07/20 00:46:39.440, 1, ${V100_GPU_1_UUID}, 00000000:02:00.0, 900, 877, 30.78, 150.00, 53, 52, 0, 8674, P0, Not Active, Not Active, Not Active
2026/07/20 00:46:39.577, 0, ${V100_GPU_0_UUID}, 00000000:01:00.0, 900, 877, 32.37, 150.00, 55, 54, 5, 8432, P0, Not Active, Not Active, Not Active
2026/07/20 00:46:39.585, 1, ${V100_GPU_1_UUID}, 00000000:02:00.0, 900, 877, 30.76, 150.00, 53, 52, 0, 8674, P0, Not Active, Not Active, Not Active
2026/07/20 00:46:39.721, 0, ${V100_GPU_0_UUID}, 00000000:01:00.0, 900, 877, 32.39, 150.00, 55, 54, 6, 8432, P0, Not Active, Not Active, Not Active
2026/07/20 00:46:39.728, 1, ${V100_GPU_1_UUID}, 00000000:02:00.0, 900, 877, 30.78, 150.00, 53, 51, 0, 8674, P0, Not Active, Not Active, Not Active
2026/07/20 00:46:39.864, 0, ${V100_GPU_0_UUID}, 00000000:01:00.0, 900, 877, 32.37, 150.00, 55, 54, 6, 8432, P0, Not Active, Not Active, Not Active
2026/07/20 00:46:39.870, 1, ${V100_GPU_1_UUID}, 00000000:02:00.0, 900, 877, 30.76, 150.00, 53, 52, 0, 8674, P0, Not Active, Not Active, Not Active
2026/07/20 00:46:40.011, 0, ${V100_GPU_0_UUID}, 00000000:01:00.0, 900, 877, 32.39, 150.00, 55, 54, 6, 8432, P0, Not Active, Not Active, Not Active
2026/07/20 00:46:40.016, 1, ${V100_GPU_1_UUID}, 00000000:02:00.0, 900, 877, 30.78, 150.00, 53, 52, 0, 8674, P0, Not Active, Not Active, Not Active
2026/07/20 00:46:40.149, 0, ${V100_GPU_0_UUID}, 00000000:01:00.0, 900, 877, 32.37, 150.00, 55, 54, 6, 8432, P0, Not Active, Not Active, Not Active
2026/07/20 00:46:40.155, 1, ${V100_GPU_1_UUID}, 00000000:02:00.0, 900, 877, 30.76, 150.00, 53, 52, 0, 8674, P0, Not Active, Not Active, Not Active
2026/07/20 00:46:40.320, 0, ${V100_GPU_0_UUID}, 00000000:01:00.0, 900, 877, 32.39, 150.00, 55, 54, 6, 8432, P0, Not Active, Not Active, Not Active
2026/07/20 00:46:40.327, 1, ${V100_GPU_1_UUID}, 00000000:02:00.0, 900, 877, 30.78, 150.00, 53, 52, 0, 8674, P0, Not Active, Not Active, Not Active
2026/07/20 00:46:40.468, 0, ${V100_GPU_0_UUID}, 00000000:01:00.0, 900, 877, 32.37, 150.00, 55, 54, 6, 8432, P0, Not Active, Not Active, Not Active
2026/07/20 00:46:40.473, 1, ${V100_GPU_1_UUID}, 00000000:02:00.0, 900, 877, 30.76, 150.00, 53, 52, 0, 8674, P0, Not Active, Not Active, Not Active
2026/07/20 00:46:40.607, 0, ${V100_GPU_0_UUID}, 00000000:01:00.0, 900, 877, 32.35, 150.00, 55, 54, 6, 8432, P0, Not Active, Not Active, Not Active
2026/07/20 00:46:40.613, 1, ${V100_GPU_1_UUID}, 00000000:02:00.0, 900, 877, 30.76, 150.00, 53, 52, 0, 8674, P0, Not Active, Not Active, Not Active
2026/07/20 00:46:40.746, 0, ${V100_GPU_0_UUID}, 00000000:01:00.0, 900, 877, 32.39, 150.00, 55, 54, 4, 8432, P0, Not Active, Not Active, Not Active
2026/07/20 00:46:40.752, 1, ${V100_GPU_1_UUID}, 00000000:02:00.0, 900, 877, 30.78, 150.00, 53, 52, 0, 8674, P0, Not Active, Not Active, Not Active
2026/07/20 00:46:40.898, 0, ${V100_GPU_0_UUID}, 00000000:01:00.0, 900, 877, 32.37, 150.00, 55, 54, 4, 8432, P0, Not Active, Not Active, Not Active
2026/07/20 00:46:40.905, 1, ${V100_GPU_1_UUID}, 00000000:02:00.0, 900, 877, 30.78, 150.00, 53, 52, 0, 8674, P0, Not Active, Not Active, Not Active
2026/07/20 00:46:41.041, 0, ${V100_GPU_0_UUID}, 00000000:01:00.0, 900, 877, 32.37, 150.00, 55, 54, 1, 8432, P0, Not Active, Not Active, Not Active
2026/07/20 00:46:41.046, 1, ${V100_GPU_1_UUID}, 00000000:02:00.0, 900, 877, 30.78, 150.00, 53, 52, 0, 8674, P0, Not Active, Not Active, Not Active
2026/07/20 00:46:41.181, 0, ${V100_GPU_0_UUID}, 00000000:01:00.0, 900, 877, 32.37, 150.00, 55, 53, 1, 8432, P0, Not Active, Not Active, Not Active
2026/07/20 00:46:41.189, 1, ${V100_GPU_1_UUID}, 00000000:02:00.0, 900, 877, 30.76, 150.00, 53, 52, 0, 8674, P0, Not Active, Not Active, Not Active
2026/07/20 00:46:41.345, 0, ${V100_GPU_0_UUID}, 00000000:01:00.0, 900, 877, 32.37, 150.00, 55, 54, 0, 8432, P0, Not Active, Not Active, Not Active
2026/07/20 00:46:41.351, 1, ${V100_GPU_1_UUID}, 00000000:02:00.0, 900, 877, 30.78, 150.00, 53, 52, 0, 8674, P0, Not Active, Not Active, Not Active
2026/07/20 00:46:41.487, 0, ${V100_GPU_0_UUID}, 00000000:01:00.0, 900, 877, 32.37, 150.00, 55, 54, 1, 8432, P0, Not Active, Not Active, Not Active
2026/07/20 00:46:41.494, 1, ${V100_GPU_1_UUID}, 00000000:02:00.0, 900, 877, 30.76, 150.00, 53, 52, 0, 8674, P0, Not Active, Not Active, Not Active
2026/07/20 00:46:41.631, 0, ${V100_GPU_0_UUID}, 00000000:01:00.0, 900, 877, 32.37, 150.00, 55, 54, 1, 8432, P0, Not Active, Not Active, Not Active
2026/07/20 00:46:41.637, 1, ${V100_GPU_1_UUID}, 00000000:02:00.0, 900, 877, 30.76, 150.00, 53, 52, 0, 8674, P0, Not Active, Not Active, Not Active
2026/07/20 00:46:41.793, 0, ${V100_GPU_0_UUID}, 00000000:01:00.0, 900, 877, 32.39, 150.00, 55, 54, 1, 8432, P0, Not Active, Not Active, Not Active
2026/07/20 00:46:41.801, 1, ${V100_GPU_1_UUID}, 00000000:02:00.0, 900, 877, 30.78, 150.00, 53, 52, 0, 8674, P0, Not Active, Not Active, Not Active
2026/07/20 00:46:41.935, 0, ${V100_GPU_0_UUID}, 00000000:01:00.0, 900, 877, 32.39, 150.00, 55, 54, 0, 8432, P0, Not Active, Not Active, Not Active
2026/07/20 00:46:41.942, 1, ${V100_GPU_1_UUID}, 00000000:02:00.0, 900, 877, 30.78, 150.00, 53, 52, 0, 8674, P0, Not Active, Not Active, Not Active
2026/07/20 00:46:42.107, 0, ${V100_GPU_0_UUID}, 00000000:01:00.0, 900, 877, 32.41, 150.00, 55, 54, 0, 8432, P0, Not Active, Not Active, Not Active
2026/07/20 00:46:42.114, 1, ${V100_GPU_1_UUID}, 00000000:02:00.0, 900, 877, 30.78, 150.00, 53, 52, 0, 8674, P0, Not Active, Not Active, Not Active
2026/07/20 00:46:42.250, 0, ${V100_GPU_0_UUID}, 00000000:01:00.0, 900, 877, 32.39, 150.00, 55, 54, 0, 8432, P0, Not Active, Not Active, Not Active
2026/07/20 00:46:42.256, 1, ${V100_GPU_1_UUID}, 00000000:02:00.0, 900, 877, 30.78, 150.00, 53, 52, 0, 8674, P0, Not Active, Not Active, Not Active
2026/07/20 00:46:42.411, 0, ${V100_GPU_0_UUID}, 00000000:01:00.0, 900, 877, 32.37, 150.00, 55, 54, 1, 8432, P0, Not Active, Not Active, Not Active
2026/07/20 00:46:42.417, 1, ${V100_GPU_1_UUID}, 00000000:02:00.0, 900, 877, 30.76, 150.00, 53, 52, 0, 8674, P0, Not Active, Not Active, Not Active
2026/07/20 00:46:42.564, 0, ${V100_GPU_0_UUID}, 00000000:01:00.0, 900, 877, 32.39, 150.00, 55, 54, 5, 8432, P0, Not Active, Not Active, Not Active
2026/07/20 00:46:42.573, 1, ${V100_GPU_1_UUID}, 00000000:02:00.0, 900, 877, 30.80, 150.00, 53, 52, 0, 8674, P0, Not Active, Not Active, Not Active
2026/07/20 00:46:42.710, 0, ${V100_GPU_0_UUID}, 00000000:01:00.0, 900, 877, 32.37, 150.00, 55, 54, 5, 8432, P0, Not Active, Not Active, Not Active
2026/07/20 00:46:42.716, 1, ${V100_GPU_1_UUID}, 00000000:02:00.0, 900, 877, 30.76, 150.00, 53, 52, 0, 8674, P0, Not Active, Not Active, Not Active
2026/07/20 00:46:42.851, 0, ${V100_GPU_0_UUID}, 00000000:01:00.0, 900, 877, 32.37, 150.00, 55, 54, 5, 8432, P0, Not Active, Not Active, Not Active
2026/07/20 00:46:42.857, 1, ${V100_GPU_1_UUID}, 00000000:02:00.0, 900, 877, 30.76, 150.00, 53, 52, 0, 8674, P0, Not Active, Not Active, Not Active
2026/07/20 00:46:42.993, 0, ${V100_GPU_0_UUID}, 00000000:01:00.0, 900, 877, 32.37, 150.00, 55, 54, 4, 8432, P0, Not Active, Not Active, Not Active
2026/07/20 00:46:43.000, 1, ${V100_GPU_1_UUID}, 00000000:02:00.0, 900, 877, 30.78, 150.00, 53, 52, 0, 8674, P0, Not Active, Not Active, Not Active
2026/07/20 00:46:43.136, 0, ${V100_GPU_0_UUID}, 00000000:01:00.0, 900, 877, 32.39, 150.00, 55, 54, 3, 8432, P0, Not Active, Not Active, Not Active
2026/07/20 00:46:43.145, 1, ${V100_GPU_1_UUID}, 00000000:02:00.0, 900, 877, 30.78, 150.00, 53, 52, 0, 8674, P0, Not Active, Not Active, Not Active
2026/07/20 00:46:43.285, 0, ${V100_GPU_0_UUID}, 00000000:01:00.0, 900, 877, 32.39, 150.00, 55, 54, 4, 8432, P0, Not Active, Not Active, Not Active
2026/07/20 00:46:43.291, 1, ${V100_GPU_1_UUID}, 00000000:02:00.0, 900, 877, 30.78, 150.00, 53, 52, 0, 8674, P0, Not Active, Not Active, Not Active
2026/07/20 00:46:43.453, 0, ${V100_GPU_0_UUID}, 00000000:01:00.0, 900, 877, 32.39, 150.00, 55, 54, 2, 8432, P0, Not Active, Not Active, Not Active
2026/07/20 00:46:43.460, 1, ${V100_GPU_1_UUID}, 00000000:02:00.0, 900, 877, 30.78, 150.00, 53, 52, 0, 8674, P0, Not Active, Not Active, Not Active
2026/07/20 00:46:43.609, 0, ${V100_GPU_0_UUID}, 00000000:01:00.0, 900, 877, 32.39, 150.00, 55, 54, 4, 8432, P0, Not Active, Not Active, Not Active
2026/07/20 00:46:43.620, 1, ${V100_GPU_1_UUID}, 00000000:02:00.0, 900, 877, 30.78, 150.00, 53, 52, 0, 8674, P0, Not Active, Not Active, Not Active
2026/07/20 00:46:43.787, 0, ${V100_GPU_0_UUID}, 00000000:01:00.0, 900, 877, 32.37, 150.00, 55, 54, 5, 8432, P0, Not Active, Not Active, Not Active
2026/07/20 00:46:43.795, 1, ${V100_GPU_1_UUID}, 00000000:02:00.0, 900, 877, 30.78, 150.00, 53, 52, 0, 8674, P0, Not Active, Not Active, Not Active
2026/07/20 00:46:43.930, 0, ${V100_GPU_0_UUID}, 00000000:01:00.0, 900, 877, 32.37, 150.00, 55, 54, 5, 8432, P0, Not Active, Not Active, Not Active
2026/07/20 00:46:43.936, 1, ${V100_GPU_1_UUID}, 00000000:02:00.0, 900, 877, 30.76, 150.00, 53, 52, 0, 8674, P0, Not Active, Not Active, Not Active
2026/07/20 00:46:44.069, 0, ${V100_GPU_0_UUID}, 00000000:01:00.0, 900, 877, 32.37, 150.00, 55, 54, 7, 8432, P0, Not Active, Not Active, Not Active
2026/07/20 00:46:44.075, 1, ${V100_GPU_1_UUID}, 00000000:02:00.0, 900, 877, 30.78, 150.00, 53, 52, 0, 8674, P0, Not Active, Not Active, Not Active
2026/07/20 00:46:44.207, 0, ${V100_GPU_0_UUID}, 00000000:01:00.0, 900, 877, 32.37, 150.00, 55, 54, 7, 8432, P0, Not Active, Not Active, Not Active
2026/07/20 00:46:44.213, 1, ${V100_GPU_1_UUID}, 00000000:02:00.0, 900, 877, 30.76, 150.00, 53, 52, 0, 8674, P0, Not Active, Not Active, Not Active
2026/07/20 00:46:44.346, 0, ${V100_GPU_0_UUID}, 00000000:01:00.0, 900, 877, 32.37, 150.00, 55, 54, 5, 8432, P0, Not Active, Not Active, Not Active
2026/07/20 00:46:44.352, 1, ${V100_GPU_1_UUID}, 00000000:02:00.0, 900, 877, 30.78, 150.00, 53, 52, 0, 8674, P0, Not Active, Not Active, Not Active
2026/07/20 00:46:44.484, 0, ${V100_GPU_0_UUID}, 00000000:01:00.0, 900, 877, 32.37, 150.00, 55, 54, 6, 8432, P0, Not Active, Not Active, Not Active
2026/07/20 00:46:44.490, 1, ${V100_GPU_1_UUID}, 00000000:02:00.0, 900, 877, 30.78, 150.00, 53, 52, 0, 8674, P0, Not Active, Not Active, Not Active
2026/07/20 00:46:44.623, 0, ${V100_GPU_0_UUID}, 00000000:01:00.0, 900, 877, 32.37, 150.00, 55, 54, 6, 8432, P0, Not Active, Not Active, Not Active
2026/07/20 00:46:44.628, 1, ${V100_GPU_1_UUID}, 00000000:02:00.0, 900, 877, 30.76, 150.00, 53, 52, 0, 8674, P0, Not Active, Not Active, Not Active
2026/07/20 00:46:44.761, 0, ${V100_GPU_0_UUID}, 00000000:01:00.0, 900, 877, 32.37, 150.00, 55, 54, 6, 8432, P0, Not Active, Not Active, Not Active
2026/07/20 00:46:44.767, 1, ${V100_GPU_1_UUID}, 00000000:02:00.0, 900, 877, 30.78, 150.00, 53, 52, 0, 8674, P0, Not Active, Not Active, Not Active
2026/07/20 00:46:44.900, 0, ${V100_GPU_0_UUID}, 00000000:01:00.0, 900, 877, 32.37, 150.00, 55, 54, 5, 8432, P0, Not Active, Not Active, Not Active
2026/07/20 00:46:44.906, 1, ${V100_GPU_1_UUID}, 00000000:02:00.0, 900, 877, 30.76, 150.00, 53, 52, 0, 8674, P0, Not Active, Not Active, Not Active
2026/07/20 00:46:45.039, 0, ${V100_GPU_0_UUID}, 00000000:01:00.0, 900, 877, 32.37, 150.00, 55, 54, 5, 8432, P0, Not Active, Not Active, Not Active
2026/07/20 00:46:45.044, 1, ${V100_GPU_1_UUID}, 00000000:02:00.0, 900, 877, 30.76, 150.00, 53, 52, 0, 8674, P0, Not Active, Not Active, Not Active
2026/07/20 00:46:45.177, 0, ${V100_GPU_0_UUID}, 00000000:01:00.0, 900, 877, 32.37, 150.00, 55, 54, 6, 8432, P0, Not Active, Not Active, Not Active
2026/07/20 00:46:45.183, 1, ${V100_GPU_1_UUID}, 00000000:02:00.0, 900, 877, 30.76, 150.00, 53, 52, 0, 8674, P0, Not Active, Not Active, Not Active
2026/07/20 00:46:45.327, 0, ${V100_GPU_0_UUID}, 00000000:01:00.0, 900, 877, 32.39, 150.00, 55, 54, 6, 8432, P0, Not Active, Not Active, Not Active
2026/07/20 00:46:45.336, 1, ${V100_GPU_1_UUID}, 00000000:02:00.0, 900, 877, 30.78, 150.00, 53, 52, 0, 8674, P0, Not Active, Not Active, Not Active
2026/07/20 00:46:45.472, 0, ${V100_GPU_0_UUID}, 00000000:01:00.0, 900, 877, 32.39, 150.00, 55, 54, 5, 8432, P0, Not Active, Not Active, Not Active
2026/07/20 00:46:45.478, 1, ${V100_GPU_1_UUID}, 00000000:02:00.0, 900, 877, 30.80, 150.00, 53, 52, 0, 8674, P0, Not Active, Not Active, Not Active
2026/07/20 00:46:45.628, 0, ${V100_GPU_0_UUID}, 00000000:01:00.0, 900, 877, 32.39, 150.00, 55, 54, 6, 8432, P0, Not Active, Not Active, Not Active
2026/07/20 00:46:45.639, 1, ${V100_GPU_1_UUID}, 00000000:02:00.0, 900, 877, 30.78, 150.00, 53, 52, 0, 8674, P0, Not Active, Not Active, Not Active
2026/07/20 00:46:45.805, 0, ${V100_GPU_0_UUID}, 00000000:01:00.0, 900, 877, 32.39, 150.00, 55, 53, 6, 8432, P0, Not Active, Not Active, Not Active
2026/07/20 00:46:45.812, 1, ${V100_GPU_1_UUID}, 00000000:02:00.0, 900, 877, 30.78, 150.00, 53, 52, 0, 8674, P0, Not Active, Not Active, Not Active
2026/07/20 00:46:45.975, 0, ${V100_GPU_0_UUID}, 00000000:01:00.0, 900, 877, 32.39, 150.00, 55, 54, 5, 8432, P0, Not Active, Not Active, Not Active
2026/07/20 00:46:45.982, 1, ${V100_GPU_1_UUID}, 00000000:02:00.0, 900, 877, 30.78, 150.00, 53, 52, 0, 8674, P0, Not Active, Not Active, Not Active
2026/07/20 00:46:46.141, 0, ${V100_GPU_0_UUID}, 00000000:01:00.0, 900, 877, 32.39, 150.00, 55, 54, 5, 8432, P0, Not Active, Not Active, Not Active
2026/07/20 00:46:46.148, 1, ${V100_GPU_1_UUID}, 00000000:02:00.0, 900, 877, 30.78, 150.00, 53, 52, 0, 8674, P0, Not Active, Not Active, Not Active
2026/07/20 00:46:46.309, 0, ${V100_GPU_0_UUID}, 00000000:01:00.0, 900, 877, 32.39, 150.00, 55, 54, 6, 8432, P0, Not Active, Not Active, Not Active
2026/07/20 00:46:46.317, 1, ${V100_GPU_1_UUID}, 00000000:02:00.0, 900, 877, 30.78, 150.00, 53, 52, 0, 8674, P0, Not Active, Not Active, Not Active
2026/07/20 00:46:46.479, 0, ${V100_GPU_0_UUID}, 00000000:01:00.0, 900, 877, 32.39, 150.00, 55, 54, 5, 8432, P0, Not Active, Not Active, Not Active
2026/07/20 00:46:46.486, 1, ${V100_GPU_1_UUID}, 00000000:02:00.0, 900, 877, 30.78, 150.00, 53, 52, 0, 8674, P0, Not Active, Not Active, Not Active
2026/07/20 00:46:46.647, 0, ${V100_GPU_0_UUID}, 00000000:01:00.0, 900, 877, 32.39, 150.00, 55, 54, 8, 8432, P0, Not Active, Not Active, Not Active
2026/07/20 00:46:46.654, 1, ${V100_GPU_1_UUID}, 00000000:02:00.0, 900, 877, 30.78, 150.00, 53, 52, 0, 8674, P0, Not Active, Not Active, Not Active
2026/07/20 00:46:46.817, 0, ${V100_GPU_0_UUID}, 00000000:01:00.0, 900, 877, 32.39, 150.00, 55, 54, 7, 8432, P0, Not Active, Not Active, Not Active
2026/07/20 00:46:46.825, 1, ${V100_GPU_1_UUID}, 00000000:02:00.0, 900, 877, 30.78, 150.00, 53, 52, 0, 8674, P0, Not Active, Not Active, Not Active
2026/07/20 00:46:46.987, 0, ${V100_GPU_0_UUID}, 00000000:01:00.0, 900, 877, 32.39, 150.00, 55, 54, 8, 8432, P0, Not Active, Not Active, Not Active
2026/07/20 00:46:46.994, 1, ${V100_GPU_1_UUID}, 00000000:02:00.0, 900, 877, 30.78, 150.00, 53, 52, 0, 8674, P0, Not Active, Not Active, Not Active
2026/07/20 00:46:47.156, 0, ${V100_GPU_0_UUID}, 00000000:01:00.0, 900, 877, 32.39, 150.00, 55, 54, 6, 8432, P0, Not Active, Not Active, Not Active
2026/07/20 00:46:47.163, 1, ${V100_GPU_1_UUID}, 00000000:02:00.0, 900, 877, 30.78, 150.00, 53, 52, 0, 8674, P0, Not Active, Not Active, Not Active
2026/07/20 00:46:47.322, 0, ${V100_GPU_0_UUID}, 00000000:01:00.0, 900, 877, 32.39, 150.00, 55, 54, 6, 8432, P0, Not Active, Not Active, Not Active
2026/07/20 00:46:47.328, 1, ${V100_GPU_1_UUID}, 00000000:02:00.0, 900, 877, 30.78, 150.00, 53, 52, 0, 8674, P0, Not Active, Not Active, Not Active
2026/07/20 00:46:47.493, 0, ${V100_GPU_0_UUID}, 00000000:01:00.0, 900, 877, 32.39, 150.00, 55, 54, 5, 8432, P0, Not Active, Not Active, Not Active
2026/07/20 00:46:47.506, 1, ${V100_GPU_1_UUID}, 00000000:02:00.0, 900, 877, 30.78, 150.00, 53, 52, 0, 8674, P0, Not Active, Not Active, Not Active
2026/07/20 00:46:47.659, 0, ${V100_GPU_0_UUID}, 00000000:01:00.0, 900, 877, 32.39, 150.00, 55, 54, 5, 8432, P0, Not Active, Not Active, Not Active
2026/07/20 00:46:47.671, 1, ${V100_GPU_1_UUID}, 00000000:02:00.0, 900, 877, 30.78, 150.00, 53, 52, 0, 8674, P0, Not Active, Not Active, Not Active
2026/07/20 00:46:47.835, 0, ${V100_GPU_0_UUID}, 00000000:01:00.0, 900, 877, 32.39, 150.00, 55, 54, 6, 8432, P0, Not Active, Not Active, Not Active
2026/07/20 00:46:47.850, 1, ${V100_GPU_1_UUID}, 00000000:02:00.0, 900, 877, 30.78, 150.00, 53, 52, 0, 8674, P0, Not Active, Not Active, Not Active
2026/07/20 00:46:48.012, 0, ${V100_GPU_0_UUID}, 00000000:01:00.0, 900, 877, 32.39, 150.00, 55, 54, 5, 8432, P0, Not Active, Not Active, Not Active
2026/07/20 00:46:48.019, 1, ${V100_GPU_1_UUID}, 00000000:02:00.0, 900, 877, 30.78, 150.00, 53, 52, 0, 8674, P0, Not Active, Not Active, Not Active
2026/07/20 00:46:48.177, 0, ${V100_GPU_0_UUID}, 00000000:01:00.0, 900, 877, 32.39, 150.00, 55, 54, 5, 8432, P0, Not Active, Not Active, Not Active
2026/07/20 00:46:48.183, 1, ${V100_GPU_1_UUID}, 00000000:02:00.0, 900, 877, 30.78, 150.00, 53, 52, 0, 8674, P0, Not Active, Not Active, Not Active
2026/07/20 00:46:48.340, 0, ${V100_GPU_0_UUID}, 00000000:01:00.0, 900, 877, 32.39, 150.00, 55, 54, 8, 8432, P0, Not Active, Not Active, Not Active
2026/07/20 00:46:48.348, 1, ${V100_GPU_1_UUID}, 00000000:02:00.0, 900, 877, 30.78, 150.00, 53, 52, 0, 8674, P0, Not Active, Not Active, Not Active
2026/07/20 00:46:48.507, 0, ${V100_GPU_0_UUID}, 00000000:01:00.0, 900, 877, 32.39, 150.00, 55, 54, 8, 8432, P0, Not Active, Not Active, Not Active
2026/07/20 00:46:48.514, 1, ${V100_GPU_1_UUID}, 00000000:02:00.0, 900, 877, 30.78, 150.00, 53, 52, 0, 8674, P0, Not Active, Not Active, Not Active
2026/07/20 00:46:48.649, 0, ${V100_GPU_0_UUID}, 00000000:01:00.0, 900, 877, 32.39, 150.00, 55, 54, 6, 8432, P0, Not Active, Not Active, Not Active
2026/07/20 00:46:48.656, 1, ${V100_GPU_1_UUID}, 00000000:02:00.0, 900, 877, 30.78, 150.00, 53, 52, 0, 8674, P0, Not Active, Not Active, Not Active
2026/07/20 00:46:48.791, 0, ${V100_GPU_0_UUID}, 00000000:01:00.0, 900, 877, 32.37, 150.00, 55, 54, 7, 8432, P0, Not Active, Not Active, Not Active
2026/07/20 00:46:48.797, 1, ${V100_GPU_1_UUID}, 00000000:02:00.0, 900, 877, 30.76, 150.00, 53, 52, 0, 8674, P0, Not Active, Not Active, Not Active
2026/07/20 00:46:48.930, 0, ${V100_GPU_0_UUID}, 00000000:01:00.0, 900, 877, 32.39, 150.00, 55, 54, 5, 8432, P0, Not Active, Not Active, Not Active
2026/07/20 00:46:48.936, 1, ${V100_GPU_1_UUID}, 00000000:02:00.0, 900, 877, 30.78, 150.00, 53, 52, 0, 8674, P0, Not Active, Not Active, Not Active
2026/07/20 00:46:49.069, 0, ${V100_GPU_0_UUID}, 00000000:01:00.0, 900, 877, 32.37, 150.00, 55, 54, 3, 8432, P0, Not Active, Not Active, Not Active
2026/07/20 00:46:49.075, 1, ${V100_GPU_1_UUID}, 00000000:02:00.0, 900, 877, 30.76, 150.00, 53, 52, 0, 8674, P0, Not Active, Not Active, Not Active
2026/07/20 00:46:49.209, 0, ${V100_GPU_0_UUID}, 00000000:01:00.0, 900, 877, 32.39, 150.00, 55, 54, 3, 8432, P0, Not Active, Not Active, Not Active
2026/07/20 00:46:49.215, 1, ${V100_GPU_1_UUID}, 00000000:02:00.0, 900, 877, 30.78, 150.00, 53, 52, 0, 8674, P0, Not Active, Not Active, Not Active
2026/07/20 00:46:49.379, 0, ${V100_GPU_0_UUID}, 00000000:01:00.0, 900, 877, 32.37, 150.00, 55, 54, 10, 8432, P0, Not Active, Not Active, Not Active
2026/07/20 00:46:49.393, 1, ${V100_GPU_1_UUID}, 00000000:02:00.0, 900, 877, 30.76, 150.00, 53, 52, 0, 8674, P0, Not Active, Not Active, Not Active
2026/07/20 00:46:49.547, 0, ${V100_GPU_0_UUID}, 00000000:01:00.0, 900, 877, 32.39, 150.00, 55, 54, 4, 8432, P0, Not Active, Not Active, Not Active
2026/07/20 00:46:49.553, 1, ${V100_GPU_1_UUID}, 00000000:02:00.0, 900, 877, 30.78, 150.00, 53, 52, 0, 8674, P0, Not Active, Not Active, Not Active
2026/07/20 00:46:49.734, 0, ${V100_GPU_0_UUID}, 00000000:01:00.0, 900, 877, 32.37, 150.00, 55, 54, 6, 8432, P0, Not Active, Not Active, Not Active
2026/07/20 00:46:49.750, 1, ${V100_GPU_1_UUID}, 00000000:02:00.0, 900, 877, 30.76, 150.00, 53, 52, 0, 8674, P0, Not Active, Not Active, Not Active
2026/07/20 00:46:49.916, 0, ${V100_GPU_0_UUID}, 00000000:01:00.0, 900, 877, 32.39, 150.00, 55, 54, 8, 8432, P0, Not Active, Not Active, Not Active
2026/07/20 00:46:49.924, 1, ${V100_GPU_1_UUID}, 00000000:02:00.0, 900, 877, 30.80, 150.00, 53, 52, 0, 8674, P0, Not Active, Not Active, Not Active
2026/07/20 00:46:50.059, 0, ${V100_GPU_0_UUID}, 00000000:01:00.0, 900, 877, 32.39, 150.00, 55, 54, 8, 8432, P0, Not Active, Not Active, Not Active
2026/07/20 00:46:50.064, 1, ${V100_GPU_1_UUID}, 00000000:02:00.0, 900, 877, 30.78, 150.00, 53, 52, 0, 8674, P0, Not Active, Not Active, Not Active
2026/07/20 00:46:50.204, 0, ${V100_GPU_0_UUID}, 00000000:01:00.0, 900, 877, 32.89, 150.00, 55, 54, 14, 8432, P0, Not Active, Not Active, Not Active
2026/07/20 00:46:50.213, 1, ${V100_GPU_1_UUID}, 00000000:02:00.0, 900, 877, 30.80, 150.00, 53, 52, 0, 8674, P0, Not Active, Not Active, Not Active
2026/07/20 00:46:50.351, 0, ${V100_GPU_0_UUID}, 00000000:01:00.0, 900, 877, 32.39, 150.00, 55, 54, 23, 8432, P0, Not Active, Not Active, Not Active
2026/07/20 00:46:50.358, 1, ${V100_GPU_1_UUID}, 00000000:02:00.0, 900, 877, 30.78, 150.00, 53, 52, 0, 8674, P0, Not Active, Not Active, Not Active
2026/07/20 00:46:50.493, 0, ${V100_GPU_0_UUID}, 00000000:01:00.0, 900, 877, 32.83, 150.00, 55, 54, 11, 8432, P0, Not Active, Not Active, Not Active
2026/07/20 00:46:50.499, 1, ${V100_GPU_1_UUID}, 00000000:02:00.0, 900, 877, 30.78, 150.00, 53, 52, 0, 8674, P0, Not Active, Not Active, Not Active
2026/07/20 00:46:50.633, 0, ${V100_GPU_0_UUID}, 00000000:01:00.0, 900, 877, 32.37, 150.00, 55, 54, 10, 8432, P0, Not Active, Not Active, Not Active
2026/07/20 00:46:50.639, 1, ${V100_GPU_1_UUID}, 00000000:02:00.0, 900, 877, 30.76, 150.00, 53, 52, 3, 8674, P0, Not Active, Not Active, Not Active
2026/07/20 00:46:50.790, 0, ${V100_GPU_0_UUID}, 00000000:01:00.0, 900, 877, 32.37, 150.00, 55, 54, 0, 8432, P0, Not Active, Not Active, Not Active
2026/07/20 00:46:50.796, 1, ${V100_GPU_1_UUID}, 00000000:02:00.0, 900, 877, 30.76, 150.00, 53, 52, 4, 8674, P0, Not Active, Not Active, Not Active
2026/07/20 00:46:50.946, 0, ${V100_GPU_0_UUID}, 00000000:01:00.0, 900, 877, 32.37, 150.00, 55, 54, 0, 8432, P0, Not Active, Not Active, Not Active
2026/07/20 00:46:50.951, 1, ${V100_GPU_1_UUID}, 00000000:02:00.0, 900, 877, 30.76, 150.00, 53, 52, 4, 8674, P0, Not Active, Not Active, Not Active
2026/07/20 00:46:51.085, 0, ${V100_GPU_0_UUID}, 00000000:01:00.0, 900, 877, 32.37, 150.00, 55, 54, 0, 8432, P0, Not Active, Not Active, Not Active
2026/07/20 00:46:51.091, 1, ${V100_GPU_1_UUID}, 00000000:02:00.0, 900, 877, 30.76, 150.00, 53, 52, 3, 8674, P0, Not Active, Not Active, Not Active
2026/07/20 00:46:51.262, 0, ${V100_GPU_0_UUID}, 00000000:01:00.0, 900, 877, 32.39, 150.00, 55, 54, 0, 8432, P0, Not Active, Not Active, Not Active
2026/07/20 00:46:51.269, 1, ${V100_GPU_1_UUID}, 00000000:02:00.0, 900, 877, 30.78, 150.00, 53, 52, 4, 8674, P0, Not Active, Not Active, Not Active
2026/07/20 00:46:51.415, 0, ${V100_GPU_0_UUID}, 00000000:01:00.0, 900, 877, 32.39, 150.00, 55, 54, 0, 8432, P0, Not Active, Not Active, Not Active
2026/07/20 00:46:51.421, 1, ${V100_GPU_1_UUID}, 00000000:02:00.0, 900, 877, 30.78, 150.00, 53, 52, 5, 8674, P0, Not Active, Not Active, Not Active
2026/07/20 00:46:51.580, 0, ${V100_GPU_0_UUID}, 00000000:01:00.0, 900, 877, 32.37, 150.00, 55, 54, 0, 8432, P0, Not Active, Not Active, Not Active
2026/07/20 00:46:51.587, 1, ${V100_GPU_1_UUID}, 00000000:02:00.0, 900, 877, 30.76, 150.00, 53, 52, 5, 8674, P0, Not Active, Not Active, Not Active
2026/07/20 00:46:51.754, 0, ${V100_GPU_0_UUID}, 00000000:01:00.0, 900, 877, 32.39, 150.00, 55, 54, 0, 8432, P0, Not Active, Not Active, Not Active
2026/07/20 00:46:51.762, 1, ${V100_GPU_1_UUID}, 00000000:02:00.0, 900, 877, 30.78, 150.00, 53, 52, 6, 8674, P0, Not Active, Not Active, Not Active
2026/07/20 00:46:51.897, 0, ${V100_GPU_0_UUID}, 00000000:01:00.0, 900, 877, 32.37, 150.00, 55, 54, 0, 8432, P0, Not Active, Not Active, Not Active
2026/07/20 00:46:51.903, 1, ${V100_GPU_1_UUID}, 00000000:02:00.0, 900, 877, 30.78, 150.00, 53, 52, 6, 8674, P0, Not Active, Not Active, Not Active
2026/07/20 00:46:52.037, 0, ${V100_GPU_0_UUID}, 00000000:01:00.0, 900, 877, 32.37, 150.00, 55, 54, 0, 8432, P0, Not Active, Not Active, Not Active
2026/07/20 00:46:52.042, 1, ${V100_GPU_1_UUID}, 00000000:02:00.0, 900, 877, 30.78, 150.00, 53, 52, 6, 8674, P0, Not Active, Not Active, Not Active
2026/07/20 00:46:52.187, 0, ${V100_GPU_0_UUID}, 00000000:01:00.0, 900, 877, 32.39, 150.00, 55, 54, 0, 8432, P0, Not Active, Not Active, Not Active
2026/07/20 00:46:52.194, 1, ${V100_GPU_1_UUID}, 00000000:02:00.0, 900, 877, 30.78, 150.00, 53, 52, 4, 8674, P0, Not Active, Not Active, Not Active
2026/07/20 00:46:52.362, 0, ${V100_GPU_0_UUID}, 00000000:01:00.0, 900, 877, 32.39, 150.00, 55, 54, 0, 8432, P0, Not Active, Not Active, Not Active
2026/07/20 00:46:52.368, 1, ${V100_GPU_1_UUID}, 00000000:02:00.0, 900, 877, 30.78, 150.00, 53, 52, 6, 8674, P0, Not Active, Not Active, Not Active
2026/07/20 00:46:52.502, 0, ${V100_GPU_0_UUID}, 00000000:01:00.0, 900, 877, 32.39, 150.00, 55, 54, 0, 8432, P0, Not Active, Not Active, Not Active
2026/07/20 00:46:52.509, 1, ${V100_GPU_1_UUID}, 00000000:02:00.0, 900, 877, 30.78, 150.00, 53, 52, 5, 8674, P0, Not Active, Not Active, Not Active
2026/07/20 00:46:52.645, 0, ${V100_GPU_0_UUID}, 00000000:01:00.0, 900, 877, 32.37, 150.00, 55, 54, 0, 8432, P0, Not Active, Not Active, Not Active
2026/07/20 00:46:52.651, 1, ${V100_GPU_1_UUID}, 00000000:02:00.0, 900, 877, 30.76, 150.00, 53, 52, 3, 8674, P0, Not Active, Not Active, Not Active
2026/07/20 00:46:52.796, 0, ${V100_GPU_0_UUID}, 00000000:01:00.0, 900, 877, 32.39, 150.00, 55, 54, 0, 8432, P0, Not Active, Not Active, Not Active
2026/07/20 00:46:52.802, 1, ${V100_GPU_1_UUID}, 00000000:02:00.0, 900, 877, 30.78, 150.00, 53, 52, 3, 8674, P0, Not Active, Not Active, Not Active
2026/07/20 00:46:52.939, 0, ${V100_GPU_0_UUID}, 00000000:01:00.0, 900, 877, 32.37, 150.00, 55, 54, 0, 8432, P0, Not Active, Not Active, Not Active
2026/07/20 00:46:52.945, 1, ${V100_GPU_1_UUID}, 00000000:02:00.0, 900, 877, 30.76, 150.00, 53, 52, 3, 8674, P0, Not Active, Not Active, Not Active
2026/07/20 00:46:53.079, 0, ${V100_GPU_0_UUID}, 00000000:01:00.0, 900, 877, 32.37, 150.00, 55, 54, 0, 8432, P0, Not Active, Not Active, Not Active
2026/07/20 00:46:53.085, 1, ${V100_GPU_1_UUID}, 00000000:02:00.0, 900, 877, 30.76, 150.00, 53, 52, 3, 8674, P0, Not Active, Not Active, Not Active
2026/07/20 00:46:53.223, 0, ${V100_GPU_0_UUID}, 00000000:01:00.0, 900, 877, 32.37, 150.00, 55, 54, 0, 8432, P0, Not Active, Not Active, Not Active
2026/07/20 00:46:53.229, 1, ${V100_GPU_1_UUID}, 00000000:02:00.0, 900, 877, 30.78, 150.00, 53, 52, 2, 8674, P0, Not Active, Not Active, Not Active
2026/07/20 00:46:53.374, 0, ${V100_GPU_0_UUID}, 00000000:01:00.0, 900, 877, 32.39, 150.00, 55, 54, 0, 8432, P0, Not Active, Not Active, Not Active
2026/07/20 00:46:53.380, 1, ${V100_GPU_1_UUID}, 00000000:02:00.0, 900, 877, 30.78, 150.00, 53, 52, 2, 8674, P0, Not Active, Not Active, Not Active
2026/07/20 00:46:53.515, 0, ${V100_GPU_0_UUID}, 00000000:01:00.0, 900, 877, 32.39, 150.00, 55, 54, 0, 8432, P0, Not Active, Not Active, Not Active
2026/07/20 00:46:53.520, 1, ${V100_GPU_1_UUID}, 00000000:02:00.0, 900, 877, 30.78, 150.00, 53, 52, 3, 8674, P0, Not Active, Not Active, Not Active
2026/07/20 00:46:53.656, 0, ${V100_GPU_0_UUID}, 00000000:01:00.0, 900, 877, 32.39, 150.00, 55, 54, 0, 8432, P0, Not Active, Not Active, Not Active
2026/07/20 00:46:53.661, 1, ${V100_GPU_1_UUID}, 00000000:02:00.0, 900, 877, 30.78, 150.00, 53, 52, 3, 8674, P0, Not Active, Not Active, Not Active
2026/07/20 00:46:53.813, 0, ${V100_GPU_0_UUID}, 00000000:01:00.0, 900, 877, 32.35, 150.00, 55, 53, 0, 8432, P0, Not Active, Not Active, Not Active
2026/07/20 00:46:53.819, 1, ${V100_GPU_1_UUID}, 00000000:02:00.0, 900, 877, 30.76, 150.00, 53, 52, 3, 8674, P0, Not Active, Not Active, Not Active
2026/07/20 00:46:53.973, 0, ${V100_GPU_0_UUID}, 00000000:01:00.0, 900, 877, 32.39, 150.00, 55, 54, 0, 8432, P0, Not Active, Not Active, Not Active
2026/07/20 00:46:53.982, 1, ${V100_GPU_1_UUID}, 00000000:02:00.0, 900, 877, 30.78, 150.00, 53, 52, 7, 8674, P0, Not Active, Not Active, Not Active
2026/07/20 00:46:54.137, 0, ${V100_GPU_0_UUID}, 00000000:01:00.0, 900, 877, 32.39, 150.00, 55, 53, 0, 8432, P0, Not Active, Not Active, Not Active
2026/07/20 00:46:54.150, 1, ${V100_GPU_1_UUID}, 00000000:02:00.0, 900, 877, 30.80, 150.00, 53, 52, 10, 8674, P0, Not Active, Not Active, Not Active
2026/07/20 00:46:54.291, 0, ${V100_GPU_0_UUID}, 00000000:01:00.0, 900, 877, 32.39, 150.00, 55, 54, 0, 8432, P0, Not Active, Not Active, Not Active
2026/07/20 00:46:54.298, 1, ${V100_GPU_1_UUID}, 00000000:02:00.0, 900, 877, 30.78, 150.00, 53, 52, 10, 8674, P0, Not Active, Not Active, Not Active
2026/07/20 00:46:54.459, 0, ${V100_GPU_0_UUID}, 00000000:01:00.0, 900, 877, 32.39, 150.00, 55, 54, 0, 8432, P0, Not Active, Not Active, Not Active
2026/07/20 00:46:54.465, 1, ${V100_GPU_1_UUID}, 00000000:02:00.0, 900, 877, 30.78, 150.00, 53, 52, 14, 8674, P0, Not Active, Not Active, Not Active
2026/07/20 00:46:54.599, 0, ${V100_GPU_0_UUID}, 00000000:01:00.0, 900, 877, 32.39, 150.00, 55, 54, 0, 8432, P0, Not Active, Not Active, Not Active
2026/07/20 00:46:54.605, 1, ${V100_GPU_1_UUID}, 00000000:02:00.0, 900, 877, 31.26, 150.00, 53, 52, 9, 8674, P0, Not Active, Not Active, Not Active
2026/07/20 00:46:54.738, 0, ${V100_GPU_0_UUID}, 00000000:01:00.0, 900, 877, 32.39, 150.00, 55, 54, 0, 8432, P0, Not Active, Not Active, Not Active
2026/07/20 00:46:54.743, 1, ${V100_GPU_1_UUID}, 00000000:02:00.0, 900, 877, 30.78, 150.00, 53, 52, 17, 8674, P0, Not Active, Not Active, Not Active
2026/07/20 00:46:54.875, 0, ${V100_GPU_0_UUID}, 00000000:01:00.0, 900, 877, 32.37, 150.00, 55, 54, 0, 8432, P0, Not Active, Not Active, Not Active
2026/07/20 00:46:54.881, 1, ${V100_GPU_1_UUID}, 00000000:02:00.0, 900, 877, 30.78, 150.00, 53, 52, 21, 8674, P0, Not Active, Not Active, Not Active
2026/07/20 00:46:55.045, 0, ${V100_GPU_0_UUID}, 00000000:01:00.0, 900, 877, 32.39, 150.00, 55, 53, 0, 8432, P0, Not Active, Not Active, Not Active
2026/07/20 00:46:55.051, 1, ${V100_GPU_1_UUID}, 00000000:02:00.0, 900, 877, 30.78, 150.00, 53, 52, 7, 8674, P0, Not Active, Not Active, Not Active
2026/07/20 00:46:55.210, 0, ${V100_GPU_0_UUID}, 00000000:01:00.0, 900, 877, 32.39, 150.00, 55, 54, 0, 8432, P0, Not Active, Not Active, Not Active
2026/07/20 00:46:55.219, 1, ${V100_GPU_1_UUID}, 00000000:02:00.0, 900, 877, 30.78, 150.00, 53, 52, 6, 8674, P0, Not Active, Not Active, Not Active
2026/07/20 00:46:55.354, 0, ${V100_GPU_0_UUID}, 00000000:01:00.0, 900, 877, 32.37, 150.00, 55, 54, 0, 8432, P0, Not Active, Not Active, Not Active
2026/07/20 00:46:55.360, 1, ${V100_GPU_1_UUID}, 00000000:02:00.0, 900, 877, 30.76, 150.00, 53, 52, 5, 8674, P0, Not Active, Not Active, Not Active
2026/07/20 00:46:55.493, 0, ${V100_GPU_0_UUID}, 00000000:01:00.0, 900, 877, 32.37, 150.00, 55, 54, 0, 8432, P0, Not Active, Not Active, Not Active
2026/07/20 00:46:55.498, 1, ${V100_GPU_1_UUID}, 00000000:02:00.0, 900, 877, 30.78, 150.00, 53, 52, 5, 8674, P0, Not Active, Not Active, Not Active
2026/07/20 00:46:55.634, 0, ${V100_GPU_0_UUID}, 00000000:01:00.0, 900, 877, 32.37, 150.00, 55, 54, 0, 8432, P0, Not Active, Not Active, Not Active
2026/07/20 00:46:55.640, 1, ${V100_GPU_1_UUID}, 00000000:02:00.0, 900, 877, 30.78, 150.00, 53, 52, 5, 8674, P0, Not Active, Not Active, Not Active
2026/07/20 00:46:55.798, 0, ${V100_GPU_0_UUID}, 00000000:01:00.0, 900, 877, 32.37, 150.00, 55, 54, 0, 8432, P0, Not Active, Not Active, Not Active
2026/07/20 00:46:55.804, 1, ${V100_GPU_1_UUID}, 00000000:02:00.0, 900, 877, 30.76, 150.00, 53, 52, 7, 8674, P0, Not Active, Not Active, Not Active
2026/07/20 00:46:55.956, 0, ${V100_GPU_0_UUID}, 00000000:01:00.0, 900, 877, 32.41, 150.00, 55, 54, 0, 8432, P0, Not Active, Not Active, Not Active
2026/07/20 00:46:55.970, 1, ${V100_GPU_1_UUID}, 00000000:02:00.0, 900, 877, 30.80, 150.00, 53, 52, 4, 8674, P0, Not Active, Not Active, Not Active
2026/07/20 00:46:56.109, 0, ${V100_GPU_0_UUID}, 00000000:01:00.0, 900, 877, 32.37, 150.00, 55, 54, 0, 8432, P0, Not Active, Not Active, Not Active
2026/07/20 00:46:56.114, 1, ${V100_GPU_1_UUID}, 00000000:02:00.0, 900, 877, 30.76, 150.00, 53, 52, 5, 8674, P0, Not Active, Not Active, Not Active
2026/07/20 00:46:56.248, 0, ${V100_GPU_0_UUID}, 00000000:01:00.0, 900, 877, 32.37, 150.00, 55, 54, 0, 8432, P0, Not Active, Not Active, Not Active
2026/07/20 00:46:56.254, 1, ${V100_GPU_1_UUID}, 00000000:02:00.0, 900, 877, 30.78, 150.00, 53, 52, 5, 8674, P0, Not Active, Not Active, Not Active
2026/07/20 00:46:56.387, 0, ${V100_GPU_0_UUID}, 00000000:01:00.0, 900, 877, 32.37, 150.00, 55, 54, 0, 8432, P0, Not Active, Not Active, Not Active
2026/07/20 00:46:56.392, 1, ${V100_GPU_1_UUID}, 00000000:02:00.0, 900, 877, 30.78, 150.00, 53, 52, 6, 8674, P0, Not Active, Not Active, Not Active
2026/07/20 00:46:56.554, 0, ${V100_GPU_0_UUID}, 00000000:01:00.0, 900, 877, 32.37, 150.00, 55, 54, 0, 8432, P0, Not Active, Not Active, Not Active
2026/07/20 00:46:56.559, 1, ${V100_GPU_1_UUID}, 00000000:02:00.0, 900, 877, 30.78, 150.00, 53, 52, 5, 8674, P0, Not Active, Not Active, Not Active
2026/07/20 00:46:56.712, 0, ${V100_GPU_0_UUID}, 00000000:01:00.0, 900, 877, 32.43, 150.00, 55, 54, 0, 8432, P0, Not Active, Not Active, Not Active
2026/07/20 00:46:56.724, 1, ${V100_GPU_1_UUID}, 00000000:02:00.0, 900, 877, 31.30, 150.00, 53, 52, 5, 8674, P0, Not Active, Not Active, Not Active
2026/07/20 00:46:56.864, 0, ${V100_GPU_0_UUID}, 00000000:01:00.0, 900, 877, 32.37, 150.00, 55, 54, 0, 8432, P0, Not Active, Not Active, Not Active
2026/07/20 00:46:56.870, 1, ${V100_GPU_1_UUID}, 00000000:02:00.0, 900, 877, 30.76, 150.00, 53, 52, 18, 8674, P0, Not Active, Not Active, Not Active
2026/07/20 00:46:57.037, 0, ${V100_GPU_0_UUID}, 00000000:01:00.0, 900, 877, 32.39, 150.00, 55, 54, 0, 8432, P0, Not Active, Not Active, Not Active
2026/07/20 00:46:57.045, 1, ${V100_GPU_1_UUID}, 00000000:02:00.0, 900, 877, 30.80, 150.00, 53, 52, 6, 8674, P0, Not Active, Not Active, Not Active
2026/07/20 00:46:57.180, 0, ${V100_GPU_0_UUID}, 00000000:01:00.0, 900, 877, 32.37, 150.00, 55, 54, 0, 8432, P0, Not Active, Not Active, Not Active
2026/07/20 00:46:57.186, 1, ${V100_GPU_1_UUID}, 00000000:02:00.0, 900, 877, 30.78, 150.00, 53, 52, 5, 8674, P0, Not Active, Not Active, Not Active
2026/07/20 00:46:57.332, 0, ${V100_GPU_0_UUID}, 00000000:01:00.0, 900, 877, 32.39, 150.00, 55, 54, 0, 8432, P0, Not Active, Not Active, Not Active
2026/07/20 00:46:57.338, 1, ${V100_GPU_1_UUID}, 00000000:02:00.0, 900, 877, 30.78, 150.00, 53, 52, 6, 8674, P0, Not Active, Not Active, Not Active
2026/07/20 00:46:57.472, 0, ${V100_GPU_0_UUID}, 00000000:01:00.0, 900, 877, 32.39, 150.00, 55, 54, 0, 8432, P0, Not Active, Not Active, Not Active
2026/07/20 00:46:57.477, 1, ${V100_GPU_1_UUID}, 00000000:02:00.0, 900, 877, 30.78, 150.00, 53, 52, 6, 8674, P0, Not Active, Not Active, Not Active
2026/07/20 00:46:57.638, 0, ${V100_GPU_0_UUID}, 00000000:01:00.0, 900, 877, 32.39, 150.00, 55, 54, 0, 8432, P0, Not Active, Not Active, Not Active
2026/07/20 00:46:57.645, 1, ${V100_GPU_1_UUID}, 00000000:02:00.0, 900, 877, 31.26, 150.00, 53, 52, 8, 8674, P0, Not Active, Not Active, Not Active
2026/07/20 00:46:57.801, 0, ${V100_GPU_0_UUID}, 00000000:01:00.0, 900, 877, 32.39, 150.00, 55, 54, 0, 8432, P0, Not Active, Not Active, Not Active
2026/07/20 00:46:57.808, 1, ${V100_GPU_1_UUID}, 00000000:02:00.0, 900, 877, 30.78, 150.00, 53, 52, 8, 8674, P0, Not Active, Not Active, Not Active
2026/07/20 00:46:57.963, 0, ${V100_GPU_0_UUID}, 00000000:01:00.0, 900, 877, 32.39, 150.00, 55, 54, 0, 8432, P0, Not Active, Not Active, Not Active
2026/07/20 00:46:57.969, 1, ${V100_GPU_1_UUID}, 00000000:02:00.0, 900, 877, 30.78, 150.00, 53, 52, 14, 8674, P0, Not Active, Not Active, Not Active
2026/07/20 00:46:58.132, 0, ${V100_GPU_0_UUID}, 00000000:01:00.0, 900, 877, 32.39, 150.00, 55, 54, 0, 8432, P0, Not Active, Not Active, Not Active
2026/07/20 00:46:58.139, 1, ${V100_GPU_1_UUID}, 00000000:02:00.0, 900, 877, 30.78, 150.00, 53, 52, 10, 8674, P0, Not Active, Not Active, Not Active
2026/07/20 00:46:58.278, 0, ${V100_GPU_0_UUID}, 00000000:01:00.0, 900, 877, 32.37, 150.00, 55, 53, 0, 8432, P0, Not Active, Not Active, Not Active
2026/07/20 00:46:58.284, 1, ${V100_GPU_1_UUID}, 00000000:02:00.0, 900, 877, 30.76, 150.00, 53, 52, 9, 8674, P0, Not Active, Not Active, Not Active
2026/07/20 00:46:58.441, 0, ${V100_GPU_0_UUID}, 00000000:01:00.0, 900, 877, 32.39, 150.00, 55, 54, 0, 8432, P0, Not Active, Not Active, Not Active
2026/07/20 00:46:58.448, 1, ${V100_GPU_1_UUID}, 00000000:02:00.0, 900, 877, 30.78, 150.00, 53, 52, 7, 8674, P0, Not Active, Not Active, Not Active
2026/07/20 00:46:58.581, 0, ${V100_GPU_0_UUID}, 00000000:01:00.0, 900, 877, 32.39, 150.00, 55, 54, 0, 8432, P0, Not Active, Not Active, Not Active
2026/07/20 00:46:58.587, 1, ${V100_GPU_1_UUID}, 00000000:02:00.0, 900, 877, 30.78, 150.00, 53, 52, 6, 8674, P0, Not Active, Not Active, Not Active
2026/07/20 00:46:58.723, 0, ${V100_GPU_0_UUID}, 00000000:01:00.0, 900, 877, 32.39, 150.00, 55, 54, 0, 8432, P0, Not Active, Not Active, Not Active
2026/07/20 00:46:58.729, 1, ${V100_GPU_1_UUID}, 00000000:02:00.0, 900, 877, 30.78, 150.00, 53, 52, 7, 8674, P0, Not Active, Not Active, Not Active
2026/07/20 00:46:58.862, 0, ${V100_GPU_0_UUID}, 00000000:01:00.0, 900, 877, 32.39, 150.00, 55, 54, 0, 8432, P0, Not Active, Not Active, Not Active
2026/07/20 00:46:58.867, 1, ${V100_GPU_1_UUID}, 00000000:02:00.0, 900, 877, 30.78, 150.00, 53, 52, 9, 8674, P0, Not Active, Not Active, Not Active
2026/07/20 00:46:59.031, 0, ${V100_GPU_0_UUID}, 00000000:01:00.0, 900, 877, 32.39, 150.00, 55, 54, 0, 8432, P0, Not Active, Not Active, Not Active
2026/07/20 00:46:59.038, 1, ${V100_GPU_1_UUID}, 00000000:02:00.0, 900, 877, 30.78, 150.00, 53, 52, 6, 8674, P0, Not Active, Not Active, Not Active
2026/07/20 00:46:59.191, 0, ${V100_GPU_0_UUID}, 00000000:01:00.0, 900, 877, 32.39, 150.00, 55, 54, 0, 8432, P0, Not Active, Not Active, Not Active
2026/07/20 00:46:59.202, 1, ${V100_GPU_1_UUID}, 00000000:02:00.0, 900, 877, 30.78, 150.00, 53, 52, 6, 8674, P0, Not Active, Not Active, Not Active
2026/07/20 00:46:59.366, 0, ${V100_GPU_0_UUID}, 00000000:01:00.0, 900, 877, 32.39, 150.00, 55, 54, 0, 8432, P0, Not Active, Not Active, Not Active
2026/07/20 00:46:59.372, 1, ${V100_GPU_1_UUID}, 00000000:02:00.0, 900, 877, 30.78, 150.00, 53, 52, 6, 8674, P0, Not Active, Not Active, Not Active
2026/07/20 00:46:59.536, 0, ${V100_GPU_0_UUID}, 00000000:01:00.0, 900, 877, 32.39, 150.00, 55, 54, 0, 8432, P0, Not Active, Not Active, Not Active
2026/07/20 00:46:59.544, 1, ${V100_GPU_1_UUID}, 00000000:02:00.0, 900, 877, 30.78, 150.00, 53, 52, 10, 8674, P0, Not Active, Not Active, Not Active
2026/07/20 00:46:59.678, 0, ${V100_GPU_0_UUID}, 00000000:01:00.0, 900, 877, 32.37, 150.00, 55, 54, 0, 8432, P0, Not Active, Not Active, Not Active
2026/07/20 00:46:59.684, 1, ${V100_GPU_1_UUID}, 00000000:02:00.0, 900, 877, 30.76, 150.00, 53, 52, 8, 8674, P0, Not Active, Not Active, Not Active
2026/07/20 00:46:59.844, 0, ${V100_GPU_0_UUID}, 00000000:01:00.0, 900, 877, 32.39, 150.00, 55, 54, 0, 8432, P0, Not Active, Not Active, Not Active
2026/07/20 00:46:59.850, 1, ${V100_GPU_1_UUID}, 00000000:02:00.0, 900, 877, 30.78, 150.00, 53, 52, 6, 8674, P0, Not Active, Not Active, Not Active
2026/07/20 00:46:59.984, 0, ${V100_GPU_0_UUID}, 00000000:01:00.0, 900, 877, 32.37, 150.00, 55, 54, 0, 8432, P0, Not Active, Not Active, Not Active
2026/07/20 00:46:59.990, 1, ${V100_GPU_1_UUID}, 00000000:02:00.0, 900, 877, 30.78, 150.00, 53, 52, 6, 8674, P0, Not Active, Not Active, Not Active
2026/07/20 00:47:00.150, 0, ${V100_GPU_0_UUID}, 00000000:01:00.0, 900, 877, 32.39, 150.00, 55, 54, 0, 8432, P0, Not Active, Not Active, Not Active
2026/07/20 00:47:00.156, 1, ${V100_GPU_1_UUID}, 00000000:02:00.0, 900, 877, 30.78, 150.00, 53, 52, 11, 8674, P0, Not Active, Not Active, Not Active
2026/07/20 00:47:00.317, 0, ${V100_GPU_0_UUID}, 00000000:01:00.0, 900, 877, 32.39, 150.00, 55, 54, 0, 8432, P0, Not Active, Not Active, Not Active
2026/07/20 00:47:00.325, 1, ${V100_GPU_1_UUID}, 00000000:02:00.0, 900, 877, 30.78, 150.00, 53, 52, 9, 8674, P0, Not Active, Not Active, Not Active
2026/07/20 00:47:00.459, 0, ${V100_GPU_0_UUID}, 00000000:01:00.0, 900, 877, 32.37, 150.00, 55, 54, 0, 8432, P0, Not Active, Not Active, Not Active
2026/07/20 00:47:00.465, 1, ${V100_GPU_1_UUID}, 00000000:02:00.0, 900, 877, 31.24, 150.00, 53, 52, 8, 8674, P0, Not Active, Not Active, Not Active
2026/07/20 00:47:00.631, 0, ${V100_GPU_0_UUID}, 00000000:01:00.0, 900, 877, 32.39, 150.00, 55, 54, 0, 8432, P0, Not Active, Not Active, Not Active
2026/07/20 00:47:00.638, 1, ${V100_GPU_1_UUID}, 00000000:02:00.0, 900, 877, 30.78, 150.00, 53, 52, 10, 8674, P0, Not Active, Not Active, Not Active
2026/07/20 00:47:00.772, 0, ${V100_GPU_0_UUID}, 00000000:01:00.0, 900, 877, 32.39, 150.00, 55, 54, 0, 8432, P0, Not Active, Not Active, Not Active
2026/07/20 00:47:00.778, 1, ${V100_GPU_1_UUID}, 00000000:02:00.0, 900, 877, 30.78, 150.00, 53, 52, 5, 8674, P0, Not Active, Not Active, Not Active
2026/07/20 00:47:00.931, 0, ${V100_GPU_0_UUID}, 00000000:01:00.0, 900, 877, 32.39, 150.00, 55, 54, 0, 8432, P0, Not Active, Not Active, Not Active
2026/07/20 00:47:00.941, 1, ${V100_GPU_1_UUID}, 00000000:02:00.0, 900, 877, 30.80, 150.00, 53, 52, 15, 8674, P0, Not Active, Not Active, Not Active
2026/07/20 00:47:01.091, 0, ${V100_GPU_0_UUID}, 00000000:01:00.0, 900, 877, 32.41, 150.00, 55, 54, 0, 8432, P0, Not Active, Not Active, Not Active
2026/07/20 00:47:01.102, 1, ${V100_GPU_1_UUID}, 00000000:02:00.0, 900, 877, 31.28, 150.00, 53, 52, 19, 8674, P0, Not Active, Not Active, Not Active
2026/07/20 00:47:01.239, 0, ${V100_GPU_0_UUID}, 00000000:01:00.0, 900, 877, 32.39, 150.00, 55, 54, 0, 8432, P0, Not Active, Not Active, Not Active
2026/07/20 00:47:01.245, 1, ${V100_GPU_1_UUID}, 00000000:02:00.0, 900, 877, 31.74, 150.00, 53, 52, 47, 8674, P0, Not Active, Not Active, Not Active
2026/07/20 00:47:01.378, 0, ${V100_GPU_0_UUID}, 00000000:01:00.0, 900, 877, 32.41, 150.00, 55, 53, 0, 8432, P0, Not Active, Not Active, Not Active
2026/07/20 00:47:01.383, 1, ${V100_GPU_1_UUID}, 00000000:02:00.0, 900, 877, 31.76, 150.00, 53, 52, 98, 8674, P0, Not Active, Not Active, Not Active
2026/07/20 00:47:01.516, 0, ${V100_GPU_0_UUID}, 00000000:01:00.0, 900, 877, 32.39, 150.00, 55, 54, 0, 8432, P0, Not Active, Not Active, Not Active
2026/07/20 00:47:01.522, 1, ${V100_GPU_1_UUID}, 00000000:02:00.0, 900, 877, 31.76, 150.00, 53, 52, 98, 8674, P0, Not Active, Not Active, Not Active
2026/07/20 00:47:01.655, 0, ${V100_GPU_0_UUID}, 00000000:01:00.0, 900, 877, 32.41, 150.00, 55, 54, 0, 8432, P0, Not Active, Not Active, Not Active
2026/07/20 00:47:01.661, 1, ${V100_GPU_1_UUID}, 00000000:02:00.0, 900, 877, 31.76, 150.00, 53, 52, 98, 8674, P0, Not Active, Not Active, Not Active
2026/07/20 00:47:01.794, 0, ${V100_GPU_0_UUID}, 00000000:01:00.0, 900, 877, 32.41, 150.00, 55, 54, 0, 8432, P0, Not Active, Not Active, Not Active
2026/07/20 00:47:01.800, 1, ${V100_GPU_1_UUID}, 00000000:02:00.0, 900, 877, 31.76, 150.00, 53, 52, 98, 8674, P0, Not Active, Not Active, Not Active
2026/07/20 00:47:01.932, 0, ${V100_GPU_0_UUID}, 00000000:01:00.0, 900, 877, 32.37, 150.00, 55, 54, 0, 8432, P0, Not Active, Not Active, Not Active
2026/07/20 00:47:01.937, 1, ${V100_GPU_1_UUID}, 00000000:02:00.0, 900, 877, 30.78, 150.00, 53, 52, 81, 8674, P0, Not Active, Not Active, Not Active
2026/07/20 00:47:02.070, 0, ${V100_GPU_0_UUID}, 00000000:01:00.0, 900, 877, 32.37, 150.00, 55, 54, 0, 8432, P0, Not Active, Not Active, Not Active
2026/07/20 00:47:02.075, 1, ${V100_GPU_1_UUID}, 00000000:02:00.0, 900, 877, 30.76, 150.00, 53, 52, 0, 8674, P0, Not Active, Not Active, Not Active
2026/07/20 00:47:02.208, 0, ${V100_GPU_0_UUID}, 00000000:01:00.0, 900, 877, 32.37, 150.00, 55, 54, 0, 8432, P0, Not Active, Not Active, Not Active
2026/07/20 00:47:02.214, 1, ${V100_GPU_1_UUID}, 00000000:02:00.0, 900, 877, 30.76, 150.00, 53, 52, 0, 8674, P0, Not Active, Not Active, Not Active
2026/07/20 00:47:02.346, 0, ${V100_GPU_0_UUID}, 00000000:01:00.0, 900, 877, 32.37, 150.00, 55, 53, 0, 8432, P0, Not Active, Not Active, Not Active
2026/07/20 00:47:02.352, 1, ${V100_GPU_1_UUID}, 00000000:02:00.0, 900, 877, 30.76, 150.00, 53, 52, 0, 8674, P0, Not Active, Not Active, Not Active
2026/07/20 00:47:02.487, 0, ${V100_GPU_0_UUID}, 00000000:01:00.0, 900, 877, 32.37, 150.00, 55, 54, 0, 8432, P0, Not Active, Not Active, Not Active
2026/07/20 00:47:02.494, 1, ${V100_GPU_1_UUID}, 00000000:02:00.0, 900, 877, 30.78, 150.00, 53, 52, 0, 8674, P0, Not Active, Not Active, Not Active
2026/07/20 00:47:02.628, 0, ${V100_GPU_0_UUID}, 00000000:01:00.0, 900, 877, 32.37, 150.00, 55, 53, 0, 8870, P0, Not Active, Not Active, Not Active
2026/07/20 00:47:02.638, 1, ${V100_GPU_1_UUID}, 00000000:02:00.0, 900, 877, 30.76, 150.00, 53, 52, 0, 9508, P0, Not Active, Not Active, Not Active
2026/07/20 00:47:02.779, 0, ${V100_GPU_0_UUID}, 00000000:01:00.0, 900, 877, 32.37, 150.00, 55, 54, 0, 8910, P0, Not Active, Not Active, Not Active
2026/07/20 00:47:02.784, 1, ${V100_GPU_1_UUID}, 00000000:02:00.0, 900, 877, 30.76, 150.00, 53, 52, 0, 9508, P0, Not Active, Not Active, Not Active
2026/07/20 00:47:02.918, 0, ${V100_GPU_0_UUID}, 00000000:01:00.0, 900, 877, 32.37, 150.00, 55, 54, 8, 8910, P0, Not Active, Not Active, Not Active
2026/07/20 00:47:02.923, 1, ${V100_GPU_1_UUID}, 00000000:02:00.0, 900, 877, 32.18, 150.00, 53, 53, 13, 9548, P0, Not Active, Not Active, Not Active
2026/07/20 00:47:03.094, 0, ${V100_GPU_0_UUID}, 00000000:01:00.0, 900, 877, 32.35, 150.00, 55, 54, 10, 8910, P0, Not Active, Not Active, Not Active
2026/07/20 00:47:03.101, 1, ${V100_GPU_1_UUID}, 00000000:02:00.0, 900, 877, 30.76, 150.00, 53, 52, 5, 9548, P0, Not Active, Not Active, Not Active
2026/07/20 00:47:03.252, 0, ${V100_GPU_0_UUID}, 00000000:01:00.0, 900, 877, 32.37, 150.00, 55, 54, 2, 8910, P0, Not Active, Not Active, Not Active
2026/07/20 00:47:03.259, 1, ${V100_GPU_1_UUID}, 00000000:02:00.0, 900, 877, 30.78, 150.00, 53, 52, 0, 9548, P0, Not Active, Not Active, Not Active
2026/07/20 00:47:03.395, 0, ${V100_GPU_0_UUID}, 00000000:01:00.0, 900, 877, 32.37, 150.00, 55, 54, 0, 9008, P0, Not Active, Not Active, Not Active
2026/07/20 00:47:03.401, 1, ${V100_GPU_1_UUID}, 00000000:02:00.0, 900, 877, 30.76, 150.00, 53, 52, 0, 9548, P0, Not Active, Not Active, Not Active
2026/07/20 00:47:03.533, 0, ${V100_GPU_0_UUID}, 00000000:01:00.0, 900, 877, 118.20, 150.00, 56, 57, 16, 9160, P0, Not Active, Not Active, Not Active
2026/07/20 00:47:03.549, 1, ${V100_GPU_1_UUID}, 00000000:02:00.0, 900, 877, 30.56, 150.00, 53, 52, 0, 9548, P0, Not Active, Not Active, Not Active
2026/07/20 00:47:03.680, 0, ${V100_GPU_0_UUID}, 00000000:01:00.0, 900, 877, 117.73, 150.00, 57, 58, 99, 9160, P0, Not Active, Not Active, Not Active
2026/07/20 00:47:03.688, 1, ${V100_GPU_1_UUID}, 00000000:02:00.0, 900, 877, 30.51, 150.00, 53, 52, 0, 9548, P0, Not Active, Not Active, Not Active
2026/07/20 00:47:03.819, 0, ${V100_GPU_0_UUID}, 00000000:01:00.0, 900, 877, 122.08, 150.00, 57, 59, 100, 9160, P0, Not Active, Not Active, Not Active
2026/07/20 00:47:03.829, 1, ${V100_GPU_1_UUID}, 00000000:02:00.0, 900, 877, 31.01, 150.00, 53, 52, 0, 9548, P0, Not Active, Not Active, Not Active
2026/07/20 00:47:03.961, 0, ${V100_GPU_0_UUID}, 00000000:01:00.0, 900, 877, 82.24, 150.00, 58, 59, 100, 9160, P0, Not Active, Not Active, Not Active
2026/07/20 00:47:03.971, 1, ${V100_GPU_1_UUID}, 00000000:02:00.0, 900, 877, 73.43, 150.00, 53, 52, 0, 9798, P0, Not Active, Not Active, Not Active
2026/07/20 00:47:04.103, 0, ${V100_GPU_0_UUID}, 00000000:01:00.0, 900, 877, 32.56, 150.00, 56, 55, 94, 9160, P0, Not Active, Not Active, Not Active
2026/07/20 00:47:04.108, 1, ${V100_GPU_1_UUID}, 00000000:02:00.0, 900, 877, 137.72, 150.00, 55, 55, 35, 12248, P0, Not Active, Not Active, Not Active
2026/07/20 00:47:04.251, 0, ${V100_GPU_0_UUID}, 00000000:01:00.0, 900, 877, 32.56, 150.00, 56, 55, 0, 9160, P0, Not Active, Not Active, Not Active
2026/07/20 00:47:04.257, 1, ${V100_GPU_1_UUID}, 00000000:02:00.0, 900, 877, 126.45, 150.00, 56, 57, 100, 12248, P0, Not Active, Not Active, Not Active
2026/07/20 00:47:04.389, 0, ${V100_GPU_0_UUID}, 00000000:01:00.0, 900, 877, 32.56, 150.00, 55, 55, 0, 9160, P0, Not Active, Not Active, Not Active
2026/07/20 00:47:04.395, 1, ${V100_GPU_1_UUID}, 00000000:02:00.0, 900, 877, 136.30, 150.00, 56, 57, 100, 12248, P0, Not Active, Not Active, Not Active
2026/07/20 00:47:04.529, 0, ${V100_GPU_0_UUID}, 00000000:01:00.0, 900, 877, 32.37, 150.00, 55, 54, 0, 9160, P0, Not Active, Not Active, Not Active
2026/07/20 00:47:04.535, 1, ${V100_GPU_1_UUID}, 00000000:02:00.0, 900, 877, 32.71, 150.00, 55, 58, 95, 12248, P0, Not Active, Not Active, Not Active
2026/07/20 00:47:04.823, 0, ${V100_GPU_0_UUID}, 00000000:01:00.0, 900, 877, 32.39, 150.00, 55, 54, 0, 9160, P0, Not Active, Not Active, Not Active
2026/07/20 00:47:04.830, 1, ${V100_GPU_1_UUID}, 00000000:02:00.0, 900, 877, 30.78, 150.00, 54, 53, 0, 12248, P0, Not Active, Not Active, Not Active
2026/07/20 00:47:04.989, 0, ${V100_GPU_0_UUID}, 00000000:01:00.0, 900, 877, 32.32, 150.00, 55, 54, 0, 9160, P0, Not Active, Not Active, Not Active
2026/07/20 00:47:05.001, 1, ${V100_GPU_1_UUID}, 00000000:02:00.0, 900, 877, 30.72, 150.00, 54, 52, 0, 12248, P0, Not Active, Not Active, Not Active
2026/07/20 00:47:05.141, 0, ${V100_GPU_0_UUID}, 00000000:01:00.0, 900, 877, 117.97, 150.00, 56, 57, 49, 9200, P0, Not Active, Not Active, Not Active
2026/07/20 00:47:05.157, 1, ${V100_GPU_1_UUID}, 00000000:02:00.0, 900, 877, 31.01, 150.00, 54, 52, 0, 12288, P0, Not Active, Not Active, Not Active
2026/07/20 00:47:05.290, 0, ${V100_GPU_0_UUID}, 00000000:01:00.0, 900, 877, 119.87, 150.00, 57, 58, 49, 9200, P0, Not Active, Not Active, Not Active
2026/07/20 00:47:05.297, 1, ${V100_GPU_1_UUID}, 00000000:02:00.0, 900, 877, 31.01, 150.00, 54, 52, 0, 12288, P0, Not Active, Not Active, Not Active
2026/07/20 00:47:05.429, 0, ${V100_GPU_0_UUID}, 00000000:01:00.0, 900, 877, 121.05, 150.00, 58, 59, 100, 9200, P0, Not Active, Not Active, Not Active
2026/07/20 00:47:05.437, 1, ${V100_GPU_1_UUID}, 00000000:02:00.0, 900, 877, 31.01, 150.00, 54, 52, 0, 12288, P0, Not Active, Not Active, Not Active
2026/07/20 00:47:05.569, 0, ${V100_GPU_0_UUID}, 00000000:01:00.0, 900, 877, 119.71, 150.00, 58, 59, 100, 9200, P0, Not Active, Not Active, Not Active
2026/07/20 00:47:05.579, 1, ${V100_GPU_1_UUID}, 00000000:02:00.0, 900, 877, 30.97, 150.00, 53, 52, 0, 12288, P0, Not Active, Not Active, Not Active
2026/07/20 00:47:05.712, 0, ${V100_GPU_0_UUID}, 00000000:01:00.0, 900, 877, 32.54, 150.00, 57, 56, 62, 9200, P0, Not Active, Not Active, Not Active
2026/07/20 00:47:05.717, 1, ${V100_GPU_1_UUID}, 00000000:02:00.0, 900, 877, 133.55, 150.00, 56, 56, 73, 12288, P0, Not Active, Not Active, Not Active
2026/07/20 00:47:05.861, 0, ${V100_GPU_0_UUID}, 00000000:01:00.0, 900, 877, 32.56, 150.00, 56, 55, 0, 9200, P0, Not Active, Not Active, Not Active
2026/07/20 00:47:05.866, 1, ${V100_GPU_1_UUID}, 00000000:02:00.0, 900, 877, 136.40, 150.00, 56, 57, 73, 12288, P0, Not Active, Not Active, Not Active
2026/07/20 00:47:06.000, 0, ${V100_GPU_0_UUID}, 00000000:01:00.0, 900, 877, 32.56, 150.00, 56, 55, 0, 9200, P0, Not Active, Not Active, Not Active
2026/07/20 00:47:06.006, 1, ${V100_GPU_1_UUID}, 00000000:02:00.0, 900, 877, 127.40, 150.00, 57, 58, 100, 12288, P0, Not Active, Not Active, Not Active
2026/07/20 00:47:06.143, 0, ${V100_GPU_0_UUID}, 00000000:01:00.0, 900, 877, 32.83, 150.00, 56, 55, 0, 9200, P0, Not Active, Not Active, Not Active
2026/07/20 00:47:06.154, 1, ${V100_GPU_1_UUID}, 00000000:02:00.0, 900, 877, 33.12, 150.00, 56, 58, 100, 12288, P0, Not Active, Not Active, Not Active
2026/07/20 00:47:06.313, 0, ${V100_GPU_0_UUID}, 00000000:01:00.0, 900, 877, 32.80, 150.00, 56, 55, 0, 9200, P0, Not Active, Not Active, Not Active
2026/07/20 00:47:06.319, 1, ${V100_GPU_1_UUID}, 00000000:02:00.0, 900, 877, 32.66, 150.00, 55, 54, 56, 12288, P0, Not Active, Not Active, Not Active
2026/07/20 00:47:06.494, 0, ${V100_GPU_0_UUID}, 00000000:01:00.0, 900, 877, 119.95, 150.00, 58, 58, 94, 9200, P0, Not Active, Not Active, Not Active
2026/07/20 00:47:06.518, 1, ${V100_GPU_1_UUID}, 00000000:02:00.0, 900, 877, 31.03, 150.00, 54, 53, 0, 12288, P0, Not Active, Not Active, Not Active
2026/07/20 00:47:06.667, 0, ${V100_GPU_0_UUID}, 00000000:01:00.0, 900, 877, 118.12, 150.00, 58, 59, 100, 9200, P0, Not Active, Not Active, Not Active
2026/07/20 00:47:06.673, 1, ${V100_GPU_1_UUID}, 00000000:02:00.0, 900, 877, 31.01, 150.00, 54, 53, 0, 12288, P0, Not Active, Not Active, Not Active
2026/07/20 00:47:06.805, 0, ${V100_GPU_0_UUID}, 00000000:01:00.0, 900, 877, 117.73, 150.00, 58, 60, 100, 9200, P0, Not Active, Not Active, Not Active
2026/07/20 00:47:06.812, 1, ${V100_GPU_1_UUID}, 00000000:02:00.0, 900, 877, 30.99, 150.00, 54, 53, 0, 12288, P0, Not Active, Not Active, Not Active
2026/07/20 00:47:06.952, 0, ${V100_GPU_0_UUID}, 00000000:01:00.0, 900, 877, 33.02, 150.00, 57, 58, 100, 9200, P0, Not Active, Not Active, Not Active
2026/07/20 00:47:06.958, 1, ${V100_GPU_1_UUID}, 00000000:02:00.0, 900, 877, 135.83, 150.00, 56, 56, 22, 12288, P0, Not Active, Not Active, Not Active
2026/07/20 00:47:07.094, 0, ${V100_GPU_0_UUID}, 00000000:01:00.0, 900, 877, 33.04, 150.00, 56, 55, 16, 9200, P0, Not Active, Not Active, Not Active
2026/07/20 00:47:07.099, 1, ${V100_GPU_1_UUID}, 00000000:02:00.0, 900, 877, 132.81, 150.00, 57, 58, 100, 12288, P0, Not Active, Not Active, Not Active
2026/07/20 00:47:07.238, 0, ${V100_GPU_0_UUID}, 00000000:01:00.0, 900, 877, 33.02, 150.00, 56, 55, 0, 9200, P0, Not Active, Not Active, Not Active
2026/07/20 00:47:07.244, 1, ${V100_GPU_1_UUID}, 00000000:02:00.0, 900, 877, 129.89, 150.00, 57, 58, 100, 12288, P0, Not Active, Not Active, Not Active
2026/07/20 00:47:07.378, 0, ${V100_GPU_0_UUID}, 00000000:01:00.0, 900, 877, 32.76, 150.00, 56, 55, 0, 9200, P0, Not Active, Not Active, Not Active
2026/07/20 00:47:07.384, 1, ${V100_GPU_1_UUID}, 00000000:02:00.0, 900, 877, 48.93, 150.00, 57, 58, 100, 12288, P0, Not Active, Not Active, Not Active
2026/07/20 00:47:07.531, 0, ${V100_GPU_0_UUID}, 00000000:01:00.0, 900, 877, 32.80, 150.00, 56, 55, 0, 9200, P0, Not Active, Not Active, Not Active
2026/07/20 00:47:07.545, 1, ${V100_GPU_1_UUID}, 00000000:02:00.0, 900, 877, 31.20, 150.00, 55, 54, 100, 12288, P0, Not Active, Not Active, Not Active
2026/07/20 00:47:07.688, 0, ${V100_GPU_0_UUID}, 00000000:01:00.0, 900, 877, 119.87, 150.00, 57, 58, 39, 9200, P0, Not Active, Not Active, Not Active
2026/07/20 00:47:07.700, 1, ${V100_GPU_1_UUID}, 00000000:02:00.0, 900, 877, 31.53, 150.00, 55, 54, 3, 12288, P0, Not Active, Not Active, Not Active
2026/07/20 00:47:07.858, 0, ${V100_GPU_0_UUID}, 00000000:01:00.0, 900, 877, 119.23, 150.00, 58, 59, 100, 9200, P0, Not Active, Not Active, Not Active
2026/07/20 00:47:07.876, 1, ${V100_GPU_1_UUID}, 00000000:02:00.0, 900, 877, 31.01, 150.00, 54, 53, 0, 12288, P0, Not Active, Not Active, Not Active
2026/07/20 00:47:08.015, 0, ${V100_GPU_0_UUID}, 00000000:01:00.0, 900, 877, 120.66, 150.00, 59, 60, 100, 9200, P0, Not Active, Not Active, Not Active
2026/07/20 00:47:08.033, 1, ${V100_GPU_1_UUID}, 00000000:02:00.0, 900, 877, 31.01, 150.00, 54, 53, 0, 12288, P0, Not Active, Not Active, Not Active
2026/07/20 00:47:08.166, 0, ${V100_GPU_0_UUID}, 00000000:01:00.0, 900, 877, 34.40, 150.00, 58, 58, 71, 9200, P0, Not Active, Not Active, Not Active
2026/07/20 00:47:08.172, 1, ${V100_GPU_1_UUID}, 00000000:02:00.0, 900, 877, 133.76, 150.00, 56, 55, 0, 12288, P0, Not Active, Not Active, Not Active
2026/07/20 00:47:08.319, 0, ${V100_GPU_0_UUID}, 00000000:01:00.0, 900, 877, 33.04, 150.00, 57, 56, 71, 9200, P0, Not Active, Not Active, Not Active
2026/07/20 00:47:08.325, 1, ${V100_GPU_1_UUID}, 00000000:02:00.0, 900, 877, 134.03, 150.00, 57, 58, 77, 12288, P0, Not Active, Not Active, Not Active
2026/07/20 00:47:08.460, 0, ${V100_GPU_0_UUID}, 00000000:01:00.0, 900, 877, 32.54, 150.00, 56, 56, 0, 9200, P0, Not Active, Not Active, Not Active
2026/07/20 00:47:08.465, 1, ${V100_GPU_1_UUID}, 00000000:02:00.0, 900, 877, 127.14, 150.00, 57, 58, 100, 12288, P0, Not Active, Not Active, Not Active
2026/07/20 00:47:08.619, 0, ${V100_GPU_0_UUID}, 00000000:01:00.0, 900, 877, 32.56, 150.00, 56, 55, 0, 9200, P0, Not Active, Not Active, Not Active
2026/07/20 00:47:08.624, 1, ${V100_GPU_1_UUID}, 00000000:02:00.0, 900, 877, 116.82, 150.00, 57, 58, 100, 12288, P0, Not Active, Not Active, Not Active
2026/07/20 00:47:08.783, 0, ${V100_GPU_0_UUID}, 00000000:01:00.0, 900, 877, 32.83, 150.00, 56, 55, 0, 9200, P0, Not Active, Not Active, Not Active
2026/07/20 00:47:08.795, 1, ${V100_GPU_1_UUID}, 00000000:02:00.0, 900, 877, 31.72, 150.00, 55, 55, 48, 12288, P0, Not Active, Not Active, Not Active
2026/07/20 00:47:08.954, 0, ${V100_GPU_0_UUID}, 00000000:01:00.0, 900, 877, 32.83, 150.00, 56, 55, 0, 9200, P0, Not Active, Not Active, Not Active
2026/07/20 00:47:08.966, 1, ${V100_GPU_1_UUID}, 00000000:02:00.0, 900, 877, 31.22, 150.00, 55, 54, 0, 12288, P0, Not Active, Not Active, Not Active
2026/07/20 00:47:09.099, 0, ${V100_GPU_0_UUID}, 00000000:01:00.0, 900, 877, 34.27, 150.00, 56, 55, 0, 394, P0, Not Active, Not Active, Not Active
2026/07/20 00:47:09.105, 1, ${V100_GPU_1_UUID}, 00000000:02:00.0, 900, 877, 33.14, 150.00, 55, 54, 49, 394, P0, Not Active, Not Active, Not Active
2026/07/20 00:47:09.237, 0, ${V100_GPU_0_UUID}, 00000000:01:00.0, 900, 877, 34.27, 150.00, 56, 55, 89, 394, P0, Not Active, Not Active, Not Active
2026/07/20 00:47:09.243, 1, ${V100_GPU_1_UUID}, 00000000:02:00.0, 900, 877, 33.14, 150.00, 55, 54, 49, 394, P0, Not Active, Not Active, Not Active
2026/07/20 00:47:09.397, 0, ${V100_GPU_0_UUID}, 00000000:01:00.0, 900, 877, 34.27, 150.00, 56, 55, 100, 394, P0, Not Active, Not Active, Not Active
2026/07/20 00:47:09.403, 1, ${V100_GPU_1_UUID}, 00000000:02:00.0, 900, 877, 33.14, 150.00, 54, 54, 100, 394, P0, Not Active, Not Active, Not Active
2026/07/20 00:47:09.535, 0, ${V100_GPU_0_UUID}, 00000000:01:00.0, 900, 877, 32.85, 150.00, 56, 55, 42, 394, P0, Not Active, Not Active, Not Active
2026/07/20 00:47:09.540, 1, ${V100_GPU_1_UUID}, 00000000:02:00.0, 900, 877, 32.20, 150.00, 55, 54, 100, 394, P0, Not Active, Not Active, Not Active
2026/07/20 00:47:09.697, 0, ${V100_GPU_0_UUID}, 00000000:01:00.0, 900, 877, 32.85, 150.00, 56, 55, 0, 394, P0, Not Active, Not Active, Not Active
2026/07/20 00:47:09.703, 1, ${V100_GPU_1_UUID}, 00000000:02:00.0, 900, 877, 31.24, 150.00, 54, 53, 57, 394, P0, Not Active, Not Active, Not Active
2026/07/20 00:47:09.835, 0, ${V100_GPU_0_UUID}, 00000000:01:00.0, 900, 877, 32.85, 150.00, 56, 55, 0, 394, P0, Not Active, Not Active, Not Active
2026/07/20 00:47:09.840, 1, ${V100_GPU_1_UUID}, 00000000:02:00.0, 900, 877, 31.24, 150.00, 54, 53, 0, 394, P0, Not Active, Not Active, Not Active
2026/07/20 00:47:10.001, 0, ${V100_GPU_0_UUID}, 00000000:01:00.0, 900, 877, 32.85, 150.00, 56, 55, 0, 394, P0, Not Active, Not Active, Not Active
2026/07/20 00:47:10.007, 1, ${V100_GPU_1_UUID}, 00000000:02:00.0, 900, 877, 31.24, 150.00, 54, 53, 0, 394, P0, Not Active, Not Active, Not Active
2026/07/20 00:47:10.151, 0, ${V100_GPU_0_UUID}, 00000000:01:00.0, 900, 877, 32.85, 150.00, 56, 55, 0, 394, P0, Not Active, Not Active, Not Active
2026/07/20 00:47:10.156, 1, ${V100_GPU_1_UUID}, 00000000:02:00.0, 900, 877, 31.24, 150.00, 54, 53, 0, 394, P0, Not Active, Not Active, Not Active
2026/07/20 00:47:10.302, 0, ${V100_GPU_0_UUID}, 00000000:01:00.0, 900, 877, 32.85, 150.00, 56, 55, 0, 394, P0, Not Active, Not Active, Not Active
2026/07/20 00:47:10.308, 1, ${V100_GPU_1_UUID}, 00000000:02:00.0, 900, 877, 31.24, 150.00, 54, 53, 0, 394, P0, Not Active, Not Active, Not Active
2026/07/20 00:47:10.441, 0, ${V100_GPU_0_UUID}, 00000000:01:00.0, 900, 877, 32.85, 150.00, 56, 55, 0, 394, P0, Not Active, Not Active, Not Active
2026/07/20 00:47:10.447, 1, ${V100_GPU_1_UUID}, 00000000:02:00.0, 900, 877, 31.24, 150.00, 54, 53, 0, 394, P0, Not Active, Not Active, Not Active
2026/07/20 00:47:10.585, 0, ${V100_GPU_0_UUID}, 00000000:01:00.0, 900, 877, 32.83, 150.00, 56, 55, 0, 394, P0, Not Active, Not Active, Not Active
2026/07/20 00:47:10.591, 1, ${V100_GPU_1_UUID}, 00000000:02:00.0, 900, 877, 31.22, 150.00, 54, 53, 0, 394, P0, Not Active, Not Active, Not Active
2026/07/20 00:47:10.752, 0, ${V100_GPU_0_UUID}, 00000000:01:00.0, 900, 877, 32.85, 150.00, 56, 55, 0, 394, P0, Not Active, Not Active, Not Active
2026/07/20 00:47:10.758, 1, ${V100_GPU_1_UUID}, 00000000:02:00.0, 900, 877, 31.24, 150.00, 54, 53, 0, 394, P0, Not Active, Not Active, Not Active
2026/07/20 00:47:10.889, 0, ${V100_GPU_0_UUID}, 00000000:01:00.0, 900, 877, 32.85, 150.00, 56, 55, 0, 394, P0, Not Active, Not Active, Not Active
2026/07/20 00:47:10.895, 1, ${V100_GPU_1_UUID}, 00000000:02:00.0, 900, 877, 31.24, 150.00, 54, 53, 0, 394, P0, Not Active, Not Active, Not Active
2026/07/20 00:47:11.027, 0, ${V100_GPU_0_UUID}, 00000000:01:00.0, 900, 877, 32.85, 150.00, 56, 55, 0, 394, P0, Not Active, Not Active, Not Active
2026/07/20 00:47:11.033, 1, ${V100_GPU_1_UUID}, 00000000:02:00.0, 900, 877, 31.24, 150.00, 54, 53, 0, 394, P0, Not Active, Not Active, Not Active
2026/07/20 00:47:11.167, 0, ${V100_GPU_0_UUID}, 00000000:01:00.0, 900, 877, 32.85, 150.00, 56, 55, 0, 394, P0, Not Active, Not Active, Not Active
2026/07/20 00:47:11.173, 1, ${V100_GPU_1_UUID}, 00000000:02:00.0, 900, 877, 31.24, 150.00, 54, 53, 0, 394, P0, Not Active, Not Active, Not Active
2026/07/20 00:47:11.308, 0, ${V100_GPU_0_UUID}, 00000000:01:00.0, 900, 877, 32.85, 150.00, 56, 55, 0, 394, P0, Not Active, Not Active, Not Active
2026/07/20 00:47:11.314, 1, ${V100_GPU_1_UUID}, 00000000:02:00.0, 900, 877, 31.24, 150.00, 54, 53, 0, 394, P0, Not Active, Not Active, Not Active
2026/07/20 00:47:11.447, 0, ${V100_GPU_0_UUID}, 00000000:01:00.0, 900, 877, 32.85, 150.00, 56, 55, 0, 394, P0, Not Active, Not Active, Not Active
2026/07/20 00:47:11.453, 1, ${V100_GPU_1_UUID}, 00000000:02:00.0, 900, 877, 31.24, 150.00, 54, 53, 0, 394, P0, Not Active, Not Active, Not Active
2026/07/20 00:47:11.597, 0, ${V100_GPU_0_UUID}, 00000000:01:00.0, 900, 877, 32.87, 150.00, 56, 55, 0, 394, P0, Not Active, Not Active, Not Active
2026/07/20 00:47:11.618, 1, ${V100_GPU_1_UUID}, 00000000:02:00.0, 900, 877, 31.26, 150.00, 54, 53, 0, 394, P0, Not Active, Not Active, Not Active
2026/07/20 00:47:11.755, 0, ${V100_GPU_0_UUID}, 00000000:01:00.0, 900, 877, 32.85, 150.00, 56, 55, 0, 394, P0, Not Active, Not Active, Not Active
2026/07/20 00:47:11.761, 1, ${V100_GPU_1_UUID}, 00000000:02:00.0, 900, 877, 31.24, 150.00, 54, 53, 0, 394, P0, Not Active, Not Active, Not Active
2026/07/20 00:47:11.919, 0, ${V100_GPU_0_UUID}, 00000000:01:00.0, 900, 877, 32.85, 150.00, 56, 55, 0, 394, P0, Not Active, Not Active, Not Active
2026/07/20 00:47:11.926, 1, ${V100_GPU_1_UUID}, 00000000:02:00.0, 900, 877, 31.24, 150.00, 54, 53, 0, 394, P0, Not Active, Not Active, Not Active
2026/07/20 00:47:12.065, 0, ${V100_GPU_0_UUID}, 00000000:01:00.0, 900, 877, 32.87, 150.00, 56, 55, 0, 394, P0, Not Active, Not Active, Not Active
2026/07/20 00:47:12.075, 1, ${V100_GPU_1_UUID}, 00000000:02:00.0, 900, 877, 31.26, 150.00, 54, 53, 0, 394, P0, Not Active, Not Active, Not Active
2026/07/20 00:47:12.234, 0, ${V100_GPU_0_UUID}, 00000000:01:00.0, 900, 877, 32.85, 150.00, 56, 55, 0, 394, P0, Not Active, Not Active, Not Active
2026/07/20 00:47:12.240, 1, ${V100_GPU_1_UUID}, 00000000:02:00.0, 900, 877, 31.24, 150.00, 54, 53, 0, 394, P0, Not Active, Not Active, Not Active
2026/07/20 00:47:12.394, 0, ${V100_GPU_0_UUID}, 00000000:01:00.0, 900, 877, 32.87, 150.00, 56, 55, 0, 394, P0, Not Active, Not Active, Not Active
2026/07/20 00:47:12.405, 1, ${V100_GPU_1_UUID}, 00000000:02:00.0, 900, 877, 31.26, 150.00, 54, 53, 0, 394, P0, Not Active, Not Active, Not Active
2026/07/20 00:47:12.542, 0, ${V100_GPU_0_UUID}, 00000000:01:00.0, 900, 877, 32.85, 150.00, 56, 55, 0, 394, P0, Not Active, Not Active, Not Active
2026/07/20 00:47:12.548, 1, ${V100_GPU_1_UUID}, 00000000:02:00.0, 900, 877, 31.24, 150.00, 54, 53, 0, 394, P0, Not Active, Not Active, Not Active
2026/07/20 00:47:12.710, 0, ${V100_GPU_0_UUID}, 00000000:01:00.0, 900, 877, 32.87, 150.00, 56, 55, 0, 394, P0, Not Active, Not Active, Not Active
2026/07/20 00:47:12.717, 1, ${V100_GPU_1_UUID}, 00000000:02:00.0, 900, 877, 31.26, 150.00, 54, 53, 0, 394, P0, Not Active, Not Active, Not Active
2026/07/20 00:47:12.855, 0, ${V100_GPU_0_UUID}, 00000000:01:00.0, 900, 877, 32.85, 150.00, 56, 55, 0, 394, P0, Not Active, Not Active, Not Active
2026/07/20 00:47:12.860, 1, ${V100_GPU_1_UUID}, 00000000:02:00.0, 900, 877, 31.24, 150.00, 54, 53, 0, 394, P0, Not Active, Not Active, Not Active
2026/07/20 00:47:13.022, 0, ${V100_GPU_0_UUID}, 00000000:01:00.0, 900, 877, 32.85, 150.00, 56, 55, 0, 394, P0, Not Active, Not Active, Not Active
2026/07/20 00:47:13.028, 1, ${V100_GPU_1_UUID}, 00000000:02:00.0, 900, 877, 31.24, 150.00, 54, 53, 0, 394, P0, Not Active, Not Active, Not Active
2026/07/20 00:47:13.160, 0, ${V100_GPU_0_UUID}, 00000000:01:00.0, 900, 877, 32.85, 150.00, 56, 55, 0, 394, P0, Not Active, Not Active, Not Active
2026/07/20 00:47:13.166, 1, ${V100_GPU_1_UUID}, 00000000:02:00.0, 900, 877, 31.24, 150.00, 54, 53, 0, 394, P0, Not Active, Not Active, Not Active
2026/07/20 00:47:13.300, 0, ${V100_GPU_0_UUID}, 00000000:01:00.0, 900, 877, 32.83, 150.00, 56, 55, 0, 394, P0, Not Active, Not Active, Not Active
2026/07/20 00:47:13.308, 1, ${V100_GPU_1_UUID}, 00000000:02:00.0, 900, 877, 31.22, 150.00, 54, 53, 0, 394, P0, Not Active, Not Active, Not Active
