timestamp,index,uuid,pci_bus_id,graphics_clock_mhz,memory_clock_mhz,power_w,power_limit_w,gpu_temperature_c,memory_temperature_c,gpu_util_pct,memory_used_mib,pstate,sw_power_cap,sw_thermal_slowdown,hw_thermal_slowdown
2026/07/20 00:40:56.615, 0, ${V100_GPU_0_UUID}, 00000000:01:00.0, 900, 877, 32.85, 150.00, 54, 53, 0, 5, P0, Not Active, Not Active, Not Active
2026/07/20 00:40:56.621, 1, ${V100_GPU_1_UUID}, 00000000:02:00.0, 900, 877, 30.78, 150.00, 53, 51, 0, 5, P0, Not Active, Not Active, Not Active
2026/07/20 00:40:56.758, 0, ${V100_GPU_0_UUID}, 00000000:01:00.0, 900, 877, 32.85, 150.00, 54, 53, 0, 5, P0, Not Active, Not Active, Not Active
2026/07/20 00:40:56.765, 1, ${V100_GPU_1_UUID}, 00000000:02:00.0, 900, 877, 30.28, 150.00, 53, 51, 0, 5, P0, Not Active, Not Active, Not Active
2026/07/20 00:40:56.928, 0, ${V100_GPU_0_UUID}, 00000000:01:00.0, 900, 877, 32.85, 150.00, 54, 53, 0, 5, P0, Not Active, Not Active, Not Active
2026/07/20 00:40:56.934, 1, ${V100_GPU_1_UUID}, 00000000:02:00.0, 900, 877, 30.76, 150.00, 53, 51, 0, 5, P0, Not Active, Not Active, Not Active
2026/07/20 00:40:57.099, 0, ${V100_GPU_0_UUID}, 00000000:01:00.0, 900, 877, 32.87, 150.00, 54, 53, 0, 5, P0, Not Active, Not Active, Not Active
2026/07/20 00:40:57.107, 1, ${V100_GPU_1_UUID}, 00000000:02:00.0, 900, 877, 30.78, 150.00, 53, 51, 0, 5, P0, Not Active, Not Active, Not Active
2026/07/20 00:40:57.269, 0, ${V100_GPU_0_UUID}, 00000000:01:00.0, 900, 877, 32.85, 150.00, 54, 53, 0, 5, P0, Not Active, Not Active, Not Active
2026/07/20 00:40:57.275, 1, ${V100_GPU_1_UUID}, 00000000:02:00.0, 900, 877, 30.78, 150.00, 53, 51, 0, 5, P0, Not Active, Not Active, Not Active
2026/07/20 00:40:57.412, 0, ${V100_GPU_0_UUID}, 00000000:01:00.0, 900, 877, 32.85, 150.00, 54, 53, 0, 5, P0, Not Active, Not Active, Not Active
2026/07/20 00:40:57.417, 1, ${V100_GPU_1_UUID}, 00000000:02:00.0, 900, 877, 30.76, 150.00, 52, 51, 0, 5, P0, Not Active, Not Active, Not Active
2026/07/20 00:40:57.575, 0, ${V100_GPU_0_UUID}, 00000000:01:00.0, 900, 877, 32.85, 150.00, 54, 53, 0, 5, P0, Not Active, Not Active, Not Active
2026/07/20 00:40:57.581, 1, ${V100_GPU_1_UUID}, 00000000:02:00.0, 900, 877, 30.76, 150.00, 53, 51, 0, 5, P0, Not Active, Not Active, Not Active
2026/07/20 00:40:57.745, 0, ${V100_GPU_0_UUID}, 00000000:01:00.0, 900, 877, 32.85, 150.00, 54, 53, 0, 5, P0, Not Active, Not Active, Not Active
2026/07/20 00:40:57.751, 1, ${V100_GPU_1_UUID}, 00000000:02:00.0, 900, 877, 30.76, 150.00, 53, 51, 0, 5, P0, Not Active, Not Active, Not Active
2026/07/20 00:40:57.913, 0, ${V100_GPU_0_UUID}, 00000000:01:00.0, 900, 877, 32.85, 150.00, 54, 53, 0, 8, P0, Not Active, Not Active, Not Active
2026/07/20 00:40:57.920, 1, ${V100_GPU_1_UUID}, 00000000:02:00.0, 900, 877, 30.76, 150.00, 53, 51, 0, 5, P0, Not Active, Not Active, Not Active
2026/07/20 00:40:58.071, 0, ${V100_GPU_0_UUID}, 00000000:01:00.0, 900, 877, 32.83, 150.00, 54, 53, 0, 8, P0, Not Active, Not Active, Not Active
2026/07/20 00:40:58.077, 1, ${V100_GPU_1_UUID}, 00000000:02:00.0, 900, 877, 30.76, 150.00, 53, 51, 0, 8, P0, Not Active, Not Active, Not Active
2026/07/20 00:40:58.209, 0, ${V100_GPU_0_UUID}, 00000000:01:00.0, 900, 877, 32.83, 150.00, 54, 53, 0, 8, P0, Not Active, Not Active, Not Active
2026/07/20 00:40:58.215, 1, ${V100_GPU_1_UUID}, 00000000:02:00.0, 900, 877, 30.76, 150.00, 53, 51, 0, 8, P0, Not Active, Not Active, Not Active
2026/07/20 00:40:58.349, 0, ${V100_GPU_0_UUID}, 00000000:01:00.0, 900, 877, 32.85, 150.00, 54, 53, 0, 32, P0, Not Active, Not Active, Not Active
2026/07/20 00:40:58.355, 1, ${V100_GPU_1_UUID}, 00000000:02:00.0, 900, 877, 30.76, 150.00, 53, 51, 0, 8, P0, Not Active, Not Active, Not Active
2026/07/20 00:40:58.487, 0, ${V100_GPU_0_UUID}, 00000000:01:00.0, 900, 877, 32.83, 150.00, 54, 53, 2, 316, P0, Not Active, Not Active, Not Active
2026/07/20 00:40:58.493, 1, ${V100_GPU_1_UUID}, 00000000:02:00.0, 900, 877, 30.76, 150.00, 53, 51, 3, 316, P0, Not Active, Not Active, Not Active
2026/07/20 00:40:58.626, 0, ${V100_GPU_0_UUID}, 00000000:01:00.0, 900, 877, 32.87, 150.00, 54, 53, 2, 316, P0, Not Active, Not Active, Not Active
2026/07/20 00:40:58.632, 1, ${V100_GPU_1_UUID}, 00000000:02:00.0, 900, 877, 30.78, 150.00, 53, 51, 0, 316, P0, Not Active, Not Active, Not Active
2026/07/20 00:40:58.764, 0, ${V100_GPU_0_UUID}, 00000000:01:00.0, 900, 877, 32.85, 150.00, 54, 53, 0, 316, P0, Not Active, Not Active, Not Active
2026/07/20 00:40:58.771, 1, ${V100_GPU_1_UUID}, 00000000:02:00.0, 900, 877, 30.76, 150.00, 53, 51, 0, 316, P0, Not Active, Not Active, Not Active
2026/07/20 00:40:58.903, 0, ${V100_GPU_0_UUID}, 00000000:01:00.0, 900, 877, 32.85, 150.00, 54, 53, 0, 316, P0, Not Active, Not Active, Not Active
2026/07/20 00:40:58.909, 1, ${V100_GPU_1_UUID}, 00000000:02:00.0, 900, 877, 30.76, 150.00, 53, 51, 0, 316, P0, Not Active, Not Active, Not Active
2026/07/20 00:40:59.044, 0, ${V100_GPU_0_UUID}, 00000000:01:00.0, 900, 877, 32.85, 150.00, 54, 53, 0, 316, P0, Not Active, Not Active, Not Active
2026/07/20 00:40:59.050, 1, ${V100_GPU_1_UUID}, 00000000:02:00.0, 900, 877, 30.76, 150.00, 53, 51, 0, 316, P0, Not Active, Not Active, Not Active
2026/07/20 00:40:59.215, 0, ${V100_GPU_0_UUID}, 00000000:01:00.0, 900, 877, 32.87, 150.00, 54, 53, 0, 316, P0, Not Active, Not Active, Not Active
2026/07/20 00:40:59.221, 1, ${V100_GPU_1_UUID}, 00000000:02:00.0, 900, 877, 30.30, 150.00, 53, 51, 0, 316, P0, Not Active, Not Active, Not Active
2026/07/20 00:40:59.385, 0, ${V100_GPU_0_UUID}, 00000000:01:00.0, 900, 877, 32.87, 150.00, 54, 53, 0, 316, P0, Not Active, Not Active, Not Active
2026/07/20 00:40:59.392, 1, ${V100_GPU_1_UUID}, 00000000:02:00.0, 900, 877, 30.78, 150.00, 53, 51, 0, 316, P0, Not Active, Not Active, Not Active
2026/07/20 00:40:59.531, 0, ${V100_GPU_0_UUID}, 00000000:01:00.0, 900, 877, 32.87, 150.00, 54, 53, 0, 316, P0, Not Active, Not Active, Not Active
2026/07/20 00:40:59.538, 1, ${V100_GPU_1_UUID}, 00000000:02:00.0, 900, 877, 30.78, 150.00, 53, 51, 0, 316, P0, Not Active, Not Active, Not Active
2026/07/20 00:40:59.705, 0, ${V100_GPU_0_UUID}, 00000000:01:00.0, 900, 877, 32.87, 150.00, 54, 53, 0, 316, P0, Not Active, Not Active, Not Active
2026/07/20 00:40:59.714, 1, ${V100_GPU_1_UUID}, 00000000:02:00.0, 900, 877, 30.30, 150.00, 53, 51, 0, 316, P0, Not Active, Not Active, Not Active
2026/07/20 00:40:59.867, 0, ${V100_GPU_0_UUID}, 00000000:01:00.0, 900, 877, 32.85, 150.00, 54, 53, 0, 316, P0, Not Active, Not Active, Not Active
2026/07/20 00:40:59.874, 1, ${V100_GPU_1_UUID}, 00000000:02:00.0, 900, 877, 30.76, 150.00, 53, 51, 0, 316, P0, Not Active, Not Active, Not Active
2026/07/20 00:41:00.023, 0, ${V100_GPU_0_UUID}, 00000000:01:00.0, 900, 877, 32.87, 150.00, 54, 53, 0, 316, P0, Not Active, Not Active, Not Active
2026/07/20 00:41:00.034, 1, ${V100_GPU_1_UUID}, 00000000:02:00.0, 900, 877, 30.78, 150.00, 53, 51, 0, 316, P0, Not Active, Not Active, Not Active
2026/07/20 00:41:00.191, 0, ${V100_GPU_0_UUID}, 00000000:01:00.0, 900, 877, 32.87, 150.00, 54, 53, 0, 316, P0, Not Active, Not Active, Not Active
2026/07/20 00:41:00.202, 1, ${V100_GPU_1_UUID}, 00000000:02:00.0, 900, 877, 30.80, 150.00, 53, 51, 0, 316, P0, Not Active, Not Active, Not Active
2026/07/20 00:41:00.374, 0, ${V100_GPU_0_UUID}, 00000000:01:00.0, 900, 877, 32.87, 150.00, 54, 53, 0, 316, P0, Not Active, Not Active, Not Active
2026/07/20 00:41:00.382, 1, ${V100_GPU_1_UUID}, 00000000:02:00.0, 900, 877, 30.78, 150.00, 53, 51, 0, 316, P0, Not Active, Not Active, Not Active
2026/07/20 00:41:00.540, 0, ${V100_GPU_0_UUID}, 00000000:01:00.0, 900, 877, 32.87, 150.00, 54, 53, 0, 316, P0, Not Active, Not Active, Not Active
2026/07/20 00:41:00.547, 1, ${V100_GPU_1_UUID}, 00000000:02:00.0, 900, 877, 30.78, 150.00, 53, 51, 0, 316, P0, Not Active, Not Active, Not Active
2026/07/20 00:41:00.685, 0, ${V100_GPU_0_UUID}, 00000000:01:00.0, 900, 877, 32.85, 150.00, 54, 53, 0, 316, P0, Not Active, Not Active, Not Active
2026/07/20 00:41:00.690, 1, ${V100_GPU_1_UUID}, 00000000:02:00.0, 900, 877, 30.28, 150.00, 53, 51, 0, 316, P0, Not Active, Not Active, Not Active
2026/07/20 00:41:00.822, 0, ${V100_GPU_0_UUID}, 00000000:01:00.0, 900, 877, 32.85, 150.00, 54, 53, 0, 316, P0, Not Active, Not Active, Not Active
2026/07/20 00:41:00.828, 1, ${V100_GPU_1_UUID}, 00000000:02:00.0, 900, 877, 30.78, 150.00, 53, 51, 0, 316, P0, Not Active, Not Active, Not Active
2026/07/20 00:41:00.991, 0, ${V100_GPU_0_UUID}, 00000000:01:00.0, 900, 877, 32.87, 150.00, 54, 53, 0, 316, P0, Not Active, Not Active, Not Active
2026/07/20 00:41:00.999, 1, ${V100_GPU_1_UUID}, 00000000:02:00.0, 900, 877, 30.78, 150.00, 53, 51, 0, 316, P0, Not Active, Not Active, Not Active
2026/07/20 00:41:01.162, 0, ${V100_GPU_0_UUID}, 00000000:01:00.0, 900, 877, 32.87, 150.00, 54, 53, 0, 316, P0, Not Active, Not Active, Not Active
2026/07/20 00:41:01.169, 1, ${V100_GPU_1_UUID}, 00000000:02:00.0, 900, 877, 30.78, 150.00, 53, 51, 0, 316, P0, Not Active, Not Active, Not Active
2026/07/20 00:41:01.334, 0, ${V100_GPU_0_UUID}, 00000000:01:00.0, 900, 877, 32.87, 150.00, 54, 53, 0, 316, P0, Not Active, Not Active, Not Active
2026/07/20 00:41:01.341, 1, ${V100_GPU_1_UUID}, 00000000:02:00.0, 900, 877, 30.30, 150.00, 53, 51, 0, 316, P0, Not Active, Not Active, Not Active
2026/07/20 00:41:01.502, 0, ${V100_GPU_0_UUID}, 00000000:01:00.0, 900, 877, 32.87, 150.00, 54, 53, 0, 316, P0, Not Active, Not Active, Not Active
2026/07/20 00:41:01.509, 1, ${V100_GPU_1_UUID}, 00000000:02:00.0, 900, 877, 30.78, 150.00, 53, 51, 0, 316, P0, Not Active, Not Active, Not Active
2026/07/20 00:41:01.652, 0, ${V100_GPU_0_UUID}, 00000000:01:00.0, 900, 877, 32.87, 150.00, 54, 53, 0, 316, P0, Not Active, Not Active, Not Active
2026/07/20 00:41:01.662, 1, ${V100_GPU_1_UUID}, 00000000:02:00.0, 900, 877, 30.78, 150.00, 53, 51, 0, 316, P0, Not Active, Not Active, Not Active
2026/07/20 00:41:01.827, 0, ${V100_GPU_0_UUID}, 00000000:01:00.0, 900, 877, 32.87, 150.00, 54, 53, 0, 316, P0, Not Active, Not Active, Not Active
2026/07/20 00:41:01.840, 1, ${V100_GPU_1_UUID}, 00000000:02:00.0, 900, 877, 30.78, 150.00, 53, 51, 0, 316, P0, Not Active, Not Active, Not Active
2026/07/20 00:41:02.006, 0, ${V100_GPU_0_UUID}, 00000000:01:00.0, 900, 877, 32.87, 150.00, 54, 53, 0, 316, P0, Not Active, Not Active, Not Active
2026/07/20 00:41:02.014, 1, ${V100_GPU_1_UUID}, 00000000:02:00.0, 900, 877, 30.78, 150.00, 53, 51, 0, 316, P0, Not Active, Not Active, Not Active
2026/07/20 00:41:02.180, 0, ${V100_GPU_0_UUID}, 00000000:01:00.0, 900, 877, 32.87, 150.00, 54, 53, 0, 316, P0, Not Active, Not Active, Not Active
2026/07/20 00:41:02.187, 1, ${V100_GPU_1_UUID}, 00000000:02:00.0, 900, 877, 30.78, 150.00, 53, 51, 0, 316, P0, Not Active, Not Active, Not Active
2026/07/20 00:41:02.321, 0, ${V100_GPU_0_UUID}, 00000000:01:00.0, 900, 877, 32.87, 150.00, 54, 53, 0, 316, P0, Not Active, Not Active, Not Active
2026/07/20 00:41:02.327, 1, ${V100_GPU_1_UUID}, 00000000:02:00.0, 900, 877, 30.78, 150.00, 53, 51, 0, 316, P0, Not Active, Not Active, Not Active
2026/07/20 00:41:02.491, 0, ${V100_GPU_0_UUID}, 00000000:01:00.0, 900, 877, 32.87, 150.00, 54, 53, 0, 316, P0, Not Active, Not Active, Not Active
2026/07/20 00:41:02.499, 1, ${V100_GPU_1_UUID}, 00000000:02:00.0, 900, 877, 30.78, 150.00, 53, 51, 0, 316, P0, Not Active, Not Active, Not Active
2026/07/20 00:41:02.634, 0, ${V100_GPU_0_UUID}, 00000000:01:00.0, 900, 877, 32.87, 150.00, 54, 53, 0, 316, P0, Not Active, Not Active, Not Active
2026/07/20 00:41:02.640, 1, ${V100_GPU_1_UUID}, 00000000:02:00.0, 900, 877, 30.78, 150.00, 53, 51, 0, 316, P0, Not Active, Not Active, Not Active
2026/07/20 00:41:02.778, 0, ${V100_GPU_0_UUID}, 00000000:01:00.0, 900, 877, 32.87, 150.00, 54, 53, 0, 316, P0, Not Active, Not Active, Not Active
2026/07/20 00:41:02.784, 1, ${V100_GPU_1_UUID}, 00000000:02:00.0, 900, 877, 30.78, 150.00, 53, 51, 0, 316, P0, Not Active, Not Active, Not Active
2026/07/20 00:41:02.929, 0, ${V100_GPU_0_UUID}, 00000000:01:00.0, 900, 877, 32.87, 150.00, 54, 53, 0, 316, P0, Not Active, Not Active, Not Active
2026/07/20 00:41:02.938, 1, ${V100_GPU_1_UUID}, 00000000:02:00.0, 900, 877, 30.78, 150.00, 53, 51, 0, 316, P0, Not Active, Not Active, Not Active
2026/07/20 00:41:03.102, 0, ${V100_GPU_0_UUID}, 00000000:01:00.0, 900, 877, 32.87, 150.00, 54, 53, 0, 316, P0, Not Active, Not Active, Not Active
2026/07/20 00:41:03.109, 1, ${V100_GPU_1_UUID}, 00000000:02:00.0, 900, 877, 30.78, 150.00, 53, 51, 0, 316, P0, Not Active, Not Active, Not Active
2026/07/20 00:41:03.249, 0, ${V100_GPU_0_UUID}, 00000000:01:00.0, 900, 877, 32.87, 150.00, 54, 53, 0, 316, P0, Not Active, Not Active, Not Active
2026/07/20 00:41:03.257, 1, ${V100_GPU_1_UUID}, 00000000:02:00.0, 900, 877, 30.78, 150.00, 53, 51, 0, 316, P0, Not Active, Not Active, Not Active
2026/07/20 00:41:03.395, 0, ${V100_GPU_0_UUID}, 00000000:01:00.0, 900, 877, 32.87, 150.00, 54, 53, 0, 316, P0, Not Active, Not Active, Not Active
2026/07/20 00:41:03.400, 1, ${V100_GPU_1_UUID}, 00000000:02:00.0, 900, 877, 30.78, 150.00, 53, 51, 0, 316, P0, Not Active, Not Active, Not Active
2026/07/20 00:41:03.562, 0, ${V100_GPU_0_UUID}, 00000000:01:00.0, 900, 877, 32.87, 150.00, 54, 53, 0, 316, P0, Not Active, Not Active, Not Active
2026/07/20 00:41:03.569, 1, ${V100_GPU_1_UUID}, 00000000:02:00.0, 900, 877, 30.78, 150.00, 53, 51, 0, 316, P0, Not Active, Not Active, Not Active
2026/07/20 00:41:03.712, 0, ${V100_GPU_0_UUID}, 00000000:01:00.0, 900, 877, 32.85, 150.00, 54, 53, 0, 316, P0, Not Active, Not Active, Not Active
2026/07/20 00:41:03.718, 1, ${V100_GPU_1_UUID}, 00000000:02:00.0, 900, 877, 30.76, 150.00, 53, 51, 0, 316, P0, Not Active, Not Active, Not Active
2026/07/20 00:41:03.852, 0, ${V100_GPU_0_UUID}, 00000000:01:00.0, 900, 877, 32.87, 150.00, 54, 53, 0, 316, P0, Not Active, Not Active, Not Active
2026/07/20 00:41:03.857, 1, ${V100_GPU_1_UUID}, 00000000:02:00.0, 900, 877, 30.78, 150.00, 53, 51, 0, 316, P0, Not Active, Not Active, Not Active
2026/07/20 00:41:04.021, 0, ${V100_GPU_0_UUID}, 00000000:01:00.0, 900, 877, 32.87, 150.00, 54, 53, 0, 316, P0, Not Active, Not Active, Not Active
2026/07/20 00:41:04.029, 1, ${V100_GPU_1_UUID}, 00000000:02:00.0, 900, 877, 30.78, 150.00, 53, 51, 0, 316, P0, Not Active, Not Active, Not Active
2026/07/20 00:41:04.172, 0, ${V100_GPU_0_UUID}, 00000000:01:00.0, 900, 877, 32.87, 150.00, 54, 53, 0, 316, P0, Not Active, Not Active, Not Active
2026/07/20 00:41:04.182, 1, ${V100_GPU_1_UUID}, 00000000:02:00.0, 900, 877, 30.78, 150.00, 53, 51, 0, 316, P0, Not Active, Not Active, Not Active
2026/07/20 00:41:04.351, 0, ${V100_GPU_0_UUID}, 00000000:01:00.0, 900, 877, 32.87, 150.00, 54, 53, 0, 316, P0, Not Active, Not Active, Not Active
2026/07/20 00:41:04.359, 1, ${V100_GPU_1_UUID}, 00000000:02:00.0, 900, 877, 30.78, 150.00, 53, 51, 0, 316, P0, Not Active, Not Active, Not Active
2026/07/20 00:41:04.525, 0, ${V100_GPU_0_UUID}, 00000000:01:00.0, 900, 877, 32.87, 150.00, 54, 53, 0, 316, P0, Not Active, Not Active, Not Active
2026/07/20 00:41:04.531, 1, ${V100_GPU_1_UUID}, 00000000:02:00.0, 900, 877, 30.30, 150.00, 53, 51, 0, 316, P0, Not Active, Not Active, Not Active
2026/07/20 00:41:04.669, 0, ${V100_GPU_0_UUID}, 00000000:01:00.0, 900, 877, 32.87, 150.00, 54, 53, 0, 316, P0, Not Active, Not Active, Not Active
2026/07/20 00:41:04.677, 1, ${V100_GPU_1_UUID}, 00000000:02:00.0, 900, 877, 30.78, 150.00, 53, 51, 0, 316, P0, Not Active, Not Active, Not Active
2026/07/20 00:41:04.842, 0, ${V100_GPU_0_UUID}, 00000000:01:00.0, 900, 877, 32.87, 150.00, 54, 53, 0, 316, P0, Not Active, Not Active, Not Active
2026/07/20 00:41:04.850, 1, ${V100_GPU_1_UUID}, 00000000:02:00.0, 900, 877, 30.78, 150.00, 53, 51, 0, 316, P0, Not Active, Not Active, Not Active
2026/07/20 00:41:04.996, 0, ${V100_GPU_0_UUID}, 00000000:01:00.0, 900, 877, 32.85, 150.00, 54, 53, 0, 316, P0, Not Active, Not Active, Not Active
2026/07/20 00:41:05.002, 1, ${V100_GPU_1_UUID}, 00000000:02:00.0, 900, 877, 30.78, 150.00, 53, 51, 0, 316, P0, Not Active, Not Active, Not Active
2026/07/20 00:41:05.165, 0, ${V100_GPU_0_UUID}, 00000000:01:00.0, 900, 877, 32.87, 150.00, 54, 53, 0, 316, P0, Not Active, Not Active, Not Active
2026/07/20 00:41:05.173, 1, ${V100_GPU_1_UUID}, 00000000:02:00.0, 900, 877, 30.78, 150.00, 53, 51, 0, 316, P0, Not Active, Not Active, Not Active
2026/07/20 00:41:05.308, 0, ${V100_GPU_0_UUID}, 00000000:01:00.0, 900, 877, 32.85, 150.00, 54, 53, 0, 316, P0, Not Active, Not Active, Not Active
2026/07/20 00:41:05.314, 1, ${V100_GPU_1_UUID}, 00000000:02:00.0, 900, 877, 30.76, 150.00, 53, 51, 0, 316, P0, Not Active, Not Active, Not Active
2026/07/20 00:41:05.466, 0, ${V100_GPU_0_UUID}, 00000000:01:00.0, 900, 877, 32.87, 150.00, 54, 53, 0, 316, P0, Not Active, Not Active, Not Active
2026/07/20 00:41:05.479, 1, ${V100_GPU_1_UUID}, 00000000:02:00.0, 900, 877, 30.80, 150.00, 53, 51, 0, 316, P0, Not Active, Not Active, Not Active
2026/07/20 00:41:05.621, 0, ${V100_GPU_0_UUID}, 00000000:01:00.0, 900, 877, 32.87, 150.00, 54, 53, 0, 316, P0, Not Active, Not Active, Not Active
2026/07/20 00:41:05.628, 1, ${V100_GPU_1_UUID}, 00000000:02:00.0, 900, 877, 30.78, 150.00, 53, 51, 0, 316, P0, Not Active, Not Active, Not Active
2026/07/20 00:41:05.774, 0, ${V100_GPU_0_UUID}, 00000000:01:00.0, 900, 877, 32.85, 150.00, 54, 53, 0, 316, P0, Not Active, Not Active, Not Active
2026/07/20 00:41:05.780, 1, ${V100_GPU_1_UUID}, 00000000:02:00.0, 900, 877, 30.76, 150.00, 53, 51, 0, 316, P0, Not Active, Not Active, Not Active
2026/07/20 00:41:05.927, 0, ${V100_GPU_0_UUID}, 00000000:01:00.0, 900, 877, 32.87, 150.00, 54, 53, 0, 316, P0, Not Active, Not Active, Not Active
2026/07/20 00:41:05.945, 1, ${V100_GPU_1_UUID}, 00000000:02:00.0, 900, 877, 30.32, 150.00, 53, 51, 0, 316, P0, Not Active, Not Active, Not Active
2026/07/20 00:41:06.083, 0, ${V100_GPU_0_UUID}, 00000000:01:00.0, 900, 877, 32.85, 150.00, 54, 53, 0, 316, P0, Not Active, Not Active, Not Active
2026/07/20 00:41:06.088, 1, ${V100_GPU_1_UUID}, 00000000:02:00.0, 900, 877, 30.76, 150.00, 53, 51, 0, 316, P0, Not Active, Not Active, Not Active
2026/07/20 00:41:06.251, 0, ${V100_GPU_0_UUID}, 00000000:01:00.0, 900, 877, 32.87, 150.00, 54, 53, 0, 316, P0, Not Active, Not Active, Not Active
2026/07/20 00:41:06.259, 1, ${V100_GPU_1_UUID}, 00000000:02:00.0, 900, 877, 30.30, 150.00, 53, 51, 0, 316, P0, Not Active, Not Active, Not Active
2026/07/20 00:41:06.425, 0, ${V100_GPU_0_UUID}, 00000000:01:00.0, 900, 877, 32.87, 150.00, 54, 53, 0, 316, P0, Not Active, Not Active, Not Active
2026/07/20 00:41:06.432, 1, ${V100_GPU_1_UUID}, 00000000:02:00.0, 900, 877, 30.78, 150.00, 53, 51, 0, 316, P0, Not Active, Not Active, Not Active
2026/07/20 00:41:06.596, 0, ${V100_GPU_0_UUID}, 00000000:01:00.0, 900, 877, 32.87, 150.00, 54, 53, 0, 316, P0, Not Active, Not Active, Not Active
2026/07/20 00:41:06.604, 1, ${V100_GPU_1_UUID}, 00000000:02:00.0, 900, 877, 30.78, 150.00, 53, 51, 0, 316, P0, Not Active, Not Active, Not Active
2026/07/20 00:41:06.766, 0, ${V100_GPU_0_UUID}, 00000000:01:00.0, 900, 877, 32.87, 150.00, 54, 53, 0, 316, P0, Not Active, Not Active, Not Active
2026/07/20 00:41:06.775, 1, ${V100_GPU_1_UUID}, 00000000:02:00.0, 900, 877, 30.78, 150.00, 53, 51, 0, 316, P0, Not Active, Not Active, Not Active
2026/07/20 00:41:06.919, 0, ${V100_GPU_0_UUID}, 00000000:01:00.0, 900, 877, 32.87, 150.00, 54, 53, 0, 316, P0, Not Active, Not Active, Not Active
2026/07/20 00:41:06.925, 1, ${V100_GPU_1_UUID}, 00000000:02:00.0, 900, 877, 30.78, 150.00, 53, 51, 0, 316, P0, Not Active, Not Active, Not Active
2026/07/20 00:41:07.058, 0, ${V100_GPU_0_UUID}, 00000000:01:00.0, 900, 877, 32.87, 150.00, 54, 53, 0, 316, P0, Not Active, Not Active, Not Active
2026/07/20 00:41:07.064, 1, ${V100_GPU_1_UUID}, 00000000:02:00.0, 900, 877, 30.30, 150.00, 53, 51, 0, 316, P0, Not Active, Not Active, Not Active
2026/07/20 00:41:07.229, 0, ${V100_GPU_0_UUID}, 00000000:01:00.0, 900, 877, 32.87, 150.00, 54, 53, 0, 316, P0, Not Active, Not Active, Not Active
2026/07/20 00:41:07.237, 1, ${V100_GPU_1_UUID}, 00000000:02:00.0, 900, 877, 30.30, 150.00, 53, 51, 0, 316, P0, Not Active, Not Active, Not Active
2026/07/20 00:41:07.404, 0, ${V100_GPU_0_UUID}, 00000000:01:00.0, 900, 877, 32.87, 150.00, 54, 53, 0, 316, P0, Not Active, Not Active, Not Active
2026/07/20 00:41:07.412, 1, ${V100_GPU_1_UUID}, 00000000:02:00.0, 900, 877, 30.80, 150.00, 53, 51, 0, 316, P0, Not Active, Not Active, Not Active
2026/07/20 00:41:07.579, 0, ${V100_GPU_0_UUID}, 00000000:01:00.0, 900, 877, 32.87, 150.00, 54, 53, 0, 316, P0, Not Active, Not Active, Not Active
2026/07/20 00:41:07.587, 1, ${V100_GPU_1_UUID}, 00000000:02:00.0, 900, 877, 30.30, 150.00, 53, 51, 0, 316, P0, Not Active, Not Active, Not Active
2026/07/20 00:41:07.720, 0, ${V100_GPU_0_UUID}, 00000000:01:00.0, 900, 877, 32.87, 150.00, 54, 53, 0, 316, P0, Not Active, Not Active, Not Active
2026/07/20 00:41:07.725, 1, ${V100_GPU_1_UUID}, 00000000:02:00.0, 900, 877, 30.78, 150.00, 53, 51, 0, 316, P0, Not Active, Not Active, Not Active
2026/07/20 00:41:07.890, 0, ${V100_GPU_0_UUID}, 00000000:01:00.0, 900, 877, 32.87, 150.00, 54, 53, 0, 316, P0, Not Active, Not Active, Not Active
2026/07/20 00:41:07.897, 1, ${V100_GPU_1_UUID}, 00000000:02:00.0, 900, 877, 30.78, 150.00, 53, 51, 0, 316, P0, Not Active, Not Active, Not Active
2026/07/20 00:41:08.058, 0, ${V100_GPU_0_UUID}, 00000000:01:00.0, 900, 877, 32.87, 150.00, 54, 53, 0, 316, P0, Not Active, Not Active, Not Active
2026/07/20 00:41:08.064, 1, ${V100_GPU_1_UUID}, 00000000:02:00.0, 900, 877, 30.30, 150.00, 53, 51, 0, 316, P0, Not Active, Not Active, Not Active
2026/07/20 00:41:08.227, 0, ${V100_GPU_0_UUID}, 00000000:01:00.0, 900, 877, 32.87, 150.00, 54, 53, 0, 316, P0, Not Active, Not Active, Not Active
2026/07/20 00:41:08.235, 1, ${V100_GPU_1_UUID}, 00000000:02:00.0, 900, 877, 30.78, 150.00, 53, 51, 0, 316, P0, Not Active, Not Active, Not Active
2026/07/20 00:41:08.393, 0, ${V100_GPU_0_UUID}, 00000000:01:00.0, 900, 877, 32.87, 150.00, 54, 53, 0, 316, P0, Not Active, Not Active, Not Active
2026/07/20 00:41:08.399, 1, ${V100_GPU_1_UUID}, 00000000:02:00.0, 900, 877, 30.78, 150.00, 53, 51, 0, 316, P0, Not Active, Not Active, Not Active
2026/07/20 00:41:08.534, 0, ${V100_GPU_0_UUID}, 00000000:01:00.0, 900, 877, 32.87, 150.00, 54, 53, 0, 316, P0, Not Active, Not Active, Not Active
2026/07/20 00:41:08.540, 1, ${V100_GPU_1_UUID}, 00000000:02:00.0, 900, 877, 30.78, 150.00, 53, 51, 0, 316, P0, Not Active, Not Active, Not Active
2026/07/20 00:41:08.706, 0, ${V100_GPU_0_UUID}, 00000000:01:00.0, 900, 877, 32.87, 150.00, 54, 53, 0, 316, P0, Not Active, Not Active, Not Active
2026/07/20 00:41:08.717, 1, ${V100_GPU_1_UUID}, 00000000:02:00.0, 900, 877, 30.78, 150.00, 53, 51, 0, 316, P0, Not Active, Not Active, Not Active
2026/07/20 00:41:08.884, 0, ${V100_GPU_0_UUID}, 00000000:01:00.0, 900, 877, 32.87, 150.00, 54, 53, 0, 316, P0, Not Active, Not Active, Not Active
2026/07/20 00:41:08.892, 1, ${V100_GPU_1_UUID}, 00000000:02:00.0, 900, 877, 30.78, 150.00, 53, 51, 0, 316, P0, Not Active, Not Active, Not Active
2026/07/20 00:41:09.056, 0, ${V100_GPU_0_UUID}, 00000000:01:00.0, 900, 877, 32.87, 150.00, 54, 53, 0, 316, P0, Not Active, Not Active, Not Active
2026/07/20 00:41:09.064, 1, ${V100_GPU_1_UUID}, 00000000:02:00.0, 900, 877, 30.32, 150.00, 53, 51, 0, 316, P0, Not Active, Not Active, Not Active
2026/07/20 00:41:09.198, 0, ${V100_GPU_0_UUID}, 00000000:01:00.0, 900, 877, 32.85, 150.00, 54, 53, 0, 316, P0, Not Active, Not Active, Not Active
2026/07/20 00:41:09.203, 1, ${V100_GPU_1_UUID}, 00000000:02:00.0, 900, 877, 30.76, 150.00, 53, 51, 0, 316, P0, Not Active, Not Active, Not Active
2026/07/20 00:41:09.358, 0, ${V100_GPU_0_UUID}, 00000000:01:00.0, 900, 877, 32.87, 150.00, 54, 53, 0, 316, P0, Not Active, Not Active, Not Active
2026/07/20 00:41:09.369, 1, ${V100_GPU_1_UUID}, 00000000:02:00.0, 900, 877, 30.80, 150.00, 53, 51, 0, 316, P0, Not Active, Not Active, Not Active
2026/07/20 00:41:09.509, 0, ${V100_GPU_0_UUID}, 00000000:01:00.0, 900, 877, 32.85, 150.00, 54, 53, 0, 316, P0, Not Active, Not Active, Not Active
2026/07/20 00:41:09.516, 1, ${V100_GPU_1_UUID}, 00000000:02:00.0, 900, 877, 30.76, 150.00, 53, 51, 0, 316, P0, Not Active, Not Active, Not Active
2026/07/20 00:41:09.680, 0, ${V100_GPU_0_UUID}, 00000000:01:00.0, 900, 877, 32.87, 150.00, 54, 53, 0, 316, P0, Not Active, Not Active, Not Active
2026/07/20 00:41:09.687, 1, ${V100_GPU_1_UUID}, 00000000:02:00.0, 900, 877, 30.78, 150.00, 53, 51, 0, 316, P0, Not Active, Not Active, Not Active
2026/07/20 00:41:09.823, 0, ${V100_GPU_0_UUID}, 00000000:01:00.0, 900, 877, 32.87, 150.00, 54, 53, 0, 316, P0, Not Active, Not Active, Not Active
2026/07/20 00:41:09.831, 1, ${V100_GPU_1_UUID}, 00000000:02:00.0, 900, 877, 30.30, 150.00, 53, 51, 0, 316, P0, Not Active, Not Active, Not Active
2026/07/20 00:41:09.991, 0, ${V100_GPU_0_UUID}, 00000000:01:00.0, 900, 877, 32.87, 150.00, 54, 53, 0, 316, P0, Not Active, Not Active, Not Active
2026/07/20 00:41:09.997, 1, ${V100_GPU_1_UUID}, 00000000:02:00.0, 900, 877, 30.76, 150.00, 53, 51, 0, 316, P0, Not Active, Not Active, Not Active
2026/07/20 00:41:10.155, 0, ${V100_GPU_0_UUID}, 00000000:01:00.0, 900, 877, 32.87, 150.00, 54, 53, 0, 316, P0, Not Active, Not Active, Not Active
2026/07/20 00:41:10.162, 1, ${V100_GPU_1_UUID}, 00000000:02:00.0, 900, 877, 30.78, 150.00, 53, 51, 0, 316, P0, Not Active, Not Active, Not Active
2026/07/20 00:41:10.323, 0, ${V100_GPU_0_UUID}, 00000000:01:00.0, 900, 877, 32.87, 150.00, 54, 53, 0, 316, P0, Not Active, Not Active, Not Active
2026/07/20 00:41:10.329, 1, ${V100_GPU_1_UUID}, 00000000:02:00.0, 900, 877, 30.78, 150.00, 53, 51, 0, 316, P0, Not Active, Not Active, Not Active
2026/07/20 00:41:10.468, 0, ${V100_GPU_0_UUID}, 00000000:01:00.0, 900, 877, 32.85, 150.00, 54, 53, 0, 316, P0, Not Active, Not Active, Not Active
2026/07/20 00:41:10.473, 1, ${V100_GPU_1_UUID}, 00000000:02:00.0, 900, 877, 30.76, 150.00, 53, 52, 0, 316, P0, Not Active, Not Active, Not Active
2026/07/20 00:41:10.606, 0, ${V100_GPU_0_UUID}, 00000000:01:00.0, 900, 877, 32.87, 150.00, 54, 53, 0, 316, P0, Not Active, Not Active, Not Active
2026/07/20 00:41:10.612, 1, ${V100_GPU_1_UUID}, 00000000:02:00.0, 900, 877, 30.78, 150.00, 53, 51, 0, 316, P0, Not Active, Not Active, Not Active
2026/07/20 00:41:10.772, 0, ${V100_GPU_0_UUID}, 00000000:01:00.0, 900, 877, 32.87, 150.00, 54, 53, 0, 316, P0, Not Active, Not Active, Not Active
2026/07/20 00:41:10.781, 1, ${V100_GPU_1_UUID}, 00000000:02:00.0, 900, 877, 30.78, 150.00, 53, 51, 0, 316, P0, Not Active, Not Active, Not Active
2026/07/20 00:41:10.914, 0, ${V100_GPU_0_UUID}, 00000000:01:00.0, 900, 877, 32.87, 150.00, 54, 53, 0, 316, P0, Not Active, Not Active, Not Active
2026/07/20 00:41:10.921, 1, ${V100_GPU_1_UUID}, 00000000:02:00.0, 900, 877, 30.78, 150.00, 53, 51, 0, 316, P0, Not Active, Not Active, Not Active
2026/07/20 00:41:11.082, 0, ${V100_GPU_0_UUID}, 00000000:01:00.0, 900, 877, 32.87, 150.00, 54, 53, 0, 316, P0, Not Active, Not Active, Not Active
2026/07/20 00:41:11.089, 1, ${V100_GPU_1_UUID}, 00000000:02:00.0, 900, 877, 30.30, 150.00, 53, 51, 0, 316, P0, Not Active, Not Active, Not Active
2026/07/20 00:41:11.255, 0, ${V100_GPU_0_UUID}, 00000000:01:00.0, 900, 877, 32.87, 150.00, 54, 53, 0, 316, P0, Not Active, Not Active, Not Active
2026/07/20 00:41:11.262, 1, ${V100_GPU_1_UUID}, 00000000:02:00.0, 900, 877, 30.78, 150.00, 53, 51, 0, 316, P0, Not Active, Not Active, Not Active
2026/07/20 00:41:11.395, 0, ${V100_GPU_0_UUID}, 00000000:01:00.0, 900, 877, 32.85, 150.00, 54, 53, 0, 316, P0, Not Active, Not Active, Not Active
2026/07/20 00:41:11.402, 1, ${V100_GPU_1_UUID}, 00000000:02:00.0, 900, 877, 30.76, 150.00, 53, 51, 0, 316, P0, Not Active, Not Active, Not Active
2026/07/20 00:41:11.565, 0, ${V100_GPU_0_UUID}, 00000000:01:00.0, 900, 877, 32.87, 150.00, 54, 53, 0, 316, P0, Not Active, Not Active, Not Active
2026/07/20 00:41:11.572, 1, ${V100_GPU_1_UUID}, 00000000:02:00.0, 900, 877, 30.30, 150.00, 53, 51, 0, 316, P0, Not Active, Not Active, Not Active
2026/07/20 00:41:11.730, 0, ${V100_GPU_0_UUID}, 00000000:01:00.0, 900, 877, 32.87, 150.00, 54, 53, 0, 316, P0, Not Active, Not Active, Not Active
2026/07/20 00:41:11.738, 1, ${V100_GPU_1_UUID}, 00000000:02:00.0, 900, 877, 30.78, 150.00, 53, 51, 0, 316, P0, Not Active, Not Active, Not Active
2026/07/20 00:41:11.883, 0, ${V100_GPU_0_UUID}, 00000000:01:00.0, 900, 877, 32.87, 150.00, 54, 53, 0, 316, P0, Not Active, Not Active, Not Active
2026/07/20 00:41:11.892, 1, ${V100_GPU_1_UUID}, 00000000:02:00.0, 900, 877, 30.78, 150.00, 53, 51, 0, 316, P0, Not Active, Not Active, Not Active
2026/07/20 00:41:12.060, 0, ${V100_GPU_0_UUID}, 00000000:01:00.0, 900, 877, 32.87, 150.00, 54, 53, 0, 316, P0, Not Active, Not Active, Not Active
2026/07/20 00:41:12.067, 1, ${V100_GPU_1_UUID}, 00000000:02:00.0, 900, 877, 30.78, 150.00, 53, 51, 0, 316, P0, Not Active, Not Active, Not Active
2026/07/20 00:41:12.202, 0, ${V100_GPU_0_UUID}, 00000000:01:00.0, 900, 877, 32.87, 150.00, 54, 53, 0, 316, P0, Not Active, Not Active, Not Active
2026/07/20 00:41:12.207, 1, ${V100_GPU_1_UUID}, 00000000:02:00.0, 900, 877, 30.78, 150.00, 53, 51, 0, 316, P0, Not Active, Not Active, Not Active
2026/07/20 00:41:12.370, 0, ${V100_GPU_0_UUID}, 00000000:01:00.0, 900, 877, 32.87, 150.00, 54, 53, 0, 316, P0, Not Active, Not Active, Not Active
2026/07/20 00:41:12.378, 1, ${V100_GPU_1_UUID}, 00000000:02:00.0, 900, 877, 30.78, 150.00, 53, 51, 0, 316, P0, Not Active, Not Active, Not Active
2026/07/20 00:41:12.533, 0, ${V100_GPU_0_UUID}, 00000000:01:00.0, 900, 877, 32.87, 150.00, 54, 53, 0, 316, P0, Not Active, Not Active, Not Active
2026/07/20 00:41:12.540, 1, ${V100_GPU_1_UUID}, 00000000:02:00.0, 900, 877, 30.78, 150.00, 53, 51, 0, 316, P0, Not Active, Not Active, Not Active
2026/07/20 00:41:12.700, 0, ${V100_GPU_0_UUID}, 00000000:01:00.0, 900, 877, 32.87, 150.00, 54, 53, 0, 316, P0, Not Active, Not Active, Not Active
2026/07/20 00:41:12.706, 1, ${V100_GPU_1_UUID}, 00000000:02:00.0, 900, 877, 30.78, 150.00, 53, 51, 0, 316, P0, Not Active, Not Active, Not Active
2026/07/20 00:41:12.868, 0, ${V100_GPU_0_UUID}, 00000000:01:00.0, 900, 877, 32.87, 150.00, 54, 53, 0, 316, P0, Not Active, Not Active, Not Active
2026/07/20 00:41:12.874, 1, ${V100_GPU_1_UUID}, 00000000:02:00.0, 900, 877, 30.78, 150.00, 53, 51, 0, 316, P0, Not Active, Not Active, Not Active
2026/07/20 00:41:13.007, 0, ${V100_GPU_0_UUID}, 00000000:01:00.0, 900, 877, 32.87, 150.00, 54, 53, 0, 316, P0, Not Active, Not Active, Not Active
2026/07/20 00:41:13.013, 1, ${V100_GPU_1_UUID}, 00000000:02:00.0, 900, 877, 30.30, 150.00, 53, 51, 0, 316, P0, Not Active, Not Active, Not Active
2026/07/20 00:41:13.176, 0, ${V100_GPU_0_UUID}, 00000000:01:00.0, 900, 877, 32.87, 150.00, 54, 53, 0, 316, P0, Not Active, Not Active, Not Active
2026/07/20 00:41:13.183, 1, ${V100_GPU_1_UUID}, 00000000:02:00.0, 900, 877, 30.78, 150.00, 53, 51, 0, 316, P0, Not Active, Not Active, Not Active
2026/07/20 00:41:13.340, 0, ${V100_GPU_0_UUID}, 00000000:01:00.0, 900, 877, 32.87, 150.00, 54, 53, 0, 316, P0, Not Active, Not Active, Not Active
2026/07/20 00:41:13.347, 1, ${V100_GPU_1_UUID}, 00000000:02:00.0, 900, 877, 30.78, 150.00, 53, 51, 0, 316, P0, Not Active, Not Active, Not Active
2026/07/20 00:41:13.479, 0, ${V100_GPU_0_UUID}, 00000000:01:00.0, 900, 877, 32.85, 150.00, 54, 53, 0, 316, P0, Not Active, Not Active, Not Active
2026/07/20 00:41:13.485, 1, ${V100_GPU_1_UUID}, 00000000:02:00.0, 900, 877, 30.76, 150.00, 53, 51, 0, 316, P0, Not Active, Not Active, Not Active
2026/07/20 00:41:13.617, 0, ${V100_GPU_0_UUID}, 00000000:01:00.0, 900, 877, 32.85, 150.00, 54, 53, 0, 316, P0, Not Active, Not Active, Not Active
2026/07/20 00:41:13.623, 1, ${V100_GPU_1_UUID}, 00000000:02:00.0, 900, 877, 30.76, 150.00, 53, 51, 0, 316, P0, Not Active, Not Active, Not Active
2026/07/20 00:41:13.756, 0, ${V100_GPU_0_UUID}, 00000000:01:00.0, 900, 877, 32.85, 150.00, 54, 53, 0, 316, P0, Not Active, Not Active, Not Active
2026/07/20 00:41:13.762, 1, ${V100_GPU_1_UUID}, 00000000:02:00.0, 900, 877, 30.76, 150.00, 53, 51, 0, 316, P0, Not Active, Not Active, Not Active
2026/07/20 00:41:13.898, 0, ${V100_GPU_0_UUID}, 00000000:01:00.0, 900, 877, 32.85, 150.00, 54, 53, 0, 316, P0, Not Active, Not Active, Not Active
2026/07/20 00:41:13.903, 1, ${V100_GPU_1_UUID}, 00000000:02:00.0, 900, 877, 30.76, 150.00, 53, 51, 0, 316, P0, Not Active, Not Active, Not Active
2026/07/20 00:41:14.036, 0, ${V100_GPU_0_UUID}, 00000000:01:00.0, 900, 877, 32.85, 150.00, 54, 53, 0, 316, P0, Not Active, Not Active, Not Active
2026/07/20 00:41:14.041, 1, ${V100_GPU_1_UUID}, 00000000:02:00.0, 900, 877, 30.76, 150.00, 53, 51, 0, 316, P0, Not Active, Not Active, Not Active
2026/07/20 00:41:14.174, 0, ${V100_GPU_0_UUID}, 00000000:01:00.0, 900, 877, 32.85, 150.00, 54, 53, 0, 316, P0, Not Active, Not Active, Not Active
2026/07/20 00:41:14.180, 1, ${V100_GPU_1_UUID}, 00000000:02:00.0, 900, 877, 30.76, 150.00, 53, 51, 0, 316, P0, Not Active, Not Active, Not Active
2026/07/20 00:41:14.311, 0, ${V100_GPU_0_UUID}, 00000000:01:00.0, 900, 877, 32.85, 150.00, 54, 53, 0, 316, P0, Not Active, Not Active, Not Active
2026/07/20 00:41:14.317, 1, ${V100_GPU_1_UUID}, 00000000:02:00.0, 900, 877, 30.76, 150.00, 53, 51, 0, 316, P0, Not Active, Not Active, Not Active
2026/07/20 00:41:14.454, 0, ${V100_GPU_0_UUID}, 00000000:01:00.0, 900, 877, 32.85, 150.00, 54, 53, 0, 316, P0, Not Active, Not Active, Not Active
2026/07/20 00:41:14.461, 1, ${V100_GPU_1_UUID}, 00000000:02:00.0, 900, 877, 30.78, 150.00, 53, 51, 0, 316, P0, Not Active, Not Active, Not Active
2026/07/20 00:41:14.596, 0, ${V100_GPU_0_UUID}, 00000000:01:00.0, 900, 877, 32.83, 150.00, 54, 53, 0, 316, P0, Not Active, Not Active, Not Active
2026/07/20 00:41:14.602, 1, ${V100_GPU_1_UUID}, 00000000:02:00.0, 900, 877, 30.76, 150.00, 53, 51, 0, 316, P0, Not Active, Not Active, Not Active
2026/07/20 00:41:14.735, 0, ${V100_GPU_0_UUID}, 00000000:01:00.0, 900, 877, 32.85, 150.00, 54, 53, 0, 316, P0, Not Active, Not Active, Not Active
2026/07/20 00:41:14.741, 1, ${V100_GPU_1_UUID}, 00000000:02:00.0, 900, 877, 30.76, 150.00, 53, 51, 0, 316, P0, Not Active, Not Active, Not Active
2026/07/20 00:41:14.874, 0, ${V100_GPU_0_UUID}, 00000000:01:00.0, 900, 877, 32.85, 150.00, 54, 53, 0, 316, P0, Not Active, Not Active, Not Active
2026/07/20 00:41:14.879, 1, ${V100_GPU_1_UUID}, 00000000:02:00.0, 900, 877, 30.30, 150.00, 53, 51, 0, 316, P0, Not Active, Not Active, Not Active
2026/07/20 00:41:15.013, 0, ${V100_GPU_0_UUID}, 00000000:01:00.0, 900, 877, 32.85, 150.00, 54, 53, 0, 316, P0, Not Active, Not Active, Not Active
2026/07/20 00:41:15.018, 1, ${V100_GPU_1_UUID}, 00000000:02:00.0, 900, 877, 30.28, 150.00, 53, 51, 0, 316, P0, Not Active, Not Active, Not Active
2026/07/20 00:41:15.151, 0, ${V100_GPU_0_UUID}, 00000000:01:00.0, 900, 877, 32.85, 150.00, 54, 53, 0, 316, P0, Not Active, Not Active, Not Active
2026/07/20 00:41:15.157, 1, ${V100_GPU_1_UUID}, 00000000:02:00.0, 900, 877, 30.76, 150.00, 53, 51, 0, 316, P0, Not Active, Not Active, Not Active
2026/07/20 00:41:15.290, 0, ${V100_GPU_0_UUID}, 00000000:01:00.0, 900, 877, 32.85, 150.00, 54, 53, 0, 316, P0, Not Active, Not Active, Not Active
2026/07/20 00:41:15.296, 1, ${V100_GPU_1_UUID}, 00000000:02:00.0, 900, 877, 30.78, 150.00, 53, 51, 0, 316, P0, Not Active, Not Active, Not Active
2026/07/20 00:41:15.428, 0, ${V100_GPU_0_UUID}, 00000000:01:00.0, 900, 877, 32.85, 150.00, 54, 53, 0, 316, P0, Not Active, Not Active, Not Active
2026/07/20 00:41:15.433, 1, ${V100_GPU_1_UUID}, 00000000:02:00.0, 900, 877, 30.78, 150.00, 53, 51, 0, 316, P0, Not Active, Not Active, Not Active
2026/07/20 00:41:15.566, 0, ${V100_GPU_0_UUID}, 00000000:01:00.0, 900, 877, 32.85, 150.00, 54, 53, 0, 316, P0, Not Active, Not Active, Not Active
2026/07/20 00:41:15.571, 1, ${V100_GPU_1_UUID}, 00000000:02:00.0, 900, 877, 30.78, 150.00, 53, 51, 0, 316, P0, Not Active, Not Active, Not Active
2026/07/20 00:41:15.705, 0, ${V100_GPU_0_UUID}, 00000000:01:00.0, 900, 877, 32.87, 150.00, 54, 53, 0, 316, P0, Not Active, Not Active, Not Active
2026/07/20 00:41:15.712, 1, ${V100_GPU_1_UUID}, 00000000:02:00.0, 900, 877, 30.78, 150.00, 53, 51, 0, 316, P0, Not Active, Not Active, Not Active
2026/07/20 00:41:15.869, 0, ${V100_GPU_0_UUID}, 00000000:01:00.0, 900, 877, 32.87, 150.00, 54, 53, 0, 316, P0, Not Active, Not Active, Not Active
2026/07/20 00:41:15.875, 1, ${V100_GPU_1_UUID}, 00000000:02:00.0, 900, 877, 30.78, 150.00, 53, 51, 0, 316, P0, Not Active, Not Active, Not Active
2026/07/20 00:41:16.008, 0, ${V100_GPU_0_UUID}, 00000000:01:00.0, 900, 877, 32.83, 150.00, 54, 53, 0, 316, P0, Not Active, Not Active, Not Active
2026/07/20 00:41:16.013, 1, ${V100_GPU_1_UUID}, 00000000:02:00.0, 900, 877, 30.74, 150.00, 53, 51, 0, 316, P0, Not Active, Not Active, Not Active
2026/07/20 00:41:16.169, 0, ${V100_GPU_0_UUID}, 00000000:01:00.0, 900, 877, 32.87, 150.00, 54, 53, 0, 316, P0, Not Active, Not Active, Not Active
2026/07/20 00:41:16.175, 1, ${V100_GPU_1_UUID}, 00000000:02:00.0, 900, 877, 30.78, 150.00, 53, 51, 0, 316, P0, Not Active, Not Active, Not Active
2026/07/20 00:41:16.331, 0, ${V100_GPU_0_UUID}, 00000000:01:00.0, 900, 877, 32.87, 150.00, 54, 53, 0, 316, P0, Not Active, Not Active, Not Active
2026/07/20 00:41:16.338, 1, ${V100_GPU_1_UUID}, 00000000:02:00.0, 900, 877, 30.78, 150.00, 53, 51, 0, 316, P0, Not Active, Not Active, Not Active
2026/07/20 00:41:16.495, 0, ${V100_GPU_0_UUID}, 00000000:01:00.0, 900, 877, 32.87, 150.00, 54, 53, 0, 316, P0, Not Active, Not Active, Not Active
2026/07/20 00:41:16.501, 1, ${V100_GPU_1_UUID}, 00000000:02:00.0, 900, 877, 30.78, 150.00, 53, 51, 0, 316, P0, Not Active, Not Active, Not Active
2026/07/20 00:41:16.665, 0, ${V100_GPU_0_UUID}, 00000000:01:00.0, 900, 877, 32.87, 150.00, 54, 53, 0, 316, P0, Not Active, Not Active, Not Active
2026/07/20 00:41:16.671, 1, ${V100_GPU_1_UUID}, 00000000:02:00.0, 900, 877, 30.78, 150.00, 53, 51, 0, 316, P0, Not Active, Not Active, Not Active
2026/07/20 00:41:16.805, 0, ${V100_GPU_0_UUID}, 00000000:01:00.0, 900, 877, 32.85, 150.00, 54, 53, 0, 316, P0, Not Active, Not Active, Not Active
2026/07/20 00:41:16.810, 1, ${V100_GPU_1_UUID}, 00000000:02:00.0, 900, 877, 30.78, 150.00, 53, 51, 0, 316, P0, Not Active, Not Active, Not Active
2026/07/20 00:41:16.974, 0, ${V100_GPU_0_UUID}, 00000000:01:00.0, 900, 877, 32.87, 150.00, 54, 53, 0, 316, P0, Not Active, Not Active, Not Active
2026/07/20 00:41:16.980, 1, ${V100_GPU_1_UUID}, 00000000:02:00.0, 900, 877, 30.76, 150.00, 53, 51, 0, 316, P0, Not Active, Not Active, Not Active
2026/07/20 00:41:17.128, 0, ${V100_GPU_0_UUID}, 00000000:01:00.0, 900, 877, 32.87, 150.00, 54, 53, 0, 316, P0, Not Active, Not Active, Not Active
2026/07/20 00:41:17.139, 1, ${V100_GPU_1_UUID}, 00000000:02:00.0, 900, 877, 30.78, 150.00, 53, 51, 0, 316, P0, Not Active, Not Active, Not Active
2026/07/20 00:41:17.293, 0, ${V100_GPU_0_UUID}, 00000000:01:00.0, 900, 877, 32.87, 150.00, 54, 53, 0, 316, P0, Not Active, Not Active, Not Active
2026/07/20 00:41:17.304, 1, ${V100_GPU_1_UUID}, 00000000:02:00.0, 900, 877, 30.32, 150.00, 53, 51, 0, 316, P0, Not Active, Not Active, Not Active
2026/07/20 00:41:17.465, 0, ${V100_GPU_0_UUID}, 00000000:01:00.0, 900, 877, 32.87, 150.00, 54, 53, 0, 316, P0, Not Active, Not Active, Not Active
2026/07/20 00:41:17.472, 1, ${V100_GPU_1_UUID}, 00000000:02:00.0, 900, 877, 30.78, 150.00, 53, 51, 0, 316, P0, Not Active, Not Active, Not Active
2026/07/20 00:41:17.633, 0, ${V100_GPU_0_UUID}, 00000000:01:00.0, 900, 877, 32.87, 150.00, 54, 53, 0, 316, P0, Not Active, Not Active, Not Active
2026/07/20 00:41:17.640, 1, ${V100_GPU_1_UUID}, 00000000:02:00.0, 900, 877, 30.78, 150.00, 53, 51, 0, 316, P0, Not Active, Not Active, Not Active
2026/07/20 00:41:17.781, 0, ${V100_GPU_0_UUID}, 00000000:01:00.0, 900, 877, 32.87, 150.00, 54, 53, 0, 316, P0, Not Active, Not Active, Not Active
2026/07/20 00:41:17.791, 1, ${V100_GPU_1_UUID}, 00000000:02:00.0, 900, 877, 30.80, 150.00, 53, 51, 0, 316, P0, Not Active, Not Active, Not Active
2026/07/20 00:41:17.955, 0, ${V100_GPU_0_UUID}, 00000000:01:00.0, 900, 877, 32.87, 150.00, 54, 53, 0, 316, P0, Not Active, Not Active, Not Active
2026/07/20 00:41:17.961, 1, ${V100_GPU_1_UUID}, 00000000:02:00.0, 900, 877, 30.80, 150.00, 53, 51, 0, 316, P0, Not Active, Not Active, Not Active
2026/07/20 00:41:18.097, 0, ${V100_GPU_0_UUID}, 00000000:01:00.0, 900, 877, 32.87, 150.00, 54, 53, 0, 316, P0, Not Active, Not Active, Not Active
2026/07/20 00:41:18.104, 1, ${V100_GPU_1_UUID}, 00000000:02:00.0, 900, 877, 30.78, 150.00, 53, 51, 0, 316, P0, Not Active, Not Active, Not Active
2026/07/20 00:41:18.239, 0, ${V100_GPU_0_UUID}, 00000000:01:00.0, 900, 877, 32.85, 150.00, 54, 53, 0, 316, P0, Not Active, Not Active, Not Active
2026/07/20 00:41:18.244, 1, ${V100_GPU_1_UUID}, 00000000:02:00.0, 900, 877, 30.78, 150.00, 53, 51, 0, 316, P0, Not Active, Not Active, Not Active
2026/07/20 00:41:18.378, 0, ${V100_GPU_0_UUID}, 00000000:01:00.0, 900, 877, 32.85, 150.00, 54, 53, 0, 316, P0, Not Active, Not Active, Not Active
2026/07/20 00:41:18.384, 1, ${V100_GPU_1_UUID}, 00000000:02:00.0, 900, 877, 30.30, 150.00, 53, 51, 0, 316, P0, Not Active, Not Active, Not Active
2026/07/20 00:41:18.517, 0, ${V100_GPU_0_UUID}, 00000000:01:00.0, 900, 877, 32.85, 150.00, 54, 53, 0, 316, P0, Not Active, Not Active, Not Active
2026/07/20 00:41:18.523, 1, ${V100_GPU_1_UUID}, 00000000:02:00.0, 900, 877, 30.78, 150.00, 53, 51, 0, 316, P0, Not Active, Not Active, Not Active
2026/07/20 00:41:18.656, 0, ${V100_GPU_0_UUID}, 00000000:01:00.0, 900, 877, 32.85, 150.00, 54, 53, 0, 316, P0, Not Active, Not Active, Not Active
2026/07/20 00:41:18.662, 1, ${V100_GPU_1_UUID}, 00000000:02:00.0, 900, 877, 30.78, 150.00, 53, 51, 0, 316, P0, Not Active, Not Active, Not Active
2026/07/20 00:41:18.794, 0, ${V100_GPU_0_UUID}, 00000000:01:00.0, 900, 877, 32.85, 150.00, 54, 53, 0, 316, P0, Not Active, Not Active, Not Active
2026/07/20 00:41:18.800, 1, ${V100_GPU_1_UUID}, 00000000:02:00.0, 900, 877, 30.78, 150.00, 53, 51, 0, 316, P0, Not Active, Not Active, Not Active
2026/07/20 00:41:18.933, 0, ${V100_GPU_0_UUID}, 00000000:01:00.0, 900, 877, 32.85, 150.00, 54, 53, 0, 316, P0, Not Active, Not Active, Not Active
2026/07/20 00:41:18.939, 1, ${V100_GPU_1_UUID}, 00000000:02:00.0, 900, 877, 30.76, 150.00, 53, 51, 0, 316, P0, Not Active, Not Active, Not Active
2026/07/20 00:41:19.074, 0, ${V100_GPU_0_UUID}, 00000000:01:00.0, 900, 877, 32.85, 150.00, 54, 53, 0, 316, P0, Not Active, Not Active, Not Active
2026/07/20 00:41:19.082, 1, ${V100_GPU_1_UUID}, 00000000:02:00.0, 900, 877, 30.78, 150.00, 53, 51, 0, 316, P0, Not Active, Not Active, Not Active
2026/07/20 00:41:19.218, 0, ${V100_GPU_0_UUID}, 00000000:01:00.0, 900, 877, 32.85, 150.00, 54, 53, 0, 316, P0, Not Active, Not Active, Not Active
2026/07/20 00:41:19.224, 1, ${V100_GPU_1_UUID}, 00000000:02:00.0, 900, 877, 30.78, 150.00, 53, 51, 0, 316, P0, Not Active, Not Active, Not Active
2026/07/20 00:41:19.387, 0, ${V100_GPU_0_UUID}, 00000000:01:00.0, 900, 877, 32.87, 150.00, 54, 53, 0, 316, P0, Not Active, Not Active, Not Active
2026/07/20 00:41:19.393, 1, ${V100_GPU_1_UUID}, 00000000:02:00.0, 900, 877, 30.76, 150.00, 53, 51, 0, 316, P0, Not Active, Not Active, Not Active
2026/07/20 00:41:19.558, 0, ${V100_GPU_0_UUID}, 00000000:01:00.0, 900, 877, 32.87, 150.00, 54, 53, 0, 316, P0, Not Active, Not Active, Not Active
2026/07/20 00:41:19.565, 1, ${V100_GPU_1_UUID}, 00000000:02:00.0, 900, 877, 30.78, 150.00, 53, 51, 0, 316, P0, Not Active, Not Active, Not Active
2026/07/20 00:41:19.728, 0, ${V100_GPU_0_UUID}, 00000000:01:00.0, 900, 877, 32.85, 150.00, 54, 53, 0, 316, P0, Not Active, Not Active, Not Active
2026/07/20 00:41:19.734, 1, ${V100_GPU_1_UUID}, 00000000:02:00.0, 900, 877, 30.76, 150.00, 53, 51, 0, 316, P0, Not Active, Not Active, Not Active
2026/07/20 00:41:19.869, 0, ${V100_GPU_0_UUID}, 00000000:01:00.0, 900, 877, 32.85, 150.00, 54, 53, 0, 316, P0, Not Active, Not Active, Not Active
2026/07/20 00:41:19.874, 1, ${V100_GPU_1_UUID}, 00000000:02:00.0, 900, 877, 30.78, 150.00, 53, 51, 0, 316, P0, Not Active, Not Active, Not Active
2026/07/20 00:41:20.026, 0, ${V100_GPU_0_UUID}, 00000000:01:00.0, 900, 877, 32.87, 150.00, 54, 53, 0, 316, P0, Not Active, Not Active, Not Active
2026/07/20 00:41:20.032, 1, ${V100_GPU_1_UUID}, 00000000:02:00.0, 900, 877, 30.78, 150.00, 53, 51, 0, 316, P0, Not Active, Not Active, Not Active
2026/07/20 00:41:20.166, 0, ${V100_GPU_0_UUID}, 00000000:01:00.0, 900, 877, 32.87, 150.00, 54, 53, 0, 316, P0, Not Active, Not Active, Not Active
2026/07/20 00:41:20.172, 1, ${V100_GPU_1_UUID}, 00000000:02:00.0, 900, 877, 30.78, 150.00, 53, 51, 0, 316, P0, Not Active, Not Active, Not Active
2026/07/20 00:41:20.338, 0, ${V100_GPU_0_UUID}, 00000000:01:00.0, 900, 877, 32.87, 150.00, 54, 53, 0, 316, P0, Not Active, Not Active, Not Active
2026/07/20 00:41:20.346, 1, ${V100_GPU_1_UUID}, 00000000:02:00.0, 900, 877, 30.78, 150.00, 53, 51, 0, 316, P0, Not Active, Not Active, Not Active
2026/07/20 00:41:20.493, 0, ${V100_GPU_0_UUID}, 00000000:01:00.0, 900, 877, 32.87, 150.00, 54, 53, 0, 316, P0, Not Active, Not Active, Not Active
2026/07/20 00:41:20.498, 1, ${V100_GPU_1_UUID}, 00000000:02:00.0, 900, 877, 30.78, 150.00, 53, 51, 0, 316, P0, Not Active, Not Active, Not Active
2026/07/20 00:41:20.661, 0, ${V100_GPU_0_UUID}, 00000000:01:00.0, 900, 877, 32.87, 150.00, 54, 53, 0, 316, P0, Not Active, Not Active, Not Active
2026/07/20 00:41:20.668, 1, ${V100_GPU_1_UUID}, 00000000:02:00.0, 900, 877, 30.78, 150.00, 53, 51, 0, 316, P0, Not Active, Not Active, Not Active
2026/07/20 00:41:20.834, 0, ${V100_GPU_0_UUID}, 00000000:01:00.0, 900, 877, 32.87, 150.00, 54, 53, 0, 316, P0, Not Active, Not Active, Not Active
2026/07/20 00:41:20.842, 1, ${V100_GPU_1_UUID}, 00000000:02:00.0, 900, 877, 30.78, 150.00, 53, 51, 0, 316, P0, Not Active, Not Active, Not Active
2026/07/20 00:41:20.977, 0, ${V100_GPU_0_UUID}, 00000000:01:00.0, 900, 877, 32.85, 150.00, 54, 53, 0, 316, P0, Not Active, Not Active, Not Active
2026/07/20 00:41:20.983, 1, ${V100_GPU_1_UUID}, 00000000:02:00.0, 900, 877, 30.76, 150.00, 53, 51, 0, 316, P0, Not Active, Not Active, Not Active
2026/07/20 00:41:21.121, 0, ${V100_GPU_0_UUID}, 00000000:01:00.0, 900, 877, 32.87, 150.00, 54, 53, 0, 316, P0, Not Active, Not Active, Not Active
2026/07/20 00:41:21.128, 1, ${V100_GPU_1_UUID}, 00000000:02:00.0, 900, 877, 30.78, 150.00, 53, 51, 0, 316, P0, Not Active, Not Active, Not Active
2026/07/20 00:41:21.269, 0, ${V100_GPU_0_UUID}, 00000000:01:00.0, 900, 877, 32.87, 150.00, 54, 53, 0, 316, P0, Not Active, Not Active, Not Active
2026/07/20 00:41:21.274, 1, ${V100_GPU_1_UUID}, 00000000:02:00.0, 900, 877, 30.78, 150.00, 53, 51, 0, 316, P0, Not Active, Not Active, Not Active
2026/07/20 00:41:21.439, 0, ${V100_GPU_0_UUID}, 00000000:01:00.0, 900, 877, 32.87, 150.00, 54, 53, 0, 316, P0, Not Active, Not Active, Not Active
2026/07/20 00:41:21.446, 1, ${V100_GPU_1_UUID}, 00000000:02:00.0, 900, 877, 30.78, 150.00, 53, 51, 0, 316, P0, Not Active, Not Active, Not Active
2026/07/20 00:41:21.583, 0, ${V100_GPU_0_UUID}, 00000000:01:00.0, 900, 877, 32.87, 150.00, 54, 53, 0, 316, P0, Not Active, Not Active, Not Active
2026/07/20 00:41:21.589, 1, ${V100_GPU_1_UUID}, 00000000:02:00.0, 900, 877, 30.30, 150.00, 53, 51, 0, 316, P0, Not Active, Not Active, Not Active
2026/07/20 00:41:21.723, 0, ${V100_GPU_0_UUID}, 00000000:01:00.0, 900, 877, 32.87, 150.00, 54, 53, 0, 316, P0, Not Active, Not Active, Not Active
2026/07/20 00:41:21.730, 1, ${V100_GPU_1_UUID}, 00000000:02:00.0, 900, 877, 30.78, 150.00, 53, 51, 0, 316, P0, Not Active, Not Active, Not Active
2026/07/20 00:41:21.897, 0, ${V100_GPU_0_UUID}, 00000000:01:00.0, 900, 877, 32.87, 150.00, 54, 53, 0, 316, P0, Not Active, Not Active, Not Active
2026/07/20 00:41:21.911, 1, ${V100_GPU_1_UUID}, 00000000:02:00.0, 900, 877, 30.76, 150.00, 53, 51, 0, 316, P0, Not Active, Not Active, Not Active
2026/07/20 00:41:22.051, 0, ${V100_GPU_0_UUID}, 00000000:01:00.0, 900, 877, 32.87, 150.00, 54, 53, 0, 316, P0, Not Active, Not Active, Not Active
2026/07/20 00:41:22.059, 1, ${V100_GPU_1_UUID}, 00000000:02:00.0, 900, 877, 30.80, 150.00, 53, 51, 0, 316, P0, Not Active, Not Active, Not Active
2026/07/20 00:41:22.199, 0, ${V100_GPU_0_UUID}, 00000000:01:00.0, 900, 877, 32.85, 150.00, 54, 53, 0, 316, P0, Not Active, Not Active, Not Active
2026/07/20 00:41:22.206, 1, ${V100_GPU_1_UUID}, 00000000:02:00.0, 900, 877, 30.76, 150.00, 53, 51, 0, 316, P0, Not Active, Not Active, Not Active
2026/07/20 00:41:22.369, 0, ${V100_GPU_0_UUID}, 00000000:01:00.0, 900, 877, 32.87, 150.00, 54, 53, 0, 316, P0, Not Active, Not Active, Not Active
2026/07/20 00:41:22.378, 1, ${V100_GPU_1_UUID}, 00000000:02:00.0, 900, 877, 30.78, 150.00, 53, 51, 0, 316, P0, Not Active, Not Active, Not Active
2026/07/20 00:41:22.513, 0, ${V100_GPU_0_UUID}, 00000000:01:00.0, 900, 877, 32.85, 150.00, 54, 53, 0, 316, P0, Not Active, Not Active, Not Active
2026/07/20 00:41:22.518, 1, ${V100_GPU_1_UUID}, 00000000:02:00.0, 900, 877, 30.78, 150.00, 53, 51, 0, 316, P0, Not Active, Not Active, Not Active
2026/07/20 00:41:22.680, 0, ${V100_GPU_0_UUID}, 00000000:01:00.0, 900, 877, 32.87, 150.00, 54, 53, 0, 316, P0, Not Active, Not Active, Not Active
2026/07/20 00:41:22.688, 1, ${V100_GPU_1_UUID}, 00000000:02:00.0, 900, 877, 30.78, 150.00, 53, 51, 0, 316, P0, Not Active, Not Active, Not Active
2026/07/20 00:41:22.823, 0, ${V100_GPU_0_UUID}, 00000000:01:00.0, 900, 877, 32.87, 150.00, 54, 53, 0, 316, P0, Not Active, Not Active, Not Active
2026/07/20 00:41:22.829, 1, ${V100_GPU_1_UUID}, 00000000:02:00.0, 900, 877, 30.78, 150.00, 53, 51, 0, 316, P0, Not Active, Not Active, Not Active
2026/07/20 00:41:22.963, 0, ${V100_GPU_0_UUID}, 00000000:01:00.0, 900, 877, 32.85, 150.00, 54, 53, 0, 316, P0, Not Active, Not Active, Not Active
2026/07/20 00:41:22.969, 1, ${V100_GPU_1_UUID}, 00000000:02:00.0, 900, 877, 30.76, 150.00, 53, 51, 0, 316, P0, Not Active, Not Active, Not Active
2026/07/20 00:41:23.105, 0, ${V100_GPU_0_UUID}, 00000000:01:00.0, 900, 877, 32.87, 150.00, 54, 53, 0, 316, P0, Not Active, Not Active, Not Active
2026/07/20 00:41:23.111, 1, ${V100_GPU_1_UUID}, 00000000:02:00.0, 900, 877, 30.78, 150.00, 53, 51, 0, 316, P0, Not Active, Not Active, Not Active
2026/07/20 00:41:23.249, 0, ${V100_GPU_0_UUID}, 00000000:01:00.0, 900, 877, 32.85, 150.00, 54, 53, 0, 316, P0, Not Active, Not Active, Not Active
2026/07/20 00:41:23.256, 1, ${V100_GPU_1_UUID}, 00000000:02:00.0, 900, 877, 30.76, 150.00, 53, 51, 0, 316, P0, Not Active, Not Active, Not Active
2026/07/20 00:41:23.419, 0, ${V100_GPU_0_UUID}, 00000000:01:00.0, 900, 877, 32.87, 150.00, 54, 53, 0, 316, P0, Not Active, Not Active, Not Active
2026/07/20 00:41:23.428, 1, ${V100_GPU_1_UUID}, 00000000:02:00.0, 900, 877, 30.80, 150.00, 53, 51, 0, 316, P0, Not Active, Not Active, Not Active
2026/07/20 00:41:23.563, 0, ${V100_GPU_0_UUID}, 00000000:01:00.0, 900, 877, 32.83, 150.00, 54, 53, 0, 316, P0, Not Active, Not Active, Not Active
2026/07/20 00:41:23.569, 1, ${V100_GPU_1_UUID}, 00000000:02:00.0, 900, 877, 30.76, 150.00, 53, 51, 0, 316, P0, Not Active, Not Active, Not Active
2026/07/20 00:41:23.707, 0, ${V100_GPU_0_UUID}, 00000000:01:00.0, 900, 877, 32.87, 150.00, 54, 53, 0, 316, P0, Not Active, Not Active, Not Active
2026/07/20 00:41:23.721, 1, ${V100_GPU_1_UUID}, 00000000:02:00.0, 900, 877, 30.80, 150.00, 53, 51, 0, 316, P0, Not Active, Not Active, Not Active
2026/07/20 00:41:23.859, 0, ${V100_GPU_0_UUID}, 00000000:01:00.0, 900, 877, 32.85, 150.00, 54, 53, 0, 316, P0, Not Active, Not Active, Not Active
2026/07/20 00:41:23.865, 1, ${V100_GPU_1_UUID}, 00000000:02:00.0, 900, 877, 30.78, 150.00, 53, 51, 0, 316, P0, Not Active, Not Active, Not Active
2026/07/20 00:41:24.004, 0, ${V100_GPU_0_UUID}, 00000000:01:00.0, 900, 877, 32.85, 150.00, 54, 53, 0, 316, P0, Not Active, Not Active, Not Active
2026/07/20 00:41:24.010, 1, ${V100_GPU_1_UUID}, 00000000:02:00.0, 900, 877, 30.30, 150.00, 53, 51, 0, 316, P0, Not Active, Not Active, Not Active
2026/07/20 00:41:24.163, 0, ${V100_GPU_0_UUID}, 00000000:01:00.0, 900, 877, 32.87, 150.00, 54, 53, 0, 316, P0, Not Active, Not Active, Not Active
2026/07/20 00:41:24.171, 1, ${V100_GPU_1_UUID}, 00000000:02:00.0, 900, 877, 30.78, 150.00, 53, 51, 0, 316, P0, Not Active, Not Active, Not Active
2026/07/20 00:41:24.305, 0, ${V100_GPU_0_UUID}, 00000000:01:00.0, 900, 877, 32.85, 150.00, 54, 53, 0, 316, P0, Not Active, Not Active, Not Active
2026/07/20 00:41:24.311, 1, ${V100_GPU_1_UUID}, 00000000:02:00.0, 900, 877, 30.76, 150.00, 53, 51, 0, 316, P0, Not Active, Not Active, Not Active
2026/07/20 00:41:24.445, 0, ${V100_GPU_0_UUID}, 00000000:01:00.0, 900, 877, 32.85, 150.00, 54, 53, 0, 316, P0, Not Active, Not Active, Not Active
2026/07/20 00:41:24.451, 1, ${V100_GPU_1_UUID}, 00000000:02:00.0, 900, 877, 30.78, 150.00, 53, 51, 0, 316, P0, Not Active, Not Active, Not Active
2026/07/20 00:41:24.631, 0, ${V100_GPU_0_UUID}, 00000000:01:00.0, 900, 877, 32.87, 150.00, 54, 53, 0, 316, P0, Not Active, Not Active, Not Active
2026/07/20 00:41:24.642, 1, ${V100_GPU_1_UUID}, 00000000:02:00.0, 900, 877, 30.30, 150.00, 53, 51, 0, 316, P0, Not Active, Not Active, Not Active
2026/07/20 00:41:24.785, 0, ${V100_GPU_0_UUID}, 00000000:01:00.0, 900, 877, 32.87, 150.00, 54, 53, 0, 316, P0, Not Active, Not Active, Not Active
2026/07/20 00:41:24.793, 1, ${V100_GPU_1_UUID}, 00000000:02:00.0, 900, 877, 30.80, 150.00, 53, 51, 0, 316, P0, Not Active, Not Active, Not Active
2026/07/20 00:41:24.929, 0, ${V100_GPU_0_UUID}, 00000000:01:00.0, 900, 877, 32.87, 150.00, 54, 53, 0, 316, P0, Not Active, Not Active, Not Active
2026/07/20 00:41:24.935, 1, ${V100_GPU_1_UUID}, 00000000:02:00.0, 900, 877, 30.78, 150.00, 53, 51, 0, 316, P0, Not Active, Not Active, Not Active
2026/07/20 00:41:25.068, 0, ${V100_GPU_0_UUID}, 00000000:01:00.0, 900, 877, 32.87, 150.00, 54, 53, 0, 316, P0, Not Active, Not Active, Not Active
2026/07/20 00:41:25.073, 1, ${V100_GPU_1_UUID}, 00000000:02:00.0, 900, 877, 30.78, 150.00, 53, 51, 0, 316, P0, Not Active, Not Active, Not Active
2026/07/20 00:41:25.208, 0, ${V100_GPU_0_UUID}, 00000000:01:00.0, 900, 877, 32.87, 150.00, 54, 53, 0, 316, P0, Not Active, Not Active, Not Active
2026/07/20 00:41:25.213, 1, ${V100_GPU_1_UUID}, 00000000:02:00.0, 900, 877, 30.78, 150.00, 53, 51, 0, 316, P0, Not Active, Not Active, Not Active
2026/07/20 00:41:25.347, 0, ${V100_GPU_0_UUID}, 00000000:01:00.0, 900, 877, 32.87, 150.00, 54, 53, 0, 316, P0, Not Active, Not Active, Not Active
2026/07/20 00:41:25.354, 1, ${V100_GPU_1_UUID}, 00000000:02:00.0, 900, 877, 30.78, 150.00, 53, 51, 0, 316, P0, Not Active, Not Active, Not Active
2026/07/20 00:41:25.492, 0, ${V100_GPU_0_UUID}, 00000000:01:00.0, 900, 877, 32.85, 150.00, 54, 53, 0, 316, P0, Not Active, Not Active, Not Active
2026/07/20 00:41:25.497, 1, ${V100_GPU_1_UUID}, 00000000:02:00.0, 900, 877, 30.78, 150.00, 53, 51, 0, 316, P0, Not Active, Not Active, Not Active
2026/07/20 00:41:25.661, 0, ${V100_GPU_0_UUID}, 00000000:01:00.0, 900, 877, 32.87, 150.00, 54, 53, 0, 316, P0, Not Active, Not Active, Not Active
2026/07/20 00:41:25.667, 1, ${V100_GPU_1_UUID}, 00000000:02:00.0, 900, 877, 30.78, 150.00, 53, 51, 0, 316, P0, Not Active, Not Active, Not Active
2026/07/20 00:41:25.804, 0, ${V100_GPU_0_UUID}, 00000000:01:00.0, 900, 877, 32.87, 150.00, 54, 53, 0, 316, P0, Not Active, Not Active, Not Active
2026/07/20 00:41:25.811, 1, ${V100_GPU_1_UUID}, 00000000:02:00.0, 900, 877, 30.80, 150.00, 53, 51, 0, 316, P0, Not Active, Not Active, Not Active
2026/07/20 00:41:25.952, 0, ${V100_GPU_0_UUID}, 00000000:01:00.0, 900, 877, 32.87, 150.00, 54, 53, 0, 316, P0, Not Active, Not Active, Not Active
2026/07/20 00:41:25.958, 1, ${V100_GPU_1_UUID}, 00000000:02:00.0, 900, 877, 30.78, 150.00, 53, 51, 0, 316, P0, Not Active, Not Active, Not Active
2026/07/20 00:41:26.119, 0, ${V100_GPU_0_UUID}, 00000000:01:00.0, 900, 877, 32.87, 150.00, 54, 53, 0, 316, P0, Not Active, Not Active, Not Active
2026/07/20 00:41:26.126, 1, ${V100_GPU_1_UUID}, 00000000:02:00.0, 900, 877, 30.78, 150.00, 53, 51, 0, 316, P0, Not Active, Not Active, Not Active
2026/07/20 00:41:26.272, 0, ${V100_GPU_0_UUID}, 00000000:01:00.0, 900, 877, 32.85, 150.00, 54, 53, 0, 316, P0, Not Active, Not Active, Not Active
2026/07/20 00:41:26.278, 1, ${V100_GPU_1_UUID}, 00000000:02:00.0, 900, 877, 30.78, 150.00, 53, 51, 0, 316, P0, Not Active, Not Active, Not Active
2026/07/20 00:41:26.414, 0, ${V100_GPU_0_UUID}, 00000000:01:00.0, 900, 877, 32.87, 150.00, 54, 53, 0, 316, P0, Not Active, Not Active, Not Active
2026/07/20 00:41:26.419, 1, ${V100_GPU_1_UUID}, 00000000:02:00.0, 900, 877, 30.78, 150.00, 53, 51, 0, 316, P0, Not Active, Not Active, Not Active
2026/07/20 00:41:26.552, 0, ${V100_GPU_0_UUID}, 00000000:01:00.0, 900, 877, 32.85, 150.00, 54, 53, 0, 316, P0, Not Active, Not Active, Not Active
2026/07/20 00:41:26.559, 1, ${V100_GPU_1_UUID}, 00000000:02:00.0, 900, 877, 30.76, 150.00, 53, 51, 0, 316, P0, Not Active, Not Active, Not Active
2026/07/20 00:41:26.723, 0, ${V100_GPU_0_UUID}, 00000000:01:00.0, 900, 877, 32.87, 150.00, 54, 53, 0, 316, P0, Not Active, Not Active, Not Active
2026/07/20 00:41:26.731, 1, ${V100_GPU_1_UUID}, 00000000:02:00.0, 900, 877, 30.78, 150.00, 53, 51, 0, 316, P0, Not Active, Not Active, Not Active
2026/07/20 00:41:26.866, 0, ${V100_GPU_0_UUID}, 00000000:01:00.0, 900, 877, 32.87, 150.00, 54, 53, 0, 316, P0, Not Active, Not Active, Not Active
2026/07/20 00:41:26.873, 1, ${V100_GPU_1_UUID}, 00000000:02:00.0, 900, 877, 30.78, 150.00, 53, 51, 0, 316, P0, Not Active, Not Active, Not Active
2026/07/20 00:41:27.007, 0, ${V100_GPU_0_UUID}, 00000000:01:00.0, 900, 877, 32.85, 150.00, 54, 53, 0, 316, P0, Not Active, Not Active, Not Active
2026/07/20 00:41:27.212, 1, ${V100_GPU_1_UUID}, 00000000:02:00.0, 900, 877, 30.78, 150.00, 53, 51, 0, 316, P0, Not Active, Not Active, Not Active
2026/07/20 00:41:27.364, 0, ${V100_GPU_0_UUID}, 00000000:01:00.0, 900, 877, 32.87, 150.00, 54, 53, 0, 316, P0, Not Active, Not Active, Not Active
2026/07/20 00:41:27.370, 1, ${V100_GPU_1_UUID}, 00000000:02:00.0, 900, 877, 30.78, 150.00, 53, 51, 0, 316, P0, Not Active, Not Active, Not Active
2026/07/20 00:41:27.509, 0, ${V100_GPU_0_UUID}, 00000000:01:00.0, 900, 877, 32.87, 150.00, 54, 53, 0, 316, P0, Not Active, Not Active, Not Active
2026/07/20 00:41:27.517, 1, ${V100_GPU_1_UUID}, 00000000:02:00.0, 900, 877, 30.78, 150.00, 53, 51, 0, 316, P0, Not Active, Not Active, Not Active
2026/07/20 00:41:27.654, 0, ${V100_GPU_0_UUID}, 00000000:01:00.0, 900, 877, 32.87, 150.00, 54, 53, 0, 316, P0, Not Active, Not Active, Not Active
2026/07/20 00:41:27.661, 1, ${V100_GPU_1_UUID}, 00000000:02:00.0, 900, 877, 30.78, 150.00, 53, 51, 0, 316, P0, Not Active, Not Active, Not Active
2026/07/20 00:41:27.814, 0, ${V100_GPU_0_UUID}, 00000000:01:00.0, 900, 877, 32.87, 150.00, 54, 53, 0, 316, P0, Not Active, Not Active, Not Active
2026/07/20 00:41:27.820, 1, ${V100_GPU_1_UUID}, 00000000:02:00.0, 900, 877, 30.78, 150.00, 53, 51, 0, 316, P0, Not Active, Not Active, Not Active
2026/07/20 00:41:27.954, 0, ${V100_GPU_0_UUID}, 00000000:01:00.0, 900, 877, 32.87, 150.00, 54, 53, 0, 316, P0, Not Active, Not Active, Not Active
2026/07/20 00:41:28.418, 1, ${V100_GPU_1_UUID}, 00000000:02:00.0, 900, 877, 30.78, 150.00, 53, 51, 0, 316, P0, Not Active, Not Active, Not Active
2026/07/20 00:41:28.581, 0, ${V100_GPU_0_UUID}, 00000000:01:00.0, 900, 877, 32.87, 150.00, 54, 53, 0, 316, P0, Not Active, Not Active, Not Active
2026/07/20 00:41:28.587, 1, ${V100_GPU_1_UUID}, 00000000:02:00.0, 900, 877, 30.78, 150.00, 53, 51, 0, 316, P0, Not Active, Not Active, Not Active
2026/07/20 00:41:28.719, 0, ${V100_GPU_0_UUID}, 00000000:01:00.0, 900, 877, 32.85, 150.00, 54, 53, 0, 316, P0, Not Active, Not Active, Not Active
2026/07/20 00:41:28.724, 1, ${V100_GPU_1_UUID}, 00000000:02:00.0, 900, 877, 30.76, 150.00, 53, 51, 0, 316, P0, Not Active, Not Active, Not Active
2026/07/20 00:41:28.887, 0, ${V100_GPU_0_UUID}, 00000000:01:00.0, 900, 877, 32.87, 150.00, 54, 53, 0, 316, P0, Not Active, Not Active, Not Active
2026/07/20 00:41:28.896, 1, ${V100_GPU_1_UUID}, 00000000:02:00.0, 900, 877, 30.78, 150.00, 53, 51, 0, 316, P0, Not Active, Not Active, Not Active
2026/07/20 00:41:29.033, 0, ${V100_GPU_0_UUID}, 00000000:01:00.0, 900, 877, 32.87, 150.00, 54, 53, 0, 316, P0, Not Active, Not Active, Not Active
2026/07/20 00:41:29.040, 1, ${V100_GPU_1_UUID}, 00000000:02:00.0, 900, 877, 30.78, 150.00, 53, 51, 0, 316, P0, Not Active, Not Active, Not Active
2026/07/20 00:41:29.180, 0, ${V100_GPU_0_UUID}, 00000000:01:00.0, 900, 877, 32.85, 150.00, 54, 53, 0, 316, P0, Not Active, Not Active, Not Active
2026/07/20 00:41:29.185, 1, ${V100_GPU_1_UUID}, 00000000:02:00.0, 900, 877, 30.76, 150.00, 53, 51, 0, 316, P0, Not Active, Not Active, Not Active
2026/07/20 00:41:29.321, 0, ${V100_GPU_0_UUID}, 00000000:01:00.0, 900, 877, 32.87, 150.00, 54, 53, 0, 316, P0, Not Active, Not Active, Not Active
2026/07/20 00:41:29.329, 1, ${V100_GPU_1_UUID}, 00000000:02:00.0, 900, 877, 30.78, 150.00, 53, 51, 0, 316, P0, Not Active, Not Active, Not Active
2026/07/20 00:41:29.471, 0, ${V100_GPU_0_UUID}, 00000000:01:00.0, 900, 877, 32.85, 150.00, 54, 53, 0, 316, P0, Not Active, Not Active, Not Active
2026/07/20 00:41:29.477, 1, ${V100_GPU_1_UUID}, 00000000:02:00.0, 900, 877, 30.76, 150.00, 53, 51, 0, 316, P0, Not Active, Not Active, Not Active
2026/07/20 00:41:29.614, 0, ${V100_GPU_0_UUID}, 00000000:01:00.0, 900, 877, 32.85, 150.00, 54, 53, 0, 316, P0, Not Active, Not Active, Not Active
2026/07/20 00:41:29.619, 1, ${V100_GPU_1_UUID}, 00000000:02:00.0, 900, 877, 30.78, 150.00, 53, 51, 0, 316, P0, Not Active, Not Active, Not Active
2026/07/20 00:41:29.751, 0, ${V100_GPU_0_UUID}, 00000000:01:00.0, 900, 877, 32.85, 150.00, 54, 53, 0, 316, P0, Not Active, Not Active, Not Active
2026/07/20 00:41:29.757, 1, ${V100_GPU_1_UUID}, 00000000:02:00.0, 900, 877, 30.76, 150.00, 53, 51, 0, 316, P0, Not Active, Not Active, Not Active
2026/07/20 00:41:29.895, 0, ${V100_GPU_0_UUID}, 00000000:01:00.0, 900, 877, 32.87, 150.00, 54, 53, 0, 316, P0, Not Active, Not Active, Not Active
2026/07/20 00:41:29.903, 1, ${V100_GPU_1_UUID}, 00000000:02:00.0, 900, 877, 30.78, 150.00, 53, 51, 0, 316, P0, Not Active, Not Active, Not Active
2026/07/20 00:41:30.041, 0, ${V100_GPU_0_UUID}, 00000000:01:00.0, 900, 877, 32.83, 150.00, 54, 53, 0, 316, P0, Not Active, Not Active, Not Active
2026/07/20 00:41:30.046, 1, ${V100_GPU_1_UUID}, 00000000:02:00.0, 900, 877, 30.76, 150.00, 53, 51, 0, 316, P0, Not Active, Not Active, Not Active
2026/07/20 00:41:30.208, 0, ${V100_GPU_0_UUID}, 00000000:01:00.0, 900, 877, 32.87, 150.00, 54, 53, 0, 316, P0, Not Active, Not Active, Not Active
2026/07/20 00:41:30.215, 1, ${V100_GPU_1_UUID}, 00000000:02:00.0, 900, 877, 30.78, 150.00, 53, 51, 0, 316, P0, Not Active, Not Active, Not Active
2026/07/20 00:41:30.348, 0, ${V100_GPU_0_UUID}, 00000000:01:00.0, 900, 877, 32.87, 150.00, 54, 53, 0, 316, P0, Not Active, Not Active, Not Active
2026/07/20 00:41:30.354, 1, ${V100_GPU_1_UUID}, 00000000:02:00.0, 900, 877, 30.78, 150.00, 53, 51, 0, 316, P0, Not Active, Not Active, Not Active
2026/07/20 00:41:30.490, 0, ${V100_GPU_0_UUID}, 00000000:01:00.0, 900, 877, 32.87, 150.00, 54, 53, 0, 316, P0, Not Active, Not Active, Not Active
2026/07/20 00:41:30.496, 1, ${V100_GPU_1_UUID}, 00000000:02:00.0, 900, 877, 30.80, 150.00, 53, 51, 0, 316, P0, Not Active, Not Active, Not Active
2026/07/20 00:41:30.629, 0, ${V100_GPU_0_UUID}, 00000000:01:00.0, 900, 877, 32.87, 150.00, 54, 53, 0, 316, P0, Not Active, Not Active, Not Active
2026/07/20 00:41:30.638, 1, ${V100_GPU_1_UUID}, 00000000:02:00.0, 900, 877, 30.78, 150.00, 53, 51, 0, 316, P0, Not Active, Not Active, Not Active
2026/07/20 00:41:30.801, 0, ${V100_GPU_0_UUID}, 00000000:01:00.0, 900, 877, 32.87, 150.00, 54, 53, 0, 316, P0, Not Active, Not Active, Not Active
2026/07/20 00:41:30.807, 1, ${V100_GPU_1_UUID}, 00000000:02:00.0, 900, 877, 30.78, 150.00, 53, 51, 0, 316, P0, Not Active, Not Active, Not Active
2026/07/20 00:41:30.967, 0, ${V100_GPU_0_UUID}, 00000000:01:00.0, 900, 877, 32.87, 150.00, 54, 53, 0, 316, P0, Not Active, Not Active, Not Active
2026/07/20 00:41:30.977, 1, ${V100_GPU_1_UUID}, 00000000:02:00.0, 900, 877, 30.80, 150.00, 53, 51, 0, 316, P0, Not Active, Not Active, Not Active
2026/07/20 00:41:31.114, 0, ${V100_GPU_0_UUID}, 00000000:01:00.0, 900, 877, 32.85, 150.00, 54, 53, 0, 316, P0, Not Active, Not Active, Not Active
2026/07/20 00:41:31.120, 1, ${V100_GPU_1_UUID}, 00000000:02:00.0, 900, 877, 30.76, 150.00, 53, 51, 0, 316, P0, Not Active, Not Active, Not Active
2026/07/20 00:41:31.283, 0, ${V100_GPU_0_UUID}, 00000000:01:00.0, 900, 877, 32.87, 150.00, 54, 53, 0, 316, P0, Not Active, Not Active, Not Active
2026/07/20 00:41:31.290, 1, ${V100_GPU_1_UUID}, 00000000:02:00.0, 900, 877, 30.80, 150.00, 53, 51, 0, 316, P0, Not Active, Not Active, Not Active
2026/07/20 00:41:31.424, 0, ${V100_GPU_0_UUID}, 00000000:01:00.0, 900, 877, 32.85, 150.00, 54, 53, 0, 316, P0, Not Active, Not Active, Not Active
2026/07/20 00:41:31.430, 1, ${V100_GPU_1_UUID}, 00000000:02:00.0, 900, 877, 30.76, 150.00, 53, 51, 0, 316, P0, Not Active, Not Active, Not Active
2026/07/20 00:41:31.590, 0, ${V100_GPU_0_UUID}, 00000000:01:00.0, 900, 877, 32.87, 150.00, 54, 53, 0, 316, P0, Not Active, Not Active, Not Active
2026/07/20 00:41:31.597, 1, ${V100_GPU_1_UUID}, 00000000:02:00.0, 900, 877, 30.78, 150.00, 53, 51, 0, 316, P0, Not Active, Not Active, Not Active
2026/07/20 00:41:31.730, 0, ${V100_GPU_0_UUID}, 00000000:01:00.0, 900, 877, 32.85, 150.00, 54, 53, 0, 316, P0, Not Active, Not Active, Not Active
2026/07/20 00:41:31.736, 1, ${V100_GPU_1_UUID}, 00000000:02:00.0, 900, 877, 30.76, 150.00, 53, 51, 0, 316, P0, Not Active, Not Active, Not Active
2026/07/20 00:41:31.898, 0, ${V100_GPU_0_UUID}, 00000000:01:00.0, 900, 877, 32.85, 150.00, 54, 53, 0, 316, P0, Not Active, Not Active, Not Active
2026/07/20 00:41:31.904, 1, ${V100_GPU_1_UUID}, 00000000:02:00.0, 900, 877, 30.28, 150.00, 53, 51, 0, 316, P0, Not Active, Not Active, Not Active
2026/07/20 00:41:32.037, 0, ${V100_GPU_0_UUID}, 00000000:01:00.0, 900, 877, 32.87, 150.00, 54, 53, 0, 316, P0, Not Active, Not Active, Not Active
2026/07/20 00:41:32.042, 1, ${V100_GPU_1_UUID}, 00000000:02:00.0, 900, 877, 30.30, 150.00, 53, 51, 0, 316, P0, Not Active, Not Active, Not Active
2026/07/20 00:41:32.206, 0, ${V100_GPU_0_UUID}, 00000000:01:00.0, 900, 877, 32.87, 150.00, 54, 53, 0, 316, P0, Not Active, Not Active, Not Active
2026/07/20 00:41:32.213, 1, ${V100_GPU_1_UUID}, 00000000:02:00.0, 900, 877, 30.78, 150.00, 53, 52, 0, 316, P0, Not Active, Not Active, Not Active
2026/07/20 00:41:32.348, 0, ${V100_GPU_0_UUID}, 00000000:01:00.0, 900, 877, 32.87, 150.00, 54, 53, 0, 316, P0, Not Active, Not Active, Not Active
2026/07/20 00:41:32.354, 1, ${V100_GPU_1_UUID}, 00000000:02:00.0, 900, 877, 30.78, 150.00, 53, 51, 0, 316, P0, Not Active, Not Active, Not Active
2026/07/20 00:41:32.488, 0, ${V100_GPU_0_UUID}, 00000000:01:00.0, 900, 877, 32.87, 150.00, 54, 53, 0, 316, P0, Not Active, Not Active, Not Active
2026/07/20 00:41:32.493, 1, ${V100_GPU_1_UUID}, 00000000:02:00.0, 900, 877, 30.78, 150.00, 53, 51, 0, 316, P0, Not Active, Not Active, Not Active
2026/07/20 00:41:32.625, 0, ${V100_GPU_0_UUID}, 00000000:01:00.0, 900, 877, 32.87, 150.00, 54, 53, 0, 316, P0, Not Active, Not Active, Not Active
2026/07/20 00:41:32.631, 1, ${V100_GPU_1_UUID}, 00000000:02:00.0, 900, 877, 30.78, 150.00, 53, 51, 0, 316, P0, Not Active, Not Active, Not Active
2026/07/20 00:41:32.796, 0, ${V100_GPU_0_UUID}, 00000000:01:00.0, 900, 877, 32.87, 150.00, 54, 53, 0, 316, P0, Not Active, Not Active, Not Active
2026/07/20 00:41:32.802, 1, ${V100_GPU_1_UUID}, 00000000:02:00.0, 900, 877, 30.78, 150.00, 53, 51, 0, 316, P0, Not Active, Not Active, Not Active
2026/07/20 00:41:32.959, 0, ${V100_GPU_0_UUID}, 00000000:01:00.0, 900, 877, 32.87, 150.00, 54, 53, 0, 316, P0, Not Active, Not Active, Not Active
2026/07/20 00:41:32.966, 1, ${V100_GPU_1_UUID}, 00000000:02:00.0, 900, 877, 30.78, 150.00, 53, 51, 0, 316, P0, Not Active, Not Active, Not Active
2026/07/20 00:41:33.099, 0, ${V100_GPU_0_UUID}, 00000000:01:00.0, 900, 877, 32.87, 150.00, 54, 53, 0, 316, P0, Not Active, Not Active, Not Active
2026/07/20 00:41:33.105, 1, ${V100_GPU_1_UUID}, 00000000:02:00.0, 900, 877, 30.78, 150.00, 53, 51, 0, 316, P0, Not Active, Not Active, Not Active
2026/07/20 00:41:33.254, 0, ${V100_GPU_0_UUID}, 00000000:01:00.0, 900, 877, 32.87, 150.00, 54, 53, 0, 316, P0, Not Active, Not Active, Not Active
2026/07/20 00:41:33.262, 1, ${V100_GPU_1_UUID}, 00000000:02:00.0, 900, 877, 30.78, 150.00, 53, 51, 0, 316, P0, Not Active, Not Active, Not Active
2026/07/20 00:41:33.397, 0, ${V100_GPU_0_UUID}, 00000000:01:00.0, 900, 877, 32.87, 150.00, 54, 53, 0, 316, P0, Not Active, Not Active, Not Active
2026/07/20 00:41:33.403, 1, ${V100_GPU_1_UUID}, 00000000:02:00.0, 900, 877, 30.78, 150.00, 53, 51, 0, 316, P0, Not Active, Not Active, Not Active
2026/07/20 00:41:33.547, 0, ${V100_GPU_0_UUID}, 00000000:01:00.0, 900, 877, 32.87, 150.00, 54, 53, 0, 316, P0, Not Active, Not Active, Not Active
2026/07/20 00:41:33.553, 1, ${V100_GPU_1_UUID}, 00000000:02:00.0, 900, 877, 30.78, 150.00, 53, 51, 0, 316, P0, Not Active, Not Active, Not Active
2026/07/20 00:41:33.716, 0, ${V100_GPU_0_UUID}, 00000000:01:00.0, 900, 877, 32.87, 150.00, 54, 53, 0, 316, P0, Not Active, Not Active, Not Active
2026/07/20 00:41:33.723, 1, ${V100_GPU_1_UUID}, 00000000:02:00.0, 900, 877, 30.78, 150.00, 53, 51, 0, 316, P0, Not Active, Not Active, Not Active
2026/07/20 00:41:33.858, 0, ${V100_GPU_0_UUID}, 00000000:01:00.0, 900, 877, 32.85, 150.00, 54, 53, 0, 316, P0, Not Active, Not Active, Not Active
2026/07/20 00:41:33.864, 1, ${V100_GPU_1_UUID}, 00000000:02:00.0, 900, 877, 30.76, 150.00, 53, 51, 0, 316, P0, Not Active, Not Active, Not Active
2026/07/20 00:41:34.032, 0, ${V100_GPU_0_UUID}, 00000000:01:00.0, 900, 877, 32.87, 150.00, 54, 53, 0, 316, P0, Not Active, Not Active, Not Active
2026/07/20 00:41:34.041, 1, ${V100_GPU_1_UUID}, 00000000:02:00.0, 900, 877, 30.78, 150.00, 53, 51, 0, 316, P0, Not Active, Not Active, Not Active
2026/07/20 00:41:34.176, 0, ${V100_GPU_0_UUID}, 00000000:01:00.0, 900, 877, 32.87, 150.00, 54, 53, 0, 316, P0, Not Active, Not Active, Not Active
2026/07/20 00:41:34.183, 1, ${V100_GPU_1_UUID}, 00000000:02:00.0, 900, 877, 30.78, 150.00, 53, 51, 0, 316, P0, Not Active, Not Active, Not Active
2026/07/20 00:41:34.321, 0, ${V100_GPU_0_UUID}, 00000000:01:00.0, 900, 877, 32.85, 150.00, 54, 53, 0, 316, P0, Not Active, Not Active, Not Active
2026/07/20 00:41:34.326, 1, ${V100_GPU_1_UUID}, 00000000:02:00.0, 900, 877, 30.76, 150.00, 53, 51, 0, 316, P0, Not Active, Not Active, Not Active
2026/07/20 00:41:34.459, 0, ${V100_GPU_0_UUID}, 00000000:01:00.0, 900, 877, 32.85, 150.00, 54, 53, 0, 316, P0, Not Active, Not Active, Not Active
2026/07/20 00:41:34.464, 1, ${V100_GPU_1_UUID}, 00000000:02:00.0, 900, 877, 30.78, 150.00, 53, 51, 0, 316, P0, Not Active, Not Active, Not Active
2026/07/20 00:41:34.598, 0, ${V100_GPU_0_UUID}, 00000000:01:00.0, 900, 877, 32.85, 150.00, 54, 53, 0, 316, P0, Not Active, Not Active, Not Active
2026/07/20 00:41:34.603, 1, ${V100_GPU_1_UUID}, 00000000:02:00.0, 900, 877, 30.76, 150.00, 53, 51, 0, 316, P0, Not Active, Not Active, Not Active
2026/07/20 00:41:34.764, 0, ${V100_GPU_0_UUID}, 00000000:01:00.0, 900, 877, 32.87, 150.00, 54, 54, 0, 316, P0, Not Active, Not Active, Not Active
2026/07/20 00:41:34.772, 1, ${V100_GPU_1_UUID}, 00000000:02:00.0, 900, 877, 30.78, 150.00, 53, 51, 0, 316, P0, Not Active, Not Active, Not Active
2026/07/20 00:41:34.907, 0, ${V100_GPU_0_UUID}, 00000000:01:00.0, 900, 877, 32.83, 150.00, 54, 53, 0, 316, P0, Not Active, Not Active, Not Active
2026/07/20 00:41:34.913, 1, ${V100_GPU_1_UUID}, 00000000:02:00.0, 900, 877, 30.76, 150.00, 53, 51, 0, 316, P0, Not Active, Not Active, Not Active
2026/07/20 00:41:35.077, 0, ${V100_GPU_0_UUID}, 00000000:01:00.0, 900, 877, 32.87, 150.00, 54, 53, 0, 316, P0, Not Active, Not Active, Not Active
2026/07/20 00:41:35.084, 1, ${V100_GPU_1_UUID}, 00000000:02:00.0, 900, 877, 30.78, 150.00, 53, 51, 0, 316, P0, Not Active, Not Active, Not Active
2026/07/20 00:41:35.218, 0, ${V100_GPU_0_UUID}, 00000000:01:00.0, 900, 877, 32.87, 150.00, 54, 54, 0, 316, P0, Not Active, Not Active, Not Active
2026/07/20 00:41:35.223, 1, ${V100_GPU_1_UUID}, 00000000:02:00.0, 900, 877, 30.78, 150.00, 53, 51, 0, 316, P0, Not Active, Not Active, Not Active
2026/07/20 00:41:35.384, 0, ${V100_GPU_0_UUID}, 00000000:01:00.0, 900, 877, 32.87, 150.00, 54, 53, 0, 316, P0, Not Active, Not Active, Not Active
2026/07/20 00:41:35.391, 1, ${V100_GPU_1_UUID}, 00000000:02:00.0, 900, 877, 30.78, 150.00, 53, 51, 0, 316, P0, Not Active, Not Active, Not Active
2026/07/20 00:41:35.528, 0, ${V100_GPU_0_UUID}, 00000000:01:00.0, 900, 877, 32.87, 150.00, 54, 53, 0, 316, P0, Not Active, Not Active, Not Active
2026/07/20 00:41:35.535, 1, ${V100_GPU_1_UUID}, 00000000:02:00.0, 900, 877, 30.78, 150.00, 53, 51, 0, 316, P0, Not Active, Not Active, Not Active
2026/07/20 00:41:35.702, 0, ${V100_GPU_0_UUID}, 00000000:01:00.0, 900, 877, 32.87, 150.00, 54, 53, 0, 316, P0, Not Active, Not Active, Not Active
2026/07/20 00:41:35.709, 1, ${V100_GPU_1_UUID}, 00000000:02:00.0, 900, 877, 30.78, 150.00, 53, 51, 0, 316, P0, Not Active, Not Active, Not Active
2026/07/20 00:41:35.842, 0, ${V100_GPU_0_UUID}, 00000000:01:00.0, 900, 877, 32.87, 150.00, 54, 53, 0, 316, P0, Not Active, Not Active, Not Active
2026/07/20 00:41:35.848, 1, ${V100_GPU_1_UUID}, 00000000:02:00.0, 900, 877, 30.78, 150.00, 53, 51, 0, 316, P0, Not Active, Not Active, Not Active
2026/07/20 00:41:35.981, 0, ${V100_GPU_0_UUID}, 00000000:01:00.0, 900, 877, 32.85, 150.00, 54, 53, 0, 316, P0, Not Active, Not Active, Not Active
2026/07/20 00:41:35.989, 1, ${V100_GPU_1_UUID}, 00000000:02:00.0, 900, 877, 30.76, 150.00, 53, 51, 0, 316, P0, Not Active, Not Active, Not Active
2026/07/20 00:41:36.153, 0, ${V100_GPU_0_UUID}, 00000000:01:00.0, 900, 877, 32.87, 150.00, 54, 53, 0, 316, P0, Not Active, Not Active, Not Active
2026/07/20 00:41:36.161, 1, ${V100_GPU_1_UUID}, 00000000:02:00.0, 900, 877, 30.78, 150.00, 53, 51, 0, 316, P0, Not Active, Not Active, Not Active
2026/07/20 00:41:36.299, 0, ${V100_GPU_0_UUID}, 00000000:01:00.0, 900, 877, 32.85, 150.00, 54, 53, 0, 316, P0, Not Active, Not Active, Not Active
2026/07/20 00:41:36.304, 1, ${V100_GPU_1_UUID}, 00000000:02:00.0, 900, 877, 30.76, 150.00, 53, 51, 0, 316, P0, Not Active, Not Active, Not Active
2026/07/20 00:41:36.464, 0, ${V100_GPU_0_UUID}, 00000000:01:00.0, 900, 877, 32.85, 150.00, 54, 53, 0, 316, P0, Not Active, Not Active, Not Active
2026/07/20 00:41:36.472, 1, ${V100_GPU_1_UUID}, 00000000:02:00.0, 900, 877, 30.76, 150.00, 53, 51, 0, 316, P0, Not Active, Not Active, Not Active
2026/07/20 00:41:36.611, 0, ${V100_GPU_0_UUID}, 00000000:01:00.0, 900, 877, 32.87, 150.00, 54, 53, 0, 316, P0, Not Active, Not Active, Not Active
2026/07/20 00:41:36.620, 1, ${V100_GPU_1_UUID}, 00000000:02:00.0, 900, 877, 30.78, 150.00, 53, 51, 0, 316, P0, Not Active, Not Active, Not Active
2026/07/20 00:41:36.761, 0, ${V100_GPU_0_UUID}, 00000000:01:00.0, 900, 877, 32.85, 150.00, 54, 53, 0, 316, P0, Not Active, Not Active, Not Active
2026/07/20 00:41:36.766, 1, ${V100_GPU_1_UUID}, 00000000:02:00.0, 900, 877, 30.76, 150.00, 53, 51, 0, 316, P0, Not Active, Not Active, Not Active
2026/07/20 00:41:36.932, 0, ${V100_GPU_0_UUID}, 00000000:01:00.0, 900, 877, 32.87, 150.00, 54, 53, 0, 316, P0, Not Active, Not Active, Not Active
2026/07/20 00:41:36.947, 1, ${V100_GPU_1_UUID}, 00000000:02:00.0, 900, 877, 30.78, 150.00, 53, 51, 0, 316, P0, Not Active, Not Active, Not Active
2026/07/20 00:41:37.085, 0, ${V100_GPU_0_UUID}, 00000000:01:00.0, 900, 877, 32.87, 150.00, 54, 53, 0, 316, P0, Not Active, Not Active, Not Active
2026/07/20 00:41:37.091, 1, ${V100_GPU_1_UUID}, 00000000:02:00.0, 900, 877, 30.78, 150.00, 53, 51, 0, 316, P0, Not Active, Not Active, Not Active
2026/07/20 00:41:37.251, 0, ${V100_GPU_0_UUID}, 00000000:01:00.0, 900, 877, 32.87, 150.00, 54, 53, 0, 316, P0, Not Active, Not Active, Not Active
2026/07/20 00:41:37.257, 1, ${V100_GPU_1_UUID}, 00000000:02:00.0, 900, 877, 30.78, 150.00, 53, 51, 0, 316, P0, Not Active, Not Active, Not Active
2026/07/20 00:41:37.400, 0, ${V100_GPU_0_UUID}, 00000000:01:00.0, 900, 877, 32.87, 150.00, 54, 53, 0, 316, P0, Not Active, Not Active, Not Active
2026/07/20 00:41:37.409, 1, ${V100_GPU_1_UUID}, 00000000:02:00.0, 900, 877, 30.78, 150.00, 53, 51, 0, 316, P0, Not Active, Not Active, Not Active
2026/07/20 00:41:37.574, 0, ${V100_GPU_0_UUID}, 00000000:01:00.0, 900, 877, 32.87, 150.00, 54, 53, 0, 316, P0, Not Active, Not Active, Not Active
2026/07/20 00:41:37.581, 1, ${V100_GPU_1_UUID}, 00000000:02:00.0, 900, 877, 30.78, 150.00, 53, 51, 0, 316, P0, Not Active, Not Active, Not Active
2026/07/20 00:41:37.714, 0, ${V100_GPU_0_UUID}, 00000000:01:00.0, 900, 877, 32.85, 150.00, 54, 53, 0, 316, P0, Not Active, Not Active, Not Active
2026/07/20 00:41:37.720, 1, ${V100_GPU_1_UUID}, 00000000:02:00.0, 900, 877, 30.76, 150.00, 53, 51, 0, 316, P0, Not Active, Not Active, Not Active
2026/07/20 00:41:37.882, 0, ${V100_GPU_0_UUID}, 00000000:01:00.0, 900, 877, 32.87, 150.00, 54, 53, 0, 316, P0, Not Active, Not Active, Not Active
2026/07/20 00:41:37.890, 1, ${V100_GPU_1_UUID}, 00000000:02:00.0, 900, 877, 30.78, 150.00, 53, 51, 0, 316, P0, Not Active, Not Active, Not Active
2026/07/20 00:41:38.025, 0, ${V100_GPU_0_UUID}, 00000000:01:00.0, 900, 877, 32.87, 150.00, 54, 53, 0, 316, P0, Not Active, Not Active, Not Active
2026/07/20 00:41:38.030, 1, ${V100_GPU_1_UUID}, 00000000:02:00.0, 900, 877, 30.78, 150.00, 53, 51, 0, 316, P0, Not Active, Not Active, Not Active
2026/07/20 00:41:38.193, 0, ${V100_GPU_0_UUID}, 00000000:01:00.0, 900, 877, 32.87, 150.00, 54, 53, 0, 316, P0, Not Active, Not Active, Not Active
2026/07/20 00:41:38.201, 1, ${V100_GPU_1_UUID}, 00000000:02:00.0, 900, 877, 30.80, 150.00, 53, 51, 0, 316, P0, Not Active, Not Active, Not Active
2026/07/20 00:41:38.337, 0, ${V100_GPU_0_UUID}, 00000000:01:00.0, 900, 877, 32.87, 150.00, 54, 53, 0, 316, P0, Not Active, Not Active, Not Active
2026/07/20 00:41:38.343, 1, ${V100_GPU_1_UUID}, 00000000:02:00.0, 900, 877, 30.78, 150.00, 53, 51, 0, 316, P0, Not Active, Not Active, Not Active
2026/07/20 00:41:38.506, 0, ${V100_GPU_0_UUID}, 00000000:01:00.0, 900, 877, 32.87, 150.00, 54, 53, 0, 316, P0, Not Active, Not Active, Not Active
2026/07/20 00:41:38.513, 1, ${V100_GPU_1_UUID}, 00000000:02:00.0, 900, 877, 30.78, 150.00, 53, 51, 0, 316, P0, Not Active, Not Active, Not Active
2026/07/20 00:41:38.655, 0, ${V100_GPU_0_UUID}, 00000000:01:00.0, 900, 877, 32.87, 150.00, 54, 53, 0, 316, P0, Not Active, Not Active, Not Active
2026/07/20 00:41:38.664, 1, ${V100_GPU_1_UUID}, 00000000:02:00.0, 900, 877, 30.78, 150.00, 53, 52, 0, 316, P0, Not Active, Not Active, Not Active
2026/07/20 00:41:38.803, 0, ${V100_GPU_0_UUID}, 00000000:01:00.0, 900, 877, 32.85, 150.00, 54, 53, 0, 316, P0, Not Active, Not Active, Not Active
2026/07/20 00:41:38.809, 1, ${V100_GPU_1_UUID}, 00000000:02:00.0, 900, 877, 30.76, 150.00, 53, 51, 0, 316, P0, Not Active, Not Active, Not Active
2026/07/20 00:41:38.961, 0, ${V100_GPU_0_UUID}, 00000000:01:00.0, 900, 877, 32.85, 150.00, 54, 53, 0, 316, P0, Not Active, Not Active, Not Active
2026/07/20 00:41:38.967, 1, ${V100_GPU_1_UUID}, 00000000:02:00.0, 900, 877, 30.76, 150.00, 53, 51, 0, 316, P0, Not Active, Not Active, Not Active
2026/07/20 00:41:39.100, 0, ${V100_GPU_0_UUID}, 00000000:01:00.0, 900, 877, 32.85, 150.00, 54, 53, 0, 316, P0, Not Active, Not Active, Not Active
2026/07/20 00:41:39.106, 1, ${V100_GPU_1_UUID}, 00000000:02:00.0, 900, 877, 30.78, 150.00, 53, 51, 0, 316, P0, Not Active, Not Active, Not Active
2026/07/20 00:41:39.238, 0, ${V100_GPU_0_UUID}, 00000000:01:00.0, 900, 877, 32.87, 150.00, 54, 53, 0, 316, P0, Not Active, Not Active, Not Active
2026/07/20 00:41:39.244, 1, ${V100_GPU_1_UUID}, 00000000:02:00.0, 900, 877, 30.78, 150.00, 53, 51, 0, 316, P0, Not Active, Not Active, Not Active
2026/07/20 00:41:39.379, 0, ${V100_GPU_0_UUID}, 00000000:01:00.0, 900, 877, 32.85, 150.00, 54, 53, 0, 316, P0, Not Active, Not Active, Not Active
2026/07/20 00:41:39.385, 1, ${V100_GPU_1_UUID}, 00000000:02:00.0, 900, 877, 30.78, 150.00, 53, 51, 0, 316, P0, Not Active, Not Active, Not Active
2026/07/20 00:41:39.530, 0, ${V100_GPU_0_UUID}, 00000000:01:00.0, 900, 877, 32.87, 150.00, 54, 53, 0, 316, P0, Not Active, Not Active, Not Active
2026/07/20 00:41:39.539, 1, ${V100_GPU_1_UUID}, 00000000:02:00.0, 900, 877, 30.80, 150.00, 53, 51, 0, 316, P0, Not Active, Not Active, Not Active
2026/07/20 00:41:39.676, 0, ${V100_GPU_0_UUID}, 00000000:01:00.0, 900, 877, 32.87, 150.00, 54, 53, 0, 316, P0, Not Active, Not Active, Not Active
2026/07/20 00:41:39.683, 1, ${V100_GPU_1_UUID}, 00000000:02:00.0, 900, 877, 30.30, 150.00, 53, 51, 0, 316, P0, Not Active, Not Active, Not Active
2026/07/20 00:41:39.823, 0, ${V100_GPU_0_UUID}, 00000000:01:00.0, 900, 877, 32.87, 150.00, 54, 53, 0, 316, P0, Not Active, Not Active, Not Active
2026/07/20 00:41:39.828, 1, ${V100_GPU_1_UUID}, 00000000:02:00.0, 900, 877, 30.78, 150.00, 53, 51, 0, 316, P0, Not Active, Not Active, Not Active
2026/07/20 00:41:39.973, 0, ${V100_GPU_0_UUID}, 00000000:01:00.0, 900, 877, 32.87, 150.00, 54, 53, 0, 316, P0, Not Active, Not Active, Not Active
2026/07/20 00:41:39.983, 1, ${V100_GPU_1_UUID}, 00000000:02:00.0, 900, 877, 30.78, 150.00, 53, 51, 0, 316, P0, Not Active, Not Active, Not Active
2026/07/20 00:41:40.129, 0, ${V100_GPU_0_UUID}, 00000000:01:00.0, 900, 877, 32.87, 150.00, 54, 53, 0, 316, P0, Not Active, Not Active, Not Active
2026/07/20 00:41:40.135, 1, ${V100_GPU_1_UUID}, 00000000:02:00.0, 900, 877, 30.78, 150.00, 53, 51, 0, 316, P0, Not Active, Not Active, Not Active
2026/07/20 00:41:40.273, 0, ${V100_GPU_0_UUID}, 00000000:01:00.0, 900, 877, 32.85, 150.00, 54, 53, 0, 316, P0, Not Active, Not Active, Not Active
2026/07/20 00:41:40.278, 1, ${V100_GPU_1_UUID}, 00000000:02:00.0, 900, 877, 30.78, 150.00, 53, 51, 0, 316, P0, Not Active, Not Active, Not Active
2026/07/20 00:41:40.410, 0, ${V100_GPU_0_UUID}, 00000000:01:00.0, 900, 877, 32.85, 150.00, 54, 53, 0, 316, P0, Not Active, Not Active, Not Active
2026/07/20 00:41:40.416, 1, ${V100_GPU_1_UUID}, 00000000:02:00.0, 900, 877, 30.78, 150.00, 53, 51, 0, 316, P0, Not Active, Not Active, Not Active
2026/07/20 00:41:40.552, 0, ${V100_GPU_0_UUID}, 00000000:01:00.0, 900, 877, 32.85, 150.00, 54, 53, 0, 316, P0, Not Active, Not Active, Not Active
2026/07/20 00:41:40.562, 1, ${V100_GPU_1_UUID}, 00000000:02:00.0, 900, 877, 30.78, 150.00, 53, 51, 0, 316, P0, Not Active, Not Active, Not Active
2026/07/20 00:41:40.731, 0, ${V100_GPU_0_UUID}, 00000000:01:00.0, 900, 877, 32.87, 150.00, 54, 53, 0, 316, P0, Not Active, Not Active, Not Active
2026/07/20 00:41:40.738, 1, ${V100_GPU_1_UUID}, 00000000:02:00.0, 900, 877, 30.78, 150.00, 53, 51, 0, 316, P0, Not Active, Not Active, Not Active
2026/07/20 00:41:40.872, 0, ${V100_GPU_0_UUID}, 00000000:01:00.0, 900, 877, 32.85, 150.00, 54, 53, 0, 316, P0, Not Active, Not Active, Not Active
2026/07/20 00:41:40.878, 1, ${V100_GPU_1_UUID}, 00000000:02:00.0, 900, 877, 30.78, 150.00, 53, 51, 0, 316, P0, Not Active, Not Active, Not Active
2026/07/20 00:41:41.031, 0, ${V100_GPU_0_UUID}, 00000000:01:00.0, 900, 877, 32.87, 150.00, 54, 53, 0, 316, P0, Not Active, Not Active, Not Active
2026/07/20 00:41:41.041, 1, ${V100_GPU_1_UUID}, 00000000:02:00.0, 900, 877, 30.78, 150.00, 53, 51, 0, 316, P0, Not Active, Not Active, Not Active
2026/07/20 00:41:41.179, 0, ${V100_GPU_0_UUID}, 00000000:01:00.0, 900, 877, 32.87, 150.00, 54, 53, 0, 316, P0, Not Active, Not Active, Not Active
2026/07/20 00:41:41.186, 1, ${V100_GPU_1_UUID}, 00000000:02:00.0, 900, 877, 30.78, 150.00, 53, 51, 0, 316, P0, Not Active, Not Active, Not Active
2026/07/20 00:41:41.346, 0, ${V100_GPU_0_UUID}, 00000000:01:00.0, 900, 877, 32.85, 150.00, 54, 53, 0, 316, P0, Not Active, Not Active, Not Active
2026/07/20 00:41:41.351, 1, ${V100_GPU_1_UUID}, 00000000:02:00.0, 900, 877, 30.78, 150.00, 53, 51, 0, 316, P0, Not Active, Not Active, Not Active
2026/07/20 00:41:41.516, 0, ${V100_GPU_0_UUID}, 00000000:01:00.0, 900, 877, 32.87, 150.00, 54, 53, 0, 316, P0, Not Active, Not Active, Not Active
2026/07/20 00:41:41.524, 1, ${V100_GPU_1_UUID}, 00000000:02:00.0, 900, 877, 30.78, 150.00, 53, 51, 0, 316, P0, Not Active, Not Active, Not Active
2026/07/20 00:41:41.659, 0, ${V100_GPU_0_UUID}, 00000000:01:00.0, 900, 877, 32.85, 150.00, 54, 53, 0, 316, P0, Not Active, Not Active, Not Active
2026/07/20 00:41:41.666, 1, ${V100_GPU_1_UUID}, 00000000:02:00.0, 900, 877, 30.78, 150.00, 53, 51, 0, 316, P0, Not Active, Not Active, Not Active
2026/07/20 00:41:41.830, 0, ${V100_GPU_0_UUID}, 00000000:01:00.0, 900, 877, 32.87, 150.00, 54, 53, 0, 316, P0, Not Active, Not Active, Not Active
2026/07/20 00:41:41.837, 1, ${V100_GPU_1_UUID}, 00000000:02:00.0, 900, 877, 30.80, 150.00, 53, 51, 0, 316, P0, Not Active, Not Active, Not Active
2026/07/20 00:41:41.972, 0, ${V100_GPU_0_UUID}, 00000000:01:00.0, 900, 877, 32.87, 150.00, 54, 53, 0, 316, P0, Not Active, Not Active, Not Active
2026/07/20 00:41:41.978, 1, ${V100_GPU_1_UUID}, 00000000:02:00.0, 900, 877, 30.78, 150.00, 53, 51, 0, 316, P0, Not Active, Not Active, Not Active
2026/07/20 00:41:42.142, 0, ${V100_GPU_0_UUID}, 00000000:01:00.0, 900, 877, 32.87, 150.00, 54, 53, 0, 316, P0, Not Active, Not Active, Not Active
2026/07/20 00:41:42.149, 1, ${V100_GPU_1_UUID}, 00000000:02:00.0, 900, 877, 30.78, 150.00, 53, 51, 0, 316, P0, Not Active, Not Active, Not Active
2026/07/20 00:41:42.286, 0, ${V100_GPU_0_UUID}, 00000000:01:00.0, 900, 877, 32.85, 150.00, 54, 53, 0, 316, P0, Not Active, Not Active, Not Active
2026/07/20 00:41:42.291, 1, ${V100_GPU_1_UUID}, 00000000:02:00.0, 900, 877, 30.78, 150.00, 53, 51, 0, 316, P0, Not Active, Not Active, Not Active
2026/07/20 00:41:42.424, 0, ${V100_GPU_0_UUID}, 00000000:01:00.0, 900, 877, 32.85, 150.00, 54, 53, 0, 316, P0, Not Active, Not Active, Not Active
2026/07/20 00:41:42.430, 1, ${V100_GPU_1_UUID}, 00000000:02:00.0, 900, 877, 30.76, 150.00, 53, 51, 0, 316, P0, Not Active, Not Active, Not Active
2026/07/20 00:41:42.595, 0, ${V100_GPU_0_UUID}, 00000000:01:00.0, 900, 877, 32.87, 150.00, 54, 53, 0, 316, P0, Not Active, Not Active, Not Active
2026/07/20 00:41:42.602, 1, ${V100_GPU_1_UUID}, 00000000:02:00.0, 900, 877, 30.78, 150.00, 53, 51, 0, 316, P0, Not Active, Not Active, Not Active
2026/07/20 00:41:42.736, 0, ${V100_GPU_0_UUID}, 00000000:01:00.0, 900, 877, 32.85, 150.00, 54, 53, 0, 316, P0, Not Active, Not Active, Not Active
2026/07/20 00:41:42.742, 1, ${V100_GPU_1_UUID}, 00000000:02:00.0, 900, 877, 30.78, 150.00, 53, 51, 0, 316, P0, Not Active, Not Active, Not Active
2026/07/20 00:41:42.906, 0, ${V100_GPU_0_UUID}, 00000000:01:00.0, 900, 877, 32.87, 150.00, 54, 53, 0, 316, P0, Not Active, Not Active, Not Active
2026/07/20 00:41:42.913, 1, ${V100_GPU_1_UUID}, 00000000:02:00.0, 900, 877, 30.78, 150.00, 53, 51, 0, 316, P0, Not Active, Not Active, Not Active
2026/07/20 00:41:43.048, 0, ${V100_GPU_0_UUID}, 00000000:01:00.0, 900, 877, 32.87, 150.00, 54, 53, 0, 316, P0, Not Active, Not Active, Not Active
2026/07/20 00:41:43.053, 1, ${V100_GPU_1_UUID}, 00000000:02:00.0, 900, 877, 30.78, 150.00, 53, 51, 0, 316, P0, Not Active, Not Active, Not Active
2026/07/20 00:41:43.197, 0, ${V100_GPU_0_UUID}, 00000000:01:00.0, 900, 877, 32.87, 150.00, 54, 53, 0, 316, P0, Not Active, Not Active, Not Active
2026/07/20 00:41:43.203, 1, ${V100_GPU_1_UUID}, 00000000:02:00.0, 900, 877, 30.76, 150.00, 53, 51, 0, 316, P0, Not Active, Not Active, Not Active
2026/07/20 00:41:43.367, 0, ${V100_GPU_0_UUID}, 00000000:01:00.0, 900, 877, 32.87, 150.00, 54, 53, 0, 316, P0, Not Active, Not Active, Not Active
2026/07/20 00:41:43.382, 1, ${V100_GPU_1_UUID}, 00000000:02:00.0, 900, 877, 30.78, 150.00, 53, 51, 0, 316, P0, Not Active, Not Active, Not Active
2026/07/20 00:41:43.520, 0, ${V100_GPU_0_UUID}, 00000000:01:00.0, 900, 877, 32.87, 150.00, 54, 53, 0, 316, P0, Not Active, Not Active, Not Active
2026/07/20 00:41:43.525, 1, ${V100_GPU_1_UUID}, 00000000:02:00.0, 900, 877, 30.78, 150.00, 53, 51, 0, 316, P0, Not Active, Not Active, Not Active
2026/07/20 00:41:43.660, 0, ${V100_GPU_0_UUID}, 00000000:01:00.0, 900, 877, 32.87, 150.00, 54, 53, 0, 316, P0, Not Active, Not Active, Not Active
2026/07/20 00:41:43.666, 1, ${V100_GPU_1_UUID}, 00000000:02:00.0, 900, 877, 30.78, 150.00, 53, 51, 0, 316, P0, Not Active, Not Active, Not Active
2026/07/20 00:41:43.799, 0, ${V100_GPU_0_UUID}, 00000000:01:00.0, 900, 877, 32.85, 150.00, 54, 53, 0, 316, P0, Not Active, Not Active, Not Active
2026/07/20 00:41:43.805, 1, ${V100_GPU_1_UUID}, 00000000:02:00.0, 900, 877, 30.78, 150.00, 53, 51, 0, 316, P0, Not Active, Not Active, Not Active
2026/07/20 00:41:43.943, 0, ${V100_GPU_0_UUID}, 00000000:01:00.0, 900, 877, 32.85, 150.00, 54, 53, 0, 316, P0, Not Active, Not Active, Not Active
2026/07/20 00:41:43.949, 1, ${V100_GPU_1_UUID}, 00000000:02:00.0, 900, 877, 30.78, 150.00, 53, 51, 0, 316, P0, Not Active, Not Active, Not Active
2026/07/20 00:41:44.082, 0, ${V100_GPU_0_UUID}, 00000000:01:00.0, 900, 877, 32.87, 150.00, 54, 53, 0, 316, P0, Not Active, Not Active, Not Active
2026/07/20 00:41:44.088, 1, ${V100_GPU_1_UUID}, 00000000:02:00.0, 900, 877, 30.78, 150.00, 53, 51, 0, 316, P0, Not Active, Not Active, Not Active
2026/07/20 00:41:44.252, 0, ${V100_GPU_0_UUID}, 00000000:01:00.0, 900, 877, 32.85, 150.00, 54, 53, 0, 316, P0, Not Active, Not Active, Not Active
2026/07/20 00:41:44.258, 1, ${V100_GPU_1_UUID}, 00000000:02:00.0, 900, 877, 30.78, 150.00, 53, 51, 0, 316, P0, Not Active, Not Active, Not Active
2026/07/20 00:41:44.416, 0, ${V100_GPU_0_UUID}, 00000000:01:00.0, 900, 877, 32.87, 150.00, 54, 53, 0, 316, P0, Not Active, Not Active, Not Active
2026/07/20 00:41:44.423, 1, ${V100_GPU_1_UUID}, 00000000:02:00.0, 900, 877, 30.78, 150.00, 53, 51, 0, 316, P0, Not Active, Not Active, Not Active
2026/07/20 00:41:44.557, 0, ${V100_GPU_0_UUID}, 00000000:01:00.0, 900, 877, 32.85, 150.00, 54, 53, 0, 316, P0, Not Active, Not Active, Not Active
2026/07/20 00:41:44.563, 1, ${V100_GPU_1_UUID}, 00000000:02:00.0, 900, 877, 30.76, 150.00, 53, 51, 0, 316, P0, Not Active, Not Active, Not Active
2026/07/20 00:41:44.695, 0, ${V100_GPU_0_UUID}, 00000000:01:00.0, 900, 877, 32.85, 150.00, 54, 53, 0, 316, P0, Not Active, Not Active, Not Active
2026/07/20 00:41:44.700, 1, ${V100_GPU_1_UUID}, 00000000:02:00.0, 900, 877, 30.76, 150.00, 53, 51, 0, 316, P0, Not Active, Not Active, Not Active
2026/07/20 00:41:44.834, 0, ${V100_GPU_0_UUID}, 00000000:01:00.0, 900, 877, 32.85, 150.00, 54, 53, 0, 316, P0, Not Active, Not Active, Not Active
2026/07/20 00:41:44.839, 1, ${V100_GPU_1_UUID}, 00000000:02:00.0, 900, 877, 30.76, 150.00, 53, 51, 0, 316, P0, Not Active, Not Active, Not Active
2026/07/20 00:41:44.972, 0, ${V100_GPU_0_UUID}, 00000000:01:00.0, 900, 877, 32.85, 150.00, 54, 53, 0, 316, P0, Not Active, Not Active, Not Active
2026/07/20 00:41:44.978, 1, ${V100_GPU_1_UUID}, 00000000:02:00.0, 900, 877, 30.76, 150.00, 53, 51, 0, 316, P0, Not Active, Not Active, Not Active
2026/07/20 00:41:45.111, 0, ${V100_GPU_0_UUID}, 00000000:01:00.0, 900, 877, 32.83, 150.00, 54, 53, 0, 316, P0, Not Active, Not Active, Not Active
2026/07/20 00:41:45.116, 1, ${V100_GPU_1_UUID}, 00000000:02:00.0, 900, 877, 30.76, 150.00, 53, 51, 0, 316, P0, Not Active, Not Active, Not Active
2026/07/20 00:41:45.250, 0, ${V100_GPU_0_UUID}, 00000000:01:00.0, 900, 877, 32.85, 150.00, 54, 53, 0, 316, P0, Not Active, Not Active, Not Active
2026/07/20 00:41:45.256, 1, ${V100_GPU_1_UUID}, 00000000:02:00.0, 900, 877, 30.76, 150.00, 53, 51, 0, 316, P0, Not Active, Not Active, Not Active
2026/07/20 00:41:45.416, 0, ${V100_GPU_0_UUID}, 00000000:01:00.0, 900, 877, 32.85, 150.00, 54, 53, 0, 316, P0, Not Active, Not Active, Not Active
2026/07/20 00:41:45.421, 1, ${V100_GPU_1_UUID}, 00000000:02:00.0, 900, 877, 30.76, 150.00, 53, 51, 0, 316, P0, Not Active, Not Active, Not Active
2026/07/20 00:41:45.556, 0, ${V100_GPU_0_UUID}, 00000000:01:00.0, 900, 877, 32.85, 150.00, 54, 53, 0, 316, P0, Not Active, Not Active, Not Active
2026/07/20 00:41:45.561, 1, ${V100_GPU_1_UUID}, 00000000:02:00.0, 900, 877, 30.78, 150.00, 53, 51, 0, 316, P0, Not Active, Not Active, Not Active
2026/07/20 00:41:45.693, 0, ${V100_GPU_0_UUID}, 00000000:01:00.0, 900, 877, 32.85, 150.00, 54, 53, 0, 316, P0, Not Active, Not Active, Not Active
2026/07/20 00:41:45.699, 1, ${V100_GPU_1_UUID}, 00000000:02:00.0, 900, 877, 30.78, 150.00, 53, 51, 0, 316, P0, Not Active, Not Active, Not Active
2026/07/20 00:41:45.834, 0, ${V100_GPU_0_UUID}, 00000000:01:00.0, 900, 877, 32.85, 150.00, 54, 53, 0, 316, P0, Not Active, Not Active, Not Active
2026/07/20 00:41:45.839, 1, ${V100_GPU_1_UUID}, 00000000:02:00.0, 900, 877, 30.76, 150.00, 53, 51, 0, 316, P0, Not Active, Not Active, Not Active
2026/07/20 00:41:45.975, 0, ${V100_GPU_0_UUID}, 00000000:01:00.0, 900, 877, 32.87, 150.00, 54, 53, 0, 316, P0, Not Active, Not Active, Not Active
2026/07/20 00:41:45.982, 1, ${V100_GPU_1_UUID}, 00000000:02:00.0, 900, 877, 30.78, 150.00, 53, 51, 0, 316, P0, Not Active, Not Active, Not Active
2026/07/20 00:41:46.147, 0, ${V100_GPU_0_UUID}, 00000000:01:00.0, 900, 877, 32.87, 150.00, 54, 53, 0, 316, P0, Not Active, Not Active, Not Active
2026/07/20 00:41:46.153, 1, ${V100_GPU_1_UUID}, 00000000:02:00.0, 900, 877, 30.78, 150.00, 53, 51, 0, 316, P0, Not Active, Not Active, Not Active
2026/07/20 00:41:46.286, 0, ${V100_GPU_0_UUID}, 00000000:01:00.0, 900, 877, 32.87, 150.00, 54, 53, 0, 316, P0, Not Active, Not Active, Not Active
2026/07/20 00:41:46.292, 1, ${V100_GPU_1_UUID}, 00000000:02:00.0, 900, 877, 30.78, 150.00, 53, 51, 0, 316, P0, Not Active, Not Active, Not Active
2026/07/20 00:41:46.428, 0, ${V100_GPU_0_UUID}, 00000000:01:00.0, 900, 877, 32.85, 150.00, 54, 53, 0, 316, P0, Not Active, Not Active, Not Active
2026/07/20 00:41:46.433, 1, ${V100_GPU_1_UUID}, 00000000:02:00.0, 900, 877, 30.76, 150.00, 53, 51, 0, 316, P0, Not Active, Not Active, Not Active
2026/07/20 00:41:46.596, 0, ${V100_GPU_0_UUID}, 00000000:01:00.0, 900, 877, 32.87, 150.00, 54, 53, 0, 316, P0, Not Active, Not Active, Not Active
2026/07/20 00:41:46.604, 1, ${V100_GPU_1_UUID}, 00000000:02:00.0, 900, 877, 30.78, 150.00, 53, 51, 0, 316, P0, Not Active, Not Active, Not Active
2026/07/20 00:41:46.738, 0, ${V100_GPU_0_UUID}, 00000000:01:00.0, 900, 877, 32.85, 150.00, 54, 53, 0, 316, P0, Not Active, Not Active, Not Active
2026/07/20 00:41:46.744, 1, ${V100_GPU_1_UUID}, 00000000:02:00.0, 900, 877, 30.76, 150.00, 53, 51, 0, 316, P0, Not Active, Not Active, Not Active
2026/07/20 00:41:46.882, 0, ${V100_GPU_0_UUID}, 00000000:01:00.0, 900, 877, 32.85, 150.00, 54, 53, 0, 316, P0, Not Active, Not Active, Not Active
2026/07/20 00:41:46.889, 1, ${V100_GPU_1_UUID}, 00000000:02:00.0, 900, 877, 30.78, 150.00, 53, 51, 0, 316, P0, Not Active, Not Active, Not Active
2026/07/20 00:41:47.022, 0, ${V100_GPU_0_UUID}, 00000000:01:00.0, 900, 877, 32.87, 150.00, 54, 53, 0, 316, P0, Not Active, Not Active, Not Active
2026/07/20 00:41:47.028, 1, ${V100_GPU_1_UUID}, 00000000:02:00.0, 900, 877, 30.80, 150.00, 53, 51, 0, 316, P0, Not Active, Not Active, Not Active
2026/07/20 00:41:47.193, 0, ${V100_GPU_0_UUID}, 00000000:01:00.0, 900, 877, 32.87, 150.00, 54, 53, 0, 316, P0, Not Active, Not Active, Not Active
2026/07/20 00:41:47.200, 1, ${V100_GPU_1_UUID}, 00000000:02:00.0, 900, 877, 30.78, 150.00, 53, 51, 0, 316, P0, Not Active, Not Active, Not Active
2026/07/20 00:41:47.334, 0, ${V100_GPU_0_UUID}, 00000000:01:00.0, 900, 877, 32.87, 150.00, 54, 53, 0, 316, P0, Not Active, Not Active, Not Active
2026/07/20 00:41:47.340, 1, ${V100_GPU_1_UUID}, 00000000:02:00.0, 900, 877, 30.78, 150.00, 53, 51, 0, 316, P0, Not Active, Not Active, Not Active
2026/07/20 00:41:47.490, 0, ${V100_GPU_0_UUID}, 00000000:01:00.0, 900, 877, 32.85, 150.00, 54, 53, 0, 316, P0, Not Active, Not Active, Not Active
2026/07/20 00:41:47.495, 1, ${V100_GPU_1_UUID}, 00000000:02:00.0, 900, 877, 30.76, 150.00, 53, 51, 0, 316, P0, Not Active, Not Active, Not Active
2026/07/20 00:41:47.658, 0, ${V100_GPU_0_UUID}, 00000000:01:00.0, 900, 877, 32.87, 150.00, 54, 53, 0, 316, P0, Not Active, Not Active, Not Active
2026/07/20 00:41:47.665, 1, ${V100_GPU_1_UUID}, 00000000:02:00.0, 900, 877, 30.78, 150.00, 53, 51, 0, 316, P0, Not Active, Not Active, Not Active
2026/07/20 00:41:47.804, 0, ${V100_GPU_0_UUID}, 00000000:01:00.0, 900, 877, 32.87, 150.00, 54, 53, 0, 316, P0, Not Active, Not Active, Not Active
2026/07/20 00:41:47.811, 1, ${V100_GPU_1_UUID}, 00000000:02:00.0, 900, 877, 30.30, 150.00, 53, 51, 0, 316, P0, Not Active, Not Active, Not Active
2026/07/20 00:41:47.976, 0, ${V100_GPU_0_UUID}, 00000000:01:00.0, 900, 877, 32.87, 150.00, 54, 53, 0, 316, P0, Not Active, Not Active, Not Active
2026/07/20 00:41:47.983, 1, ${V100_GPU_1_UUID}, 00000000:02:00.0, 900, 877, 30.78, 150.00, 53, 51, 0, 316, P0, Not Active, Not Active, Not Active
2026/07/20 00:41:48.115, 0, ${V100_GPU_0_UUID}, 00000000:01:00.0, 900, 877, 32.87, 150.00, 54, 53, 0, 316, P0, Not Active, Not Active, Not Active
2026/07/20 00:41:48.121, 1, ${V100_GPU_1_UUID}, 00000000:02:00.0, 900, 877, 30.78, 150.00, 53, 51, 0, 316, P0, Not Active, Not Active, Not Active
2026/07/20 00:41:48.258, 0, ${V100_GPU_0_UUID}, 00000000:01:00.0, 900, 877, 32.85, 150.00, 54, 53, 0, 316, P0, Not Active, Not Active, Not Active
2026/07/20 00:41:48.264, 1, ${V100_GPU_1_UUID}, 00000000:02:00.0, 900, 877, 30.76, 150.00, 53, 51, 0, 316, P0, Not Active, Not Active, Not Active
2026/07/20 00:41:48.402, 0, ${V100_GPU_0_UUID}, 00000000:01:00.0, 900, 877, 32.85, 150.00, 54, 53, 0, 316, P0, Not Active, Not Active, Not Active
2026/07/20 00:41:48.408, 1, ${V100_GPU_1_UUID}, 00000000:02:00.0, 900, 877, 30.78, 150.00, 53, 51, 0, 316, P0, Not Active, Not Active, Not Active
2026/07/20 00:41:48.555, 0, ${V100_GPU_0_UUID}, 00000000:01:00.0, 900, 877, 32.85, 150.00, 54, 53, 0, 316, P0, Not Active, Not Active, Not Active
2026/07/20 00:41:48.561, 1, ${V100_GPU_1_UUID}, 00000000:02:00.0, 900, 877, 30.76, 150.00, 53, 51, 0, 316, P0, Not Active, Not Active, Not Active
2026/07/20 00:41:48.699, 0, ${V100_GPU_0_UUID}, 00000000:01:00.0, 900, 877, 32.87, 150.00, 54, 53, 0, 316, P0, Not Active, Not Active, Not Active
2026/07/20 00:41:48.717, 1, ${V100_GPU_1_UUID}, 00000000:02:00.0, 900, 877, 30.80, 150.00, 53, 51, 0, 316, P0, Not Active, Not Active, Not Active
2026/07/20 00:41:48.855, 0, ${V100_GPU_0_UUID}, 00000000:01:00.0, 900, 877, 32.85, 150.00, 54, 53, 0, 316, P0, Not Active, Not Active, Not Active
2026/07/20 00:41:48.861, 1, ${V100_GPU_1_UUID}, 00000000:02:00.0, 900, 877, 30.78, 150.00, 53, 51, 0, 316, P0, Not Active, Not Active, Not Active
2026/07/20 00:41:49.026, 0, ${V100_GPU_0_UUID}, 00000000:01:00.0, 900, 877, 32.87, 150.00, 54, 53, 0, 316, P0, Not Active, Not Active, Not Active
2026/07/20 00:41:49.033, 1, ${V100_GPU_1_UUID}, 00000000:02:00.0, 900, 877, 30.78, 150.00, 53, 51, 0, 316, P0, Not Active, Not Active, Not Active
2026/07/20 00:41:49.169, 0, ${V100_GPU_0_UUID}, 00000000:01:00.0, 900, 877, 32.87, 150.00, 54, 53, 0, 316, P0, Not Active, Not Active, Not Active
2026/07/20 00:41:49.177, 1, ${V100_GPU_1_UUID}, 00000000:02:00.0, 900, 877, 30.78, 150.00, 53, 51, 0, 316, P0, Not Active, Not Active, Not Active
2026/07/20 00:41:49.314, 0, ${V100_GPU_0_UUID}, 00000000:01:00.0, 900, 877, 32.85, 150.00, 54, 53, 0, 316, P0, Not Active, Not Active, Not Active
2026/07/20 00:41:49.320, 1, ${V100_GPU_1_UUID}, 00000000:02:00.0, 900, 877, 30.78, 150.00, 53, 51, 0, 316, P0, Not Active, Not Active, Not Active
2026/07/20 00:41:49.453, 0, ${V100_GPU_0_UUID}, 00000000:01:00.0, 900, 877, 32.85, 150.00, 54, 53, 0, 316, P0, Not Active, Not Active, Not Active
2026/07/20 00:41:49.459, 1, ${V100_GPU_1_UUID}, 00000000:02:00.0, 900, 877, 30.78, 150.00, 53, 51, 0, 316, P0, Not Active, Not Active, Not Active
2026/07/20 00:41:49.592, 0, ${V100_GPU_0_UUID}, 00000000:01:00.0, 900, 877, 32.85, 150.00, 54, 53, 0, 316, P0, Not Active, Not Active, Not Active
2026/07/20 00:41:49.598, 1, ${V100_GPU_1_UUID}, 00000000:02:00.0, 900, 877, 30.76, 150.00, 53, 51, 0, 316, P0, Not Active, Not Active, Not Active
2026/07/20 00:41:49.735, 0, ${V100_GPU_0_UUID}, 00000000:01:00.0, 900, 877, 32.87, 150.00, 54, 53, 0, 316, P0, Not Active, Not Active, Not Active
2026/07/20 00:41:49.743, 1, ${V100_GPU_1_UUID}, 00000000:02:00.0, 900, 877, 30.78, 150.00, 53, 51, 0, 316, P0, Not Active, Not Active, Not Active
2026/07/20 00:41:49.890, 0, ${V100_GPU_0_UUID}, 00000000:01:00.0, 900, 877, 32.87, 150.00, 54, 53, 0, 316, P0, Not Active, Not Active, Not Active
2026/07/20 00:41:49.901, 1, ${V100_GPU_1_UUID}, 00000000:02:00.0, 900, 877, 30.78, 150.00, 53, 51, 0, 316, P0, Not Active, Not Active, Not Active
2026/07/20 00:41:50.037, 0, ${V100_GPU_0_UUID}, 00000000:01:00.0, 900, 877, 32.83, 150.00, 54, 53, 0, 316, P0, Not Active, Not Active, Not Active
2026/07/20 00:41:50.042, 1, ${V100_GPU_1_UUID}, 00000000:02:00.0, 900, 877, 30.76, 150.00, 53, 51, 0, 316, P0, Not Active, Not Active, Not Active
2026/07/20 00:41:50.175, 0, ${V100_GPU_0_UUID}, 00000000:01:00.0, 900, 877, 32.85, 150.00, 54, 53, 0, 316, P0, Not Active, Not Active, Not Active
2026/07/20 00:41:50.182, 1, ${V100_GPU_1_UUID}, 00000000:02:00.0, 900, 877, 30.76, 150.00, 53, 51, 0, 316, P0, Not Active, Not Active, Not Active
2026/07/20 00:41:50.315, 0, ${V100_GPU_0_UUID}, 00000000:01:00.0, 900, 877, 32.85, 150.00, 54, 53, 0, 316, P0, Not Active, Not Active, Not Active
2026/07/20 00:41:50.321, 1, ${V100_GPU_1_UUID}, 00000000:02:00.0, 900, 877, 30.78, 150.00, 53, 51, 0, 316, P0, Not Active, Not Active, Not Active
2026/07/20 00:41:50.456, 0, ${V100_GPU_0_UUID}, 00000000:01:00.0, 900, 877, 32.85, 150.00, 54, 53, 0, 316, P0, Not Active, Not Active, Not Active
2026/07/20 00:41:50.461, 1, ${V100_GPU_1_UUID}, 00000000:02:00.0, 900, 877, 30.76, 150.00, 53, 51, 0, 316, P0, Not Active, Not Active, Not Active
2026/07/20 00:41:50.601, 0, ${V100_GPU_0_UUID}, 00000000:01:00.0, 900, 877, 32.87, 150.00, 54, 53, 0, 316, P0, Not Active, Not Active, Not Active
2026/07/20 00:41:50.610, 1, ${V100_GPU_1_UUID}, 00000000:02:00.0, 900, 877, 30.80, 150.00, 53, 51, 0, 316, P0, Not Active, Not Active, Not Active
2026/07/20 00:41:50.747, 0, ${V100_GPU_0_UUID}, 00000000:01:00.0, 900, 877, 32.87, 150.00, 54, 53, 0, 316, P0, Not Active, Not Active, Not Active
2026/07/20 00:41:50.999, 1, ${V100_GPU_1_UUID}, 00000000:02:00.0, 900, 877, 30.80, 150.00, 53, 51, 0, 316, P0, Not Active, Not Active, Not Active
2026/07/20 00:41:51.141, 0, ${V100_GPU_0_UUID}, 00000000:01:00.0, 900, 877, 32.87, 150.00, 54, 53, 0, 316, P0, Not Active, Not Active, Not Active
2026/07/20 00:41:51.149, 1, ${V100_GPU_1_UUID}, 00000000:02:00.0, 900, 877, 30.30, 150.00, 53, 51, 0, 316, P0, Not Active, Not Active, Not Active
2026/07/20 00:41:51.283, 0, ${V100_GPU_0_UUID}, 00000000:01:00.0, 900, 877, 32.85, 150.00, 54, 53, 0, 316, P0, Not Active, Not Active, Not Active
2026/07/20 00:41:51.289, 1, ${V100_GPU_1_UUID}, 00000000:02:00.0, 900, 877, 30.78, 150.00, 53, 51, 0, 316, P0, Not Active, Not Active, Not Active
2026/07/20 00:41:51.427, 0, ${V100_GPU_0_UUID}, 00000000:01:00.0, 900, 877, 32.87, 150.00, 54, 53, 0, 316, P0, Not Active, Not Active, Not Active
2026/07/20 00:41:51.450, 1, ${V100_GPU_1_UUID}, 00000000:02:00.0, 900, 877, 30.80, 150.00, 53, 51, 0, 316, P0, Not Active, Not Active, Not Active
2026/07/20 00:41:51.591, 0, ${V100_GPU_0_UUID}, 00000000:01:00.0, 900, 877, 32.85, 150.00, 54, 53, 0, 316, P0, Not Active, Not Active, Not Active
2026/07/20 00:41:51.597, 1, ${V100_GPU_1_UUID}, 00000000:02:00.0, 900, 877, 30.76, 150.00, 53, 51, 0, 316, P0, Not Active, Not Active, Not Active
2026/07/20 00:41:51.732, 0, ${V100_GPU_0_UUID}, 00000000:01:00.0, 900, 877, 32.85, 150.00, 54, 53, 0, 316, P0, Not Active, Not Active, Not Active
2026/07/20 00:41:51.738, 1, ${V100_GPU_1_UUID}, 00000000:02:00.0, 900, 877, 30.76, 150.00, 53, 51, 0, 316, P0, Not Active, Not Active, Not Active
2026/07/20 00:41:51.906, 0, ${V100_GPU_0_UUID}, 00000000:01:00.0, 900, 877, 32.87, 150.00, 54, 53, 0, 316, P0, Not Active, Not Active, Not Active
2026/07/20 00:41:51.913, 1, ${V100_GPU_1_UUID}, 00000000:02:00.0, 900, 877, 30.78, 150.00, 53, 51, 0, 316, P0, Not Active, Not Active, Not Active
2026/07/20 00:41:52.062, 0, ${V100_GPU_0_UUID}, 00000000:01:00.0, 900, 877, 32.87, 150.00, 54, 53, 0, 316, P0, Not Active, Not Active, Not Active
2026/07/20 00:41:52.069, 1, ${V100_GPU_1_UUID}, 00000000:02:00.0, 900, 877, 30.78, 150.00, 53, 51, 0, 316, P0, Not Active, Not Active, Not Active
2026/07/20 00:41:52.206, 0, ${V100_GPU_0_UUID}, 00000000:01:00.0, 900, 877, 32.85, 150.00, 54, 53, 0, 316, P0, Not Active, Not Active, Not Active
2026/07/20 00:41:52.212, 1, ${V100_GPU_1_UUID}, 00000000:02:00.0, 900, 877, 30.78, 150.00, 53, 51, 0, 316, P0, Not Active, Not Active, Not Active
2026/07/20 00:41:52.345, 0, ${V100_GPU_0_UUID}, 00000000:01:00.0, 900, 877, 32.87, 150.00, 54, 53, 0, 316, P0, Not Active, Not Active, Not Active
2026/07/20 00:41:52.352, 1, ${V100_GPU_1_UUID}, 00000000:02:00.0, 900, 877, 30.78, 150.00, 53, 51, 0, 316, P0, Not Active, Not Active, Not Active
2026/07/20 00:41:52.485, 0, ${V100_GPU_0_UUID}, 00000000:01:00.0, 900, 877, 32.87, 150.00, 54, 53, 0, 316, P0, Not Active, Not Active, Not Active
2026/07/20 00:41:52.491, 1, ${V100_GPU_1_UUID}, 00000000:02:00.0, 900, 877, 30.78, 150.00, 53, 51, 0, 316, P0, Not Active, Not Active, Not Active
2026/07/20 00:41:52.648, 0, ${V100_GPU_0_UUID}, 00000000:01:00.0, 900, 877, 32.87, 150.00, 54, 53, 0, 316, P0, Not Active, Not Active, Not Active
2026/07/20 00:41:52.660, 1, ${V100_GPU_1_UUID}, 00000000:02:00.0, 900, 877, 30.30, 150.00, 53, 51, 0, 316, P0, Not Active, Not Active, Not Active
2026/07/20 00:41:52.798, 0, ${V100_GPU_0_UUID}, 00000000:01:00.0, 900, 877, 32.85, 150.00, 54, 53, 0, 316, P0, Not Active, Not Active, Not Active
2026/07/20 00:41:52.803, 1, ${V100_GPU_1_UUID}, 00000000:02:00.0, 900, 877, 30.78, 150.00, 53, 51, 0, 316, P0, Not Active, Not Active, Not Active
2026/07/20 00:41:52.940, 0, ${V100_GPU_0_UUID}, 00000000:01:00.0, 900, 877, 32.85, 150.00, 54, 53, 0, 316, P0, Not Active, Not Active, Not Active
2026/07/20 00:41:52.945, 1, ${V100_GPU_1_UUID}, 00000000:02:00.0, 900, 877, 30.76, 150.00, 53, 51, 0, 316, P0, Not Active, Not Active, Not Active
2026/07/20 00:41:53.078, 0, ${V100_GPU_0_UUID}, 00000000:01:00.0, 900, 877, 32.87, 150.00, 54, 53, 0, 316, P0, Not Active, Not Active, Not Active
2026/07/20 00:41:53.083, 1, ${V100_GPU_1_UUID}, 00000000:02:00.0, 900, 877, 30.78, 150.00, 53, 51, 0, 316, P0, Not Active, Not Active, Not Active
2026/07/20 00:41:53.246, 0, ${V100_GPU_0_UUID}, 00000000:01:00.0, 900, 877, 32.87, 150.00, 54, 53, 0, 316, P0, Not Active, Not Active, Not Active
2026/07/20 00:41:53.253, 1, ${V100_GPU_1_UUID}, 00000000:02:00.0, 900, 877, 30.78, 150.00, 53, 51, 0, 316, P0, Not Active, Not Active, Not Active
2026/07/20 00:41:53.413, 0, ${V100_GPU_0_UUID}, 00000000:01:00.0, 900, 877, 32.87, 150.00, 54, 53, 0, 316, P0, Not Active, Not Active, Not Active
2026/07/20 00:41:53.423, 1, ${V100_GPU_1_UUID}, 00000000:02:00.0, 900, 877, 30.78, 150.00, 53, 51, 0, 316, P0, Not Active, Not Active, Not Active
2026/07/20 00:41:53.559, 0, ${V100_GPU_0_UUID}, 00000000:01:00.0, 900, 877, 32.85, 150.00, 54, 53, 0, 316, P0, Not Active, Not Active, Not Active
2026/07/20 00:41:53.565, 1, ${V100_GPU_1_UUID}, 00000000:02:00.0, 900, 877, 30.76, 150.00, 53, 51, 0, 316, P0, Not Active, Not Active, Not Active
2026/07/20 00:41:53.703, 0, ${V100_GPU_0_UUID}, 00000000:01:00.0, 900, 877, 32.87, 150.00, 54, 53, 0, 316, P0, Not Active, Not Active, Not Active
2026/07/20 00:41:53.710, 1, ${V100_GPU_1_UUID}, 00000000:02:00.0, 900, 877, 30.78, 150.00, 53, 51, 0, 316, P0, Not Active, Not Active, Not Active
2026/07/20 00:41:53.847, 0, ${V100_GPU_0_UUID}, 00000000:01:00.0, 900, 877, 32.87, 150.00, 54, 53, 0, 316, P0, Not Active, Not Active, Not Active
2026/07/20 00:41:53.852, 1, ${V100_GPU_1_UUID}, 00000000:02:00.0, 900, 877, 30.78, 150.00, 53, 51, 0, 316, P0, Not Active, Not Active, Not Active
2026/07/20 00:41:54.016, 0, ${V100_GPU_0_UUID}, 00000000:01:00.0, 900, 877, 32.87, 150.00, 54, 53, 0, 316, P0, Not Active, Not Active, Not Active
2026/07/20 00:41:54.024, 1, ${V100_GPU_1_UUID}, 00000000:02:00.0, 900, 877, 30.80, 150.00, 53, 51, 0, 316, P0, Not Active, Not Active, Not Active
2026/07/20 00:41:54.159, 0, ${V100_GPU_0_UUID}, 00000000:01:00.0, 900, 877, 32.87, 150.00, 54, 53, 0, 316, P0, Not Active, Not Active, Not Active
2026/07/20 00:41:54.166, 1, ${V100_GPU_1_UUID}, 00000000:02:00.0, 900, 877, 30.30, 150.00, 53, 51, 0, 316, P0, Not Active, Not Active, Not Active
2026/07/20 00:41:54.302, 0, ${V100_GPU_0_UUID}, 00000000:01:00.0, 900, 877, 32.87, 150.00, 54, 53, 0, 316, P0, Not Active, Not Active, Not Active
2026/07/20 00:41:54.309, 1, ${V100_GPU_1_UUID}, 00000000:02:00.0, 900, 877, 30.78, 150.00, 53, 51, 0, 316, P0, Not Active, Not Active, Not Active
2026/07/20 00:41:54.476, 0, ${V100_GPU_0_UUID}, 00000000:01:00.0, 900, 877, 32.87, 150.00, 54, 53, 0, 316, P0, Not Active, Not Active, Not Active
2026/07/20 00:41:54.483, 1, ${V100_GPU_1_UUID}, 00000000:02:00.0, 900, 877, 30.78, 150.00, 53, 51, 0, 316, P0, Not Active, Not Active, Not Active
2026/07/20 00:41:54.617, 0, ${V100_GPU_0_UUID}, 00000000:01:00.0, 900, 877, 32.85, 150.00, 54, 53, 0, 316, P0, Not Active, Not Active, Not Active
2026/07/20 00:41:54.623, 1, ${V100_GPU_1_UUID}, 00000000:02:00.0, 900, 877, 30.76, 150.00, 53, 51, 0, 316, P0, Not Active, Not Active, Not Active
2026/07/20 00:41:54.787, 0, ${V100_GPU_0_UUID}, 00000000:01:00.0, 900, 877, 32.87, 150.00, 54, 53, 0, 316, P0, Not Active, Not Active, Not Active
2026/07/20 00:41:54.795, 1, ${V100_GPU_1_UUID}, 00000000:02:00.0, 900, 877, 30.78, 150.00, 53, 51, 0, 316, P0, Not Active, Not Active, Not Active
2026/07/20 00:41:54.928, 0, ${V100_GPU_0_UUID}, 00000000:01:00.0, 900, 877, 32.83, 150.00, 54, 53, 0, 316, P0, Not Active, Not Active, Not Active
2026/07/20 00:41:54.934, 1, ${V100_GPU_1_UUID}, 00000000:02:00.0, 900, 877, 30.76, 150.00, 53, 51, 0, 316, P0, Not Active, Not Active, Not Active
2026/07/20 00:41:55.074, 0, ${V100_GPU_0_UUID}, 00000000:01:00.0, 900, 877, 32.87, 150.00, 54, 53, 0, 316, P0, Not Active, Not Active, Not Active
2026/07/20 00:41:55.082, 1, ${V100_GPU_1_UUID}, 00000000:02:00.0, 900, 877, 30.78, 150.00, 53, 51, 0, 316, P0, Not Active, Not Active, Not Active
2026/07/20 00:41:55.221, 0, ${V100_GPU_0_UUID}, 00000000:01:00.0, 900, 877, 32.85, 150.00, 54, 53, 0, 316, P0, Not Active, Not Active, Not Active
2026/07/20 00:41:55.226, 1, ${V100_GPU_1_UUID}, 00000000:02:00.0, 900, 877, 30.76, 150.00, 53, 51, 0, 316, P0, Not Active, Not Active, Not Active
2026/07/20 00:41:55.364, 0, ${V100_GPU_0_UUID}, 00000000:01:00.0, 900, 877, 32.87, 150.00, 54, 53, 0, 316, P0, Not Active, Not Active, Not Active
2026/07/20 00:41:55.369, 1, ${V100_GPU_1_UUID}, 00000000:02:00.0, 900, 877, 30.78, 150.00, 53, 51, 0, 316, P0, Not Active, Not Active, Not Active
2026/07/20 00:41:55.501, 0, ${V100_GPU_0_UUID}, 00000000:01:00.0, 900, 877, 32.85, 150.00, 54, 53, 0, 316, P0, Not Active, Not Active, Not Active
2026/07/20 00:41:55.507, 1, ${V100_GPU_1_UUID}, 00000000:02:00.0, 900, 877, 30.76, 150.00, 53, 51, 0, 316, P0, Not Active, Not Active, Not Active
2026/07/20 00:41:55.671, 0, ${V100_GPU_0_UUID}, 00000000:01:00.0, 900, 877, 32.87, 150.00, 54, 53, 0, 316, P0, Not Active, Not Active, Not Active
2026/07/20 00:41:55.679, 1, ${V100_GPU_1_UUID}, 00000000:02:00.0, 900, 877, 30.78, 150.00, 53, 51, 0, 316, P0, Not Active, Not Active, Not Active
2026/07/20 00:41:55.813, 0, ${V100_GPU_0_UUID}, 00000000:01:00.0, 900, 877, 32.87, 150.00, 54, 53, 0, 316, P0, Not Active, Not Active, Not Active
2026/07/20 00:41:55.820, 1, ${V100_GPU_1_UUID}, 00000000:02:00.0, 900, 877, 30.78, 150.00, 53, 51, 0, 316, P0, Not Active, Not Active, Not Active
2026/07/20 00:41:56.130, 0, ${V100_GPU_0_UUID}, 00000000:01:00.0, 900, 877, 32.85, 150.00, 54, 53, 0, 316, P0, Not Active, Not Active, Not Active
2026/07/20 00:41:56.135, 1, ${V100_GPU_1_UUID}, 00000000:02:00.0, 900, 877, 30.78, 150.00, 53, 51, 0, 316, P0, Not Active, Not Active, Not Active
2026/07/20 00:41:56.268, 0, ${V100_GPU_0_UUID}, 00000000:01:00.0, 900, 877, 32.85, 150.00, 54, 53, 0, 316, P0, Not Active, Not Active, Not Active
2026/07/20 00:41:56.274, 1, ${V100_GPU_1_UUID}, 00000000:02:00.0, 900, 877, 30.76, 150.00, 53, 51, 0, 316, P0, Not Active, Not Active, Not Active
2026/07/20 00:41:56.411, 0, ${V100_GPU_0_UUID}, 00000000:01:00.0, 900, 877, 32.85, 150.00, 54, 53, 0, 316, P0, Not Active, Not Active, Not Active
2026/07/20 00:41:56.417, 1, ${V100_GPU_1_UUID}, 00000000:02:00.0, 900, 877, 30.78, 150.00, 53, 51, 0, 316, P0, Not Active, Not Active, Not Active
2026/07/20 00:41:56.549, 0, ${V100_GPU_0_UUID}, 00000000:01:00.0, 900, 877, 32.85, 150.00, 54, 53, 0, 316, P0, Not Active, Not Active, Not Active
2026/07/20 00:41:56.555, 1, ${V100_GPU_1_UUID}, 00000000:02:00.0, 900, 877, 30.76, 150.00, 53, 51, 0, 316, P0, Not Active, Not Active, Not Active
2026/07/20 00:41:56.720, 0, ${V100_GPU_0_UUID}, 00000000:01:00.0, 900, 877, 32.87, 150.00, 54, 53, 0, 316, P0, Not Active, Not Active, Not Active
2026/07/20 00:41:56.728, 1, ${V100_GPU_1_UUID}, 00000000:02:00.0, 900, 877, 30.78, 150.00, 53, 51, 0, 316, P0, Not Active, Not Active, Not Active
2026/07/20 00:41:56.862, 0, ${V100_GPU_0_UUID}, 00000000:01:00.0, 900, 877, 32.87, 150.00, 54, 53, 0, 316, P0, Not Active, Not Active, Not Active
2026/07/20 00:41:56.869, 1, ${V100_GPU_1_UUID}, 00000000:02:00.0, 900, 877, 30.78, 150.00, 53, 51, 0, 316, P0, Not Active, Not Active, Not Active
2026/07/20 00:41:57.030, 0, ${V100_GPU_0_UUID}, 00000000:01:00.0, 900, 877, 32.87, 150.00, 54, 53, 0, 316, P0, Not Active, Not Active, Not Active
2026/07/20 00:41:57.036, 1, ${V100_GPU_1_UUID}, 00000000:02:00.0, 900, 877, 30.78, 150.00, 53, 51, 0, 316, P0, Not Active, Not Active, Not Active
2026/07/20 00:41:57.198, 0, ${V100_GPU_0_UUID}, 00000000:01:00.0, 900, 877, 32.87, 150.00, 54, 53, 0, 316, P0, Not Active, Not Active, Not Active
2026/07/20 00:41:57.207, 1, ${V100_GPU_1_UUID}, 00000000:02:00.0, 900, 877, 30.78, 150.00, 53, 51, 0, 316, P0, Not Active, Not Active, Not Active
2026/07/20 00:41:57.346, 0, ${V100_GPU_0_UUID}, 00000000:01:00.0, 900, 877, 32.85, 150.00, 54, 53, 0, 316, P0, Not Active, Not Active, Not Active
2026/07/20 00:41:57.352, 1, ${V100_GPU_1_UUID}, 00000000:02:00.0, 900, 877, 30.76, 150.00, 53, 51, 0, 316, P0, Not Active, Not Active, Not Active
2026/07/20 00:41:57.516, 0, ${V100_GPU_0_UUID}, 00000000:01:00.0, 900, 877, 32.87, 150.00, 54, 53, 0, 316, P0, Not Active, Not Active, Not Active
2026/07/20 00:41:57.524, 1, ${V100_GPU_1_UUID}, 00000000:02:00.0, 900, 877, 30.78, 150.00, 53, 51, 0, 316, P0, Not Active, Not Active, Not Active
2026/07/20 00:41:57.658, 0, ${V100_GPU_0_UUID}, 00000000:01:00.0, 900, 877, 32.85, 150.00, 54, 53, 0, 316, P0, Not Active, Not Active, Not Active
2026/07/20 00:41:57.664, 1, ${V100_GPU_1_UUID}, 00000000:02:00.0, 900, 877, 30.78, 150.00, 53, 51, 0, 316, P0, Not Active, Not Active, Not Active
2026/07/20 00:41:57.827, 0, ${V100_GPU_0_UUID}, 00000000:01:00.0, 900, 877, 32.87, 150.00, 54, 53, 0, 316, P0, Not Active, Not Active, Not Active
2026/07/20 00:41:57.834, 1, ${V100_GPU_1_UUID}, 00000000:02:00.0, 900, 877, 30.30, 150.00, 53, 51, 0, 316, P0, Not Active, Not Active, Not Active
2026/07/20 00:41:57.971, 0, ${V100_GPU_0_UUID}, 00000000:01:00.0, 900, 877, 32.87, 150.00, 54, 53, 0, 316, P0, Not Active, Not Active, Not Active
2026/07/20 00:41:57.984, 1, ${V100_GPU_1_UUID}, 00000000:02:00.0, 900, 877, 30.78, 150.00, 53, 51, 0, 316, P0, Not Active, Not Active, Not Active
2026/07/20 00:41:58.142, 0, ${V100_GPU_0_UUID}, 00000000:01:00.0, 900, 877, 32.85, 150.00, 54, 53, 0, 316, P0, Not Active, Not Active, Not Active
2026/07/20 00:41:58.148, 1, ${V100_GPU_1_UUID}, 00000000:02:00.0, 900, 877, 30.76, 150.00, 53, 51, 0, 316, P0, Not Active, Not Active, Not Active
2026/07/20 00:41:58.314, 0, ${V100_GPU_0_UUID}, 00000000:01:00.0, 900, 877, 32.87, 150.00, 54, 53, 0, 316, P0, Not Active, Not Active, Not Active
2026/07/20 00:41:58.320, 1, ${V100_GPU_1_UUID}, 00000000:02:00.0, 900, 877, 30.78, 150.00, 53, 51, 0, 316, P0, Not Active, Not Active, Not Active
2026/07/20 00:41:58.454, 0, ${V100_GPU_0_UUID}, 00000000:01:00.0, 900, 877, 32.85, 150.00, 54, 53, 0, 316, P0, Not Active, Not Active, Not Active
2026/07/20 00:41:58.459, 1, ${V100_GPU_1_UUID}, 00000000:02:00.0, 900, 877, 30.76, 150.00, 53, 51, 0, 316, P0, Not Active, Not Active, Not Active
2026/07/20 00:41:58.619, 0, ${V100_GPU_0_UUID}, 00000000:01:00.0, 900, 877, 32.85, 150.00, 54, 53, 0, 316, P0, Not Active, Not Active, Not Active
2026/07/20 00:41:58.626, 1, ${V100_GPU_1_UUID}, 00000000:02:00.0, 900, 877, 30.76, 150.00, 53, 51, 0, 316, P0, Not Active, Not Active, Not Active
2026/07/20 00:41:58.758, 0, ${V100_GPU_0_UUID}, 00000000:01:00.0, 900, 877, 32.87, 150.00, 54, 53, 0, 316, P0, Not Active, Not Active, Not Active
2026/07/20 00:41:58.764, 1, ${V100_GPU_1_UUID}, 00000000:02:00.0, 900, 877, 30.78, 150.00, 53, 51, 0, 316, P0, Not Active, Not Active, Not Active
2026/07/20 00:41:58.930, 0, ${V100_GPU_0_UUID}, 00000000:01:00.0, 900, 877, 32.87, 150.00, 54, 53, 0, 316, P0, Not Active, Not Active, Not Active
2026/07/20 00:41:58.937, 1, ${V100_GPU_1_UUID}, 00000000:02:00.0, 900, 877, 30.78, 150.00, 53, 51, 0, 316, P0, Not Active, Not Active, Not Active
2026/07/20 00:41:59.072, 0, ${V100_GPU_0_UUID}, 00000000:01:00.0, 900, 877, 32.85, 150.00, 54, 53, 0, 316, P0, Not Active, Not Active, Not Active
2026/07/20 00:41:59.078, 1, ${V100_GPU_1_UUID}, 00000000:02:00.0, 900, 877, 30.76, 150.00, 53, 51, 0, 316, P0, Not Active, Not Active, Not Active
2026/07/20 00:41:59.215, 0, ${V100_GPU_0_UUID}, 00000000:01:00.0, 900, 877, 32.87, 150.00, 54, 53, 0, 316, P0, Not Active, Not Active, Not Active
2026/07/20 00:41:59.220, 1, ${V100_GPU_1_UUID}, 00000000:02:00.0, 900, 877, 30.78, 150.00, 53, 51, 0, 316, P0, Not Active, Not Active, Not Active
2026/07/20 00:41:59.383, 0, ${V100_GPU_0_UUID}, 00000000:01:00.0, 900, 877, 32.87, 150.00, 54, 53, 0, 316, P0, Not Active, Not Active, Not Active
2026/07/20 00:41:59.391, 1, ${V100_GPU_1_UUID}, 00000000:02:00.0, 900, 877, 30.78, 150.00, 53, 51, 0, 316, P0, Not Active, Not Active, Not Active
2026/07/20 00:41:59.531, 0, ${V100_GPU_0_UUID}, 00000000:01:00.0, 900, 877, 32.87, 150.00, 54, 53, 0, 316, P0, Not Active, Not Active, Not Active
2026/07/20 00:41:59.537, 1, ${V100_GPU_1_UUID}, 00000000:02:00.0, 900, 877, 30.78, 150.00, 53, 51, 0, 316, P0, Not Active, Not Active, Not Active
2026/07/20 00:41:59.701, 0, ${V100_GPU_0_UUID}, 00000000:01:00.0, 900, 877, 32.87, 150.00, 54, 53, 0, 316, P0, Not Active, Not Active, Not Active
2026/07/20 00:41:59.709, 1, ${V100_GPU_1_UUID}, 00000000:02:00.0, 900, 877, 30.78, 150.00, 53, 51, 0, 316, P0, Not Active, Not Active, Not Active
2026/07/20 00:41:59.872, 0, ${V100_GPU_0_UUID}, 00000000:01:00.0, 900, 877, 32.85, 150.00, 54, 53, 0, 316, P0, Not Active, Not Active, Not Active
2026/07/20 00:41:59.878, 1, ${V100_GPU_1_UUID}, 00000000:02:00.0, 900, 877, 30.76, 150.00, 53, 51, 0, 316, P0, Not Active, Not Active, Not Active
2026/07/20 00:42:00.010, 0, ${V100_GPU_0_UUID}, 00000000:01:00.0, 900, 877, 32.85, 150.00, 54, 53, 0, 316, P0, Not Active, Not Active, Not Active
2026/07/20 00:42:00.016, 1, ${V100_GPU_1_UUID}, 00000000:02:00.0, 900, 877, 30.78, 150.00, 53, 51, 0, 316, P0, Not Active, Not Active, Not Active
2026/07/20 00:42:00.162, 0, ${V100_GPU_0_UUID}, 00000000:01:00.0, 900, 877, 32.85, 150.00, 54, 53, 0, 316, P0, Not Active, Not Active, Not Active
2026/07/20 00:42:00.168, 1, ${V100_GPU_1_UUID}, 00000000:02:00.0, 900, 877, 30.78, 150.00, 53, 51, 0, 316, P0, Not Active, Not Active, Not Active
2026/07/20 00:42:00.302, 0, ${V100_GPU_0_UUID}, 00000000:01:00.0, 900, 877, 32.87, 150.00, 54, 53, 0, 316, P0, Not Active, Not Active, Not Active
2026/07/20 00:42:00.308, 1, ${V100_GPU_1_UUID}, 00000000:02:00.0, 900, 877, 30.78, 150.00, 53, 51, 0, 316, P0, Not Active, Not Active, Not Active
2026/07/20 00:42:00.481, 0, ${V100_GPU_0_UUID}, 00000000:01:00.0, 900, 877, 32.87, 150.00, 54, 53, 0, 316, P0, Not Active, Not Active, Not Active
2026/07/20 00:42:00.488, 1, ${V100_GPU_1_UUID}, 00000000:02:00.0, 900, 877, 30.78, 150.00, 53, 51, 0, 316, P0, Not Active, Not Active, Not Active
2026/07/20 00:42:00.652, 0, ${V100_GPU_0_UUID}, 00000000:01:00.0, 900, 877, 32.87, 150.00, 54, 53, 0, 316, P0, Not Active, Not Active, Not Active
2026/07/20 00:42:00.659, 1, ${V100_GPU_1_UUID}, 00000000:02:00.0, 900, 877, 30.78, 150.00, 53, 51, 0, 316, P0, Not Active, Not Active, Not Active
2026/07/20 00:42:00.794, 0, ${V100_GPU_0_UUID}, 00000000:01:00.0, 900, 877, 32.87, 150.00, 54, 53, 0, 316, P0, Not Active, Not Active, Not Active
2026/07/20 00:42:00.804, 1, ${V100_GPU_1_UUID}, 00000000:02:00.0, 900, 877, 30.78, 150.00, 53, 51, 0, 316, P0, Not Active, Not Active, Not Active
2026/07/20 00:42:00.971, 0, ${V100_GPU_0_UUID}, 00000000:01:00.0, 900, 877, 32.87, 150.00, 54, 53, 0, 316, P0, Not Active, Not Active, Not Active
2026/07/20 00:42:01.122, 1, ${V100_GPU_1_UUID}, 00000000:02:00.0, 900, 877, 30.80, 150.00, 53, 51, 0, 316, P0, Not Active, Not Active, Not Active
2026/07/20 00:42:01.284, 0, ${V100_GPU_0_UUID}, 00000000:01:00.0, 900, 877, 32.85, 150.00, 54, 53, 0, 316, P0, Not Active, Not Active, Not Active
2026/07/20 00:42:01.289, 1, ${V100_GPU_1_UUID}, 00000000:02:00.0, 900, 877, 30.76, 150.00, 53, 51, 0, 316, P0, Not Active, Not Active, Not Active
2026/07/20 00:42:01.433, 0, ${V100_GPU_0_UUID}, 00000000:01:00.0, 900, 877, 32.87, 150.00, 54, 53, 0, 316, P0, Not Active, Not Active, Not Active
2026/07/20 00:42:01.442, 1, ${V100_GPU_1_UUID}, 00000000:02:00.0, 900, 877, 30.78, 150.00, 53, 51, 0, 316, P0, Not Active, Not Active, Not Active
2026/07/20 00:42:01.581, 0, ${V100_GPU_0_UUID}, 00000000:01:00.0, 900, 877, 32.85, 150.00, 54, 53, 0, 316, P0, Not Active, Not Active, Not Active
2026/07/20 00:42:01.586, 1, ${V100_GPU_1_UUID}, 00000000:02:00.0, 900, 877, 30.76, 150.00, 53, 51, 0, 316, P0, Not Active, Not Active, Not Active
2026/07/20 00:42:01.733, 0, ${V100_GPU_0_UUID}, 00000000:01:00.0, 900, 877, 32.87, 150.00, 54, 53, 0, 316, P0, Not Active, Not Active, Not Active
2026/07/20 00:42:01.745, 1, ${V100_GPU_1_UUID}, 00000000:02:00.0, 900, 877, 30.80, 150.00, 53, 51, 0, 316, P0, Not Active, Not Active, Not Active
2026/07/20 00:42:01.891, 0, ${V100_GPU_0_UUID}, 00000000:01:00.0, 900, 877, 32.87, 150.00, 54, 53, 0, 316, P0, Not Active, Not Active, Not Active
2026/07/20 00:42:01.897, 1, ${V100_GPU_1_UUID}, 00000000:02:00.0, 900, 877, 30.78, 150.00, 53, 51, 0, 316, P0, Not Active, Not Active, Not Active
2026/07/20 00:42:02.045, 0, ${V100_GPU_0_UUID}, 00000000:01:00.0, 900, 877, 32.85, 150.00, 54, 53, 0, 316, P0, Not Active, Not Active, Not Active
2026/07/20 00:42:02.051, 1, ${V100_GPU_1_UUID}, 00000000:02:00.0, 900, 877, 30.78, 150.00, 53, 51, 0, 316, P0, Not Active, Not Active, Not Active
2026/07/20 00:42:02.188, 0, ${V100_GPU_0_UUID}, 00000000:01:00.0, 900, 877, 32.87, 150.00, 54, 53, 0, 316, P0, Not Active, Not Active, Not Active
2026/07/20 00:42:02.197, 1, ${V100_GPU_1_UUID}, 00000000:02:00.0, 900, 877, 30.78, 150.00, 53, 51, 0, 316, P0, Not Active, Not Active, Not Active
2026/07/20 00:42:02.335, 0, ${V100_GPU_0_UUID}, 00000000:01:00.0, 900, 877, 32.87, 150.00, 54, 53, 0, 316, P0, Not Active, Not Active, Not Active
2026/07/20 00:42:02.347, 1, ${V100_GPU_1_UUID}, 00000000:02:00.0, 900, 877, 30.78, 150.00, 53, 51, 0, 316, P0, Not Active, Not Active, Not Active
2026/07/20 00:42:02.516, 0, ${V100_GPU_0_UUID}, 00000000:01:00.0, 900, 877, 32.85, 150.00, 54, 53, 0, 316, P0, Not Active, Not Active, Not Active
2026/07/20 00:42:02.521, 1, ${V100_GPU_1_UUID}, 00000000:02:00.0, 900, 877, 30.76, 150.00, 53, 51, 0, 316, P0, Not Active, Not Active, Not Active
2026/07/20 00:42:02.661, 0, ${V100_GPU_0_UUID}, 00000000:01:00.0, 900, 877, 32.87, 150.00, 54, 53, 0, 316, P0, Not Active, Not Active, Not Active
2026/07/20 00:42:02.666, 1, ${V100_GPU_1_UUID}, 00000000:02:00.0, 900, 877, 30.78, 150.00, 53, 51, 0, 316, P0, Not Active, Not Active, Not Active
2026/07/20 00:42:02.808, 0, ${V100_GPU_0_UUID}, 00000000:01:00.0, 900, 877, 32.87, 150.00, 54, 53, 0, 316, P0, Not Active, Not Active, Not Active
2026/07/20 00:42:02.814, 1, ${V100_GPU_1_UUID}, 00000000:02:00.0, 900, 877, 30.78, 150.00, 53, 51, 0, 316, P0, Not Active, Not Active, Not Active
2026/07/20 00:42:02.948, 0, ${V100_GPU_0_UUID}, 00000000:01:00.0, 900, 877, 32.85, 150.00, 54, 53, 0, 316, P0, Not Active, Not Active, Not Active
2026/07/20 00:42:02.954, 1, ${V100_GPU_1_UUID}, 00000000:02:00.0, 900, 877, 30.78, 150.00, 53, 51, 0, 316, P0, Not Active, Not Active, Not Active
2026/07/20 00:42:03.087, 0, ${V100_GPU_0_UUID}, 00000000:01:00.0, 900, 877, 32.85, 150.00, 54, 53, 0, 316, P0, Not Active, Not Active, Not Active
2026/07/20 00:42:03.092, 1, ${V100_GPU_1_UUID}, 00000000:02:00.0, 900, 877, 30.78, 150.00, 53, 51, 0, 316, P0, Not Active, Not Active, Not Active
2026/07/20 00:42:03.227, 0, ${V100_GPU_0_UUID}, 00000000:01:00.0, 900, 877, 32.87, 150.00, 54, 53, 0, 316, P0, Not Active, Not Active, Not Active
2026/07/20 00:42:03.233, 1, ${V100_GPU_1_UUID}, 00000000:02:00.0, 900, 877, 30.78, 150.00, 53, 51, 0, 316, P0, Not Active, Not Active, Not Active
2026/07/20 00:42:03.367, 0, ${V100_GPU_0_UUID}, 00000000:01:00.0, 900, 877, 32.87, 150.00, 54, 53, 0, 316, P0, Not Active, Not Active, Not Active
2026/07/20 00:42:03.374, 1, ${V100_GPU_1_UUID}, 00000000:02:00.0, 900, 877, 30.78, 150.00, 53, 51, 0, 316, P0, Not Active, Not Active, Not Active
2026/07/20 00:42:03.525, 0, ${V100_GPU_0_UUID}, 00000000:01:00.0, 900, 877, 32.87, 150.00, 54, 53, 0, 316, P0, Not Active, Not Active, Not Active
2026/07/20 00:42:03.538, 1, ${V100_GPU_1_UUID}, 00000000:02:00.0, 900, 877, 30.78, 150.00, 53, 51, 0, 316, P0, Not Active, Not Active, Not Active
2026/07/20 00:42:03.677, 0, ${V100_GPU_0_UUID}, 00000000:01:00.0, 900, 877, 32.87, 150.00, 54, 53, 0, 316, P0, Not Active, Not Active, Not Active
2026/07/20 00:42:03.682, 1, ${V100_GPU_1_UUID}, 00000000:02:00.0, 900, 877, 30.78, 150.00, 53, 51, 0, 316, P0, Not Active, Not Active, Not Active
2026/07/20 00:42:03.837, 0, ${V100_GPU_0_UUID}, 00000000:01:00.0, 900, 877, 32.85, 150.00, 55, 53, 0, 316, P0, Not Active, Not Active, Not Active
2026/07/20 00:42:03.842, 1, ${V100_GPU_1_UUID}, 00000000:02:00.0, 900, 877, 30.78, 150.00, 53, 51, 0, 316, P0, Not Active, Not Active, Not Active
2026/07/20 00:42:04.000, 0, ${V100_GPU_0_UUID}, 00000000:01:00.0, 900, 877, 32.87, 150.00, 54, 53, 0, 316, P0, Not Active, Not Active, Not Active
2026/07/20 00:42:04.012, 1, ${V100_GPU_1_UUID}, 00000000:02:00.0, 900, 877, 30.80, 150.00, 53, 51, 0, 316, P0, Not Active, Not Active, Not Active
2026/07/20 00:42:04.149, 0, ${V100_GPU_0_UUID}, 00000000:01:00.0, 900, 877, 32.85, 150.00, 54, 53, 0, 316, P0, Not Active, Not Active, Not Active
2026/07/20 00:42:04.155, 1, ${V100_GPU_1_UUID}, 00000000:02:00.0, 900, 877, 30.76, 150.00, 53, 51, 0, 316, P0, Not Active, Not Active, Not Active
2026/07/20 00:42:04.318, 0, ${V100_GPU_0_UUID}, 00000000:01:00.0, 900, 877, 32.87, 150.00, 54, 53, 0, 316, P0, Not Active, Not Active, Not Active
2026/07/20 00:42:04.326, 1, ${V100_GPU_1_UUID}, 00000000:02:00.0, 900, 877, 30.78, 150.00, 53, 51, 0, 316, P0, Not Active, Not Active, Not Active
2026/07/20 00:42:04.474, 0, ${V100_GPU_0_UUID}, 00000000:01:00.0, 900, 877, 32.87, 150.00, 54, 53, 0, 316, P0, Not Active, Not Active, Not Active
2026/07/20 00:42:04.671, 1, ${V100_GPU_1_UUID}, 00000000:02:00.0, 900, 877, 30.78, 150.00, 53, 51, 0, 316, P0, Not Active, Not Active, Not Active
2026/07/20 00:42:04.809, 0, ${V100_GPU_0_UUID}, 00000000:01:00.0, 900, 877, 32.87, 150.00, 54, 53, 0, 316, P0, Not Active, Not Active, Not Active
2026/07/20 00:42:04.817, 1, ${V100_GPU_1_UUID}, 00000000:02:00.0, 900, 877, 30.78, 150.00, 53, 51, 0, 316, P0, Not Active, Not Active, Not Active
2026/07/20 00:42:04.954, 0, ${V100_GPU_0_UUID}, 00000000:01:00.0, 900, 877, 32.83, 150.00, 54, 53, 0, 316, P0, Not Active, Not Active, Not Active
2026/07/20 00:42:04.960, 1, ${V100_GPU_1_UUID}, 00000000:02:00.0, 900, 877, 30.76, 150.00, 53, 51, 0, 316, P0, Not Active, Not Active, Not Active
2026/07/20 00:42:05.099, 0, ${V100_GPU_0_UUID}, 00000000:01:00.0, 900, 877, 32.85, 150.00, 54, 53, 0, 316, P0, Not Active, Not Active, Not Active
2026/07/20 00:42:05.105, 1, ${V100_GPU_1_UUID}, 00000000:02:00.0, 900, 877, 30.78, 150.00, 53, 51, 0, 316, P0, Not Active, Not Active, Not Active
2026/07/20 00:42:05.248, 0, ${V100_GPU_0_UUID}, 00000000:01:00.0, 900, 877, 32.85, 150.00, 54, 53, 0, 316, P0, Not Active, Not Active, Not Active
2026/07/20 00:42:05.253, 1, ${V100_GPU_1_UUID}, 00000000:02:00.0, 900, 877, 30.78, 150.00, 53, 51, 0, 316, P0, Not Active, Not Active, Not Active
2026/07/20 00:42:05.417, 0, ${V100_GPU_0_UUID}, 00000000:01:00.0, 900, 877, 32.87, 150.00, 54, 53, 0, 316, P0, Not Active, Not Active, Not Active
2026/07/20 00:42:05.425, 1, ${V100_GPU_1_UUID}, 00000000:02:00.0, 900, 877, 30.78, 150.00, 53, 51, 0, 316, P0, Not Active, Not Active, Not Active
2026/07/20 00:42:05.559, 0, ${V100_GPU_0_UUID}, 00000000:01:00.0, 900, 877, 32.85, 150.00, 54, 53, 0, 316, P0, Not Active, Not Active, Not Active
2026/07/20 00:42:05.564, 1, ${V100_GPU_1_UUID}, 00000000:02:00.0, 900, 877, 30.78, 150.00, 53, 51, 0, 316, P0, Not Active, Not Active, Not Active
2026/07/20 00:42:05.728, 0, ${V100_GPU_0_UUID}, 00000000:01:00.0, 900, 877, 32.87, 150.00, 55, 53, 0, 316, P0, Not Active, Not Active, Not Active
2026/07/20 00:42:05.737, 1, ${V100_GPU_1_UUID}, 00000000:02:00.0, 900, 877, 30.78, 150.00, 53, 51, 0, 316, P0, Not Active, Not Active, Not Active
2026/07/20 00:42:05.871, 0, ${V100_GPU_0_UUID}, 00000000:01:00.0, 900, 877, 32.87, 150.00, 54, 53, 0, 316, P0, Not Active, Not Active, Not Active
2026/07/20 00:42:05.877, 1, ${V100_GPU_1_UUID}, 00000000:02:00.0, 900, 877, 30.78, 150.00, 53, 51, 0, 316, P0, Not Active, Not Active, Not Active
2026/07/20 00:42:06.042, 0, ${V100_GPU_0_UUID}, 00000000:01:00.0, 900, 877, 32.87, 150.00, 54, 53, 0, 316, P0, Not Active, Not Active, Not Active
2026/07/20 00:42:06.224, 1, ${V100_GPU_1_UUID}, 00000000:02:00.0, 900, 877, 30.78, 150.00, 53, 51, 0, 316, P0, Not Active, Not Active, Not Active
2026/07/20 00:42:06.369, 0, ${V100_GPU_0_UUID}, 00000000:01:00.0, 900, 877, 32.85, 150.00, 54, 53, 0, 316, P0, Not Active, Not Active, Not Active
2026/07/20 00:42:06.375, 1, ${V100_GPU_1_UUID}, 00000000:02:00.0, 900, 877, 30.76, 150.00, 53, 51, 0, 316, P0, Not Active, Not Active, Not Active
2026/07/20 00:42:06.508, 0, ${V100_GPU_0_UUID}, 00000000:01:00.0, 900, 877, 32.85, 150.00, 54, 53, 0, 316, P0, Not Active, Not Active, Not Active
2026/07/20 00:42:06.513, 1, ${V100_GPU_1_UUID}, 00000000:02:00.0, 900, 877, 30.78, 150.00, 53, 52, 0, 316, P0, Not Active, Not Active, Not Active
2026/07/20 00:42:06.646, 0, ${V100_GPU_0_UUID}, 00000000:01:00.0, 900, 877, 32.85, 150.00, 54, 53, 0, 316, P0, Not Active, Not Active, Not Active
2026/07/20 00:42:06.652, 1, ${V100_GPU_1_UUID}, 00000000:02:00.0, 900, 877, 30.78, 150.00, 53, 51, 0, 316, P0, Not Active, Not Active, Not Active
2026/07/20 00:42:06.787, 0, ${V100_GPU_0_UUID}, 00000000:01:00.0, 900, 877, 32.85, 150.00, 54, 53, 0, 316, P0, Not Active, Not Active, Not Active
2026/07/20 00:42:06.792, 1, ${V100_GPU_1_UUID}, 00000000:02:00.0, 900, 877, 30.76, 150.00, 53, 51, 0, 316, P0, Not Active, Not Active, Not Active
2026/07/20 00:42:06.924, 0, ${V100_GPU_0_UUID}, 00000000:01:00.0, 900, 877, 32.85, 150.00, 54, 53, 0, 316, P0, Not Active, Not Active, Not Active
2026/07/20 00:42:06.930, 1, ${V100_GPU_1_UUID}, 00000000:02:00.0, 900, 877, 30.76, 150.00, 53, 51, 0, 316, P0, Not Active, Not Active, Not Active
2026/07/20 00:42:07.063, 0, ${V100_GPU_0_UUID}, 00000000:01:00.0, 900, 877, 32.85, 150.00, 54, 53, 0, 316, P0, Not Active, Not Active, Not Active
2026/07/20 00:42:07.068, 1, ${V100_GPU_1_UUID}, 00000000:02:00.0, 900, 877, 30.78, 150.00, 53, 51, 0, 316, P0, Not Active, Not Active, Not Active
2026/07/20 00:42:07.200, 0, ${V100_GPU_0_UUID}, 00000000:01:00.0, 900, 877, 32.85, 150.00, 54, 53, 0, 316, P0, Not Active, Not Active, Not Active
2026/07/20 00:42:07.206, 1, ${V100_GPU_1_UUID}, 00000000:02:00.0, 900, 877, 30.78, 150.00, 53, 51, 0, 316, P0, Not Active, Not Active, Not Active
2026/07/20 00:42:07.338, 0, ${V100_GPU_0_UUID}, 00000000:01:00.0, 900, 877, 32.85, 150.00, 54, 53, 0, 316, P0, Not Active, Not Active, Not Active
2026/07/20 00:42:07.343, 1, ${V100_GPU_1_UUID}, 00000000:02:00.0, 900, 877, 30.78, 150.00, 53, 51, 0, 316, P0, Not Active, Not Active, Not Active
2026/07/20 00:42:07.476, 0, ${V100_GPU_0_UUID}, 00000000:01:00.0, 900, 877, 32.85, 150.00, 54, 53, 0, 316, P0, Not Active, Not Active, Not Active
2026/07/20 00:42:07.481, 1, ${V100_GPU_1_UUID}, 00000000:02:00.0, 900, 877, 30.76, 150.00, 53, 51, 0, 316, P0, Not Active, Not Active, Not Active
2026/07/20 00:42:07.615, 0, ${V100_GPU_0_UUID}, 00000000:01:00.0, 900, 877, 32.85, 150.00, 54, 53, 0, 316, P0, Not Active, Not Active, Not Active
2026/07/20 00:42:07.622, 1, ${V100_GPU_1_UUID}, 00000000:02:00.0, 900, 877, 30.76, 150.00, 53, 51, 0, 316, P0, Not Active, Not Active, Not Active
2026/07/20 00:42:07.780, 0, ${V100_GPU_0_UUID}, 00000000:01:00.0, 900, 877, 32.87, 150.00, 54, 53, 0, 316, P0, Not Active, Not Active, Not Active
2026/07/20 00:42:07.787, 1, ${V100_GPU_1_UUID}, 00000000:02:00.0, 900, 877, 30.78, 150.00, 53, 51, 0, 316, P0, Not Active, Not Active, Not Active
2026/07/20 00:42:07.923, 0, ${V100_GPU_0_UUID}, 00000000:01:00.0, 900, 877, 32.85, 150.00, 54, 53, 0, 316, P0, Not Active, Not Active, Not Active
2026/07/20 00:42:07.930, 1, ${V100_GPU_1_UUID}, 00000000:02:00.0, 900, 877, 30.76, 150.00, 53, 51, 0, 316, P0, Not Active, Not Active, Not Active
2026/07/20 00:42:08.067, 0, ${V100_GPU_0_UUID}, 00000000:01:00.0, 900, 877, 32.87, 150.00, 54, 53, 0, 316, P0, Not Active, Not Active, Not Active
2026/07/20 00:42:08.072, 1, ${V100_GPU_1_UUID}, 00000000:02:00.0, 900, 877, 30.78, 150.00, 53, 51, 0, 316, P0, Not Active, Not Active, Not Active
2026/07/20 00:42:08.205, 0, ${V100_GPU_0_UUID}, 00000000:01:00.0, 900, 877, 32.85, 150.00, 54, 53, 0, 316, P0, Not Active, Not Active, Not Active
2026/07/20 00:42:08.211, 1, ${V100_GPU_1_UUID}, 00000000:02:00.0, 900, 877, 30.76, 150.00, 53, 51, 0, 316, P0, Not Active, Not Active, Not Active
2026/07/20 00:42:08.373, 0, ${V100_GPU_0_UUID}, 00000000:01:00.0, 900, 877, 32.87, 150.00, 54, 53, 0, 316, P0, Not Active, Not Active, Not Active
2026/07/20 00:42:08.381, 1, ${V100_GPU_1_UUID}, 00000000:02:00.0, 900, 877, 30.78, 150.00, 53, 51, 0, 316, P0, Not Active, Not Active, Not Active
2026/07/20 00:42:08.518, 0, ${V100_GPU_0_UUID}, 00000000:01:00.0, 900, 877, 32.87, 150.00, 54, 53, 0, 316, P0, Not Active, Not Active, Not Active
2026/07/20 00:42:08.525, 1, ${V100_GPU_1_UUID}, 00000000:02:00.0, 900, 877, 30.78, 150.00, 53, 51, 0, 316, P0, Not Active, Not Active, Not Active
2026/07/20 00:42:08.692, 0, ${V100_GPU_0_UUID}, 00000000:01:00.0, 900, 877, 32.87, 150.00, 54, 53, 0, 316, P0, Not Active, Not Active, Not Active
2026/07/20 00:42:08.698, 1, ${V100_GPU_1_UUID}, 00000000:02:00.0, 900, 877, 30.78, 150.00, 53, 51, 0, 316, P0, Not Active, Not Active, Not Active
2026/07/20 00:42:08.840, 0, ${V100_GPU_0_UUID}, 00000000:01:00.0, 900, 877, 32.87, 150.00, 55, 53, 0, 316, P0, Not Active, Not Active, Not Active
2026/07/20 00:42:08.849, 1, ${V100_GPU_1_UUID}, 00000000:02:00.0, 900, 877, 30.78, 150.00, 53, 51, 0, 316, P0, Not Active, Not Active, Not Active
2026/07/20 00:42:08.988, 0, ${V100_GPU_0_UUID}, 00000000:01:00.0, 900, 877, 32.85, 150.00, 54, 53, 0, 316, P0, Not Active, Not Active, Not Active
2026/07/20 00:42:08.993, 1, ${V100_GPU_1_UUID}, 00000000:02:00.0, 900, 877, 30.76, 150.00, 53, 51, 0, 316, P0, Not Active, Not Active, Not Active
2026/07/20 00:42:09.157, 0, ${V100_GPU_0_UUID}, 00000000:01:00.0, 900, 877, 32.87, 150.00, 54, 53, 0, 316, P0, Not Active, Not Active, Not Active
2026/07/20 00:42:09.164, 1, ${V100_GPU_1_UUID}, 00000000:02:00.0, 900, 877, 30.78, 150.00, 53, 51, 0, 316, P0, Not Active, Not Active, Not Active
2026/07/20 00:42:09.301, 0, ${V100_GPU_0_UUID}, 00000000:01:00.0, 900, 877, 32.85, 150.00, 54, 53, 0, 316, P0, Not Active, Not Active, Not Active
2026/07/20 00:42:09.306, 1, ${V100_GPU_1_UUID}, 00000000:02:00.0, 900, 877, 30.78, 150.00, 53, 51, 0, 316, P0, Not Active, Not Active, Not Active
2026/07/20 00:42:09.468, 0, ${V100_GPU_0_UUID}, 00000000:01:00.0, 900, 877, 32.87, 150.00, 54, 53, 0, 316, P0, Not Active, Not Active, Not Active
2026/07/20 00:42:09.476, 1, ${V100_GPU_1_UUID}, 00000000:02:00.0, 900, 877, 30.78, 150.00, 53, 51, 0, 316, P0, Not Active, Not Active, Not Active
2026/07/20 00:42:09.609, 0, ${V100_GPU_0_UUID}, 00000000:01:00.0, 900, 877, 32.87, 150.00, 54, 53, 0, 316, P0, Not Active, Not Active, Not Active
2026/07/20 00:42:09.615, 1, ${V100_GPU_1_UUID}, 00000000:02:00.0, 900, 877, 30.78, 150.00, 53, 51, 0, 316, P0, Not Active, Not Active, Not Active
2026/07/20 00:42:09.754, 0, ${V100_GPU_0_UUID}, 00000000:01:00.0, 900, 877, 32.87, 150.00, 55, 53, 0, 316, P0, Not Active, Not Active, Not Active
2026/07/20 00:42:09.762, 1, ${V100_GPU_1_UUID}, 00000000:02:00.0, 900, 877, 30.78, 150.00, 53, 51, 0, 316, P0, Not Active, Not Active, Not Active
2026/07/20 00:42:09.900, 0, ${V100_GPU_0_UUID}, 00000000:01:00.0, 900, 877, 32.85, 150.00, 54, 53, 0, 316, P0, Not Active, Not Active, Not Active
2026/07/20 00:42:09.905, 1, ${V100_GPU_1_UUID}, 00000000:02:00.0, 900, 877, 30.76, 150.00, 53, 51, 0, 316, P0, Not Active, Not Active, Not Active
2026/07/20 00:42:10.063, 0, ${V100_GPU_0_UUID}, 00000000:01:00.0, 900, 877, 32.87, 150.00, 54, 53, 0, 316, P0, Not Active, Not Active, Not Active
2026/07/20 00:42:10.070, 1, ${V100_GPU_1_UUID}, 00000000:02:00.0, 900, 877, 30.78, 150.00, 53, 51, 0, 316, P0, Not Active, Not Active, Not Active
2026/07/20 00:42:10.204, 0, ${V100_GPU_0_UUID}, 00000000:01:00.0, 900, 877, 32.85, 150.00, 54, 53, 0, 316, P0, Not Active, Not Active, Not Active
2026/07/20 00:42:10.209, 1, ${V100_GPU_1_UUID}, 00000000:02:00.0, 900, 877, 30.78, 150.00, 53, 51, 0, 316, P0, Not Active, Not Active, Not Active
2026/07/20 00:42:10.373, 0, ${V100_GPU_0_UUID}, 00000000:01:00.0, 900, 877, 32.87, 150.00, 54, 53, 0, 316, P0, Not Active, Not Active, Not Active
2026/07/20 00:42:10.381, 1, ${V100_GPU_1_UUID}, 00000000:02:00.0, 900, 877, 30.78, 150.00, 53, 51, 0, 316, P0, Not Active, Not Active, Not Active
2026/07/20 00:42:10.516, 0, ${V100_GPU_0_UUID}, 00000000:01:00.0, 900, 877, 32.87, 150.00, 54, 53, 0, 316, P0, Not Active, Not Active, Not Active
2026/07/20 00:42:10.522, 1, ${V100_GPU_1_UUID}, 00000000:02:00.0, 900, 877, 30.78, 150.00, 53, 51, 0, 316, P0, Not Active, Not Active, Not Active
2026/07/20 00:42:10.687, 0, ${V100_GPU_0_UUID}, 00000000:01:00.0, 900, 877, 32.87, 150.00, 55, 53, 0, 316, P0, Not Active, Not Active, Not Active
2026/07/20 00:42:10.697, 1, ${V100_GPU_1_UUID}, 00000000:02:00.0, 900, 877, 30.78, 150.00, 53, 51, 0, 316, P0, Not Active, Not Active, Not Active
2026/07/20 00:42:10.833, 0, ${V100_GPU_0_UUID}, 00000000:01:00.0, 900, 877, 32.87, 150.00, 54, 53, 0, 316, P0, Not Active, Not Active, Not Active
2026/07/20 00:42:10.839, 1, ${V100_GPU_1_UUID}, 00000000:02:00.0, 900, 877, 30.78, 150.00, 53, 52, 0, 316, P0, Not Active, Not Active, Not Active
2026/07/20 00:42:10.974, 0, ${V100_GPU_0_UUID}, 00000000:01:00.0, 900, 877, 32.85, 150.00, 54, 53, 0, 316, P0, Not Active, Not Active, Not Active
2026/07/20 00:42:10.980, 1, ${V100_GPU_1_UUID}, 00000000:02:00.0, 900, 877, 30.76, 150.00, 53, 51, 0, 316, P0, Not Active, Not Active, Not Active
2026/07/20 00:42:11.114, 0, ${V100_GPU_0_UUID}, 00000000:01:00.0, 900, 877, 32.85, 150.00, 55, 53, 0, 316, P0, Not Active, Not Active, Not Active
2026/07/20 00:42:11.120, 1, ${V100_GPU_1_UUID}, 00000000:02:00.0, 900, 877, 30.78, 150.00, 53, 51, 0, 316, P0, Not Active, Not Active, Not Active
2026/07/20 00:42:11.255, 0, ${V100_GPU_0_UUID}, 00000000:01:00.0, 900, 877, 32.85, 150.00, 54, 53, 0, 316, P0, Not Active, Not Active, Not Active
2026/07/20 00:42:11.261, 1, ${V100_GPU_1_UUID}, 00000000:02:00.0, 900, 877, 30.78, 150.00, 53, 51, 0, 316, P0, Not Active, Not Active, Not Active
2026/07/20 00:42:11.400, 0, ${V100_GPU_0_UUID}, 00000000:01:00.0, 900, 877, 32.87, 150.00, 54, 53, 0, 316, P0, Not Active, Not Active, Not Active
2026/07/20 00:42:11.408, 1, ${V100_GPU_1_UUID}, 00000000:02:00.0, 900, 877, 30.78, 150.00, 53, 51, 0, 316, P0, Not Active, Not Active, Not Active
2026/07/20 00:42:11.567, 0, ${V100_GPU_0_UUID}, 00000000:01:00.0, 900, 877, 32.87, 150.00, 54, 53, 0, 316, P0, Not Active, Not Active, Not Active
2026/07/20 00:42:11.573, 1, ${V100_GPU_1_UUID}, 00000000:02:00.0, 900, 877, 30.78, 150.00, 53, 51, 0, 316, P0, Not Active, Not Active, Not Active
2026/07/20 00:42:11.736, 0, ${V100_GPU_0_UUID}, 00000000:01:00.0, 900, 877, 32.87, 150.00, 54, 54, 0, 316, P0, Not Active, Not Active, Not Active
2026/07/20 00:42:11.744, 1, ${V100_GPU_1_UUID}, 00000000:02:00.0, 900, 877, 30.78, 150.00, 53, 51, 0, 316, P0, Not Active, Not Active, Not Active
2026/07/20 00:42:11.878, 0, ${V100_GPU_0_UUID}, 00000000:01:00.0, 900, 877, 32.87, 150.00, 54, 53, 0, 316, P0, Not Active, Not Active, Not Active
2026/07/20 00:42:11.883, 1, ${V100_GPU_1_UUID}, 00000000:02:00.0, 900, 877, 30.78, 150.00, 53, 51, 0, 316, P0, Not Active, Not Active, Not Active
2026/07/20 00:42:12.048, 0, ${V100_GPU_0_UUID}, 00000000:01:00.0, 900, 877, 32.87, 150.00, 54, 53, 0, 316, P0, Not Active, Not Active, Not Active
2026/07/20 00:42:12.063, 1, ${V100_GPU_1_UUID}, 00000000:02:00.0, 900, 877, 30.80, 150.00, 53, 51, 0, 316, P0, Not Active, Not Active, Not Active
2026/07/20 00:42:12.209, 0, ${V100_GPU_0_UUID}, 00000000:01:00.0, 900, 877, 32.87, 150.00, 54, 53, 0, 316, P0, Not Active, Not Active, Not Active
2026/07/20 00:42:12.219, 1, ${V100_GPU_1_UUID}, 00000000:02:00.0, 900, 877, 30.78, 150.00, 53, 51, 0, 316, P0, Not Active, Not Active, Not Active
2026/07/20 00:42:12.357, 0, ${V100_GPU_0_UUID}, 00000000:01:00.0, 900, 877, 32.85, 150.00, 54, 53, 0, 316, P0, Not Active, Not Active, Not Active
2026/07/20 00:42:12.362, 1, ${V100_GPU_1_UUID}, 00000000:02:00.0, 900, 877, 30.76, 150.00, 53, 51, 0, 316, P0, Not Active, Not Active, Not Active
2026/07/20 00:42:12.529, 0, ${V100_GPU_0_UUID}, 00000000:01:00.0, 900, 877, 32.87, 150.00, 54, 53, 0, 316, P0, Not Active, Not Active, Not Active
2026/07/20 00:42:12.535, 1, ${V100_GPU_1_UUID}, 00000000:02:00.0, 900, 877, 30.78, 150.00, 53, 51, 0, 316, P0, Not Active, Not Active, Not Active
2026/07/20 00:42:12.667, 0, ${V100_GPU_0_UUID}, 00000000:01:00.0, 900, 877, 32.85, 150.00, 54, 53, 0, 316, P0, Not Active, Not Active, Not Active
2026/07/20 00:42:12.673, 1, ${V100_GPU_1_UUID}, 00000000:02:00.0, 900, 877, 30.78, 150.00, 53, 51, 0, 316, P0, Not Active, Not Active, Not Active
2026/07/20 00:42:12.836, 0, ${V100_GPU_0_UUID}, 00000000:01:00.0, 900, 877, 32.87, 150.00, 54, 53, 0, 316, P0, Not Active, Not Active, Not Active
2026/07/20 00:42:12.844, 1, ${V100_GPU_1_UUID}, 00000000:02:00.0, 900, 877, 30.78, 150.00, 53, 51, 0, 316, P0, Not Active, Not Active, Not Active
2026/07/20 00:42:12.986, 0, ${V100_GPU_0_UUID}, 00000000:01:00.0, 900, 877, 32.87, 150.00, 54, 53, 0, 316, P0, Not Active, Not Active, Not Active
2026/07/20 00:42:12.995, 1, ${V100_GPU_1_UUID}, 00000000:02:00.0, 900, 877, 30.78, 150.00, 53, 51, 0, 316, P0, Not Active, Not Active, Not Active
2026/07/20 00:42:13.132, 0, ${V100_GPU_0_UUID}, 00000000:01:00.0, 900, 877, 32.85, 150.00, 54, 53, 0, 316, P0, Not Active, Not Active, Not Active
2026/07/20 00:42:13.138, 1, ${V100_GPU_1_UUID}, 00000000:02:00.0, 900, 877, 30.76, 150.00, 53, 51, 0, 316, P0, Not Active, Not Active, Not Active
2026/07/20 00:42:13.302, 0, ${V100_GPU_0_UUID}, 00000000:01:00.0, 900, 877, 32.87, 150.00, 54, 54, 0, 316, P0, Not Active, Not Active, Not Active
2026/07/20 00:42:13.310, 1, ${V100_GPU_1_UUID}, 00000000:02:00.0, 900, 877, 30.78, 150.00, 53, 51, 0, 316, P0, Not Active, Not Active, Not Active
2026/07/20 00:42:13.444, 0, ${V100_GPU_0_UUID}, 00000000:01:00.0, 900, 877, 32.87, 150.00, 54, 53, 0, 316, P0, Not Active, Not Active, Not Active
2026/07/20 00:42:13.450, 1, ${V100_GPU_1_UUID}, 00000000:02:00.0, 900, 877, 30.78, 150.00, 53, 51, 0, 316, P0, Not Active, Not Active, Not Active
2026/07/20 00:42:13.615, 0, ${V100_GPU_0_UUID}, 00000000:01:00.0, 900, 877, 32.87, 150.00, 54, 53, 0, 316, P0, Not Active, Not Active, Not Active
2026/07/20 00:42:13.623, 1, ${V100_GPU_1_UUID}, 00000000:02:00.0, 900, 877, 30.78, 150.00, 53, 51, 0, 316, P0, Not Active, Not Active, Not Active
2026/07/20 00:42:13.761, 0, ${V100_GPU_0_UUID}, 00000000:01:00.0, 900, 877, 32.87, 150.00, 54, 53, 0, 316, P0, Not Active, Not Active, Not Active
2026/07/20 00:42:13.767, 1, ${V100_GPU_1_UUID}, 00000000:02:00.0, 900, 877, 30.78, 150.00, 53, 51, 0, 316, P0, Not Active, Not Active, Not Active
2026/07/20 00:42:13.919, 0, ${V100_GPU_0_UUID}, 00000000:01:00.0, 900, 877, 32.87, 150.00, 54, 53, 0, 316, P0, Not Active, Not Active, Not Active
2026/07/20 00:42:13.924, 1, ${V100_GPU_1_UUID}, 00000000:02:00.0, 900, 877, 30.78, 150.00, 53, 51, 0, 316, P0, Not Active, Not Active, Not Active
2026/07/20 00:42:14.092, 0, ${V100_GPU_0_UUID}, 00000000:01:00.0, 900, 877, 32.87, 150.00, 54, 53, 0, 316, P0, Not Active, Not Active, Not Active
2026/07/20 00:42:14.108, 1, ${V100_GPU_1_UUID}, 00000000:02:00.0, 900, 877, 30.78, 150.00, 53, 51, 0, 316, P0, Not Active, Not Active, Not Active
2026/07/20 00:42:14.247, 0, ${V100_GPU_0_UUID}, 00000000:01:00.0, 900, 877, 32.87, 150.00, 54, 53, 0, 316, P0, Not Active, Not Active, Not Active
2026/07/20 00:42:14.253, 1, ${V100_GPU_1_UUID}, 00000000:02:00.0, 900, 877, 30.78, 150.00, 53, 51, 0, 316, P0, Not Active, Not Active, Not Active
2026/07/20 00:42:14.417, 0, ${V100_GPU_0_UUID}, 00000000:01:00.0, 900, 877, 32.87, 150.00, 54, 53, 0, 316, P0, Not Active, Not Active, Not Active
2026/07/20 00:42:14.425, 1, ${V100_GPU_1_UUID}, 00000000:02:00.0, 900, 877, 30.78, 150.00, 53, 51, 0, 316, P0, Not Active, Not Active, Not Active
2026/07/20 00:42:14.588, 0, ${V100_GPU_0_UUID}, 00000000:01:00.0, 900, 877, 32.87, 150.00, 54, 53, 0, 316, P0, Not Active, Not Active, Not Active
2026/07/20 00:42:14.598, 1, ${V100_GPU_1_UUID}, 00000000:02:00.0, 900, 877, 30.78, 150.00, 53, 51, 0, 316, P0, Not Active, Not Active, Not Active
2026/07/20 00:42:14.731, 0, ${V100_GPU_0_UUID}, 00000000:01:00.0, 900, 877, 32.85, 150.00, 54, 53, 0, 316, P0, Not Active, Not Active, Not Active
2026/07/20 00:42:14.737, 1, ${V100_GPU_1_UUID}, 00000000:02:00.0, 900, 877, 30.78, 150.00, 53, 51, 0, 316, P0, Not Active, Not Active, Not Active
2026/07/20 00:42:14.892, 0, ${V100_GPU_0_UUID}, 00000000:01:00.0, 900, 877, 32.87, 150.00, 54, 53, 0, 316, P0, Not Active, Not Active, Not Active
2026/07/20 00:42:14.899, 1, ${V100_GPU_1_UUID}, 00000000:02:00.0, 900, 877, 30.78, 150.00, 53, 51, 0, 316, P0, Not Active, Not Active, Not Active
2026/07/20 00:42:15.032, 0, ${V100_GPU_0_UUID}, 00000000:01:00.0, 900, 877, 32.85, 150.00, 54, 53, 0, 316, P0, Not Active, Not Active, Not Active
2026/07/20 00:42:15.038, 1, ${V100_GPU_1_UUID}, 00000000:02:00.0, 900, 877, 30.78, 150.00, 53, 51, 0, 316, P0, Not Active, Not Active, Not Active
2026/07/20 00:42:15.173, 0, ${V100_GPU_0_UUID}, 00000000:01:00.0, 900, 877, 32.85, 150.00, 54, 53, 0, 316, P0, Not Active, Not Active, Not Active
2026/07/20 00:42:15.178, 1, ${V100_GPU_1_UUID}, 00000000:02:00.0, 900, 877, 30.78, 150.00, 53, 51, 0, 316, P0, Not Active, Not Active, Not Active
2026/07/20 00:42:15.311, 0, ${V100_GPU_0_UUID}, 00000000:01:00.0, 900, 877, 32.87, 150.00, 54, 53, 0, 316, P0, Not Active, Not Active, Not Active
2026/07/20 00:42:15.317, 1, ${V100_GPU_1_UUID}, 00000000:02:00.0, 900, 877, 30.78, 150.00, 53, 51, 0, 316, P0, Not Active, Not Active, Not Active
2026/07/20 00:42:15.482, 0, ${V100_GPU_0_UUID}, 00000000:01:00.0, 900, 877, 32.87, 150.00, 54, 53, 0, 316, P0, Not Active, Not Active, Not Active
2026/07/20 00:42:15.489, 1, ${V100_GPU_1_UUID}, 00000000:02:00.0, 900, 877, 30.78, 150.00, 53, 51, 0, 316, P0, Not Active, Not Active, Not Active
2026/07/20 00:42:15.626, 0, ${V100_GPU_0_UUID}, 00000000:01:00.0, 900, 877, 32.87, 150.00, 54, 53, 0, 316, P0, Not Active, Not Active, Not Active
2026/07/20 00:42:15.632, 1, ${V100_GPU_1_UUID}, 00000000:02:00.0, 900, 877, 30.78, 150.00, 53, 51, 0, 316, P0, Not Active, Not Active, Not Active
2026/07/20 00:42:15.789, 0, ${V100_GPU_0_UUID}, 00000000:01:00.0, 900, 877, 32.87, 150.00, 54, 53, 0, 316, P0, Not Active, Not Active, Not Active
2026/07/20 00:42:15.796, 1, ${V100_GPU_1_UUID}, 00000000:02:00.0, 900, 877, 30.78, 150.00, 53, 51, 0, 316, P0, Not Active, Not Active, Not Active
2026/07/20 00:42:15.942, 0, ${V100_GPU_0_UUID}, 00000000:01:00.0, 900, 877, 32.87, 150.00, 54, 53, 0, 316, P0, Not Active, Not Active, Not Active
2026/07/20 00:42:15.953, 1, ${V100_GPU_1_UUID}, 00000000:02:00.0, 900, 877, 30.80, 150.00, 53, 51, 0, 316, P0, Not Active, Not Active, Not Active
2026/07/20 00:42:16.097, 0, ${V100_GPU_0_UUID}, 00000000:01:00.0, 900, 877, 32.85, 150.00, 54, 53, 0, 316, P0, Not Active, Not Active, Not Active
2026/07/20 00:42:16.103, 1, ${V100_GPU_1_UUID}, 00000000:02:00.0, 900, 877, 30.76, 150.00, 53, 51, 0, 316, P0, Not Active, Not Active, Not Active
2026/07/20 00:42:16.250, 0, ${V100_GPU_0_UUID}, 00000000:01:00.0, 900, 877, 32.87, 150.00, 54, 53, 0, 316, P0, Not Active, Not Active, Not Active
2026/07/20 00:42:16.260, 1, ${V100_GPU_1_UUID}, 00000000:02:00.0, 900, 877, 30.78, 150.00, 53, 52, 0, 316, P0, Not Active, Not Active, Not Active
2026/07/20 00:42:16.398, 0, ${V100_GPU_0_UUID}, 00000000:01:00.0, 900, 877, 32.87, 150.00, 54, 53, 0, 316, P0, Not Active, Not Active, Not Active
2026/07/20 00:42:16.404, 1, ${V100_GPU_1_UUID}, 00000000:02:00.0, 900, 877, 30.78, 150.00, 53, 51, 0, 316, P0, Not Active, Not Active, Not Active
2026/07/20 00:42:16.538, 0, ${V100_GPU_0_UUID}, 00000000:01:00.0, 900, 877, 32.87, 150.00, 54, 53, 0, 316, P0, Not Active, Not Active, Not Active
2026/07/20 00:42:16.543, 1, ${V100_GPU_1_UUID}, 00000000:02:00.0, 900, 877, 30.78, 150.00, 53, 51, 0, 316, P0, Not Active, Not Active, Not Active
2026/07/20 00:42:16.681, 0, ${V100_GPU_0_UUID}, 00000000:01:00.0, 900, 877, 32.85, 150.00, 54, 53, 0, 316, P0, Not Active, Not Active, Not Active
2026/07/20 00:42:16.687, 1, ${V100_GPU_1_UUID}, 00000000:02:00.0, 900, 877, 30.78, 150.00, 53, 51, 0, 316, P0, Not Active, Not Active, Not Active
2026/07/20 00:42:16.829, 0, ${V100_GPU_0_UUID}, 00000000:01:00.0, 900, 877, 32.87, 150.00, 54, 53, 0, 316, P0, Not Active, Not Active, Not Active
2026/07/20 00:42:16.840, 1, ${V100_GPU_1_UUID}, 00000000:02:00.0, 900, 877, 30.80, 150.00, 53, 51, 0, 316, P0, Not Active, Not Active, Not Active
2026/07/20 00:42:16.976, 0, ${V100_GPU_0_UUID}, 00000000:01:00.0, 900, 877, 32.87, 150.00, 54, 53, 0, 316, P0, Not Active, Not Active, Not Active
2026/07/20 00:42:16.982, 1, ${V100_GPU_1_UUID}, 00000000:02:00.0, 900, 877, 30.78, 150.00, 53, 51, 0, 316, P0, Not Active, Not Active, Not Active
2026/07/20 00:42:17.146, 0, ${V100_GPU_0_UUID}, 00000000:01:00.0, 900, 877, 32.87, 150.00, 54, 53, 0, 316, P0, Not Active, Not Active, Not Active
2026/07/20 00:42:17.154, 1, ${V100_GPU_1_UUID}, 00000000:02:00.0, 900, 877, 30.78, 150.00, 53, 51, 0, 316, P0, Not Active, Not Active, Not Active
2026/07/20 00:42:17.291, 0, ${V100_GPU_0_UUID}, 00000000:01:00.0, 900, 877, 32.87, 150.00, 54, 53, 0, 316, P0, Not Active, Not Active, Not Active
2026/07/20 00:42:17.297, 1, ${V100_GPU_1_UUID}, 00000000:02:00.0, 900, 877, 30.78, 150.00, 53, 51, 0, 316, P0, Not Active, Not Active, Not Active
2026/07/20 00:42:17.461, 0, ${V100_GPU_0_UUID}, 00000000:01:00.0, 900, 877, 32.87, 150.00, 54, 53, 0, 316, P0, Not Active, Not Active, Not Active
2026/07/20 00:42:17.468, 1, ${V100_GPU_1_UUID}, 00000000:02:00.0, 900, 877, 30.78, 150.00, 53, 51, 0, 316, P0, Not Active, Not Active, Not Active
2026/07/20 00:42:17.632, 0, ${V100_GPU_0_UUID}, 00000000:01:00.0, 900, 877, 32.85, 150.00, 54, 53, 0, 316, P0, Not Active, Not Active, Not Active
2026/07/20 00:42:17.640, 1, ${V100_GPU_1_UUID}, 00000000:02:00.0, 900, 877, 30.76, 150.00, 53, 51, 0, 316, P0, Not Active, Not Active, Not Active
2026/07/20 00:42:17.798, 0, ${V100_GPU_0_UUID}, 00000000:01:00.0, 900, 877, 32.87, 150.00, 54, 53, 0, 316, P0, Not Active, Not Active, Not Active
2026/07/20 00:42:17.808, 1, ${V100_GPU_1_UUID}, 00000000:02:00.0, 900, 877, 30.78, 150.00, 53, 51, 0, 316, P0, Not Active, Not Active, Not Active
2026/07/20 00:42:17.946, 0, ${V100_GPU_0_UUID}, 00000000:01:00.0, 900, 877, 32.83, 150.00, 54, 53, 0, 316, P0, Not Active, Not Active, Not Active
2026/07/20 00:42:17.953, 1, ${V100_GPU_1_UUID}, 00000000:02:00.0, 900, 877, 30.76, 150.00, 53, 51, 0, 316, P0, Not Active, Not Active, Not Active
2026/07/20 00:42:18.085, 0, ${V100_GPU_0_UUID}, 00000000:01:00.0, 900, 877, 32.85, 150.00, 54, 53, 0, 316, P0, Not Active, Not Active, Not Active
2026/07/20 00:42:18.092, 1, ${V100_GPU_1_UUID}, 00000000:02:00.0, 900, 877, 30.76, 150.00, 53, 51, 0, 316, P0, Not Active, Not Active, Not Active
2026/07/20 00:42:18.226, 0, ${V100_GPU_0_UUID}, 00000000:01:00.0, 900, 877, 32.85, 150.00, 55, 54, 0, 316, P0, Not Active, Not Active, Not Active
2026/07/20 00:42:18.233, 1, ${V100_GPU_1_UUID}, 00000000:02:00.0, 900, 877, 30.76, 150.00, 53, 51, 0, 316, P0, Not Active, Not Active, Not Active
2026/07/20 00:42:18.367, 0, ${V100_GPU_0_UUID}, 00000000:01:00.0, 900, 877, 32.87, 150.00, 54, 53, 0, 316, P0, Not Active, Not Active, Not Active
2026/07/20 00:42:18.374, 1, ${V100_GPU_1_UUID}, 00000000:02:00.0, 900, 877, 30.78, 150.00, 53, 51, 0, 316, P0, Not Active, Not Active, Not Active
2026/07/20 00:42:18.512, 0, ${V100_GPU_0_UUID}, 00000000:01:00.0, 900, 877, 32.87, 150.00, 55, 53, 0, 316, P0, Not Active, Not Active, Not Active
2026/07/20 00:42:18.520, 1, ${V100_GPU_1_UUID}, 00000000:02:00.0, 900, 877, 30.80, 150.00, 53, 51, 0, 316, P0, Not Active, Not Active, Not Active
2026/07/20 00:42:18.687, 0, ${V100_GPU_0_UUID}, 00000000:01:00.0, 900, 877, 32.87, 150.00, 54, 53, 0, 316, P0, Not Active, Not Active, Not Active
2026/07/20 00:42:18.694, 1, ${V100_GPU_1_UUID}, 00000000:02:00.0, 900, 877, 30.78, 150.00, 53, 51, 0, 316, P0, Not Active, Not Active, Not Active
2026/07/20 00:42:18.839, 0, ${V100_GPU_0_UUID}, 00000000:01:00.0, 900, 877, 32.87, 150.00, 54, 53, 0, 316, P0, Not Active, Not Active, Not Active
2026/07/20 00:42:18.849, 1, ${V100_GPU_1_UUID}, 00000000:02:00.0, 900, 877, 30.80, 150.00, 53, 51, 0, 316, P0, Not Active, Not Active, Not Active
2026/07/20 00:42:18.987, 0, ${V100_GPU_0_UUID}, 00000000:01:00.0, 900, 877, 32.85, 150.00, 54, 53, 0, 316, P0, Not Active, Not Active, Not Active
2026/07/20 00:42:18.993, 1, ${V100_GPU_1_UUID}, 00000000:02:00.0, 900, 877, 30.78, 150.00, 53, 51, 0, 316, P0, Not Active, Not Active, Not Active
2026/07/20 00:42:19.157, 0, ${V100_GPU_0_UUID}, 00000000:01:00.0, 900, 877, 32.87, 150.00, 54, 53, 0, 316, P0, Not Active, Not Active, Not Active
2026/07/20 00:42:19.166, 1, ${V100_GPU_1_UUID}, 00000000:02:00.0, 900, 877, 30.78, 150.00, 53, 51, 0, 316, P0, Not Active, Not Active, Not Active
2026/07/20 00:42:19.305, 0, ${V100_GPU_0_UUID}, 00000000:01:00.0, 900, 877, 32.87, 150.00, 54, 53, 0, 316, P0, Not Active, Not Active, Not Active
2026/07/20 00:42:19.324, 1, ${V100_GPU_1_UUID}, 00000000:02:00.0, 900, 877, 30.78, 150.00, 53, 51, 0, 316, P0, Not Active, Not Active, Not Active
2026/07/20 00:42:19.471, 0, ${V100_GPU_0_UUID}, 00000000:01:00.0, 900, 877, 32.85, 150.00, 54, 53, 0, 316, P0, Not Active, Not Active, Not Active
2026/07/20 00:42:19.477, 1, ${V100_GPU_1_UUID}, 00000000:02:00.0, 900, 877, 30.76, 150.00, 53, 51, 0, 316, P0, Not Active, Not Active, Not Active
2026/07/20 00:42:19.641, 0, ${V100_GPU_0_UUID}, 00000000:01:00.0, 900, 877, 32.87, 150.00, 54, 53, 0, 316, P0, Not Active, Not Active, Not Active
2026/07/20 00:42:19.648, 1, ${V100_GPU_1_UUID}, 00000000:02:00.0, 900, 877, 30.78, 150.00, 53, 51, 0, 316, P0, Not Active, Not Active, Not Active
2026/07/20 00:42:19.786, 0, ${V100_GPU_0_UUID}, 00000000:01:00.0, 900, 877, 32.85, 150.00, 54, 53, 0, 316, P0, Not Active, Not Active, Not Active
2026/07/20 00:42:19.792, 1, ${V100_GPU_1_UUID}, 00000000:02:00.0, 900, 877, 30.76, 150.00, 53, 51, 0, 316, P0, Not Active, Not Active, Not Active
2026/07/20 00:42:19.928, 0, ${V100_GPU_0_UUID}, 00000000:01:00.0, 900, 877, 32.85, 150.00, 54, 53, 0, 316, P0, Not Active, Not Active, Not Active
2026/07/20 00:42:19.934, 1, ${V100_GPU_1_UUID}, 00000000:02:00.0, 900, 877, 30.76, 150.00, 53, 51, 0, 316, P0, Not Active, Not Active, Not Active
2026/07/20 00:42:20.070, 0, ${V100_GPU_0_UUID}, 00000000:01:00.0, 900, 877, 32.87, 150.00, 54, 53, 0, 316, P0, Not Active, Not Active, Not Active
2026/07/20 00:42:20.076, 1, ${V100_GPU_1_UUID}, 00000000:02:00.0, 900, 877, 30.78, 150.00, 53, 51, 0, 316, P0, Not Active, Not Active, Not Active
2026/07/20 00:42:20.212, 0, ${V100_GPU_0_UUID}, 00000000:01:00.0, 900, 877, 32.87, 150.00, 54, 53, 0, 316, P0, Not Active, Not Active, Not Active
2026/07/20 00:42:20.218, 1, ${V100_GPU_1_UUID}, 00000000:02:00.0, 900, 877, 30.78, 150.00, 53, 51, 0, 316, P0, Not Active, Not Active, Not Active
2026/07/20 00:42:20.373, 0, ${V100_GPU_0_UUID}, 00000000:01:00.0, 900, 877, 32.87, 150.00, 54, 53, 0, 316, P0, Not Active, Not Active, Not Active
2026/07/20 00:42:20.382, 1, ${V100_GPU_1_UUID}, 00000000:02:00.0, 900, 877, 30.78, 150.00, 53, 51, 0, 316, P0, Not Active, Not Active, Not Active
2026/07/20 00:42:20.517, 0, ${V100_GPU_0_UUID}, 00000000:01:00.0, 900, 877, 32.85, 150.00, 54, 53, 0, 316, P0, Not Active, Not Active, Not Active
2026/07/20 00:42:20.522, 1, ${V100_GPU_1_UUID}, 00000000:02:00.0, 900, 877, 30.76, 150.00, 53, 51, 0, 316, P0, Not Active, Not Active, Not Active
2026/07/20 00:42:20.657, 0, ${V100_GPU_0_UUID}, 00000000:01:00.0, 900, 877, 32.85, 150.00, 54, 53, 0, 316, P0, Not Active, Not Active, Not Active
2026/07/20 00:42:20.662, 1, ${V100_GPU_1_UUID}, 00000000:02:00.0, 900, 877, 30.76, 150.00, 53, 51, 0, 316, P0, Not Active, Not Active, Not Active
2026/07/20 00:42:20.828, 0, ${V100_GPU_0_UUID}, 00000000:01:00.0, 900, 877, 32.87, 150.00, 54, 53, 0, 316, P0, Not Active, Not Active, Not Active
2026/07/20 00:42:20.835, 1, ${V100_GPU_1_UUID}, 00000000:02:00.0, 900, 877, 30.78, 150.00, 53, 51, 0, 316, P0, Not Active, Not Active, Not Active
2026/07/20 00:42:20.996, 0, ${V100_GPU_0_UUID}, 00000000:01:00.0, 900, 877, 32.85, 150.00, 54, 54, 0, 316, P0, Not Active, Not Active, Not Active
2026/07/20 00:42:21.003, 1, ${V100_GPU_1_UUID}, 00000000:02:00.0, 900, 877, 30.76, 150.00, 53, 51, 0, 316, P0, Not Active, Not Active, Not Active
2026/07/20 00:42:21.137, 0, ${V100_GPU_0_UUID}, 00000000:01:00.0, 900, 877, 32.85, 150.00, 54, 53, 0, 316, P0, Not Active, Not Active, Not Active
2026/07/20 00:42:21.142, 1, ${V100_GPU_1_UUID}, 00000000:02:00.0, 900, 877, 30.78, 150.00, 53, 51, 0, 316, P0, Not Active, Not Active, Not Active
2026/07/20 00:42:21.285, 0, ${V100_GPU_0_UUID}, 00000000:01:00.0, 900, 877, 32.87, 150.00, 54, 53, 0, 316, P0, Not Active, Not Active, Not Active
2026/07/20 00:42:21.291, 1, ${V100_GPU_1_UUID}, 00000000:02:00.0, 900, 877, 30.78, 150.00, 53, 51, 0, 316, P0, Not Active, Not Active, Not Active
2026/07/20 00:42:21.451, 0, ${V100_GPU_0_UUID}, 00000000:01:00.0, 900, 877, 32.85, 150.00, 54, 53, 0, 316, P0, Not Active, Not Active, Not Active
2026/07/20 00:42:21.457, 1, ${V100_GPU_1_UUID}, 00000000:02:00.0, 900, 877, 30.76, 150.00, 53, 51, 0, 316, P0, Not Active, Not Active, Not Active
2026/07/20 00:42:21.590, 0, ${V100_GPU_0_UUID}, 00000000:01:00.0, 900, 877, 32.85, 150.00, 54, 53, 0, 316, P0, Not Active, Not Active, Not Active
2026/07/20 00:42:21.596, 1, ${V100_GPU_1_UUID}, 00000000:02:00.0, 900, 877, 30.76, 150.00, 53, 51, 0, 316, P0, Not Active, Not Active, Not Active
2026/07/20 00:42:21.730, 0, ${V100_GPU_0_UUID}, 00000000:01:00.0, 900, 877, 32.85, 150.00, 54, 53, 0, 316, P0, Not Active, Not Active, Not Active
2026/07/20 00:42:21.736, 1, ${V100_GPU_1_UUID}, 00000000:02:00.0, 900, 877, 30.78, 150.00, 53, 51, 0, 316, P0, Not Active, Not Active, Not Active
2026/07/20 00:42:21.870, 0, ${V100_GPU_0_UUID}, 00000000:01:00.0, 900, 877, 32.87, 150.00, 54, 53, 0, 316, P0, Not Active, Not Active, Not Active
2026/07/20 00:42:21.876, 1, ${V100_GPU_1_UUID}, 00000000:02:00.0, 900, 877, 30.78, 150.00, 53, 51, 0, 316, P0, Not Active, Not Active, Not Active
2026/07/20 00:42:22.016, 0, ${V100_GPU_0_UUID}, 00000000:01:00.0, 900, 877, 32.87, 150.00, 54, 53, 0, 316, P0, Not Active, Not Active, Not Active
2026/07/20 00:42:22.023, 1, ${V100_GPU_1_UUID}, 00000000:02:00.0, 900, 877, 30.78, 150.00, 53, 51, 0, 316, P0, Not Active, Not Active, Not Active
2026/07/20 00:42:22.159, 0, ${V100_GPU_0_UUID}, 00000000:01:00.0, 900, 877, 32.85, 150.00, 54, 53, 0, 316, P0, Not Active, Not Active, Not Active
2026/07/20 00:42:22.165, 1, ${V100_GPU_1_UUID}, 00000000:02:00.0, 900, 877, 30.76, 150.00, 53, 51, 0, 316, P0, Not Active, Not Active, Not Active
2026/07/20 00:42:22.303, 0, ${V100_GPU_0_UUID}, 00000000:01:00.0, 900, 877, 32.83, 150.00, 54, 54, 0, 316, P0, Not Active, Not Active, Not Active
2026/07/20 00:42:22.309, 1, ${V100_GPU_1_UUID}, 00000000:02:00.0, 900, 877, 30.76, 150.00, 53, 51, 0, 316, P0, Not Active, Not Active, Not Active
2026/07/20 00:42:22.442, 0, ${V100_GPU_0_UUID}, 00000000:01:00.0, 900, 877, 32.85, 150.00, 54, 53, 0, 316, P0, Not Active, Not Active, Not Active
2026/07/20 00:42:22.447, 1, ${V100_GPU_1_UUID}, 00000000:02:00.0, 900, 877, 30.76, 150.00, 53, 51, 0, 316, P0, Not Active, Not Active, Not Active
2026/07/20 00:42:22.580, 0, ${V100_GPU_0_UUID}, 00000000:01:00.0, 900, 877, 32.87, 150.00, 54, 53, 0, 316, P0, Not Active, Not Active, Not Active
2026/07/20 00:42:22.586, 1, ${V100_GPU_1_UUID}, 00000000:02:00.0, 900, 877, 30.78, 150.00, 53, 51, 0, 316, P0, Not Active, Not Active, Not Active
2026/07/20 00:42:22.736, 0, ${V100_GPU_0_UUID}, 00000000:01:00.0, 900, 877, 32.87, 150.00, 54, 53, 0, 316, P0, Not Active, Not Active, Not Active
2026/07/20 00:42:22.747, 1, ${V100_GPU_1_UUID}, 00000000:02:00.0, 900, 877, 30.32, 150.00, 53, 51, 0, 316, P0, Not Active, Not Active, Not Active
2026/07/20 00:42:22.912, 0, ${V100_GPU_0_UUID}, 00000000:01:00.0, 900, 877, 32.87, 150.00, 54, 53, 0, 316, P0, Not Active, Not Active, Not Active
2026/07/20 00:42:22.918, 1, ${V100_GPU_1_UUID}, 00000000:02:00.0, 900, 877, 30.78, 150.00, 53, 51, 0, 316, P0, Not Active, Not Active, Not Active
2026/07/20 00:42:23.059, 0, ${V100_GPU_0_UUID}, 00000000:01:00.0, 900, 877, 32.87, 150.00, 55, 53, 0, 316, P0, Not Active, Not Active, Not Active
2026/07/20 00:42:23.065, 1, ${V100_GPU_1_UUID}, 00000000:02:00.0, 900, 877, 30.78, 150.00, 53, 51, 0, 316, P0, Not Active, Not Active, Not Active
2026/07/20 00:42:23.198, 0, ${V100_GPU_0_UUID}, 00000000:01:00.0, 900, 877, 32.85, 150.00, 54, 53, 0, 316, P0, Not Active, Not Active, Not Active
2026/07/20 00:42:23.205, 1, ${V100_GPU_1_UUID}, 00000000:02:00.0, 900, 877, 30.76, 150.00, 53, 51, 0, 316, P0, Not Active, Not Active, Not Active
2026/07/20 00:42:23.350, 0, ${V100_GPU_0_UUID}, 00000000:01:00.0, 900, 877, 32.87, 150.00, 54, 53, 0, 316, P0, Not Active, Not Active, Not Active
2026/07/20 00:42:23.361, 1, ${V100_GPU_1_UUID}, 00000000:02:00.0, 900, 877, 30.78, 150.00, 53, 51, 0, 316, P0, Not Active, Not Active, Not Active
2026/07/20 00:42:23.499, 0, ${V100_GPU_0_UUID}, 00000000:01:00.0, 900, 877, 32.85, 150.00, 54, 53, 0, 316, P0, Not Active, Not Active, Not Active
2026/07/20 00:42:23.506, 1, ${V100_GPU_1_UUID}, 00000000:02:00.0, 900, 877, 30.78, 150.00, 53, 51, 0, 316, P0, Not Active, Not Active, Not Active
2026/07/20 00:42:23.640, 0, ${V100_GPU_0_UUID}, 00000000:01:00.0, 900, 877, 32.87, 150.00, 54, 53, 0, 316, P0, Not Active, Not Active, Not Active
2026/07/20 00:42:23.647, 1, ${V100_GPU_1_UUID}, 00000000:02:00.0, 900, 877, 30.80, 150.00, 53, 51, 0, 316, P0, Not Active, Not Active, Not Active
2026/07/20 00:42:23.794, 0, ${V100_GPU_0_UUID}, 00000000:01:00.0, 900, 877, 32.87, 150.00, 54, 53, 0, 316, P0, Not Active, Not Active, Not Active
2026/07/20 00:42:23.801, 1, ${V100_GPU_1_UUID}, 00000000:02:00.0, 900, 877, 30.78, 150.00, 53, 51, 0, 316, P0, Not Active, Not Active, Not Active
2026/07/20 00:42:23.963, 0, ${V100_GPU_0_UUID}, 00000000:01:00.0, 900, 877, 32.87, 150.00, 54, 53, 0, 316, P0, Not Active, Not Active, Not Active
2026/07/20 00:42:23.969, 1, ${V100_GPU_1_UUID}, 00000000:02:00.0, 900, 877, 30.78, 150.00, 53, 52, 0, 316, P0, Not Active, Not Active, Not Active
2026/07/20 00:42:24.102, 0, ${V100_GPU_0_UUID}, 00000000:01:00.0, 900, 877, 32.87, 150.00, 54, 53, 0, 316, P0, Not Active, Not Active, Not Active
2026/07/20 00:42:24.108, 1, ${V100_GPU_1_UUID}, 00000000:02:00.0, 900, 877, 30.78, 150.00, 53, 51, 0, 316, P0, Not Active, Not Active, Not Active
2026/07/20 00:42:24.242, 0, ${V100_GPU_0_UUID}, 00000000:01:00.0, 900, 877, 32.85, 150.00, 54, 53, 0, 316, P0, Not Active, Not Active, Not Active
2026/07/20 00:42:24.248, 1, ${V100_GPU_1_UUID}, 00000000:02:00.0, 900, 877, 30.78, 150.00, 53, 51, 0, 316, P0, Not Active, Not Active, Not Active
2026/07/20 00:42:24.383, 0, ${V100_GPU_0_UUID}, 00000000:01:00.0, 900, 877, 32.87, 150.00, 54, 53, 0, 316, P0, Not Active, Not Active, Not Active
2026/07/20 00:42:24.389, 1, ${V100_GPU_1_UUID}, 00000000:02:00.0, 900, 877, 30.78, 150.00, 53, 51, 0, 316, P0, Not Active, Not Active, Not Active
2026/07/20 00:42:24.521, 0, ${V100_GPU_0_UUID}, 00000000:01:00.0, 900, 877, 32.85, 150.00, 54, 54, 0, 316, P0, Not Active, Not Active, Not Active
2026/07/20 00:42:24.527, 1, ${V100_GPU_1_UUID}, 00000000:02:00.0, 900, 877, 30.78, 150.00, 53, 51, 0, 316, P0, Not Active, Not Active, Not Active
2026/07/20 00:42:24.688, 0, ${V100_GPU_0_UUID}, 00000000:01:00.0, 900, 877, 32.87, 150.00, 54, 53, 0, 316, P0, Not Active, Not Active, Not Active
2026/07/20 00:42:24.695, 1, ${V100_GPU_1_UUID}, 00000000:02:00.0, 900, 877, 30.78, 150.00, 53, 51, 0, 316, P0, Not Active, Not Active, Not Active
2026/07/20 00:42:24.849, 0, ${V100_GPU_0_UUID}, 00000000:01:00.0, 900, 877, 32.87, 150.00, 54, 53, 0, 316, P0, Not Active, Not Active, Not Active
2026/07/20 00:42:24.859, 1, ${V100_GPU_1_UUID}, 00000000:02:00.0, 900, 877, 30.78, 150.00, 53, 51, 0, 316, P0, Not Active, Not Active, Not Active
2026/07/20 00:42:25.000, 0, ${V100_GPU_0_UUID}, 00000000:01:00.0, 900, 877, 32.85, 150.00, 54, 54, 0, 316, P0, Not Active, Not Active, Not Active
2026/07/20 00:42:25.005, 1, ${V100_GPU_1_UUID}, 00000000:02:00.0, 900, 877, 30.76, 150.00, 53, 51, 0, 316, P0, Not Active, Not Active, Not Active
2026/07/20 00:42:25.161, 0, ${V100_GPU_0_UUID}, 00000000:01:00.0, 900, 877, 32.87, 150.00, 54, 53, 0, 316, P0, Not Active, Not Active, Not Active
2026/07/20 00:42:25.167, 1, ${V100_GPU_1_UUID}, 00000000:02:00.0, 900, 877, 30.78, 150.00, 53, 51, 0, 316, P0, Not Active, Not Active, Not Active
2026/07/20 00:42:25.300, 0, ${V100_GPU_0_UUID}, 00000000:01:00.0, 900, 877, 32.85, 150.00, 54, 53, 0, 316, P0, Not Active, Not Active, Not Active
2026/07/20 00:42:25.305, 1, ${V100_GPU_1_UUID}, 00000000:02:00.0, 900, 877, 30.76, 150.00, 53, 51, 0, 316, P0, Not Active, Not Active, Not Active
2026/07/20 00:42:25.468, 0, ${V100_GPU_0_UUID}, 00000000:01:00.0, 900, 877, 32.87, 150.00, 54, 53, 0, 316, P0, Not Active, Not Active, Not Active
2026/07/20 00:42:25.475, 1, ${V100_GPU_1_UUID}, 00000000:02:00.0, 900, 877, 30.78, 150.00, 53, 51, 0, 316, P0, Not Active, Not Active, Not Active
2026/07/20 00:42:25.614, 0, ${V100_GPU_0_UUID}, 00000000:01:00.0, 900, 877, 32.87, 150.00, 54, 53, 0, 316, P0, Not Active, Not Active, Not Active
2026/07/20 00:42:25.627, 1, ${V100_GPU_1_UUID}, 00000000:02:00.0, 900, 877, 30.78, 150.00, 53, 51, 0, 316, P0, Not Active, Not Active, Not Active
2026/07/20 00:42:25.772, 0, ${V100_GPU_0_UUID}, 00000000:01:00.0, 900, 877, 32.87, 150.00, 54, 54, 0, 316, P0, Not Active, Not Active, Not Active
2026/07/20 00:42:25.777, 1, ${V100_GPU_1_UUID}, 00000000:02:00.0, 900, 877, 30.78, 150.00, 53, 51, 0, 316, P0, Not Active, Not Active, Not Active
2026/07/20 00:42:25.911, 0, ${V100_GPU_0_UUID}, 00000000:01:00.0, 900, 877, 32.87, 150.00, 54, 53, 0, 316, P0, Not Active, Not Active, Not Active
2026/07/20 00:42:25.916, 1, ${V100_GPU_1_UUID}, 00000000:02:00.0, 900, 877, 30.78, 150.00, 53, 51, 0, 316, P0, Not Active, Not Active, Not Active
2026/07/20 00:42:26.052, 0, ${V100_GPU_0_UUID}, 00000000:01:00.0, 900, 877, 32.87, 150.00, 54, 53, 0, 316, P0, Not Active, Not Active, Not Active
2026/07/20 00:42:26.060, 1, ${V100_GPU_1_UUID}, 00000000:02:00.0, 900, 877, 30.78, 150.00, 53, 51, 0, 316, P0, Not Active, Not Active, Not Active
2026/07/20 00:42:26.197, 0, ${V100_GPU_0_UUID}, 00000000:01:00.0, 900, 877, 32.87, 150.00, 54, 53, 0, 316, P0, Not Active, Not Active, Not Active
2026/07/20 00:42:26.203, 1, ${V100_GPU_1_UUID}, 00000000:02:00.0, 900, 877, 30.78, 150.00, 53, 51, 0, 316, P0, Not Active, Not Active, Not Active
2026/07/20 00:42:26.345, 0, ${V100_GPU_0_UUID}, 00000000:01:00.0, 900, 877, 32.87, 150.00, 54, 53, 0, 316, P0, Not Active, Not Active, Not Active
2026/07/20 00:42:26.355, 1, ${V100_GPU_1_UUID}, 00000000:02:00.0, 900, 877, 30.78, 150.00, 53, 51, 0, 316, P0, Not Active, Not Active, Not Active
2026/07/20 00:42:26.510, 0, ${V100_GPU_0_UUID}, 00000000:01:00.0, 900, 877, 32.87, 150.00, 54, 53, 0, 316, P0, Not Active, Not Active, Not Active
2026/07/20 00:42:26.516, 1, ${V100_GPU_1_UUID}, 00000000:02:00.0, 900, 877, 30.78, 150.00, 53, 51, 0, 316, P0, Not Active, Not Active, Not Active
2026/07/20 00:42:26.681, 0, ${V100_GPU_0_UUID}, 00000000:01:00.0, 900, 877, 32.87, 150.00, 54, 53, 0, 316, P0, Not Active, Not Active, Not Active
2026/07/20 00:42:26.689, 1, ${V100_GPU_1_UUID}, 00000000:02:00.0, 900, 877, 30.78, 150.00, 53, 51, 0, 316, P0, Not Active, Not Active, Not Active
2026/07/20 00:42:26.822, 0, ${V100_GPU_0_UUID}, 00000000:01:00.0, 900, 877, 32.85, 150.00, 54, 53, 0, 316, P0, Not Active, Not Active, Not Active
2026/07/20 00:42:26.828, 1, ${V100_GPU_1_UUID}, 00000000:02:00.0, 900, 877, 30.78, 150.00, 53, 51, 0, 316, P0, Not Active, Not Active, Not Active
2026/07/20 00:42:26.974, 0, ${V100_GPU_0_UUID}, 00000000:01:00.0, 900, 877, 32.85, 150.00, 54, 53, 0, 316, P0, Not Active, Not Active, Not Active
2026/07/20 00:42:26.979, 1, ${V100_GPU_1_UUID}, 00000000:02:00.0, 900, 877, 30.78, 150.00, 53, 51, 0, 316, P0, Not Active, Not Active, Not Active
2026/07/20 00:42:27.114, 0, ${V100_GPU_0_UUID}, 00000000:01:00.0, 900, 877, 32.87, 150.00, 54, 53, 0, 316, P0, Not Active, Not Active, Not Active
2026/07/20 00:42:27.120, 1, ${V100_GPU_1_UUID}, 00000000:02:00.0, 900, 877, 30.78, 150.00, 53, 52, 0, 316, P0, Not Active, Not Active, Not Active
2026/07/20 00:42:27.253, 0, ${V100_GPU_0_UUID}, 00000000:01:00.0, 900, 877, 32.85, 150.00, 54, 53, 0, 316, P0, Not Active, Not Active, Not Active
2026/07/20 00:42:27.260, 1, ${V100_GPU_1_UUID}, 00000000:02:00.0, 900, 877, 30.76, 150.00, 53, 51, 0, 316, P0, Not Active, Not Active, Not Active
2026/07/20 00:42:27.393, 0, ${V100_GPU_0_UUID}, 00000000:01:00.0, 900, 877, 32.87, 150.00, 54, 53, 0, 316, P0, Not Active, Not Active, Not Active
2026/07/20 00:42:27.398, 1, ${V100_GPU_1_UUID}, 00000000:02:00.0, 900, 877, 30.78, 150.00, 53, 51, 0, 316, P0, Not Active, Not Active, Not Active
2026/07/20 00:42:27.562, 0, ${V100_GPU_0_UUID}, 00000000:01:00.0, 900, 877, 32.87, 150.00, 55, 53, 0, 316, P0, Not Active, Not Active, Not Active
2026/07/20 00:42:27.570, 1, ${V100_GPU_1_UUID}, 00000000:02:00.0, 900, 877, 30.78, 150.00, 53, 51, 0, 316, P0, Not Active, Not Active, Not Active
2026/07/20 00:42:27.736, 0, ${V100_GPU_0_UUID}, 00000000:01:00.0, 900, 877, 32.87, 150.00, 54, 53, 0, 316, P0, Not Active, Not Active, Not Active
2026/07/20 00:42:27.744, 1, ${V100_GPU_1_UUID}, 00000000:02:00.0, 900, 877, 30.78, 150.00, 53, 51, 0, 316, P0, Not Active, Not Active, Not Active
2026/07/20 00:42:27.879, 0, ${V100_GPU_0_UUID}, 00000000:01:00.0, 900, 877, 32.87, 150.00, 55, 53, 0, 316, P0, Not Active, Not Active, Not Active
2026/07/20 00:42:27.884, 1, ${V100_GPU_1_UUID}, 00000000:02:00.0, 900, 877, 30.78, 150.00, 53, 51, 0, 316, P0, Not Active, Not Active, Not Active
2026/07/20 00:42:28.021, 0, ${V100_GPU_0_UUID}, 00000000:01:00.0, 900, 877, 32.87, 150.00, 55, 53, 0, 316, P0, Not Active, Not Active, Not Active
2026/07/20 00:42:28.027, 1, ${V100_GPU_1_UUID}, 00000000:02:00.0, 900, 877, 30.78, 150.00, 53, 51, 0, 316, P0, Not Active, Not Active, Not Active
2026/07/20 00:42:28.179, 0, ${V100_GPU_0_UUID}, 00000000:01:00.0, 900, 877, 32.85, 150.00, 54, 53, 0, 316, P0, Not Active, Not Active, Not Active
2026/07/20 00:42:28.185, 1, ${V100_GPU_1_UUID}, 00000000:02:00.0, 900, 877, 30.78, 150.00, 53, 51, 0, 316, P0, Not Active, Not Active, Not Active
2026/07/20 00:42:28.345, 0, ${V100_GPU_0_UUID}, 00000000:01:00.0, 900, 877, 32.87, 150.00, 54, 53, 0, 316, P0, Not Active, Not Active, Not Active
2026/07/20 00:42:28.352, 1, ${V100_GPU_1_UUID}, 00000000:02:00.0, 900, 877, 30.78, 150.00, 53, 51, 0, 316, P0, Not Active, Not Active, Not Active
2026/07/20 00:42:28.484, 0, ${V100_GPU_0_UUID}, 00000000:01:00.0, 900, 877, 32.87, 150.00, 54, 53, 0, 316, P0, Not Active, Not Active, Not Active
2026/07/20 00:42:28.490, 1, ${V100_GPU_1_UUID}, 00000000:02:00.0, 900, 877, 30.78, 150.00, 53, 51, 0, 316, P0, Not Active, Not Active, Not Active
2026/07/20 00:42:28.650, 0, ${V100_GPU_0_UUID}, 00000000:01:00.0, 900, 877, 32.87, 150.00, 54, 53, 0, 316, P0, Not Active, Not Active, Not Active
2026/07/20 00:42:28.657, 1, ${V100_GPU_1_UUID}, 00000000:02:00.0, 900, 877, 30.76, 150.00, 53, 51, 0, 316, P0, Not Active, Not Active, Not Active
2026/07/20 00:42:28.790, 0, ${V100_GPU_0_UUID}, 00000000:01:00.0, 900, 877, 32.85, 150.00, 54, 53, 0, 316, P0, Not Active, Not Active, Not Active
2026/07/20 00:42:28.796, 1, ${V100_GPU_1_UUID}, 00000000:02:00.0, 900, 877, 30.78, 150.00, 53, 52, 0, 316, P0, Not Active, Not Active, Not Active
2026/07/20 00:42:28.983, 0, ${V100_GPU_0_UUID}, 00000000:01:00.0, 900, 877, 32.87, 150.00, 54, 53, 0, 316, P0, Not Active, Not Active, Not Active
2026/07/20 00:42:28.996, 1, ${V100_GPU_1_UUID}, 00000000:02:00.0, 900, 877, 30.78, 150.00, 53, 51, 0, 316, P0, Not Active, Not Active, Not Active
2026/07/20 00:42:29.138, 0, ${V100_GPU_0_UUID}, 00000000:01:00.0, 900, 877, 32.87, 150.00, 54, 53, 0, 316, P0, Not Active, Not Active, Not Active
2026/07/20 00:42:29.144, 1, ${V100_GPU_1_UUID}, 00000000:02:00.0, 900, 877, 30.78, 150.00, 53, 51, 0, 316, P0, Not Active, Not Active, Not Active
2026/07/20 00:42:29.310, 0, ${V100_GPU_0_UUID}, 00000000:01:00.0, 900, 877, 32.87, 150.00, 54, 53, 0, 316, P0, Not Active, Not Active, Not Active
2026/07/20 00:42:29.317, 1, ${V100_GPU_1_UUID}, 00000000:02:00.0, 900, 877, 30.78, 150.00, 53, 51, 0, 316, P0, Not Active, Not Active, Not Active
2026/07/20 00:42:29.478, 0, ${V100_GPU_0_UUID}, 00000000:01:00.0, 900, 877, 32.87, 150.00, 55, 53, 0, 316, P0, Not Active, Not Active, Not Active
2026/07/20 00:42:29.485, 1, ${V100_GPU_1_UUID}, 00000000:02:00.0, 900, 877, 30.78, 150.00, 53, 51, 0, 316, P0, Not Active, Not Active, Not Active
2026/07/20 00:42:29.629, 0, ${V100_GPU_0_UUID}, 00000000:01:00.0, 900, 877, 32.85, 150.00, 54, 53, 0, 316, P0, Not Active, Not Active, Not Active
2026/07/20 00:42:29.635, 1, ${V100_GPU_1_UUID}, 00000000:02:00.0, 900, 877, 30.76, 150.00, 53, 51, 0, 316, P0, Not Active, Not Active, Not Active
2026/07/20 00:42:29.772, 0, ${V100_GPU_0_UUID}, 00000000:01:00.0, 900, 877, 32.87, 150.00, 54, 53, 0, 316, P0, Not Active, Not Active, Not Active
2026/07/20 00:42:29.777, 1, ${V100_GPU_1_UUID}, 00000000:02:00.0, 900, 877, 30.78, 150.00, 53, 51, 0, 316, P0, Not Active, Not Active, Not Active
2026/07/20 00:42:29.912, 0, ${V100_GPU_0_UUID}, 00000000:01:00.0, 900, 877, 32.85, 150.00, 54, 54, 0, 316, P0, Not Active, Not Active, Not Active
2026/07/20 00:42:29.918, 1, ${V100_GPU_1_UUID}, 00000000:02:00.0, 900, 877, 30.76, 150.00, 53, 51, 0, 316, P0, Not Active, Not Active, Not Active
2026/07/20 00:42:30.083, 0, ${V100_GPU_0_UUID}, 00000000:01:00.0, 900, 877, 32.87, 150.00, 54, 53, 0, 316, P0, Not Active, Not Active, Not Active
2026/07/20 00:42:30.090, 1, ${V100_GPU_1_UUID}, 00000000:02:00.0, 900, 877, 30.78, 150.00, 53, 51, 0, 316, P0, Not Active, Not Active, Not Active
2026/07/20 00:42:30.224, 0, ${V100_GPU_0_UUID}, 00000000:01:00.0, 900, 877, 32.87, 150.00, 54, 53, 0, 316, P0, Not Active, Not Active, Not Active
2026/07/20 00:42:30.230, 1, ${V100_GPU_1_UUID}, 00000000:02:00.0, 900, 877, 30.78, 150.00, 53, 51, 0, 316, P0, Not Active, Not Active, Not Active
2026/07/20 00:42:30.394, 0, ${V100_GPU_0_UUID}, 00000000:01:00.0, 900, 877, 32.87, 150.00, 54, 53, 0, 316, P0, Not Active, Not Active, Not Active
2026/07/20 00:42:30.401, 1, ${V100_GPU_1_UUID}, 00000000:02:00.0, 900, 877, 30.78, 150.00, 53, 51, 0, 316, P0, Not Active, Not Active, Not Active
2026/07/20 00:42:30.539, 0, ${V100_GPU_0_UUID}, 00000000:01:00.0, 900, 877, 32.87, 150.00, 55, 53, 0, 316, P0, Not Active, Not Active, Not Active
2026/07/20 00:42:30.547, 1, ${V100_GPU_1_UUID}, 00000000:02:00.0, 900, 877, 30.78, 150.00, 53, 51, 0, 316, P0, Not Active, Not Active, Not Active
2026/07/20 00:42:30.694, 0, ${V100_GPU_0_UUID}, 00000000:01:00.0, 900, 877, 32.85, 150.00, 54, 54, 0, 316, P0, Not Active, Not Active, Not Active
2026/07/20 00:42:30.700, 1, ${V100_GPU_1_UUID}, 00000000:02:00.0, 900, 877, 30.76, 150.00, 53, 51, 0, 316, P0, Not Active, Not Active, Not Active
2026/07/20 00:42:30.868, 0, ${V100_GPU_0_UUID}, 00000000:01:00.0, 900, 877, 32.87, 150.00, 54, 53, 0, 316, P0, Not Active, Not Active, Not Active
2026/07/20 00:42:30.875, 1, ${V100_GPU_1_UUID}, 00000000:02:00.0, 900, 877, 30.78, 150.00, 53, 51, 0, 316, P0, Not Active, Not Active, Not Active
2026/07/20 00:42:31.024, 0, ${V100_GPU_0_UUID}, 00000000:01:00.0, 900, 877, 32.85, 150.00, 54, 53, 0, 316, P0, Not Active, Not Active, Not Active
2026/07/20 00:42:31.029, 1, ${V100_GPU_1_UUID}, 00000000:02:00.0, 900, 877, 30.78, 150.00, 53, 51, 0, 316, P0, Not Active, Not Active, Not Active
2026/07/20 00:42:31.172, 0, ${V100_GPU_0_UUID}, 00000000:01:00.0, 900, 877, 32.87, 150.00, 54, 53, 0, 316, P0, Not Active, Not Active, Not Active
2026/07/20 00:42:31.181, 1, ${V100_GPU_1_UUID}, 00000000:02:00.0, 900, 877, 30.78, 150.00, 53, 51, 0, 316, P0, Not Active, Not Active, Not Active
2026/07/20 00:42:31.320, 0, ${V100_GPU_0_UUID}, 00000000:01:00.0, 900, 877, 32.85, 150.00, 54, 53, 0, 316, P0, Not Active, Not Active, Not Active
2026/07/20 00:42:31.326, 1, ${V100_GPU_1_UUID}, 00000000:02:00.0, 900, 877, 30.78, 150.00, 53, 51, 0, 316, P0, Not Active, Not Active, Not Active
2026/07/20 00:42:31.463, 0, ${V100_GPU_0_UUID}, 00000000:01:00.0, 900, 877, 32.85, 150.00, 54, 53, 0, 316, P0, Not Active, Not Active, Not Active
2026/07/20 00:42:31.469, 1, ${V100_GPU_1_UUID}, 00000000:02:00.0, 900, 877, 30.78, 150.00, 53, 51, 0, 316, P0, Not Active, Not Active, Not Active
2026/07/20 00:42:31.604, 0, ${V100_GPU_0_UUID}, 00000000:01:00.0, 900, 877, 32.87, 150.00, 54, 53, 0, 316, P0, Not Active, Not Active, Not Active
2026/07/20 00:42:31.610, 1, ${V100_GPU_1_UUID}, 00000000:02:00.0, 900, 877, 30.78, 150.00, 53, 51, 0, 316, P0, Not Active, Not Active, Not Active
2026/07/20 00:42:31.744, 0, ${V100_GPU_0_UUID}, 00000000:01:00.0, 900, 877, 32.87, 150.00, 54, 54, 0, 316, P0, Not Active, Not Active, Not Active
2026/07/20 00:42:31.749, 1, ${V100_GPU_1_UUID}, 00000000:02:00.0, 900, 877, 30.78, 150.00, 53, 51, 0, 316, P0, Not Active, Not Active, Not Active
2026/07/20 00:42:31.913, 0, ${V100_GPU_0_UUID}, 00000000:01:00.0, 900, 877, 32.87, 150.00, 55, 53, 0, 316, P0, Not Active, Not Active, Not Active
2026/07/20 00:42:31.921, 1, ${V100_GPU_1_UUID}, 00000000:02:00.0, 900, 877, 30.78, 150.00, 53, 51, 0, 316, P0, Not Active, Not Active, Not Active
2026/07/20 00:42:32.055, 0, ${V100_GPU_0_UUID}, 00000000:01:00.0, 900, 877, 32.87, 150.00, 54, 54, 0, 316, P0, Not Active, Not Active, Not Active
2026/07/20 00:42:32.076, 1, ${V100_GPU_1_UUID}, 00000000:02:00.0, 900, 877, 30.78, 150.00, 53, 51, 0, 316, P0, Not Active, Not Active, Not Active
2026/07/20 00:42:32.229, 0, ${V100_GPU_0_UUID}, 00000000:01:00.0, 900, 877, 32.85, 150.00, 54, 53, 0, 316, P0, Not Active, Not Active, Not Active
2026/07/20 00:42:32.235, 1, ${V100_GPU_1_UUID}, 00000000:02:00.0, 900, 877, 30.76, 150.00, 53, 51, 0, 316, P0, Not Active, Not Active, Not Active
2026/07/20 00:42:32.378, 0, ${V100_GPU_0_UUID}, 00000000:01:00.0, 900, 877, 32.85, 150.00, 54, 53, 0, 316, P0, Not Active, Not Active, Not Active
2026/07/20 00:42:32.384, 1, ${V100_GPU_1_UUID}, 00000000:02:00.0, 900, 877, 30.78, 150.00, 53, 51, 0, 316, P0, Not Active, Not Active, Not Active
2026/07/20 00:42:32.538, 0, ${V100_GPU_0_UUID}, 00000000:01:00.0, 900, 877, 32.87, 150.00, 54, 53, 0, 316, P0, Not Active, Not Active, Not Active
2026/07/20 00:42:32.546, 1, ${V100_GPU_1_UUID}, 00000000:02:00.0, 900, 877, 30.78, 150.00, 53, 52, 0, 316, P0, Not Active, Not Active, Not Active
2026/07/20 00:42:32.693, 0, ${V100_GPU_0_UUID}, 00000000:01:00.0, 900, 877, 32.87, 150.00, 54, 53, 0, 316, P0, Not Active, Not Active, Not Active
2026/07/20 00:42:32.703, 1, ${V100_GPU_1_UUID}, 00000000:02:00.0, 900, 877, 30.78, 150.00, 53, 51, 0, 316, P0, Not Active, Not Active, Not Active
2026/07/20 00:42:32.857, 0, ${V100_GPU_0_UUID}, 00000000:01:00.0, 900, 877, 32.87, 150.00, 55, 53, 0, 316, P0, Not Active, Not Active, Not Active
2026/07/20 00:42:32.863, 1, ${V100_GPU_1_UUID}, 00000000:02:00.0, 900, 877, 30.78, 150.00, 53, 51, 0, 316, P0, Not Active, Not Active, Not Active
2026/07/20 00:42:32.996, 0, ${V100_GPU_0_UUID}, 00000000:01:00.0, 900, 877, 32.87, 150.00, 54, 53, 0, 316, P0, Not Active, Not Active, Not Active
2026/07/20 00:42:33.003, 1, ${V100_GPU_1_UUID}, 00000000:02:00.0, 900, 877, 30.78, 150.00, 53, 51, 0, 316, P0, Not Active, Not Active, Not Active
2026/07/20 00:42:33.170, 0, ${V100_GPU_0_UUID}, 00000000:01:00.0, 900, 877, 32.87, 150.00, 54, 53, 0, 316, P0, Not Active, Not Active, Not Active
2026/07/20 00:42:33.179, 1, ${V100_GPU_1_UUID}, 00000000:02:00.0, 900, 877, 30.78, 150.00, 53, 51, 0, 316, P0, Not Active, Not Active, Not Active
2026/07/20 00:42:33.344, 0, ${V100_GPU_0_UUID}, 00000000:01:00.0, 900, 877, 32.87, 150.00, 54, 53, 0, 316, P0, Not Active, Not Active, Not Active
2026/07/20 00:42:33.353, 1, ${V100_GPU_1_UUID}, 00000000:02:00.0, 900, 877, 30.78, 150.00, 53, 51, 0, 316, P0, Not Active, Not Active, Not Active
2026/07/20 00:42:33.492, 0, ${V100_GPU_0_UUID}, 00000000:01:00.0, 900, 877, 32.85, 150.00, 54, 53, 0, 316, P0, Not Active, Not Active, Not Active
2026/07/20 00:42:33.498, 1, ${V100_GPU_1_UUID}, 00000000:02:00.0, 900, 877, 30.76, 150.00, 53, 51, 0, 316, P0, Not Active, Not Active, Not Active
2026/07/20 00:42:33.661, 0, ${V100_GPU_0_UUID}, 00000000:01:00.0, 900, 877, 32.85, 150.00, 54, 53, 0, 316, P0, Not Active, Not Active, Not Active
2026/07/20 00:42:33.667, 1, ${V100_GPU_1_UUID}, 00000000:02:00.0, 900, 877, 30.76, 150.00, 53, 51, 0, 316, P0, Not Active, Not Active, Not Active
2026/07/20 00:42:33.801, 0, ${V100_GPU_0_UUID}, 00000000:01:00.0, 900, 877, 32.85, 150.00, 55, 53, 0, 316, P0, Not Active, Not Active, Not Active
2026/07/20 00:42:33.806, 1, ${V100_GPU_1_UUID}, 00000000:02:00.0, 900, 877, 30.76, 150.00, 53, 51, 0, 316, P0, Not Active, Not Active, Not Active
2026/07/20 00:42:33.940, 0, ${V100_GPU_0_UUID}, 00000000:01:00.0, 900, 877, 32.85, 150.00, 54, 53, 0, 316, P0, Not Active, Not Active, Not Active
2026/07/20 00:42:33.946, 1, ${V100_GPU_1_UUID}, 00000000:02:00.0, 900, 877, 30.76, 150.00, 53, 51, 0, 316, P0, Not Active, Not Active, Not Active
2026/07/20 00:42:35.102, 0, ${V100_GPU_0_UUID}, 00000000:01:00.0, 900, 877, 32.85, 150.00, 54, 53, 0, 316, P0, Not Active, Not Active, Not Active
2026/07/20 00:42:35.123, 1, ${V100_GPU_1_UUID}, 00000000:02:00.0, 900, 877, 30.76, 150.00, 53, 51, 0, 316, P0, Not Active, Not Active, Not Active
2026/07/20 00:42:35.258, 0, ${V100_GPU_0_UUID}, 00000000:01:00.0, 900, 877, 32.85, 150.00, 54, 53, 0, 316, P0, Not Active, Not Active, Not Active
2026/07/20 00:42:35.263, 1, ${V100_GPU_1_UUID}, 00000000:02:00.0, 900, 877, 30.76, 150.00, 53, 51, 0, 316, P0, Not Active, Not Active, Not Active
2026/07/20 00:42:35.395, 0, ${V100_GPU_0_UUID}, 00000000:01:00.0, 900, 877, 32.85, 150.00, 54, 54, 0, 316, P0, Not Active, Not Active, Not Active
2026/07/20 00:42:35.401, 1, ${V100_GPU_1_UUID}, 00000000:02:00.0, 900, 877, 30.76, 150.00, 53, 51, 0, 316, P0, Not Active, Not Active, Not Active
2026/07/20 00:42:35.535, 0, ${V100_GPU_0_UUID}, 00000000:01:00.0, 900, 877, 32.85, 150.00, 54, 53, 0, 316, P0, Not Active, Not Active, Not Active
2026/07/20 00:42:35.540, 1, ${V100_GPU_1_UUID}, 00000000:02:00.0, 900, 877, 30.76, 150.00, 53, 51, 0, 316, P0, Not Active, Not Active, Not Active
2026/07/20 00:42:35.674, 0, ${V100_GPU_0_UUID}, 00000000:01:00.0, 900, 877, 32.87, 150.00, 54, 53, 0, 316, P0, Not Active, Not Active, Not Active
2026/07/20 00:42:35.681, 1, ${V100_GPU_1_UUID}, 00000000:02:00.0, 900, 877, 30.78, 150.00, 53, 51, 0, 316, P0, Not Active, Not Active, Not Active
2026/07/20 00:42:35.845, 0, ${V100_GPU_0_UUID}, 00000000:01:00.0, 900, 877, 32.87, 150.00, 54, 54, 0, 316, P0, Not Active, Not Active, Not Active
2026/07/20 00:42:35.851, 1, ${V100_GPU_1_UUID}, 00000000:02:00.0, 900, 877, 30.78, 150.00, 53, 51, 0, 316, P0, Not Active, Not Active, Not Active
2026/07/20 00:42:36.014, 0, ${V100_GPU_0_UUID}, 00000000:01:00.0, 900, 877, 32.87, 150.00, 54, 53, 0, 316, P0, Not Active, Not Active, Not Active
2026/07/20 00:42:36.027, 1, ${V100_GPU_1_UUID}, 00000000:02:00.0, 900, 877, 30.78, 150.00, 53, 51, 0, 316, P0, Not Active, Not Active, Not Active
2026/07/20 00:42:36.166, 0, ${V100_GPU_0_UUID}, 00000000:01:00.0, 900, 877, 32.87, 150.00, 54, 53, 0, 316, P0, Not Active, Not Active, Not Active
2026/07/20 00:42:36.180, 1, ${V100_GPU_1_UUID}, 00000000:02:00.0, 900, 877, 30.80, 150.00, 53, 51, 0, 316, P0, Not Active, Not Active, Not Active
2026/07/20 00:42:36.344, 0, ${V100_GPU_0_UUID}, 00000000:01:00.0, 900, 877, 32.87, 150.00, 54, 53, 0, 316, P0, Not Active, Not Active, Not Active
2026/07/20 00:42:36.350, 1, ${V100_GPU_1_UUID}, 00000000:02:00.0, 900, 877, 30.78, 150.00, 53, 51, 0, 316, P0, Not Active, Not Active, Not Active
2026/07/20 00:42:36.484, 0, ${V100_GPU_0_UUID}, 00000000:01:00.0, 900, 877, 32.85, 150.00, 54, 53, 0, 316, P0, Not Active, Not Active, Not Active
2026/07/20 00:42:36.489, 1, ${V100_GPU_1_UUID}, 00000000:02:00.0, 900, 877, 30.78, 150.00, 53, 51, 0, 316, P0, Not Active, Not Active, Not Active
2026/07/20 00:42:36.644, 0, ${V100_GPU_0_UUID}, 00000000:01:00.0, 900, 877, 32.87, 150.00, 54, 53, 0, 316, P0, Not Active, Not Active, Not Active
2026/07/20 00:42:36.650, 1, ${V100_GPU_1_UUID}, 00000000:02:00.0, 900, 877, 30.78, 150.00, 53, 51, 0, 316, P0, Not Active, Not Active, Not Active
2026/07/20 00:42:36.814, 0, ${V100_GPU_0_UUID}, 00000000:01:00.0, 900, 877, 32.87, 150.00, 54, 53, 0, 316, P0, Not Active, Not Active, Not Active
2026/07/20 00:42:36.821, 1, ${V100_GPU_1_UUID}, 00000000:02:00.0, 900, 877, 30.78, 150.00, 53, 51, 0, 316, P0, Not Active, Not Active, Not Active
2026/07/20 00:42:36.954, 0, ${V100_GPU_0_UUID}, 00000000:01:00.0, 900, 877, 32.83, 150.00, 54, 54, 0, 316, P0, Not Active, Not Active, Not Active
2026/07/20 00:42:36.961, 1, ${V100_GPU_1_UUID}, 00000000:02:00.0, 900, 877, 30.76, 150.00, 53, 51, 0, 316, P0, Not Active, Not Active, Not Active
2026/07/20 00:42:37.093, 0, ${V100_GPU_0_UUID}, 00000000:01:00.0, 900, 877, 32.83, 150.00, 54, 53, 0, 316, P0, Not Active, Not Active, Not Active
2026/07/20 00:42:37.099, 1, ${V100_GPU_1_UUID}, 00000000:02:00.0, 900, 877, 30.76, 150.00, 53, 51, 0, 316, P0, Not Active, Not Active, Not Active
2026/07/20 00:42:37.248, 0, ${V100_GPU_0_UUID}, 00000000:01:00.0, 900, 877, 32.87, 150.00, 54, 53, 0, 316, P0, Not Active, Not Active, Not Active
2026/07/20 00:42:37.259, 1, ${V100_GPU_1_UUID}, 00000000:02:00.0, 900, 877, 30.78, 150.00, 53, 51, 0, 316, P0, Not Active, Not Active, Not Active
2026/07/20 00:42:37.397, 0, ${V100_GPU_0_UUID}, 00000000:01:00.0, 900, 877, 32.85, 150.00, 54, 53, 0, 316, P0, Not Active, Not Active, Not Active
2026/07/20 00:42:37.402, 1, ${V100_GPU_1_UUID}, 00000000:02:00.0, 900, 877, 30.76, 150.00, 53, 51, 0, 316, P0, Not Active, Not Active, Not Active
2026/07/20 00:42:37.567, 0, ${V100_GPU_0_UUID}, 00000000:01:00.0, 900, 877, 32.87, 150.00, 54, 53, 0, 316, P0, Not Active, Not Active, Not Active
2026/07/20 00:42:37.575, 1, ${V100_GPU_1_UUID}, 00000000:02:00.0, 900, 877, 30.78, 150.00, 53, 51, 0, 316, P0, Not Active, Not Active, Not Active
2026/07/20 00:42:37.711, 0, ${V100_GPU_0_UUID}, 00000000:01:00.0, 900, 877, 32.87, 150.00, 54, 53, 0, 316, P0, Not Active, Not Active, Not Active
2026/07/20 00:42:37.718, 1, ${V100_GPU_1_UUID}, 00000000:02:00.0, 900, 877, 30.78, 150.00, 53, 51, 0, 316, P0, Not Active, Not Active, Not Active
2026/07/20 00:42:37.874, 0, ${V100_GPU_0_UUID}, 00000000:01:00.0, 900, 877, 32.85, 150.00, 54, 53, 0, 316, P0, Not Active, Not Active, Not Active
2026/07/20 00:42:37.879, 1, ${V100_GPU_1_UUID}, 00000000:02:00.0, 900, 877, 30.76, 150.00, 53, 51, 0, 316, P0, Not Active, Not Active, Not Active
2026/07/20 00:42:38.013, 0, ${V100_GPU_0_UUID}, 00000000:01:00.0, 900, 877, 32.87, 150.00, 54, 53, 0, 316, P0, Not Active, Not Active, Not Active
2026/07/20 00:42:38.035, 1, ${V100_GPU_1_UUID}, 00000000:02:00.0, 900, 877, 30.80, 150.00, 53, 51, 0, 316, P0, Not Active, Not Active, Not Active
2026/07/20 00:42:38.205, 0, ${V100_GPU_0_UUID}, 00000000:01:00.0, 900, 877, 32.87, 150.00, 54, 53, 0, 316, P0, Not Active, Not Active, Not Active
2026/07/20 00:42:38.212, 1, ${V100_GPU_1_UUID}, 00000000:02:00.0, 900, 877, 30.78, 150.00, 53, 51, 0, 316, P0, Not Active, Not Active, Not Active
2026/07/20 00:42:38.378, 0, ${V100_GPU_0_UUID}, 00000000:01:00.0, 900, 877, 32.87, 150.00, 54, 53, 0, 316, P0, Not Active, Not Active, Not Active
2026/07/20 00:42:38.394, 1, ${V100_GPU_1_UUID}, 00000000:02:00.0, 900, 877, 30.80, 150.00, 53, 51, 0, 316, P0, Not Active, Not Active, Not Active
2026/07/20 00:42:38.560, 0, ${V100_GPU_0_UUID}, 00000000:01:00.0, 900, 877, 32.87, 150.00, 54, 53, 0, 316, P0, Not Active, Not Active, Not Active
2026/07/20 00:42:38.566, 1, ${V100_GPU_1_UUID}, 00000000:02:00.0, 900, 877, 30.78, 150.00, 53, 51, 0, 316, P0, Not Active, Not Active, Not Active
2026/07/20 00:42:38.704, 0, ${V100_GPU_0_UUID}, 00000000:01:00.0, 900, 877, 32.87, 150.00, 54, 53, 0, 316, P0, Not Active, Not Active, Not Active
2026/07/20 00:42:38.710, 1, ${V100_GPU_1_UUID}, 00000000:02:00.0, 900, 877, 30.78, 150.00, 53, 51, 0, 316, P0, Not Active, Not Active, Not Active
2026/07/20 00:42:38.873, 0, ${V100_GPU_0_UUID}, 00000000:01:00.0, 900, 877, 32.87, 150.00, 54, 53, 0, 316, P0, Not Active, Not Active, Not Active
2026/07/20 00:42:38.881, 1, ${V100_GPU_1_UUID}, 00000000:02:00.0, 900, 877, 30.78, 150.00, 53, 51, 0, 316, P0, Not Active, Not Active, Not Active
2026/07/20 00:42:39.047, 0, ${V100_GPU_0_UUID}, 00000000:01:00.0, 900, 877, 32.87, 150.00, 54, 53, 0, 316, P0, Not Active, Not Active, Not Active
2026/07/20 00:42:39.055, 1, ${V100_GPU_1_UUID}, 00000000:02:00.0, 900, 877, 30.78, 150.00, 53, 51, 0, 316, P0, Not Active, Not Active, Not Active
2026/07/20 00:42:39.219, 0, ${V100_GPU_0_UUID}, 00000000:01:00.0, 900, 877, 32.87, 150.00, 54, 53, 0, 316, P0, Not Active, Not Active, Not Active
2026/07/20 00:42:39.228, 1, ${V100_GPU_1_UUID}, 00000000:02:00.0, 900, 877, 30.78, 150.00, 53, 51, 0, 316, P0, Not Active, Not Active, Not Active
2026/07/20 00:42:39.393, 0, ${V100_GPU_0_UUID}, 00000000:01:00.0, 900, 877, 32.87, 150.00, 54, 53, 0, 316, P0, Not Active, Not Active, Not Active
2026/07/20 00:42:39.402, 1, ${V100_GPU_1_UUID}, 00000000:02:00.0, 900, 877, 30.78, 150.00, 53, 51, 0, 316, P0, Not Active, Not Active, Not Active
2026/07/20 00:42:39.568, 0, ${V100_GPU_0_UUID}, 00000000:01:00.0, 900, 877, 32.87, 150.00, 54, 53, 0, 316, P0, Not Active, Not Active, Not Active
2026/07/20 00:42:39.575, 1, ${V100_GPU_1_UUID}, 00000000:02:00.0, 900, 877, 30.78, 150.00, 53, 51, 0, 316, P0, Not Active, Not Active, Not Active
2026/07/20 00:42:39.708, 0, ${V100_GPU_0_UUID}, 00000000:01:00.0, 900, 877, 32.85, 150.00, 54, 53, 0, 316, P0, Not Active, Not Active, Not Active
2026/07/20 00:42:39.714, 1, ${V100_GPU_1_UUID}, 00000000:02:00.0, 900, 877, 30.78, 150.00, 53, 51, 0, 316, P0, Not Active, Not Active, Not Active
2026/07/20 00:42:39.848, 0, ${V100_GPU_0_UUID}, 00000000:01:00.0, 900, 877, 32.85, 150.00, 54, 53, 0, 316, P0, Not Active, Not Active, Not Active
2026/07/20 00:42:39.854, 1, ${V100_GPU_1_UUID}, 00000000:02:00.0, 900, 877, 30.78, 150.00, 53, 52, 0, 316, P0, Not Active, Not Active, Not Active
2026/07/20 00:42:40.014, 0, ${V100_GPU_0_UUID}, 00000000:01:00.0, 900, 877, 32.87, 150.00, 54, 53, 0, 316, P0, Not Active, Not Active, Not Active
2026/07/20 00:42:40.023, 1, ${V100_GPU_1_UUID}, 00000000:02:00.0, 900, 877, 30.78, 150.00, 53, 51, 0, 316, P0, Not Active, Not Active, Not Active
2026/07/20 00:42:40.172, 0, ${V100_GPU_0_UUID}, 00000000:01:00.0, 900, 877, 32.87, 150.00, 54, 53, 0, 316, P0, Not Active, Not Active, Not Active
2026/07/20 00:42:40.185, 1, ${V100_GPU_1_UUID}, 00000000:02:00.0, 900, 877, 30.80, 150.00, 53, 51, 0, 316, P0, Not Active, Not Active, Not Active
2026/07/20 00:42:40.326, 0, ${V100_GPU_0_UUID}, 00000000:01:00.0, 900, 877, 32.87, 150.00, 54, 53, 0, 316, P0, Not Active, Not Active, Not Active
2026/07/20 00:42:40.332, 1, ${V100_GPU_1_UUID}, 00000000:02:00.0, 900, 877, 30.78, 150.00, 53, 51, 0, 316, P0, Not Active, Not Active, Not Active
2026/07/20 00:42:40.468, 0, ${V100_GPU_0_UUID}, 00000000:01:00.0, 900, 877, 32.87, 150.00, 54, 53, 0, 316, P0, Not Active, Not Active, Not Active
2026/07/20 00:42:40.473, 1, ${V100_GPU_1_UUID}, 00000000:02:00.0, 900, 877, 30.78, 150.00, 53, 51, 0, 316, P0, Not Active, Not Active, Not Active
2026/07/20 00:42:40.638, 0, ${V100_GPU_0_UUID}, 00000000:01:00.0, 900, 877, 32.87, 150.00, 54, 53, 0, 316, P0, Not Active, Not Active, Not Active
2026/07/20 00:42:40.645, 1, ${V100_GPU_1_UUID}, 00000000:02:00.0, 900, 877, 30.78, 150.00, 53, 51, 0, 316, P0, Not Active, Not Active, Not Active
2026/07/20 00:42:40.795, 0, ${V100_GPU_0_UUID}, 00000000:01:00.0, 900, 877, 32.87, 150.00, 54, 53, 0, 316, P0, Not Active, Not Active, Not Active
2026/07/20 00:42:40.806, 1, ${V100_GPU_1_UUID}, 00000000:02:00.0, 900, 877, 30.78, 150.00, 53, 51, 0, 316, P0, Not Active, Not Active, Not Active
2026/07/20 00:42:41.128, 0, ${V100_GPU_0_UUID}, 00000000:01:00.0, 900, 877, 32.87, 150.00, 55, 53, 0, 316, P0, Not Active, Not Active, Not Active
2026/07/20 00:42:41.136, 1, ${V100_GPU_1_UUID}, 00000000:02:00.0, 900, 877, 30.78, 150.00, 53, 51, 0, 316, P0, Not Active, Not Active, Not Active
2026/07/20 00:42:41.271, 0, ${V100_GPU_0_UUID}, 00000000:01:00.0, 900, 877, 32.85, 150.00, 54, 53, 0, 316, P0, Not Active, Not Active, Not Active
2026/07/20 00:42:41.276, 1, ${V100_GPU_1_UUID}, 00000000:02:00.0, 900, 877, 30.78, 150.00, 53, 51, 0, 316, P0, Not Active, Not Active, Not Active
2026/07/20 00:42:41.435, 0, ${V100_GPU_0_UUID}, 00000000:01:00.0, 900, 877, 32.85, 150.00, 54, 53, 0, 316, P0, Not Active, Not Active, Not Active
2026/07/20 00:42:41.444, 1, ${V100_GPU_1_UUID}, 00000000:02:00.0, 900, 877, 30.76, 150.00, 53, 51, 0, 316, P0, Not Active, Not Active, Not Active
2026/07/20 00:42:41.580, 0, ${V100_GPU_0_UUID}, 00000000:01:00.0, 900, 877, 32.87, 150.00, 55, 53, 0, 316, P0, Not Active, Not Active, Not Active
2026/07/20 00:42:41.586, 1, ${V100_GPU_1_UUID}, 00000000:02:00.0, 900, 877, 30.78, 150.00, 53, 51, 0, 316, P0, Not Active, Not Active, Not Active
2026/07/20 00:42:41.720, 0, ${V100_GPU_0_UUID}, 00000000:01:00.0, 900, 877, 32.85, 150.00, 55, 53, 0, 316, P0, Not Active, Not Active, Not Active
2026/07/20 00:42:41.726, 1, ${V100_GPU_1_UUID}, 00000000:02:00.0, 900, 877, 30.76, 150.00, 53, 51, 0, 316, P0, Not Active, Not Active, Not Active
2026/07/20 00:42:41.889, 0, ${V100_GPU_0_UUID}, 00000000:01:00.0, 900, 877, 32.87, 150.00, 54, 53, 0, 316, P0, Not Active, Not Active, Not Active
2026/07/20 00:42:41.900, 1, ${V100_GPU_1_UUID}, 00000000:02:00.0, 900, 877, 30.78, 150.00, 53, 51, 0, 316, P0, Not Active, Not Active, Not Active
2026/07/20 00:42:42.034, 0, ${V100_GPU_0_UUID}, 00000000:01:00.0, 900, 877, 32.85, 150.00, 54, 53, 0, 316, P0, Not Active, Not Active, Not Active
2026/07/20 00:42:42.040, 1, ${V100_GPU_1_UUID}, 00000000:02:00.0, 900, 877, 30.78, 150.00, 53, 51, 0, 316, P0, Not Active, Not Active, Not Active
2026/07/20 00:42:42.203, 0, ${V100_GPU_0_UUID}, 00000000:01:00.0, 900, 877, 32.87, 150.00, 54, 53, 0, 316, P0, Not Active, Not Active, Not Active
2026/07/20 00:42:42.219, 1, ${V100_GPU_1_UUID}, 00000000:02:00.0, 900, 877, 30.80, 150.00, 53, 51, 0, 316, P0, Not Active, Not Active, Not Active
2026/07/20 00:42:42.361, 0, ${V100_GPU_0_UUID}, 00000000:01:00.0, 900, 877, 32.87, 150.00, 54, 53, 0, 316, P0, Not Active, Not Active, Not Active
2026/07/20 00:42:42.368, 1, ${V100_GPU_1_UUID}, 00000000:02:00.0, 900, 877, 30.78, 150.00, 53, 51, 0, 316, P0, Not Active, Not Active, Not Active
2026/07/20 00:42:42.509, 0, ${V100_GPU_0_UUID}, 00000000:01:00.0, 900, 877, 32.85, 150.00, 54, 53, 0, 316, P0, Not Active, Not Active, Not Active
2026/07/20 00:42:42.515, 1, ${V100_GPU_1_UUID}, 00000000:02:00.0, 900, 877, 30.78, 150.00, 53, 51, 0, 316, P0, Not Active, Not Active, Not Active
2026/07/20 00:42:42.669, 0, ${V100_GPU_0_UUID}, 00000000:01:00.0, 900, 877, 32.87, 150.00, 54, 53, 0, 316, P0, Not Active, Not Active, Not Active
2026/07/20 00:42:42.683, 1, ${V100_GPU_1_UUID}, 00000000:02:00.0, 900, 877, 30.78, 150.00, 53, 51, 0, 316, P0, Not Active, Not Active, Not Active
2026/07/20 00:42:42.820, 0, ${V100_GPU_0_UUID}, 00000000:01:00.0, 900, 877, 32.85, 150.00, 54, 53, 0, 316, P0, Not Active, Not Active, Not Active
2026/07/20 00:42:42.826, 1, ${V100_GPU_1_UUID}, 00000000:02:00.0, 900, 877, 30.76, 150.00, 53, 51, 0, 316, P0, Not Active, Not Active, Not Active
2026/07/20 00:42:42.989, 0, ${V100_GPU_0_UUID}, 00000000:01:00.0, 900, 877, 32.87, 150.00, 55, 53, 0, 316, P0, Not Active, Not Active, Not Active
2026/07/20 00:42:42.998, 1, ${V100_GPU_1_UUID}, 00000000:02:00.0, 900, 877, 30.78, 150.00, 53, 51, 0, 316, P0, Not Active, Not Active, Not Active
2026/07/20 00:42:43.135, 0, ${V100_GPU_0_UUID}, 00000000:01:00.0, 900, 877, 32.87, 150.00, 54, 53, 0, 316, P0, Not Active, Not Active, Not Active
2026/07/20 00:42:43.142, 1, ${V100_GPU_1_UUID}, 00000000:02:00.0, 900, 877, 30.78, 150.00, 53, 51, 0, 316, P0, Not Active, Not Active, Not Active
2026/07/20 00:42:43.282, 0, ${V100_GPU_0_UUID}, 00000000:01:00.0, 900, 877, 32.85, 150.00, 54, 53, 0, 316, P0, Not Active, Not Active, Not Active
2026/07/20 00:42:43.288, 1, ${V100_GPU_1_UUID}, 00000000:02:00.0, 900, 877, 30.76, 150.00, 53, 51, 0, 316, P0, Not Active, Not Active, Not Active
2026/07/20 00:42:43.453, 0, ${V100_GPU_0_UUID}, 00000000:01:00.0, 900, 877, 32.87, 150.00, 55, 53, 0, 316, P0, Not Active, Not Active, Not Active
2026/07/20 00:42:43.461, 1, ${V100_GPU_1_UUID}, 00000000:02:00.0, 900, 877, 30.78, 150.00, 53, 51, 0, 316, P0, Not Active, Not Active, Not Active
2026/07/20 00:42:43.598, 0, ${V100_GPU_0_UUID}, 00000000:01:00.0, 900, 877, 32.87, 150.00, 54, 53, 0, 316, P0, Not Active, Not Active, Not Active
2026/07/20 00:42:43.603, 1, ${V100_GPU_1_UUID}, 00000000:02:00.0, 900, 877, 30.78, 150.00, 53, 51, 0, 316, P0, Not Active, Not Active, Not Active
2026/07/20 00:42:43.768, 0, ${V100_GPU_0_UUID}, 00000000:01:00.0, 900, 877, 32.87, 150.00, 55, 53, 0, 316, P0, Not Active, Not Active, Not Active
2026/07/20 00:42:43.775, 1, ${V100_GPU_1_UUID}, 00000000:02:00.0, 900, 877, 30.78, 150.00, 53, 51, 0, 316, P0, Not Active, Not Active, Not Active
2026/07/20 00:42:43.911, 0, ${V100_GPU_0_UUID}, 00000000:01:00.0, 900, 877, 32.87, 150.00, 55, 54, 0, 316, P0, Not Active, Not Active, Not Active
2026/07/20 00:42:43.918, 1, ${V100_GPU_1_UUID}, 00000000:02:00.0, 900, 877, 30.78, 150.00, 53, 51, 0, 316, P0, Not Active, Not Active, Not Active
2026/07/20 00:42:44.059, 0, ${V100_GPU_0_UUID}, 00000000:01:00.0, 900, 877, 32.85, 150.00, 54, 53, 0, 316, P0, Not Active, Not Active, Not Active
2026/07/20 00:42:44.064, 1, ${V100_GPU_1_UUID}, 00000000:02:00.0, 900, 877, 30.78, 150.00, 53, 51, 0, 316, P0, Not Active, Not Active, Not Active
2026/07/20 00:42:44.209, 0, ${V100_GPU_0_UUID}, 00000000:01:00.0, 900, 877, 32.87, 150.00, 54, 53, 0, 316, P0, Not Active, Not Active, Not Active
2026/07/20 00:42:44.220, 1, ${V100_GPU_1_UUID}, 00000000:02:00.0, 900, 877, 30.78, 150.00, 53, 51, 0, 316, P0, Not Active, Not Active, Not Active
2026/07/20 00:42:44.369, 0, ${V100_GPU_0_UUID}, 00000000:01:00.0, 900, 877, 32.85, 150.00, 54, 53, 0, 316, P0, Not Active, Not Active, Not Active
2026/07/20 00:42:44.375, 1, ${V100_GPU_1_UUID}, 00000000:02:00.0, 900, 877, 30.76, 150.00, 53, 51, 0, 316, P0, Not Active, Not Active, Not Active
2026/07/20 00:42:44.539, 0, ${V100_GPU_0_UUID}, 00000000:01:00.0, 900, 877, 32.87, 150.00, 54, 53, 0, 316, P0, Not Active, Not Active, Not Active
2026/07/20 00:42:44.548, 1, ${V100_GPU_1_UUID}, 00000000:02:00.0, 900, 877, 30.78, 150.00, 53, 51, 0, 316, P0, Not Active, Not Active, Not Active
2026/07/20 00:42:44.683, 0, ${V100_GPU_0_UUID}, 00000000:01:00.0, 900, 877, 32.85, 150.00, 55, 53, 0, 316, P0, Not Active, Not Active, Not Active
2026/07/20 00:42:44.690, 1, ${V100_GPU_1_UUID}, 00000000:02:00.0, 900, 877, 30.76, 150.00, 53, 51, 0, 316, P0, Not Active, Not Active, Not Active
2026/07/20 00:42:44.827, 0, ${V100_GPU_0_UUID}, 00000000:01:00.0, 900, 877, 32.85, 150.00, 55, 53, 0, 316, P0, Not Active, Not Active, Not Active
2026/07/20 00:42:44.835, 1, ${V100_GPU_1_UUID}, 00000000:02:00.0, 900, 877, 30.76, 150.00, 53, 51, 0, 316, P0, Not Active, Not Active, Not Active
2026/07/20 00:42:45.002, 0, ${V100_GPU_0_UUID}, 00000000:01:00.0, 900, 877, 32.87, 150.00, 55, 53, 0, 316, P0, Not Active, Not Active, Not Active
2026/07/20 00:42:45.015, 1, ${V100_GPU_1_UUID}, 00000000:02:00.0, 900, 877, 30.78, 150.00, 53, 51, 0, 316, P0, Not Active, Not Active, Not Active
2026/07/20 00:42:45.158, 0, ${V100_GPU_0_UUID}, 00000000:01:00.0, 900, 877, 32.87, 150.00, 55, 53, 0, 316, P0, Not Active, Not Active, Not Active
2026/07/20 00:42:45.163, 1, ${V100_GPU_1_UUID}, 00000000:02:00.0, 900, 877, 30.78, 150.00, 53, 51, 0, 316, P0, Not Active, Not Active, Not Active
2026/07/20 00:42:45.299, 0, ${V100_GPU_0_UUID}, 00000000:01:00.0, 900, 877, 32.87, 150.00, 55, 53, 0, 316, P0, Not Active, Not Active, Not Active
2026/07/20 00:42:45.306, 1, ${V100_GPU_1_UUID}, 00000000:02:00.0, 900, 877, 30.78, 150.00, 53, 51, 0, 316, P0, Not Active, Not Active, Not Active
2026/07/20 00:42:45.443, 0, ${V100_GPU_0_UUID}, 00000000:01:00.0, 900, 877, 32.87, 150.00, 55, 53, 0, 316, P0, Not Active, Not Active, Not Active
2026/07/20 00:42:45.449, 1, ${V100_GPU_1_UUID}, 00000000:02:00.0, 900, 877, 30.78, 150.00, 53, 51, 0, 316, P0, Not Active, Not Active, Not Active
2026/07/20 00:42:45.585, 0, ${V100_GPU_0_UUID}, 00000000:01:00.0, 900, 877, 32.85, 150.00, 54, 53, 0, 316, P0, Not Active, Not Active, Not Active
2026/07/20 00:42:45.591, 1, ${V100_GPU_1_UUID}, 00000000:02:00.0, 900, 877, 30.78, 150.00, 53, 51, 0, 316, P0, Not Active, Not Active, Not Active
2026/07/20 00:42:45.725, 0, ${V100_GPU_0_UUID}, 00000000:01:00.0, 900, 877, 32.85, 150.00, 55, 53, 0, 316, P0, Not Active, Not Active, Not Active
2026/07/20 00:42:45.730, 1, ${V100_GPU_1_UUID}, 00000000:02:00.0, 900, 877, 30.78, 150.00, 53, 51, 0, 316, P0, Not Active, Not Active, Not Active
2026/07/20 00:42:45.864, 0, ${V100_GPU_0_UUID}, 00000000:01:00.0, 900, 877, 32.85, 150.00, 55, 53, 0, 316, P0, Not Active, Not Active, Not Active
2026/07/20 00:42:46.307, 1, ${V100_GPU_1_UUID}, 00000000:02:00.0, 900, 877, 30.80, 150.00, 53, 51, 0, 316, P0, Not Active, Not Active, Not Active
2026/07/20 00:42:46.444, 0, ${V100_GPU_0_UUID}, 00000000:01:00.0, 900, 877, 32.85, 150.00, 55, 53, 0, 316, P0, Not Active, Not Active, Not Active
2026/07/20 00:42:46.450, 1, ${V100_GPU_1_UUID}, 00000000:02:00.0, 900, 877, 30.78, 150.00, 53, 51, 0, 316, P0, Not Active, Not Active, Not Active
2026/07/20 00:42:46.587, 0, ${V100_GPU_0_UUID}, 00000000:01:00.0, 900, 877, 32.87, 150.00, 55, 53, 0, 316, P0, Not Active, Not Active, Not Active
2026/07/20 00:42:46.592, 1, ${V100_GPU_1_UUID}, 00000000:02:00.0, 900, 877, 30.78, 150.00, 53, 51, 0, 316, P0, Not Active, Not Active, Not Active
2026/07/20 00:42:46.725, 0, ${V100_GPU_0_UUID}, 00000000:01:00.0, 900, 877, 32.87, 150.00, 54, 53, 0, 316, P0, Not Active, Not Active, Not Active
2026/07/20 00:42:46.731, 1, ${V100_GPU_1_UUID}, 00000000:02:00.0, 900, 877, 30.78, 150.00, 53, 51, 0, 316, P0, Not Active, Not Active, Not Active
2026/07/20 00:42:46.897, 0, ${V100_GPU_0_UUID}, 00000000:01:00.0, 900, 877, 32.87, 150.00, 54, 53, 0, 316, P0, Not Active, Not Active, Not Active
2026/07/20 00:42:46.903, 1, ${V100_GPU_1_UUID}, 00000000:02:00.0, 900, 877, 30.78, 150.00, 53, 51, 0, 316, P0, Not Active, Not Active, Not Active
2026/07/20 00:42:47.062, 0, ${V100_GPU_0_UUID}, 00000000:01:00.0, 900, 877, 32.87, 150.00, 55, 53, 0, 316, P0, Not Active, Not Active, Not Active
2026/07/20 00:42:47.071, 1, ${V100_GPU_1_UUID}, 00000000:02:00.0, 900, 877, 30.78, 150.00, 53, 51, 0, 316, P0, Not Active, Not Active, Not Active
2026/07/20 00:42:47.206, 0, ${V100_GPU_0_UUID}, 00000000:01:00.0, 900, 877, 32.85, 150.00, 55, 53, 0, 316, P0, Not Active, Not Active, Not Active
2026/07/20 00:42:47.212, 1, ${V100_GPU_1_UUID}, 00000000:02:00.0, 900, 877, 30.78, 150.00, 53, 51, 0, 316, P0, Not Active, Not Active, Not Active
2026/07/20 00:42:47.346, 0, ${V100_GPU_0_UUID}, 00000000:01:00.0, 900, 877, 32.85, 150.00, 55, 53, 0, 316, P0, Not Active, Not Active, Not Active
2026/07/20 00:42:47.352, 1, ${V100_GPU_1_UUID}, 00000000:02:00.0, 900, 877, 30.78, 150.00, 53, 51, 0, 316, P0, Not Active, Not Active, Not Active
2026/07/20 00:42:47.486, 0, ${V100_GPU_0_UUID}, 00000000:01:00.0, 900, 877, 32.85, 150.00, 54, 53, 0, 316, P0, Not Active, Not Active, Not Active
2026/07/20 00:42:47.492, 1, ${V100_GPU_1_UUID}, 00000000:02:00.0, 900, 877, 30.78, 150.00, 53, 51, 0, 316, P0, Not Active, Not Active, Not Active
2026/07/20 00:42:47.654, 0, ${V100_GPU_0_UUID}, 00000000:01:00.0, 900, 877, 32.87, 150.00, 54, 53, 0, 316, P0, Not Active, Not Active, Not Active
2026/07/20 00:42:47.663, 1, ${V100_GPU_1_UUID}, 00000000:02:00.0, 900, 877, 30.78, 150.00, 53, 51, 0, 316, P0, Not Active, Not Active, Not Active
2026/07/20 00:42:47.797, 0, ${V100_GPU_0_UUID}, 00000000:01:00.0, 900, 877, 32.87, 150.00, 55, 53, 0, 316, P0, Not Active, Not Active, Not Active
2026/07/20 00:42:47.803, 1, ${V100_GPU_1_UUID}, 00000000:02:00.0, 900, 877, 30.78, 150.00, 53, 51, 0, 316, P0, Not Active, Not Active, Not Active
2026/07/20 00:42:47.941, 0, ${V100_GPU_0_UUID}, 00000000:01:00.0, 900, 877, 32.87, 150.00, 55, 54, 0, 316, P0, Not Active, Not Active, Not Active
2026/07/20 00:42:47.947, 1, ${V100_GPU_1_UUID}, 00000000:02:00.0, 900, 877, 30.78, 150.00, 53, 51, 0, 316, P0, Not Active, Not Active, Not Active
2026/07/20 00:42:48.081, 0, ${V100_GPU_0_UUID}, 00000000:01:00.0, 900, 877, 32.87, 150.00, 55, 54, 0, 316, P0, Not Active, Not Active, Not Active
2026/07/20 00:42:48.087, 1, ${V100_GPU_1_UUID}, 00000000:02:00.0, 900, 877, 30.78, 150.00, 53, 51, 0, 316, P0, Not Active, Not Active, Not Active
2026/07/20 00:42:48.253, 0, ${V100_GPU_0_UUID}, 00000000:01:00.0, 900, 877, 32.87, 150.00, 54, 53, 0, 316, P0, Not Active, Not Active, Not Active
2026/07/20 00:42:48.259, 1, ${V100_GPU_1_UUID}, 00000000:02:00.0, 900, 877, 30.78, 150.00, 53, 51, 0, 316, P0, Not Active, Not Active, Not Active
2026/07/20 00:42:48.410, 0, ${V100_GPU_0_UUID}, 00000000:01:00.0, 900, 877, 32.87, 150.00, 54, 53, 0, 316, P0, Not Active, Not Active, Not Active
2026/07/20 00:42:48.422, 1, ${V100_GPU_1_UUID}, 00000000:02:00.0, 900, 877, 30.78, 150.00, 53, 51, 0, 316, P0, Not Active, Not Active, Not Active
2026/07/20 00:42:48.560, 0, ${V100_GPU_0_UUID}, 00000000:01:00.0, 900, 877, 32.85, 150.00, 54, 53, 0, 316, P0, Not Active, Not Active, Not Active
2026/07/20 00:42:48.565, 1, ${V100_GPU_1_UUID}, 00000000:02:00.0, 900, 877, 30.78, 150.00, 53, 51, 0, 316, P0, Not Active, Not Active, Not Active
2026/07/20 00:42:48.729, 0, ${V100_GPU_0_UUID}, 00000000:01:00.0, 900, 877, 32.87, 150.00, 54, 53, 0, 316, P0, Not Active, Not Active, Not Active
2026/07/20 00:42:48.737, 1, ${V100_GPU_1_UUID}, 00000000:02:00.0, 900, 877, 30.78, 150.00, 53, 51, 0, 316, P0, Not Active, Not Active, Not Active
2026/07/20 00:42:48.871, 0, ${V100_GPU_0_UUID}, 00000000:01:00.0, 900, 877, 32.85, 150.00, 54, 53, 0, 316, P0, Not Active, Not Active, Not Active
2026/07/20 00:42:48.877, 1, ${V100_GPU_1_UUID}, 00000000:02:00.0, 900, 877, 30.78, 150.00, 53, 51, 0, 316, P0, Not Active, Not Active, Not Active
2026/07/20 00:42:49.012, 0, ${V100_GPU_0_UUID}, 00000000:01:00.0, 900, 877, 32.87, 150.00, 54, 53, 0, 316, P0, Not Active, Not Active, Not Active
2026/07/20 00:42:49.018, 1, ${V100_GPU_1_UUID}, 00000000:02:00.0, 900, 877, 30.78, 150.00, 53, 52, 0, 316, P0, Not Active, Not Active, Not Active
2026/07/20 00:42:49.153, 0, ${V100_GPU_0_UUID}, 00000000:01:00.0, 900, 877, 32.87, 150.00, 54, 53, 0, 316, P0, Not Active, Not Active, Not Active
2026/07/20 00:42:49.159, 1, ${V100_GPU_1_UUID}, 00000000:02:00.0, 900, 877, 30.78, 150.00, 53, 51, 0, 316, P0, Not Active, Not Active, Not Active
2026/07/20 00:42:49.323, 0, ${V100_GPU_0_UUID}, 00000000:01:00.0, 900, 877, 32.87, 150.00, 55, 53, 0, 316, P0, Not Active, Not Active, Not Active
2026/07/20 00:42:49.330, 1, ${V100_GPU_1_UUID}, 00000000:02:00.0, 900, 877, 30.78, 150.00, 53, 51, 0, 316, P0, Not Active, Not Active, Not Active
2026/07/20 00:42:49.474, 0, ${V100_GPU_0_UUID}, 00000000:01:00.0, 900, 877, 32.87, 150.00, 54, 53, 0, 316, P0, Not Active, Not Active, Not Active
2026/07/20 00:42:49.484, 1, ${V100_GPU_1_UUID}, 00000000:02:00.0, 900, 877, 30.80, 150.00, 53, 51, 0, 316, P0, Not Active, Not Active, Not Active
2026/07/20 00:42:49.647, 0, ${V100_GPU_0_UUID}, 00000000:01:00.0, 900, 877, 32.87, 150.00, 54, 54, 0, 316, P0, Not Active, Not Active, Not Active
2026/07/20 00:42:49.653, 1, ${V100_GPU_1_UUID}, 00000000:02:00.0, 900, 877, 30.78, 150.00, 53, 51, 0, 316, P0, Not Active, Not Active, Not Active
2026/07/20 00:42:49.818, 0, ${V100_GPU_0_UUID}, 00000000:01:00.0, 900, 877, 32.87, 150.00, 54, 54, 0, 316, P0, Not Active, Not Active, Not Active
2026/07/20 00:42:49.825, 1, ${V100_GPU_1_UUID}, 00000000:02:00.0, 900, 877, 30.78, 150.00, 53, 52, 0, 316, P0, Not Active, Not Active, Not Active
2026/07/20 00:42:49.959, 0, ${V100_GPU_0_UUID}, 00000000:01:00.0, 900, 877, 32.85, 150.00, 54, 53, 0, 316, P0, Not Active, Not Active, Not Active
2026/07/20 00:42:49.964, 1, ${V100_GPU_1_UUID}, 00000000:02:00.0, 900, 877, 30.78, 150.00, 53, 51, 0, 316, P0, Not Active, Not Active, Not Active
2026/07/20 00:42:50.128, 0, ${V100_GPU_0_UUID}, 00000000:01:00.0, 900, 877, 32.87, 150.00, 54, 53, 0, 316, P0, Not Active, Not Active, Not Active
2026/07/20 00:42:50.135, 1, ${V100_GPU_1_UUID}, 00000000:02:00.0, 900, 877, 30.78, 150.00, 53, 51, 0, 316, P0, Not Active, Not Active, Not Active
2026/07/20 00:42:50.270, 0, ${V100_GPU_0_UUID}, 00000000:01:00.0, 900, 877, 32.87, 150.00, 54, 53, 0, 316, P0, Not Active, Not Active, Not Active
2026/07/20 00:42:50.277, 1, ${V100_GPU_1_UUID}, 00000000:02:00.0, 900, 877, 30.78, 150.00, 53, 51, 0, 316, P0, Not Active, Not Active, Not Active
2026/07/20 00:42:50.418, 0, ${V100_GPU_0_UUID}, 00000000:01:00.0, 900, 877, 32.85, 150.00, 55, 54, 0, 316, P0, Not Active, Not Active, Not Active
2026/07/20 00:42:50.423, 1, ${V100_GPU_1_UUID}, 00000000:02:00.0, 900, 877, 30.76, 150.00, 53, 51, 0, 316, P0, Not Active, Not Active, Not Active
2026/07/20 00:42:50.561, 0, ${V100_GPU_0_UUID}, 00000000:01:00.0, 900, 877, 32.87, 150.00, 54, 53, 0, 316, P0, Not Active, Not Active, Not Active
2026/07/20 00:42:50.569, 1, ${V100_GPU_1_UUID}, 00000000:02:00.0, 900, 877, 30.78, 150.00, 53, 51, 0, 316, P0, Not Active, Not Active, Not Active
2026/07/20 00:42:50.706, 0, ${V100_GPU_0_UUID}, 00000000:01:00.0, 900, 877, 32.85, 150.00, 55, 53, 0, 316, P0, Not Active, Not Active, Not Active
2026/07/20 00:42:50.712, 1, ${V100_GPU_1_UUID}, 00000000:02:00.0, 900, 877, 30.76, 150.00, 53, 51, 0, 316, P0, Not Active, Not Active, Not Active
2026/07/20 00:42:50.877, 0, ${V100_GPU_0_UUID}, 00000000:01:00.0, 900, 877, 32.87, 150.00, 54, 53, 0, 316, P0, Not Active, Not Active, Not Active
2026/07/20 00:42:50.883, 1, ${V100_GPU_1_UUID}, 00000000:02:00.0, 900, 877, 30.78, 150.00, 53, 51, 0, 316, P0, Not Active, Not Active, Not Active
2026/07/20 00:42:51.263, 0, ${V100_GPU_0_UUID}, 00000000:01:00.0, 900, 877, 32.85, 150.00, 55, 53, 0, 316, P0, Not Active, Not Active, Not Active
2026/07/20 00:42:51.269, 1, ${V100_GPU_1_UUID}, 00000000:02:00.0, 900, 877, 30.78, 150.00, 53, 51, 0, 316, P0, Not Active, Not Active, Not Active
2026/07/20 00:42:52.066, 0, ${V100_GPU_0_UUID}, 00000000:01:00.0, 900, 877, 32.85, 150.00, 55, 53, 0, 316, P0, Not Active, Not Active, Not Active
2026/07/20 00:42:52.073, 1, ${V100_GPU_1_UUID}, 00000000:02:00.0, 900, 877, 30.76, 150.00, 53, 51, 0, 316, P0, Not Active, Not Active, Not Active
2026/07/20 00:42:52.210, 0, ${V100_GPU_0_UUID}, 00000000:01:00.0, 900, 877, 32.85, 150.00, 55, 53, 0, 316, P0, Not Active, Not Active, Not Active
2026/07/20 00:42:52.216, 1, ${V100_GPU_1_UUID}, 00000000:02:00.0, 900, 877, 30.78, 150.00, 53, 51, 0, 316, P0, Not Active, Not Active, Not Active
2026/07/20 00:42:52.351, 0, ${V100_GPU_0_UUID}, 00000000:01:00.0, 900, 877, 32.83, 150.00, 55, 54, 0, 316, P0, Not Active, Not Active, Not Active
2026/07/20 00:42:52.357, 1, ${V100_GPU_1_UUID}, 00000000:02:00.0, 900, 877, 30.76, 150.00, 53, 51, 0, 316, P0, Not Active, Not Active, Not Active
2026/07/20 00:42:52.490, 0, ${V100_GPU_0_UUID}, 00000000:01:00.0, 900, 877, 32.85, 150.00, 55, 53, 0, 316, P0, Not Active, Not Active, Not Active
2026/07/20 00:42:52.496, 1, ${V100_GPU_1_UUID}, 00000000:02:00.0, 900, 877, 30.76, 150.00, 53, 51, 0, 316, P0, Not Active, Not Active, Not Active
2026/07/20 00:42:52.632, 0, ${V100_GPU_0_UUID}, 00000000:01:00.0, 900, 877, 32.85, 150.00, 55, 54, 0, 316, P0, Not Active, Not Active, Not Active
2026/07/20 00:42:52.638, 1, ${V100_GPU_1_UUID}, 00000000:02:00.0, 900, 877, 30.76, 150.00, 53, 51, 0, 316, P0, Not Active, Not Active, Not Active
2026/07/20 00:42:52.802, 0, ${V100_GPU_0_UUID}, 00000000:01:00.0, 900, 877, 32.87, 150.00, 55, 54, 0, 316, P0, Not Active, Not Active, Not Active
2026/07/20 00:42:52.809, 1, ${V100_GPU_1_UUID}, 00000000:02:00.0, 900, 877, 30.78, 150.00, 53, 51, 0, 316, P0, Not Active, Not Active, Not Active
2026/07/20 00:42:52.965, 0, ${V100_GPU_0_UUID}, 00000000:01:00.0, 900, 877, 32.87, 150.00, 54, 53, 0, 316, P0, Not Active, Not Active, Not Active
2026/07/20 00:42:52.978, 1, ${V100_GPU_1_UUID}, 00000000:02:00.0, 900, 877, 30.80, 150.00, 53, 51, 0, 316, P0, Not Active, Not Active, Not Active
2026/07/20 00:42:53.117, 0, ${V100_GPU_0_UUID}, 00000000:01:00.0, 900, 877, 32.85, 150.00, 55, 53, 0, 316, P0, Not Active, Not Active, Not Active
2026/07/20 00:42:53.123, 1, ${V100_GPU_1_UUID}, 00000000:02:00.0, 900, 877, 30.76, 150.00, 53, 51, 0, 316, P0, Not Active, Not Active, Not Active
2026/07/20 00:42:53.262, 0, ${V100_GPU_0_UUID}, 00000000:01:00.0, 900, 877, 32.87, 150.00, 55, 53, 0, 316, P0, Not Active, Not Active, Not Active
2026/07/20 00:42:53.267, 1, ${V100_GPU_1_UUID}, 00000000:02:00.0, 900, 877, 30.78, 150.00, 53, 52, 0, 316, P0, Not Active, Not Active, Not Active
2026/07/20 00:42:53.400, 0, ${V100_GPU_0_UUID}, 00000000:01:00.0, 900, 877, 32.85, 150.00, 55, 53, 0, 316, P0, Not Active, Not Active, Not Active
2026/07/20 00:42:53.406, 1, ${V100_GPU_1_UUID}, 00000000:02:00.0, 900, 877, 30.76, 150.00, 53, 51, 0, 316, P0, Not Active, Not Active, Not Active
2026/07/20 00:42:53.567, 0, ${V100_GPU_0_UUID}, 00000000:01:00.0, 900, 877, 32.87, 150.00, 55, 53, 0, 316, P0, Not Active, Not Active, Not Active
2026/07/20 00:42:53.575, 1, ${V100_GPU_1_UUID}, 00000000:02:00.0, 900, 877, 30.78, 150.00, 53, 51, 0, 316, P0, Not Active, Not Active, Not Active
2026/07/20 00:42:53.715, 0, ${V100_GPU_0_UUID}, 00000000:01:00.0, 900, 877, 32.85, 150.00, 55, 53, 0, 316, P0, Not Active, Not Active, Not Active
2026/07/20 00:42:53.721, 1, ${V100_GPU_1_UUID}, 00000000:02:00.0, 900, 877, 30.76, 150.00, 53, 51, 0, 316, P0, Not Active, Not Active, Not Active
2026/07/20 00:42:53.854, 0, ${V100_GPU_0_UUID}, 00000000:01:00.0, 900, 877, 32.85, 150.00, 55, 53, 0, 316, P0, Not Active, Not Active, Not Active
2026/07/20 00:42:53.859, 1, ${V100_GPU_1_UUID}, 00000000:02:00.0, 900, 877, 30.78, 150.00, 53, 51, 0, 316, P0, Not Active, Not Active, Not Active
2026/07/20 00:42:54.023, 0, ${V100_GPU_0_UUID}, 00000000:01:00.0, 900, 877, 32.87, 150.00, 55, 53, 0, 316, P0, Not Active, Not Active, Not Active
2026/07/20 00:42:54.030, 1, ${V100_GPU_1_UUID}, 00000000:02:00.0, 900, 877, 30.78, 150.00, 53, 51, 0, 316, P0, Not Active, Not Active, Not Active
2026/07/20 00:42:54.165, 0, ${V100_GPU_0_UUID}, 00000000:01:00.0, 900, 877, 32.85, 150.00, 54, 53, 0, 316, P0, Not Active, Not Active, Not Active
2026/07/20 00:42:54.171, 1, ${V100_GPU_1_UUID}, 00000000:02:00.0, 900, 877, 30.76, 150.00, 53, 51, 0, 316, P0, Not Active, Not Active, Not Active
2026/07/20 00:42:54.305, 0, ${V100_GPU_0_UUID}, 00000000:01:00.0, 900, 877, 32.83, 150.00, 54, 54, 0, 316, P0, Not Active, Not Active, Not Active
2026/07/20 00:42:54.311, 1, ${V100_GPU_1_UUID}, 00000000:02:00.0, 900, 877, 30.76, 150.00, 53, 51, 0, 316, P0, Not Active, Not Active, Not Active
2026/07/20 00:42:54.450, 0, ${V100_GPU_0_UUID}, 00000000:01:00.0, 900, 877, 32.85, 150.00, 55, 53, 0, 316, P0, Not Active, Not Active, Not Active
2026/07/20 00:42:54.456, 1, ${V100_GPU_1_UUID}, 00000000:02:00.0, 900, 877, 30.78, 150.00, 53, 51, 0, 316, P0, Not Active, Not Active, Not Active
2026/07/20 00:42:54.589, 0, ${V100_GPU_0_UUID}, 00000000:01:00.0, 900, 877, 32.85, 150.00, 55, 53, 0, 316, P0, Not Active, Not Active, Not Active
2026/07/20 00:42:54.594, 1, ${V100_GPU_1_UUID}, 00000000:02:00.0, 900, 877, 30.76, 150.00, 53, 51, 0, 316, P0, Not Active, Not Active, Not Active
2026/07/20 00:42:54.728, 0, ${V100_GPU_0_UUID}, 00000000:01:00.0, 900, 877, 32.85, 150.00, 55, 54, 0, 316, P0, Not Active, Not Active, Not Active
2026/07/20 00:42:54.734, 1, ${V100_GPU_1_UUID}, 00000000:02:00.0, 900, 877, 30.76, 150.00, 53, 51, 0, 316, P0, Not Active, Not Active, Not Active
2026/07/20 00:42:54.867, 0, ${V100_GPU_0_UUID}, 00000000:01:00.0, 900, 877, 32.85, 150.00, 55, 53, 0, 316, P0, Not Active, Not Active, Not Active
2026/07/20 00:42:54.873, 1, ${V100_GPU_1_UUID}, 00000000:02:00.0, 900, 877, 30.78, 150.00, 53, 52, 0, 316, P0, Not Active, Not Active, Not Active
2026/07/20 00:42:55.032, 0, ${V100_GPU_0_UUID}, 00000000:01:00.0, 900, 877, 32.87, 150.00, 55, 54, 0, 316, P0, Not Active, Not Active, Not Active
2026/07/20 00:42:55.042, 1, ${V100_GPU_1_UUID}, 00000000:02:00.0, 900, 877, 30.78, 150.00, 53, 51, 0, 316, P0, Not Active, Not Active, Not Active
2026/07/20 00:42:55.181, 0, ${V100_GPU_0_UUID}, 00000000:01:00.0, 900, 877, 32.87, 150.00, 55, 53, 0, 316, P0, Not Active, Not Active, Not Active
2026/07/20 00:42:55.189, 1, ${V100_GPU_1_UUID}, 00000000:02:00.0, 900, 877, 30.80, 150.00, 53, 52, 0, 316, P0, Not Active, Not Active, Not Active
2026/07/20 00:42:55.356, 0, ${V100_GPU_0_UUID}, 00000000:01:00.0, 900, 877, 32.87, 150.00, 54, 53, 0, 316, P0, Not Active, Not Active, Not Active
2026/07/20 00:42:55.363, 1, ${V100_GPU_1_UUID}, 00000000:02:00.0, 900, 877, 30.78, 150.00, 53, 51, 0, 316, P0, Not Active, Not Active, Not Active
2026/07/20 00:42:55.523, 0, ${V100_GPU_0_UUID}, 00000000:01:00.0, 900, 877, 32.87, 150.00, 54, 54, 0, 316, P0, Not Active, Not Active, Not Active
2026/07/20 00:42:55.532, 1, ${V100_GPU_1_UUID}, 00000000:02:00.0, 900, 877, 30.78, 150.00, 53, 51, 0, 316, P0, Not Active, Not Active, Not Active
2026/07/20 00:42:55.670, 0, ${V100_GPU_0_UUID}, 00000000:01:00.0, 900, 877, 32.85, 150.00, 55, 53, 0, 316, P0, Not Active, Not Active, Not Active
2026/07/20 00:42:55.675, 1, ${V100_GPU_1_UUID}, 00000000:02:00.0, 900, 877, 30.76, 150.00, 53, 51, 0, 316, P0, Not Active, Not Active, Not Active
2026/07/20 00:42:55.840, 0, ${V100_GPU_0_UUID}, 00000000:01:00.0, 900, 877, 32.87, 150.00, 54, 53, 0, 316, P0, Not Active, Not Active, Not Active
2026/07/20 00:42:55.848, 1, ${V100_GPU_1_UUID}, 00000000:02:00.0, 900, 877, 30.78, 150.00, 53, 51, 0, 316, P0, Not Active, Not Active, Not Active
2026/07/20 00:42:55.982, 0, ${V100_GPU_0_UUID}, 00000000:01:00.0, 900, 877, 32.85, 150.00, 55, 53, 0, 316, P0, Not Active, Not Active, Not Active
2026/07/20 00:42:56.034, 1, ${V100_GPU_1_UUID}, 00000000:02:00.0, 900, 877, 30.78, 150.00, 53, 51, 0, 316, P0, Not Active, Not Active, Not Active
2026/07/20 00:42:56.170, 0, ${V100_GPU_0_UUID}, 00000000:01:00.0, 900, 877, 32.83, 150.00, 55, 53, 0, 316, P0, Not Active, Not Active, Not Active
2026/07/20 00:42:56.176, 1, ${V100_GPU_1_UUID}, 00000000:02:00.0, 900, 877, 30.74, 150.00, 53, 51, 0, 316, P0, Not Active, Not Active, Not Active
2026/07/20 00:42:56.321, 0, ${V100_GPU_0_UUID}, 00000000:01:00.0, 900, 877, 32.85, 150.00, 55, 53, 0, 316, P0, Not Active, Not Active, Not Active
2026/07/20 00:42:56.327, 1, ${V100_GPU_1_UUID}, 00000000:02:00.0, 900, 877, 30.76, 150.00, 53, 51, 0, 316, P0, Not Active, Not Active, Not Active
2026/07/20 00:42:56.462, 0, ${V100_GPU_0_UUID}, 00000000:01:00.0, 900, 877, 32.83, 150.00, 55, 53, 0, 316, P0, Not Active, Not Active, Not Active
2026/07/20 00:42:56.469, 1, ${V100_GPU_1_UUID}, 00000000:02:00.0, 900, 877, 30.74, 150.00, 53, 51, 0, 316, P0, Not Active, Not Active, Not Active
2026/07/20 00:42:56.614, 0, ${V100_GPU_0_UUID}, 00000000:01:00.0, 900, 877, 32.87, 150.00, 55, 54, 0, 316, P0, Not Active, Not Active, Not Active
2026/07/20 00:42:56.619, 1, ${V100_GPU_1_UUID}, 00000000:02:00.0, 900, 877, 30.78, 150.00, 53, 51, 0, 316, P0, Not Active, Not Active, Not Active
2026/07/20 00:42:56.768, 0, ${V100_GPU_0_UUID}, 00000000:01:00.0, 900, 877, 32.85, 150.00, 54, 53, 0, 316, P0, Not Active, Not Active, Not Active
2026/07/20 00:42:56.774, 1, ${V100_GPU_1_UUID}, 00000000:02:00.0, 900, 877, 30.76, 150.00, 53, 51, 0, 316, P0, Not Active, Not Active, Not Active
2026/07/20 00:42:56.934, 0, ${V100_GPU_0_UUID}, 00000000:01:00.0, 900, 877, 32.87, 150.00, 55, 53, 0, 316, P0, Not Active, Not Active, Not Active
2026/07/20 00:42:56.945, 1, ${V100_GPU_1_UUID}, 00000000:02:00.0, 900, 877, 30.78, 150.00, 53, 51, 0, 316, P0, Not Active, Not Active, Not Active
2026/07/20 00:42:57.086, 0, ${V100_GPU_0_UUID}, 00000000:01:00.0, 900, 877, 32.85, 150.00, 54, 53, 0, 316, P0, Not Active, Not Active, Not Active
2026/07/20 00:42:57.092, 1, ${V100_GPU_1_UUID}, 00000000:02:00.0, 900, 877, 30.76, 150.00, 53, 51, 0, 316, P0, Not Active, Not Active, Not Active
2026/07/20 00:42:57.255, 0, ${V100_GPU_0_UUID}, 00000000:01:00.0, 900, 877, 32.87, 150.00, 55, 53, 0, 316, P0, Not Active, Not Active, Not Active
2026/07/20 00:42:57.264, 1, ${V100_GPU_1_UUID}, 00000000:02:00.0, 900, 877, 30.78, 150.00, 53, 51, 0, 316, P0, Not Active, Not Active, Not Active
2026/07/20 00:42:57.398, 0, ${V100_GPU_0_UUID}, 00000000:01:00.0, 900, 877, 32.87, 150.00, 55, 53, 0, 316, P0, Not Active, Not Active, Not Active
2026/07/20 00:42:57.404, 1, ${V100_GPU_1_UUID}, 00000000:02:00.0, 900, 877, 30.78, 150.00, 53, 51, 0, 316, P0, Not Active, Not Active, Not Active
2026/07/20 00:42:57.566, 0, ${V100_GPU_0_UUID}, 00000000:01:00.0, 900, 877, 32.85, 150.00, 55, 53, 0, 316, P0, Not Active, Not Active, Not Active
2026/07/20 00:42:57.572, 1, ${V100_GPU_1_UUID}, 00000000:02:00.0, 900, 877, 30.78, 150.00, 53, 51, 0, 316, P0, Not Active, Not Active, Not Active
2026/07/20 00:42:57.705, 0, ${V100_GPU_0_UUID}, 00000000:01:00.0, 900, 877, 32.85, 150.00, 55, 53, 0, 316, P0, Not Active, Not Active, Not Active
2026/07/20 00:42:57.711, 1, ${V100_GPU_1_UUID}, 00000000:02:00.0, 900, 877, 30.78, 150.00, 53, 52, 0, 316, P0, Not Active, Not Active, Not Active
2026/07/20 00:42:57.852, 0, ${V100_GPU_0_UUID}, 00000000:01:00.0, 900, 877, 32.85, 150.00, 55, 53, 0, 316, P0, Not Active, Not Active, Not Active
2026/07/20 00:42:57.858, 1, ${V100_GPU_1_UUID}, 00000000:02:00.0, 900, 877, 30.76, 150.00, 53, 52, 0, 316, P0, Not Active, Not Active, Not Active
2026/07/20 00:42:57.995, 0, ${V100_GPU_0_UUID}, 00000000:01:00.0, 900, 877, 32.87, 150.00, 55, 53, 0, 316, P0, Not Active, Not Active, Not Active
2026/07/20 00:42:58.001, 1, ${V100_GPU_1_UUID}, 00000000:02:00.0, 900, 877, 30.78, 150.00, 53, 52, 0, 316, P0, Not Active, Not Active, Not Active
2026/07/20 00:42:58.135, 0, ${V100_GPU_0_UUID}, 00000000:01:00.0, 900, 877, 32.85, 150.00, 55, 53, 0, 316, P0, Not Active, Not Active, Not Active
2026/07/20 00:42:58.141, 1, ${V100_GPU_1_UUID}, 00000000:02:00.0, 900, 877, 30.78, 150.00, 53, 52, 0, 316, P0, Not Active, Not Active, Not Active
2026/07/20 00:42:58.278, 0, ${V100_GPU_0_UUID}, 00000000:01:00.0, 900, 877, 32.85, 150.00, 55, 53, 0, 316, P0, Not Active, Not Active, Not Active
2026/07/20 00:42:58.284, 1, ${V100_GPU_1_UUID}, 00000000:02:00.0, 900, 877, 30.78, 150.00, 53, 51, 0, 316, P0, Not Active, Not Active, Not Active
2026/07/20 00:42:58.417, 0, ${V100_GPU_0_UUID}, 00000000:01:00.0, 900, 877, 32.85, 150.00, 55, 53, 0, 316, P0, Not Active, Not Active, Not Active
2026/07/20 00:42:58.423, 1, ${V100_GPU_1_UUID}, 00000000:02:00.0, 900, 877, 30.78, 150.00, 53, 51, 0, 316, P0, Not Active, Not Active, Not Active
2026/07/20 00:42:58.567, 0, ${V100_GPU_0_UUID}, 00000000:01:00.0, 900, 877, 32.87, 150.00, 55, 54, 0, 316, P0, Not Active, Not Active, Not Active
2026/07/20 00:42:58.575, 1, ${V100_GPU_1_UUID}, 00000000:02:00.0, 900, 877, 30.78, 150.00, 53, 52, 0, 316, P0, Not Active, Not Active, Not Active
2026/07/20 00:42:58.711, 0, ${V100_GPU_0_UUID}, 00000000:01:00.0, 900, 877, 32.87, 150.00, 55, 53, 0, 316, P0, Not Active, Not Active, Not Active
2026/07/20 00:42:58.717, 1, ${V100_GPU_1_UUID}, 00000000:02:00.0, 900, 877, 30.78, 150.00, 53, 51, 0, 316, P0, Not Active, Not Active, Not Active
2026/07/20 00:42:58.876, 0, ${V100_GPU_0_UUID}, 00000000:01:00.0, 900, 877, 32.87, 150.00, 55, 53, 0, 316, P0, Not Active, Not Active, Not Active
2026/07/20 00:42:58.883, 1, ${V100_GPU_1_UUID}, 00000000:02:00.0, 900, 877, 30.78, 150.00, 53, 51, 0, 316, P0, Not Active, Not Active, Not Active
2026/07/20 00:42:59.048, 0, ${V100_GPU_0_UUID}, 00000000:01:00.0, 900, 877, 32.87, 150.00, 55, 54, 0, 316, P0, Not Active, Not Active, Not Active
2026/07/20 00:42:59.057, 1, ${V100_GPU_1_UUID}, 00000000:02:00.0, 900, 877, 30.78, 150.00, 53, 51, 0, 316, P0, Not Active, Not Active, Not Active
2026/07/20 00:42:59.196, 0, ${V100_GPU_0_UUID}, 00000000:01:00.0, 900, 877, 32.85, 150.00, 55, 53, 0, 316, P0, Not Active, Not Active, Not Active
2026/07/20 00:42:59.201, 1, ${V100_GPU_1_UUID}, 00000000:02:00.0, 900, 877, 30.76, 150.00, 53, 52, 0, 316, P0, Not Active, Not Active, Not Active
2026/07/20 00:42:59.340, 0, ${V100_GPU_0_UUID}, 00000000:01:00.0, 900, 877, 32.87, 150.00, 55, 53, 0, 316, P0, Not Active, Not Active, Not Active
2026/07/20 00:43:00.135, 1, ${V100_GPU_1_UUID}, 00000000:02:00.0, 900, 877, 30.78, 150.00, 53, 52, 0, 316, P0, Not Active, Not Active, Not Active
2026/07/20 00:43:00.297, 0, ${V100_GPU_0_UUID}, 00000000:01:00.0, 900, 877, 32.85, 150.00, 55, 53, 0, 316, P0, Not Active, Not Active, Not Active
2026/07/20 00:43:00.304, 1, ${V100_GPU_1_UUID}, 00000000:02:00.0, 900, 877, 30.76, 150.00, 53, 52, 0, 316, P0, Not Active, Not Active, Not Active
2026/07/20 00:43:00.438, 0, ${V100_GPU_0_UUID}, 00000000:01:00.0, 900, 877, 32.87, 150.00, 55, 53, 0, 316, P0, Not Active, Not Active, Not Active
2026/07/20 00:43:00.443, 1, ${V100_GPU_1_UUID}, 00000000:02:00.0, 900, 877, 30.78, 150.00, 53, 51, 0, 316, P0, Not Active, Not Active, Not Active
2026/07/20 00:43:00.578, 0, ${V100_GPU_0_UUID}, 00000000:01:00.0, 900, 877, 32.85, 150.00, 55, 54, 0, 316, P0, Not Active, Not Active, Not Active
2026/07/20 00:43:00.583, 1, ${V100_GPU_1_UUID}, 00000000:02:00.0, 900, 877, 30.76, 150.00, 53, 51, 0, 316, P0, Not Active, Not Active, Not Active
2026/07/20 00:43:00.730, 0, ${V100_GPU_0_UUID}, 00000000:01:00.0, 900, 877, 32.85, 150.00, 55, 54, 0, 316, P0, Not Active, Not Active, Not Active
2026/07/20 00:43:00.735, 1, ${V100_GPU_1_UUID}, 00000000:02:00.0, 900, 877, 30.76, 150.00, 53, 51, 0, 316, P0, Not Active, Not Active, Not Active
2026/07/20 00:43:00.868, 0, ${V100_GPU_0_UUID}, 00000000:01:00.0, 900, 877, 32.85, 150.00, 55, 54, 0, 316, P0, Not Active, Not Active, Not Active
2026/07/20 00:43:00.874, 1, ${V100_GPU_1_UUID}, 00000000:02:00.0, 900, 877, 30.78, 150.00, 53, 51, 0, 316, P0, Not Active, Not Active, Not Active
2026/07/20 00:43:01.011, 0, ${V100_GPU_0_UUID}, 00000000:01:00.0, 900, 877, 32.87, 150.00, 55, 53, 0, 316, P0, Not Active, Not Active, Not Active
2026/07/20 00:43:01.512, 1, ${V100_GPU_1_UUID}, 00000000:02:00.0, 900, 877, 30.80, 150.00, 53, 51, 0, 316, P0, Not Active, Not Active, Not Active
2026/07/20 00:43:01.668, 0, ${V100_GPU_0_UUID}, 00000000:01:00.0, 900, 877, 32.87, 150.00, 55, 54, 0, 316, P0, Not Active, Not Active, Not Active
2026/07/20 00:43:01.674, 1, ${V100_GPU_1_UUID}, 00000000:02:00.0, 900, 877, 30.78, 150.00, 53, 51, 0, 316, P0, Not Active, Not Active, Not Active
2026/07/20 00:43:01.833, 0, ${V100_GPU_0_UUID}, 00000000:01:00.0, 900, 877, 32.87, 150.00, 55, 53, 0, 316, P0, Not Active, Not Active, Not Active
2026/07/20 00:43:01.839, 1, ${V100_GPU_1_UUID}, 00000000:02:00.0, 900, 877, 30.78, 150.00, 53, 51, 0, 316, P0, Not Active, Not Active, Not Active
2026/07/20 00:43:01.972, 0, ${V100_GPU_0_UUID}, 00000000:01:00.0, 900, 877, 32.85, 150.00, 55, 53, 0, 316, P0, Not Active, Not Active, Not Active
2026/07/20 00:43:01.977, 1, ${V100_GPU_1_UUID}, 00000000:02:00.0, 900, 877, 30.76, 150.00, 53, 51, 0, 316, P0, Not Active, Not Active, Not Active
2026/07/20 00:43:02.141, 0, ${V100_GPU_0_UUID}, 00000000:01:00.0, 900, 877, 32.87, 150.00, 55, 53, 0, 316, P0, Not Active, Not Active, Not Active
2026/07/20 00:43:02.149, 1, ${V100_GPU_1_UUID}, 00000000:02:00.0, 900, 877, 30.78, 150.00, 53, 51, 0, 316, P0, Not Active, Not Active, Not Active
2026/07/20 00:43:02.284, 0, ${V100_GPU_0_UUID}, 00000000:01:00.0, 900, 877, 32.87, 150.00, 55, 53, 0, 316, P0, Not Active, Not Active, Not Active
2026/07/20 00:43:02.290, 1, ${V100_GPU_1_UUID}, 00000000:02:00.0, 900, 877, 30.78, 150.00, 53, 51, 0, 316, P0, Not Active, Not Active, Not Active
2026/07/20 00:43:02.425, 0, ${V100_GPU_0_UUID}, 00000000:01:00.0, 900, 877, 32.87, 150.00, 55, 54, 0, 316, P0, Not Active, Not Active, Not Active
2026/07/20 00:43:02.431, 1, ${V100_GPU_1_UUID}, 00000000:02:00.0, 900, 877, 30.78, 150.00, 53, 51, 0, 316, P0, Not Active, Not Active, Not Active
2026/07/20 00:43:02.586, 0, ${V100_GPU_0_UUID}, 00000000:01:00.0, 900, 877, 32.87, 150.00, 55, 53, 0, 316, P0, Not Active, Not Active, Not Active
2026/07/20 00:43:02.592, 1, ${V100_GPU_1_UUID}, 00000000:02:00.0, 900, 877, 30.78, 150.00, 53, 51, 0, 316, P0, Not Active, Not Active, Not Active
2026/07/20 00:43:02.726, 0, ${V100_GPU_0_UUID}, 00000000:01:00.0, 900, 877, 32.85, 150.00, 55, 53, 0, 316, P0, Not Active, Not Active, Not Active
2026/07/20 00:43:02.731, 1, ${V100_GPU_1_UUID}, 00000000:02:00.0, 900, 877, 30.76, 150.00, 53, 52, 0, 316, P0, Not Active, Not Active, Not Active
2026/07/20 00:43:02.892, 0, ${V100_GPU_0_UUID}, 00000000:01:00.0, 900, 877, 32.87, 150.00, 55, 53, 0, 316, P0, Not Active, Not Active, Not Active
2026/07/20 00:43:02.900, 1, ${V100_GPU_1_UUID}, 00000000:02:00.0, 900, 877, 30.78, 150.00, 53, 51, 0, 316, P0, Not Active, Not Active, Not Active
2026/07/20 00:43:03.033, 0, ${V100_GPU_0_UUID}, 00000000:01:00.0, 900, 877, 32.85, 150.00, 55, 53, 0, 316, P0, Not Active, Not Active, Not Active
2026/07/20 00:43:03.039, 1, ${V100_GPU_1_UUID}, 00000000:02:00.0, 900, 877, 30.76, 150.00, 53, 51, 0, 316, P0, Not Active, Not Active, Not Active
2026/07/20 00:43:03.180, 0, ${V100_GPU_0_UUID}, 00000000:01:00.0, 900, 877, 32.85, 150.00, 55, 53, 0, 316, P0, Not Active, Not Active, Not Active
2026/07/20 00:43:03.185, 1, ${V100_GPU_1_UUID}, 00000000:02:00.0, 900, 877, 30.76, 150.00, 53, 51, 0, 316, P0, Not Active, Not Active, Not Active
2026/07/20 00:43:03.320, 0, ${V100_GPU_0_UUID}, 00000000:01:00.0, 900, 877, 32.87, 150.00, 55, 53, 0, 316, P0, Not Active, Not Active, Not Active
2026/07/20 00:43:03.327, 1, ${V100_GPU_1_UUID}, 00000000:02:00.0, 900, 877, 30.78, 150.00, 53, 52, 0, 316, P0, Not Active, Not Active, Not Active
2026/07/20 00:43:03.475, 0, ${V100_GPU_0_UUID}, 00000000:01:00.0, 900, 877, 32.87, 150.00, 55, 54, 0, 316, P0, Not Active, Not Active, Not Active
2026/07/20 00:43:03.481, 1, ${V100_GPU_1_UUID}, 00000000:02:00.0, 900, 877, 30.78, 150.00, 53, 52, 0, 316, P0, Not Active, Not Active, Not Active
2026/07/20 00:43:03.615, 0, ${V100_GPU_0_UUID}, 00000000:01:00.0, 900, 877, 32.87, 150.00, 55, 53, 0, 316, P0, Not Active, Not Active, Not Active
2026/07/20 00:43:03.622, 1, ${V100_GPU_1_UUID}, 00000000:02:00.0, 900, 877, 30.78, 150.00, 53, 51, 0, 316, P0, Not Active, Not Active, Not Active
2026/07/20 00:43:03.756, 0, ${V100_GPU_0_UUID}, 00000000:01:00.0, 900, 877, 32.83, 150.00, 55, 54, 0, 316, P0, Not Active, Not Active, Not Active
2026/07/20 00:43:03.762, 1, ${V100_GPU_1_UUID}, 00000000:02:00.0, 900, 877, 30.76, 150.00, 53, 51, 0, 316, P0, Not Active, Not Active, Not Active
2026/07/20 00:43:03.897, 0, ${V100_GPU_0_UUID}, 00000000:01:00.0, 900, 877, 32.87, 150.00, 55, 53, 0, 316, P0, Not Active, Not Active, Not Active
2026/07/20 00:43:03.902, 1, ${V100_GPU_1_UUID}, 00000000:02:00.0, 900, 877, 30.78, 150.00, 53, 51, 0, 316, P0, Not Active, Not Active, Not Active
2026/07/20 00:43:04.035, 0, ${V100_GPU_0_UUID}, 00000000:01:00.0, 900, 877, 32.85, 150.00, 55, 53, 0, 316, P0, Not Active, Not Active, Not Active
2026/07/20 00:43:04.042, 1, ${V100_GPU_1_UUID}, 00000000:02:00.0, 900, 877, 30.78, 150.00, 53, 51, 0, 316, P0, Not Active, Not Active, Not Active
2026/07/20 00:43:04.202, 0, ${V100_GPU_0_UUID}, 00000000:01:00.0, 900, 877, 32.87, 150.00, 55, 54, 0, 316, P0, Not Active, Not Active, Not Active
2026/07/20 00:43:04.210, 1, ${V100_GPU_1_UUID}, 00000000:02:00.0, 900, 877, 30.78, 150.00, 53, 51, 0, 316, P0, Not Active, Not Active, Not Active
2026/07/20 00:43:04.375, 0, ${V100_GPU_0_UUID}, 00000000:01:00.0, 900, 877, 32.87, 150.00, 55, 53, 0, 316, P0, Not Active, Not Active, Not Active
2026/07/20 00:43:04.390, 1, ${V100_GPU_1_UUID}, 00000000:02:00.0, 900, 877, 30.80, 150.00, 53, 51, 0, 316, P0, Not Active, Not Active, Not Active
2026/07/20 00:43:04.559, 0, ${V100_GPU_0_UUID}, 00000000:01:00.0, 900, 877, 32.87, 150.00, 55, 53, 0, 316, P0, Not Active, Not Active, Not Active
2026/07/20 00:43:04.567, 1, ${V100_GPU_1_UUID}, 00000000:02:00.0, 900, 877, 30.78, 150.00, 53, 51, 0, 316, P0, Not Active, Not Active, Not Active
2026/07/20 00:43:04.733, 0, ${V100_GPU_0_UUID}, 00000000:01:00.0, 900, 877, 32.87, 150.00, 55, 53, 0, 316, P0, Not Active, Not Active, Not Active
2026/07/20 00:43:04.741, 1, ${V100_GPU_1_UUID}, 00000000:02:00.0, 900, 877, 30.78, 150.00, 53, 51, 0, 316, P0, Not Active, Not Active, Not Active
2026/07/20 00:43:04.891, 0, ${V100_GPU_0_UUID}, 00000000:01:00.0, 900, 877, 32.87, 150.00, 55, 53, 0, 316, P0, Not Active, Not Active, Not Active
2026/07/20 00:43:04.902, 1, ${V100_GPU_1_UUID}, 00000000:02:00.0, 900, 877, 30.80, 150.00, 53, 51, 0, 316, P0, Not Active, Not Active, Not Active
2026/07/20 00:43:05.070, 0, ${V100_GPU_0_UUID}, 00000000:01:00.0, 900, 877, 32.87, 150.00, 55, 54, 0, 316, P0, Not Active, Not Active, Not Active
2026/07/20 00:43:05.077, 1, ${V100_GPU_1_UUID}, 00000000:02:00.0, 900, 877, 30.78, 150.00, 53, 51, 0, 316, P0, Not Active, Not Active, Not Active
2026/07/20 00:43:05.226, 0, ${V100_GPU_0_UUID}, 00000000:01:00.0, 900, 877, 32.85, 150.00, 55, 53, 0, 316, P0, Not Active, Not Active, Not Active
2026/07/20 00:43:05.231, 1, ${V100_GPU_1_UUID}, 00000000:02:00.0, 900, 877, 30.76, 150.00, 53, 51, 0, 316, P0, Not Active, Not Active, Not Active
2026/07/20 00:43:05.364, 0, ${V100_GPU_0_UUID}, 00000000:01:00.0, 900, 877, 32.87, 150.00, 55, 53, 0, 316, P0, Not Active, Not Active, Not Active
2026/07/20 00:43:05.370, 1, ${V100_GPU_1_UUID}, 00000000:02:00.0, 900, 877, 30.78, 150.00, 53, 51, 0, 316, P0, Not Active, Not Active, Not Active
2026/07/20 00:43:05.534, 0, ${V100_GPU_0_UUID}, 00000000:01:00.0, 900, 877, 32.87, 150.00, 55, 53, 0, 316, P0, Not Active, Not Active, Not Active
2026/07/20 00:43:05.541, 1, ${V100_GPU_1_UUID}, 00000000:02:00.0, 900, 877, 30.78, 150.00, 53, 52, 0, 316, P0, Not Active, Not Active, Not Active
2026/07/20 00:43:05.704, 0, ${V100_GPU_0_UUID}, 00000000:01:00.0, 900, 877, 32.87, 150.00, 54, 53, 0, 316, P0, Not Active, Not Active, Not Active
2026/07/20 00:43:05.711, 1, ${V100_GPU_1_UUID}, 00000000:02:00.0, 900, 877, 30.78, 150.00, 53, 51, 0, 316, P0, Not Active, Not Active, Not Active
2026/07/20 00:43:05.856, 0, ${V100_GPU_0_UUID}, 00000000:01:00.0, 900, 877, 32.85, 150.00, 54, 54, 0, 316, P0, Not Active, Not Active, Not Active
2026/07/20 00:43:05.861, 1, ${V100_GPU_1_UUID}, 00000000:02:00.0, 900, 877, 30.78, 150.00, 53, 51, 0, 316, P0, Not Active, Not Active, Not Active
2026/07/20 00:43:05.994, 0, ${V100_GPU_0_UUID}, 00000000:01:00.0, 900, 877, 32.85, 150.00, 55, 53, 0, 316, P0, Not Active, Not Active, Not Active
2026/07/20 00:43:06.000, 1, ${V100_GPU_1_UUID}, 00000000:02:00.0, 900, 877, 30.76, 150.00, 53, 51, 0, 316, P0, Not Active, Not Active, Not Active
2026/07/20 00:43:06.133, 0, ${V100_GPU_0_UUID}, 00000000:01:00.0, 900, 877, 32.85, 150.00, 54, 54, 0, 316, P0, Not Active, Not Active, Not Active
2026/07/20 00:43:06.138, 1, ${V100_GPU_1_UUID}, 00000000:02:00.0, 900, 877, 30.76, 150.00, 53, 52, 0, 316, P0, Not Active, Not Active, Not Active
2026/07/20 00:43:06.272, 0, ${V100_GPU_0_UUID}, 00000000:01:00.0, 900, 877, 32.85, 150.00, 55, 53, 0, 316, P0, Not Active, Not Active, Not Active
2026/07/20 00:43:06.278, 1, ${V100_GPU_1_UUID}, 00000000:02:00.0, 900, 877, 30.78, 150.00, 53, 52, 0, 316, P0, Not Active, Not Active, Not Active
2026/07/20 00:43:06.417, 0, ${V100_GPU_0_UUID}, 00000000:01:00.0, 900, 877, 32.87, 150.00, 55, 54, 0, 316, P0, Not Active, Not Active, Not Active
2026/07/20 00:43:06.424, 1, ${V100_GPU_1_UUID}, 00000000:02:00.0, 900, 877, 30.78, 150.00, 53, 51, 0, 316, P0, Not Active, Not Active, Not Active
2026/07/20 00:43:06.564, 0, ${V100_GPU_0_UUID}, 00000000:01:00.0, 900, 877, 32.87, 150.00, 55, 53, 0, 316, P0, Not Active, Not Active, Not Active
2026/07/20 00:43:06.573, 1, ${V100_GPU_1_UUID}, 00000000:02:00.0, 900, 877, 30.78, 150.00, 53, 51, 0, 316, P0, Not Active, Not Active, Not Active
2026/07/20 00:43:06.710, 0, ${V100_GPU_0_UUID}, 00000000:01:00.0, 900, 877, 32.85, 150.00, 55, 53, 0, 316, P0, Not Active, Not Active, Not Active
2026/07/20 00:43:06.716, 1, ${V100_GPU_1_UUID}, 00000000:02:00.0, 900, 877, 30.78, 150.00, 53, 51, 0, 316, P0, Not Active, Not Active, Not Active
2026/07/20 00:43:06.879, 0, ${V100_GPU_0_UUID}, 00000000:01:00.0, 900, 877, 32.87, 150.00, 55, 54, 0, 316, P0, Not Active, Not Active, Not Active
2026/07/20 00:43:06.887, 1, ${V100_GPU_1_UUID}, 00000000:02:00.0, 900, 877, 30.78, 150.00, 53, 51, 0, 316, P0, Not Active, Not Active, Not Active
2026/07/20 00:43:07.021, 0, ${V100_GPU_0_UUID}, 00000000:01:00.0, 900, 877, 32.85, 150.00, 54, 54, 0, 316, P0, Not Active, Not Active, Not Active
2026/07/20 00:43:07.026, 1, ${V100_GPU_1_UUID}, 00000000:02:00.0, 900, 877, 30.78, 150.00, 53, 52, 0, 316, P0, Not Active, Not Active, Not Active
2026/07/20 00:43:07.164, 0, ${V100_GPU_0_UUID}, 00000000:01:00.0, 900, 877, 32.87, 150.00, 54, 53, 0, 316, P0, Not Active, Not Active, Not Active
2026/07/20 00:43:07.170, 1, ${V100_GPU_1_UUID}, 00000000:02:00.0, 900, 877, 30.78, 150.00, 53, 51, 0, 316, P0, Not Active, Not Active, Not Active
2026/07/20 00:43:07.334, 0, ${V100_GPU_0_UUID}, 00000000:01:00.0, 900, 877, 32.87, 150.00, 55, 54, 0, 316, P0, Not Active, Not Active, Not Active
2026/07/20 00:43:07.341, 1, ${V100_GPU_1_UUID}, 00000000:02:00.0, 900, 877, 30.78, 150.00, 53, 51, 0, 316, P0, Not Active, Not Active, Not Active
2026/07/20 00:43:07.489, 0, ${V100_GPU_0_UUID}, 00000000:01:00.0, 900, 877, 32.87, 150.00, 55, 54, 0, 316, P0, Not Active, Not Active, Not Active
2026/07/20 00:43:07.499, 1, ${V100_GPU_1_UUID}, 00000000:02:00.0, 900, 877, 30.78, 150.00, 53, 51, 0, 316, P0, Not Active, Not Active, Not Active
2026/07/20 00:43:07.639, 0, ${V100_GPU_0_UUID}, 00000000:01:00.0, 900, 877, 32.85, 150.00, 55, 53, 0, 316, P0, Not Active, Not Active, Not Active
2026/07/20 00:43:07.645, 1, ${V100_GPU_1_UUID}, 00000000:02:00.0, 900, 877, 30.78, 150.00, 53, 51, 0, 316, P0, Not Active, Not Active, Not Active
2026/07/20 00:43:07.810, 0, ${V100_GPU_0_UUID}, 00000000:01:00.0, 900, 877, 32.87, 150.00, 55, 53, 0, 316, P0, Not Active, Not Active, Not Active
2026/07/20 00:43:07.819, 1, ${V100_GPU_1_UUID}, 00000000:02:00.0, 900, 877, 30.78, 150.00, 53, 51, 0, 316, P0, Not Active, Not Active, Not Active
2026/07/20 00:43:07.984, 0, ${V100_GPU_0_UUID}, 00000000:01:00.0, 900, 877, 32.87, 150.00, 55, 54, 0, 316, P0, Not Active, Not Active, Not Active
2026/07/20 00:43:07.992, 1, ${V100_GPU_1_UUID}, 00000000:02:00.0, 900, 877, 30.78, 150.00, 53, 52, 0, 316, P0, Not Active, Not Active, Not Active
2026/07/20 00:43:08.131, 0, ${V100_GPU_0_UUID}, 00000000:01:00.0, 900, 877, 32.85, 150.00, 55, 54, 0, 316, P0, Not Active, Not Active, Not Active
2026/07/20 00:43:08.137, 1, ${V100_GPU_1_UUID}, 00000000:02:00.0, 900, 877, 30.76, 150.00, 53, 51, 0, 316, P0, Not Active, Not Active, Not Active
2026/07/20 00:43:08.269, 0, ${V100_GPU_0_UUID}, 00000000:01:00.0, 900, 877, 32.87, 150.00, 55, 53, 0, 316, P0, Not Active, Not Active, Not Active
2026/07/20 00:43:08.275, 1, ${V100_GPU_1_UUID}, 00000000:02:00.0, 900, 877, 30.78, 150.00, 53, 51, 0, 316, P0, Not Active, Not Active, Not Active
2026/07/20 00:43:08.433, 0, ${V100_GPU_0_UUID}, 00000000:01:00.0, 900, 877, 32.85, 150.00, 55, 54, 0, 316, P0, Not Active, Not Active, Not Active
2026/07/20 00:43:08.440, 1, ${V100_GPU_1_UUID}, 00000000:02:00.0, 900, 877, 30.76, 150.00, 53, 52, 0, 316, P0, Not Active, Not Active, Not Active
2026/07/20 00:43:08.602, 0, ${V100_GPU_0_UUID}, 00000000:01:00.0, 900, 877, 32.87, 150.00, 55, 53, 0, 316, P0, Not Active, Not Active, Not Active
2026/07/20 00:43:08.608, 1, ${V100_GPU_1_UUID}, 00000000:02:00.0, 900, 877, 30.78, 150.00, 53, 52, 0, 316, P0, Not Active, Not Active, Not Active
2026/07/20 00:43:08.774, 0, ${V100_GPU_0_UUID}, 00000000:01:00.0, 900, 877, 32.87, 150.00, 55, 53, 0, 316, P0, Not Active, Not Active, Not Active
2026/07/20 00:43:08.781, 1, ${V100_GPU_1_UUID}, 00000000:02:00.0, 900, 877, 30.78, 150.00, 53, 52, 0, 316, P0, Not Active, Not Active, Not Active
2026/07/20 00:43:08.946, 0, ${V100_GPU_0_UUID}, 00000000:01:00.0, 900, 877, 32.87, 150.00, 55, 53, 0, 316, P0, Not Active, Not Active, Not Active
2026/07/20 00:43:08.955, 1, ${V100_GPU_1_UUID}, 00000000:02:00.0, 900, 877, 30.78, 150.00, 53, 51, 0, 316, P0, Not Active, Not Active, Not Active
2026/07/20 00:43:09.103, 0, ${V100_GPU_0_UUID}, 00000000:01:00.0, 900, 877, 32.87, 150.00, 55, 53, 0, 316, P0, Not Active, Not Active, Not Active
2026/07/20 00:43:09.108, 1, ${V100_GPU_1_UUID}, 00000000:02:00.0, 900, 877, 30.78, 150.00, 53, 51, 0, 316, P0, Not Active, Not Active, Not Active
2026/07/20 00:43:09.246, 0, ${V100_GPU_0_UUID}, 00000000:01:00.0, 900, 877, 32.87, 150.00, 55, 54, 0, 316, P0, Not Active, Not Active, Not Active
2026/07/20 00:43:09.251, 1, ${V100_GPU_1_UUID}, 00000000:02:00.0, 900, 877, 30.78, 150.00, 53, 51, 0, 316, P0, Not Active, Not Active, Not Active
2026/07/20 00:43:09.415, 0, ${V100_GPU_0_UUID}, 00000000:01:00.0, 900, 877, 32.87, 150.00, 55, 53, 0, 316, P0, Not Active, Not Active, Not Active
2026/07/20 00:43:09.431, 1, ${V100_GPU_1_UUID}, 00000000:02:00.0, 900, 877, 30.78, 150.00, 53, 51, 0, 316, P0, Not Active, Not Active, Not Active
2026/07/20 00:43:09.599, 0, ${V100_GPU_0_UUID}, 00000000:01:00.0, 900, 877, 32.87, 150.00, 55, 53, 0, 316, P0, Not Active, Not Active, Not Active
2026/07/20 00:43:09.607, 1, ${V100_GPU_1_UUID}, 00000000:02:00.0, 900, 877, 30.78, 150.00, 53, 51, 0, 316, P0, Not Active, Not Active, Not Active
2026/07/20 00:43:09.744, 0, ${V100_GPU_0_UUID}, 00000000:01:00.0, 900, 877, 32.87, 150.00, 55, 53, 0, 316, P0, Not Active, Not Active, Not Active
2026/07/20 00:43:09.752, 1, ${V100_GPU_1_UUID}, 00000000:02:00.0, 900, 877, 30.78, 150.00, 53, 52, 0, 316, P0, Not Active, Not Active, Not Active
2026/07/20 00:43:09.919, 0, ${V100_GPU_0_UUID}, 00000000:01:00.0, 900, 877, 32.87, 150.00, 55, 53, 0, 316, P0, Not Active, Not Active, Not Active
2026/07/20 00:43:09.927, 1, ${V100_GPU_1_UUID}, 00000000:02:00.0, 900, 877, 30.78, 150.00, 53, 51, 0, 316, P0, Not Active, Not Active, Not Active
2026/07/20 00:43:10.098, 0, ${V100_GPU_0_UUID}, 00000000:01:00.0, 900, 877, 32.85, 150.00, 55, 53, 0, 316, P0, Not Active, Not Active, Not Active
2026/07/20 00:43:10.104, 1, ${V100_GPU_1_UUID}, 00000000:02:00.0, 900, 877, 30.78, 150.00, 53, 51, 0, 316, P0, Not Active, Not Active, Not Active
2026/07/20 00:43:10.285, 0, ${V100_GPU_0_UUID}, 00000000:01:00.0, 900, 877, 32.85, 150.00, 55, 54, 0, 316, P0, Not Active, Not Active, Not Active
2026/07/20 00:43:10.291, 1, ${V100_GPU_1_UUID}, 00000000:02:00.0, 900, 877, 30.78, 150.00, 53, 51, 0, 316, P0, Not Active, Not Active, Not Active
2026/07/20 00:43:10.425, 0, ${V100_GPU_0_UUID}, 00000000:01:00.0, 900, 877, 32.87, 150.00, 55, 53, 0, 316, P0, Not Active, Not Active, Not Active
2026/07/20 00:43:10.432, 1, ${V100_GPU_1_UUID}, 00000000:02:00.0, 900, 877, 30.78, 150.00, 53, 51, 0, 316, P0, Not Active, Not Active, Not Active
2026/07/20 00:43:10.598, 0, ${V100_GPU_0_UUID}, 00000000:01:00.0, 900, 877, 32.87, 150.00, 55, 54, 0, 316, P0, Not Active, Not Active, Not Active
2026/07/20 00:43:10.606, 1, ${V100_GPU_1_UUID}, 00000000:02:00.0, 900, 877, 30.78, 150.00, 53, 52, 0, 316, P0, Not Active, Not Active, Not Active
2026/07/20 00:43:10.773, 0, ${V100_GPU_0_UUID}, 00000000:01:00.0, 900, 877, 32.87, 150.00, 55, 53, 0, 316, P0, Not Active, Not Active, Not Active
2026/07/20 00:43:10.781, 1, ${V100_GPU_1_UUID}, 00000000:02:00.0, 900, 877, 30.78, 150.00, 53, 52, 0, 316, P0, Not Active, Not Active, Not Active
2026/07/20 00:43:10.948, 0, ${V100_GPU_0_UUID}, 00000000:01:00.0, 900, 877, 32.87, 150.00, 55, 54, 0, 316, P0, Not Active, Not Active, Not Active
2026/07/20 00:43:10.954, 1, ${V100_GPU_1_UUID}, 00000000:02:00.0, 900, 877, 30.80, 150.00, 53, 51, 0, 316, P0, Not Active, Not Active, Not Active
2026/07/20 00:43:11.091, 0, ${V100_GPU_0_UUID}, 00000000:01:00.0, 900, 877, 32.87, 150.00, 55, 53, 0, 316, P0, Not Active, Not Active, Not Active
2026/07/20 00:43:11.096, 1, ${V100_GPU_1_UUID}, 00000000:02:00.0, 900, 877, 30.78, 150.00, 53, 52, 0, 316, P0, Not Active, Not Active, Not Active
2026/07/20 00:43:11.260, 0, ${V100_GPU_0_UUID}, 00000000:01:00.0, 900, 877, 32.87, 150.00, 55, 54, 0, 316, P0, Not Active, Not Active, Not Active
2026/07/20 00:43:11.319, 1, ${V100_GPU_1_UUID}, 00000000:02:00.0, 900, 877, 30.78, 150.00, 53, 52, 0, 316, P0, Not Active, Not Active, Not Active
2026/07/20 00:43:11.505, 0, ${V100_GPU_0_UUID}, 00000000:01:00.0, 900, 877, 32.87, 150.00, 55, 54, 0, 316, P0, Not Active, Not Active, Not Active
2026/07/20 00:43:11.514, 1, ${V100_GPU_1_UUID}, 00000000:02:00.0, 900, 877, 30.78, 150.00, 53, 51, 0, 316, P0, Not Active, Not Active, Not Active
2026/07/20 00:43:11.663, 0, ${V100_GPU_0_UUID}, 00000000:01:00.0, 900, 877, 32.87, 150.00, 54, 53, 0, 316, P0, Not Active, Not Active, Not Active
2026/07/20 00:43:11.675, 1, ${V100_GPU_1_UUID}, 00000000:02:00.0, 900, 877, 30.78, 150.00, 53, 51, 0, 316, P0, Not Active, Not Active, Not Active
2026/07/20 00:43:11.842, 0, ${V100_GPU_0_UUID}, 00000000:01:00.0, 900, 877, 32.87, 150.00, 55, 53, 0, 316, P0, Not Active, Not Active, Not Active
2026/07/20 00:43:11.850, 1, ${V100_GPU_1_UUID}, 00000000:02:00.0, 900, 877, 30.78, 150.00, 53, 52, 0, 316, P0, Not Active, Not Active, Not Active
2026/07/20 00:43:12.012, 0, ${V100_GPU_0_UUID}, 00000000:01:00.0, 900, 877, 32.87, 150.00, 55, 53, 0, 316, P0, Not Active, Not Active, Not Active
2026/07/20 00:43:12.019, 1, ${V100_GPU_1_UUID}, 00000000:02:00.0, 900, 877, 30.78, 150.00, 53, 51, 0, 316, P0, Not Active, Not Active, Not Active
2026/07/20 00:43:12.181, 0, ${V100_GPU_0_UUID}, 00000000:01:00.0, 900, 877, 32.87, 150.00, 55, 54, 0, 316, P0, Not Active, Not Active, Not Active
2026/07/20 00:43:12.188, 1, ${V100_GPU_1_UUID}, 00000000:02:00.0, 900, 877, 30.78, 150.00, 53, 52, 0, 316, P0, Not Active, Not Active, Not Active
2026/07/20 00:43:12.344, 0, ${V100_GPU_0_UUID}, 00000000:01:00.0, 900, 877, 32.85, 150.00, 55, 53, 0, 316, P0, Not Active, Not Active, Not Active
2026/07/20 00:43:12.350, 1, ${V100_GPU_1_UUID}, 00000000:02:00.0, 900, 877, 30.76, 150.00, 53, 52, 0, 316, P0, Not Active, Not Active, Not Active
2026/07/20 00:43:12.484, 0, ${V100_GPU_0_UUID}, 00000000:01:00.0, 900, 877, 32.85, 150.00, 55, 53, 0, 316, P0, Not Active, Not Active, Not Active
2026/07/20 00:43:12.489, 1, ${V100_GPU_1_UUID}, 00000000:02:00.0, 900, 877, 30.76, 150.00, 53, 51, 0, 316, P0, Not Active, Not Active, Not Active
2026/07/20 00:43:12.629, 0, ${V100_GPU_0_UUID}, 00000000:01:00.0, 900, 877, 32.85, 150.00, 55, 53, 0, 316, P0, Not Active, Not Active, Not Active
2026/07/20 00:43:12.636, 1, ${V100_GPU_1_UUID}, 00000000:02:00.0, 900, 877, 30.78, 150.00, 53, 51, 0, 316, P0, Not Active, Not Active, Not Active
2026/07/20 00:43:12.773, 0, ${V100_GPU_0_UUID}, 00000000:01:00.0, 900, 877, 32.87, 150.00, 55, 54, 0, 316, P0, Not Active, Not Active, Not Active
2026/07/20 00:43:12.779, 1, ${V100_GPU_1_UUID}, 00000000:02:00.0, 900, 877, 30.78, 150.00, 53, 51, 0, 316, P0, Not Active, Not Active, Not Active
2026/07/20 00:43:12.913, 0, ${V100_GPU_0_UUID}, 00000000:01:00.0, 900, 877, 32.87, 150.00, 55, 53, 0, 316, P0, Not Active, Not Active, Not Active
2026/07/20 00:43:12.919, 1, ${V100_GPU_1_UUID}, 00000000:02:00.0, 900, 877, 30.78, 150.00, 53, 51, 0, 316, P0, Not Active, Not Active, Not Active
2026/07/20 00:43:13.052, 0, ${V100_GPU_0_UUID}, 00000000:01:00.0, 900, 877, 32.87, 150.00, 55, 53, 0, 316, P0, Not Active, Not Active, Not Active
2026/07/20 00:43:13.058, 1, ${V100_GPU_1_UUID}, 00000000:02:00.0, 900, 877, 30.78, 150.00, 53, 51, 0, 316, P0, Not Active, Not Active, Not Active
2026/07/20 00:43:14.510, 0, ${V100_GPU_0_UUID}, 00000000:01:00.0, 900, 877, 32.87, 150.00, 55, 53, 0, 316, P0, Not Active, Not Active, Not Active
2026/07/20 00:43:14.529, 1, ${V100_GPU_1_UUID}, 00000000:02:00.0, 900, 877, 30.78, 150.00, 53, 51, 0, 316, P0, Not Active, Not Active, Not Active
2026/07/20 00:43:15.014, 0, ${V100_GPU_0_UUID}, 00000000:01:00.0, 900, 877, 32.87, 150.00, 55, 53, 0, 316, P0, Not Active, Not Active, Not Active
2026/07/20 00:43:15.020, 1, ${V100_GPU_1_UUID}, 00000000:02:00.0, 900, 877, 30.78, 150.00, 53, 51, 0, 316, P0, Not Active, Not Active, Not Active
2026/07/20 00:43:15.170, 0, ${V100_GPU_0_UUID}, 00000000:01:00.0, 900, 877, 32.85, 150.00, 55, 53, 0, 316, P0, Not Active, Not Active, Not Active
2026/07/20 00:43:15.177, 1, ${V100_GPU_1_UUID}, 00000000:02:00.0, 900, 877, 30.76, 150.00, 53, 52, 0, 316, P0, Not Active, Not Active, Not Active
2026/07/20 00:43:15.330, 0, ${V100_GPU_0_UUID}, 00000000:01:00.0, 900, 877, 32.87, 150.00, 55, 54, 0, 316, P0, Not Active, Not Active, Not Active
2026/07/20 00:43:15.341, 1, ${V100_GPU_1_UUID}, 00000000:02:00.0, 900, 877, 30.78, 150.00, 53, 51, 0, 316, P0, Not Active, Not Active, Not Active
2026/07/20 00:43:15.501, 0, ${V100_GPU_0_UUID}, 00000000:01:00.0, 900, 877, 32.87, 150.00, 55, 53, 0, 316, P0, Not Active, Not Active, Not Active
2026/07/20 00:43:15.507, 1, ${V100_GPU_1_UUID}, 00000000:02:00.0, 900, 877, 30.78, 150.00, 53, 51, 0, 316, P0, Not Active, Not Active, Not Active
2026/07/20 00:43:15.671, 0, ${V100_GPU_0_UUID}, 00000000:01:00.0, 900, 877, 32.87, 150.00, 55, 53, 0, 316, P0, Not Active, Not Active, Not Active
2026/07/20 00:43:15.678, 1, ${V100_GPU_1_UUID}, 00000000:02:00.0, 900, 877, 30.78, 150.00, 53, 51, 0, 316, P0, Not Active, Not Active, Not Active
2026/07/20 00:43:15.844, 0, ${V100_GPU_0_UUID}, 00000000:01:00.0, 900, 877, 32.87, 150.00, 55, 54, 0, 316, P0, Not Active, Not Active, Not Active
2026/07/20 00:43:15.852, 1, ${V100_GPU_1_UUID}, 00000000:02:00.0, 900, 877, 30.78, 150.00, 53, 51, 0, 316, P0, Not Active, Not Active, Not Active
2026/07/20 00:43:16.005, 0, ${V100_GPU_0_UUID}, 00000000:01:00.0, 900, 877, 32.87, 150.00, 55, 53, 0, 316, P0, Not Active, Not Active, Not Active
2026/07/20 00:43:16.010, 1, ${V100_GPU_1_UUID}, 00000000:02:00.0, 900, 877, 30.78, 150.00, 53, 51, 0, 316, P0, Not Active, Not Active, Not Active
2026/07/20 00:43:16.143, 0, ${V100_GPU_0_UUID}, 00000000:01:00.0, 900, 877, 32.87, 150.00, 55, 54, 0, 316, P0, Not Active, Not Active, Not Active
2026/07/20 00:43:16.150, 1, ${V100_GPU_1_UUID}, 00000000:02:00.0, 900, 877, 30.78, 150.00, 53, 51, 0, 316, P0, Not Active, Not Active, Not Active
2026/07/20 00:43:16.289, 0, ${V100_GPU_0_UUID}, 00000000:01:00.0, 900, 877, 32.87, 150.00, 55, 54, 0, 316, P0, Not Active, Not Active, Not Active
2026/07/20 00:43:16.294, 1, ${V100_GPU_1_UUID}, 00000000:02:00.0, 900, 877, 30.78, 150.00, 53, 51, 0, 316, P0, Not Active, Not Active, Not Active
2026/07/20 00:43:16.624, 0, ${V100_GPU_0_UUID}, 00000000:01:00.0, 900, 877, 32.87, 150.00, 55, 53, 0, 316, P0, Not Active, Not Active, Not Active
2026/07/20 00:43:16.631, 1, ${V100_GPU_1_UUID}, 00000000:02:00.0, 900, 877, 30.78, 150.00, 53, 51, 0, 316, P0, Not Active, Not Active, Not Active
2026/07/20 00:43:16.798, 0, ${V100_GPU_0_UUID}, 00000000:01:00.0, 900, 877, 32.87, 150.00, 55, 53, 0, 316, P0, Not Active, Not Active, Not Active
2026/07/20 00:43:16.805, 1, ${V100_GPU_1_UUID}, 00000000:02:00.0, 900, 877, 30.78, 150.00, 53, 51, 0, 316, P0, Not Active, Not Active, Not Active
2026/07/20 00:43:16.946, 0, ${V100_GPU_0_UUID}, 00000000:01:00.0, 900, 877, 32.87, 150.00, 55, 53, 0, 316, P0, Not Active, Not Active, Not Active
2026/07/20 00:43:16.951, 1, ${V100_GPU_1_UUID}, 00000000:02:00.0, 900, 877, 30.78, 150.00, 53, 51, 0, 316, P0, Not Active, Not Active, Not Active
2026/07/20 00:43:17.099, 0, ${V100_GPU_0_UUID}, 00000000:01:00.0, 900, 877, 32.85, 150.00, 55, 53, 0, 316, P0, Not Active, Not Active, Not Active
2026/07/20 00:43:17.105, 1, ${V100_GPU_1_UUID}, 00000000:02:00.0, 900, 877, 30.76, 150.00, 53, 51, 0, 316, P0, Not Active, Not Active, Not Active
2026/07/20 00:43:17.268, 0, ${V100_GPU_0_UUID}, 00000000:01:00.0, 900, 877, 32.87, 150.00, 55, 54, 0, 316, P0, Not Active, Not Active, Not Active
2026/07/20 00:43:17.275, 1, ${V100_GPU_1_UUID}, 00000000:02:00.0, 900, 877, 30.78, 150.00, 53, 51, 0, 316, P0, Not Active, Not Active, Not Active
2026/07/20 00:43:17.434, 0, ${V100_GPU_0_UUID}, 00000000:01:00.0, 900, 877, 32.87, 150.00, 55, 53, 0, 316, P0, Not Active, Not Active, Not Active
2026/07/20 00:43:17.441, 1, ${V100_GPU_1_UUID}, 00000000:02:00.0, 900, 877, 30.78, 150.00, 53, 51, 0, 316, P0, Not Active, Not Active, Not Active
2026/07/20 00:43:17.595, 0, ${V100_GPU_0_UUID}, 00000000:01:00.0, 900, 877, 32.85, 150.00, 55, 53, 0, 316, P0, Not Active, Not Active, Not Active
2026/07/20 00:43:17.602, 1, ${V100_GPU_1_UUID}, 00000000:02:00.0, 900, 877, 30.76, 150.00, 53, 51, 0, 316, P0, Not Active, Not Active, Not Active
2026/07/20 00:43:17.757, 0, ${V100_GPU_0_UUID}, 00000000:01:00.0, 900, 877, 32.85, 150.00, 55, 54, 0, 316, P0, Not Active, Not Active, Not Active
2026/07/20 00:43:17.762, 1, ${V100_GPU_1_UUID}, 00000000:02:00.0, 900, 877, 30.76, 150.00, 53, 51, 0, 316, P0, Not Active, Not Active, Not Active
2026/07/20 00:43:17.899, 0, ${V100_GPU_0_UUID}, 00000000:01:00.0, 900, 877, 32.85, 150.00, 55, 53, 0, 316, P0, Not Active, Not Active, Not Active
2026/07/20 00:43:17.905, 1, ${V100_GPU_1_UUID}, 00000000:02:00.0, 900, 877, 30.76, 150.00, 53, 51, 0, 316, P0, Not Active, Not Active, Not Active
2026/07/20 00:43:18.041, 0, ${V100_GPU_0_UUID}, 00000000:01:00.0, 900, 877, 32.87, 150.00, 55, 53, 0, 316, P0, Not Active, Not Active, Not Active
2026/07/20 00:43:18.048, 1, ${V100_GPU_1_UUID}, 00000000:02:00.0, 900, 877, 30.78, 150.00, 53, 51, 0, 316, P0, Not Active, Not Active, Not Active
2026/07/20 00:43:18.209, 0, ${V100_GPU_0_UUID}, 00000000:01:00.0, 900, 877, 32.87, 150.00, 55, 53, 0, 316, P0, Not Active, Not Active, Not Active
2026/07/20 00:43:18.216, 1, ${V100_GPU_1_UUID}, 00000000:02:00.0, 900, 877, 30.78, 150.00, 53, 51, 0, 316, P0, Not Active, Not Active, Not Active
2026/07/20 00:43:18.374, 0, ${V100_GPU_0_UUID}, 00000000:01:00.0, 900, 877, 32.85, 150.00, 55, 53, 0, 316, P0, Not Active, Not Active, Not Active
2026/07/20 00:43:18.380, 1, ${V100_GPU_1_UUID}, 00000000:02:00.0, 900, 877, 30.78, 150.00, 53, 51, 0, 316, P0, Not Active, Not Active, Not Active
2026/07/20 00:43:18.538, 0, ${V100_GPU_0_UUID}, 00000000:01:00.0, 900, 877, 32.87, 150.00, 55, 53, 0, 316, P0, Not Active, Not Active, Not Active
2026/07/20 00:43:18.545, 1, ${V100_GPU_1_UUID}, 00000000:02:00.0, 900, 877, 30.78, 150.00, 53, 51, 0, 316, P0, Not Active, Not Active, Not Active
2026/07/20 00:43:18.719, 0, ${V100_GPU_0_UUID}, 00000000:01:00.0, 900, 877, 32.87, 150.00, 55, 53, 0, 316, P0, Not Active, Not Active, Not Active
2026/07/20 00:43:18.725, 1, ${V100_GPU_1_UUID}, 00000000:02:00.0, 900, 877, 30.78, 150.00, 53, 51, 0, 316, P0, Not Active, Not Active, Not Active
2026/07/20 00:43:18.886, 0, ${V100_GPU_0_UUID}, 00000000:01:00.0, 900, 877, 32.87, 150.00, 55, 53, 0, 316, P0, Not Active, Not Active, Not Active
2026/07/20 00:43:18.894, 1, ${V100_GPU_1_UUID}, 00000000:02:00.0, 900, 877, 30.78, 150.00, 53, 51, 0, 316, P0, Not Active, Not Active, Not Active
2026/07/20 00:43:19.055, 0, ${V100_GPU_0_UUID}, 00000000:01:00.0, 900, 877, 32.87, 150.00, 55, 53, 0, 316, P0, Not Active, Not Active, Not Active
2026/07/20 00:43:19.062, 1, ${V100_GPU_1_UUID}, 00000000:02:00.0, 900, 877, 30.78, 150.00, 53, 51, 0, 316, P0, Not Active, Not Active, Not Active
2026/07/20 00:43:19.225, 0, ${V100_GPU_0_UUID}, 00000000:01:00.0, 900, 877, 32.87, 150.00, 55, 53, 0, 316, P0, Not Active, Not Active, Not Active
2026/07/20 00:43:19.233, 1, ${V100_GPU_1_UUID}, 00000000:02:00.0, 900, 877, 30.78, 150.00, 53, 51, 0, 316, P0, Not Active, Not Active, Not Active
2026/07/20 00:43:19.397, 0, ${V100_GPU_0_UUID}, 00000000:01:00.0, 900, 877, 32.87, 150.00, 55, 54, 0, 316, P0, Not Active, Not Active, Not Active
2026/07/20 00:43:19.404, 1, ${V100_GPU_1_UUID}, 00000000:02:00.0, 900, 877, 30.78, 150.00, 53, 51, 0, 316, P0, Not Active, Not Active, Not Active
2026/07/20 00:43:19.567, 0, ${V100_GPU_0_UUID}, 00000000:01:00.0, 900, 877, 32.87, 150.00, 55, 53, 0, 316, P0, Not Active, Not Active, Not Active
2026/07/20 00:43:19.574, 1, ${V100_GPU_1_UUID}, 00000000:02:00.0, 900, 877, 30.78, 150.00, 53, 51, 0, 316, P0, Not Active, Not Active, Not Active
2026/07/20 00:43:19.737, 0, ${V100_GPU_0_UUID}, 00000000:01:00.0, 900, 877, 32.87, 150.00, 55, 53, 0, 316, P0, Not Active, Not Active, Not Active
2026/07/20 00:43:19.745, 1, ${V100_GPU_1_UUID}, 00000000:02:00.0, 900, 877, 30.78, 150.00, 53, 51, 0, 316, P0, Not Active, Not Active, Not Active
2026/07/20 00:43:19.897, 0, ${V100_GPU_0_UUID}, 00000000:01:00.0, 900, 877, 32.87, 150.00, 55, 54, 0, 316, P0, Not Active, Not Active, Not Active
2026/07/20 00:43:19.914, 1, ${V100_GPU_1_UUID}, 00000000:02:00.0, 900, 877, 30.78, 150.00, 53, 51, 0, 316, P0, Not Active, Not Active, Not Active
2026/07/20 00:43:20.082, 0, ${V100_GPU_0_UUID}, 00000000:01:00.0, 900, 877, 32.87, 150.00, 55, 54, 0, 316, P0, Not Active, Not Active, Not Active
2026/07/20 00:43:20.089, 1, ${V100_GPU_1_UUID}, 00000000:02:00.0, 900, 877, 30.78, 150.00, 53, 51, 0, 316, P0, Not Active, Not Active, Not Active
2026/07/20 00:43:20.252, 0, ${V100_GPU_0_UUID}, 00000000:01:00.0, 900, 877, 32.87, 150.00, 55, 53, 0, 316, P0, Not Active, Not Active, Not Active
2026/07/20 00:43:20.260, 1, ${V100_GPU_1_UUID}, 00000000:02:00.0, 900, 877, 30.78, 150.00, 53, 51, 0, 316, P0, Not Active, Not Active, Not Active
2026/07/20 00:43:20.411, 0, ${V100_GPU_0_UUID}, 00000000:01:00.0, 900, 877, 32.85, 150.00, 55, 53, 0, 316, P0, Not Active, Not Active, Not Active
2026/07/20 00:43:20.417, 1, ${V100_GPU_1_UUID}, 00000000:02:00.0, 900, 877, 30.78, 150.00, 53, 51, 0, 316, P0, Not Active, Not Active, Not Active
2026/07/20 00:43:20.570, 0, ${V100_GPU_0_UUID}, 00000000:01:00.0, 900, 877, 32.87, 150.00, 55, 54, 1, 8432, P0, Not Active, Not Active, Not Active
2026/07/20 00:43:20.576, 1, ${V100_GPU_1_UUID}, 00000000:02:00.0, 900, 877, 30.78, 150.00, 53, 51, 0, 8674, P0, Not Active, Not Active, Not Active
2026/07/20 00:43:20.737, 0, ${V100_GPU_0_UUID}, 00000000:01:00.0, 900, 877, 32.87, 150.00, 55, 53, 4, 8432, P0, Not Active, Not Active, Not Active
2026/07/20 00:43:20.744, 1, ${V100_GPU_1_UUID}, 00000000:02:00.0, 900, 877, 30.78, 150.00, 53, 51, 0, 8674, P0, Not Active, Not Active, Not Active
2026/07/20 00:43:20.902, 0, ${V100_GPU_0_UUID}, 00000000:01:00.0, 900, 877, 32.87, 150.00, 55, 53, 4, 8432, P0, Not Active, Not Active, Not Active
2026/07/20 00:43:20.908, 1, ${V100_GPU_1_UUID}, 00000000:02:00.0, 900, 877, 30.78, 150.00, 53, 51, 0, 8674, P0, Not Active, Not Active, Not Active
2026/07/20 00:43:21.071, 0, ${V100_GPU_0_UUID}, 00000000:01:00.0, 900, 877, 32.87, 150.00, 55, 54, 4, 8432, P0, Not Active, Not Active, Not Active
2026/07/20 00:43:21.077, 1, ${V100_GPU_1_UUID}, 00000000:02:00.0, 900, 877, 30.78, 150.00, 53, 51, 0, 8674, P0, Not Active, Not Active, Not Active
2026/07/20 00:43:21.238, 0, ${V100_GPU_0_UUID}, 00000000:01:00.0, 900, 877, 32.87, 150.00, 55, 54, 5, 8432, P0, Not Active, Not Active, Not Active
2026/07/20 00:43:21.245, 1, ${V100_GPU_1_UUID}, 00000000:02:00.0, 900, 877, 30.78, 150.00, 53, 51, 0, 8674, P0, Not Active, Not Active, Not Active
2026/07/20 00:43:21.402, 0, ${V100_GPU_0_UUID}, 00000000:01:00.0, 900, 877, 32.87, 150.00, 55, 53, 5, 8432, P0, Not Active, Not Active, Not Active
2026/07/20 00:43:21.408, 1, ${V100_GPU_1_UUID}, 00000000:02:00.0, 900, 877, 30.78, 150.00, 53, 51, 0, 8674, P0, Not Active, Not Active, Not Active
2026/07/20 00:43:21.570, 0, ${V100_GPU_0_UUID}, 00000000:01:00.0, 900, 877, 32.87, 150.00, 55, 53, 5, 8432, P0, Not Active, Not Active, Not Active
2026/07/20 00:43:21.585, 1, ${V100_GPU_1_UUID}, 00000000:02:00.0, 900, 877, 30.78, 150.00, 53, 51, 0, 8674, P0, Not Active, Not Active, Not Active
2026/07/20 00:43:21.744, 0, ${V100_GPU_0_UUID}, 00000000:01:00.0, 900, 877, 33.85, 150.00, 55, 54, 7, 8432, P0, Not Active, Not Active, Not Active
2026/07/20 00:43:21.750, 1, ${V100_GPU_1_UUID}, 00000000:02:00.0, 900, 877, 30.80, 150.00, 53, 51, 0, 8674, P0, Not Active, Not Active, Not Active
2026/07/20 00:43:21.882, 0, ${V100_GPU_0_UUID}, 00000000:01:00.0, 900, 877, 33.35, 150.00, 55, 53, 23, 8432, P0, Not Active, Not Active, Not Active
2026/07/20 00:43:21.888, 1, ${V100_GPU_1_UUID}, 00000000:02:00.0, 900, 877, 30.78, 150.00, 53, 51, 0, 8674, P0, Not Active, Not Active, Not Active
2026/07/20 00:43:22.022, 0, ${V100_GPU_0_UUID}, 00000000:01:00.0, 900, 877, 33.35, 150.00, 55, 53, 23, 8432, P0, Not Active, Not Active, Not Active
2026/07/20 00:43:22.028, 1, ${V100_GPU_1_UUID}, 00000000:02:00.0, 900, 877, 30.80, 150.00, 53, 51, 0, 8674, P0, Not Active, Not Active, Not Active
2026/07/20 00:43:22.162, 0, ${V100_GPU_0_UUID}, 00000000:01:00.0, 900, 877, 33.85, 150.00, 55, 54, 53, 8432, P0, Not Active, Not Active, Not Active
2026/07/20 00:43:22.168, 1, ${V100_GPU_1_UUID}, 00000000:02:00.0, 900, 877, 30.80, 150.00, 53, 51, 0, 8674, P0, Not Active, Not Active, Not Active
2026/07/20 00:43:22.317, 0, ${V100_GPU_0_UUID}, 00000000:01:00.0, 900, 877, 33.37, 150.00, 55, 54, 53, 8432, P0, Not Active, Not Active, Not Active
2026/07/20 00:43:22.323, 1, ${V100_GPU_1_UUID}, 00000000:02:00.0, 900, 877, 30.80, 150.00, 53, 51, 0, 8674, P0, Not Active, Not Active, Not Active
2026/07/20 00:43:22.458, 0, ${V100_GPU_0_UUID}, 00000000:01:00.0, 900, 877, 33.37, 150.00, 55, 53, 61, 8432, P0, Not Active, Not Active, Not Active
2026/07/20 00:43:22.464, 1, ${V100_GPU_1_UUID}, 00000000:02:00.0, 900, 877, 30.80, 150.00, 53, 51, 0, 8674, P0, Not Active, Not Active, Not Active
2026/07/20 00:43:22.601, 0, ${V100_GPU_0_UUID}, 00000000:01:00.0, 900, 877, 33.37, 150.00, 55, 54, 54, 8432, P0, Not Active, Not Active, Not Active
2026/07/20 00:43:22.619, 1, ${V100_GPU_1_UUID}, 00000000:02:00.0, 900, 877, 30.80, 150.00, 53, 51, 0, 8674, P0, Not Active, Not Active, Not Active
2026/07/20 00:43:22.761, 0, ${V100_GPU_0_UUID}, 00000000:01:00.0, 900, 877, 32.85, 150.00, 55, 54, 29, 8432, P0, Not Active, Not Active, Not Active
2026/07/20 00:43:22.766, 1, ${V100_GPU_1_UUID}, 00000000:02:00.0, 900, 877, 30.76, 150.00, 53, 51, 0, 8674, P0, Not Active, Not Active, Not Active
2026/07/20 00:43:22.903, 0, ${V100_GPU_0_UUID}, 00000000:01:00.0, 900, 877, 32.83, 150.00, 55, 53, 4, 8432, P0, Not Active, Not Active, Not Active
2026/07/20 00:43:22.909, 1, ${V100_GPU_1_UUID}, 00000000:02:00.0, 900, 877, 30.74, 150.00, 53, 51, 0, 8674, P0, Not Active, Not Active, Not Active
2026/07/20 00:43:23.047, 0, ${V100_GPU_0_UUID}, 00000000:01:00.0, 900, 877, 33.33, 150.00, 55, 54, 23, 8432, P0, Not Active, Not Active, Not Active
2026/07/20 00:43:23.055, 1, ${V100_GPU_1_UUID}, 00000000:02:00.0, 900, 877, 30.76, 150.00, 53, 51, 0, 8674, P0, Not Active, Not Active, Not Active
2026/07/20 00:43:23.188, 0, ${V100_GPU_0_UUID}, 00000000:01:00.0, 900, 877, 32.87, 150.00, 55, 54, 23, 8432, P0, Not Active, Not Active, Not Active
2026/07/20 00:43:23.195, 1, ${V100_GPU_1_UUID}, 00000000:02:00.0, 900, 877, 30.78, 150.00, 53, 51, 0, 8674, P0, Not Active, Not Active, Not Active
2026/07/20 00:43:23.329, 0, ${V100_GPU_0_UUID}, 00000000:01:00.0, 900, 877, 32.85, 150.00, 55, 53, 23, 8432, P0, Not Active, Not Active, Not Active
2026/07/20 00:43:23.335, 1, ${V100_GPU_1_UUID}, 00000000:02:00.0, 900, 877, 30.76, 150.00, 53, 51, 0, 8674, P0, Not Active, Not Active, Not Active
2026/07/20 00:43:23.468, 0, ${V100_GPU_0_UUID}, 00000000:01:00.0, 900, 877, 32.85, 150.00, 55, 54, 2, 8432, P0, Not Active, Not Active, Not Active
2026/07/20 00:43:23.475, 1, ${V100_GPU_1_UUID}, 00000000:02:00.0, 900, 877, 30.78, 150.00, 53, 52, 0, 8674, P0, Not Active, Not Active, Not Active
2026/07/20 00:43:23.640, 0, ${V100_GPU_0_UUID}, 00000000:01:00.0, 900, 877, 32.87, 150.00, 55, 54, 5, 8432, P0, Not Active, Not Active, Not Active
2026/07/20 00:43:23.647, 1, ${V100_GPU_1_UUID}, 00000000:02:00.0, 900, 877, 30.80, 150.00, 53, 51, 0, 8674, P0, Not Active, Not Active, Not Active
2026/07/20 00:43:23.783, 0, ${V100_GPU_0_UUID}, 00000000:01:00.0, 900, 877, 32.87, 150.00, 55, 53, 5, 8432, P0, Not Active, Not Active, Not Active
2026/07/20 00:43:23.788, 1, ${V100_GPU_1_UUID}, 00000000:02:00.0, 900, 877, 30.78, 150.00, 53, 51, 0, 8674, P0, Not Active, Not Active, Not Active
2026/07/20 00:43:23.948, 0, ${V100_GPU_0_UUID}, 00000000:01:00.0, 900, 877, 32.87, 150.00, 55, 53, 5, 8432, P0, Not Active, Not Active, Not Active
2026/07/20 00:43:23.955, 1, ${V100_GPU_1_UUID}, 00000000:02:00.0, 900, 877, 30.78, 150.00, 53, 51, 0, 8674, P0, Not Active, Not Active, Not Active
2026/07/20 00:43:24.118, 0, ${V100_GPU_0_UUID}, 00000000:01:00.0, 900, 877, 32.87, 150.00, 55, 54, 5, 8432, P0, Not Active, Not Active, Not Active
2026/07/20 00:43:24.137, 1, ${V100_GPU_1_UUID}, 00000000:02:00.0, 900, 877, 30.80, 150.00, 53, 52, 0, 8674, P0, Not Active, Not Active, Not Active
2026/07/20 00:43:24.281, 0, ${V100_GPU_0_UUID}, 00000000:01:00.0, 900, 877, 32.85, 150.00, 55, 53, 5, 8432, P0, Not Active, Not Active, Not Active
2026/07/20 00:43:24.286, 1, ${V100_GPU_1_UUID}, 00000000:02:00.0, 900, 877, 30.78, 150.00, 53, 52, 0, 8674, P0, Not Active, Not Active, Not Active
2026/07/20 00:43:24.445, 0, ${V100_GPU_0_UUID}, 00000000:01:00.0, 900, 877, 32.85, 150.00, 55, 54, 4, 8432, P0, Not Active, Not Active, Not Active
2026/07/20 00:43:24.451, 1, ${V100_GPU_1_UUID}, 00000000:02:00.0, 900, 877, 30.76, 150.00, 53, 51, 0, 8674, P0, Not Active, Not Active, Not Active
2026/07/20 00:43:24.590, 0, ${V100_GPU_0_UUID}, 00000000:01:00.0, 900, 877, 32.87, 150.00, 55, 53, 4, 8432, P0, Not Active, Not Active, Not Active
2026/07/20 00:43:24.599, 1, ${V100_GPU_1_UUID}, 00000000:02:00.0, 900, 877, 30.78, 150.00, 53, 51, 0, 8674, P0, Not Active, Not Active, Not Active
2026/07/20 00:43:24.756, 0, ${V100_GPU_0_UUID}, 00000000:01:00.0, 900, 877, 32.87, 150.00, 55, 54, 5, 8432, P0, Not Active, Not Active, Not Active
2026/07/20 00:43:24.762, 1, ${V100_GPU_1_UUID}, 00000000:02:00.0, 900, 877, 30.78, 150.00, 53, 52, 0, 8674, P0, Not Active, Not Active, Not Active
2026/07/20 00:43:24.925, 0, ${V100_GPU_0_UUID}, 00000000:01:00.0, 900, 877, 32.87, 150.00, 55, 53, 5, 8432, P0, Not Active, Not Active, Not Active
2026/07/20 00:43:24.934, 1, ${V100_GPU_1_UUID}, 00000000:02:00.0, 900, 877, 30.80, 150.00, 53, 51, 0, 8674, P0, Not Active, Not Active, Not Active
2026/07/20 00:43:25.069, 0, ${V100_GPU_0_UUID}, 00000000:01:00.0, 900, 877, 32.85, 150.00, 55, 53, 5, 8432, P0, Not Active, Not Active, Not Active
2026/07/20 00:43:25.075, 1, ${V100_GPU_1_UUID}, 00000000:02:00.0, 900, 877, 30.78, 150.00, 53, 51, 0, 8674, P0, Not Active, Not Active, Not Active
2026/07/20 00:43:25.239, 0, ${V100_GPU_0_UUID}, 00000000:01:00.0, 900, 877, 32.87, 150.00, 55, 54, 5, 8432, P0, Not Active, Not Active, Not Active
2026/07/20 00:43:25.246, 1, ${V100_GPU_1_UUID}, 00000000:02:00.0, 900, 877, 30.78, 150.00, 53, 52, 0, 8674, P0, Not Active, Not Active, Not Active
2026/07/20 00:43:25.380, 0, ${V100_GPU_0_UUID}, 00000000:01:00.0, 900, 877, 32.87, 150.00, 54, 54, 5, 8432, P0, Not Active, Not Active, Not Active
2026/07/20 00:43:25.386, 1, ${V100_GPU_1_UUID}, 00000000:02:00.0, 900, 877, 30.78, 150.00, 53, 51, 0, 8674, P0, Not Active, Not Active, Not Active
2026/07/20 00:43:25.531, 0, ${V100_GPU_0_UUID}, 00000000:01:00.0, 900, 877, 32.85, 150.00, 55, 54, 5, 8432, P0, Not Active, Not Active, Not Active
2026/07/20 00:43:25.537, 1, ${V100_GPU_1_UUID}, 00000000:02:00.0, 900, 877, 30.78, 150.00, 53, 51, 0, 8674, P0, Not Active, Not Active, Not Active
2026/07/20 00:43:25.680, 0, ${V100_GPU_0_UUID}, 00000000:01:00.0, 900, 877, 32.87, 150.00, 55, 54, 4, 8432, P0, Not Active, Not Active, Not Active
2026/07/20 00:43:25.690, 1, ${V100_GPU_1_UUID}, 00000000:02:00.0, 900, 877, 30.78, 150.00, 53, 52, 0, 8674, P0, Not Active, Not Active, Not Active
2026/07/20 00:43:25.828, 0, ${V100_GPU_0_UUID}, 00000000:01:00.0, 900, 877, 32.85, 150.00, 55, 54, 4, 8432, P0, Not Active, Not Active, Not Active
2026/07/20 00:43:25.834, 1, ${V100_GPU_1_UUID}, 00000000:02:00.0, 900, 877, 30.76, 150.00, 53, 51, 0, 8674, P0, Not Active, Not Active, Not Active
2026/07/20 00:43:25.996, 0, ${V100_GPU_0_UUID}, 00000000:01:00.0, 900, 877, 32.87, 150.00, 55, 53, 5, 8432, P0, Not Active, Not Active, Not Active
2026/07/20 00:43:26.002, 1, ${V100_GPU_1_UUID}, 00000000:02:00.0, 900, 877, 30.78, 150.00, 53, 52, 0, 8674, P0, Not Active, Not Active, Not Active
2026/07/20 00:43:26.136, 0, ${V100_GPU_0_UUID}, 00000000:01:00.0, 900, 877, 32.85, 150.00, 55, 53, 4, 8432, P0, Not Active, Not Active, Not Active
2026/07/20 00:43:26.142, 1, ${V100_GPU_1_UUID}, 00000000:02:00.0, 900, 877, 30.78, 150.00, 53, 51, 0, 8674, P0, Not Active, Not Active, Not Active
2026/07/20 00:43:26.296, 0, ${V100_GPU_0_UUID}, 00000000:01:00.0, 900, 877, 32.87, 150.00, 55, 53, 4, 8432, P0, Not Active, Not Active, Not Active
2026/07/20 00:43:26.303, 1, ${V100_GPU_1_UUID}, 00000000:02:00.0, 900, 877, 30.78, 150.00, 53, 51, 0, 8674, P0, Not Active, Not Active, Not Active
2026/07/20 00:43:26.464, 0, ${V100_GPU_0_UUID}, 00000000:01:00.0, 900, 877, 32.85, 150.00, 55, 53, 3, 8432, P0, Not Active, Not Active, Not Active
2026/07/20 00:43:26.471, 1, ${V100_GPU_1_UUID}, 00000000:02:00.0, 900, 877, 30.76, 150.00, 53, 51, 0, 8674, P0, Not Active, Not Active, Not Active
2026/07/20 00:43:26.610, 0, ${V100_GPU_0_UUID}, 00000000:01:00.0, 900, 877, 32.87, 150.00, 55, 53, 3, 8432, P0, Not Active, Not Active, Not Active
2026/07/20 00:43:26.618, 1, ${V100_GPU_1_UUID}, 00000000:02:00.0, 900, 877, 30.78, 150.00, 53, 51, 0, 8674, P0, Not Active, Not Active, Not Active
2026/07/20 00:43:26.754, 0, ${V100_GPU_0_UUID}, 00000000:01:00.0, 900, 877, 32.85, 150.00, 55, 53, 3, 8432, P0, Not Active, Not Active, Not Active
2026/07/20 00:43:26.760, 1, ${V100_GPU_1_UUID}, 00000000:02:00.0, 900, 877, 30.76, 150.00, 53, 51, 0, 8674, P0, Not Active, Not Active, Not Active
2026/07/20 00:43:26.895, 0, ${V100_GPU_0_UUID}, 00000000:01:00.0, 900, 877, 32.85, 150.00, 54, 53, 4, 8432, P0, Not Active, Not Active, Not Active
2026/07/20 00:43:26.902, 1, ${V100_GPU_1_UUID}, 00000000:02:00.0, 900, 877, 30.78, 150.00, 53, 51, 0, 8674, P0, Not Active, Not Active, Not Active
2026/07/20 00:43:27.036, 0, ${V100_GPU_0_UUID}, 00000000:01:00.0, 900, 877, 32.85, 150.00, 55, 53, 4, 8432, P0, Not Active, Not Active, Not Active
2026/07/20 00:43:27.042, 1, ${V100_GPU_1_UUID}, 00000000:02:00.0, 900, 877, 30.76, 150.00, 53, 51, 0, 8674, P0, Not Active, Not Active, Not Active
2026/07/20 00:43:27.175, 0, ${V100_GPU_0_UUID}, 00000000:01:00.0, 900, 877, 32.85, 150.00, 55, 53, 4, 8432, P0, Not Active, Not Active, Not Active
2026/07/20 00:43:27.181, 1, ${V100_GPU_1_UUID}, 00000000:02:00.0, 900, 877, 30.76, 150.00, 53, 52, 0, 8674, P0, Not Active, Not Active, Not Active
2026/07/20 00:43:27.314, 0, ${V100_GPU_0_UUID}, 00000000:01:00.0, 900, 877, 32.85, 150.00, 55, 53, 4, 8432, P0, Not Active, Not Active, Not Active
2026/07/20 00:43:27.320, 1, ${V100_GPU_1_UUID}, 00000000:02:00.0, 900, 877, 30.76, 150.00, 53, 51, 0, 8674, P0, Not Active, Not Active, Not Active
2026/07/20 00:43:27.467, 0, ${V100_GPU_0_UUID}, 00000000:01:00.0, 900, 877, 33.35, 150.00, 55, 53, 4, 8432, P0, Not Active, Not Active, Not Active
2026/07/20 00:43:27.473, 1, ${V100_GPU_1_UUID}, 00000000:02:00.0, 900, 877, 30.78, 150.00, 53, 51, 0, 8674, P0, Not Active, Not Active, Not Active
2026/07/20 00:43:27.607, 0, ${V100_GPU_0_UUID}, 00000000:01:00.0, 900, 877, 32.85, 150.00, 55, 54, 4, 8432, P0, Not Active, Not Active, Not Active
2026/07/20 00:43:27.613, 1, ${V100_GPU_1_UUID}, 00000000:02:00.0, 900, 877, 30.76, 150.00, 53, 51, 0, 8674, P0, Not Active, Not Active, Not Active
2026/07/20 00:43:27.762, 0, ${V100_GPU_0_UUID}, 00000000:01:00.0, 900, 877, 32.87, 150.00, 55, 53, 3, 8432, P0, Not Active, Not Active, Not Active
2026/07/20 00:43:27.771, 1, ${V100_GPU_1_UUID}, 00000000:02:00.0, 900, 877, 30.80, 150.00, 53, 51, 0, 8674, P0, Not Active, Not Active, Not Active
2026/07/20 00:43:27.906, 0, ${V100_GPU_0_UUID}, 00000000:01:00.0, 900, 877, 32.85, 150.00, 55, 53, 3, 8432, P0, Not Active, Not Active, Not Active
2026/07/20 00:43:27.912, 1, ${V100_GPU_1_UUID}, 00000000:02:00.0, 900, 877, 30.78, 150.00, 53, 51, 0, 8674, P0, Not Active, Not Active, Not Active
2026/07/20 00:43:28.075, 0, ${V100_GPU_0_UUID}, 00000000:01:00.0, 900, 877, 32.85, 150.00, 55, 54, 4, 8432, P0, Not Active, Not Active, Not Active
2026/07/20 00:43:28.081, 1, ${V100_GPU_1_UUID}, 00000000:02:00.0, 900, 877, 30.76, 150.00, 53, 51, 0, 8674, P0, Not Active, Not Active, Not Active
2026/07/20 00:43:28.224, 0, ${V100_GPU_0_UUID}, 00000000:01:00.0, 900, 877, 32.87, 150.00, 54, 54, 4, 8432, P0, Not Active, Not Active, Not Active
2026/07/20 00:43:28.234, 1, ${V100_GPU_1_UUID}, 00000000:02:00.0, 900, 877, 30.80, 150.00, 53, 51, 0, 8674, P0, Not Active, Not Active, Not Active
2026/07/20 00:43:28.391, 0, ${V100_GPU_0_UUID}, 00000000:01:00.0, 900, 877, 32.85, 150.00, 55, 54, 4, 8432, P0, Not Active, Not Active, Not Active
2026/07/20 00:43:28.397, 1, ${V100_GPU_1_UUID}, 00000000:02:00.0, 900, 877, 30.76, 150.00, 53, 51, 0, 8674, P0, Not Active, Not Active, Not Active
2026/07/20 00:43:28.557, 0, ${V100_GPU_0_UUID}, 00000000:01:00.0, 900, 877, 32.87, 150.00, 55, 53, 4, 8432, P0, Not Active, Not Active, Not Active
2026/07/20 00:43:28.563, 1, ${V100_GPU_1_UUID}, 00000000:02:00.0, 900, 877, 30.78, 150.00, 53, 52, 0, 8674, P0, Not Active, Not Active, Not Active
2026/07/20 00:43:28.696, 0, ${V100_GPU_0_UUID}, 00000000:01:00.0, 900, 877, 32.85, 150.00, 55, 53, 4, 8432, P0, Not Active, Not Active, Not Active
2026/07/20 00:43:28.702, 1, ${V100_GPU_1_UUID}, 00000000:02:00.0, 900, 877, 30.76, 150.00, 53, 52, 0, 8674, P0, Not Active, Not Active, Not Active
2026/07/20 00:43:28.835, 0, ${V100_GPU_0_UUID}, 00000000:01:00.0, 900, 877, 32.85, 150.00, 55, 54, 4, 8432, P0, Not Active, Not Active, Not Active
2026/07/20 00:43:28.841, 1, ${V100_GPU_1_UUID}, 00000000:02:00.0, 900, 877, 30.78, 150.00, 53, 51, 0, 8674, P0, Not Active, Not Active, Not Active
2026/07/20 00:43:28.974, 0, ${V100_GPU_0_UUID}, 00000000:01:00.0, 900, 877, 32.83, 150.00, 55, 53, 5, 8432, P0, Not Active, Not Active, Not Active
2026/07/20 00:43:28.979, 1, ${V100_GPU_1_UUID}, 00000000:02:00.0, 900, 877, 30.76, 150.00, 53, 51, 0, 8674, P0, Not Active, Not Active, Not Active
2026/07/20 00:43:29.113, 0, ${V100_GPU_0_UUID}, 00000000:01:00.0, 900, 877, 32.85, 150.00, 55, 53, 6, 8432, P0, Not Active, Not Active, Not Active
2026/07/20 00:43:29.119, 1, ${V100_GPU_1_UUID}, 00000000:02:00.0, 900, 877, 30.76, 150.00, 53, 51, 0, 8674, P0, Not Active, Not Active, Not Active
2026/07/20 00:43:29.253, 0, ${V100_GPU_0_UUID}, 00000000:01:00.0, 900, 877, 32.85, 150.00, 55, 53, 5, 8432, P0, Not Active, Not Active, Not Active
2026/07/20 00:43:29.258, 1, ${V100_GPU_1_UUID}, 00000000:02:00.0, 900, 877, 30.78, 150.00, 53, 51, 0, 8674, P0, Not Active, Not Active, Not Active
2026/07/20 00:43:29.394, 0, ${V100_GPU_0_UUID}, 00000000:01:00.0, 900, 877, 32.87, 150.00, 55, 53, 5, 8432, P0, Not Active, Not Active, Not Active
2026/07/20 00:43:29.401, 1, ${V100_GPU_1_UUID}, 00000000:02:00.0, 900, 877, 30.78, 150.00, 53, 52, 0, 8674, P0, Not Active, Not Active, Not Active
2026/07/20 00:43:29.536, 0, ${V100_GPU_0_UUID}, 00000000:01:00.0, 900, 877, 32.85, 150.00, 55, 53, 5, 8432, P0, Not Active, Not Active, Not Active
2026/07/20 00:43:29.541, 1, ${V100_GPU_1_UUID}, 00000000:02:00.0, 900, 877, 30.76, 150.00, 53, 51, 0, 8674, P0, Not Active, Not Active, Not Active
2026/07/20 00:43:29.675, 0, ${V100_GPU_0_UUID}, 00000000:01:00.0, 900, 877, 32.85, 150.00, 54, 54, 6, 8432, P0, Not Active, Not Active, Not Active
2026/07/20 00:43:29.680, 1, ${V100_GPU_1_UUID}, 00000000:02:00.0, 900, 877, 30.76, 150.00, 53, 51, 0, 8674, P0, Not Active, Not Active, Not Active
2026/07/20 00:43:29.814, 0, ${V100_GPU_0_UUID}, 00000000:01:00.0, 900, 877, 32.85, 150.00, 55, 53, 6, 8432, P0, Not Active, Not Active, Not Active
2026/07/20 00:43:29.820, 1, ${V100_GPU_1_UUID}, 00000000:02:00.0, 900, 877, 30.78, 150.00, 53, 51, 0, 8674, P0, Not Active, Not Active, Not Active
2026/07/20 00:43:29.954, 0, ${V100_GPU_0_UUID}, 00000000:01:00.0, 900, 877, 32.85, 150.00, 55, 53, 5, 8432, P0, Not Active, Not Active, Not Active
2026/07/20 00:43:29.960, 1, ${V100_GPU_1_UUID}, 00000000:02:00.0, 900, 877, 30.76, 150.00, 53, 51, 0, 8674, P0, Not Active, Not Active, Not Active
2026/07/20 00:43:30.093, 0, ${V100_GPU_0_UUID}, 00000000:01:00.0, 900, 877, 32.85, 150.00, 55, 53, 6, 8432, P0, Not Active, Not Active, Not Active
2026/07/20 00:43:30.099, 1, ${V100_GPU_1_UUID}, 00000000:02:00.0, 900, 877, 30.78, 150.00, 53, 52, 0, 8674, P0, Not Active, Not Active, Not Active
2026/07/20 00:43:30.253, 0, ${V100_GPU_0_UUID}, 00000000:01:00.0, 900, 877, 32.87, 150.00, 55, 53, 5, 8432, P0, Not Active, Not Active, Not Active
2026/07/20 00:43:30.262, 1, ${V100_GPU_1_UUID}, 00000000:02:00.0, 900, 877, 30.78, 150.00, 53, 51, 0, 8674, P0, Not Active, Not Active, Not Active
2026/07/20 00:43:30.401, 0, ${V100_GPU_0_UUID}, 00000000:01:00.0, 900, 877, 32.85, 150.00, 55, 54, 5, 8432, P0, Not Active, Not Active, Not Active
2026/07/20 00:43:30.407, 1, ${V100_GPU_1_UUID}, 00000000:02:00.0, 900, 877, 30.76, 150.00, 53, 51, 0, 8674, P0, Not Active, Not Active, Not Active
2026/07/20 00:43:30.541, 0, ${V100_GPU_0_UUID}, 00000000:01:00.0, 900, 877, 32.85, 150.00, 55, 53, 5, 8432, P0, Not Active, Not Active, Not Active
2026/07/20 00:43:30.547, 1, ${V100_GPU_1_UUID}, 00000000:02:00.0, 900, 877, 30.78, 150.00, 53, 51, 0, 8674, P0, Not Active, Not Active, Not Active
2026/07/20 00:43:30.712, 0, ${V100_GPU_0_UUID}, 00000000:01:00.0, 900, 877, 32.87, 150.00, 55, 53, 6, 8432, P0, Not Active, Not Active, Not Active
2026/07/20 00:43:30.720, 1, ${V100_GPU_1_UUID}, 00000000:02:00.0, 900, 877, 30.78, 150.00, 53, 51, 0, 8674, P0, Not Active, Not Active, Not Active
2026/07/20 00:43:30.857, 0, ${V100_GPU_0_UUID}, 00000000:01:00.0, 900, 877, 32.87, 150.00, 55, 53, 6, 8432, P0, Not Active, Not Active, Not Active
2026/07/20 00:43:30.863, 1, ${V100_GPU_1_UUID}, 00000000:02:00.0, 900, 877, 30.78, 150.00, 53, 51, 0, 8674, P0, Not Active, Not Active, Not Active
2026/07/20 00:43:31.027, 0, ${V100_GPU_0_UUID}, 00000000:01:00.0, 900, 877, 32.85, 150.00, 55, 53, 6, 8432, P0, Not Active, Not Active, Not Active
2026/07/20 00:43:31.034, 1, ${V100_GPU_1_UUID}, 00000000:02:00.0, 900, 877, 30.78, 150.00, 53, 51, 0, 8674, P0, Not Active, Not Active, Not Active
2026/07/20 00:43:31.167, 0, ${V100_GPU_0_UUID}, 00000000:01:00.0, 900, 877, 32.85, 150.00, 55, 53, 5, 8432, P0, Not Active, Not Active, Not Active
2026/07/20 00:43:31.174, 1, ${V100_GPU_1_UUID}, 00000000:02:00.0, 900, 877, 30.78, 150.00, 53, 51, 0, 8674, P0, Not Active, Not Active, Not Active
2026/07/20 00:43:31.323, 0, ${V100_GPU_0_UUID}, 00000000:01:00.0, 900, 877, 32.85, 150.00, 55, 53, 6, 8432, P0, Not Active, Not Active, Not Active
2026/07/20 00:43:31.329, 1, ${V100_GPU_1_UUID}, 00000000:02:00.0, 900, 877, 30.76, 150.00, 53, 52, 0, 8674, P0, Not Active, Not Active, Not Active
2026/07/20 00:43:31.488, 0, ${V100_GPU_0_UUID}, 00000000:01:00.0, 900, 877, 32.87, 150.00, 55, 54, 6, 8432, P0, Not Active, Not Active, Not Active
2026/07/20 00:43:31.496, 1, ${V100_GPU_1_UUID}, 00000000:02:00.0, 900, 877, 30.78, 150.00, 53, 52, 0, 8674, P0, Not Active, Not Active, Not Active
2026/07/20 00:43:31.630, 0, ${V100_GPU_0_UUID}, 00000000:01:00.0, 900, 877, 32.85, 150.00, 55, 53, 5, 8432, P0, Not Active, Not Active, Not Active
2026/07/20 00:43:31.635, 1, ${V100_GPU_1_UUID}, 00000000:02:00.0, 900, 877, 30.78, 150.00, 53, 51, 0, 8674, P0, Not Active, Not Active, Not Active
2026/07/20 00:43:31.768, 0, ${V100_GPU_0_UUID}, 00000000:01:00.0, 900, 877, 32.85, 150.00, 55, 53, 5, 8432, P0, Not Active, Not Active, Not Active
2026/07/20 00:43:31.773, 1, ${V100_GPU_1_UUID}, 00000000:02:00.0, 900, 877, 30.78, 150.00, 53, 51, 0, 8674, P0, Not Active, Not Active, Not Active
2026/07/20 00:43:31.906, 0, ${V100_GPU_0_UUID}, 00000000:01:00.0, 900, 877, 33.35, 150.00, 55, 53, 5, 8432, P0, Not Active, Not Active, Not Active
2026/07/20 00:43:31.911, 1, ${V100_GPU_1_UUID}, 00000000:02:00.0, 900, 877, 30.78, 150.00, 53, 51, 0, 8674, P0, Not Active, Not Active, Not Active
2026/07/20 00:43:32.074, 0, ${V100_GPU_0_UUID}, 00000000:01:00.0, 900, 877, 33.35, 150.00, 55, 53, 6, 8432, P0, Not Active, Not Active, Not Active
2026/07/20 00:43:32.083, 1, ${V100_GPU_1_UUID}, 00000000:02:00.0, 900, 877, 30.78, 150.00, 53, 51, 0, 8674, P0, Not Active, Not Active, Not Active
2026/07/20 00:43:32.223, 0, ${V100_GPU_0_UUID}, 00000000:01:00.0, 900, 877, 32.87, 150.00, 55, 53, 5, 8432, P0, Not Active, Not Active, Not Active
2026/07/20 00:43:32.230, 1, ${V100_GPU_1_UUID}, 00000000:02:00.0, 900, 877, 30.78, 150.00, 53, 51, 0, 8674, P0, Not Active, Not Active, Not Active
2026/07/20 00:43:32.388, 0, ${V100_GPU_0_UUID}, 00000000:01:00.0, 900, 877, 32.87, 150.00, 55, 53, 6, 8432, P0, Not Active, Not Active, Not Active
2026/07/20 00:43:32.394, 1, ${V100_GPU_1_UUID}, 00000000:02:00.0, 900, 877, 30.76, 150.00, 53, 51, 0, 8674, P0, Not Active, Not Active, Not Active
2026/07/20 00:43:32.555, 0, ${V100_GPU_0_UUID}, 00000000:01:00.0, 900, 877, 32.87, 150.00, 55, 53, 5, 8432, P0, Not Active, Not Active, Not Active
2026/07/20 00:43:32.563, 1, ${V100_GPU_1_UUID}, 00000000:02:00.0, 900, 877, 30.78, 150.00, 53, 51, 0, 8674, P0, Not Active, Not Active, Not Active
2026/07/20 00:43:32.701, 0, ${V100_GPU_0_UUID}, 00000000:01:00.0, 900, 877, 32.85, 150.00, 55, 54, 6, 8432, P0, Not Active, Not Active, Not Active
2026/07/20 00:43:32.707, 1, ${V100_GPU_1_UUID}, 00000000:02:00.0, 900, 877, 30.76, 150.00, 53, 52, 0, 8674, P0, Not Active, Not Active, Not Active
2026/07/20 00:43:32.869, 0, ${V100_GPU_0_UUID}, 00000000:01:00.0, 900, 877, 32.87, 150.00, 55, 53, 6, 8432, P0, Not Active, Not Active, Not Active
2026/07/20 00:43:32.876, 1, ${V100_GPU_1_UUID}, 00000000:02:00.0, 900, 877, 30.78, 150.00, 53, 52, 0, 8674, P0, Not Active, Not Active, Not Active
2026/07/20 00:43:33.009, 0, ${V100_GPU_0_UUID}, 00000000:01:00.0, 900, 877, 32.85, 150.00, 55, 53, 5, 8432, P0, Not Active, Not Active, Not Active
2026/07/20 00:43:33.015, 1, ${V100_GPU_1_UUID}, 00000000:02:00.0, 900, 877, 30.78, 150.00, 53, 51, 0, 8674, P0, Not Active, Not Active, Not Active
2026/07/20 00:43:33.175, 0, ${V100_GPU_0_UUID}, 00000000:01:00.0, 900, 877, 32.87, 150.00, 55, 54, 5, 8432, P0, Not Active, Not Active, Not Active
2026/07/20 00:43:33.182, 1, ${V100_GPU_1_UUID}, 00000000:02:00.0, 900, 877, 30.78, 150.00, 53, 51, 0, 8674, P0, Not Active, Not Active, Not Active
2026/07/20 00:43:33.360, 0, ${V100_GPU_0_UUID}, 00000000:01:00.0, 900, 877, 32.85, 150.00, 55, 53, 5, 8432, P0, Not Active, Not Active, Not Active
2026/07/20 00:43:33.366, 1, ${V100_GPU_1_UUID}, 00000000:02:00.0, 900, 877, 30.76, 150.00, 53, 51, 0, 8674, P0, Not Active, Not Active, Not Active
2026/07/20 00:43:33.504, 0, ${V100_GPU_0_UUID}, 00000000:01:00.0, 900, 877, 32.85, 150.00, 55, 53, 3, 8432, P0, Not Active, Not Active, Not Active
2026/07/20 00:43:33.509, 1, ${V100_GPU_1_UUID}, 00000000:02:00.0, 900, 877, 30.76, 150.00, 53, 51, 0, 8674, P0, Not Active, Not Active, Not Active
2026/07/20 00:43:33.647, 0, ${V100_GPU_0_UUID}, 00000000:01:00.0, 900, 877, 32.87, 150.00, 55, 54, 5, 8432, P0, Not Active, Not Active, Not Active
2026/07/20 00:43:33.654, 1, ${V100_GPU_1_UUID}, 00000000:02:00.0, 900, 877, 30.78, 150.00, 53, 51, 0, 8674, P0, Not Active, Not Active, Not Active
2026/07/20 00:43:33.791, 0, ${V100_GPU_0_UUID}, 00000000:01:00.0, 900, 877, 32.85, 150.00, 55, 54, 5, 8432, P0, Not Active, Not Active, Not Active
2026/07/20 00:43:33.797, 1, ${V100_GPU_1_UUID}, 00000000:02:00.0, 900, 877, 30.78, 150.00, 53, 52, 0, 8674, P0, Not Active, Not Active, Not Active
2026/07/20 00:43:33.956, 0, ${V100_GPU_0_UUID}, 00000000:01:00.0, 900, 877, 32.87, 150.00, 55, 54, 5, 8432, P0, Not Active, Not Active, Not Active
2026/07/20 00:43:33.963, 1, ${V100_GPU_1_UUID}, 00000000:02:00.0, 900, 877, 30.78, 150.00, 53, 52, 0, 8674, P0, Not Active, Not Active, Not Active
2026/07/20 00:43:34.096, 0, ${V100_GPU_0_UUID}, 00000000:01:00.0, 900, 877, 32.87, 150.00, 55, 54, 5, 8432, P0, Not Active, Not Active, Not Active
2026/07/20 00:43:34.101, 1, ${V100_GPU_1_UUID}, 00000000:02:00.0, 900, 877, 30.78, 150.00, 53, 51, 0, 8674, P0, Not Active, Not Active, Not Active
2026/07/20 00:43:34.261, 0, ${V100_GPU_0_UUID}, 00000000:01:00.0, 900, 877, 32.87, 150.00, 55, 54, 5, 8432, P0, Not Active, Not Active, Not Active
2026/07/20 00:43:34.267, 1, ${V100_GPU_1_UUID}, 00000000:02:00.0, 900, 877, 30.78, 150.00, 53, 51, 0, 8674, P0, Not Active, Not Active, Not Active
2026/07/20 00:43:34.401, 0, ${V100_GPU_0_UUID}, 00000000:01:00.0, 900, 877, 32.85, 150.00, 55, 54, 5, 8432, P0, Not Active, Not Active, Not Active
2026/07/20 00:43:34.407, 1, ${V100_GPU_1_UUID}, 00000000:02:00.0, 900, 877, 30.76, 150.00, 53, 51, 0, 8674, P0, Not Active, Not Active, Not Active
2026/07/20 00:43:34.569, 0, ${V100_GPU_0_UUID}, 00000000:01:00.0, 900, 877, 32.87, 150.00, 55, 53, 7, 8432, P0, Not Active, Not Active, Not Active
2026/07/20 00:43:34.575, 1, ${V100_GPU_1_UUID}, 00000000:02:00.0, 900, 877, 30.78, 150.00, 53, 51, 0, 8674, P0, Not Active, Not Active, Not Active
2026/07/20 00:43:34.719, 0, ${V100_GPU_0_UUID}, 00000000:01:00.0, 900, 877, 32.87, 150.00, 55, 53, 5, 8432, P0, Not Active, Not Active, Not Active
2026/07/20 00:43:34.729, 1, ${V100_GPU_1_UUID}, 00000000:02:00.0, 900, 877, 30.78, 150.00, 53, 51, 0, 8674, P0, Not Active, Not Active, Not Active
2026/07/20 00:43:34.869, 0, ${V100_GPU_0_UUID}, 00000000:01:00.0, 900, 877, 32.85, 150.00, 54, 53, 6, 8432, P0, Not Active, Not Active, Not Active
2026/07/20 00:43:34.876, 1, ${V100_GPU_1_UUID}, 00000000:02:00.0, 900, 877, 30.76, 150.00, 53, 51, 0, 8674, P0, Not Active, Not Active, Not Active
2026/07/20 00:43:35.011, 0, ${V100_GPU_0_UUID}, 00000000:01:00.0, 900, 877, 32.85, 150.00, 54, 53, 6, 8432, P0, Not Active, Not Active, Not Active
2026/07/20 00:43:35.017, 1, ${V100_GPU_1_UUID}, 00000000:02:00.0, 900, 877, 30.76, 150.00, 53, 51, 0, 8674, P0, Not Active, Not Active, Not Active
2026/07/20 00:43:35.151, 0, ${V100_GPU_0_UUID}, 00000000:01:00.0, 900, 877, 32.83, 150.00, 55, 53, 5, 8432, P0, Not Active, Not Active, Not Active
2026/07/20 00:43:35.157, 1, ${V100_GPU_1_UUID}, 00000000:02:00.0, 900, 877, 30.76, 150.00, 53, 52, 0, 8674, P0, Not Active, Not Active, Not Active
2026/07/20 00:43:35.292, 0, ${V100_GPU_0_UUID}, 00000000:01:00.0, 900, 877, 32.85, 150.00, 54, 54, 6, 8432, P0, Not Active, Not Active, Not Active
2026/07/20 00:43:35.298, 1, ${V100_GPU_1_UUID}, 00000000:02:00.0, 900, 877, 30.76, 150.00, 53, 51, 0, 8674, P0, Not Active, Not Active, Not Active
2026/07/20 00:43:35.430, 0, ${V100_GPU_0_UUID}, 00000000:01:00.0, 900, 877, 32.85, 150.00, 55, 53, 4, 8432, P0, Not Active, Not Active, Not Active
2026/07/20 00:43:35.436, 1, ${V100_GPU_1_UUID}, 00000000:02:00.0, 900, 877, 30.78, 150.00, 53, 51, 0, 8674, P0, Not Active, Not Active, Not Active
2026/07/20 00:43:35.577, 0, ${V100_GPU_0_UUID}, 00000000:01:00.0, 900, 877, 32.85, 150.00, 55, 53, 4, 8432, P0, Not Active, Not Active, Not Active
2026/07/20 00:43:35.583, 1, ${V100_GPU_1_UUID}, 00000000:02:00.0, 900, 877, 30.76, 150.00, 53, 51, 0, 8674, P0, Not Active, Not Active, Not Active
2026/07/20 00:43:35.716, 0, ${V100_GPU_0_UUID}, 00000000:01:00.0, 900, 877, 32.85, 150.00, 55, 54, 5, 8432, P0, Not Active, Not Active, Not Active
2026/07/20 00:43:35.721, 1, ${V100_GPU_1_UUID}, 00000000:02:00.0, 900, 877, 30.78, 150.00, 53, 51, 0, 8674, P0, Not Active, Not Active, Not Active
2026/07/20 00:43:35.854, 0, ${V100_GPU_0_UUID}, 00000000:01:00.0, 900, 877, 32.85, 150.00, 55, 53, 6, 8432, P0, Not Active, Not Active, Not Active
2026/07/20 00:43:35.860, 1, ${V100_GPU_1_UUID}, 00000000:02:00.0, 900, 877, 30.78, 150.00, 53, 51, 0, 8674, P0, Not Active, Not Active, Not Active
2026/07/20 00:43:36.024, 0, ${V100_GPU_0_UUID}, 00000000:01:00.0, 900, 877, 32.87, 150.00, 55, 53, 5, 8432, P0, Not Active, Not Active, Not Active
2026/07/20 00:43:36.032, 1, ${V100_GPU_1_UUID}, 00000000:02:00.0, 900, 877, 30.78, 150.00, 53, 51, 0, 8674, P0, Not Active, Not Active, Not Active
2026/07/20 00:43:36.179, 0, ${V100_GPU_0_UUID}, 00000000:01:00.0, 900, 877, 32.87, 150.00, 55, 53, 4, 8432, P0, Not Active, Not Active, Not Active
2026/07/20 00:43:36.186, 1, ${V100_GPU_1_UUID}, 00000000:02:00.0, 900, 877, 30.78, 150.00, 53, 51, 0, 8674, P0, Not Active, Not Active, Not Active
2026/07/20 00:43:36.328, 0, ${V100_GPU_0_UUID}, 00000000:01:00.0, 900, 877, 32.87, 150.00, 55, 53, 6, 8432, P0, Not Active, Not Active, Not Active
2026/07/20 00:43:36.334, 1, ${V100_GPU_1_UUID}, 00000000:02:00.0, 900, 877, 30.78, 150.00, 53, 51, 0, 8674, P0, Not Active, Not Active, Not Active
2026/07/20 00:43:36.468, 0, ${V100_GPU_0_UUID}, 00000000:01:00.0, 900, 877, 32.83, 150.00, 55, 53, 6, 8432, P0, Not Active, Not Active, Not Active
2026/07/20 00:43:36.474, 1, ${V100_GPU_1_UUID}, 00000000:02:00.0, 900, 877, 30.74, 150.00, 53, 51, 0, 8674, P0, Not Active, Not Active, Not Active
2026/07/20 00:43:36.610, 0, ${V100_GPU_0_UUID}, 00000000:01:00.0, 900, 877, 32.85, 150.00, 55, 54, 2, 8432, P0, Not Active, Not Active, Not Active
2026/07/20 00:43:36.616, 1, ${V100_GPU_1_UUID}, 00000000:02:00.0, 900, 877, 30.76, 150.00, 53, 52, 0, 8674, P0, Not Active, Not Active, Not Active
2026/07/20 00:43:36.787, 0, ${V100_GPU_0_UUID}, 00000000:01:00.0, 900, 877, 32.87, 150.00, 55, 54, 0, 8432, P0, Not Active, Not Active, Not Active
2026/07/20 00:43:36.800, 1, ${V100_GPU_1_UUID}, 00000000:02:00.0, 900, 877, 30.78, 150.00, 53, 51, 0, 8674, P0, Not Active, Not Active, Not Active
2026/07/20 00:43:36.938, 0, ${V100_GPU_0_UUID}, 00000000:01:00.0, 900, 877, 32.87, 150.00, 55, 53, 0, 8432, P0, Not Active, Not Active, Not Active
2026/07/20 00:43:36.946, 1, ${V100_GPU_1_UUID}, 00000000:02:00.0, 900, 877, 30.78, 150.00, 53, 51, 0, 8674, P0, Not Active, Not Active, Not Active
2026/07/20 00:43:37.100, 0, ${V100_GPU_0_UUID}, 00000000:01:00.0, 900, 877, 32.85, 150.00, 55, 54, 0, 8432, P0, Not Active, Not Active, Not Active
2026/07/20 00:43:37.106, 1, ${V100_GPU_1_UUID}, 00000000:02:00.0, 900, 877, 30.78, 150.00, 53, 51, 0, 8674, P0, Not Active, Not Active, Not Active
2026/07/20 00:43:37.239, 0, ${V100_GPU_0_UUID}, 00000000:01:00.0, 900, 877, 32.85, 150.00, 55, 53, 0, 8432, P0, Not Active, Not Active, Not Active
2026/07/20 00:43:37.245, 1, ${V100_GPU_1_UUID}, 00000000:02:00.0, 900, 877, 30.78, 150.00, 53, 52, 0, 8674, P0, Not Active, Not Active, Not Active
2026/07/20 00:43:37.378, 0, ${V100_GPU_0_UUID}, 00000000:01:00.0, 900, 877, 32.85, 150.00, 55, 54, 0, 8432, P0, Not Active, Not Active, Not Active
2026/07/20 00:43:37.383, 1, ${V100_GPU_1_UUID}, 00000000:02:00.0, 900, 877, 30.76, 150.00, 53, 51, 0, 8674, P0, Not Active, Not Active, Not Active
2026/07/20 00:43:37.516, 0, ${V100_GPU_0_UUID}, 00000000:01:00.0, 900, 877, 32.85, 150.00, 55, 53, 0, 8432, P0, Not Active, Not Active, Not Active
2026/07/20 00:43:37.522, 1, ${V100_GPU_1_UUID}, 00000000:02:00.0, 900, 877, 30.76, 150.00, 53, 51, 0, 8674, P0, Not Active, Not Active, Not Active
2026/07/20 00:43:37.655, 0, ${V100_GPU_0_UUID}, 00000000:01:00.0, 900, 877, 32.85, 150.00, 55, 54, 0, 8432, P0, Not Active, Not Active, Not Active
2026/07/20 00:43:37.660, 1, ${V100_GPU_1_UUID}, 00000000:02:00.0, 900, 877, 30.76, 150.00, 53, 51, 0, 8674, P0, Not Active, Not Active, Not Active
2026/07/20 00:43:37.795, 0, ${V100_GPU_0_UUID}, 00000000:01:00.0, 900, 877, 32.87, 150.00, 55, 54, 0, 8432, P0, Not Active, Not Active, Not Active
2026/07/20 00:43:37.801, 1, ${V100_GPU_1_UUID}, 00000000:02:00.0, 900, 877, 30.78, 150.00, 53, 52, 0, 8674, P0, Not Active, Not Active, Not Active
2026/07/20 00:43:37.937, 0, ${V100_GPU_0_UUID}, 00000000:01:00.0, 900, 877, 32.85, 150.00, 55, 53, 2, 8432, P0, Not Active, Not Active, Not Active
2026/07/20 00:43:37.945, 1, ${V100_GPU_1_UUID}, 00000000:02:00.0, 900, 877, 30.76, 150.00, 53, 51, 0, 8674, P0, Not Active, Not Active, Not Active
2026/07/20 00:43:38.105, 0, ${V100_GPU_0_UUID}, 00000000:01:00.0, 900, 877, 32.85, 150.00, 55, 54, 4, 8432, P0, Not Active, Not Active, Not Active
2026/07/20 00:43:38.111, 1, ${V100_GPU_1_UUID}, 00000000:02:00.0, 900, 877, 30.78, 150.00, 53, 52, 0, 8674, P0, Not Active, Not Active, Not Active
2026/07/20 00:43:38.246, 0, ${V100_GPU_0_UUID}, 00000000:01:00.0, 900, 877, 32.85, 150.00, 55, 53, 4, 8432, P0, Not Active, Not Active, Not Active
2026/07/20 00:43:38.252, 1, ${V100_GPU_1_UUID}, 00000000:02:00.0, 900, 877, 30.78, 150.00, 53, 51, 0, 8674, P0, Not Active, Not Active, Not Active
2026/07/20 00:43:38.388, 0, ${V100_GPU_0_UUID}, 00000000:01:00.0, 900, 877, 33.33, 150.00, 55, 54, 5, 8432, P0, Not Active, Not Active, Not Active
2026/07/20 00:43:38.396, 1, ${V100_GPU_1_UUID}, 00000000:02:00.0, 900, 877, 30.78, 150.00, 53, 51, 0, 8674, P0, Not Active, Not Active, Not Active
2026/07/20 00:43:38.531, 0, ${V100_GPU_0_UUID}, 00000000:01:00.0, 900, 877, 32.87, 150.00, 55, 53, 9, 8432, P0, Not Active, Not Active, Not Active
2026/07/20 00:43:38.538, 1, ${V100_GPU_1_UUID}, 00000000:02:00.0, 900, 877, 30.78, 150.00, 53, 52, 0, 8674, P0, Not Active, Not Active, Not Active
2026/07/20 00:43:38.676, 0, ${V100_GPU_0_UUID}, 00000000:01:00.0, 900, 877, 32.85, 150.00, 55, 54, 4, 8432, P0, Not Active, Not Active, Not Active
2026/07/20 00:43:38.682, 1, ${V100_GPU_1_UUID}, 00000000:02:00.0, 900, 877, 30.78, 150.00, 53, 52, 0, 8674, P0, Not Active, Not Active, Not Active
2026/07/20 00:43:38.837, 0, ${V100_GPU_0_UUID}, 00000000:01:00.0, 900, 877, 32.85, 150.00, 55, 53, 4, 8432, P0, Not Active, Not Active, Not Active
2026/07/20 00:43:38.843, 1, ${V100_GPU_1_UUID}, 00000000:02:00.0, 900, 877, 30.78, 150.00, 53, 51, 0, 8674, P0, Not Active, Not Active, Not Active
2026/07/20 00:43:38.994, 0, ${V100_GPU_0_UUID}, 00000000:01:00.0, 900, 877, 32.87, 150.00, 54, 53, 5, 8432, P0, Not Active, Not Active, Not Active
2026/07/20 00:43:39.006, 1, ${V100_GPU_1_UUID}, 00000000:02:00.0, 900, 877, 30.78, 150.00, 53, 51, 0, 8674, P0, Not Active, Not Active, Not Active
2026/07/20 00:43:39.142, 0, ${V100_GPU_0_UUID}, 00000000:01:00.0, 900, 877, 32.87, 150.00, 55, 54, 6, 8432, P0, Not Active, Not Active, Not Active
2026/07/20 00:43:39.149, 1, ${V100_GPU_1_UUID}, 00000000:02:00.0, 900, 877, 30.78, 150.00, 53, 52, 0, 8674, P0, Not Active, Not Active, Not Active
2026/07/20 00:43:39.294, 0, ${V100_GPU_0_UUID}, 00000000:01:00.0, 900, 877, 32.87, 150.00, 55, 53, 5, 8432, P0, Not Active, Not Active, Not Active
2026/07/20 00:43:39.300, 1, ${V100_GPU_1_UUID}, 00000000:02:00.0, 900, 877, 30.78, 150.00, 53, 52, 0, 8674, P0, Not Active, Not Active, Not Active
2026/07/20 00:43:39.437, 0, ${V100_GPU_0_UUID}, 00000000:01:00.0, 900, 877, 32.87, 150.00, 55, 53, 5, 8432, P0, Not Active, Not Active, Not Active
2026/07/20 00:43:39.444, 1, ${V100_GPU_1_UUID}, 00000000:02:00.0, 900, 877, 30.78, 150.00, 53, 51, 0, 8674, P0, Not Active, Not Active, Not Active
2026/07/20 00:43:39.577, 0, ${V100_GPU_0_UUID}, 00000000:01:00.0, 900, 877, 32.87, 150.00, 55, 53, 5, 8432, P0, Not Active, Not Active, Not Active
2026/07/20 00:43:39.582, 1, ${V100_GPU_1_UUID}, 00000000:02:00.0, 900, 877, 30.78, 150.00, 53, 51, 0, 8674, P0, Not Active, Not Active, Not Active
2026/07/20 00:43:39.716, 0, ${V100_GPU_0_UUID}, 00000000:01:00.0, 900, 877, 32.85, 150.00, 55, 53, 5, 8432, P0, Not Active, Not Active, Not Active
2026/07/20 00:43:39.721, 1, ${V100_GPU_1_UUID}, 00000000:02:00.0, 900, 877, 30.78, 150.00, 53, 51, 0, 8674, P0, Not Active, Not Active, Not Active
2026/07/20 00:43:39.858, 0, ${V100_GPU_0_UUID}, 00000000:01:00.0, 900, 877, 32.87, 150.00, 55, 53, 5, 8432, P0, Not Active, Not Active, Not Active
2026/07/20 00:43:39.865, 1, ${V100_GPU_1_UUID}, 00000000:02:00.0, 900, 877, 30.78, 150.00, 53, 51, 0, 8674, P0, Not Active, Not Active, Not Active
2026/07/20 00:43:40.017, 0, ${V100_GPU_0_UUID}, 00000000:01:00.0, 900, 877, 32.87, 150.00, 55, 54, 5, 8432, P0, Not Active, Not Active, Not Active
2026/07/20 00:43:40.028, 1, ${V100_GPU_1_UUID}, 00000000:02:00.0, 900, 877, 30.78, 150.00, 53, 51, 0, 8674, P0, Not Active, Not Active, Not Active
2026/07/20 00:43:40.169, 0, ${V100_GPU_0_UUID}, 00000000:01:00.0, 900, 877, 32.87, 150.00, 55, 54, 4, 8432, P0, Not Active, Not Active, Not Active
2026/07/20 00:43:40.177, 1, ${V100_GPU_1_UUID}, 00000000:02:00.0, 900, 877, 30.78, 150.00, 53, 51, 0, 8674, P0, Not Active, Not Active, Not Active
2026/07/20 00:43:40.315, 0, ${V100_GPU_0_UUID}, 00000000:01:00.0, 900, 877, 32.87, 150.00, 55, 53, 5, 8432, P0, Not Active, Not Active, Not Active
2026/07/20 00:43:40.323, 1, ${V100_GPU_1_UUID}, 00000000:02:00.0, 900, 877, 30.78, 150.00, 53, 51, 0, 8674, P0, Not Active, Not Active, Not Active
2026/07/20 00:43:40.484, 0, ${V100_GPU_0_UUID}, 00000000:01:00.0, 900, 877, 32.87, 150.00, 55, 54, 4, 8432, P0, Not Active, Not Active, Not Active
2026/07/20 00:43:40.491, 1, ${V100_GPU_1_UUID}, 00000000:02:00.0, 900, 877, 30.78, 150.00, 53, 51, 0, 8674, P0, Not Active, Not Active, Not Active
2026/07/20 00:43:40.644, 0, ${V100_GPU_0_UUID}, 00000000:01:00.0, 900, 877, 32.87, 150.00, 55, 54, 5, 8432, P0, Not Active, Not Active, Not Active
2026/07/20 00:43:40.650, 1, ${V100_GPU_1_UUID}, 00000000:02:00.0, 900, 877, 30.78, 150.00, 53, 51, 0, 8674, P0, Not Active, Not Active, Not Active
2026/07/20 00:43:40.810, 0, ${V100_GPU_0_UUID}, 00000000:01:00.0, 900, 877, 32.87, 150.00, 55, 54, 4, 8432, P0, Not Active, Not Active, Not Active
2026/07/20 00:43:40.819, 1, ${V100_GPU_1_UUID}, 00000000:02:00.0, 900, 877, 30.78, 150.00, 53, 52, 0, 8674, P0, Not Active, Not Active, Not Active
2026/07/20 00:43:40.982, 0, ${V100_GPU_0_UUID}, 00000000:01:00.0, 900, 877, 32.87, 150.00, 55, 54, 0, 8432, P0, Not Active, Not Active, Not Active
2026/07/20 00:43:40.990, 1, ${V100_GPU_1_UUID}, 00000000:02:00.0, 900, 877, 30.78, 150.00, 53, 52, 4, 8674, P0, Not Active, Not Active, Not Active
2026/07/20 00:43:41.143, 0, ${V100_GPU_0_UUID}, 00000000:01:00.0, 900, 877, 32.87, 150.00, 55, 53, 0, 8432, P0, Not Active, Not Active, Not Active
2026/07/20 00:43:41.149, 1, ${V100_GPU_1_UUID}, 00000000:02:00.0, 900, 877, 30.76, 150.00, 53, 51, 4, 8674, P0, Not Active, Not Active, Not Active
2026/07/20 00:43:41.289, 0, ${V100_GPU_0_UUID}, 00000000:01:00.0, 900, 877, 32.85, 150.00, 55, 53, 0, 8432, P0, Not Active, Not Active, Not Active
2026/07/20 00:43:41.294, 1, ${V100_GPU_1_UUID}, 00000000:02:00.0, 900, 877, 30.78, 150.00, 53, 51, 5, 8674, P0, Not Active, Not Active, Not Active
2026/07/20 00:43:41.449, 0, ${V100_GPU_0_UUID}, 00000000:01:00.0, 900, 877, 32.87, 150.00, 55, 54, 0, 8432, P0, Not Active, Not Active, Not Active
2026/07/20 00:43:41.455, 1, ${V100_GPU_1_UUID}, 00000000:02:00.0, 900, 877, 30.78, 150.00, 53, 52, 5, 8674, P0, Not Active, Not Active, Not Active
2026/07/20 00:43:41.591, 0, ${V100_GPU_0_UUID}, 00000000:01:00.0, 900, 877, 32.85, 150.00, 55, 53, 0, 8432, P0, Not Active, Not Active, Not Active
2026/07/20 00:43:41.598, 1, ${V100_GPU_1_UUID}, 00000000:02:00.0, 900, 877, 30.76, 150.00, 53, 52, 4, 8674, P0, Not Active, Not Active, Not Active
2026/07/20 00:43:41.730, 0, ${V100_GPU_0_UUID}, 00000000:01:00.0, 900, 877, 32.85, 150.00, 55, 53, 0, 8432, P0, Not Active, Not Active, Not Active
2026/07/20 00:43:41.736, 1, ${V100_GPU_1_UUID}, 00000000:02:00.0, 900, 877, 30.78, 150.00, 53, 51, 3, 8674, P0, Not Active, Not Active, Not Active
2026/07/20 00:43:41.868, 0, ${V100_GPU_0_UUID}, 00000000:01:00.0, 900, 877, 32.87, 150.00, 55, 53, 0, 8432, P0, Not Active, Not Active, Not Active
2026/07/20 00:43:41.874, 1, ${V100_GPU_1_UUID}, 00000000:02:00.0, 900, 877, 30.78, 150.00, 53, 51, 5, 8674, P0, Not Active, Not Active, Not Active
2026/07/20 00:43:42.008, 0, ${V100_GPU_0_UUID}, 00000000:01:00.0, 900, 877, 32.85, 150.00, 55, 54, 0, 8432, P0, Not Active, Not Active, Not Active
2026/07/20 00:43:42.014, 1, ${V100_GPU_1_UUID}, 00000000:02:00.0, 900, 877, 30.76, 150.00, 53, 51, 5, 8674, P0, Not Active, Not Active, Not Active
2026/07/20 00:43:42.153, 0, ${V100_GPU_0_UUID}, 00000000:01:00.0, 900, 877, 32.87, 150.00, 55, 53, 0, 8432, P0, Not Active, Not Active, Not Active
2026/07/20 00:43:42.162, 1, ${V100_GPU_1_UUID}, 00000000:02:00.0, 900, 877, 30.78, 150.00, 53, 51, 4, 8674, P0, Not Active, Not Active, Not Active
2026/07/20 00:43:42.299, 0, ${V100_GPU_0_UUID}, 00000000:01:00.0, 900, 877, 32.85, 150.00, 55, 53, 0, 8432, P0, Not Active, Not Active, Not Active
2026/07/20 00:43:42.305, 1, ${V100_GPU_1_UUID}, 00000000:02:00.0, 900, 877, 30.76, 150.00, 53, 51, 5, 8674, P0, Not Active, Not Active, Not Active
2026/07/20 00:43:42.438, 0, ${V100_GPU_0_UUID}, 00000000:01:00.0, 900, 877, 32.85, 150.00, 54, 54, 0, 8432, P0, Not Active, Not Active, Not Active
2026/07/20 00:43:42.444, 1, ${V100_GPU_1_UUID}, 00000000:02:00.0, 900, 877, 30.76, 150.00, 53, 52, 5, 8674, P0, Not Active, Not Active, Not Active
2026/07/20 00:43:42.576, 0, ${V100_GPU_0_UUID}, 00000000:01:00.0, 900, 877, 32.83, 150.00, 54, 53, 0, 8432, P0, Not Active, Not Active, Not Active
2026/07/20 00:43:42.582, 1, ${V100_GPU_1_UUID}, 00000000:02:00.0, 900, 877, 30.76, 150.00, 53, 52, 6, 8674, P0, Not Active, Not Active, Not Active
2026/07/20 00:43:42.715, 0, ${V100_GPU_0_UUID}, 00000000:01:00.0, 900, 877, 32.85, 150.00, 54, 54, 0, 8432, P0, Not Active, Not Active, Not Active
2026/07/20 00:43:42.722, 1, ${V100_GPU_1_UUID}, 00000000:02:00.0, 900, 877, 30.76, 150.00, 53, 51, 6, 8674, P0, Not Active, Not Active, Not Active
2026/07/20 00:43:42.854, 0, ${V100_GPU_0_UUID}, 00000000:01:00.0, 900, 877, 32.83, 150.00, 55, 54, 0, 8432, P0, Not Active, Not Active, Not Active
2026/07/20 00:43:42.860, 1, ${V100_GPU_1_UUID}, 00000000:02:00.0, 900, 877, 30.76, 150.00, 53, 52, 7, 8674, P0, Not Active, Not Active, Not Active
2026/07/20 00:43:42.994, 0, ${V100_GPU_0_UUID}, 00000000:01:00.0, 900, 877, 32.87, 150.00, 55, 54, 0, 8432, P0, Not Active, Not Active, Not Active
2026/07/20 00:43:42.999, 1, ${V100_GPU_1_UUID}, 00000000:02:00.0, 900, 877, 30.78, 150.00, 53, 51, 6, 8674, P0, Not Active, Not Active, Not Active
2026/07/20 00:43:43.131, 0, ${V100_GPU_0_UUID}, 00000000:01:00.0, 900, 877, 32.85, 150.00, 54, 54, 0, 8432, P0, Not Active, Not Active, Not Active
2026/07/20 00:43:43.137, 1, ${V100_GPU_1_UUID}, 00000000:02:00.0, 900, 877, 30.78, 150.00, 53, 52, 7, 8674, P0, Not Active, Not Active, Not Active
2026/07/20 00:43:43.302, 0, ${V100_GPU_0_UUID}, 00000000:01:00.0, 900, 877, 32.87, 150.00, 55, 53, 0, 8432, P0, Not Active, Not Active, Not Active
2026/07/20 00:43:43.312, 1, ${V100_GPU_1_UUID}, 00000000:02:00.0, 900, 877, 30.78, 150.00, 53, 52, 5, 8674, P0, Not Active, Not Active, Not Active
2026/07/20 00:43:43.454, 0, ${V100_GPU_0_UUID}, 00000000:01:00.0, 900, 877, 32.87, 150.00, 55, 53, 0, 8432, P0, Not Active, Not Active, Not Active
2026/07/20 00:43:43.460, 1, ${V100_GPU_1_UUID}, 00000000:02:00.0, 900, 877, 30.78, 150.00, 53, 51, 5, 8674, P0, Not Active, Not Active, Not Active
2026/07/20 00:43:43.598, 0, ${V100_GPU_0_UUID}, 00000000:01:00.0, 900, 877, 32.85, 150.00, 54, 53, 0, 8432, P0, Not Active, Not Active, Not Active
2026/07/20 00:43:43.605, 1, ${V100_GPU_1_UUID}, 00000000:02:00.0, 900, 877, 30.78, 150.00, 53, 52, 5, 8674, P0, Not Active, Not Active, Not Active
2026/07/20 00:43:43.742, 0, ${V100_GPU_0_UUID}, 00000000:01:00.0, 900, 877, 32.87, 150.00, 55, 53, 0, 8432, P0, Not Active, Not Active, Not Active
2026/07/20 00:43:43.747, 1, ${V100_GPU_1_UUID}, 00000000:02:00.0, 900, 877, 30.78, 150.00, 53, 52, 5, 8674, P0, Not Active, Not Active, Not Active
2026/07/20 00:43:43.890, 0, ${V100_GPU_0_UUID}, 00000000:01:00.0, 900, 877, 32.85, 150.00, 55, 53, 0, 8432, P0, Not Active, Not Active, Not Active
2026/07/20 00:43:43.896, 1, ${V100_GPU_1_UUID}, 00000000:02:00.0, 900, 877, 30.76, 150.00, 53, 52, 4, 8674, P0, Not Active, Not Active, Not Active
2026/07/20 00:43:44.057, 0, ${V100_GPU_0_UUID}, 00000000:01:00.0, 900, 877, 32.87, 150.00, 55, 53, 0, 8432, P0, Not Active, Not Active, Not Active
2026/07/20 00:43:44.067, 1, ${V100_GPU_1_UUID}, 00000000:02:00.0, 900, 877, 30.80, 150.00, 53, 52, 5, 8674, P0, Not Active, Not Active, Not Active
2026/07/20 00:43:44.202, 0, ${V100_GPU_0_UUID}, 00000000:01:00.0, 900, 877, 32.87, 150.00, 55, 53, 0, 8432, P0, Not Active, Not Active, Not Active
2026/07/20 00:43:44.208, 1, ${V100_GPU_1_UUID}, 00000000:02:00.0, 900, 877, 30.78, 150.00, 53, 51, 6, 8674, P0, Not Active, Not Active, Not Active
2026/07/20 00:43:44.356, 0, ${V100_GPU_0_UUID}, 00000000:01:00.0, 900, 877, 32.87, 150.00, 55, 53, 0, 8432, P0, Not Active, Not Active, Not Active
2026/07/20 00:43:44.362, 1, ${V100_GPU_1_UUID}, 00000000:02:00.0, 900, 877, 30.78, 150.00, 53, 51, 4, 8674, P0, Not Active, Not Active, Not Active
2026/07/20 00:43:44.508, 0, ${V100_GPU_0_UUID}, 00000000:01:00.0, 900, 877, 32.87, 150.00, 55, 54, 0, 8432, P0, Not Active, Not Active, Not Active
2026/07/20 00:43:44.520, 1, ${V100_GPU_1_UUID}, 00000000:02:00.0, 900, 877, 30.78, 150.00, 53, 51, 0, 8674, P0, Not Active, Not Active, Not Active
2026/07/20 00:43:44.659, 0, ${V100_GPU_0_UUID}, 00000000:01:00.0, 900, 877, 32.87, 150.00, 55, 53, 0, 8432, P0, Not Active, Not Active, Not Active
2026/07/20 00:43:44.665, 1, ${V100_GPU_1_UUID}, 00000000:02:00.0, 900, 877, 30.78, 150.00, 53, 51, 0, 8674, P0, Not Active, Not Active, Not Active
2026/07/20 00:43:44.831, 0, ${V100_GPU_0_UUID}, 00000000:01:00.0, 900, 877, 32.87, 150.00, 55, 53, 0, 8432, P0, Not Active, Not Active, Not Active
2026/07/20 00:43:44.838, 1, ${V100_GPU_1_UUID}, 00000000:02:00.0, 900, 877, 30.78, 150.00, 53, 51, 0, 8674, P0, Not Active, Not Active, Not Active
2026/07/20 00:43:45.002, 0, ${V100_GPU_0_UUID}, 00000000:01:00.0, 900, 877, 32.87, 150.00, 54, 53, 0, 8432, P0, Not Active, Not Active, Not Active
2026/07/20 00:43:45.011, 1, ${V100_GPU_1_UUID}, 00000000:02:00.0, 900, 877, 30.78, 150.00, 53, 51, 0, 8674, P0, Not Active, Not Active, Not Active
2026/07/20 00:43:45.151, 0, ${V100_GPU_0_UUID}, 00000000:01:00.0, 900, 877, 32.87, 150.00, 55, 53, 0, 8432, P0, Not Active, Not Active, Not Active
2026/07/20 00:43:45.157, 1, ${V100_GPU_1_UUID}, 00000000:02:00.0, 900, 877, 30.78, 150.00, 53, 51, 0, 8674, P0, Not Active, Not Active, Not Active
2026/07/20 00:43:45.293, 0, ${V100_GPU_0_UUID}, 00000000:01:00.0, 900, 877, 32.85, 150.00, 54, 53, 0, 8432, P0, Not Active, Not Active, Not Active
2026/07/20 00:43:45.301, 1, ${V100_GPU_1_UUID}, 00000000:02:00.0, 900, 877, 30.78, 150.00, 53, 52, 0, 8674, P0, Not Active, Not Active, Not Active
2026/07/20 00:43:45.437, 0, ${V100_GPU_0_UUID}, 00000000:01:00.0, 900, 877, 32.85, 150.00, 54, 53, 0, 8432, P0, Not Active, Not Active, Not Active
2026/07/20 00:43:45.442, 1, ${V100_GPU_1_UUID}, 00000000:02:00.0, 900, 877, 30.78, 150.00, 53, 51, 0, 8674, P0, Not Active, Not Active, Not Active
2026/07/20 00:43:45.606, 0, ${V100_GPU_0_UUID}, 00000000:01:00.0, 900, 877, 32.87, 150.00, 55, 53, 0, 8432, P0, Not Active, Not Active, Not Active
2026/07/20 00:43:45.614, 1, ${V100_GPU_1_UUID}, 00000000:02:00.0, 900, 877, 30.78, 150.00, 53, 52, 0, 8674, P0, Not Active, Not Active, Not Active
2026/07/20 00:43:45.778, 0, ${V100_GPU_0_UUID}, 00000000:01:00.0, 900, 877, 32.87, 150.00, 55, 54, 0, 8432, P0, Not Active, Not Active, Not Active
2026/07/20 00:43:45.785, 1, ${V100_GPU_1_UUID}, 00000000:02:00.0, 900, 877, 30.78, 150.00, 53, 52, 0, 8674, P0, Not Active, Not Active, Not Active
2026/07/20 00:43:45.924, 0, ${V100_GPU_0_UUID}, 00000000:01:00.0, 900, 877, 32.85, 150.00, 55, 54, 0, 8432, P0, Not Active, Not Active, Not Active
2026/07/20 00:43:45.930, 1, ${V100_GPU_1_UUID}, 00000000:02:00.0, 900, 877, 30.78, 150.00, 53, 51, 0, 8674, P0, Not Active, Not Active, Not Active
2026/07/20 00:43:46.080, 0, ${V100_GPU_0_UUID}, 00000000:01:00.0, 900, 877, 32.85, 150.00, 55, 54, 0, 8432, P0, Not Active, Not Active, Not Active
2026/07/20 00:43:46.086, 1, ${V100_GPU_1_UUID}, 00000000:02:00.0, 900, 877, 30.78, 150.00, 53, 52, 2, 8674, P0, Not Active, Not Active, Not Active
2026/07/20 00:43:46.219, 0, ${V100_GPU_0_UUID}, 00000000:01:00.0, 900, 877, 32.85, 150.00, 55, 54, 0, 8432, P0, Not Active, Not Active, Not Active
2026/07/20 00:43:46.224, 1, ${V100_GPU_1_UUID}, 00000000:02:00.0, 900, 877, 30.78, 150.00, 53, 51, 6, 8674, P0, Not Active, Not Active, Not Active
2026/07/20 00:43:46.387, 0, ${V100_GPU_0_UUID}, 00000000:01:00.0, 900, 877, 32.87, 150.00, 54, 53, 0, 8432, P0, Not Active, Not Active, Not Active
2026/07/20 00:43:46.394, 1, ${V100_GPU_1_UUID}, 00000000:02:00.0, 900, 877, 30.78, 150.00, 53, 51, 6, 8674, P0, Not Active, Not Active, Not Active
2026/07/20 00:43:46.555, 0, ${V100_GPU_0_UUID}, 00000000:01:00.0, 900, 877, 32.87, 150.00, 54, 54, 0, 8432, P0, Not Active, Not Active, Not Active
2026/07/20 00:43:46.562, 1, ${V100_GPU_1_UUID}, 00000000:02:00.0, 900, 877, 30.78, 150.00, 53, 51, 6, 8674, P0, Not Active, Not Active, Not Active
2026/07/20 00:43:46.699, 0, ${V100_GPU_0_UUID}, 00000000:01:00.0, 900, 877, 32.85, 150.00, 55, 54, 0, 8432, P0, Not Active, Not Active, Not Active
2026/07/20 00:43:46.705, 1, ${V100_GPU_1_UUID}, 00000000:02:00.0, 900, 877, 30.76, 150.00, 53, 52, 6, 8674, P0, Not Active, Not Active, Not Active
2026/07/20 00:43:46.838, 0, ${V100_GPU_0_UUID}, 00000000:01:00.0, 900, 877, 32.85, 150.00, 55, 53, 0, 8432, P0, Not Active, Not Active, Not Active
2026/07/20 00:43:46.844, 1, ${V100_GPU_1_UUID}, 00000000:02:00.0, 900, 877, 30.78, 150.00, 53, 52, 6, 8674, P0, Not Active, Not Active, Not Active
2026/07/20 00:43:46.979, 0, ${V100_GPU_0_UUID}, 00000000:01:00.0, 900, 877, 32.85, 150.00, 55, 54, 0, 8432, P0, Not Active, Not Active, Not Active
2026/07/20 00:43:46.985, 1, ${V100_GPU_1_UUID}, 00000000:02:00.0, 900, 877, 30.76, 150.00, 53, 51, 5, 8674, P0, Not Active, Not Active, Not Active
2026/07/20 00:43:47.125, 0, ${V100_GPU_0_UUID}, 00000000:01:00.0, 900, 877, 32.87, 150.00, 55, 53, 0, 8432, P0, Not Active, Not Active, Not Active
2026/07/20 00:43:47.133, 1, ${V100_GPU_1_UUID}, 00000000:02:00.0, 900, 877, 30.78, 150.00, 53, 52, 5, 8674, P0, Not Active, Not Active, Not Active
2026/07/20 00:43:47.272, 0, ${V100_GPU_0_UUID}, 00000000:01:00.0, 900, 877, 32.85, 150.00, 55, 54, 0, 8432, P0, Not Active, Not Active, Not Active
2026/07/20 00:43:47.278, 1, ${V100_GPU_1_UUID}, 00000000:02:00.0, 900, 877, 30.76, 150.00, 53, 52, 5, 8674, P0, Not Active, Not Active, Not Active
2026/07/20 00:43:47.412, 0, ${V100_GPU_0_UUID}, 00000000:01:00.0, 900, 877, 32.87, 150.00, 55, 53, 0, 8432, P0, Not Active, Not Active, Not Active
2026/07/20 00:43:47.432, 1, ${V100_GPU_1_UUID}, 00000000:02:00.0, 900, 877, 30.80, 150.00, 53, 51, 4, 8674, P0, Not Active, Not Active, Not Active
2026/07/20 00:43:47.574, 0, ${V100_GPU_0_UUID}, 00000000:01:00.0, 900, 877, 32.85, 150.00, 54, 53, 0, 8432, P0, Not Active, Not Active, Not Active
2026/07/20 00:43:47.581, 1, ${V100_GPU_1_UUID}, 00000000:02:00.0, 900, 877, 30.78, 150.00, 53, 52, 6, 8674, P0, Not Active, Not Active, Not Active
2026/07/20 00:43:47.724, 0, ${V100_GPU_0_UUID}, 00000000:01:00.0, 900, 877, 32.87, 150.00, 55, 53, 0, 8432, P0, Not Active, Not Active, Not Active
2026/07/20 00:43:47.735, 1, ${V100_GPU_1_UUID}, 00000000:02:00.0, 900, 877, 30.78, 150.00, 53, 52, 5, 8674, P0, Not Active, Not Active, Not Active
2026/07/20 00:43:47.881, 0, ${V100_GPU_0_UUID}, 00000000:01:00.0, 900, 877, 32.87, 150.00, 55, 53, 0, 8432, P0, Not Active, Not Active, Not Active
2026/07/20 00:43:47.890, 1, ${V100_GPU_1_UUID}, 00000000:02:00.0, 900, 877, 30.78, 150.00, 53, 52, 6, 8674, P0, Not Active, Not Active, Not Active
2026/07/20 00:43:48.038, 0, ${V100_GPU_0_UUID}, 00000000:01:00.0, 900, 877, 32.85, 150.00, 55, 53, 0, 8432, P0, Not Active, Not Active, Not Active
2026/07/20 00:43:48.044, 1, ${V100_GPU_1_UUID}, 00000000:02:00.0, 900, 877, 30.76, 150.00, 53, 52, 7, 8674, P0, Not Active, Not Active, Not Active
2026/07/20 00:43:48.177, 0, ${V100_GPU_0_UUID}, 00000000:01:00.0, 900, 877, 32.85, 150.00, 55, 53, 0, 8432, P0, Not Active, Not Active, Not Active
2026/07/20 00:43:48.183, 1, ${V100_GPU_1_UUID}, 00000000:02:00.0, 900, 877, 30.78, 150.00, 53, 51, 7, 8674, P0, Not Active, Not Active, Not Active
2026/07/20 00:43:48.319, 0, ${V100_GPU_0_UUID}, 00000000:01:00.0, 900, 877, 32.85, 150.00, 55, 53, 0, 8432, P0, Not Active, Not Active, Not Active
2026/07/20 00:43:48.324, 1, ${V100_GPU_1_UUID}, 00000000:02:00.0, 900, 877, 30.76, 150.00, 53, 52, 5, 8674, P0, Not Active, Not Active, Not Active
2026/07/20 00:43:48.489, 0, ${V100_GPU_0_UUID}, 00000000:01:00.0, 900, 877, 32.87, 150.00, 55, 54, 0, 8432, P0, Not Active, Not Active, Not Active
2026/07/20 00:43:48.496, 1, ${V100_GPU_1_UUID}, 00000000:02:00.0, 900, 877, 30.78, 150.00, 53, 51, 20, 8674, P0, Not Active, Not Active, Not Active
2026/07/20 00:43:48.631, 0, ${V100_GPU_0_UUID}, 00000000:01:00.0, 900, 877, 32.85, 150.00, 55, 53, 0, 8432, P0, Not Active, Not Active, Not Active
2026/07/20 00:43:48.637, 1, ${V100_GPU_1_UUID}, 00000000:02:00.0, 900, 877, 30.76, 150.00, 53, 52, 10, 8674, P0, Not Active, Not Active, Not Active
2026/07/20 00:43:49.220, 0, ${V100_GPU_0_UUID}, 00000000:01:00.0, 900, 877, 32.87, 150.00, 55, 53, 0, 8432, P0, Not Active, Not Active, Not Active
2026/07/20 00:43:49.227, 1, ${V100_GPU_1_UUID}, 00000000:02:00.0, 900, 877, 30.78, 150.00, 53, 52, 0, 8674, P0, Not Active, Not Active, Not Active
2026/07/20 00:43:49.392, 0, ${V100_GPU_0_UUID}, 00000000:01:00.0, 900, 877, 32.87, 150.00, 55, 54, 0, 8432, P0, Not Active, Not Active, Not Active
2026/07/20 00:43:49.401, 1, ${V100_GPU_1_UUID}, 00000000:02:00.0, 900, 877, 30.78, 150.00, 53, 52, 0, 8674, P0, Not Active, Not Active, Not Active
2026/07/20 00:43:49.540, 0, ${V100_GPU_0_UUID}, 00000000:01:00.0, 900, 877, 32.85, 150.00, 55, 53, 0, 8432, P0, Not Active, Not Active, Not Active
2026/07/20 00:43:49.546, 1, ${V100_GPU_1_UUID}, 00000000:02:00.0, 900, 877, 30.78, 150.00, 53, 52, 0, 8674, P0, Not Active, Not Active, Not Active
2026/07/20 00:43:49.711, 0, ${V100_GPU_0_UUID}, 00000000:01:00.0, 900, 877, 32.87, 150.00, 55, 53, 0, 8432, P0, Not Active, Not Active, Not Active
2026/07/20 00:43:49.718, 1, ${V100_GPU_1_UUID}, 00000000:02:00.0, 900, 877, 30.78, 150.00, 53, 51, 0, 8674, P0, Not Active, Not Active, Not Active
2026/07/20 00:43:49.885, 0, ${V100_GPU_0_UUID}, 00000000:01:00.0, 900, 877, 32.87, 150.00, 55, 54, 0, 8432, P0, Not Active, Not Active, Not Active
2026/07/20 00:43:49.893, 1, ${V100_GPU_1_UUID}, 00000000:02:00.0, 900, 877, 30.78, 150.00, 53, 51, 0, 8674, P0, Not Active, Not Active, Not Active
2026/07/20 00:43:50.058, 0, ${V100_GPU_0_UUID}, 00000000:01:00.0, 900, 877, 32.87, 150.00, 55, 53, 0, 8432, P0, Not Active, Not Active, Not Active
2026/07/20 00:43:50.066, 1, ${V100_GPU_1_UUID}, 00000000:02:00.0, 900, 877, 30.78, 150.00, 53, 51, 0, 8674, P0, Not Active, Not Active, Not Active
2026/07/20 00:43:50.210, 0, ${V100_GPU_0_UUID}, 00000000:01:00.0, 900, 877, 32.87, 150.00, 55, 54, 0, 8432, P0, Not Active, Not Active, Not Active
2026/07/20 00:43:50.219, 1, ${V100_GPU_1_UUID}, 00000000:02:00.0, 900, 877, 30.78, 150.00, 53, 52, 0, 8674, P0, Not Active, Not Active, Not Active
2026/07/20 00:43:50.387, 0, ${V100_GPU_0_UUID}, 00000000:01:00.0, 900, 877, 32.87, 150.00, 55, 54, 0, 8432, P0, Not Active, Not Active, Not Active
2026/07/20 00:43:50.394, 1, ${V100_GPU_1_UUID}, 00000000:02:00.0, 900, 877, 30.78, 150.00, 53, 52, 0, 8674, P0, Not Active, Not Active, Not Active
2026/07/20 00:43:50.532, 0, ${V100_GPU_0_UUID}, 00000000:01:00.0, 900, 877, 32.87, 150.00, 55, 53, 0, 8432, P0, Not Active, Not Active, Not Active
2026/07/20 00:43:50.538, 1, ${V100_GPU_1_UUID}, 00000000:02:00.0, 900, 877, 30.78, 150.00, 53, 51, 0, 8674, P0, Not Active, Not Active, Not Active
2026/07/20 00:43:50.702, 0, ${V100_GPU_0_UUID}, 00000000:01:00.0, 900, 877, 32.87, 150.00, 55, 53, 0, 8432, P0, Not Active, Not Active, Not Active
2026/07/20 00:43:50.711, 1, ${V100_GPU_1_UUID}, 00000000:02:00.0, 900, 877, 30.78, 150.00, 53, 52, 0, 8674, P0, Not Active, Not Active, Not Active
2026/07/20 00:43:50.877, 0, ${V100_GPU_0_UUID}, 00000000:01:00.0, 900, 877, 32.87, 150.00, 55, 53, 0, 8432, P0, Not Active, Not Active, Not Active
2026/07/20 00:43:50.886, 1, ${V100_GPU_1_UUID}, 00000000:02:00.0, 900, 877, 30.78, 150.00, 53, 52, 0, 8674, P0, Not Active, Not Active, Not Active
2026/07/20 00:43:51.025, 0, ${V100_GPU_0_UUID}, 00000000:01:00.0, 900, 877, 32.85, 150.00, 55, 54, 0, 8432, P0, Not Active, Not Active, Not Active
2026/07/20 00:43:51.031, 1, ${V100_GPU_1_UUID}, 00000000:02:00.0, 900, 877, 30.78, 150.00, 53, 52, 0, 8674, P0, Not Active, Not Active, Not Active
2026/07/20 00:43:51.196, 0, ${V100_GPU_0_UUID}, 00000000:01:00.0, 900, 877, 32.87, 150.00, 55, 54, 0, 8432, P0, Not Active, Not Active, Not Active
2026/07/20 00:43:51.204, 1, ${V100_GPU_1_UUID}, 00000000:02:00.0, 900, 877, 30.78, 150.00, 53, 52, 0, 8674, P0, Not Active, Not Active, Not Active
2026/07/20 00:43:51.343, 0, ${V100_GPU_0_UUID}, 00000000:01:00.0, 900, 877, 32.85, 150.00, 55, 53, 0, 8432, P0, Not Active, Not Active, Not Active
2026/07/20 00:43:51.351, 1, ${V100_GPU_1_UUID}, 00000000:02:00.0, 900, 877, 30.78, 150.00, 53, 51, 0, 8674, P0, Not Active, Not Active, Not Active
2026/07/20 00:43:51.516, 0, ${V100_GPU_0_UUID}, 00000000:01:00.0, 900, 877, 32.87, 150.00, 55, 53, 0, 8432, P0, Not Active, Not Active, Not Active
2026/07/20 00:43:51.523, 1, ${V100_GPU_1_UUID}, 00000000:02:00.0, 900, 877, 30.78, 150.00, 53, 52, 0, 8674, P0, Not Active, Not Active, Not Active
2026/07/20 00:43:51.690, 0, ${V100_GPU_0_UUID}, 00000000:01:00.0, 900, 877, 32.87, 150.00, 55, 53, 0, 8432, P0, Not Active, Not Active, Not Active
2026/07/20 00:43:51.699, 1, ${V100_GPU_1_UUID}, 00000000:02:00.0, 900, 877, 30.78, 150.00, 53, 51, 0, 8674, P0, Not Active, Not Active, Not Active
2026/07/20 00:43:51.863, 0, ${V100_GPU_0_UUID}, 00000000:01:00.0, 900, 877, 32.87, 150.00, 55, 53, 0, 8432, P0, Not Active, Not Active, Not Active
2026/07/20 00:43:51.871, 1, ${V100_GPU_1_UUID}, 00000000:02:00.0, 900, 877, 30.78, 150.00, 53, 52, 2, 8674, P0, Not Active, Not Active, Not Active
2026/07/20 00:43:52.008, 0, ${V100_GPU_0_UUID}, 00000000:01:00.0, 900, 877, 32.85, 150.00, 55, 54, 0, 8432, P0, Not Active, Not Active, Not Active
2026/07/20 00:43:52.014, 1, ${V100_GPU_1_UUID}, 00000000:02:00.0, 900, 877, 30.76, 150.00, 53, 51, 5, 8674, P0, Not Active, Not Active, Not Active
2026/07/20 00:43:52.173, 0, ${V100_GPU_0_UUID}, 00000000:01:00.0, 900, 877, 32.89, 150.00, 55, 54, 0, 8432, P0, Not Active, Not Active, Not Active
2026/07/20 00:43:52.183, 1, ${V100_GPU_1_UUID}, 00000000:02:00.0, 900, 877, 31.28, 150.00, 53, 52, 5, 8674, P0, Not Active, Not Active, Not Active
2026/07/20 00:43:52.319, 0, ${V100_GPU_0_UUID}, 00000000:01:00.0, 900, 877, 32.85, 150.00, 55, 53, 0, 8432, P0, Not Active, Not Active, Not Active
2026/07/20 00:43:52.325, 1, ${V100_GPU_1_UUID}, 00000000:02:00.0, 900, 877, 30.76, 150.00, 53, 52, 10, 8674, P0, Not Active, Not Active, Not Active
2026/07/20 00:43:52.488, 0, ${V100_GPU_0_UUID}, 00000000:01:00.0, 900, 877, 32.87, 150.00, 55, 54, 0, 8432, P0, Not Active, Not Active, Not Active
2026/07/20 00:43:52.495, 1, ${V100_GPU_1_UUID}, 00000000:02:00.0, 900, 877, 30.80, 150.00, 53, 52, 18, 8674, P0, Not Active, Not Active, Not Active
2026/07/20 00:43:52.630, 0, ${V100_GPU_0_UUID}, 00000000:01:00.0, 900, 877, 32.87, 150.00, 55, 53, 0, 8432, P0, Not Active, Not Active, Not Active
2026/07/20 00:43:52.636, 1, ${V100_GPU_1_UUID}, 00000000:02:00.0, 900, 877, 30.78, 150.00, 53, 52, 12, 8674, P0, Not Active, Not Active, Not Active
2026/07/20 00:43:52.774, 0, ${V100_GPU_0_UUID}, 00000000:01:00.0, 900, 877, 32.85, 150.00, 55, 53, 0, 8432, P0, Not Active, Not Active, Not Active
2026/07/20 00:43:52.779, 1, ${V100_GPU_1_UUID}, 00000000:02:00.0, 900, 877, 30.76, 150.00, 53, 51, 4, 8674, P0, Not Active, Not Active, Not Active
2026/07/20 00:43:52.914, 0, ${V100_GPU_0_UUID}, 00000000:01:00.0, 900, 877, 32.85, 150.00, 55, 54, 0, 8432, P0, Not Active, Not Active, Not Active
2026/07/20 00:43:52.920, 1, ${V100_GPU_1_UUID}, 00000000:02:00.0, 900, 877, 30.76, 150.00, 53, 52, 9, 8674, P0, Not Active, Not Active, Not Active
2026/07/20 00:43:53.083, 0, ${V100_GPU_0_UUID}, 00000000:01:00.0, 900, 877, 32.85, 150.00, 55, 53, 0, 8432, P0, Not Active, Not Active, Not Active
2026/07/20 00:43:53.089, 1, ${V100_GPU_1_UUID}, 00000000:02:00.0, 900, 877, 30.76, 150.00, 53, 52, 2, 8674, P0, Not Active, Not Active, Not Active
2026/07/20 00:43:53.222, 0, ${V100_GPU_0_UUID}, 00000000:01:00.0, 900, 877, 32.85, 150.00, 55, 53, 0, 8432, P0, Not Active, Not Active, Not Active
2026/07/20 00:43:53.228, 1, ${V100_GPU_1_UUID}, 00000000:02:00.0, 900, 877, 30.78, 150.00, 53, 52, 2, 8674, P0, Not Active, Not Active, Not Active
2026/07/20 00:43:53.392, 0, ${V100_GPU_0_UUID}, 00000000:01:00.0, 900, 877, 32.87, 150.00, 55, 53, 0, 8432, P0, Not Active, Not Active, Not Active
2026/07/20 00:43:53.399, 1, ${V100_GPU_1_UUID}, 00000000:02:00.0, 900, 877, 30.78, 150.00, 53, 52, 1, 8674, P0, Not Active, Not Active, Not Active
2026/07/20 00:43:53.566, 0, ${V100_GPU_0_UUID}, 00000000:01:00.0, 900, 877, 32.87, 150.00, 55, 53, 0, 8432, P0, Not Active, Not Active, Not Active
2026/07/20 00:43:53.574, 1, ${V100_GPU_1_UUID}, 00000000:02:00.0, 900, 877, 30.78, 150.00, 53, 52, 0, 8674, P0, Not Active, Not Active, Not Active
2026/07/20 00:43:53.738, 0, ${V100_GPU_0_UUID}, 00000000:01:00.0, 900, 877, 32.87, 150.00, 55, 54, 0, 8432, P0, Not Active, Not Active, Not Active
2026/07/20 00:43:53.744, 1, ${V100_GPU_1_UUID}, 00000000:02:00.0, 900, 877, 30.80, 150.00, 53, 52, 0, 8674, P0, Not Active, Not Active, Not Active
2026/07/20 00:43:53.878, 0, ${V100_GPU_0_UUID}, 00000000:01:00.0, 900, 877, 32.87, 150.00, 55, 53, 0, 8432, P0, Not Active, Not Active, Not Active
2026/07/20 00:43:53.884, 1, ${V100_GPU_1_UUID}, 00000000:02:00.0, 900, 877, 30.78, 150.00, 53, 51, 0, 8674, P0, Not Active, Not Active, Not Active
2026/07/20 00:43:54.050, 0, ${V100_GPU_0_UUID}, 00000000:01:00.0, 900, 877, 32.87, 150.00, 55, 54, 0, 8432, P0, Not Active, Not Active, Not Active
2026/07/20 00:43:54.058, 1, ${V100_GPU_1_UUID}, 00000000:02:00.0, 900, 877, 30.78, 150.00, 53, 51, 0, 8674, P0, Not Active, Not Active, Not Active
2026/07/20 00:43:54.196, 0, ${V100_GPU_0_UUID}, 00000000:01:00.0, 900, 877, 32.85, 150.00, 55, 54, 0, 8432, P0, Not Active, Not Active, Not Active
2026/07/20 00:43:54.202, 1, ${V100_GPU_1_UUID}, 00000000:02:00.0, 900, 877, 30.78, 150.00, 53, 52, 0, 8674, P0, Not Active, Not Active, Not Active
2026/07/20 00:43:54.354, 0, ${V100_GPU_0_UUID}, 00000000:01:00.0, 900, 877, 32.87, 150.00, 55, 53, 0, 8432, P0, Not Active, Not Active, Not Active
2026/07/20 00:43:54.367, 1, ${V100_GPU_1_UUID}, 00000000:02:00.0, 900, 877, 30.78, 150.00, 53, 51, 0, 8674, P0, Not Active, Not Active, Not Active
2026/07/20 00:43:54.582, 0, ${V100_GPU_0_UUID}, 00000000:01:00.0, 900, 877, 32.87, 150.00, 55, 54, 0, 8432, P0, Not Active, Not Active, Not Active
2026/07/20 00:43:54.589, 1, ${V100_GPU_1_UUID}, 00000000:02:00.0, 900, 877, 30.78, 150.00, 53, 52, 2, 8674, P0, Not Active, Not Active, Not Active
2026/07/20 00:43:54.747, 0, ${V100_GPU_0_UUID}, 00000000:01:00.0, 900, 877, 32.87, 150.00, 55, 53, 0, 8432, P0, Not Active, Not Active, Not Active
2026/07/20 00:43:54.753, 1, ${V100_GPU_1_UUID}, 00000000:02:00.0, 900, 877, 30.78, 150.00, 53, 52, 2, 8674, P0, Not Active, Not Active, Not Active
2026/07/20 00:43:54.886, 0, ${V100_GPU_0_UUID}, 00000000:01:00.0, 900, 877, 32.85, 150.00, 55, 53, 0, 8432, P0, Not Active, Not Active, Not Active
2026/07/20 00:43:54.892, 1, ${V100_GPU_1_UUID}, 00000000:02:00.0, 900, 877, 30.76, 150.00, 53, 51, 4, 8674, P0, Not Active, Not Active, Not Active
2026/07/20 00:43:55.025, 0, ${V100_GPU_0_UUID}, 00000000:01:00.0, 900, 877, 32.85, 150.00, 55, 54, 0, 8432, P0, Not Active, Not Active, Not Active
2026/07/20 00:43:55.031, 1, ${V100_GPU_1_UUID}, 00000000:02:00.0, 900, 877, 30.78, 150.00, 53, 51, 4, 8674, P0, Not Active, Not Active, Not Active
2026/07/20 00:43:55.181, 0, ${V100_GPU_0_UUID}, 00000000:01:00.0, 900, 877, 32.85, 150.00, 55, 54, 0, 8432, P0, Not Active, Not Active, Not Active
2026/07/20 00:43:55.187, 1, ${V100_GPU_1_UUID}, 00000000:02:00.0, 900, 877, 30.78, 150.00, 53, 52, 5, 8674, P0, Not Active, Not Active, Not Active
2026/07/20 00:43:55.348, 0, ${V100_GPU_0_UUID}, 00000000:01:00.0, 900, 877, 32.87, 150.00, 55, 54, 0, 8432, P0, Not Active, Not Active, Not Active
2026/07/20 00:43:55.355, 1, ${V100_GPU_1_UUID}, 00000000:02:00.0, 900, 877, 30.78, 150.00, 53, 52, 5, 8674, P0, Not Active, Not Active, Not Active
2026/07/20 00:43:55.515, 0, ${V100_GPU_0_UUID}, 00000000:01:00.0, 900, 877, 32.87, 150.00, 55, 54, 0, 8432, P0, Not Active, Not Active, Not Active
2026/07/20 00:43:55.521, 1, ${V100_GPU_1_UUID}, 00000000:02:00.0, 900, 877, 30.78, 150.00, 53, 51, 4, 8674, P0, Not Active, Not Active, Not Active
2026/07/20 00:43:55.667, 0, ${V100_GPU_0_UUID}, 00000000:01:00.0, 900, 877, 32.85, 150.00, 55, 54, 0, 8432, P0, Not Active, Not Active, Not Active
2026/07/20 00:43:55.673, 1, ${V100_GPU_1_UUID}, 00000000:02:00.0, 900, 877, 30.76, 150.00, 53, 51, 4, 8674, P0, Not Active, Not Active, Not Active
2026/07/20 00:43:55.829, 0, ${V100_GPU_0_UUID}, 00000000:01:00.0, 900, 877, 32.87, 150.00, 55, 54, 0, 8432, P0, Not Active, Not Active, Not Active
2026/07/20 00:43:55.835, 1, ${V100_GPU_1_UUID}, 00000000:02:00.0, 900, 877, 30.78, 150.00, 53, 52, 2, 8674, P0, Not Active, Not Active, Not Active
2026/07/20 00:43:55.988, 0, ${V100_GPU_0_UUID}, 00000000:01:00.0, 900, 877, 32.85, 150.00, 55, 53, 0, 8432, P0, Not Active, Not Active, Not Active
2026/07/20 00:43:55.994, 1, ${V100_GPU_1_UUID}, 00000000:02:00.0, 900, 877, 30.78, 150.00, 53, 52, 5, 8674, P0, Not Active, Not Active, Not Active
2026/07/20 00:43:56.127, 0, ${V100_GPU_0_UUID}, 00000000:01:00.0, 900, 877, 32.87, 150.00, 55, 54, 0, 8432, P0, Not Active, Not Active, Not Active
2026/07/20 00:43:56.133, 1, ${V100_GPU_1_UUID}, 00000000:02:00.0, 900, 877, 30.78, 150.00, 53, 52, 7, 8674, P0, Not Active, Not Active, Not Active
2026/07/20 00:43:56.266, 0, ${V100_GPU_0_UUID}, 00000000:01:00.0, 900, 877, 32.85, 150.00, 55, 54, 0, 8432, P0, Not Active, Not Active, Not Active
2026/07/20 00:43:56.271, 1, ${V100_GPU_1_UUID}, 00000000:02:00.0, 900, 877, 30.78, 150.00, 53, 52, 4, 8674, P0, Not Active, Not Active, Not Active
2026/07/20 00:43:56.419, 0, ${V100_GPU_0_UUID}, 00000000:01:00.0, 900, 877, 32.87, 150.00, 55, 53, 0, 8432, P0, Not Active, Not Active, Not Active
2026/07/20 00:43:56.424, 1, ${V100_GPU_1_UUID}, 00000000:02:00.0, 900, 877, 30.78, 150.00, 53, 52, 4, 8674, P0, Not Active, Not Active, Not Active
2026/07/20 00:43:56.571, 0, ${V100_GPU_0_UUID}, 00000000:01:00.0, 900, 877, 32.87, 150.00, 55, 54, 0, 8432, P0, Not Active, Not Active, Not Active
2026/07/20 00:43:56.579, 1, ${V100_GPU_1_UUID}, 00000000:02:00.0, 900, 877, 30.78, 150.00, 53, 51, 5, 8674, P0, Not Active, Not Active, Not Active
2026/07/20 00:43:56.743, 0, ${V100_GPU_0_UUID}, 00000000:01:00.0, 900, 877, 32.87, 150.00, 55, 54, 0, 8432, P0, Not Active, Not Active, Not Active
2026/07/20 00:43:56.750, 1, ${V100_GPU_1_UUID}, 00000000:02:00.0, 900, 877, 30.78, 150.00, 53, 52, 6, 8674, P0, Not Active, Not Active, Not Active
2026/07/20 00:43:56.886, 0, ${V100_GPU_0_UUID}, 00000000:01:00.0, 900, 877, 32.87, 150.00, 55, 54, 0, 8432, P0, Not Active, Not Active, Not Active
2026/07/20 00:43:56.892, 1, ${V100_GPU_1_UUID}, 00000000:02:00.0, 900, 877, 30.78, 150.00, 53, 52, 4, 8674, P0, Not Active, Not Active, Not Active
2026/07/20 00:43:57.028, 0, ${V100_GPU_0_UUID}, 00000000:01:00.0, 900, 877, 32.87, 150.00, 55, 54, 0, 8432, P0, Not Active, Not Active, Not Active
2026/07/20 00:43:57.033, 1, ${V100_GPU_1_UUID}, 00000000:02:00.0, 900, 877, 30.78, 150.00, 53, 51, 9, 8674, P0, Not Active, Not Active, Not Active
2026/07/20 00:43:57.173, 0, ${V100_GPU_0_UUID}, 00000000:01:00.0, 900, 877, 32.87, 150.00, 55, 54, 0, 8432, P0, Not Active, Not Active, Not Active
2026/07/20 00:43:57.180, 1, ${V100_GPU_1_UUID}, 00000000:02:00.0, 900, 877, 30.80, 150.00, 53, 52, 7, 8674, P0, Not Active, Not Active, Not Active
2026/07/20 00:43:57.316, 0, ${V100_GPU_0_UUID}, 00000000:01:00.0, 900, 877, 32.85, 150.00, 55, 53, 0, 8432, P0, Not Active, Not Active, Not Active
2026/07/20 00:43:57.322, 1, ${V100_GPU_1_UUID}, 00000000:02:00.0, 900, 877, 30.78, 150.00, 53, 51, 5, 8674, P0, Not Active, Not Active, Not Active
2026/07/20 00:43:57.483, 0, ${V100_GPU_0_UUID}, 00000000:01:00.0, 900, 877, 32.87, 150.00, 55, 53, 0, 8432, P0, Not Active, Not Active, Not Active
2026/07/20 00:43:57.491, 1, ${V100_GPU_1_UUID}, 00000000:02:00.0, 900, 877, 30.78, 150.00, 53, 52, 8, 8674, P0, Not Active, Not Active, Not Active
2026/07/20 00:43:57.629, 0, ${V100_GPU_0_UUID}, 00000000:01:00.0, 900, 877, 32.87, 150.00, 55, 53, 0, 8432, P0, Not Active, Not Active, Not Active
2026/07/20 00:43:57.647, 1, ${V100_GPU_1_UUID}, 00000000:02:00.0, 900, 877, 30.80, 150.00, 53, 51, 6, 8674, P0, Not Active, Not Active, Not Active
2026/07/20 00:43:57.805, 0, ${V100_GPU_0_UUID}, 00000000:01:00.0, 900, 877, 32.87, 150.00, 55, 53, 0, 8432, P0, Not Active, Not Active, Not Active
2026/07/20 00:43:57.811, 1, ${V100_GPU_1_UUID}, 00000000:02:00.0, 900, 877, 30.78, 150.00, 53, 52, 9, 8674, P0, Not Active, Not Active, Not Active
2026/07/20 00:43:57.976, 0, ${V100_GPU_0_UUID}, 00000000:01:00.0, 900, 877, 32.87, 150.00, 55, 54, 0, 8432, P0, Not Active, Not Active, Not Active
2026/07/20 00:43:57.983, 1, ${V100_GPU_1_UUID}, 00000000:02:00.0, 900, 877, 30.78, 150.00, 53, 51, 5, 8674, P0, Not Active, Not Active, Not Active
2026/07/20 00:43:58.166, 0, ${V100_GPU_0_UUID}, 00000000:01:00.0, 900, 877, 32.85, 150.00, 55, 54, 0, 8432, P0, Not Active, Not Active, Not Active
2026/07/20 00:43:58.172, 1, ${V100_GPU_1_UUID}, 00000000:02:00.0, 900, 877, 30.76, 150.00, 53, 52, 5, 8674, P0, Not Active, Not Active, Not Active
2026/07/20 00:43:58.316, 0, ${V100_GPU_0_UUID}, 00000000:01:00.0, 900, 877, 32.85, 150.00, 55, 53, 0, 8432, P0, Not Active, Not Active, Not Active
2026/07/20 00:43:58.322, 1, ${V100_GPU_1_UUID}, 00000000:02:00.0, 900, 877, 30.76, 150.00, 53, 51, 3, 8674, P0, Not Active, Not Active, Not Active
2026/07/20 00:43:58.487, 0, ${V100_GPU_0_UUID}, 00000000:01:00.0, 900, 877, 32.87, 150.00, 55, 54, 0, 8432, P0, Not Active, Not Active, Not Active
2026/07/20 00:43:58.495, 1, ${V100_GPU_1_UUID}, 00000000:02:00.0, 900, 877, 30.78, 150.00, 53, 52, 5, 8674, P0, Not Active, Not Active, Not Active
2026/07/20 00:43:58.654, 0, ${V100_GPU_0_UUID}, 00000000:01:00.0, 900, 877, 32.87, 150.00, 55, 53, 0, 8432, P0, Not Active, Not Active, Not Active
2026/07/20 00:43:58.674, 1, ${V100_GPU_1_UUID}, 00000000:02:00.0, 900, 877, 30.80, 150.00, 53, 51, 8, 8674, P0, Not Active, Not Active, Not Active
2026/07/20 00:43:58.825, 0, ${V100_GPU_0_UUID}, 00000000:01:00.0, 900, 877, 32.85, 150.00, 55, 53, 0, 8432, P0, Not Active, Not Active, Not Active
2026/07/20 00:43:58.831, 1, ${V100_GPU_1_UUID}, 00000000:02:00.0, 900, 877, 30.76, 150.00, 53, 52, 5, 8674, P0, Not Active, Not Active, Not Active
2026/07/20 00:43:58.994, 0, ${V100_GPU_0_UUID}, 00000000:01:00.0, 900, 877, 32.87, 150.00, 55, 54, 0, 8432, P0, Not Active, Not Active, Not Active
2026/07/20 00:43:59.001, 1, ${V100_GPU_1_UUID}, 00000000:02:00.0, 900, 877, 30.78, 150.00, 53, 52, 6, 8674, P0, Not Active, Not Active, Not Active
2026/07/20 00:43:59.165, 0, ${V100_GPU_0_UUID}, 00000000:01:00.0, 900, 877, 32.87, 150.00, 55, 54, 0, 8432, P0, Not Active, Not Active, Not Active
2026/07/20 00:43:59.171, 1, ${V100_GPU_1_UUID}, 00000000:02:00.0, 900, 877, 30.78, 150.00, 53, 51, 4, 8674, P0, Not Active, Not Active, Not Active
2026/07/20 00:43:59.336, 0, ${V100_GPU_0_UUID}, 00000000:01:00.0, 900, 877, 32.87, 150.00, 55, 54, 0, 8432, P0, Not Active, Not Active, Not Active
2026/07/20 00:43:59.344, 1, ${V100_GPU_1_UUID}, 00000000:02:00.0, 900, 877, 30.78, 150.00, 53, 52, 0, 8674, P0, Not Active, Not Active, Not Active
2026/07/20 00:43:59.508, 0, ${V100_GPU_0_UUID}, 00000000:01:00.0, 900, 877, 32.87, 150.00, 55, 54, 0, 8432, P0, Not Active, Not Active, Not Active
2026/07/20 00:43:59.517, 1, ${V100_GPU_1_UUID}, 00000000:02:00.0, 900, 877, 30.78, 150.00, 53, 52, 0, 8674, P0, Not Active, Not Active, Not Active
2026/07/20 00:44:00.020, 0, ${V100_GPU_0_UUID}, 00000000:01:00.0, 900, 877, 32.87, 150.00, 55, 54, 0, 8432, P0, Not Active, Not Active, Not Active
2026/07/20 00:44:00.028, 1, ${V100_GPU_1_UUID}, 00000000:02:00.0, 900, 877, 30.78, 150.00, 53, 51, 0, 8674, P0, Not Active, Not Active, Not Active
2026/07/20 00:44:00.195, 0, ${V100_GPU_0_UUID}, 00000000:01:00.0, 900, 877, 32.87, 150.00, 55, 54, 0, 8432, P0, Not Active, Not Active, Not Active
2026/07/20 00:44:00.203, 1, ${V100_GPU_1_UUID}, 00000000:02:00.0, 900, 877, 30.78, 150.00, 53, 52, 0, 8674, P0, Not Active, Not Active, Not Active
2026/07/20 00:44:00.367, 0, ${V100_GPU_0_UUID}, 00000000:01:00.0, 900, 877, 32.87, 150.00, 55, 54, 0, 8432, P0, Not Active, Not Active, Not Active
2026/07/20 00:44:00.376, 1, ${V100_GPU_1_UUID}, 00000000:02:00.0, 900, 877, 30.78, 150.00, 53, 52, 0, 8674, P0, Not Active, Not Active, Not Active
2026/07/20 00:44:00.511, 0, ${V100_GPU_0_UUID}, 00000000:01:00.0, 900, 877, 32.87, 150.00, 55, 53, 0, 8432, P0, Not Active, Not Active, Not Active
2026/07/20 00:44:00.517, 1, ${V100_GPU_1_UUID}, 00000000:02:00.0, 900, 877, 30.78, 150.00, 53, 52, 0, 8674, P0, Not Active, Not Active, Not Active
2026/07/20 00:44:00.651, 0, ${V100_GPU_0_UUID}, 00000000:01:00.0, 900, 877, 32.87, 150.00, 55, 54, 0, 8432, P0, Not Active, Not Active, Not Active
2026/07/20 00:44:00.657, 1, ${V100_GPU_1_UUID}, 00000000:02:00.0, 900, 877, 30.78, 150.00, 53, 51, 6, 8674, P0, Not Active, Not Active, Not Active
2026/07/20 00:44:00.791, 0, ${V100_GPU_0_UUID}, 00000000:01:00.0, 900, 877, 32.85, 150.00, 55, 54, 0, 8432, P0, Not Active, Not Active, Not Active
2026/07/20 00:44:00.797, 1, ${V100_GPU_1_UUID}, 00000000:02:00.0, 900, 877, 30.76, 150.00, 53, 52, 7, 8674, P0, Not Active, Not Active, Not Active
2026/07/20 00:44:00.933, 0, ${V100_GPU_0_UUID}, 00000000:01:00.0, 900, 877, 32.85, 150.00, 55, 54, 0, 8432, P0, Not Active, Not Active, Not Active
2026/07/20 00:44:00.940, 1, ${V100_GPU_1_UUID}, 00000000:02:00.0, 900, 877, 30.76, 150.00, 53, 52, 7, 8674, P0, Not Active, Not Active, Not Active
2026/07/20 00:44:01.074, 0, ${V100_GPU_0_UUID}, 00000000:01:00.0, 900, 877, 32.85, 150.00, 55, 53, 0, 8432, P0, Not Active, Not Active, Not Active
2026/07/20 00:44:01.081, 1, ${V100_GPU_1_UUID}, 00000000:02:00.0, 900, 877, 30.78, 150.00, 53, 51, 5, 8674, P0, Not Active, Not Active, Not Active
2026/07/20 00:44:01.217, 0, ${V100_GPU_0_UUID}, 00000000:01:00.0, 900, 877, 32.85, 150.00, 55, 54, 0, 8432, P0, Not Active, Not Active, Not Active
2026/07/20 00:44:01.222, 1, ${V100_GPU_1_UUID}, 00000000:02:00.0, 900, 877, 30.76, 150.00, 53, 52, 7, 8674, P0, Not Active, Not Active, Not Active
2026/07/20 00:44:01.356, 0, ${V100_GPU_0_UUID}, 00000000:01:00.0, 900, 877, 32.85, 150.00, 55, 53, 0, 8432, P0, Not Active, Not Active, Not Active
2026/07/20 00:44:01.362, 1, ${V100_GPU_1_UUID}, 00000000:02:00.0, 900, 877, 30.76, 150.00, 53, 51, 5, 8674, P0, Not Active, Not Active, Not Active
2026/07/20 00:44:01.503, 0, ${V100_GPU_0_UUID}, 00000000:01:00.0, 900, 877, 32.85, 150.00, 55, 54, 0, 8432, P0, Not Active, Not Active, Not Active
2026/07/20 00:44:01.508, 1, ${V100_GPU_1_UUID}, 00000000:02:00.0, 900, 877, 30.76, 150.00, 53, 52, 4, 8674, P0, Not Active, Not Active, Not Active
2026/07/20 00:44:01.642, 0, ${V100_GPU_0_UUID}, 00000000:01:00.0, 900, 877, 32.85, 150.00, 55, 54, 0, 8432, P0, Not Active, Not Active, Not Active
2026/07/20 00:44:01.647, 1, ${V100_GPU_1_UUID}, 00000000:02:00.0, 900, 877, 30.76, 150.00, 53, 51, 5, 8674, P0, Not Active, Not Active, Not Active
2026/07/20 00:44:01.780, 0, ${V100_GPU_0_UUID}, 00000000:01:00.0, 900, 877, 32.85, 150.00, 55, 54, 0, 8432, P0, Not Active, Not Active, Not Active
2026/07/20 00:44:01.786, 1, ${V100_GPU_1_UUID}, 00000000:02:00.0, 900, 877, 30.76, 150.00, 53, 51, 5, 8674, P0, Not Active, Not Active, Not Active
2026/07/20 00:44:01.919, 0, ${V100_GPU_0_UUID}, 00000000:01:00.0, 900, 877, 32.85, 150.00, 55, 53, 0, 8432, P0, Not Active, Not Active, Not Active
2026/07/20 00:44:01.924, 1, ${V100_GPU_1_UUID}, 00000000:02:00.0, 900, 877, 30.78, 150.00, 53, 52, 5, 8674, P0, Not Active, Not Active, Not Active
2026/07/20 00:44:02.057, 0, ${V100_GPU_0_UUID}, 00000000:01:00.0, 900, 877, 32.85, 150.00, 55, 53, 0, 8432, P0, Not Active, Not Active, Not Active
2026/07/20 00:44:02.064, 1, ${V100_GPU_1_UUID}, 00000000:02:00.0, 900, 877, 30.76, 150.00, 53, 52, 5, 8674, P0, Not Active, Not Active, Not Active
2026/07/20 00:44:02.198, 0, ${V100_GPU_0_UUID}, 00000000:01:00.0, 900, 877, 32.85, 150.00, 55, 53, 0, 8432, P0, Not Active, Not Active, Not Active
2026/07/20 00:44:02.204, 1, ${V100_GPU_1_UUID}, 00000000:02:00.0, 900, 877, 30.76, 150.00, 53, 52, 5, 8674, P0, Not Active, Not Active, Not Active
2026/07/20 00:44:02.338, 0, ${V100_GPU_0_UUID}, 00000000:01:00.0, 900, 877, 32.85, 150.00, 55, 54, 0, 8432, P0, Not Active, Not Active, Not Active
2026/07/20 00:44:02.344, 1, ${V100_GPU_1_UUID}, 00000000:02:00.0, 900, 877, 30.78, 150.00, 53, 51, 6, 8674, P0, Not Active, Not Active, Not Active
2026/07/20 00:44:02.478, 0, ${V100_GPU_0_UUID}, 00000000:01:00.0, 900, 877, 32.85, 150.00, 55, 53, 0, 8432, P0, Not Active, Not Active, Not Active
2026/07/20 00:44:02.485, 1, ${V100_GPU_1_UUID}, 00000000:02:00.0, 900, 877, 30.78, 150.00, 53, 52, 5, 8674, P0, Not Active, Not Active, Not Active
2026/07/20 00:44:02.618, 0, ${V100_GPU_0_UUID}, 00000000:01:00.0, 900, 877, 32.87, 150.00, 55, 54, 0, 8432, P0, Not Active, Not Active, Not Active
2026/07/20 00:44:02.625, 1, ${V100_GPU_1_UUID}, 00000000:02:00.0, 900, 877, 30.78, 150.00, 53, 51, 5, 8674, P0, Not Active, Not Active, Not Active
2026/07/20 00:44:02.775, 0, ${V100_GPU_0_UUID}, 00000000:01:00.0, 900, 877, 32.87, 150.00, 55, 54, 0, 8432, P0, Not Active, Not Active, Not Active
2026/07/20 00:44:02.786, 1, ${V100_GPU_1_UUID}, 00000000:02:00.0, 900, 877, 30.80, 150.00, 53, 52, 5, 8674, P0, Not Active, Not Active, Not Active
2026/07/20 00:44:02.925, 0, ${V100_GPU_0_UUID}, 00000000:01:00.0, 900, 877, 32.85, 150.00, 55, 54, 0, 8432, P0, Not Active, Not Active, Not Active
2026/07/20 00:44:02.931, 1, ${V100_GPU_1_UUID}, 00000000:02:00.0, 900, 877, 30.78, 150.00, 53, 52, 6, 8674, P0, Not Active, Not Active, Not Active
2026/07/20 00:44:03.064, 0, ${V100_GPU_0_UUID}, 00000000:01:00.0, 900, 877, 32.85, 150.00, 55, 53, 0, 8432, P0, Not Active, Not Active, Not Active
2026/07/20 00:44:03.070, 1, ${V100_GPU_1_UUID}, 00000000:02:00.0, 900, 877, 30.76, 150.00, 53, 52, 19, 8674, P0, Not Active, Not Active, Not Active
2026/07/20 00:44:03.247, 0, ${V100_GPU_0_UUID}, 00000000:01:00.0, 900, 877, 32.87, 150.00, 55, 54, 0, 8432, P0, Not Active, Not Active, Not Active
2026/07/20 00:44:03.253, 1, ${V100_GPU_1_UUID}, 00000000:02:00.0, 900, 877, 30.78, 150.00, 53, 52, 9, 8674, P0, Not Active, Not Active, Not Active
2026/07/20 00:44:03.397, 0, ${V100_GPU_0_UUID}, 00000000:01:00.0, 900, 877, 32.85, 150.00, 55, 54, 0, 8432, P0, Not Active, Not Active, Not Active
2026/07/20 00:44:03.403, 1, ${V100_GPU_1_UUID}, 00000000:02:00.0, 900, 877, 30.76, 150.00, 53, 52, 8, 8674, P0, Not Active, Not Active, Not Active
2026/07/20 00:44:03.539, 0, ${V100_GPU_0_UUID}, 00000000:01:00.0, 900, 877, 32.87, 150.00, 55, 54, 0, 8432, P0, Not Active, Not Active, Not Active
2026/07/20 00:44:03.545, 1, ${V100_GPU_1_UUID}, 00000000:02:00.0, 900, 877, 30.78, 150.00, 53, 51, 5, 8674, P0, Not Active, Not Active, Not Active
2026/07/20 00:44:03.690, 0, ${V100_GPU_0_UUID}, 00000000:01:00.0, 900, 877, 32.85, 150.00, 55, 54, 0, 8432, P0, Not Active, Not Active, Not Active
2026/07/20 00:44:03.696, 1, ${V100_GPU_1_UUID}, 00000000:02:00.0, 900, 877, 30.76, 150.00, 53, 51, 5, 8674, P0, Not Active, Not Active, Not Active
2026/07/20 00:44:03.833, 0, ${V100_GPU_0_UUID}, 00000000:01:00.0, 900, 877, 32.87, 150.00, 55, 54, 0, 8432, P0, Not Active, Not Active, Not Active
2026/07/20 00:44:03.839, 1, ${V100_GPU_1_UUID}, 00000000:02:00.0, 900, 877, 30.78, 150.00, 53, 52, 7, 8674, P0, Not Active, Not Active, Not Active
2026/07/20 00:44:04.002, 0, ${V100_GPU_0_UUID}, 00000000:01:00.0, 900, 877, 32.85, 150.00, 55, 53, 0, 8432, P0, Not Active, Not Active, Not Active
2026/07/20 00:44:04.010, 1, ${V100_GPU_1_UUID}, 00000000:02:00.0, 900, 877, 30.76, 150.00, 53, 52, 5, 8674, P0, Not Active, Not Active, Not Active
2026/07/20 00:44:04.169, 0, ${V100_GPU_0_UUID}, 00000000:01:00.0, 900, 877, 32.87, 150.00, 55, 53, 0, 8432, P0, Not Active, Not Active, Not Active
2026/07/20 00:44:04.175, 1, ${V100_GPU_1_UUID}, 00000000:02:00.0, 900, 877, 30.78, 150.00, 53, 52, 5, 8674, P0, Not Active, Not Active, Not Active
2026/07/20 00:44:04.335, 0, ${V100_GPU_0_UUID}, 00000000:01:00.0, 900, 877, 32.85, 150.00, 55, 54, 0, 8432, P0, Not Active, Not Active, Not Active
2026/07/20 00:44:04.341, 1, ${V100_GPU_1_UUID}, 00000000:02:00.0, 900, 877, 30.76, 150.00, 53, 51, 6, 8674, P0, Not Active, Not Active, Not Active
2026/07/20 00:44:04.493, 0, ${V100_GPU_0_UUID}, 00000000:01:00.0, 900, 877, 32.85, 150.00, 55, 54, 0, 8432, P0, Not Active, Not Active, Not Active
2026/07/20 00:44:04.499, 1, ${V100_GPU_1_UUID}, 00000000:02:00.0, 900, 877, 30.76, 150.00, 53, 52, 4, 8674, P0, Not Active, Not Active, Not Active
2026/07/20 00:44:04.860, 0, ${V100_GPU_0_UUID}, 00000000:01:00.0, 900, 877, 32.87, 150.00, 55, 54, 0, 8432, P0, Not Active, Not Active, Not Active
2026/07/20 00:44:04.867, 1, ${V100_GPU_1_UUID}, 00000000:02:00.0, 900, 877, 30.78, 150.00, 53, 51, 0, 8674, P0, Not Active, Not Active, Not Active
2026/07/20 00:44:05.032, 0, ${V100_GPU_0_UUID}, 00000000:01:00.0, 900, 877, 32.87, 150.00, 55, 54, 0, 8432, P0, Not Active, Not Active, Not Active
2026/07/20 00:44:05.041, 1, ${V100_GPU_1_UUID}, 00000000:02:00.0, 900, 877, 30.78, 150.00, 53, 52, 1, 8674, P0, Not Active, Not Active, Not Active
2026/07/20 00:44:05.176, 0, ${V100_GPU_0_UUID}, 00000000:01:00.0, 900, 877, 32.87, 150.00, 55, 53, 0, 8432, P0, Not Active, Not Active, Not Active
2026/07/20 00:44:05.195, 1, ${V100_GPU_1_UUID}, 00000000:02:00.0, 900, 877, 30.80, 150.00, 53, 52, 0, 8674, P0, Not Active, Not Active, Not Active
2026/07/20 00:44:05.371, 0, ${V100_GPU_0_UUID}, 00000000:01:00.0, 900, 877, 32.87, 150.00, 55, 53, 0, 8432, P0, Not Active, Not Active, Not Active
2026/07/20 00:44:05.378, 1, ${V100_GPU_1_UUID}, 00000000:02:00.0, 900, 877, 30.78, 150.00, 53, 52, 0, 8674, P0, Not Active, Not Active, Not Active
2026/07/20 00:44:05.543, 0, ${V100_GPU_0_UUID}, 00000000:01:00.0, 900, 877, 32.87, 150.00, 55, 54, 0, 8432, P0, Not Active, Not Active, Not Active
2026/07/20 00:44:05.552, 1, ${V100_GPU_1_UUID}, 00000000:02:00.0, 900, 877, 30.78, 150.00, 53, 52, 0, 8674, P0, Not Active, Not Active, Not Active
2026/07/20 00:44:05.706, 0, ${V100_GPU_0_UUID}, 00000000:01:00.0, 900, 877, 32.85, 150.00, 55, 54, 0, 8432, P0, Not Active, Not Active, Not Active
2026/07/20 00:44:05.712, 1, ${V100_GPU_1_UUID}, 00000000:02:00.0, 900, 877, 30.78, 150.00, 53, 52, 0, 8674, P0, Not Active, Not Active, Not Active
2026/07/20 00:44:05.876, 0, ${V100_GPU_0_UUID}, 00000000:01:00.0, 900, 877, 32.87, 150.00, 55, 54, 0, 8432, P0, Not Active, Not Active, Not Active
2026/07/20 00:44:05.885, 1, ${V100_GPU_1_UUID}, 00000000:02:00.0, 900, 877, 30.78, 150.00, 53, 52, 0, 8674, P0, Not Active, Not Active, Not Active
2026/07/20 00:44:06.030, 0, ${V100_GPU_0_UUID}, 00000000:01:00.0, 900, 877, 32.87, 150.00, 55, 54, 0, 8432, P0, Not Active, Not Active, Not Active
2026/07/20 00:44:06.036, 1, ${V100_GPU_1_UUID}, 00000000:02:00.0, 900, 877, 30.78, 150.00, 53, 52, 0, 8674, P0, Not Active, Not Active, Not Active
2026/07/20 00:44:06.202, 0, ${V100_GPU_0_UUID}, 00000000:01:00.0, 900, 877, 32.87, 150.00, 55, 54, 0, 8432, P0, Not Active, Not Active, Not Active
2026/07/20 00:44:06.209, 1, ${V100_GPU_1_UUID}, 00000000:02:00.0, 900, 877, 30.78, 150.00, 53, 52, 0, 8674, P0, Not Active, Not Active, Not Active
2026/07/20 00:44:06.376, 0, ${V100_GPU_0_UUID}, 00000000:01:00.0, 900, 877, 32.87, 150.00, 55, 54, 0, 8432, P0, Not Active, Not Active, Not Active
2026/07/20 00:44:06.383, 1, ${V100_GPU_1_UUID}, 00000000:02:00.0, 900, 877, 30.78, 150.00, 53, 52, 0, 8674, P0, Not Active, Not Active, Not Active
2026/07/20 00:44:06.518, 0, ${V100_GPU_0_UUID}, 00000000:01:00.0, 900, 877, 32.83, 150.00, 55, 53, 0, 8432, P0, Not Active, Not Active, Not Active
2026/07/20 00:44:06.526, 1, ${V100_GPU_1_UUID}, 00000000:02:00.0, 900, 877, 30.76, 150.00, 53, 52, 0, 8674, P0, Not Active, Not Active, Not Active
2026/07/20 00:44:06.661, 0, ${V100_GPU_0_UUID}, 00000000:01:00.0, 900, 877, 32.85, 150.00, 55, 54, 0, 8432, P0, Not Active, Not Active, Not Active
2026/07/20 00:44:06.667, 1, ${V100_GPU_1_UUID}, 00000000:02:00.0, 900, 877, 30.76, 150.00, 53, 52, 6, 8674, P0, Not Active, Not Active, Not Active
2026/07/20 00:44:06.799, 0, ${V100_GPU_0_UUID}, 00000000:01:00.0, 900, 877, 32.85, 150.00, 55, 54, 0, 8432, P0, Not Active, Not Active, Not Active
2026/07/20 00:44:06.805, 1, ${V100_GPU_1_UUID}, 00000000:02:00.0, 900, 877, 30.76, 150.00, 53, 52, 6, 8674, P0, Not Active, Not Active, Not Active
2026/07/20 00:44:06.938, 0, ${V100_GPU_0_UUID}, 00000000:01:00.0, 900, 877, 32.83, 150.00, 55, 53, 0, 8432, P0, Not Active, Not Active, Not Active
2026/07/20 00:44:06.944, 1, ${V100_GPU_1_UUID}, 00000000:02:00.0, 900, 877, 30.76, 150.00, 53, 52, 5, 8674, P0, Not Active, Not Active, Not Active
2026/07/20 00:44:07.076, 0, ${V100_GPU_0_UUID}, 00000000:01:00.0, 900, 877, 32.85, 150.00, 55, 54, 0, 8432, P0, Not Active, Not Active, Not Active
2026/07/20 00:44:07.082, 1, ${V100_GPU_1_UUID}, 00000000:02:00.0, 900, 877, 30.76, 150.00, 53, 51, 5, 8674, P0, Not Active, Not Active, Not Active
2026/07/20 00:44:07.214, 0, ${V100_GPU_0_UUID}, 00000000:01:00.0, 900, 877, 32.85, 150.00, 55, 53, 0, 8432, P0, Not Active, Not Active, Not Active
2026/07/20 00:44:07.220, 1, ${V100_GPU_1_UUID}, 00000000:02:00.0, 900, 877, 30.76, 150.00, 53, 51, 5, 8674, P0, Not Active, Not Active, Not Active
2026/07/20 00:44:07.353, 0, ${V100_GPU_0_UUID}, 00000000:01:00.0, 900, 877, 32.85, 150.00, 55, 54, 0, 8432, P0, Not Active, Not Active, Not Active
2026/07/20 00:44:07.359, 1, ${V100_GPU_1_UUID}, 00000000:02:00.0, 900, 877, 30.76, 150.00, 53, 52, 5, 8674, P0, Not Active, Not Active, Not Active
2026/07/20 00:44:07.519, 0, ${V100_GPU_0_UUID}, 00000000:01:00.0, 900, 877, 32.87, 150.00, 55, 53, 0, 8432, P0, Not Active, Not Active, Not Active
2026/07/20 00:44:07.527, 1, ${V100_GPU_1_UUID}, 00000000:02:00.0, 900, 877, 30.78, 150.00, 53, 52, 6, 8674, P0, Not Active, Not Active, Not Active
2026/07/20 00:44:07.678, 0, ${V100_GPU_0_UUID}, 00000000:01:00.0, 900, 877, 32.85, 150.00, 55, 53, 0, 8432, P0, Not Active, Not Active, Not Active
2026/07/20 00:44:07.684, 1, ${V100_GPU_1_UUID}, 00000000:02:00.0, 900, 877, 30.76, 150.00, 53, 52, 5, 8674, P0, Not Active, Not Active, Not Active
2026/07/20 00:44:07.841, 0, ${V100_GPU_0_UUID}, 00000000:01:00.0, 900, 877, 32.87, 150.00, 55, 53, 0, 8432, P0, Not Active, Not Active, Not Active
2026/07/20 00:44:07.848, 1, ${V100_GPU_1_UUID}, 00000000:02:00.0, 900, 877, 30.78, 150.00, 53, 52, 5, 8674, P0, Not Active, Not Active, Not Active
2026/07/20 00:44:08.011, 0, ${V100_GPU_0_UUID}, 00000000:01:00.0, 900, 877, 32.87, 150.00, 55, 54, 0, 8432, P0, Not Active, Not Active, Not Active
2026/07/20 00:44:08.018, 1, ${V100_GPU_1_UUID}, 00000000:02:00.0, 900, 877, 30.78, 150.00, 53, 52, 5, 8674, P0, Not Active, Not Active, Not Active
2026/07/20 00:44:08.167, 0, ${V100_GPU_0_UUID}, 00000000:01:00.0, 900, 877, 32.87, 150.00, 55, 54, 0, 8432, P0, Not Active, Not Active, Not Active
2026/07/20 00:44:08.176, 1, ${V100_GPU_1_UUID}, 00000000:02:00.0, 900, 877, 30.78, 150.00, 53, 52, 4, 8674, P0, Not Active, Not Active, Not Active
2026/07/20 00:44:08.325, 0, ${V100_GPU_0_UUID}, 00000000:01:00.0, 900, 877, 32.85, 150.00, 55, 54, 0, 8432, P0, Not Active, Not Active, Not Active
2026/07/20 00:44:08.331, 1, ${V100_GPU_1_UUID}, 00000000:02:00.0, 900, 877, 30.76, 150.00, 53, 52, 3, 8674, P0, Not Active, Not Active, Not Active
2026/07/20 00:44:08.498, 0, ${V100_GPU_0_UUID}, 00000000:01:00.0, 900, 877, 32.87, 150.00, 55, 54, 0, 8432, P0, Not Active, Not Active, Not Active
2026/07/20 00:44:08.506, 1, ${V100_GPU_1_UUID}, 00000000:02:00.0, 900, 877, 30.78, 150.00, 53, 51, 5, 8674, P0, Not Active, Not Active, Not Active
2026/07/20 00:44:08.639, 0, ${V100_GPU_0_UUID}, 00000000:01:00.0, 900, 877, 32.87, 150.00, 55, 54, 0, 8432, P0, Not Active, Not Active, Not Active
2026/07/20 00:44:08.645, 1, ${V100_GPU_1_UUID}, 00000000:02:00.0, 900, 877, 30.78, 150.00, 53, 51, 5, 8674, P0, Not Active, Not Active, Not Active
2026/07/20 00:44:08.798, 0, ${V100_GPU_0_UUID}, 00000000:01:00.0, 900, 877, 32.87, 150.00, 55, 54, 0, 8432, P0, Not Active, Not Active, Not Active
2026/07/20 00:44:08.803, 1, ${V100_GPU_1_UUID}, 00000000:02:00.0, 900, 877, 30.78, 150.00, 53, 52, 16, 8674, P0, Not Active, Not Active, Not Active
2026/07/20 00:44:08.940, 0, ${V100_GPU_0_UUID}, 00000000:01:00.0, 900, 877, 32.87, 150.00, 55, 54, 0, 8432, P0, Not Active, Not Active, Not Active
2026/07/20 00:44:08.946, 1, ${V100_GPU_1_UUID}, 00000000:02:00.0, 900, 877, 31.26, 150.00, 53, 52, 4, 8674, P0, Not Active, Not Active, Not Active
2026/07/20 00:44:09.079, 0, ${V100_GPU_0_UUID}, 00000000:01:00.0, 900, 877, 32.85, 150.00, 55, 54, 0, 8432, P0, Not Active, Not Active, Not Active
2026/07/20 00:44:09.085, 1, ${V100_GPU_1_UUID}, 00000000:02:00.0, 900, 877, 30.76, 150.00, 53, 52, 43, 8674, P0, Not Active, Not Active, Not Active
2026/07/20 00:44:09.222, 0, ${V100_GPU_0_UUID}, 00000000:01:00.0, 900, 877, 32.87, 150.00, 55, 54, 0, 8432, P0, Not Active, Not Active, Not Active
2026/07/20 00:44:09.229, 1, ${V100_GPU_1_UUID}, 00000000:02:00.0, 900, 877, 30.78, 150.00, 53, 52, 20, 8674, P0, Not Active, Not Active, Not Active
2026/07/20 00:44:09.364, 0, ${V100_GPU_0_UUID}, 00000000:01:00.0, 900, 877, 32.85, 150.00, 55, 54, 0, 8432, P0, Not Active, Not Active, Not Active
2026/07/20 00:44:09.370, 1, ${V100_GPU_1_UUID}, 00000000:02:00.0, 900, 877, 30.78, 150.00, 53, 52, 4, 8674, P0, Not Active, Not Active, Not Active
2026/07/20 00:44:09.503, 0, ${V100_GPU_0_UUID}, 00000000:01:00.0, 900, 877, 32.85, 150.00, 55, 53, 0, 8432, P0, Not Active, Not Active, Not Active
2026/07/20 00:44:09.509, 1, ${V100_GPU_1_UUID}, 00000000:02:00.0, 900, 877, 30.76, 150.00, 53, 52, 4, 8674, P0, Not Active, Not Active, Not Active
2026/07/20 00:44:09.672, 0, ${V100_GPU_0_UUID}, 00000000:01:00.0, 900, 877, 32.87, 150.00, 55, 53, 0, 8432, P0, Not Active, Not Active, Not Active
2026/07/20 00:44:09.680, 1, ${V100_GPU_1_UUID}, 00000000:02:00.0, 900, 877, 30.78, 150.00, 53, 52, 7, 8674, P0, Not Active, Not Active, Not Active
2026/07/20 00:44:09.814, 0, ${V100_GPU_0_UUID}, 00000000:01:00.0, 900, 877, 32.85, 150.00, 55, 53, 0, 8432, P0, Not Active, Not Active, Not Active
2026/07/20 00:44:09.819, 1, ${V100_GPU_1_UUID}, 00000000:02:00.0, 900, 877, 30.78, 150.00, 53, 52, 7, 8674, P0, Not Active, Not Active, Not Active
2026/07/20 00:44:09.980, 0, ${V100_GPU_0_UUID}, 00000000:01:00.0, 900, 877, 32.87, 150.00, 55, 54, 0, 8432, P0, Not Active, Not Active, Not Active
2026/07/20 00:44:09.986, 1, ${V100_GPU_1_UUID}, 00000000:02:00.0, 900, 877, 30.78, 150.00, 53, 52, 4, 8674, P0, Not Active, Not Active, Not Active
2026/07/20 00:44:10.147, 0, ${V100_GPU_0_UUID}, 00000000:01:00.0, 900, 877, 32.89, 150.00, 55, 53, 0, 8432, P0, Not Active, Not Active, Not Active
2026/07/20 00:44:10.153, 1, ${V100_GPU_1_UUID}, 00000000:02:00.0, 900, 877, 31.28, 150.00, 53, 52, 5, 8674, P0, Not Active, Not Active, Not Active
2026/07/20 00:44:10.287, 0, ${V100_GPU_0_UUID}, 00000000:01:00.0, 900, 877, 32.87, 150.00, 55, 53, 0, 8432, P0, Not Active, Not Active, Not Active
2026/07/20 00:44:10.293, 1, ${V100_GPU_1_UUID}, 00000000:02:00.0, 900, 877, 31.74, 150.00, 53, 52, 22, 8674, P0, Not Active, Not Active, Not Active
2026/07/20 00:44:10.427, 0, ${V100_GPU_0_UUID}, 00000000:01:00.0, 900, 877, 32.87, 150.00, 55, 53, 0, 8432, P0, Not Active, Not Active, Not Active
2026/07/20 00:44:10.433, 1, ${V100_GPU_1_UUID}, 00000000:02:00.0, 900, 877, 30.78, 150.00, 53, 51, 57, 8674, P0, Not Active, Not Active, Not Active
2026/07/20 00:44:10.569, 0, ${V100_GPU_0_UUID}, 00000000:01:00.0, 900, 877, 32.85, 150.00, 55, 54, 0, 8432, P0, Not Active, Not Active, Not Active
2026/07/20 00:44:10.575, 1, ${V100_GPU_1_UUID}, 00000000:02:00.0, 900, 877, 30.76, 150.00, 53, 52, 33, 8674, P0, Not Active, Not Active, Not Active
2026/07/20 00:44:10.707, 0, ${V100_GPU_0_UUID}, 00000000:01:00.0, 900, 877, 32.85, 150.00, 55, 54, 0, 8432, P0, Not Active, Not Active, Not Active
2026/07/20 00:44:10.713, 1, ${V100_GPU_1_UUID}, 00000000:02:00.0, 900, 877, 30.76, 150.00, 53, 52, 0, 8674, P0, Not Active, Not Active, Not Active
2026/07/20 00:44:10.846, 0, ${V100_GPU_0_UUID}, 00000000:01:00.0, 900, 877, 32.85, 150.00, 55, 54, 0, 8432, P0, Not Active, Not Active, Not Active
2026/07/20 00:44:10.852, 1, ${V100_GPU_1_UUID}, 00000000:02:00.0, 900, 877, 30.76, 150.00, 53, 52, 0, 8674, P0, Not Active, Not Active, Not Active
2026/07/20 00:44:10.984, 0, ${V100_GPU_0_UUID}, 00000000:01:00.0, 900, 877, 32.85, 150.00, 55, 54, 0, 8432, P0, Not Active, Not Active, Not Active
2026/07/20 00:44:10.990, 1, ${V100_GPU_1_UUID}, 00000000:02:00.0, 900, 877, 30.76, 150.00, 53, 52, 0, 8674, P0, Not Active, Not Active, Not Active
2026/07/20 00:44:11.130, 0, ${V100_GPU_0_UUID}, 00000000:01:00.0, 900, 877, 32.85, 150.00, 55, 54, 0, 8870, P0, Not Active, Not Active, Not Active
2026/07/20 00:44:11.136, 1, ${V100_GPU_1_UUID}, 00000000:02:00.0, 900, 877, 30.76, 150.00, 53, 52, 0, 9508, P0, Not Active, Not Active, Not Active
2026/07/20 00:44:11.272, 0, ${V100_GPU_0_UUID}, 00000000:01:00.0, 900, 877, 47.67, 150.00, 55, 54, 0, 8910, P0, Not Active, Not Active, Not Active
2026/07/20 00:44:11.279, 1, ${V100_GPU_1_UUID}, 00000000:02:00.0, 900, 877, 30.74, 150.00, 53, 52, 0, 9508, P0, Not Active, Not Active, Not Active
2026/07/20 00:44:11.414, 0, ${V100_GPU_0_UUID}, 00000000:01:00.0, 900, 877, 32.83, 150.00, 55, 54, 18, 8910, P0, Not Active, Not Active, Not Active
2026/07/20 00:44:11.420, 1, ${V100_GPU_1_UUID}, 00000000:02:00.0, 900, 877, 30.76, 150.00, 53, 52, 13, 9548, P0, Not Active, Not Active, Not Active
2026/07/20 00:44:11.553, 0, ${V100_GPU_0_UUID}, 00000000:01:00.0, 900, 877, 33.31, 150.00, 55, 53, 0, 8910, P0, Not Active, Not Active, Not Active
2026/07/20 00:44:11.559, 1, ${V100_GPU_1_UUID}, 00000000:02:00.0, 900, 877, 30.76, 150.00, 53, 52, 5, 9548, P0, Not Active, Not Active, Not Active
2026/07/20 00:44:11.693, 0, ${V100_GPU_0_UUID}, 00000000:01:00.0, 900, 877, 32.85, 150.00, 55, 54, 0, 8910, P0, Not Active, Not Active, Not Active
2026/07/20 00:44:11.698, 1, ${V100_GPU_1_UUID}, 00000000:02:00.0, 900, 877, 30.76, 150.00, 53, 52, 0, 9548, P0, Not Active, Not Active, Not Active
2026/07/20 00:44:11.831, 0, ${V100_GPU_0_UUID}, 00000000:01:00.0, 900, 877, 32.83, 150.00, 55, 54, 0, 8910, P0, Not Active, Not Active, Not Active
2026/07/20 00:44:11.837, 1, ${V100_GPU_1_UUID}, 00000000:02:00.0, 900, 877, 30.76, 150.00, 53, 52, 0, 9548, P0, Not Active, Not Active, Not Active
2026/07/20 00:44:11.992, 0, ${V100_GPU_0_UUID}, 00000000:01:00.0, 900, 877, 32.87, 150.00, 55, 53, 0, 8910, P0, Not Active, Not Active, Not Active
2026/07/20 00:44:12.002, 1, ${V100_GPU_1_UUID}, 00000000:02:00.0, 900, 877, 30.78, 150.00, 53, 52, 0, 9548, P0, Not Active, Not Active, Not Active
2026/07/20 00:44:12.139, 0, ${V100_GPU_0_UUID}, 00000000:01:00.0, 900, 877, 32.85, 150.00, 55, 54, 0, 8910, P0, Not Active, Not Active, Not Active
2026/07/20 00:44:12.146, 1, ${V100_GPU_1_UUID}, 00000000:02:00.0, 900, 877, 30.78, 150.00, 53, 52, 0, 9548, P0, Not Active, Not Active, Not Active
2026/07/20 00:44:12.306, 0, ${V100_GPU_0_UUID}, 00000000:01:00.0, 900, 877, 32.85, 150.00, 55, 54, 0, 8910, P0, Not Active, Not Active, Not Active
2026/07/20 00:44:12.312, 1, ${V100_GPU_1_UUID}, 00000000:02:00.0, 900, 877, 30.76, 150.00, 53, 52, 0, 9548, P0, Not Active, Not Active, Not Active
2026/07/20 00:44:12.471, 0, ${V100_GPU_0_UUID}, 00000000:01:00.0, 900, 877, 32.87, 150.00, 55, 53, 0, 8910, P0, Not Active, Not Active, Not Active
2026/07/20 00:44:12.480, 1, ${V100_GPU_1_UUID}, 00000000:02:00.0, 900, 877, 30.78, 150.00, 53, 52, 0, 9548, P0, Not Active, Not Active, Not Active
2026/07/20 00:44:12.617, 0, ${V100_GPU_0_UUID}, 00000000:01:00.0, 900, 877, 32.87, 150.00, 55, 54, 0, 8910, P0, Not Active, Not Active, Not Active
2026/07/20 00:44:12.623, 1, ${V100_GPU_1_UUID}, 00000000:02:00.0, 900, 877, 30.78, 150.00, 53, 52, 0, 9548, P0, Not Active, Not Active, Not Active
2026/07/20 00:44:12.788, 0, ${V100_GPU_0_UUID}, 00000000:01:00.0, 900, 877, 32.87, 150.00, 55, 54, 0, 8910, P0, Not Active, Not Active, Not Active
2026/07/20 00:44:12.795, 1, ${V100_GPU_1_UUID}, 00000000:02:00.0, 900, 877, 30.78, 150.00, 53, 52, 0, 9548, P0, Not Active, Not Active, Not Active
2026/07/20 00:44:12.928, 0, ${V100_GPU_0_UUID}, 00000000:01:00.0, 900, 877, 32.85, 150.00, 55, 54, 0, 8910, P0, Not Active, Not Active, Not Active
2026/07/20 00:44:12.934, 1, ${V100_GPU_1_UUID}, 00000000:02:00.0, 900, 877, 30.76, 150.00, 53, 52, 0, 9548, P0, Not Active, Not Active, Not Active
2026/07/20 00:44:13.092, 0, ${V100_GPU_0_UUID}, 00000000:01:00.0, 900, 877, 32.85, 150.00, 55, 54, 0, 8910, P0, Not Active, Not Active, Not Active
2026/07/20 00:44:13.098, 1, ${V100_GPU_1_UUID}, 00000000:02:00.0, 900, 877, 30.78, 150.00, 53, 52, 0, 9548, P0, Not Active, Not Active, Not Active
2026/07/20 00:44:13.232, 0, ${V100_GPU_0_UUID}, 00000000:01:00.0, 900, 877, 32.85, 150.00, 55, 54, 0, 8910, P0, Not Active, Not Active, Not Active
2026/07/20 00:44:13.238, 1, ${V100_GPU_1_UUID}, 00000000:02:00.0, 900, 877, 30.76, 150.00, 53, 51, 0, 9548, P0, Not Active, Not Active, Not Active
2026/07/20 00:44:13.371, 0, ${V100_GPU_0_UUID}, 00000000:01:00.0, 900, 877, 32.85, 150.00, 55, 53, 0, 8910, P0, Not Active, Not Active, Not Active
2026/07/20 00:44:13.376, 1, ${V100_GPU_1_UUID}, 00000000:02:00.0, 900, 877, 30.76, 150.00, 53, 52, 0, 9548, P0, Not Active, Not Active, Not Active
2026/07/20 00:44:13.508, 0, ${V100_GPU_0_UUID}, 00000000:01:00.0, 900, 877, 32.85, 150.00, 55, 54, 0, 8910, P0, Not Active, Not Active, Not Active
2026/07/20 00:44:13.514, 1, ${V100_GPU_1_UUID}, 00000000:02:00.0, 900, 877, 30.76, 150.00, 53, 52, 0, 9548, P0, Not Active, Not Active, Not Active
2026/07/20 00:44:13.647, 0, ${V100_GPU_0_UUID}, 00000000:01:00.0, 900, 877, 32.85, 150.00, 55, 53, 0, 8910, P0, Not Active, Not Active, Not Active
2026/07/20 00:44:13.654, 1, ${V100_GPU_1_UUID}, 00000000:02:00.0, 900, 877, 30.76, 150.00, 53, 52, 0, 9548, P0, Not Active, Not Active, Not Active
2026/07/20 00:44:13.791, 0, ${V100_GPU_0_UUID}, 00000000:01:00.0, 900, 877, 32.85, 150.00, 55, 54, 0, 8910, P0, Not Active, Not Active, Not Active
2026/07/20 00:44:13.799, 1, ${V100_GPU_1_UUID}, 00000000:02:00.0, 900, 877, 30.78, 150.00, 53, 52, 0, 9548, P0, Not Active, Not Active, Not Active
2026/07/20 00:44:13.934, 0, ${V100_GPU_0_UUID}, 00000000:01:00.0, 900, 877, 32.85, 150.00, 55, 54, 0, 8910, P0, Not Active, Not Active, Not Active
2026/07/20 00:44:13.940, 1, ${V100_GPU_1_UUID}, 00000000:02:00.0, 900, 877, 30.76, 150.00, 53, 52, 0, 9548, P0, Not Active, Not Active, Not Active
2026/07/20 00:44:14.103, 0, ${V100_GPU_0_UUID}, 00000000:01:00.0, 900, 877, 32.85, 150.00, 55, 54, 0, 8910, P0, Not Active, Not Active, Not Active
2026/07/20 00:44:14.109, 1, ${V100_GPU_1_UUID}, 00000000:02:00.0, 900, 877, 30.76, 150.00, 53, 51, 0, 9548, P0, Not Active, Not Active, Not Active
2026/07/20 00:44:14.241, 0, ${V100_GPU_0_UUID}, 00000000:01:00.0, 900, 877, 32.85, 150.00, 55, 54, 0, 8910, P0, Not Active, Not Active, Not Active
2026/07/20 00:44:14.247, 1, ${V100_GPU_1_UUID}, 00000000:02:00.0, 900, 877, 30.76, 150.00, 53, 52, 0, 9548, P0, Not Active, Not Active, Not Active
2026/07/20 00:44:14.380, 0, ${V100_GPU_0_UUID}, 00000000:01:00.0, 900, 877, 32.83, 150.00, 55, 54, 0, 8910, P0, Not Active, Not Active, Not Active
2026/07/20 00:44:14.386, 1, ${V100_GPU_1_UUID}, 00000000:02:00.0, 900, 877, 30.76, 150.00, 53, 51, 0, 9548, P0, Not Active, Not Active, Not Active
2026/07/20 00:44:14.519, 0, ${V100_GPU_0_UUID}, 00000000:01:00.0, 900, 877, 32.83, 150.00, 55, 54, 0, 8910, P0, Not Active, Not Active, Not Active
2026/07/20 00:44:14.525, 1, ${V100_GPU_1_UUID}, 00000000:02:00.0, 900, 877, 30.76, 150.00, 53, 51, 0, 9548, P0, Not Active, Not Active, Not Active
2026/07/20 00:44:14.657, 0, ${V100_GPU_0_UUID}, 00000000:01:00.0, 900, 877, 32.83, 150.00, 55, 54, 0, 8910, P0, Not Active, Not Active, Not Active
2026/07/20 00:44:14.663, 1, ${V100_GPU_1_UUID}, 00000000:02:00.0, 900, 877, 30.74, 150.00, 53, 51, 0, 9548, P0, Not Active, Not Active, Not Active
2026/07/20 00:44:14.795, 0, ${V100_GPU_0_UUID}, 00000000:01:00.0, 900, 877, 32.83, 150.00, 55, 54, 0, 8910, P0, Not Active, Not Active, Not Active
2026/07/20 00:44:14.801, 1, ${V100_GPU_1_UUID}, 00000000:02:00.0, 900, 877, 30.74, 150.00, 53, 52, 0, 9548, P0, Not Active, Not Active, Not Active
2026/07/20 00:44:14.934, 0, ${V100_GPU_0_UUID}, 00000000:01:00.0, 900, 877, 32.83, 150.00, 55, 53, 0, 8910, P0, Not Active, Not Active, Not Active
2026/07/20 00:44:14.939, 1, ${V100_GPU_1_UUID}, 00000000:02:00.0, 900, 877, 30.74, 150.00, 53, 51, 0, 9548, P0, Not Active, Not Active, Not Active
2026/07/20 00:44:15.071, 0, ${V100_GPU_0_UUID}, 00000000:01:00.0, 900, 877, 32.83, 150.00, 55, 53, 0, 8910, P0, Not Active, Not Active, Not Active
2026/07/20 00:44:15.077, 1, ${V100_GPU_1_UUID}, 00000000:02:00.0, 900, 877, 30.74, 150.00, 53, 52, 0, 9548, P0, Not Active, Not Active, Not Active
2026/07/20 00:44:15.209, 0, ${V100_GPU_0_UUID}, 00000000:01:00.0, 900, 877, 32.80, 150.00, 55, 53, 0, 8910, P0, Not Active, Not Active, Not Active
2026/07/20 00:44:15.215, 1, ${V100_GPU_1_UUID}, 00000000:02:00.0, 900, 877, 30.74, 150.00, 53, 52, 0, 9548, P0, Not Active, Not Active, Not Active
2026/07/20 00:44:15.349, 0, ${V100_GPU_0_UUID}, 00000000:01:00.0, 900, 877, 32.83, 150.00, 55, 54, 0, 8910, P0, Not Active, Not Active, Not Active
2026/07/20 00:44:15.355, 1, ${V100_GPU_1_UUID}, 00000000:02:00.0, 900, 877, 30.76, 150.00, 53, 52, 0, 9548, P0, Not Active, Not Active, Not Active
2026/07/20 00:44:15.488, 0, ${V100_GPU_0_UUID}, 00000000:01:00.0, 900, 877, 32.83, 150.00, 55, 54, 0, 8910, P0, Not Active, Not Active, Not Active
2026/07/20 00:44:15.493, 1, ${V100_GPU_1_UUID}, 00000000:02:00.0, 900, 877, 30.74, 150.00, 53, 52, 0, 9548, P0, Not Active, Not Active, Not Active
2026/07/20 00:44:15.625, 0, ${V100_GPU_0_UUID}, 00000000:01:00.0, 900, 877, 32.83, 150.00, 55, 53, 0, 8910, P0, Not Active, Not Active, Not Active
2026/07/20 00:44:15.630, 1, ${V100_GPU_1_UUID}, 00000000:02:00.0, 900, 877, 30.76, 150.00, 53, 51, 0, 9548, P0, Not Active, Not Active, Not Active
2026/07/20 00:44:15.762, 0, ${V100_GPU_0_UUID}, 00000000:01:00.0, 900, 877, 32.83, 150.00, 55, 54, 0, 8910, P0, Not Active, Not Active, Not Active
2026/07/20 00:44:15.767, 1, ${V100_GPU_1_UUID}, 00000000:02:00.0, 900, 877, 30.76, 150.00, 53, 51, 0, 9548, P0, Not Active, Not Active, Not Active
2026/07/20 00:44:15.899, 0, ${V100_GPU_0_UUID}, 00000000:01:00.0, 900, 877, 32.85, 150.00, 55, 54, 0, 8910, P0, Not Active, Not Active, Not Active
2026/07/20 00:44:15.904, 1, ${V100_GPU_1_UUID}, 00000000:02:00.0, 900, 877, 30.76, 150.00, 53, 52, 0, 9548, P0, Not Active, Not Active, Not Active
2026/07/20 00:44:16.036, 0, ${V100_GPU_0_UUID}, 00000000:01:00.0, 900, 877, 32.85, 150.00, 55, 54, 0, 8910, P0, Not Active, Not Active, Not Active
2026/07/20 00:44:16.042, 1, ${V100_GPU_1_UUID}, 00000000:02:00.0, 900, 877, 30.76, 150.00, 53, 52, 0, 9548, P0, Not Active, Not Active, Not Active
2026/07/20 00:44:16.174, 0, ${V100_GPU_0_UUID}, 00000000:01:00.0, 900, 877, 32.85, 150.00, 55, 54, 0, 8910, P0, Not Active, Not Active, Not Active
2026/07/20 00:44:16.180, 1, ${V100_GPU_1_UUID}, 00000000:02:00.0, 900, 877, 30.76, 150.00, 53, 51, 0, 9548, P0, Not Active, Not Active, Not Active
2026/07/20 00:44:16.313, 0, ${V100_GPU_0_UUID}, 00000000:01:00.0, 900, 877, 32.85, 150.00, 55, 54, 0, 8910, P0, Not Active, Not Active, Not Active
2026/07/20 00:44:16.319, 1, ${V100_GPU_1_UUID}, 00000000:02:00.0, 900, 877, 30.76, 150.00, 53, 51, 0, 9548, P0, Not Active, Not Active, Not Active
2026/07/20 00:44:16.451, 0, ${V100_GPU_0_UUID}, 00000000:01:00.0, 900, 877, 32.85, 150.00, 55, 54, 0, 8910, P0, Not Active, Not Active, Not Active
2026/07/20 00:44:16.457, 1, ${V100_GPU_1_UUID}, 00000000:02:00.0, 900, 877, 30.78, 150.00, 53, 52, 0, 9548, P0, Not Active, Not Active, Not Active
2026/07/20 00:44:16.590, 0, ${V100_GPU_0_UUID}, 00000000:01:00.0, 900, 877, 32.83, 150.00, 55, 54, 0, 8910, P0, Not Active, Not Active, Not Active
2026/07/20 00:44:16.596, 1, ${V100_GPU_1_UUID}, 00000000:02:00.0, 900, 877, 30.76, 150.00, 53, 52, 0, 9548, P0, Not Active, Not Active, Not Active
2026/07/20 00:44:16.732, 0, ${V100_GPU_0_UUID}, 00000000:01:00.0, 900, 877, 32.85, 150.00, 55, 54, 0, 8910, P0, Not Active, Not Active, Not Active
2026/07/20 00:44:16.739, 1, ${V100_GPU_1_UUID}, 00000000:02:00.0, 900, 877, 30.78, 150.00, 53, 52, 0, 9548, P0, Not Active, Not Active, Not Active
2026/07/20 00:44:16.873, 0, ${V100_GPU_0_UUID}, 00000000:01:00.0, 900, 877, 32.85, 150.00, 55, 54, 0, 8910, P0, Not Active, Not Active, Not Active
2026/07/20 00:44:16.878, 1, ${V100_GPU_1_UUID}, 00000000:02:00.0, 900, 877, 30.76, 150.00, 53, 52, 0, 9548, P0, Not Active, Not Active, Not Active
2026/07/20 00:44:17.010, 0, ${V100_GPU_0_UUID}, 00000000:01:00.0, 900, 877, 32.83, 150.00, 55, 53, 0, 8910, P0, Not Active, Not Active, Not Active
2026/07/20 00:44:17.017, 1, ${V100_GPU_1_UUID}, 00000000:02:00.0, 900, 877, 30.74, 150.00, 53, 52, 0, 9548, P0, Not Active, Not Active, Not Active
2026/07/20 00:44:17.151, 0, ${V100_GPU_0_UUID}, 00000000:01:00.0, 900, 877, 32.85, 150.00, 55, 54, 0, 8910, P0, Not Active, Not Active, Not Active
2026/07/20 00:44:17.156, 1, ${V100_GPU_1_UUID}, 00000000:02:00.0, 900, 877, 30.78, 150.00, 53, 52, 0, 9548, P0, Not Active, Not Active, Not Active
2026/07/20 00:44:17.288, 0, ${V100_GPU_0_UUID}, 00000000:01:00.0, 900, 877, 32.83, 150.00, 55, 54, 0, 8910, P0, Not Active, Not Active, Not Active
2026/07/20 00:44:17.294, 1, ${V100_GPU_1_UUID}, 00000000:02:00.0, 900, 877, 30.76, 150.00, 53, 52, 0, 9548, P0, Not Active, Not Active, Not Active
2026/07/20 00:44:17.426, 0, ${V100_GPU_0_UUID}, 00000000:01:00.0, 900, 877, 32.85, 150.00, 55, 53, 1, 8910, P0, Not Active, Not Active, Not Active
2026/07/20 00:44:17.432, 1, ${V100_GPU_1_UUID}, 00000000:02:00.0, 900, 877, 30.76, 150.00, 53, 52, 0, 9548, P0, Not Active, Not Active, Not Active
2026/07/20 00:44:17.564, 0, ${V100_GPU_0_UUID}, 00000000:01:00.0, 900, 877, 53.84, 150.00, 55, 53, 0, 9160, P0, Not Active, Not Active, Not Active
2026/07/20 00:44:17.570, 1, ${V100_GPU_1_UUID}, 00000000:02:00.0, 900, 877, 30.64, 150.00, 53, 52, 0, 9548, P0, Not Active, Not Active, Not Active
2026/07/20 00:44:17.702, 0, ${V100_GPU_0_UUID}, 00000000:01:00.0, 900, 877, 129.11, 150.00, 57, 57, 67, 9160, P0, Not Active, Not Active, Not Active
2026/07/20 00:44:17.714, 1, ${V100_GPU_1_UUID}, 00000000:02:00.0, 900, 877, 30.99, 150.00, 53, 52, 0, 9548, P0, Not Active, Not Active, Not Active
2026/07/20 00:44:17.846, 0, ${V100_GPU_0_UUID}, 00000000:01:00.0, 900, 877, 126.27, 150.00, 57, 58, 100, 9160, P0, Not Active, Not Active, Not Active
2026/07/20 00:44:17.856, 1, ${V100_GPU_1_UUID}, 00000000:02:00.0, 900, 877, 30.51, 150.00, 53, 52, 0, 9548, P0, Not Active, Not Active, Not Active
2026/07/20 00:44:17.990, 0, ${V100_GPU_0_UUID}, 00000000:01:00.0, 900, 877, 127.60, 150.00, 58, 59, 100, 9160, P0, Not Active, Not Active, Not Active
2026/07/20 00:44:17.997, 1, ${V100_GPU_1_UUID}, 00000000:02:00.0, 900, 877, 30.51, 150.00, 53, 52, 0, 9548, P0, Not Active, Not Active, Not Active
2026/07/20 00:44:18.132, 0, ${V100_GPU_0_UUID}, 00000000:01:00.0, 900, 877, 33.99, 150.00, 57, 57, 100, 9160, P0, Not Active, Not Active, Not Active
2026/07/20 00:44:18.138, 1, ${V100_GPU_1_UUID}, 00000000:02:00.0, 900, 877, 129.94, 150.00, 54, 53, 0, 9798, P0, Not Active, Not Active, Not Active
2026/07/20 00:44:18.274, 0, ${V100_GPU_0_UUID}, 00000000:01:00.0, 900, 877, 32.56, 150.00, 56, 55, 40, 9160, P0, Not Active, Not Active, Not Active
2026/07/20 00:44:18.279, 1, ${V100_GPU_1_UUID}, 00000000:02:00.0, 900, 877, 131.01, 150.00, 55, 56, 66, 12248, P0, Not Active, Not Active, Not Active
2026/07/20 00:44:18.414, 0, ${V100_GPU_0_UUID}, 00000000:01:00.0, 900, 877, 32.56, 150.00, 56, 55, 0, 9160, P0, Not Active, Not Active, Not Active
2026/07/20 00:44:18.420, 1, ${V100_GPU_1_UUID}, 00000000:02:00.0, 900, 877, 132.61, 150.00, 56, 56, 100, 12248, P0, Not Active, Not Active, Not Active
2026/07/20 00:44:18.555, 0, ${V100_GPU_0_UUID}, 00000000:01:00.0, 900, 877, 32.54, 150.00, 55, 54, 0, 9160, P0, Not Active, Not Active, Not Active
2026/07/20 00:44:18.561, 1, ${V100_GPU_1_UUID}, 00000000:02:00.0, 900, 877, 131.57, 150.00, 56, 57, 100, 12248, P0, Not Active, Not Active, Not Active
2026/07/20 00:44:18.711, 0, ${V100_GPU_0_UUID}, 00000000:01:00.0, 900, 877, 32.32, 150.00, 55, 54, 0, 9160, P0, Not Active, Not Active, Not Active
2026/07/20 00:44:18.730, 1, ${V100_GPU_1_UUID}, 00000000:02:00.0, 900, 877, 31.22, 150.00, 54, 55, 64, 12248, P0, Not Active, Not Active, Not Active
2026/07/20 00:44:18.891, 0, ${V100_GPU_0_UUID}, 00000000:01:00.0, 900, 877, 32.39, 150.00, 55, 54, 0, 9160, P0, Not Active, Not Active, Not Active
2026/07/20 00:44:18.896, 1, ${V100_GPU_1_UUID}, 00000000:02:00.0, 900, 877, 30.78, 150.00, 54, 53, 0, 12248, P0, Not Active, Not Active, Not Active
2026/07/20 00:44:19.030, 0, ${V100_GPU_0_UUID}, 00000000:01:00.0, 900, 877, 120.74, 150.00, 57, 57, 56, 9200, P0, Not Active, Not Active, Not Active
2026/07/20 00:44:19.046, 1, ${V100_GPU_1_UUID}, 00000000:02:00.0, 900, 877, 30.99, 150.00, 54, 52, 0, 12288, P0, Not Active, Not Active, Not Active
2026/07/20 00:44:19.177, 0, ${V100_GPU_0_UUID}, 00000000:01:00.0, 900, 877, 122.47, 150.00, 57, 58, 56, 9200, P0, Not Active, Not Active, Not Active
2026/07/20 00:44:19.185, 1, ${V100_GPU_1_UUID}, 00000000:02:00.0, 900, 877, 30.99, 150.00, 53, 52, 0, 12288, P0, Not Active, Not Active, Not Active
2026/07/20 00:44:19.317, 0, ${V100_GPU_0_UUID}, 00000000:01:00.0, 900, 877, 118.84, 150.00, 58, 59, 100, 9200, P0, Not Active, Not Active, Not Active
2026/07/20 00:44:19.327, 1, ${V100_GPU_1_UUID}, 00000000:02:00.0, 900, 877, 30.51, 150.00, 53, 52, 0, 12288, P0, Not Active, Not Active, Not Active
2026/07/20 00:44:19.459, 0, ${V100_GPU_0_UUID}, 00000000:01:00.0, 900, 877, 67.35, 150.00, 58, 59, 100, 9200, P0, Not Active, Not Active, Not Active
2026/07/20 00:44:19.466, 1, ${V100_GPU_1_UUID}, 00000000:02:00.0, 900, 877, 103.86, 150.00, 54, 52, 0, 12288, P0, Not Active, Not Active, Not Active
2026/07/20 00:44:19.600, 0, ${V100_GPU_0_UUID}, 00000000:01:00.0, 900, 877, 33.04, 150.00, 56, 55, 57, 9200, P0, Not Active, Not Active, Not Active
2026/07/20 00:44:19.606, 1, ${V100_GPU_1_UUID}, 00000000:02:00.0, 900, 877, 130.33, 150.00, 56, 56, 51, 12288, P0, Not Active, Not Active, Not Active
2026/07/20 00:44:19.743, 0, ${V100_GPU_0_UUID}, 00000000:01:00.0, 900, 877, 32.56, 150.00, 56, 55, 0, 9200, P0, Not Active, Not Active, Not Active
2026/07/20 00:44:19.749, 1, ${V100_GPU_1_UUID}, 00000000:02:00.0, 900, 877, 133.38, 150.00, 56, 57, 100, 12288, P0, Not Active, Not Active, Not Active
2026/07/20 00:44:19.883, 0, ${V100_GPU_0_UUID}, 00000000:01:00.0, 900, 877, 32.54, 150.00, 56, 55, 0, 9200, P0, Not Active, Not Active, Not Active
2026/07/20 00:44:19.889, 1, ${V100_GPU_1_UUID}, 00000000:02:00.0, 900, 877, 129.21, 150.00, 57, 58, 100, 12288, P0, Not Active, Not Active, Not Active
2026/07/20 00:44:20.033, 0, ${V100_GPU_0_UUID}, 00000000:01:00.0, 900, 877, 32.83, 150.00, 55, 55, 0, 9200, P0, Not Active, Not Active, Not Active
2026/07/20 00:44:20.044, 1, ${V100_GPU_1_UUID}, 00000000:02:00.0, 900, 877, 31.70, 150.00, 55, 58, 78, 12288, P0, Not Active, Not Active, Not Active
2026/07/20 00:44:20.186, 0, ${V100_GPU_0_UUID}, 00000000:01:00.0, 900, 877, 33.35, 150.00, 55, 55, 0, 9200, P0, Not Active, Not Active, Not Active
2026/07/20 00:44:20.191, 1, ${V100_GPU_1_UUID}, 00000000:02:00.0, 900, 877, 31.72, 150.00, 54, 54, 78, 12288, P0, Not Active, Not Active, Not Active
2026/07/20 00:44:20.323, 0, ${V100_GPU_0_UUID}, 00000000:01:00.0, 900, 877, 121.61, 150.00, 57, 57, 0, 9200, P0, Not Active, Not Active, Not Active
2026/07/20 00:44:20.328, 1, ${V100_GPU_1_UUID}, 00000000:02:00.0, 900, 877, 31.01, 150.00, 54, 53, 0, 12288, P0, Not Active, Not Active, Not Active
2026/07/20 00:44:20.460, 0, ${V100_GPU_0_UUID}, 00000000:01:00.0, 900, 877, 117.89, 150.00, 58, 59, 71, 9200, P0, Not Active, Not Active, Not Active
2026/07/20 00:44:20.470, 1, ${V100_GPU_1_UUID}, 00000000:02:00.0, 900, 877, 30.97, 150.00, 54, 53, 0, 12288, P0, Not Active, Not Active, Not Active
2026/07/20 00:44:20.602, 0, ${V100_GPU_0_UUID}, 00000000:01:00.0, 900, 877, 120.18, 150.00, 58, 59, 100, 9200, P0, Not Active, Not Active, Not Active
2026/07/20 00:44:20.609, 1, ${V100_GPU_1_UUID}, 00000000:02:00.0, 900, 877, 30.99, 150.00, 54, 53, 0, 12288, P0, Not Active, Not Active, Not Active
2026/07/20 00:44:20.741, 0, ${V100_GPU_0_UUID}, 00000000:01:00.0, 900, 877, 125.32, 150.00, 58, 60, 100, 9200, P0, Not Active, Not Active, Not Active
2026/07/20 00:44:20.750, 1, ${V100_GPU_1_UUID}, 00000000:02:00.0, 900, 877, 31.01, 150.00, 54, 52, 0, 12288, P0, Not Active, Not Active, Not Active
2026/07/20 00:44:20.883, 0, ${V100_GPU_0_UUID}, 00000000:01:00.0, 900, 877, 33.02, 150.00, 57, 58, 41, 9200, P0, Not Active, Not Active, Not Active
2026/07/20 00:44:20.888, 1, ${V100_GPU_1_UUID}, 00000000:02:00.0, 900, 877, 135.45, 150.00, 56, 56, 70, 12288, P0, Not Active, Not Active, Not Active
2026/07/20 00:44:21.029, 0, ${V100_GPU_0_UUID}, 00000000:01:00.0, 900, 877, 32.52, 150.00, 56, 55, 0, 9200, P0, Not Active, Not Active, Not Active
2026/07/20 00:44:21.035, 1, ${V100_GPU_1_UUID}, 00000000:02:00.0, 900, 877, 127.79, 150.00, 57, 57, 70, 12288, P0, Not Active, Not Active, Not Active
2026/07/20 00:44:21.171, 0, ${V100_GPU_0_UUID}, 00000000:01:00.0, 900, 877, 33.04, 150.00, 56, 55, 0, 9200, P0, Not Active, Not Active, Not Active
2026/07/20 00:44:21.176, 1, ${V100_GPU_1_UUID}, 00000000:02:00.0, 900, 877, 131.78, 150.00, 57, 58, 100, 12288, P0, Not Active, Not Active, Not Active
2026/07/20 00:44:21.311, 0, ${V100_GPU_0_UUID}, 00000000:01:00.0, 900, 877, 32.83, 150.00, 56, 55, 0, 9200, P0, Not Active, Not Active, Not Active
2026/07/20 00:44:21.317, 1, ${V100_GPU_1_UUID}, 00000000:02:00.0, 900, 877, 35.06, 150.00, 56, 58, 100, 12288, P0, Not Active, Not Active, Not Active
2026/07/20 00:44:21.477, 0, ${V100_GPU_0_UUID}, 00000000:01:00.0, 900, 877, 32.85, 150.00, 56, 55, 0, 9200, P0, Not Active, Not Active, Not Active
2026/07/20 00:44:21.483, 1, ${V100_GPU_1_UUID}, 00000000:02:00.0, 900, 877, 31.24, 150.00, 55, 55, 59, 12288, P0, Not Active, Not Active, Not Active
2026/07/20 00:44:21.624, 0, ${V100_GPU_0_UUID}, 00000000:01:00.0, 900, 877, 118.28, 150.00, 57, 57, 0, 9200, P0, Not Active, Not Active, Not Active
2026/07/20 00:44:21.633, 1, ${V100_GPU_1_UUID}, 00000000:02:00.0, 900, 877, 31.03, 150.00, 55, 53, 0, 12288, P0, Not Active, Not Active, Not Active
2026/07/20 00:44:21.766, 0, ${V100_GPU_0_UUID}, 00000000:01:00.0, 900, 877, 120.18, 150.00, 58, 59, 75, 9200, P0, Not Active, Not Active, Not Active
2026/07/20 00:44:21.774, 1, ${V100_GPU_1_UUID}, 00000000:02:00.0, 900, 877, 30.99, 150.00, 54, 53, 0, 12288, P0, Not Active, Not Active, Not Active
2026/07/20 00:44:21.906, 0, ${V100_GPU_0_UUID}, 00000000:01:00.0, 900, 877, 123.42, 150.00, 58, 59, 100, 9200, P0, Not Active, Not Active, Not Active
2026/07/20 00:44:21.914, 1, ${V100_GPU_1_UUID}, 00000000:02:00.0, 900, 877, 31.03, 150.00, 54, 53, 0, 12288, P0, Not Active, Not Active, Not Active
2026/07/20 00:44:22.046, 0, ${V100_GPU_0_UUID}, 00000000:01:00.0, 900, 877, 119.23, 150.00, 59, 60, 100, 9200, P0, Not Active, Not Active, Not Active
2026/07/20 00:44:22.055, 1, ${V100_GPU_1_UUID}, 00000000:02:00.0, 900, 877, 30.99, 150.00, 54, 53, 0, 12288, P0, Not Active, Not Active, Not Active
2026/07/20 00:44:22.188, 0, ${V100_GPU_0_UUID}, 00000000:01:00.0, 900, 877, 33.04, 150.00, 57, 58, 100, 9200, P0, Not Active, Not Active, Not Active
2026/07/20 00:44:22.194, 1, ${V100_GPU_1_UUID}, 00000000:02:00.0, 900, 877, 133.17, 150.00, 56, 56, 0, 12288, P0, Not Active, Not Active, Not Active
2026/07/20 00:44:22.337, 0, ${V100_GPU_0_UUID}, 00000000:01:00.0, 900, 877, 33.04, 150.00, 57, 56, 35, 9200, P0, Not Active, Not Active, Not Active
2026/07/20 00:44:22.343, 1, ${V100_GPU_1_UUID}, 00000000:02:00.0, 900, 877, 134.03, 150.00, 57, 57, 76, 12288, P0, Not Active, Not Active, Not Active
2026/07/20 00:44:22.476, 0, ${V100_GPU_0_UUID}, 00000000:01:00.0, 900, 877, 33.04, 150.00, 56, 55, 0, 9200, P0, Not Active, Not Active, Not Active
2026/07/20 00:44:22.482, 1, ${V100_GPU_1_UUID}, 00000000:02:00.0, 900, 877, 129.85, 150.00, 57, 58, 100, 12288, P0, Not Active, Not Active, Not Active
2026/07/20 00:44:22.619, 0, ${V100_GPU_0_UUID}, 00000000:01:00.0, 900, 877, 32.74, 150.00, 56, 55, 0, 9200, P0, Not Active, Not Active, Not Active
2026/07/20 00:44:22.627, 1, ${V100_GPU_1_UUID}, 00000000:02:00.0, 900, 877, 55.13, 150.00, 57, 58, 100, 12288, P0, Not Active, Not Active, Not Active
2026/07/20 00:44:22.773, 0, ${V100_GPU_0_UUID}, 00000000:01:00.0, 900, 877, 32.83, 150.00, 56, 55, 0, 9200, P0, Not Active, Not Active, Not Active
2026/07/20 00:44:22.783, 1, ${V100_GPU_1_UUID}, 00000000:02:00.0, 900, 877, 31.22, 150.00, 55, 54, 53, 12288, P0, Not Active, Not Active, Not Active
2026/07/20 00:44:23.090, 0, ${V100_GPU_0_UUID}, 00000000:01:00.0, 900, 877, 32.87, 150.00, 56, 55, 0, 9200, P0, Not Active, Not Active, Not Active
2026/07/20 00:44:23.111, 1, ${V100_GPU_1_UUID}, 00000000:02:00.0, 900, 877, 31.26, 150.00, 55, 53, 0, 12288, P0, Not Active, Not Active, Not Active
2026/07/20 00:44:23.271, 0, ${V100_GPU_0_UUID}, 00000000:01:00.0, 900, 877, 34.27, 150.00, 56, 55, 0, 394, P0, Not Active, Not Active, Not Active
2026/07/20 00:44:23.278, 1, ${V100_GPU_1_UUID}, 00000000:02:00.0, 900, 877, 32.66, 150.00, 54, 53, 3, 394, P0, Not Active, Not Active, Not Active
2026/07/20 00:44:23.410, 0, ${V100_GPU_0_UUID}, 00000000:01:00.0, 900, 877, 34.29, 150.00, 56, 55, 87, 394, P0, Not Active, Not Active, Not Active
2026/07/20 00:44:23.416, 1, ${V100_GPU_1_UUID}, 00000000:02:00.0, 900, 877, 33.16, 150.00, 54, 54, 100, 394, P0, Not Active, Not Active, Not Active
2026/07/20 00:44:23.579, 0, ${V100_GPU_0_UUID}, 00000000:01:00.0, 900, 877, 34.29, 150.00, 56, 55, 100, 394, P0, Not Active, Not Active, Not Active
2026/07/20 00:44:23.586, 1, ${V100_GPU_1_UUID}, 00000000:02:00.0, 900, 877, 32.68, 150.00, 54, 54, 100, 394, P0, Not Active, Not Active, Not Active
2026/07/20 00:44:23.720, 0, ${V100_GPU_0_UUID}, 00000000:01:00.0, 900, 877, 32.85, 150.00, 56, 55, 44, 394, P0, Not Active, Not Active, Not Active
2026/07/20 00:44:23.727, 1, ${V100_GPU_1_UUID}, 00000000:02:00.0, 900, 877, 32.68, 150.00, 54, 54, 100, 394, P0, Not Active, Not Active, Not Active
2026/07/20 00:44:23.884, 0, ${V100_GPU_0_UUID}, 00000000:01:00.0, 900, 877, 32.85, 150.00, 56, 55, 0, 394, P0, Not Active, Not Active, Not Active
2026/07/20 00:44:23.890, 1, ${V100_GPU_1_UUID}, 00000000:02:00.0, 900, 877, 31.24, 150.00, 54, 53, 100, 394, P0, Not Active, Not Active, Not Active
2026/07/20 00:44:24.055, 0, ${V100_GPU_0_UUID}, 00000000:01:00.0, 900, 877, 32.87, 150.00, 56, 55, 0, 394, P0, Not Active, Not Active, Not Active
2026/07/20 00:44:24.063, 1, ${V100_GPU_1_UUID}, 00000000:02:00.0, 900, 877, 31.26, 150.00, 54, 53, 0, 394, P0, Not Active, Not Active, Not Active
2026/07/20 00:44:24.203, 0, ${V100_GPU_0_UUID}, 00000000:01:00.0, 900, 877, 32.85, 150.00, 56, 55, 0, 394, P0, Not Active, Not Active, Not Active
2026/07/20 00:44:24.210, 1, ${V100_GPU_1_UUID}, 00000000:02:00.0, 900, 877, 31.24, 150.00, 54, 53, 0, 394, P0, Not Active, Not Active, Not Active
2026/07/20 00:44:24.373, 0, ${V100_GPU_0_UUID}, 00000000:01:00.0, 900, 877, 32.87, 150.00, 56, 55, 0, 394, P0, Not Active, Not Active, Not Active
2026/07/20 00:44:24.382, 1, ${V100_GPU_1_UUID}, 00000000:02:00.0, 900, 877, 31.26, 150.00, 54, 53, 0, 394, P0, Not Active, Not Active, Not Active
2026/07/20 00:44:24.515, 0, ${V100_GPU_0_UUID}, 00000000:01:00.0, 900, 877, 32.85, 150.00, 56, 55, 0, 394, P0, Not Active, Not Active, Not Active
2026/07/20 00:44:24.520, 1, ${V100_GPU_1_UUID}, 00000000:02:00.0, 900, 877, 31.26, 150.00, 54, 53, 0, 394, P0, Not Active, Not Active, Not Active
2026/07/20 00:44:24.683, 0, ${V100_GPU_0_UUID}, 00000000:01:00.0, 900, 877, 32.85, 150.00, 56, 55, 0, 394, P0, Not Active, Not Active, Not Active
2026/07/20 00:44:24.690, 1, ${V100_GPU_1_UUID}, 00000000:02:00.0, 900, 877, 31.24, 150.00, 54, 53, 0, 394, P0, Not Active, Not Active, Not Active
2026/07/20 00:44:24.848, 0, ${V100_GPU_0_UUID}, 00000000:01:00.0, 900, 877, 32.87, 150.00, 56, 55, 0, 394, P0, Not Active, Not Active, Not Active
2026/07/20 00:44:24.855, 1, ${V100_GPU_1_UUID}, 00000000:02:00.0, 900, 877, 31.26, 150.00, 54, 53, 0, 394, P0, Not Active, Not Active, Not Active
2026/07/20 00:44:24.988, 0, ${V100_GPU_0_UUID}, 00000000:01:00.0, 900, 877, 32.85, 150.00, 56, 55, 0, 5, P0, Not Active, Not Active, Not Active
2026/07/20 00:44:24.993, 1, ${V100_GPU_1_UUID}, 00000000:02:00.0, 900, 877, 31.24, 150.00, 54, 53, 0, 5, P0, Not Active, Not Active, Not Active
