timestamp,index,uuid,pci_bus_id,graphics_clock_mhz,memory_clock_mhz,power_w,power_limit_w,gpu_temperature_c,memory_temperature_c,gpu_util_pct,memory_used_mib,pstate,sw_power_cap,sw_thermal_slowdown,hw_thermal_slowdown
2026/07/20 00:50:15.058, 0, ${V100_GPU_0_UUID}, 00000000:01:00.0, 892, 877, 32.37, 150.00, 55, 54, 0, 5, P0, Not Active, Not Active, Not Active
2026/07/20 00:50:15.063, 1, ${V100_GPU_1_UUID}, 00000000:02:00.0, 892, 877, 30.30, 150.00, 53, 52, 0, 5, P0, Not Active, Not Active, Not Active
2026/07/20 00:50:15.197, 0, ${V100_GPU_0_UUID}, 00000000:01:00.0, 892, 877, 32.37, 150.00, 55, 54, 0, 5, P0, Not Active, Not Active, Not Active
2026/07/20 00:50:15.203, 1, ${V100_GPU_1_UUID}, 00000000:02:00.0, 892, 877, 30.30, 150.00, 53, 52, 0, 5, P0, Not Active, Not Active, Not Active
2026/07/20 00:50:15.369, 0, ${V100_GPU_0_UUID}, 00000000:01:00.0, 892, 877, 32.37, 150.00, 55, 54, 0, 5, P0, Not Active, Not Active, Not Active
2026/07/20 00:50:15.375, 1, ${V100_GPU_1_UUID}, 00000000:02:00.0, 892, 877, 30.28, 150.00, 53, 52, 0, 5, P0, Not Active, Not Active, Not Active
2026/07/20 00:50:15.513, 0, ${V100_GPU_0_UUID}, 00000000:01:00.0, 892, 877, 32.37, 150.00, 55, 54, 0, 5, P0, Not Active, Not Active, Not Active
2026/07/20 00:50:15.521, 1, ${V100_GPU_1_UUID}, 00000000:02:00.0, 892, 877, 30.30, 150.00, 53, 52, 0, 5, P0, Not Active, Not Active, Not Active
2026/07/20 00:50:15.686, 0, ${V100_GPU_0_UUID}, 00000000:01:00.0, 892, 877, 32.37, 150.00, 55, 54, 0, 5, P0, Not Active, Not Active, Not Active
2026/07/20 00:50:15.693, 1, ${V100_GPU_1_UUID}, 00000000:02:00.0, 892, 877, 30.28, 150.00, 53, 52, 0, 5, P0, Not Active, Not Active, Not Active
2026/07/20 00:50:15.841, 0, ${V100_GPU_0_UUID}, 00000000:01:00.0, 892, 877, 32.39, 150.00, 55, 54, 0, 5, P0, Not Active, Not Active, Not Active
2026/07/20 00:50:15.852, 1, ${V100_GPU_1_UUID}, 00000000:02:00.0, 892, 877, 30.30, 150.00, 53, 52, 0, 5, P0, Not Active, Not Active, Not Active
2026/07/20 00:50:15.993, 0, ${V100_GPU_0_UUID}, 00000000:01:00.0, 892, 877, 32.37, 150.00, 55, 54, 0, 5, P0, Not Active, Not Active, Not Active
2026/07/20 00:50:15.999, 1, ${V100_GPU_1_UUID}, 00000000:02:00.0, 892, 877, 30.28, 150.00, 53, 52, 0, 5, P0, Not Active, Not Active, Not Active
2026/07/20 00:50:16.159, 0, ${V100_GPU_0_UUID}, 00000000:01:00.0, 892, 877, 32.37, 150.00, 55, 54, 0, 5, P0, Not Active, Not Active, Not Active
2026/07/20 00:50:16.165, 1, ${V100_GPU_1_UUID}, 00000000:02:00.0, 892, 877, 30.30, 150.00, 53, 52, 0, 5, P0, Not Active, Not Active, Not Active
2026/07/20 00:50:16.298, 0, ${V100_GPU_0_UUID}, 00000000:01:00.0, 892, 877, 32.37, 150.00, 55, 54, 0, 8, P0, Not Active, Not Active, Not Active
2026/07/20 00:50:16.303, 1, ${V100_GPU_1_UUID}, 00000000:02:00.0, 892, 877, 30.28, 150.00, 53, 52, 0, 8, P0, Not Active, Not Active, Not Active
2026/07/20 00:50:16.435, 0, ${V100_GPU_0_UUID}, 00000000:01:00.0, 892, 877, 32.35, 150.00, 55, 54, 0, 8, P0, Not Active, Not Active, Not Active
2026/07/20 00:50:16.440, 1, ${V100_GPU_1_UUID}, 00000000:02:00.0, 892, 877, 30.28, 150.00, 53, 52, 0, 8, P0, Not Active, Not Active, Not Active
2026/07/20 00:50:16.572, 0, ${V100_GPU_0_UUID}, 00000000:01:00.0, 892, 877, 32.35, 150.00, 55, 54, 0, 8, P0, Not Active, Not Active, Not Active
2026/07/20 00:50:16.577, 1, ${V100_GPU_1_UUID}, 00000000:02:00.0, 892, 877, 30.26, 150.00, 53, 52, 0, 8, P0, Not Active, Not Active, Not Active
2026/07/20 00:50:16.727, 0, ${V100_GPU_0_UUID}, 00000000:01:00.0, 892, 877, 32.35, 150.00, 55, 54, 0, 316, P0, Not Active, Not Active, Not Active
2026/07/20 00:50:16.737, 1, ${V100_GPU_1_UUID}, 00000000:02:00.0, 892, 877, 30.26, 150.00, 53, 52, 0, 20, P0, Not Active, Not Active, Not Active
2026/07/20 00:50:16.874, 0, ${V100_GPU_0_UUID}, 00000000:01:00.0, 892, 877, 32.37, 150.00, 55, 54, 3, 316, P0, Not Active, Not Active, Not Active
2026/07/20 00:50:16.880, 1, ${V100_GPU_1_UUID}, 00000000:02:00.0, 892, 877, 29.80, 150.00, 53, 52, 3, 316, P0, Not Active, Not Active, Not Active
2026/07/20 00:50:17.012, 0, ${V100_GPU_0_UUID}, 00000000:01:00.0, 892, 877, 32.35, 150.00, 55, 54, 0, 316, P0, Not Active, Not Active, Not Active
2026/07/20 00:50:17.018, 1, ${V100_GPU_1_UUID}, 00000000:02:00.0, 892, 877, 30.28, 150.00, 53, 52, 0, 316, P0, Not Active, Not Active, Not Active
2026/07/20 00:50:17.152, 0, ${V100_GPU_0_UUID}, 00000000:01:00.0, 892, 877, 32.37, 150.00, 55, 54, 0, 316, P0, Not Active, Not Active, Not Active
2026/07/20 00:50:17.158, 1, ${V100_GPU_1_UUID}, 00000000:02:00.0, 892, 877, 30.30, 150.00, 53, 52, 0, 316, P0, Not Active, Not Active, Not Active
2026/07/20 00:50:17.291, 0, ${V100_GPU_0_UUID}, 00000000:01:00.0, 892, 877, 32.37, 150.00, 55, 54, 0, 316, P0, Not Active, Not Active, Not Active
2026/07/20 00:50:17.298, 1, ${V100_GPU_1_UUID}, 00000000:02:00.0, 892, 877, 30.28, 150.00, 53, 52, 0, 316, P0, Not Active, Not Active, Not Active
2026/07/20 00:50:17.460, 0, ${V100_GPU_0_UUID}, 00000000:01:00.0, 892, 877, 32.39, 150.00, 55, 54, 0, 316, P0, Not Active, Not Active, Not Active
2026/07/20 00:50:17.468, 1, ${V100_GPU_1_UUID}, 00000000:02:00.0, 892, 877, 30.30, 150.00, 53, 52, 0, 316, P0, Not Active, Not Active, Not Active
2026/07/20 00:50:17.604, 0, ${V100_GPU_0_UUID}, 00000000:01:00.0, 892, 877, 32.37, 150.00, 55, 54, 0, 316, P0, Not Active, Not Active, Not Active
2026/07/20 00:50:17.611, 1, ${V100_GPU_1_UUID}, 00000000:02:00.0, 892, 877, 29.82, 150.00, 53, 52, 0, 316, P0, Not Active, Not Active, Not Active
2026/07/20 00:50:17.775, 0, ${V100_GPU_0_UUID}, 00000000:01:00.0, 892, 877, 32.39, 150.00, 55, 54, 0, 316, P0, Not Active, Not Active, Not Active
2026/07/20 00:50:17.781, 1, ${V100_GPU_1_UUID}, 00000000:02:00.0, 892, 877, 30.30, 150.00, 53, 52, 0, 316, P0, Not Active, Not Active, Not Active
2026/07/20 00:50:17.945, 0, ${V100_GPU_0_UUID}, 00000000:01:00.0, 892, 877, 32.39, 150.00, 55, 54, 0, 316, P0, Not Active, Not Active, Not Active
2026/07/20 00:50:17.952, 1, ${V100_GPU_1_UUID}, 00000000:02:00.0, 892, 877, 30.30, 150.00, 53, 52, 0, 316, P0, Not Active, Not Active, Not Active
2026/07/20 00:50:18.086, 0, ${V100_GPU_0_UUID}, 00000000:01:00.0, 892, 877, 32.37, 150.00, 55, 54, 0, 316, P0, Not Active, Not Active, Not Active
2026/07/20 00:50:18.092, 1, ${V100_GPU_1_UUID}, 00000000:02:00.0, 892, 877, 30.28, 150.00, 53, 52, 0, 316, P0, Not Active, Not Active, Not Active
2026/07/20 00:50:18.253, 0, ${V100_GPU_0_UUID}, 00000000:01:00.0, 892, 877, 32.39, 150.00, 55, 54, 0, 316, P0, Not Active, Not Active, Not Active
2026/07/20 00:50:18.260, 1, ${V100_GPU_1_UUID}, 00000000:02:00.0, 892, 877, 30.30, 150.00, 53, 52, 0, 316, P0, Not Active, Not Active, Not Active
2026/07/20 00:50:18.393, 0, ${V100_GPU_0_UUID}, 00000000:01:00.0, 892, 877, 32.37, 150.00, 55, 54, 0, 316, P0, Not Active, Not Active, Not Active
2026/07/20 00:50:18.400, 1, ${V100_GPU_1_UUID}, 00000000:02:00.0, 892, 877, 30.30, 150.00, 53, 52, 0, 316, P0, Not Active, Not Active, Not Active
2026/07/20 00:50:18.561, 0, ${V100_GPU_0_UUID}, 00000000:01:00.0, 892, 877, 32.39, 150.00, 55, 54, 0, 316, P0, Not Active, Not Active, Not Active
2026/07/20 00:50:18.569, 1, ${V100_GPU_1_UUID}, 00000000:02:00.0, 892, 877, 30.30, 150.00, 53, 52, 0, 316, P0, Not Active, Not Active, Not Active
2026/07/20 00:50:18.709, 0, ${V100_GPU_0_UUID}, 00000000:01:00.0, 892, 877, 32.39, 150.00, 55, 54, 0, 316, P0, Not Active, Not Active, Not Active
2026/07/20 00:50:18.717, 1, ${V100_GPU_1_UUID}, 00000000:02:00.0, 892, 877, 30.30, 150.00, 53, 52, 0, 316, P0, Not Active, Not Active, Not Active
2026/07/20 00:50:18.873, 0, ${V100_GPU_0_UUID}, 00000000:01:00.0, 892, 877, 32.37, 150.00, 55, 54, 0, 316, P0, Not Active, Not Active, Not Active
2026/07/20 00:50:18.879, 1, ${V100_GPU_1_UUID}, 00000000:02:00.0, 892, 877, 29.80, 150.00, 53, 52, 0, 316, P0, Not Active, Not Active, Not Active
2026/07/20 00:50:19.013, 0, ${V100_GPU_0_UUID}, 00000000:01:00.0, 892, 877, 32.37, 150.00, 55, 54, 0, 316, P0, Not Active, Not Active, Not Active
2026/07/20 00:50:19.018, 1, ${V100_GPU_1_UUID}, 00000000:02:00.0, 892, 877, 30.28, 150.00, 53, 52, 0, 316, P0, Not Active, Not Active, Not Active
2026/07/20 00:50:19.154, 0, ${V100_GPU_0_UUID}, 00000000:01:00.0, 892, 877, 32.37, 150.00, 55, 54, 0, 316, P0, Not Active, Not Active, Not Active
2026/07/20 00:50:19.159, 1, ${V100_GPU_1_UUID}, 00000000:02:00.0, 892, 877, 29.82, 150.00, 53, 52, 0, 316, P0, Not Active, Not Active, Not Active
2026/07/20 00:50:19.324, 0, ${V100_GPU_0_UUID}, 00000000:01:00.0, 892, 877, 32.39, 150.00, 55, 54, 0, 316, P0, Not Active, Not Active, Not Active
2026/07/20 00:50:19.332, 1, ${V100_GPU_1_UUID}, 00000000:02:00.0, 892, 877, 30.30, 150.00, 53, 52, 0, 316, P0, Not Active, Not Active, Not Active
2026/07/20 00:50:19.487, 0, ${V100_GPU_0_UUID}, 00000000:01:00.0, 892, 877, 32.37, 150.00, 55, 54, 0, 316, P0, Not Active, Not Active, Not Active
2026/07/20 00:50:19.493, 1, ${V100_GPU_1_UUID}, 00000000:02:00.0, 892, 877, 29.82, 150.00, 53, 52, 0, 316, P0, Not Active, Not Active, Not Active
2026/07/20 00:50:19.639, 0, ${V100_GPU_0_UUID}, 00000000:01:00.0, 892, 877, 32.39, 150.00, 55, 54, 0, 316, P0, Not Active, Not Active, Not Active
2026/07/20 00:50:19.646, 1, ${V100_GPU_1_UUID}, 00000000:02:00.0, 892, 877, 30.30, 150.00, 53, 52, 0, 316, P0, Not Active, Not Active, Not Active
2026/07/20 00:50:19.808, 0, ${V100_GPU_0_UUID}, 00000000:01:00.0, 892, 877, 32.37, 150.00, 55, 54, 0, 316, P0, Not Active, Not Active, Not Active
2026/07/20 00:50:19.814, 1, ${V100_GPU_1_UUID}, 00000000:02:00.0, 892, 877, 30.30, 150.00, 53, 52, 0, 316, P0, Not Active, Not Active, Not Active
2026/07/20 00:50:19.947, 0, ${V100_GPU_0_UUID}, 00000000:01:00.0, 892, 877, 32.37, 150.00, 55, 54, 0, 316, P0, Not Active, Not Active, Not Active
2026/07/20 00:50:19.952, 1, ${V100_GPU_1_UUID}, 00000000:02:00.0, 892, 877, 30.30, 150.00, 53, 52, 0, 316, P0, Not Active, Not Active, Not Active
2026/07/20 00:50:20.096, 0, ${V100_GPU_0_UUID}, 00000000:01:00.0, 892, 877, 32.37, 150.00, 55, 54, 0, 316, P0, Not Active, Not Active, Not Active
2026/07/20 00:50:20.101, 1, ${V100_GPU_1_UUID}, 00000000:02:00.0, 892, 877, 30.28, 150.00, 53, 52, 0, 316, P0, Not Active, Not Active, Not Active
2026/07/20 00:50:20.233, 0, ${V100_GPU_0_UUID}, 00000000:01:00.0, 892, 877, 32.37, 150.00, 55, 54, 0, 316, P0, Not Active, Not Active, Not Active
2026/07/20 00:50:20.239, 1, ${V100_GPU_1_UUID}, 00000000:02:00.0, 892, 877, 30.30, 150.00, 53, 52, 0, 316, P0, Not Active, Not Active, Not Active
2026/07/20 00:50:20.398, 0, ${V100_GPU_0_UUID}, 00000000:01:00.0, 892, 877, 32.39, 150.00, 55, 54, 0, 316, P0, Not Active, Not Active, Not Active
2026/07/20 00:50:20.405, 1, ${V100_GPU_1_UUID}, 00000000:02:00.0, 892, 877, 30.30, 150.00, 53, 52, 0, 316, P0, Not Active, Not Active, Not Active
2026/07/20 00:50:20.564, 0, ${V100_GPU_0_UUID}, 00000000:01:00.0, 892, 877, 32.39, 150.00, 55, 54, 0, 316, P0, Not Active, Not Active, Not Active
2026/07/20 00:50:20.571, 1, ${V100_GPU_1_UUID}, 00000000:02:00.0, 892, 877, 30.30, 150.00, 53, 52, 0, 316, P0, Not Active, Not Active, Not Active
2026/07/20 00:50:20.732, 0, ${V100_GPU_0_UUID}, 00000000:01:00.0, 892, 877, 32.39, 150.00, 55, 54, 0, 316, P0, Not Active, Not Active, Not Active
2026/07/20 00:50:20.740, 1, ${V100_GPU_1_UUID}, 00000000:02:00.0, 892, 877, 30.30, 150.00, 53, 52, 0, 316, P0, Not Active, Not Active, Not Active
2026/07/20 00:50:20.879, 0, ${V100_GPU_0_UUID}, 00000000:01:00.0, 892, 877, 32.37, 150.00, 55, 54, 0, 316, P0, Not Active, Not Active, Not Active
2026/07/20 00:50:20.885, 1, ${V100_GPU_1_UUID}, 00000000:02:00.0, 892, 877, 30.28, 150.00, 53, 52, 0, 316, P0, Not Active, Not Active, Not Active
2026/07/20 00:50:21.018, 0, ${V100_GPU_0_UUID}, 00000000:01:00.0, 892, 877, 32.39, 150.00, 55, 54, 0, 316, P0, Not Active, Not Active, Not Active
2026/07/20 00:50:21.024, 1, ${V100_GPU_1_UUID}, 00000000:02:00.0, 892, 877, 30.30, 150.00, 53, 52, 0, 316, P0, Not Active, Not Active, Not Active
2026/07/20 00:50:21.170, 0, ${V100_GPU_0_UUID}, 00000000:01:00.0, 892, 877, 32.37, 150.00, 55, 54, 0, 316, P0, Not Active, Not Active, Not Active
2026/07/20 00:50:21.176, 1, ${V100_GPU_1_UUID}, 00000000:02:00.0, 892, 877, 30.28, 150.00, 53, 52, 0, 316, P0, Not Active, Not Active, Not Active
2026/07/20 00:50:21.341, 0, ${V100_GPU_0_UUID}, 00000000:01:00.0, 892, 877, 32.39, 150.00, 55, 54, 0, 316, P0, Not Active, Not Active, Not Active
2026/07/20 00:50:21.349, 1, ${V100_GPU_1_UUID}, 00000000:02:00.0, 892, 877, 30.30, 150.00, 53, 52, 0, 316, P0, Not Active, Not Active, Not Active
2026/07/20 00:50:21.485, 0, ${V100_GPU_0_UUID}, 00000000:01:00.0, 892, 877, 32.37, 150.00, 55, 54, 0, 316, P0, Not Active, Not Active, Not Active
2026/07/20 00:50:21.490, 1, ${V100_GPU_1_UUID}, 00000000:02:00.0, 892, 877, 30.28, 150.00, 53, 52, 0, 316, P0, Not Active, Not Active, Not Active
2026/07/20 00:50:21.652, 0, ${V100_GPU_0_UUID}, 00000000:01:00.0, 892, 877, 32.39, 150.00, 55, 54, 0, 316, P0, Not Active, Not Active, Not Active
2026/07/20 00:50:21.659, 1, ${V100_GPU_1_UUID}, 00000000:02:00.0, 892, 877, 30.30, 150.00, 53, 52, 0, 316, P0, Not Active, Not Active, Not Active
2026/07/20 00:50:21.796, 0, ${V100_GPU_0_UUID}, 00000000:01:00.0, 892, 877, 32.37, 150.00, 55, 54, 0, 316, P0, Not Active, Not Active, Not Active
2026/07/20 00:50:21.802, 1, ${V100_GPU_1_UUID}, 00000000:02:00.0, 892, 877, 30.28, 150.00, 53, 52, 0, 316, P0, Not Active, Not Active, Not Active
2026/07/20 00:50:21.959, 0, ${V100_GPU_0_UUID}, 00000000:01:00.0, 892, 877, 32.39, 150.00, 55, 54, 0, 316, P0, Not Active, Not Active, Not Active
2026/07/20 00:50:21.966, 1, ${V100_GPU_1_UUID}, 00000000:02:00.0, 892, 877, 30.30, 150.00, 53, 52, 0, 316, P0, Not Active, Not Active, Not Active
2026/07/20 00:50:22.099, 0, ${V100_GPU_0_UUID}, 00000000:01:00.0, 892, 877, 32.39, 150.00, 55, 54, 0, 316, P0, Not Active, Not Active, Not Active
2026/07/20 00:50:22.105, 1, ${V100_GPU_1_UUID}, 00000000:02:00.0, 892, 877, 30.30, 150.00, 53, 52, 0, 316, P0, Not Active, Not Active, Not Active
2026/07/20 00:50:22.241, 0, ${V100_GPU_0_UUID}, 00000000:01:00.0, 892, 877, 32.37, 150.00, 55, 54, 0, 316, P0, Not Active, Not Active, Not Active
2026/07/20 00:50:22.247, 1, ${V100_GPU_1_UUID}, 00000000:02:00.0, 892, 877, 30.30, 150.00, 53, 52, 0, 316, P0, Not Active, Not Active, Not Active
2026/07/20 00:50:22.384, 0, ${V100_GPU_0_UUID}, 00000000:01:00.0, 892, 877, 32.37, 150.00, 55, 54, 0, 316, P0, Not Active, Not Active, Not Active
2026/07/20 00:50:22.391, 1, ${V100_GPU_1_UUID}, 00000000:02:00.0, 892, 877, 30.30, 150.00, 53, 52, 0, 316, P0, Not Active, Not Active, Not Active
2026/07/20 00:50:22.552, 0, ${V100_GPU_0_UUID}, 00000000:01:00.0, 892, 877, 32.37, 150.00, 55, 54, 0, 316, P0, Not Active, Not Active, Not Active
2026/07/20 00:50:22.559, 1, ${V100_GPU_1_UUID}, 00000000:02:00.0, 892, 877, 30.28, 150.00, 53, 52, 0, 316, P0, Not Active, Not Active, Not Active
2026/07/20 00:50:22.712, 0, ${V100_GPU_0_UUID}, 00000000:01:00.0, 892, 877, 32.39, 150.00, 55, 54, 0, 316, P0, Not Active, Not Active, Not Active
2026/07/20 00:50:22.722, 1, ${V100_GPU_1_UUID}, 00000000:02:00.0, 892, 877, 30.30, 150.00, 53, 52, 0, 316, P0, Not Active, Not Active, Not Active
2026/07/20 00:50:22.863, 0, ${V100_GPU_0_UUID}, 00000000:01:00.0, 892, 877, 32.37, 150.00, 55, 54, 0, 316, P0, Not Active, Not Active, Not Active
2026/07/20 00:50:22.868, 1, ${V100_GPU_1_UUID}, 00000000:02:00.0, 892, 877, 30.28, 150.00, 53, 52, 0, 316, P0, Not Active, Not Active, Not Active
2026/07/20 00:50:23.006, 0, ${V100_GPU_0_UUID}, 00000000:01:00.0, 892, 877, 32.37, 150.00, 55, 54, 0, 316, P0, Not Active, Not Active, Not Active
2026/07/20 00:50:23.012, 1, ${V100_GPU_1_UUID}, 00000000:02:00.0, 892, 877, 30.30, 150.00, 53, 52, 0, 316, P0, Not Active, Not Active, Not Active
2026/07/20 00:50:23.144, 0, ${V100_GPU_0_UUID}, 00000000:01:00.0, 892, 877, 32.35, 150.00, 55, 54, 0, 316, P0, Not Active, Not Active, Not Active
2026/07/20 00:50:23.150, 1, ${V100_GPU_1_UUID}, 00000000:02:00.0, 892, 877, 30.28, 150.00, 53, 52, 0, 316, P0, Not Active, Not Active, Not Active
2026/07/20 00:50:23.282, 0, ${V100_GPU_0_UUID}, 00000000:01:00.0, 892, 877, 32.37, 150.00, 55, 54, 0, 316, P0, Not Active, Not Active, Not Active
2026/07/20 00:50:23.288, 1, ${V100_GPU_1_UUID}, 00000000:02:00.0, 892, 877, 30.28, 150.00, 53, 52, 0, 316, P0, Not Active, Not Active, Not Active
2026/07/20 00:50:23.420, 0, ${V100_GPU_0_UUID}, 00000000:01:00.0, 892, 877, 32.37, 150.00, 55, 54, 0, 316, P0, Not Active, Not Active, Not Active
2026/07/20 00:50:23.426, 1, ${V100_GPU_1_UUID}, 00000000:02:00.0, 892, 877, 30.28, 150.00, 53, 52, 0, 316, P0, Not Active, Not Active, Not Active
2026/07/20 00:50:23.587, 0, ${V100_GPU_0_UUID}, 00000000:01:00.0, 892, 877, 32.39, 150.00, 55, 54, 0, 316, P0, Not Active, Not Active, Not Active
2026/07/20 00:50:23.595, 1, ${V100_GPU_1_UUID}, 00000000:02:00.0, 892, 877, 30.30, 150.00, 53, 52, 0, 316, P0, Not Active, Not Active, Not Active
2026/07/20 00:50:23.758, 0, ${V100_GPU_0_UUID}, 00000000:01:00.0, 892, 877, 32.39, 150.00, 55, 54, 0, 316, P0, Not Active, Not Active, Not Active
2026/07/20 00:50:23.766, 1, ${V100_GPU_1_UUID}, 00000000:02:00.0, 892, 877, 30.30, 150.00, 53, 52, 0, 316, P0, Not Active, Not Active, Not Active
2026/07/20 00:50:23.901, 0, ${V100_GPU_0_UUID}, 00000000:01:00.0, 892, 877, 32.37, 150.00, 55, 54, 0, 316, P0, Not Active, Not Active, Not Active
2026/07/20 00:50:23.906, 1, ${V100_GPU_1_UUID}, 00000000:02:00.0, 892, 877, 30.28, 150.00, 53, 52, 0, 316, P0, Not Active, Not Active, Not Active
2026/07/20 00:50:24.065, 0, ${V100_GPU_0_UUID}, 00000000:01:00.0, 892, 877, 32.39, 150.00, 55, 54, 0, 316, P0, Not Active, Not Active, Not Active
2026/07/20 00:50:24.073, 1, ${V100_GPU_1_UUID}, 00000000:02:00.0, 892, 877, 30.28, 150.00, 53, 52, 0, 316, P0, Not Active, Not Active, Not Active
2026/07/20 00:50:24.207, 0, ${V100_GPU_0_UUID}, 00000000:01:00.0, 892, 877, 32.37, 150.00, 55, 54, 0, 316, P0, Not Active, Not Active, Not Active
2026/07/20 00:50:24.213, 1, ${V100_GPU_1_UUID}, 00000000:02:00.0, 892, 877, 30.28, 150.00, 53, 52, 0, 316, P0, Not Active, Not Active, Not Active
2026/07/20 00:50:24.345, 0, ${V100_GPU_0_UUID}, 00000000:01:00.0, 892, 877, 32.37, 150.00, 55, 54, 0, 316, P0, Not Active, Not Active, Not Active
2026/07/20 00:50:24.351, 1, ${V100_GPU_1_UUID}, 00000000:02:00.0, 892, 877, 30.28, 150.00, 53, 52, 0, 316, P0, Not Active, Not Active, Not Active
2026/07/20 00:50:24.483, 0, ${V100_GPU_0_UUID}, 00000000:01:00.0, 892, 877, 32.37, 150.00, 55, 54, 0, 316, P0, Not Active, Not Active, Not Active
2026/07/20 00:50:24.488, 1, ${V100_GPU_1_UUID}, 00000000:02:00.0, 892, 877, 30.28, 150.00, 53, 52, 0, 316, P0, Not Active, Not Active, Not Active
2026/07/20 00:50:24.621, 0, ${V100_GPU_0_UUID}, 00000000:01:00.0, 892, 877, 32.37, 150.00, 55, 54, 0, 316, P0, Not Active, Not Active, Not Active
2026/07/20 00:50:24.626, 1, ${V100_GPU_1_UUID}, 00000000:02:00.0, 892, 877, 30.28, 150.00, 53, 52, 0, 316, P0, Not Active, Not Active, Not Active
2026/07/20 00:50:24.759, 0, ${V100_GPU_0_UUID}, 00000000:01:00.0, 892, 877, 32.37, 150.00, 55, 54, 0, 316, P0, Not Active, Not Active, Not Active
2026/07/20 00:50:24.764, 1, ${V100_GPU_1_UUID}, 00000000:02:00.0, 892, 877, 30.28, 150.00, 53, 52, 0, 316, P0, Not Active, Not Active, Not Active
2026/07/20 00:50:24.896, 0, ${V100_GPU_0_UUID}, 00000000:01:00.0, 892, 877, 32.37, 150.00, 55, 54, 0, 316, P0, Not Active, Not Active, Not Active
2026/07/20 00:50:24.902, 1, ${V100_GPU_1_UUID}, 00000000:02:00.0, 892, 877, 30.28, 150.00, 53, 52, 0, 316, P0, Not Active, Not Active, Not Active
2026/07/20 00:50:25.035, 0, ${V100_GPU_0_UUID}, 00000000:01:00.0, 892, 877, 32.39, 150.00, 55, 54, 0, 316, P0, Not Active, Not Active, Not Active
2026/07/20 00:50:25.041, 1, ${V100_GPU_1_UUID}, 00000000:02:00.0, 892, 877, 30.30, 150.00, 53, 52, 0, 316, P0, Not Active, Not Active, Not Active
2026/07/20 00:50:25.173, 0, ${V100_GPU_0_UUID}, 00000000:01:00.0, 892, 877, 32.37, 150.00, 55, 54, 0, 316, P0, Not Active, Not Active, Not Active
2026/07/20 00:50:25.181, 1, ${V100_GPU_1_UUID}, 00000000:02:00.0, 892, 877, 30.28, 150.00, 53, 52, 0, 316, P0, Not Active, Not Active, Not Active
2026/07/20 00:50:25.314, 0, ${V100_GPU_0_UUID}, 00000000:01:00.0, 892, 877, 32.39, 150.00, 55, 54, 0, 316, P0, Not Active, Not Active, Not Active
2026/07/20 00:50:25.320, 1, ${V100_GPU_1_UUID}, 00000000:02:00.0, 892, 877, 30.30, 150.00, 53, 52, 0, 316, P0, Not Active, Not Active, Not Active
2026/07/20 00:50:25.477, 0, ${V100_GPU_0_UUID}, 00000000:01:00.0, 892, 877, 32.37, 150.00, 55, 54, 0, 316, P0, Not Active, Not Active, Not Active
2026/07/20 00:50:25.482, 1, ${V100_GPU_1_UUID}, 00000000:02:00.0, 892, 877, 30.28, 150.00, 53, 52, 0, 316, P0, Not Active, Not Active, Not Active
2026/07/20 00:50:25.636, 0, ${V100_GPU_0_UUID}, 00000000:01:00.0, 892, 877, 32.37, 150.00, 55, 54, 0, 316, P0, Not Active, Not Active, Not Active
2026/07/20 00:50:25.642, 1, ${V100_GPU_1_UUID}, 00000000:02:00.0, 892, 877, 30.28, 150.00, 53, 52, 0, 316, P0, Not Active, Not Active, Not Active
2026/07/20 00:50:25.775, 0, ${V100_GPU_0_UUID}, 00000000:01:00.0, 892, 877, 32.37, 150.00, 55, 54, 0, 316, P0, Not Active, Not Active, Not Active
2026/07/20 00:50:25.782, 1, ${V100_GPU_1_UUID}, 00000000:02:00.0, 892, 877, 30.28, 150.00, 53, 52, 0, 316, P0, Not Active, Not Active, Not Active
2026/07/20 00:50:25.914, 0, ${V100_GPU_0_UUID}, 00000000:01:00.0, 892, 877, 32.37, 150.00, 55, 54, 0, 316, P0, Not Active, Not Active, Not Active
2026/07/20 00:50:25.920, 1, ${V100_GPU_1_UUID}, 00000000:02:00.0, 892, 877, 30.30, 150.00, 53, 52, 0, 316, P0, Not Active, Not Active, Not Active
2026/07/20 00:50:26.082, 0, ${V100_GPU_0_UUID}, 00000000:01:00.0, 892, 877, 32.39, 150.00, 55, 54, 0, 316, P0, Not Active, Not Active, Not Active
2026/07/20 00:50:26.092, 1, ${V100_GPU_1_UUID}, 00000000:02:00.0, 892, 877, 30.30, 150.00, 53, 52, 0, 316, P0, Not Active, Not Active, Not Active
2026/07/20 00:50:26.228, 0, ${V100_GPU_0_UUID}, 00000000:01:00.0, 892, 877, 32.37, 150.00, 55, 54, 0, 316, P0, Not Active, Not Active, Not Active
2026/07/20 00:50:26.234, 1, ${V100_GPU_1_UUID}, 00000000:02:00.0, 892, 877, 30.28, 150.00, 53, 52, 0, 316, P0, Not Active, Not Active, Not Active
2026/07/20 00:50:26.393, 0, ${V100_GPU_0_UUID}, 00000000:01:00.0, 892, 877, 32.39, 150.00, 55, 54, 0, 316, P0, Not Active, Not Active, Not Active
2026/07/20 00:50:26.401, 1, ${V100_GPU_1_UUID}, 00000000:02:00.0, 892, 877, 30.30, 150.00, 53, 52, 0, 316, P0, Not Active, Not Active, Not Active
2026/07/20 00:50:26.533, 0, ${V100_GPU_0_UUID}, 00000000:01:00.0, 892, 877, 32.37, 150.00, 55, 54, 0, 316, P0, Not Active, Not Active, Not Active
2026/07/20 00:50:26.539, 1, ${V100_GPU_1_UUID}, 00000000:02:00.0, 892, 877, 30.30, 150.00, 53, 52, 0, 316, P0, Not Active, Not Active, Not Active
2026/07/20 00:50:26.704, 0, ${V100_GPU_0_UUID}, 00000000:01:00.0, 892, 877, 32.39, 150.00, 55, 54, 0, 316, P0, Not Active, Not Active, Not Active
2026/07/20 00:50:26.712, 1, ${V100_GPU_1_UUID}, 00000000:02:00.0, 892, 877, 30.30, 150.00, 53, 52, 0, 316, P0, Not Active, Not Active, Not Active
2026/07/20 00:50:26.876, 0, ${V100_GPU_0_UUID}, 00000000:01:00.0, 892, 877, 32.39, 150.00, 55, 54, 0, 316, P0, Not Active, Not Active, Not Active
2026/07/20 00:50:26.884, 1, ${V100_GPU_1_UUID}, 00000000:02:00.0, 892, 877, 30.30, 150.00, 53, 52, 0, 316, P0, Not Active, Not Active, Not Active
2026/07/20 00:50:27.023, 0, ${V100_GPU_0_UUID}, 00000000:01:00.0, 892, 877, 32.37, 150.00, 55, 54, 0, 316, P0, Not Active, Not Active, Not Active
2026/07/20 00:50:27.029, 1, ${V100_GPU_1_UUID}, 00000000:02:00.0, 892, 877, 30.28, 150.00, 53, 52, 0, 316, P0, Not Active, Not Active, Not Active
2026/07/20 00:50:27.188, 0, ${V100_GPU_0_UUID}, 00000000:01:00.0, 892, 877, 32.39, 150.00, 55, 54, 0, 316, P0, Not Active, Not Active, Not Active
2026/07/20 00:50:27.195, 1, ${V100_GPU_1_UUID}, 00000000:02:00.0, 892, 877, 30.30, 150.00, 53, 52, 0, 316, P0, Not Active, Not Active, Not Active
2026/07/20 00:50:27.327, 0, ${V100_GPU_0_UUID}, 00000000:01:00.0, 892, 877, 32.37, 150.00, 55, 54, 0, 316, P0, Not Active, Not Active, Not Active
2026/07/20 00:50:27.332, 1, ${V100_GPU_1_UUID}, 00000000:02:00.0, 892, 877, 30.30, 150.00, 53, 52, 0, 316, P0, Not Active, Not Active, Not Active
2026/07/20 00:50:27.495, 0, ${V100_GPU_0_UUID}, 00000000:01:00.0, 892, 877, 32.39, 150.00, 55, 54, 0, 316, P0, Not Active, Not Active, Not Active
2026/07/20 00:50:27.503, 1, ${V100_GPU_1_UUID}, 00000000:02:00.0, 892, 877, 30.30, 150.00, 53, 52, 0, 316, P0, Not Active, Not Active, Not Active
2026/07/20 00:50:27.636, 0, ${V100_GPU_0_UUID}, 00000000:01:00.0, 892, 877, 32.37, 150.00, 55, 54, 0, 316, P0, Not Active, Not Active, Not Active
2026/07/20 00:50:27.642, 1, ${V100_GPU_1_UUID}, 00000000:02:00.0, 892, 877, 30.30, 150.00, 53, 52, 0, 316, P0, Not Active, Not Active, Not Active
2026/07/20 00:50:27.786, 0, ${V100_GPU_0_UUID}, 00000000:01:00.0, 892, 877, 32.37, 150.00, 55, 54, 0, 316, P0, Not Active, Not Active, Not Active
2026/07/20 00:50:27.791, 1, ${V100_GPU_1_UUID}, 00000000:02:00.0, 892, 877, 30.28, 150.00, 53, 52, 0, 316, P0, Not Active, Not Active, Not Active
2026/07/20 00:50:27.955, 0, ${V100_GPU_0_UUID}, 00000000:01:00.0, 892, 877, 32.39, 150.00, 55, 54, 0, 316, P0, Not Active, Not Active, Not Active
2026/07/20 00:50:27.962, 1, ${V100_GPU_1_UUID}, 00000000:02:00.0, 892, 877, 30.30, 150.00, 53, 52, 0, 316, P0, Not Active, Not Active, Not Active
2026/07/20 00:50:28.096, 0, ${V100_GPU_0_UUID}, 00000000:01:00.0, 892, 877, 32.37, 150.00, 55, 54, 0, 316, P0, Not Active, Not Active, Not Active
2026/07/20 00:50:28.102, 1, ${V100_GPU_1_UUID}, 00000000:02:00.0, 892, 877, 30.28, 150.00, 53, 52, 0, 316, P0, Not Active, Not Active, Not Active
2026/07/20 00:50:28.265, 0, ${V100_GPU_0_UUID}, 00000000:01:00.0, 892, 877, 32.39, 150.00, 55, 54, 0, 316, P0, Not Active, Not Active, Not Active
2026/07/20 00:50:28.272, 1, ${V100_GPU_1_UUID}, 00000000:02:00.0, 892, 877, 29.82, 150.00, 53, 52, 0, 316, P0, Not Active, Not Active, Not Active
2026/07/20 00:50:28.407, 0, ${V100_GPU_0_UUID}, 00000000:01:00.0, 892, 877, 32.39, 150.00, 55, 54, 0, 316, P0, Not Active, Not Active, Not Active
2026/07/20 00:50:28.413, 1, ${V100_GPU_1_UUID}, 00000000:02:00.0, 892, 877, 30.30, 150.00, 53, 52, 0, 316, P0, Not Active, Not Active, Not Active
2026/07/20 00:50:28.573, 0, ${V100_GPU_0_UUID}, 00000000:01:00.0, 892, 877, 32.37, 150.00, 55, 54, 0, 316, P0, Not Active, Not Active, Not Active
2026/07/20 00:50:28.579, 1, ${V100_GPU_1_UUID}, 00000000:02:00.0, 892, 877, 30.28, 150.00, 53, 52, 0, 316, P0, Not Active, Not Active, Not Active
2026/07/20 00:50:28.744, 0, ${V100_GPU_0_UUID}, 00000000:01:00.0, 892, 877, 32.39, 150.00, 55, 54, 0, 316, P0, Not Active, Not Active, Not Active
2026/07/20 00:50:28.755, 1, ${V100_GPU_1_UUID}, 00000000:02:00.0, 892, 877, 30.30, 150.00, 53, 52, 0, 316, P0, Not Active, Not Active, Not Active
2026/07/20 00:50:28.890, 0, ${V100_GPU_0_UUID}, 00000000:01:00.0, 892, 877, 32.37, 150.00, 55, 54, 0, 316, P0, Not Active, Not Active, Not Active
2026/07/20 00:50:28.896, 1, ${V100_GPU_1_UUID}, 00000000:02:00.0, 892, 877, 30.30, 150.00, 53, 52, 0, 316, P0, Not Active, Not Active, Not Active
2026/07/20 00:50:29.059, 0, ${V100_GPU_0_UUID}, 00000000:01:00.0, 892, 877, 32.39, 150.00, 55, 54, 0, 316, P0, Not Active, Not Active, Not Active
2026/07/20 00:50:29.068, 1, ${V100_GPU_1_UUID}, 00000000:02:00.0, 892, 877, 30.30, 150.00, 53, 52, 0, 316, P0, Not Active, Not Active, Not Active
2026/07/20 00:50:29.205, 0, ${V100_GPU_0_UUID}, 00000000:01:00.0, 892, 877, 32.37, 150.00, 55, 54, 0, 316, P0, Not Active, Not Active, Not Active
2026/07/20 00:50:29.211, 1, ${V100_GPU_1_UUID}, 00000000:02:00.0, 892, 877, 30.28, 150.00, 53, 52, 0, 316, P0, Not Active, Not Active, Not Active
2026/07/20 00:50:29.359, 0, ${V100_GPU_0_UUID}, 00000000:01:00.0, 892, 877, 32.37, 150.00, 55, 54, 0, 316, P0, Not Active, Not Active, Not Active
2026/07/20 00:50:29.365, 1, ${V100_GPU_1_UUID}, 00000000:02:00.0, 892, 877, 30.28, 150.00, 53, 52, 0, 316, P0, Not Active, Not Active, Not Active
2026/07/20 00:50:29.528, 0, ${V100_GPU_0_UUID}, 00000000:01:00.0, 892, 877, 32.39, 150.00, 55, 54, 0, 316, P0, Not Active, Not Active, Not Active
2026/07/20 00:50:29.534, 1, ${V100_GPU_1_UUID}, 00000000:02:00.0, 892, 877, 29.82, 150.00, 53, 52, 0, 316, P0, Not Active, Not Active, Not Active
2026/07/20 00:50:29.666, 0, ${V100_GPU_0_UUID}, 00000000:01:00.0, 892, 877, 32.37, 150.00, 55, 54, 0, 316, P0, Not Active, Not Active, Not Active
2026/07/20 00:50:29.671, 1, ${V100_GPU_1_UUID}, 00000000:02:00.0, 892, 877, 30.28, 150.00, 53, 52, 0, 316, P0, Not Active, Not Active, Not Active
2026/07/20 00:50:29.834, 0, ${V100_GPU_0_UUID}, 00000000:01:00.0, 892, 877, 32.39, 150.00, 55, 54, 0, 316, P0, Not Active, Not Active, Not Active
2026/07/20 00:50:29.842, 1, ${V100_GPU_1_UUID}, 00000000:02:00.0, 892, 877, 29.82, 150.00, 53, 52, 0, 316, P0, Not Active, Not Active, Not Active
2026/07/20 00:50:29.978, 0, ${V100_GPU_0_UUID}, 00000000:01:00.0, 892, 877, 32.37, 150.00, 55, 54, 0, 316, P0, Not Active, Not Active, Not Active
2026/07/20 00:50:29.983, 1, ${V100_GPU_1_UUID}, 00000000:02:00.0, 892, 877, 30.30, 150.00, 53, 52, 0, 316, P0, Not Active, Not Active, Not Active
2026/07/20 00:50:30.146, 0, ${V100_GPU_0_UUID}, 00000000:01:00.0, 892, 877, 32.39, 150.00, 55, 54, 0, 316, P0, Not Active, Not Active, Not Active
2026/07/20 00:50:30.154, 1, ${V100_GPU_1_UUID}, 00000000:02:00.0, 892, 877, 30.30, 150.00, 53, 52, 0, 316, P0, Not Active, Not Active, Not Active
2026/07/20 00:50:30.305, 0, ${V100_GPU_0_UUID}, 00000000:01:00.0, 892, 877, 32.39, 150.00, 55, 54, 0, 316, P0, Not Active, Not Active, Not Active
2026/07/20 00:50:30.317, 1, ${V100_GPU_1_UUID}, 00000000:02:00.0, 892, 877, 30.30, 150.00, 53, 52, 0, 316, P0, Not Active, Not Active, Not Active
2026/07/20 00:50:30.471, 0, ${V100_GPU_0_UUID}, 00000000:01:00.0, 892, 877, 32.37, 150.00, 55, 54, 0, 316, P0, Not Active, Not Active, Not Active
2026/07/20 00:50:30.477, 1, ${V100_GPU_1_UUID}, 00000000:02:00.0, 892, 877, 30.28, 150.00, 53, 52, 0, 316, P0, Not Active, Not Active, Not Active
2026/07/20 00:50:30.637, 0, ${V100_GPU_0_UUID}, 00000000:01:00.0, 892, 877, 32.39, 150.00, 55, 54, 0, 316, P0, Not Active, Not Active, Not Active
2026/07/20 00:50:30.644, 1, ${V100_GPU_1_UUID}, 00000000:02:00.0, 892, 877, 29.82, 150.00, 53, 52, 0, 316, P0, Not Active, Not Active, Not Active
2026/07/20 00:50:30.778, 0, ${V100_GPU_0_UUID}, 00000000:01:00.0, 892, 877, 32.37, 150.00, 55, 54, 0, 316, P0, Not Active, Not Active, Not Active
2026/07/20 00:50:30.783, 1, ${V100_GPU_1_UUID}, 00000000:02:00.0, 892, 877, 30.28, 150.00, 53, 52, 0, 316, P0, Not Active, Not Active, Not Active
2026/07/20 00:50:30.946, 0, ${V100_GPU_0_UUID}, 00000000:01:00.0, 892, 877, 32.39, 150.00, 55, 54, 0, 316, P0, Not Active, Not Active, Not Active
2026/07/20 00:50:30.953, 1, ${V100_GPU_1_UUID}, 00000000:02:00.0, 892, 877, 29.82, 150.00, 53, 52, 0, 316, P0, Not Active, Not Active, Not Active
2026/07/20 00:50:31.086, 0, ${V100_GPU_0_UUID}, 00000000:01:00.0, 892, 877, 32.39, 150.00, 55, 54, 0, 316, P0, Not Active, Not Active, Not Active
2026/07/20 00:50:31.092, 1, ${V100_GPU_1_UUID}, 00000000:02:00.0, 892, 877, 30.30, 150.00, 53, 52, 0, 316, P0, Not Active, Not Active, Not Active
2026/07/20 00:50:31.255, 0, ${V100_GPU_0_UUID}, 00000000:01:00.0, 892, 877, 32.37, 150.00, 55, 54, 0, 316, P0, Not Active, Not Active, Not Active
2026/07/20 00:50:31.261, 1, ${V100_GPU_1_UUID}, 00000000:02:00.0, 892, 877, 30.28, 150.00, 53, 52, 0, 316, P0, Not Active, Not Active, Not Active
2026/07/20 00:50:31.421, 0, ${V100_GPU_0_UUID}, 00000000:01:00.0, 892, 877, 32.39, 150.00, 55, 54, 0, 316, P0, Not Active, Not Active, Not Active
2026/07/20 00:50:31.431, 1, ${V100_GPU_1_UUID}, 00000000:02:00.0, 892, 877, 30.30, 150.00, 53, 52, 0, 316, P0, Not Active, Not Active, Not Active
2026/07/20 00:50:31.568, 0, ${V100_GPU_0_UUID}, 00000000:01:00.0, 892, 877, 32.37, 150.00, 55, 54, 0, 316, P0, Not Active, Not Active, Not Active
2026/07/20 00:50:31.574, 1, ${V100_GPU_1_UUID}, 00000000:02:00.0, 892, 877, 29.80, 150.00, 53, 52, 0, 316, P0, Not Active, Not Active, Not Active
2026/07/20 00:50:31.736, 0, ${V100_GPU_0_UUID}, 00000000:01:00.0, 892, 877, 32.39, 150.00, 55, 54, 0, 316, P0, Not Active, Not Active, Not Active
2026/07/20 00:50:31.750, 1, ${V100_GPU_1_UUID}, 00000000:02:00.0, 892, 877, 30.30, 150.00, 53, 52, 0, 316, P0, Not Active, Not Active, Not Active
2026/07/20 00:50:31.887, 0, ${V100_GPU_0_UUID}, 00000000:01:00.0, 892, 877, 32.39, 150.00, 55, 54, 0, 316, P0, Not Active, Not Active, Not Active
2026/07/20 00:50:31.894, 1, ${V100_GPU_1_UUID}, 00000000:02:00.0, 892, 877, 30.30, 150.00, 53, 52, 0, 316, P0, Not Active, Not Active, Not Active
2026/07/20 00:50:32.057, 0, ${V100_GPU_0_UUID}, 00000000:01:00.0, 892, 877, 32.37, 150.00, 55, 54, 0, 316, P0, Not Active, Not Active, Not Active
2026/07/20 00:50:32.063, 1, ${V100_GPU_1_UUID}, 00000000:02:00.0, 892, 877, 30.28, 150.00, 53, 52, 0, 316, P0, Not Active, Not Active, Not Active
2026/07/20 00:50:32.225, 0, ${V100_GPU_0_UUID}, 00000000:01:00.0, 892, 877, 32.39, 150.00, 55, 54, 0, 316, P0, Not Active, Not Active, Not Active
2026/07/20 00:50:32.235, 1, ${V100_GPU_1_UUID}, 00000000:02:00.0, 892, 877, 30.30, 150.00, 53, 52, 0, 316, P0, Not Active, Not Active, Not Active
2026/07/20 00:50:32.372, 0, ${V100_GPU_0_UUID}, 00000000:01:00.0, 892, 877, 32.37, 150.00, 55, 54, 0, 316, P0, Not Active, Not Active, Not Active
2026/07/20 00:50:32.378, 1, ${V100_GPU_1_UUID}, 00000000:02:00.0, 892, 877, 30.30, 150.00, 53, 52, 0, 316, P0, Not Active, Not Active, Not Active
2026/07/20 00:50:32.537, 0, ${V100_GPU_0_UUID}, 00000000:01:00.0, 892, 877, 32.39, 150.00, 55, 54, 0, 316, P0, Not Active, Not Active, Not Active
2026/07/20 00:50:32.545, 1, ${V100_GPU_1_UUID}, 00000000:02:00.0, 892, 877, 30.30, 150.00, 53, 52, 0, 316, P0, Not Active, Not Active, Not Active
2026/07/20 00:50:32.678, 0, ${V100_GPU_0_UUID}, 00000000:01:00.0, 892, 877, 32.37, 150.00, 55, 54, 0, 316, P0, Not Active, Not Active, Not Active
2026/07/20 00:50:32.683, 1, ${V100_GPU_1_UUID}, 00000000:02:00.0, 892, 877, 30.28, 150.00, 53, 52, 0, 316, P0, Not Active, Not Active, Not Active
2026/07/20 00:50:32.816, 0, ${V100_GPU_0_UUID}, 00000000:01:00.0, 892, 877, 32.37, 150.00, 55, 54, 0, 316, P0, Not Active, Not Active, Not Active
2026/07/20 00:50:32.823, 1, ${V100_GPU_1_UUID}, 00000000:02:00.0, 892, 877, 30.28, 150.00, 53, 52, 0, 316, P0, Not Active, Not Active, Not Active
2026/07/20 00:50:32.986, 0, ${V100_GPU_0_UUID}, 00000000:01:00.0, 892, 877, 32.39, 150.00, 55, 54, 0, 316, P0, Not Active, Not Active, Not Active
2026/07/20 00:50:32.993, 1, ${V100_GPU_1_UUID}, 00000000:02:00.0, 892, 877, 30.30, 150.00, 53, 52, 0, 316, P0, Not Active, Not Active, Not Active
2026/07/20 00:50:33.141, 0, ${V100_GPU_0_UUID}, 00000000:01:00.0, 892, 877, 32.37, 150.00, 55, 54, 0, 316, P0, Not Active, Not Active, Not Active
2026/07/20 00:50:33.147, 1, ${V100_GPU_1_UUID}, 00000000:02:00.0, 892, 877, 30.28, 150.00, 53, 52, 0, 316, P0, Not Active, Not Active, Not Active
2026/07/20 00:50:33.310, 0, ${V100_GPU_0_UUID}, 00000000:01:00.0, 892, 877, 32.39, 150.00, 55, 54, 0, 316, P0, Not Active, Not Active, Not Active
2026/07/20 00:50:33.317, 1, ${V100_GPU_1_UUID}, 00000000:02:00.0, 892, 877, 29.82, 150.00, 53, 52, 0, 316, P0, Not Active, Not Active, Not Active
2026/07/20 00:50:33.451, 0, ${V100_GPU_0_UUID}, 00000000:01:00.0, 892, 877, 32.37, 150.00, 55, 54, 0, 316, P0, Not Active, Not Active, Not Active
2026/07/20 00:50:33.457, 1, ${V100_GPU_1_UUID}, 00000000:02:00.0, 892, 877, 29.80, 150.00, 53, 52, 0, 316, P0, Not Active, Not Active, Not Active
2026/07/20 00:50:33.618, 0, ${V100_GPU_0_UUID}, 00000000:01:00.0, 892, 877, 32.39, 150.00, 55, 54, 0, 316, P0, Not Active, Not Active, Not Active
2026/07/20 00:50:33.625, 1, ${V100_GPU_1_UUID}, 00000000:02:00.0, 892, 877, 30.30, 150.00, 53, 52, 0, 316, P0, Not Active, Not Active, Not Active
2026/07/20 00:50:33.765, 0, ${V100_GPU_0_UUID}, 00000000:01:00.0, 892, 877, 32.39, 150.00, 55, 54, 0, 316, P0, Not Active, Not Active, Not Active
2026/07/20 00:50:33.773, 1, ${V100_GPU_1_UUID}, 00000000:02:00.0, 892, 877, 30.30, 150.00, 53, 52, 0, 316, P0, Not Active, Not Active, Not Active
2026/07/20 00:50:33.944, 0, ${V100_GPU_0_UUID}, 00000000:01:00.0, 892, 877, 32.37, 150.00, 55, 54, 0, 316, P0, Not Active, Not Active, Not Active
2026/07/20 00:50:33.950, 1, ${V100_GPU_1_UUID}, 00000000:02:00.0, 892, 877, 30.28, 150.00, 53, 52, 0, 316, P0, Not Active, Not Active, Not Active
2026/07/20 00:50:34.083, 0, ${V100_GPU_0_UUID}, 00000000:01:00.0, 892, 877, 32.37, 150.00, 55, 54, 0, 316, P0, Not Active, Not Active, Not Active
2026/07/20 00:50:34.088, 1, ${V100_GPU_1_UUID}, 00000000:02:00.0, 892, 877, 30.30, 150.00, 53, 52, 0, 316, P0, Not Active, Not Active, Not Active
2026/07/20 00:50:34.223, 0, ${V100_GPU_0_UUID}, 00000000:01:00.0, 892, 877, 32.37, 150.00, 55, 54, 0, 316, P0, Not Active, Not Active, Not Active
2026/07/20 00:50:34.228, 1, ${V100_GPU_1_UUID}, 00000000:02:00.0, 892, 877, 30.28, 150.00, 53, 52, 0, 316, P0, Not Active, Not Active, Not Active
2026/07/20 00:50:34.377, 0, ${V100_GPU_0_UUID}, 00000000:01:00.0, 892, 877, 32.39, 150.00, 55, 54, 0, 316, P0, Not Active, Not Active, Not Active
2026/07/20 00:50:34.389, 1, ${V100_GPU_1_UUID}, 00000000:02:00.0, 892, 877, 30.30, 150.00, 53, 52, 0, 316, P0, Not Active, Not Active, Not Active
2026/07/20 00:50:34.527, 0, ${V100_GPU_0_UUID}, 00000000:01:00.0, 892, 877, 32.39, 150.00, 55, 54, 0, 316, P0, Not Active, Not Active, Not Active
2026/07/20 00:50:34.533, 1, ${V100_GPU_1_UUID}, 00000000:02:00.0, 892, 877, 30.30, 150.00, 53, 52, 0, 316, P0, Not Active, Not Active, Not Active
2026/07/20 00:50:34.696, 0, ${V100_GPU_0_UUID}, 00000000:01:00.0, 892, 877, 32.39, 150.00, 55, 54, 0, 316, P0, Not Active, Not Active, Not Active
2026/07/20 00:50:34.702, 1, ${V100_GPU_1_UUID}, 00000000:02:00.0, 892, 877, 29.82, 150.00, 53, 52, 0, 316, P0, Not Active, Not Active, Not Active
2026/07/20 00:50:34.839, 0, ${V100_GPU_0_UUID}, 00000000:01:00.0, 892, 877, 32.39, 150.00, 55, 54, 0, 316, P0, Not Active, Not Active, Not Active
2026/07/20 00:50:34.855, 1, ${V100_GPU_1_UUID}, 00000000:02:00.0, 892, 877, 30.30, 150.00, 53, 52, 0, 316, P0, Not Active, Not Active, Not Active
2026/07/20 00:50:35.022, 0, ${V100_GPU_0_UUID}, 00000000:01:00.0, 892, 877, 32.39, 150.00, 55, 54, 0, 316, P0, Not Active, Not Active, Not Active
2026/07/20 00:50:35.028, 1, ${V100_GPU_1_UUID}, 00000000:02:00.0, 892, 877, 30.28, 150.00, 53, 52, 0, 316, P0, Not Active, Not Active, Not Active
2026/07/20 00:50:35.187, 0, ${V100_GPU_0_UUID}, 00000000:01:00.0, 892, 877, 32.39, 150.00, 55, 54, 0, 316, P0, Not Active, Not Active, Not Active
2026/07/20 00:50:35.197, 1, ${V100_GPU_1_UUID}, 00000000:02:00.0, 892, 877, 30.30, 150.00, 53, 52, 0, 316, P0, Not Active, Not Active, Not Active
2026/07/20 00:50:35.339, 0, ${V100_GPU_0_UUID}, 00000000:01:00.0, 892, 877, 32.37, 150.00, 55, 54, 0, 316, P0, Not Active, Not Active, Not Active
2026/07/20 00:50:35.346, 1, ${V100_GPU_1_UUID}, 00000000:02:00.0, 892, 877, 30.28, 150.00, 53, 52, 0, 316, P0, Not Active, Not Active, Not Active
2026/07/20 00:50:35.510, 0, ${V100_GPU_0_UUID}, 00000000:01:00.0, 892, 877, 32.39, 150.00, 55, 54, 0, 316, P0, Not Active, Not Active, Not Active
2026/07/20 00:50:35.517, 1, ${V100_GPU_1_UUID}, 00000000:02:00.0, 892, 877, 30.30, 150.00, 53, 52, 0, 316, P0, Not Active, Not Active, Not Active
2026/07/20 00:50:35.659, 0, ${V100_GPU_0_UUID}, 00000000:01:00.0, 892, 877, 32.37, 150.00, 55, 54, 0, 316, P0, Not Active, Not Active, Not Active
2026/07/20 00:50:35.665, 1, ${V100_GPU_1_UUID}, 00000000:02:00.0, 892, 877, 30.28, 150.00, 53, 52, 0, 316, P0, Not Active, Not Active, Not Active
2026/07/20 00:50:35.826, 0, ${V100_GPU_0_UUID}, 00000000:01:00.0, 892, 877, 32.39, 150.00, 55, 54, 0, 316, P0, Not Active, Not Active, Not Active
2026/07/20 00:50:35.835, 1, ${V100_GPU_1_UUID}, 00000000:02:00.0, 892, 877, 30.30, 150.00, 53, 52, 0, 316, P0, Not Active, Not Active, Not Active
2026/07/20 00:50:35.969, 0, ${V100_GPU_0_UUID}, 00000000:01:00.0, 892, 877, 32.39, 150.00, 55, 54, 0, 316, P0, Not Active, Not Active, Not Active
2026/07/20 00:50:35.975, 1, ${V100_GPU_1_UUID}, 00000000:02:00.0, 892, 877, 30.30, 150.00, 53, 52, 0, 316, P0, Not Active, Not Active, Not Active
2026/07/20 00:50:36.139, 0, ${V100_GPU_0_UUID}, 00000000:01:00.0, 892, 877, 32.39, 150.00, 55, 54, 0, 316, P0, Not Active, Not Active, Not Active
2026/07/20 00:50:36.146, 1, ${V100_GPU_1_UUID}, 00000000:02:00.0, 892, 877, 29.82, 150.00, 53, 52, 0, 316, P0, Not Active, Not Active, Not Active
2026/07/20 00:50:36.279, 0, ${V100_GPU_0_UUID}, 00000000:01:00.0, 892, 877, 32.39, 150.00, 55, 54, 0, 316, P0, Not Active, Not Active, Not Active
2026/07/20 00:50:36.299, 1, ${V100_GPU_1_UUID}, 00000000:02:00.0, 892, 877, 29.82, 150.00, 53, 52, 0, 316, P0, Not Active, Not Active, Not Active
2026/07/20 00:50:36.449, 0, ${V100_GPU_0_UUID}, 00000000:01:00.0, 892, 877, 32.37, 150.00, 55, 54, 0, 316, P0, Not Active, Not Active, Not Active
2026/07/20 00:50:36.456, 1, ${V100_GPU_1_UUID}, 00000000:02:00.0, 892, 877, 30.28, 150.00, 53, 52, 0, 316, P0, Not Active, Not Active, Not Active
2026/07/20 00:50:36.632, 0, ${V100_GPU_0_UUID}, 00000000:01:00.0, 892, 877, 32.39, 150.00, 55, 54, 0, 316, P0, Not Active, Not Active, Not Active
2026/07/20 00:50:36.640, 1, ${V100_GPU_1_UUID}, 00000000:02:00.0, 892, 877, 30.30, 150.00, 53, 52, 0, 316, P0, Not Active, Not Active, Not Active
2026/07/20 00:50:36.775, 0, ${V100_GPU_0_UUID}, 00000000:01:00.0, 892, 877, 32.37, 150.00, 55, 54, 0, 316, P0, Not Active, Not Active, Not Active
2026/07/20 00:50:36.781, 1, ${V100_GPU_1_UUID}, 00000000:02:00.0, 892, 877, 30.28, 150.00, 53, 52, 0, 316, P0, Not Active, Not Active, Not Active
2026/07/20 00:50:36.939, 0, ${V100_GPU_0_UUID}, 00000000:01:00.0, 892, 877, 32.39, 150.00, 55, 54, 0, 316, P0, Not Active, Not Active, Not Active
2026/07/20 00:50:36.946, 1, ${V100_GPU_1_UUID}, 00000000:02:00.0, 892, 877, 30.30, 150.00, 53, 52, 0, 316, P0, Not Active, Not Active, Not Active
2026/07/20 00:50:37.104, 0, ${V100_GPU_0_UUID}, 00000000:01:00.0, 892, 877, 32.39, 150.00, 55, 54, 0, 316, P0, Not Active, Not Active, Not Active
2026/07/20 00:50:37.111, 1, ${V100_GPU_1_UUID}, 00000000:02:00.0, 892, 877, 30.30, 150.00, 53, 52, 0, 316, P0, Not Active, Not Active, Not Active
2026/07/20 00:50:37.269, 0, ${V100_GPU_0_UUID}, 00000000:01:00.0, 892, 877, 32.37, 150.00, 55, 54, 0, 316, P0, Not Active, Not Active, Not Active
2026/07/20 00:50:37.276, 1, ${V100_GPU_1_UUID}, 00000000:02:00.0, 892, 877, 30.28, 150.00, 53, 52, 0, 316, P0, Not Active, Not Active, Not Active
2026/07/20 00:50:37.428, 0, ${V100_GPU_0_UUID}, 00000000:01:00.0, 892, 877, 32.39, 150.00, 55, 54, 0, 316, P0, Not Active, Not Active, Not Active
2026/07/20 00:50:37.438, 1, ${V100_GPU_1_UUID}, 00000000:02:00.0, 892, 877, 30.30, 150.00, 53, 52, 0, 316, P0, Not Active, Not Active, Not Active
2026/07/20 00:50:37.580, 0, ${V100_GPU_0_UUID}, 00000000:01:00.0, 892, 877, 32.37, 150.00, 55, 54, 0, 316, P0, Not Active, Not Active, Not Active
2026/07/20 00:50:37.586, 1, ${V100_GPU_1_UUID}, 00000000:02:00.0, 892, 877, 30.28, 150.00, 53, 52, 0, 316, P0, Not Active, Not Active, Not Active
2026/07/20 00:50:37.750, 0, ${V100_GPU_0_UUID}, 00000000:01:00.0, 892, 877, 32.39, 150.00, 55, 54, 0, 316, P0, Not Active, Not Active, Not Active
2026/07/20 00:50:37.757, 1, ${V100_GPU_1_UUID}, 00000000:02:00.0, 892, 877, 30.30, 150.00, 53, 52, 0, 316, P0, Not Active, Not Active, Not Active
2026/07/20 00:50:37.922, 0, ${V100_GPU_0_UUID}, 00000000:01:00.0, 892, 877, 32.39, 150.00, 55, 54, 0, 316, P0, Not Active, Not Active, Not Active
2026/07/20 00:50:37.929, 1, ${V100_GPU_1_UUID}, 00000000:02:00.0, 892, 877, 29.82, 150.00, 53, 52, 0, 316, P0, Not Active, Not Active, Not Active
2026/07/20 00:50:38.065, 0, ${V100_GPU_0_UUID}, 00000000:01:00.0, 892, 877, 32.39, 150.00, 55, 54, 0, 316, P0, Not Active, Not Active, Not Active
2026/07/20 00:50:38.072, 1, ${V100_GPU_1_UUID}, 00000000:02:00.0, 892, 877, 30.30, 150.00, 53, 52, 0, 316, P0, Not Active, Not Active, Not Active
2026/07/20 00:50:38.233, 0, ${V100_GPU_0_UUID}, 00000000:01:00.0, 892, 877, 32.37, 150.00, 55, 54, 0, 316, P0, Not Active, Not Active, Not Active
2026/07/20 00:50:38.240, 1, ${V100_GPU_1_UUID}, 00000000:02:00.0, 892, 877, 30.28, 150.00, 53, 52, 0, 316, P0, Not Active, Not Active, Not Active
2026/07/20 00:50:38.404, 0, ${V100_GPU_0_UUID}, 00000000:01:00.0, 892, 877, 32.39, 150.00, 55, 54, 0, 316, P0, Not Active, Not Active, Not Active
2026/07/20 00:50:38.412, 1, ${V100_GPU_1_UUID}, 00000000:02:00.0, 892, 877, 30.30, 150.00, 53, 52, 0, 316, P0, Not Active, Not Active, Not Active
2026/07/20 00:50:38.546, 0, ${V100_GPU_0_UUID}, 00000000:01:00.0, 892, 877, 32.37, 150.00, 55, 54, 0, 316, P0, Not Active, Not Active, Not Active
2026/07/20 00:50:38.552, 1, ${V100_GPU_1_UUID}, 00000000:02:00.0, 892, 877, 30.30, 150.00, 53, 52, 0, 316, P0, Not Active, Not Active, Not Active
2026/07/20 00:50:38.715, 0, ${V100_GPU_0_UUID}, 00000000:01:00.0, 892, 877, 32.37, 150.00, 55, 54, 0, 316, P0, Not Active, Not Active, Not Active
2026/07/20 00:50:38.723, 1, ${V100_GPU_1_UUID}, 00000000:02:00.0, 892, 877, 30.30, 150.00, 53, 52, 0, 316, P0, Not Active, Not Active, Not Active
2026/07/20 00:50:38.883, 0, ${V100_GPU_0_UUID}, 00000000:01:00.0, 892, 877, 32.39, 150.00, 55, 54, 0, 316, P0, Not Active, Not Active, Not Active
2026/07/20 00:50:38.893, 1, ${V100_GPU_1_UUID}, 00000000:02:00.0, 892, 877, 30.30, 150.00, 53, 52, 0, 316, P0, Not Active, Not Active, Not Active
2026/07/20 00:50:39.030, 0, ${V100_GPU_0_UUID}, 00000000:01:00.0, 892, 877, 32.37, 150.00, 55, 54, 0, 316, P0, Not Active, Not Active, Not Active
2026/07/20 00:50:39.035, 1, ${V100_GPU_1_UUID}, 00000000:02:00.0, 892, 877, 30.28, 150.00, 53, 52, 0, 316, P0, Not Active, Not Active, Not Active
2026/07/20 00:50:39.199, 0, ${V100_GPU_0_UUID}, 00000000:01:00.0, 892, 877, 32.39, 150.00, 55, 54, 0, 316, P0, Not Active, Not Active, Not Active
2026/07/20 00:50:39.207, 1, ${V100_GPU_1_UUID}, 00000000:02:00.0, 892, 877, 30.30, 150.00, 53, 52, 0, 316, P0, Not Active, Not Active, Not Active
2026/07/20 00:50:39.341, 0, ${V100_GPU_0_UUID}, 00000000:01:00.0, 892, 877, 32.37, 150.00, 55, 54, 0, 316, P0, Not Active, Not Active, Not Active
2026/07/20 00:50:39.347, 1, ${V100_GPU_1_UUID}, 00000000:02:00.0, 892, 877, 30.28, 150.00, 53, 52, 0, 316, P0, Not Active, Not Active, Not Active
2026/07/20 00:50:39.507, 0, ${V100_GPU_0_UUID}, 00000000:01:00.0, 892, 877, 32.39, 150.00, 55, 54, 0, 316, P0, Not Active, Not Active, Not Active
2026/07/20 00:50:39.514, 1, ${V100_GPU_1_UUID}, 00000000:02:00.0, 892, 877, 30.30, 150.00, 53, 52, 0, 316, P0, Not Active, Not Active, Not Active
2026/07/20 00:50:39.653, 0, ${V100_GPU_0_UUID}, 00000000:01:00.0, 892, 877, 32.39, 150.00, 55, 54, 0, 316, P0, Not Active, Not Active, Not Active
2026/07/20 00:50:39.661, 1, ${V100_GPU_1_UUID}, 00000000:02:00.0, 892, 877, 30.30, 150.00, 53, 52, 0, 316, P0, Not Active, Not Active, Not Active
2026/07/20 00:50:39.829, 0, ${V100_GPU_0_UUID}, 00000000:01:00.0, 892, 877, 32.37, 150.00, 55, 54, 0, 316, P0, Not Active, Not Active, Not Active
2026/07/20 00:50:39.835, 1, ${V100_GPU_1_UUID}, 00000000:02:00.0, 892, 877, 30.30, 150.00, 53, 52, 0, 316, P0, Not Active, Not Active, Not Active
2026/07/20 00:50:39.999, 0, ${V100_GPU_0_UUID}, 00000000:01:00.0, 892, 877, 32.39, 150.00, 55, 54, 0, 316, P0, Not Active, Not Active, Not Active
2026/07/20 00:50:40.007, 1, ${V100_GPU_1_UUID}, 00000000:02:00.0, 892, 877, 29.82, 150.00, 53, 52, 0, 316, P0, Not Active, Not Active, Not Active
2026/07/20 00:50:40.140, 0, ${V100_GPU_0_UUID}, 00000000:01:00.0, 892, 877, 32.37, 150.00, 55, 54, 0, 316, P0, Not Active, Not Active, Not Active
2026/07/20 00:50:40.147, 1, ${V100_GPU_1_UUID}, 00000000:02:00.0, 892, 877, 30.28, 150.00, 53, 52, 0, 316, P0, Not Active, Not Active, Not Active
2026/07/20 00:50:40.307, 0, ${V100_GPU_0_UUID}, 00000000:01:00.0, 892, 877, 32.39, 150.00, 55, 54, 0, 316, P0, Not Active, Not Active, Not Active
2026/07/20 00:50:40.315, 1, ${V100_GPU_1_UUID}, 00000000:02:00.0, 892, 877, 29.82, 150.00, 53, 52, 0, 316, P0, Not Active, Not Active, Not Active
2026/07/20 00:50:40.457, 0, ${V100_GPU_0_UUID}, 00000000:01:00.0, 892, 877, 32.39, 150.00, 55, 54, 0, 316, P0, Not Active, Not Active, Not Active
2026/07/20 00:50:40.467, 1, ${V100_GPU_1_UUID}, 00000000:02:00.0, 892, 877, 29.82, 150.00, 53, 52, 0, 316, P0, Not Active, Not Active, Not Active
2026/07/20 00:50:40.632, 0, ${V100_GPU_0_UUID}, 00000000:01:00.0, 892, 877, 32.37, 150.00, 55, 54, 0, 316, P0, Not Active, Not Active, Not Active
2026/07/20 00:50:40.638, 1, ${V100_GPU_1_UUID}, 00000000:02:00.0, 892, 877, 30.30, 150.00, 53, 52, 0, 316, P0, Not Active, Not Active, Not Active
2026/07/20 00:50:40.801, 0, ${V100_GPU_0_UUID}, 00000000:01:00.0, 892, 877, 32.39, 150.00, 55, 54, 0, 316, P0, Not Active, Not Active, Not Active
2026/07/20 00:50:40.809, 1, ${V100_GPU_1_UUID}, 00000000:02:00.0, 892, 877, 29.82, 150.00, 53, 52, 0, 316, P0, Not Active, Not Active, Not Active
2026/07/20 00:50:40.942, 0, ${V100_GPU_0_UUID}, 00000000:01:00.0, 892, 877, 32.37, 150.00, 55, 54, 0, 316, P0, Not Active, Not Active, Not Active
2026/07/20 00:50:40.949, 1, ${V100_GPU_1_UUID}, 00000000:02:00.0, 892, 877, 30.28, 150.00, 53, 52, 0, 316, P0, Not Active, Not Active, Not Active
2026/07/20 00:50:41.111, 0, ${V100_GPU_0_UUID}, 00000000:01:00.0, 892, 877, 32.39, 150.00, 55, 54, 0, 316, P0, Not Active, Not Active, Not Active
2026/07/20 00:50:41.118, 1, ${V100_GPU_1_UUID}, 00000000:02:00.0, 892, 877, 30.30, 150.00, 53, 52, 0, 316, P0, Not Active, Not Active, Not Active
2026/07/20 00:50:41.254, 0, ${V100_GPU_0_UUID}, 00000000:01:00.0, 892, 877, 32.39, 150.00, 55, 54, 0, 316, P0, Not Active, Not Active, Not Active
2026/07/20 00:50:41.260, 1, ${V100_GPU_1_UUID}, 00000000:02:00.0, 892, 877, 30.30, 150.00, 53, 52, 0, 316, P0, Not Active, Not Active, Not Active
2026/07/20 00:50:41.426, 0, ${V100_GPU_0_UUID}, 00000000:01:00.0, 892, 877, 32.39, 150.00, 55, 54, 0, 316, P0, Not Active, Not Active, Not Active
2026/07/20 00:50:41.432, 1, ${V100_GPU_1_UUID}, 00000000:02:00.0, 892, 877, 30.30, 150.00, 53, 52, 0, 316, P0, Not Active, Not Active, Not Active
2026/07/20 00:50:41.592, 0, ${V100_GPU_0_UUID}, 00000000:01:00.0, 892, 877, 32.39, 150.00, 55, 54, 0, 316, P0, Not Active, Not Active, Not Active
2026/07/20 00:50:41.601, 1, ${V100_GPU_1_UUID}, 00000000:02:00.0, 892, 877, 30.30, 150.00, 53, 52, 0, 316, P0, Not Active, Not Active, Not Active
2026/07/20 00:50:41.739, 0, ${V100_GPU_0_UUID}, 00000000:01:00.0, 892, 877, 32.37, 150.00, 55, 54, 0, 316, P0, Not Active, Not Active, Not Active
2026/07/20 00:50:41.745, 1, ${V100_GPU_1_UUID}, 00000000:02:00.0, 892, 877, 30.28, 150.00, 53, 52, 0, 316, P0, Not Active, Not Active, Not Active
2026/07/20 00:50:41.877, 0, ${V100_GPU_0_UUID}, 00000000:01:00.0, 892, 877, 32.39, 150.00, 55, 54, 0, 316, P0, Not Active, Not Active, Not Active
2026/07/20 00:50:41.882, 1, ${V100_GPU_1_UUID}, 00000000:02:00.0, 892, 877, 30.30, 150.00, 53, 52, 0, 316, P0, Not Active, Not Active, Not Active
2026/07/20 00:50:42.018, 0, ${V100_GPU_0_UUID}, 00000000:01:00.0, 892, 877, 32.37, 150.00, 55, 54, 0, 316, P0, Not Active, Not Active, Not Active
2026/07/20 00:50:42.024, 1, ${V100_GPU_1_UUID}, 00000000:02:00.0, 892, 877, 30.28, 150.00, 53, 52, 0, 316, P0, Not Active, Not Active, Not Active
2026/07/20 00:50:42.186, 0, ${V100_GPU_0_UUID}, 00000000:01:00.0, 892, 877, 32.39, 150.00, 55, 54, 0, 316, P0, Not Active, Not Active, Not Active
2026/07/20 00:50:42.195, 1, ${V100_GPU_1_UUID}, 00000000:02:00.0, 892, 877, 29.82, 150.00, 53, 52, 0, 316, P0, Not Active, Not Active, Not Active
2026/07/20 00:50:42.329, 0, ${V100_GPU_0_UUID}, 00000000:01:00.0, 892, 877, 32.37, 150.00, 55, 54, 0, 316, P0, Not Active, Not Active, Not Active
2026/07/20 00:50:42.334, 1, ${V100_GPU_1_UUID}, 00000000:02:00.0, 892, 877, 30.28, 150.00, 53, 52, 0, 316, P0, Not Active, Not Active, Not Active
2026/07/20 00:50:42.499, 0, ${V100_GPU_0_UUID}, 00000000:01:00.0, 892, 877, 32.39, 150.00, 55, 54, 0, 316, P0, Not Active, Not Active, Not Active
2026/07/20 00:50:42.507, 1, ${V100_GPU_1_UUID}, 00000000:02:00.0, 892, 877, 30.30, 150.00, 53, 52, 0, 316, P0, Not Active, Not Active, Not Active
2026/07/20 00:50:42.640, 0, ${V100_GPU_0_UUID}, 00000000:01:00.0, 892, 877, 32.37, 150.00, 55, 54, 0, 316, P0, Not Active, Not Active, Not Active
2026/07/20 00:50:42.646, 1, ${V100_GPU_1_UUID}, 00000000:02:00.0, 892, 877, 29.80, 150.00, 53, 52, 0, 316, P0, Not Active, Not Active, Not Active
2026/07/20 00:50:42.778, 0, ${V100_GPU_0_UUID}, 00000000:01:00.0, 892, 877, 32.37, 150.00, 55, 54, 0, 316, P0, Not Active, Not Active, Not Active
2026/07/20 00:50:42.783, 1, ${V100_GPU_1_UUID}, 00000000:02:00.0, 892, 877, 30.28, 150.00, 53, 52, 0, 316, P0, Not Active, Not Active, Not Active
2026/07/20 00:50:42.915, 0, ${V100_GPU_0_UUID}, 00000000:01:00.0, 892, 877, 32.37, 150.00, 55, 54, 0, 316, P0, Not Active, Not Active, Not Active
2026/07/20 00:50:42.921, 1, ${V100_GPU_1_UUID}, 00000000:02:00.0, 892, 877, 30.30, 150.00, 53, 52, 0, 316, P0, Not Active, Not Active, Not Active
2026/07/20 00:50:43.085, 0, ${V100_GPU_0_UUID}, 00000000:01:00.0, 892, 877, 32.37, 150.00, 55, 54, 0, 316, P0, Not Active, Not Active, Not Active
2026/07/20 00:50:43.091, 1, ${V100_GPU_1_UUID}, 00000000:02:00.0, 892, 877, 30.30, 150.00, 53, 52, 0, 316, P0, Not Active, Not Active, Not Active
2026/07/20 00:50:43.252, 0, ${V100_GPU_0_UUID}, 00000000:01:00.0, 892, 877, 32.39, 150.00, 55, 54, 0, 316, P0, Not Active, Not Active, Not Active
2026/07/20 00:50:43.260, 1, ${V100_GPU_1_UUID}, 00000000:02:00.0, 892, 877, 30.30, 150.00, 53, 52, 0, 316, P0, Not Active, Not Active, Not Active
2026/07/20 00:50:43.402, 0, ${V100_GPU_0_UUID}, 00000000:01:00.0, 892, 877, 32.37, 150.00, 55, 54, 0, 316, P0, Not Active, Not Active, Not Active
2026/07/20 00:50:43.408, 1, ${V100_GPU_1_UUID}, 00000000:02:00.0, 892, 877, 30.28, 150.00, 53, 52, 0, 316, P0, Not Active, Not Active, Not Active
2026/07/20 00:50:43.570, 0, ${V100_GPU_0_UUID}, 00000000:01:00.0, 892, 877, 32.39, 150.00, 55, 54, 0, 316, P0, Not Active, Not Active, Not Active
2026/07/20 00:50:43.578, 1, ${V100_GPU_1_UUID}, 00000000:02:00.0, 892, 877, 30.30, 150.00, 53, 52, 0, 316, P0, Not Active, Not Active, Not Active
2026/07/20 00:50:43.713, 0, ${V100_GPU_0_UUID}, 00000000:01:00.0, 892, 877, 32.37, 150.00, 55, 54, 0, 316, P0, Not Active, Not Active, Not Active
2026/07/20 00:50:43.719, 1, ${V100_GPU_1_UUID}, 00000000:02:00.0, 892, 877, 30.28, 150.00, 53, 52, 0, 316, P0, Not Active, Not Active, Not Active
2026/07/20 00:50:43.882, 0, ${V100_GPU_0_UUID}, 00000000:01:00.0, 892, 877, 32.39, 150.00, 55, 54, 0, 316, P0, Not Active, Not Active, Not Active
2026/07/20 00:50:43.890, 1, ${V100_GPU_1_UUID}, 00000000:02:00.0, 892, 877, 29.82, 150.00, 53, 52, 0, 316, P0, Not Active, Not Active, Not Active
2026/07/20 00:50:44.024, 0, ${V100_GPU_0_UUID}, 00000000:01:00.0, 892, 877, 32.37, 150.00, 55, 54, 0, 316, P0, Not Active, Not Active, Not Active
2026/07/20 00:50:44.030, 1, ${V100_GPU_1_UUID}, 00000000:02:00.0, 892, 877, 30.30, 150.00, 53, 52, 0, 316, P0, Not Active, Not Active, Not Active
2026/07/20 00:50:44.194, 0, ${V100_GPU_0_UUID}, 00000000:01:00.0, 892, 877, 32.39, 150.00, 55, 54, 0, 316, P0, Not Active, Not Active, Not Active
2026/07/20 00:50:44.202, 1, ${V100_GPU_1_UUID}, 00000000:02:00.0, 892, 877, 30.30, 150.00, 53, 52, 0, 316, P0, Not Active, Not Active, Not Active
2026/07/20 00:50:44.336, 0, ${V100_GPU_0_UUID}, 00000000:01:00.0, 892, 877, 32.37, 150.00, 55, 54, 0, 316, P0, Not Active, Not Active, Not Active
2026/07/20 00:50:44.342, 1, ${V100_GPU_1_UUID}, 00000000:02:00.0, 892, 877, 30.28, 150.00, 53, 52, 0, 316, P0, Not Active, Not Active, Not Active
2026/07/20 00:50:44.497, 0, ${V100_GPU_0_UUID}, 00000000:01:00.0, 892, 877, 32.37, 150.00, 55, 54, 0, 316, P0, Not Active, Not Active, Not Active
2026/07/20 00:50:44.503, 1, ${V100_GPU_1_UUID}, 00000000:02:00.0, 892, 877, 30.28, 150.00, 53, 52, 0, 316, P0, Not Active, Not Active, Not Active
2026/07/20 00:50:44.658, 0, ${V100_GPU_0_UUID}, 00000000:01:00.0, 892, 877, 32.39, 150.00, 55, 54, 0, 316, P0, Not Active, Not Active, Not Active
2026/07/20 00:50:44.669, 1, ${V100_GPU_1_UUID}, 00000000:02:00.0, 892, 877, 30.30, 150.00, 53, 52, 0, 316, P0, Not Active, Not Active, Not Active
2026/07/20 00:50:44.807, 0, ${V100_GPU_0_UUID}, 00000000:01:00.0, 892, 877, 32.37, 150.00, 55, 54, 0, 316, P0, Not Active, Not Active, Not Active
2026/07/20 00:50:44.812, 1, ${V100_GPU_1_UUID}, 00000000:02:00.0, 892, 877, 30.28, 150.00, 53, 52, 0, 316, P0, Not Active, Not Active, Not Active
2026/07/20 00:50:44.976, 0, ${V100_GPU_0_UUID}, 00000000:01:00.0, 892, 877, 32.39, 150.00, 55, 54, 0, 316, P0, Not Active, Not Active, Not Active
2026/07/20 00:50:44.984, 1, ${V100_GPU_1_UUID}, 00000000:02:00.0, 892, 877, 29.82, 150.00, 53, 52, 0, 316, P0, Not Active, Not Active, Not Active
2026/07/20 00:50:45.119, 0, ${V100_GPU_0_UUID}, 00000000:01:00.0, 892, 877, 32.37, 150.00, 55, 54, 0, 316, P0, Not Active, Not Active, Not Active
2026/07/20 00:50:45.124, 1, ${V100_GPU_1_UUID}, 00000000:02:00.0, 892, 877, 30.30, 150.00, 53, 52, 0, 316, P0, Not Active, Not Active, Not Active
2026/07/20 00:50:45.289, 0, ${V100_GPU_0_UUID}, 00000000:01:00.0, 892, 877, 32.39, 150.00, 55, 54, 0, 316, P0, Not Active, Not Active, Not Active
2026/07/20 00:50:45.297, 1, ${V100_GPU_1_UUID}, 00000000:02:00.0, 892, 877, 30.30, 150.00, 53, 52, 0, 316, P0, Not Active, Not Active, Not Active
2026/07/20 00:50:45.433, 0, ${V100_GPU_0_UUID}, 00000000:01:00.0, 892, 877, 32.39, 150.00, 55, 54, 0, 316, P0, Not Active, Not Active, Not Active
2026/07/20 00:50:45.440, 1, ${V100_GPU_1_UUID}, 00000000:02:00.0, 892, 877, 30.30, 150.00, 53, 52, 0, 316, P0, Not Active, Not Active, Not Active
2026/07/20 00:50:45.600, 0, ${V100_GPU_0_UUID}, 00000000:01:00.0, 892, 877, 32.37, 150.00, 55, 54, 0, 316, P0, Not Active, Not Active, Not Active
2026/07/20 00:50:45.605, 1, ${V100_GPU_1_UUID}, 00000000:02:00.0, 892, 877, 30.28, 150.00, 53, 52, 0, 316, P0, Not Active, Not Active, Not Active
2026/07/20 00:50:45.767, 0, ${V100_GPU_0_UUID}, 00000000:01:00.0, 892, 877, 32.39, 150.00, 55, 54, 0, 316, P0, Not Active, Not Active, Not Active
2026/07/20 00:50:45.775, 1, ${V100_GPU_1_UUID}, 00000000:02:00.0, 892, 877, 30.30, 150.00, 53, 52, 0, 316, P0, Not Active, Not Active, Not Active
2026/07/20 00:50:45.910, 0, ${V100_GPU_0_UUID}, 00000000:01:00.0, 892, 877, 32.37, 150.00, 55, 54, 0, 316, P0, Not Active, Not Active, Not Active
2026/07/20 00:50:45.916, 1, ${V100_GPU_1_UUID}, 00000000:02:00.0, 892, 877, 30.28, 150.00, 53, 52, 0, 316, P0, Not Active, Not Active, Not Active
2026/07/20 00:50:46.080, 0, ${V100_GPU_0_UUID}, 00000000:01:00.0, 892, 877, 32.39, 150.00, 55, 54, 0, 316, P0, Not Active, Not Active, Not Active
2026/07/20 00:50:46.087, 1, ${V100_GPU_1_UUID}, 00000000:02:00.0, 892, 877, 30.30, 150.00, 53, 52, 0, 316, P0, Not Active, Not Active, Not Active
2026/07/20 00:50:46.222, 0, ${V100_GPU_0_UUID}, 00000000:01:00.0, 892, 877, 32.37, 150.00, 55, 54, 0, 316, P0, Not Active, Not Active, Not Active
2026/07/20 00:50:46.228, 1, ${V100_GPU_1_UUID}, 00000000:02:00.0, 892, 877, 30.28, 150.00, 53, 52, 0, 316, P0, Not Active, Not Active, Not Active
2026/07/20 00:50:46.388, 0, ${V100_GPU_0_UUID}, 00000000:01:00.0, 892, 877, 32.39, 150.00, 55, 54, 0, 316, P0, Not Active, Not Active, Not Active
2026/07/20 00:50:46.395, 1, ${V100_GPU_1_UUID}, 00000000:02:00.0, 892, 877, 30.30, 150.00, 53, 52, 0, 316, P0, Not Active, Not Active, Not Active
2026/07/20 00:50:46.530, 0, ${V100_GPU_0_UUID}, 00000000:01:00.0, 892, 877, 32.39, 150.00, 55, 54, 0, 316, P0, Not Active, Not Active, Not Active
2026/07/20 00:50:46.537, 1, ${V100_GPU_1_UUID}, 00000000:02:00.0, 892, 877, 29.82, 150.00, 53, 52, 0, 316, P0, Not Active, Not Active, Not Active
2026/07/20 00:50:46.705, 0, ${V100_GPU_0_UUID}, 00000000:01:00.0, 892, 877, 32.39, 150.00, 55, 54, 0, 316, P0, Not Active, Not Active, Not Active
2026/07/20 00:50:46.711, 1, ${V100_GPU_1_UUID}, 00000000:02:00.0, 892, 877, 30.30, 150.00, 53, 52, 0, 316, P0, Not Active, Not Active, Not Active
2026/07/20 00:50:46.864, 0, ${V100_GPU_0_UUID}, 00000000:01:00.0, 892, 877, 32.39, 150.00, 55, 54, 0, 316, P0, Not Active, Not Active, Not Active
2026/07/20 00:50:46.877, 1, ${V100_GPU_1_UUID}, 00000000:02:00.0, 892, 877, 29.82, 150.00, 53, 52, 0, 316, P0, Not Active, Not Active, Not Active
2026/07/20 00:50:47.016, 0, ${V100_GPU_0_UUID}, 00000000:01:00.0, 892, 877, 32.37, 150.00, 55, 54, 0, 316, P0, Not Active, Not Active, Not Active
2026/07/20 00:50:47.022, 1, ${V100_GPU_1_UUID}, 00000000:02:00.0, 892, 877, 30.28, 150.00, 53, 52, 0, 316, P0, Not Active, Not Active, Not Active
2026/07/20 00:50:47.185, 0, ${V100_GPU_0_UUID}, 00000000:01:00.0, 892, 877, 32.39, 150.00, 55, 54, 0, 316, P0, Not Active, Not Active, Not Active
2026/07/20 00:50:47.193, 1, ${V100_GPU_1_UUID}, 00000000:02:00.0, 892, 877, 29.82, 150.00, 53, 52, 0, 316, P0, Not Active, Not Active, Not Active
2026/07/20 00:50:47.327, 0, ${V100_GPU_0_UUID}, 00000000:01:00.0, 892, 877, 32.37, 150.00, 55, 54, 0, 316, P0, Not Active, Not Active, Not Active
2026/07/20 00:50:47.332, 1, ${V100_GPU_1_UUID}, 00000000:02:00.0, 892, 877, 30.30, 150.00, 53, 52, 0, 316, P0, Not Active, Not Active, Not Active
2026/07/20 00:50:47.499, 0, ${V100_GPU_0_UUID}, 00000000:01:00.0, 892, 877, 32.37, 150.00, 55, 54, 0, 316, P0, Not Active, Not Active, Not Active
2026/07/20 00:50:47.506, 1, ${V100_GPU_1_UUID}, 00000000:02:00.0, 892, 877, 30.30, 150.00, 53, 52, 0, 316, P0, Not Active, Not Active, Not Active
2026/07/20 00:50:47.653, 0, ${V100_GPU_0_UUID}, 00000000:01:00.0, 892, 877, 32.37, 150.00, 55, 54, 0, 316, P0, Not Active, Not Active, Not Active
2026/07/20 00:50:47.659, 1, ${V100_GPU_1_UUID}, 00000000:02:00.0, 892, 877, 29.80, 150.00, 53, 52, 0, 316, P0, Not Active, Not Active, Not Active
2026/07/20 00:50:47.800, 0, ${V100_GPU_0_UUID}, 00000000:01:00.0, 892, 877, 32.35, 150.00, 55, 54, 0, 316, P0, Not Active, Not Active, Not Active
2026/07/20 00:50:47.806, 1, ${V100_GPU_1_UUID}, 00000000:02:00.0, 892, 877, 30.26, 150.00, 53, 52, 0, 316, P0, Not Active, Not Active, Not Active
2026/07/20 00:50:47.939, 0, ${V100_GPU_0_UUID}, 00000000:01:00.0, 892, 877, 32.37, 150.00, 55, 54, 0, 316, P0, Not Active, Not Active, Not Active
2026/07/20 00:50:47.945, 1, ${V100_GPU_1_UUID}, 00000000:02:00.0, 892, 877, 30.30, 150.00, 53, 52, 0, 316, P0, Not Active, Not Active, Not Active
2026/07/20 00:50:48.080, 0, ${V100_GPU_0_UUID}, 00000000:01:00.0, 892, 877, 32.37, 150.00, 55, 54, 0, 316, P0, Not Active, Not Active, Not Active
2026/07/20 00:50:48.086, 1, ${V100_GPU_1_UUID}, 00000000:02:00.0, 892, 877, 30.28, 150.00, 53, 52, 0, 316, P0, Not Active, Not Active, Not Active
2026/07/20 00:50:48.220, 0, ${V100_GPU_0_UUID}, 00000000:01:00.0, 892, 877, 32.37, 150.00, 55, 54, 0, 316, P0, Not Active, Not Active, Not Active
2026/07/20 00:50:48.227, 1, ${V100_GPU_1_UUID}, 00000000:02:00.0, 892, 877, 30.28, 150.00, 53, 52, 0, 316, P0, Not Active, Not Active, Not Active
2026/07/20 00:50:48.412, 0, ${V100_GPU_0_UUID}, 00000000:01:00.0, 892, 877, 32.39, 150.00, 55, 54, 0, 316, P0, Not Active, Not Active, Not Active
2026/07/20 00:50:48.423, 1, ${V100_GPU_1_UUID}, 00000000:02:00.0, 892, 877, 30.30, 150.00, 53, 52, 0, 316, P0, Not Active, Not Active, Not Active
2026/07/20 00:50:48.572, 0, ${V100_GPU_0_UUID}, 00000000:01:00.0, 892, 877, 32.37, 150.00, 55, 54, 0, 316, P0, Not Active, Not Active, Not Active
2026/07/20 00:50:48.578, 1, ${V100_GPU_1_UUID}, 00000000:02:00.0, 892, 877, 29.80, 150.00, 53, 52, 0, 316, P0, Not Active, Not Active, Not Active
2026/07/20 00:50:48.729, 0, ${V100_GPU_0_UUID}, 00000000:01:00.0, 892, 877, 32.39, 150.00, 55, 54, 0, 316, P0, Not Active, Not Active, Not Active
2026/07/20 00:50:48.739, 1, ${V100_GPU_1_UUID}, 00000000:02:00.0, 892, 877, 30.30, 150.00, 53, 52, 0, 316, P0, Not Active, Not Active, Not Active
2026/07/20 00:50:48.874, 0, ${V100_GPU_0_UUID}, 00000000:01:00.0, 892, 877, 32.37, 150.00, 55, 54, 0, 316, P0, Not Active, Not Active, Not Active
2026/07/20 00:50:48.880, 1, ${V100_GPU_1_UUID}, 00000000:02:00.0, 892, 877, 30.30, 150.00, 53, 52, 0, 316, P0, Not Active, Not Active, Not Active
2026/07/20 00:50:49.043, 0, ${V100_GPU_0_UUID}, 00000000:01:00.0, 892, 877, 32.37, 150.00, 55, 54, 0, 316, P0, Not Active, Not Active, Not Active
2026/07/20 00:50:49.049, 1, ${V100_GPU_1_UUID}, 00000000:02:00.0, 892, 877, 30.28, 150.00, 53, 52, 0, 316, P0, Not Active, Not Active, Not Active
2026/07/20 00:50:49.183, 0, ${V100_GPU_0_UUID}, 00000000:01:00.0, 892, 877, 32.37, 150.00, 55, 54, 0, 316, P0, Not Active, Not Active, Not Active
2026/07/20 00:50:49.189, 1, ${V100_GPU_1_UUID}, 00000000:02:00.0, 892, 877, 30.28, 150.00, 53, 52, 0, 316, P0, Not Active, Not Active, Not Active
2026/07/20 00:50:49.322, 0, ${V100_GPU_0_UUID}, 00000000:01:00.0, 892, 877, 32.37, 150.00, 55, 54, 0, 316, P0, Not Active, Not Active, Not Active
2026/07/20 00:50:49.327, 1, ${V100_GPU_1_UUID}, 00000000:02:00.0, 892, 877, 29.80, 150.00, 53, 52, 0, 316, P0, Not Active, Not Active, Not Active
2026/07/20 00:50:49.486, 0, ${V100_GPU_0_UUID}, 00000000:01:00.0, 892, 877, 32.39, 150.00, 55, 54, 0, 316, P0, Not Active, Not Active, Not Active
2026/07/20 00:50:49.493, 1, ${V100_GPU_1_UUID}, 00000000:02:00.0, 892, 877, 30.30, 150.00, 53, 52, 0, 316, P0, Not Active, Not Active, Not Active
2026/07/20 00:50:49.626, 0, ${V100_GPU_0_UUID}, 00000000:01:00.0, 892, 877, 32.37, 150.00, 55, 54, 0, 316, P0, Not Active, Not Active, Not Active
2026/07/20 00:50:49.631, 1, ${V100_GPU_1_UUID}, 00000000:02:00.0, 892, 877, 30.28, 150.00, 53, 52, 0, 316, P0, Not Active, Not Active, Not Active
2026/07/20 00:50:49.764, 0, ${V100_GPU_0_UUID}, 00000000:01:00.0, 892, 877, 32.39, 150.00, 55, 54, 0, 316, P0, Not Active, Not Active, Not Active
2026/07/20 00:50:49.770, 1, ${V100_GPU_1_UUID}, 00000000:02:00.0, 892, 877, 30.30, 150.00, 53, 52, 0, 316, P0, Not Active, Not Active, Not Active
2026/07/20 00:50:49.903, 0, ${V100_GPU_0_UUID}, 00000000:01:00.0, 892, 877, 32.37, 150.00, 55, 54, 0, 316, P0, Not Active, Not Active, Not Active
2026/07/20 00:50:49.909, 1, ${V100_GPU_1_UUID}, 00000000:02:00.0, 892, 877, 30.28, 150.00, 53, 52, 0, 316, P0, Not Active, Not Active, Not Active
2026/07/20 00:50:50.072, 0, ${V100_GPU_0_UUID}, 00000000:01:00.0, 892, 877, 32.37, 150.00, 55, 54, 0, 316, P0, Not Active, Not Active, Not Active
2026/07/20 00:50:50.078, 1, ${V100_GPU_1_UUID}, 00000000:02:00.0, 892, 877, 30.28, 150.00, 53, 52, 0, 316, P0, Not Active, Not Active, Not Active
2026/07/20 00:50:50.214, 0, ${V100_GPU_0_UUID}, 00000000:01:00.0, 892, 877, 32.37, 150.00, 55, 54, 0, 316, P0, Not Active, Not Active, Not Active
2026/07/20 00:50:50.220, 1, ${V100_GPU_1_UUID}, 00000000:02:00.0, 892, 877, 30.28, 150.00, 53, 52, 0, 316, P0, Not Active, Not Active, Not Active
2026/07/20 00:50:50.382, 0, ${V100_GPU_0_UUID}, 00000000:01:00.0, 892, 877, 32.37, 150.00, 55, 54, 0, 316, P0, Not Active, Not Active, Not Active
2026/07/20 00:50:50.388, 1, ${V100_GPU_1_UUID}, 00000000:02:00.0, 892, 877, 30.30, 150.00, 53, 52, 0, 316, P0, Not Active, Not Active, Not Active
2026/07/20 00:50:50.522, 0, ${V100_GPU_0_UUID}, 00000000:01:00.0, 892, 877, 32.37, 150.00, 55, 54, 0, 316, P0, Not Active, Not Active, Not Active
2026/07/20 00:50:50.528, 1, ${V100_GPU_1_UUID}, 00000000:02:00.0, 892, 877, 30.28, 150.00, 53, 52, 0, 316, P0, Not Active, Not Active, Not Active
2026/07/20 00:50:50.663, 0, ${V100_GPU_0_UUID}, 00000000:01:00.0, 892, 877, 32.37, 150.00, 55, 54, 0, 316, P0, Not Active, Not Active, Not Active
2026/07/20 00:50:50.669, 1, ${V100_GPU_1_UUID}, 00000000:02:00.0, 892, 877, 30.28, 150.00, 53, 52, 0, 316, P0, Not Active, Not Active, Not Active
2026/07/20 00:50:50.801, 0, ${V100_GPU_0_UUID}, 00000000:01:00.0, 892, 877, 32.37, 150.00, 55, 54, 0, 316, P0, Not Active, Not Active, Not Active
2026/07/20 00:50:50.807, 1, ${V100_GPU_1_UUID}, 00000000:02:00.0, 892, 877, 30.30, 150.00, 53, 52, 0, 316, P0, Not Active, Not Active, Not Active
2026/07/20 00:50:50.971, 0, ${V100_GPU_0_UUID}, 00000000:01:00.0, 892, 877, 32.37, 150.00, 55, 54, 0, 316, P0, Not Active, Not Active, Not Active
2026/07/20 00:50:50.977, 1, ${V100_GPU_1_UUID}, 00000000:02:00.0, 892, 877, 30.28, 150.00, 53, 52, 0, 316, P0, Not Active, Not Active, Not Active
2026/07/20 00:50:51.702, 0, ${V100_GPU_0_UUID}, 00000000:01:00.0, 892, 877, 32.39, 150.00, 55, 54, 0, 316, P0, Not Active, Not Active, Not Active
2026/07/20 00:50:51.710, 1, ${V100_GPU_1_UUID}, 00000000:02:00.0, 892, 877, 30.30, 150.00, 53, 52, 0, 316, P0, Not Active, Not Active, Not Active
2026/07/20 00:50:51.876, 0, ${V100_GPU_0_UUID}, 00000000:01:00.0, 892, 877, 32.39, 150.00, 55, 54, 0, 316, P0, Not Active, Not Active, Not Active
2026/07/20 00:50:51.882, 1, ${V100_GPU_1_UUID}, 00000000:02:00.0, 892, 877, 30.30, 150.00, 53, 52, 0, 316, P0, Not Active, Not Active, Not Active
2026/07/20 00:50:52.037, 0, ${V100_GPU_0_UUID}, 00000000:01:00.0, 892, 877, 32.37, 150.00, 55, 54, 0, 316, P0, Not Active, Not Active, Not Active
2026/07/20 00:50:52.043, 1, ${V100_GPU_1_UUID}, 00000000:02:00.0, 892, 877, 30.28, 150.00, 53, 52, 0, 316, P0, Not Active, Not Active, Not Active
2026/07/20 00:50:52.192, 0, ${V100_GPU_0_UUID}, 00000000:01:00.0, 892, 877, 32.35, 150.00, 55, 54, 0, 316, P0, Not Active, Not Active, Not Active
2026/07/20 00:50:52.198, 1, ${V100_GPU_1_UUID}, 00000000:02:00.0, 892, 877, 30.28, 150.00, 53, 52, 0, 316, P0, Not Active, Not Active, Not Active
2026/07/20 00:50:52.334, 0, ${V100_GPU_0_UUID}, 00000000:01:00.0, 892, 877, 32.37, 150.00, 55, 54, 0, 316, P0, Not Active, Not Active, Not Active
2026/07/20 00:50:52.339, 1, ${V100_GPU_1_UUID}, 00000000:02:00.0, 892, 877, 29.80, 150.00, 53, 52, 0, 316, P0, Not Active, Not Active, Not Active
2026/07/20 00:50:52.502, 0, ${V100_GPU_0_UUID}, 00000000:01:00.0, 892, 877, 32.39, 150.00, 55, 54, 0, 316, P0, Not Active, Not Active, Not Active
2026/07/20 00:50:52.509, 1, ${V100_GPU_1_UUID}, 00000000:02:00.0, 892, 877, 29.82, 150.00, 53, 52, 0, 316, P0, Not Active, Not Active, Not Active
2026/07/20 00:50:52.675, 0, ${V100_GPU_0_UUID}, 00000000:01:00.0, 892, 877, 32.39, 150.00, 55, 54, 0, 316, P0, Not Active, Not Active, Not Active
2026/07/20 00:50:52.683, 1, ${V100_GPU_1_UUID}, 00000000:02:00.0, 892, 877, 30.30, 150.00, 53, 52, 0, 316, P0, Not Active, Not Active, Not Active
2026/07/20 00:50:52.816, 0, ${V100_GPU_0_UUID}, 00000000:01:00.0, 892, 877, 32.39, 150.00, 55, 54, 0, 316, P0, Not Active, Not Active, Not Active
2026/07/20 00:50:52.822, 1, ${V100_GPU_1_UUID}, 00000000:02:00.0, 892, 877, 30.30, 150.00, 53, 52, 0, 316, P0, Not Active, Not Active, Not Active
2026/07/20 00:50:52.968, 0, ${V100_GPU_0_UUID}, 00000000:01:00.0, 892, 877, 32.37, 150.00, 55, 54, 0, 316, P0, Not Active, Not Active, Not Active
2026/07/20 00:50:52.974, 1, ${V100_GPU_1_UUID}, 00000000:02:00.0, 892, 877, 30.28, 150.00, 53, 52, 0, 316, P0, Not Active, Not Active, Not Active
2026/07/20 00:50:53.137, 0, ${V100_GPU_0_UUID}, 00000000:01:00.0, 892, 877, 32.39, 150.00, 55, 54, 0, 316, P0, Not Active, Not Active, Not Active
2026/07/20 00:50:53.144, 1, ${V100_GPU_1_UUID}, 00000000:02:00.0, 892, 877, 30.30, 150.00, 53, 52, 0, 316, P0, Not Active, Not Active, Not Active
2026/07/20 00:50:53.282, 0, ${V100_GPU_0_UUID}, 00000000:01:00.0, 892, 877, 32.37, 150.00, 55, 54, 0, 316, P0, Not Active, Not Active, Not Active
2026/07/20 00:50:53.287, 1, ${V100_GPU_1_UUID}, 00000000:02:00.0, 892, 877, 30.28, 150.00, 53, 52, 0, 316, P0, Not Active, Not Active, Not Active
2026/07/20 00:50:53.451, 0, ${V100_GPU_0_UUID}, 00000000:01:00.0, 892, 877, 32.39, 150.00, 55, 54, 0, 316, P0, Not Active, Not Active, Not Active
2026/07/20 00:50:53.459, 1, ${V100_GPU_1_UUID}, 00000000:02:00.0, 892, 877, 30.30, 150.00, 53, 52, 0, 316, P0, Not Active, Not Active, Not Active
2026/07/20 00:50:53.601, 0, ${V100_GPU_0_UUID}, 00000000:01:00.0, 892, 877, 32.39, 150.00, 55, 54, 0, 316, P0, Not Active, Not Active, Not Active
2026/07/20 00:50:53.609, 1, ${V100_GPU_1_UUID}, 00000000:02:00.0, 892, 877, 30.30, 150.00, 53, 52, 0, 316, P0, Not Active, Not Active, Not Active
2026/07/20 00:50:53.771, 0, ${V100_GPU_0_UUID}, 00000000:01:00.0, 892, 877, 32.37, 150.00, 55, 54, 0, 316, P0, Not Active, Not Active, Not Active
2026/07/20 00:50:53.777, 1, ${V100_GPU_1_UUID}, 00000000:02:00.0, 892, 877, 30.30, 150.00, 53, 52, 0, 316, P0, Not Active, Not Active, Not Active
2026/07/20 00:50:53.941, 0, ${V100_GPU_0_UUID}, 00000000:01:00.0, 892, 877, 32.39, 150.00, 55, 54, 0, 316, P0, Not Active, Not Active, Not Active
2026/07/20 00:50:53.949, 1, ${V100_GPU_1_UUID}, 00000000:02:00.0, 892, 877, 29.82, 150.00, 53, 52, 0, 316, P0, Not Active, Not Active, Not Active
2026/07/20 00:50:54.086, 0, ${V100_GPU_0_UUID}, 00000000:01:00.0, 892, 877, 32.37, 150.00, 55, 54, 0, 316, P0, Not Active, Not Active, Not Active
2026/07/20 00:50:54.091, 1, ${V100_GPU_1_UUID}, 00000000:02:00.0, 892, 877, 30.28, 150.00, 53, 52, 0, 316, P0, Not Active, Not Active, Not Active
2026/07/20 00:50:54.250, 0, ${V100_GPU_0_UUID}, 00000000:01:00.0, 892, 877, 32.39, 150.00, 55, 54, 0, 316, P0, Not Active, Not Active, Not Active
2026/07/20 00:50:54.257, 1, ${V100_GPU_1_UUID}, 00000000:02:00.0, 892, 877, 30.30, 150.00, 53, 52, 0, 316, P0, Not Active, Not Active, Not Active
2026/07/20 00:50:54.396, 0, ${V100_GPU_0_UUID}, 00000000:01:00.0, 892, 877, 32.37, 150.00, 55, 54, 0, 316, P0, Not Active, Not Active, Not Active
2026/07/20 00:50:54.402, 1, ${V100_GPU_1_UUID}, 00000000:02:00.0, 892, 877, 30.28, 150.00, 53, 52, 0, 316, P0, Not Active, Not Active, Not Active
2026/07/20 00:50:54.564, 0, ${V100_GPU_0_UUID}, 00000000:01:00.0, 892, 877, 32.39, 150.00, 55, 54, 0, 316, P0, Not Active, Not Active, Not Active
2026/07/20 00:50:54.570, 1, ${V100_GPU_1_UUID}, 00000000:02:00.0, 892, 877, 30.30, 150.00, 53, 52, 0, 316, P0, Not Active, Not Active, Not Active
2026/07/20 00:50:54.703, 0, ${V100_GPU_0_UUID}, 00000000:01:00.0, 892, 877, 32.37, 150.00, 55, 54, 0, 316, P0, Not Active, Not Active, Not Active
2026/07/20 00:50:54.709, 1, ${V100_GPU_1_UUID}, 00000000:02:00.0, 892, 877, 30.28, 150.00, 53, 52, 0, 316, P0, Not Active, Not Active, Not Active
2026/07/20 00:50:54.848, 0, ${V100_GPU_0_UUID}, 00000000:01:00.0, 892, 877, 32.39, 150.00, 55, 54, 0, 316, P0, Not Active, Not Active, Not Active
2026/07/20 00:50:54.856, 1, ${V100_GPU_1_UUID}, 00000000:02:00.0, 892, 877, 30.30, 150.00, 53, 52, 0, 316, P0, Not Active, Not Active, Not Active
2026/07/20 00:50:54.995, 0, ${V100_GPU_0_UUID}, 00000000:01:00.0, 892, 877, 32.37, 150.00, 55, 54, 0, 316, P0, Not Active, Not Active, Not Active
2026/07/20 00:50:55.001, 1, ${V100_GPU_1_UUID}, 00000000:02:00.0, 892, 877, 29.82, 150.00, 53, 52, 0, 316, P0, Not Active, Not Active, Not Active
2026/07/20 00:50:55.137, 0, ${V100_GPU_0_UUID}, 00000000:01:00.0, 892, 877, 32.37, 150.00, 55, 54, 0, 316, P0, Not Active, Not Active, Not Active
2026/07/20 00:50:55.143, 1, ${V100_GPU_1_UUID}, 00000000:02:00.0, 892, 877, 30.28, 150.00, 53, 52, 0, 316, P0, Not Active, Not Active, Not Active
2026/07/20 00:50:55.280, 0, ${V100_GPU_0_UUID}, 00000000:01:00.0, 892, 877, 32.37, 150.00, 55, 54, 0, 316, P0, Not Active, Not Active, Not Active
2026/07/20 00:50:55.285, 1, ${V100_GPU_1_UUID}, 00000000:02:00.0, 892, 877, 30.28, 150.00, 53, 52, 0, 316, P0, Not Active, Not Active, Not Active
2026/07/20 00:50:55.419, 0, ${V100_GPU_0_UUID}, 00000000:01:00.0, 892, 877, 32.37, 150.00, 55, 54, 0, 316, P0, Not Active, Not Active, Not Active
2026/07/20 00:50:55.425, 1, ${V100_GPU_1_UUID}, 00000000:02:00.0, 892, 877, 30.28, 150.00, 53, 52, 0, 316, P0, Not Active, Not Active, Not Active
2026/07/20 00:50:55.583, 0, ${V100_GPU_0_UUID}, 00000000:01:00.0, 892, 877, 32.37, 150.00, 55, 54, 0, 316, P0, Not Active, Not Active, Not Active
2026/07/20 00:50:55.589, 1, ${V100_GPU_1_UUID}, 00000000:02:00.0, 892, 877, 30.28, 150.00, 53, 52, 0, 316, P0, Not Active, Not Active, Not Active
2026/07/20 00:50:55.724, 0, ${V100_GPU_0_UUID}, 00000000:01:00.0, 892, 877, 32.35, 150.00, 55, 54, 0, 316, P0, Not Active, Not Active, Not Active
2026/07/20 00:50:55.730, 1, ${V100_GPU_1_UUID}, 00000000:02:00.0, 892, 877, 30.26, 150.00, 53, 52, 0, 316, P0, Not Active, Not Active, Not Active
2026/07/20 00:50:55.896, 0, ${V100_GPU_0_UUID}, 00000000:01:00.0, 892, 877, 32.39, 150.00, 55, 54, 0, 316, P0, Not Active, Not Active, Not Active
2026/07/20 00:50:55.904, 1, ${V100_GPU_1_UUID}, 00000000:02:00.0, 892, 877, 30.30, 150.00, 53, 52, 0, 316, P0, Not Active, Not Active, Not Active
2026/07/20 00:50:56.039, 0, ${V100_GPU_0_UUID}, 00000000:01:00.0, 892, 877, 32.39, 150.00, 55, 54, 0, 316, P0, Not Active, Not Active, Not Active
2026/07/20 00:50:56.046, 1, ${V100_GPU_1_UUID}, 00000000:02:00.0, 892, 877, 29.82, 150.00, 53, 52, 0, 316, P0, Not Active, Not Active, Not Active
2026/07/20 00:50:56.211, 0, ${V100_GPU_0_UUID}, 00000000:01:00.0, 892, 877, 32.39, 150.00, 55, 54, 0, 316, P0, Not Active, Not Active, Not Active
2026/07/20 00:50:56.220, 1, ${V100_GPU_1_UUID}, 00000000:02:00.0, 892, 877, 30.30, 150.00, 53, 52, 0, 316, P0, Not Active, Not Active, Not Active
2026/07/20 00:50:56.383, 0, ${V100_GPU_0_UUID}, 00000000:01:00.0, 892, 877, 32.39, 150.00, 55, 54, 0, 316, P0, Not Active, Not Active, Not Active
2026/07/20 00:50:56.391, 1, ${V100_GPU_1_UUID}, 00000000:02:00.0, 892, 877, 30.30, 150.00, 53, 52, 0, 316, P0, Not Active, Not Active, Not Active
2026/07/20 00:50:56.534, 0, ${V100_GPU_0_UUID}, 00000000:01:00.0, 892, 877, 32.39, 150.00, 55, 54, 0, 316, P0, Not Active, Not Active, Not Active
2026/07/20 00:50:56.540, 1, ${V100_GPU_1_UUID}, 00000000:02:00.0, 892, 877, 30.30, 150.00, 53, 52, 0, 316, P0, Not Active, Not Active, Not Active
2026/07/20 00:50:56.673, 0, ${V100_GPU_0_UUID}, 00000000:01:00.0, 892, 877, 32.37, 150.00, 55, 54, 0, 316, P0, Not Active, Not Active, Not Active
2026/07/20 00:50:56.679, 1, ${V100_GPU_1_UUID}, 00000000:02:00.0, 892, 877, 30.28, 150.00, 53, 52, 0, 316, P0, Not Active, Not Active, Not Active
2026/07/20 00:50:56.814, 0, ${V100_GPU_0_UUID}, 00000000:01:00.0, 892, 877, 32.35, 150.00, 55, 54, 0, 316, P0, Not Active, Not Active, Not Active
2026/07/20 00:50:56.822, 1, ${V100_GPU_1_UUID}, 00000000:02:00.0, 892, 877, 30.28, 150.00, 53, 52, 0, 316, P0, Not Active, Not Active, Not Active
2026/07/20 00:50:56.956, 0, ${V100_GPU_0_UUID}, 00000000:01:00.0, 892, 877, 32.37, 150.00, 55, 54, 0, 316, P0, Not Active, Not Active, Not Active
2026/07/20 00:50:56.961, 1, ${V100_GPU_1_UUID}, 00000000:02:00.0, 892, 877, 30.26, 150.00, 53, 52, 0, 316, P0, Not Active, Not Active, Not Active
2026/07/20 00:50:57.097, 0, ${V100_GPU_0_UUID}, 00000000:01:00.0, 892, 877, 32.37, 150.00, 55, 54, 0, 316, P0, Not Active, Not Active, Not Active
2026/07/20 00:50:57.103, 1, ${V100_GPU_1_UUID}, 00000000:02:00.0, 892, 877, 30.28, 150.00, 53, 52, 0, 316, P0, Not Active, Not Active, Not Active
2026/07/20 00:50:57.236, 0, ${V100_GPU_0_UUID}, 00000000:01:00.0, 892, 877, 32.37, 150.00, 55, 54, 0, 316, P0, Not Active, Not Active, Not Active
2026/07/20 00:50:57.242, 1, ${V100_GPU_1_UUID}, 00000000:02:00.0, 892, 877, 30.28, 150.00, 53, 52, 0, 316, P0, Not Active, Not Active, Not Active
2026/07/20 00:50:57.375, 0, ${V100_GPU_0_UUID}, 00000000:01:00.0, 892, 877, 32.37, 150.00, 55, 54, 0, 316, P0, Not Active, Not Active, Not Active
2026/07/20 00:50:57.381, 1, ${V100_GPU_1_UUID}, 00000000:02:00.0, 892, 877, 30.28, 150.00, 53, 52, 0, 316, P0, Not Active, Not Active, Not Active
2026/07/20 00:50:57.515, 0, ${V100_GPU_0_UUID}, 00000000:01:00.0, 892, 877, 32.37, 150.00, 55, 54, 0, 316, P0, Not Active, Not Active, Not Active
2026/07/20 00:50:57.521, 1, ${V100_GPU_1_UUID}, 00000000:02:00.0, 892, 877, 30.30, 150.00, 53, 52, 0, 316, P0, Not Active, Not Active, Not Active
2026/07/20 00:50:57.654, 0, ${V100_GPU_0_UUID}, 00000000:01:00.0, 892, 877, 32.37, 150.00, 55, 54, 0, 316, P0, Not Active, Not Active, Not Active
2026/07/20 00:50:57.659, 1, ${V100_GPU_1_UUID}, 00000000:02:00.0, 892, 877, 30.28, 150.00, 53, 52, 0, 316, P0, Not Active, Not Active, Not Active
2026/07/20 00:50:57.792, 0, ${V100_GPU_0_UUID}, 00000000:01:00.0, 892, 877, 32.37, 150.00, 55, 54, 0, 316, P0, Not Active, Not Active, Not Active
2026/07/20 00:50:57.797, 1, ${V100_GPU_1_UUID}, 00000000:02:00.0, 892, 877, 30.28, 150.00, 53, 52, 0, 316, P0, Not Active, Not Active, Not Active
2026/07/20 00:50:57.930, 0, ${V100_GPU_0_UUID}, 00000000:01:00.0, 892, 877, 32.35, 150.00, 55, 54, 0, 316, P0, Not Active, Not Active, Not Active
2026/07/20 00:50:57.936, 1, ${V100_GPU_1_UUID}, 00000000:02:00.0, 892, 877, 30.26, 150.00, 53, 52, 0, 316, P0, Not Active, Not Active, Not Active
2026/07/20 00:50:58.068, 0, ${V100_GPU_0_UUID}, 00000000:01:00.0, 892, 877, 32.37, 150.00, 55, 54, 0, 316, P0, Not Active, Not Active, Not Active
2026/07/20 00:50:58.073, 1, ${V100_GPU_1_UUID}, 00000000:02:00.0, 892, 877, 30.28, 150.00, 53, 52, 0, 316, P0, Not Active, Not Active, Not Active
2026/07/20 00:50:58.206, 0, ${V100_GPU_0_UUID}, 00000000:01:00.0, 892, 877, 32.37, 150.00, 55, 54, 0, 316, P0, Not Active, Not Active, Not Active
2026/07/20 00:50:58.212, 1, ${V100_GPU_1_UUID}, 00000000:02:00.0, 892, 877, 30.30, 150.00, 53, 52, 0, 316, P0, Not Active, Not Active, Not Active
2026/07/20 00:50:58.346, 0, ${V100_GPU_0_UUID}, 00000000:01:00.0, 892, 877, 32.39, 150.00, 55, 54, 0, 316, P0, Not Active, Not Active, Not Active
2026/07/20 00:50:58.354, 1, ${V100_GPU_1_UUID}, 00000000:02:00.0, 892, 877, 30.30, 150.00, 53, 52, 0, 316, P0, Not Active, Not Active, Not Active
2026/07/20 00:50:58.495, 0, ${V100_GPU_0_UUID}, 00000000:01:00.0, 892, 877, 32.39, 150.00, 55, 54, 0, 316, P0, Not Active, Not Active, Not Active
2026/07/20 00:50:58.505, 1, ${V100_GPU_1_UUID}, 00000000:02:00.0, 892, 877, 30.30, 150.00, 53, 52, 0, 316, P0, Not Active, Not Active, Not Active
2026/07/20 00:50:58.654, 0, ${V100_GPU_0_UUID}, 00000000:01:00.0, 892, 877, 32.37, 150.00, 55, 54, 0, 316, P0, Not Active, Not Active, Not Active
2026/07/20 00:50:58.660, 1, ${V100_GPU_1_UUID}, 00000000:02:00.0, 892, 877, 30.28, 150.00, 53, 52, 0, 316, P0, Not Active, Not Active, Not Active
2026/07/20 00:50:58.794, 0, ${V100_GPU_0_UUID}, 00000000:01:00.0, 892, 877, 32.37, 150.00, 55, 54, 0, 316, P0, Not Active, Not Active, Not Active
2026/07/20 00:50:58.800, 1, ${V100_GPU_1_UUID}, 00000000:02:00.0, 892, 877, 30.30, 150.00, 53, 52, 0, 316, P0, Not Active, Not Active, Not Active
2026/07/20 00:50:58.934, 0, ${V100_GPU_0_UUID}, 00000000:01:00.0, 892, 877, 32.35, 150.00, 55, 54, 0, 316, P0, Not Active, Not Active, Not Active
2026/07/20 00:50:58.939, 1, ${V100_GPU_1_UUID}, 00000000:02:00.0, 892, 877, 30.26, 150.00, 53, 52, 0, 316, P0, Not Active, Not Active, Not Active
2026/07/20 00:50:59.080, 0, ${V100_GPU_0_UUID}, 00000000:01:00.0, 892, 877, 32.39, 150.00, 55, 54, 0, 316, P0, Not Active, Not Active, Not Active
2026/07/20 00:50:59.086, 1, ${V100_GPU_1_UUID}, 00000000:02:00.0, 892, 877, 30.30, 150.00, 53, 52, 0, 316, P0, Not Active, Not Active, Not Active
2026/07/20 00:50:59.221, 0, ${V100_GPU_0_UUID}, 00000000:01:00.0, 892, 877, 32.37, 150.00, 55, 54, 0, 316, P0, Not Active, Not Active, Not Active
2026/07/20 00:50:59.227, 1, ${V100_GPU_1_UUID}, 00000000:02:00.0, 892, 877, 29.82, 150.00, 53, 52, 0, 316, P0, Not Active, Not Active, Not Active
2026/07/20 00:50:59.392, 0, ${V100_GPU_0_UUID}, 00000000:01:00.0, 892, 877, 32.39, 150.00, 55, 54, 0, 316, P0, Not Active, Not Active, Not Active
2026/07/20 00:50:59.399, 1, ${V100_GPU_1_UUID}, 00000000:02:00.0, 892, 877, 30.30, 150.00, 53, 52, 0, 316, P0, Not Active, Not Active, Not Active
2026/07/20 00:50:59.561, 0, ${V100_GPU_0_UUID}, 00000000:01:00.0, 892, 877, 32.39, 150.00, 55, 54, 0, 316, P0, Not Active, Not Active, Not Active
2026/07/20 00:50:59.567, 1, ${V100_GPU_1_UUID}, 00000000:02:00.0, 892, 877, 30.30, 150.00, 53, 52, 0, 316, P0, Not Active, Not Active, Not Active
2026/07/20 00:50:59.701, 0, ${V100_GPU_0_UUID}, 00000000:01:00.0, 892, 877, 32.37, 150.00, 55, 54, 0, 316, P0, Not Active, Not Active, Not Active
2026/07/20 00:50:59.707, 1, ${V100_GPU_1_UUID}, 00000000:02:00.0, 892, 877, 30.28, 150.00, 53, 52, 0, 316, P0, Not Active, Not Active, Not Active
2026/07/20 00:50:59.841, 0, ${V100_GPU_0_UUID}, 00000000:01:00.0, 892, 877, 32.37, 150.00, 55, 54, 0, 316, P0, Not Active, Not Active, Not Active
2026/07/20 00:50:59.846, 1, ${V100_GPU_1_UUID}, 00000000:02:00.0, 892, 877, 30.28, 150.00, 53, 52, 0, 316, P0, Not Active, Not Active, Not Active
2026/07/20 00:50:59.979, 0, ${V100_GPU_0_UUID}, 00000000:01:00.0, 892, 877, 32.37, 150.00, 55, 54, 0, 316, P0, Not Active, Not Active, Not Active
2026/07/20 00:50:59.984, 1, ${V100_GPU_1_UUID}, 00000000:02:00.0, 892, 877, 30.28, 150.00, 53, 52, 0, 316, P0, Not Active, Not Active, Not Active
2026/07/20 00:51:00.119, 0, ${V100_GPU_0_UUID}, 00000000:01:00.0, 892, 877, 32.39, 150.00, 55, 54, 0, 316, P0, Not Active, Not Active, Not Active
2026/07/20 00:51:00.126, 1, ${V100_GPU_1_UUID}, 00000000:02:00.0, 892, 877, 29.82, 150.00, 53, 52, 0, 316, P0, Not Active, Not Active, Not Active
2026/07/20 00:51:00.261, 0, ${V100_GPU_0_UUID}, 00000000:01:00.0, 892, 877, 32.37, 150.00, 55, 54, 0, 316, P0, Not Active, Not Active, Not Active
2026/07/20 00:51:00.267, 1, ${V100_GPU_1_UUID}, 00000000:02:00.0, 892, 877, 29.80, 150.00, 53, 52, 0, 316, P0, Not Active, Not Active, Not Active
2026/07/20 00:51:00.427, 0, ${V100_GPU_0_UUID}, 00000000:01:00.0, 892, 877, 32.39, 150.00, 55, 54, 0, 316, P0, Not Active, Not Active, Not Active
2026/07/20 00:51:00.432, 1, ${V100_GPU_1_UUID}, 00000000:02:00.0, 892, 877, 30.30, 150.00, 53, 52, 0, 316, P0, Not Active, Not Active, Not Active
2026/07/20 00:51:00.578, 0, ${V100_GPU_0_UUID}, 00000000:01:00.0, 892, 877, 32.37, 150.00, 55, 54, 0, 316, P0, Not Active, Not Active, Not Active
2026/07/20 00:51:00.584, 1, ${V100_GPU_1_UUID}, 00000000:02:00.0, 892, 877, 30.28, 150.00, 53, 52, 0, 316, P0, Not Active, Not Active, Not Active
2026/07/20 00:51:00.725, 0, ${V100_GPU_0_UUID}, 00000000:01:00.0, 892, 877, 32.37, 150.00, 55, 54, 0, 316, P0, Not Active, Not Active, Not Active
2026/07/20 00:51:00.730, 1, ${V100_GPU_1_UUID}, 00000000:02:00.0, 892, 877, 30.28, 150.00, 53, 52, 0, 316, P0, Not Active, Not Active, Not Active
2026/07/20 00:51:00.866, 0, ${V100_GPU_0_UUID}, 00000000:01:00.0, 892, 877, 32.39, 150.00, 55, 54, 0, 316, P0, Not Active, Not Active, Not Active
2026/07/20 00:51:00.872, 1, ${V100_GPU_1_UUID}, 00000000:02:00.0, 892, 877, 30.30, 150.00, 53, 52, 0, 316, P0, Not Active, Not Active, Not Active
2026/07/20 00:51:01.009, 0, ${V100_GPU_0_UUID}, 00000000:01:00.0, 892, 877, 32.39, 150.00, 55, 54, 0, 316, P0, Not Active, Not Active, Not Active
2026/07/20 00:51:01.028, 1, ${V100_GPU_1_UUID}, 00000000:02:00.0, 892, 877, 29.82, 150.00, 53, 52, 0, 316, P0, Not Active, Not Active, Not Active
2026/07/20 00:51:01.182, 0, ${V100_GPU_0_UUID}, 00000000:01:00.0, 892, 877, 32.39, 150.00, 55, 54, 0, 316, P0, Not Active, Not Active, Not Active
2026/07/20 00:51:01.194, 1, ${V100_GPU_1_UUID}, 00000000:02:00.0, 892, 877, 29.82, 150.00, 53, 52, 0, 316, P0, Not Active, Not Active, Not Active
2026/07/20 00:51:01.330, 0, ${V100_GPU_0_UUID}, 00000000:01:00.0, 892, 877, 32.37, 150.00, 55, 54, 0, 316, P0, Not Active, Not Active, Not Active
2026/07/20 00:51:01.337, 1, ${V100_GPU_1_UUID}, 00000000:02:00.0, 892, 877, 30.28, 150.00, 53, 52, 0, 316, P0, Not Active, Not Active, Not Active
2026/07/20 00:51:01.499, 0, ${V100_GPU_0_UUID}, 00000000:01:00.0, 892, 877, 32.37, 150.00, 55, 54, 0, 316, P0, Not Active, Not Active, Not Active
2026/07/20 00:51:01.505, 1, ${V100_GPU_1_UUID}, 00000000:02:00.0, 892, 877, 30.28, 150.00, 53, 52, 0, 316, P0, Not Active, Not Active, Not Active
2026/07/20 00:51:01.668, 0, ${V100_GPU_0_UUID}, 00000000:01:00.0, 892, 877, 32.39, 150.00, 55, 54, 0, 316, P0, Not Active, Not Active, Not Active
2026/07/20 00:51:01.676, 1, ${V100_GPU_1_UUID}, 00000000:02:00.0, 892, 877, 30.30, 150.00, 53, 52, 0, 316, P0, Not Active, Not Active, Not Active
2026/07/20 00:51:01.812, 0, ${V100_GPU_0_UUID}, 00000000:01:00.0, 892, 877, 32.37, 150.00, 55, 54, 0, 316, P0, Not Active, Not Active, Not Active
2026/07/20 00:51:01.818, 1, ${V100_GPU_1_UUID}, 00000000:02:00.0, 892, 877, 30.28, 150.00, 53, 52, 0, 316, P0, Not Active, Not Active, Not Active
2026/07/20 00:51:01.952, 0, ${V100_GPU_0_UUID}, 00000000:01:00.0, 892, 877, 32.39, 150.00, 55, 54, 0, 316, P0, Not Active, Not Active, Not Active
2026/07/20 00:51:01.958, 1, ${V100_GPU_1_UUID}, 00000000:02:00.0, 892, 877, 30.30, 150.00, 53, 52, 0, 316, P0, Not Active, Not Active, Not Active
2026/07/20 00:51:02.094, 0, ${V100_GPU_0_UUID}, 00000000:01:00.0, 892, 877, 32.37, 150.00, 55, 54, 0, 316, P0, Not Active, Not Active, Not Active
2026/07/20 00:51:02.101, 1, ${V100_GPU_1_UUID}, 00000000:02:00.0, 892, 877, 30.28, 150.00, 53, 52, 0, 316, P0, Not Active, Not Active, Not Active
2026/07/20 00:51:02.236, 0, ${V100_GPU_0_UUID}, 00000000:01:00.0, 892, 877, 32.37, 150.00, 55, 54, 0, 316, P0, Not Active, Not Active, Not Active
2026/07/20 00:51:02.241, 1, ${V100_GPU_1_UUID}, 00000000:02:00.0, 892, 877, 30.28, 150.00, 53, 51, 0, 316, P0, Not Active, Not Active, Not Active
2026/07/20 00:51:02.375, 0, ${V100_GPU_0_UUID}, 00000000:01:00.0, 892, 877, 32.37, 150.00, 55, 54, 0, 316, P0, Not Active, Not Active, Not Active
2026/07/20 00:51:02.380, 1, ${V100_GPU_1_UUID}, 00000000:02:00.0, 892, 877, 30.28, 150.00, 53, 52, 0, 316, P0, Not Active, Not Active, Not Active
2026/07/20 00:51:02.541, 0, ${V100_GPU_0_UUID}, 00000000:01:00.0, 892, 877, 32.37, 150.00, 55, 54, 0, 316, P0, Not Active, Not Active, Not Active
2026/07/20 00:51:02.546, 1, ${V100_GPU_1_UUID}, 00000000:02:00.0, 892, 877, 29.82, 150.00, 53, 52, 0, 316, P0, Not Active, Not Active, Not Active
2026/07/20 00:51:02.709, 0, ${V100_GPU_0_UUID}, 00000000:01:00.0, 892, 877, 32.39, 150.00, 55, 54, 0, 316, P0, Not Active, Not Active, Not Active
2026/07/20 00:51:02.716, 1, ${V100_GPU_1_UUID}, 00000000:02:00.0, 892, 877, 30.30, 150.00, 53, 52, 0, 316, P0, Not Active, Not Active, Not Active
2026/07/20 00:51:02.873, 0, ${V100_GPU_0_UUID}, 00000000:01:00.0, 892, 877, 32.39, 150.00, 55, 54, 0, 316, P0, Not Active, Not Active, Not Active
2026/07/20 00:51:02.881, 1, ${V100_GPU_1_UUID}, 00000000:02:00.0, 892, 877, 29.82, 150.00, 53, 52, 0, 316, P0, Not Active, Not Active, Not Active
2026/07/20 00:51:03.016, 0, ${V100_GPU_0_UUID}, 00000000:01:00.0, 892, 877, 32.37, 150.00, 55, 54, 0, 316, P0, Not Active, Not Active, Not Active
2026/07/20 00:51:03.023, 1, ${V100_GPU_1_UUID}, 00000000:02:00.0, 892, 877, 30.28, 150.00, 53, 52, 0, 316, P0, Not Active, Not Active, Not Active
2026/07/20 00:51:03.157, 0, ${V100_GPU_0_UUID}, 00000000:01:00.0, 892, 877, 32.35, 150.00, 55, 54, 0, 316, P0, Not Active, Not Active, Not Active
2026/07/20 00:51:03.164, 1, ${V100_GPU_1_UUID}, 00000000:02:00.0, 892, 877, 30.26, 150.00, 53, 52, 0, 316, P0, Not Active, Not Active, Not Active
2026/07/20 00:51:03.299, 0, ${V100_GPU_0_UUID}, 00000000:01:00.0, 892, 877, 32.37, 150.00, 55, 54, 0, 316, P0, Not Active, Not Active, Not Active
2026/07/20 00:51:03.304, 1, ${V100_GPU_1_UUID}, 00000000:02:00.0, 892, 877, 30.28, 150.00, 53, 52, 0, 316, P0, Not Active, Not Active, Not Active
2026/07/20 00:51:03.456, 0, ${V100_GPU_0_UUID}, 00000000:01:00.0, 892, 877, 32.35, 150.00, 55, 54, 0, 316, P0, Not Active, Not Active, Not Active
2026/07/20 00:51:03.462, 1, ${V100_GPU_1_UUID}, 00000000:02:00.0, 892, 877, 30.28, 150.00, 53, 52, 0, 316, P0, Not Active, Not Active, Not Active
2026/07/20 00:51:03.600, 0, ${V100_GPU_0_UUID}, 00000000:01:00.0, 892, 877, 32.35, 150.00, 55, 54, 0, 316, P0, Not Active, Not Active, Not Active
2026/07/20 00:51:03.606, 1, ${V100_GPU_1_UUID}, 00000000:02:00.0, 892, 877, 30.26, 150.00, 53, 52, 0, 316, P0, Not Active, Not Active, Not Active
2026/07/20 00:51:03.744, 0, ${V100_GPU_0_UUID}, 00000000:01:00.0, 892, 877, 32.35, 150.00, 55, 54, 0, 316, P0, Not Active, Not Active, Not Active
2026/07/20 00:51:03.750, 1, ${V100_GPU_1_UUID}, 00000000:02:00.0, 892, 877, 29.80, 150.00, 53, 52, 0, 316, P0, Not Active, Not Active, Not Active
2026/07/20 00:51:03.907, 0, ${V100_GPU_0_UUID}, 00000000:01:00.0, 892, 877, 32.35, 150.00, 55, 54, 0, 316, P0, Not Active, Not Active, Not Active
2026/07/20 00:51:03.913, 1, ${V100_GPU_1_UUID}, 00000000:02:00.0, 892, 877, 30.28, 150.00, 53, 52, 0, 316, P0, Not Active, Not Active, Not Active
2026/07/20 00:51:04.048, 0, ${V100_GPU_0_UUID}, 00000000:01:00.0, 892, 877, 32.37, 150.00, 55, 54, 0, 316, P0, Not Active, Not Active, Not Active
2026/07/20 00:51:04.054, 1, ${V100_GPU_1_UUID}, 00000000:02:00.0, 892, 877, 30.28, 150.00, 53, 52, 0, 316, P0, Not Active, Not Active, Not Active
2026/07/20 00:51:04.276, 0, ${V100_GPU_0_UUID}, 00000000:01:00.0, 892, 877, 32.39, 150.00, 55, 54, 0, 316, P0, Not Active, Not Active, Not Active
2026/07/20 00:51:04.319, 1, ${V100_GPU_1_UUID}, 00000000:02:00.0, 892, 877, 30.30, 150.00, 53, 52, 0, 316, P0, Not Active, Not Active, Not Active
2026/07/20 00:51:04.469, 0, ${V100_GPU_0_UUID}, 00000000:01:00.0, 892, 877, 32.37, 150.00, 55, 54, 0, 316, P0, Not Active, Not Active, Not Active
2026/07/20 00:51:04.474, 1, ${V100_GPU_1_UUID}, 00000000:02:00.0, 892, 877, 30.30, 150.00, 53, 52, 0, 316, P0, Not Active, Not Active, Not Active
2026/07/20 00:51:04.608, 0, ${V100_GPU_0_UUID}, 00000000:01:00.0, 892, 877, 32.37, 150.00, 55, 54, 0, 316, P0, Not Active, Not Active, Not Active
2026/07/20 00:51:04.614, 1, ${V100_GPU_1_UUID}, 00000000:02:00.0, 892, 877, 30.28, 150.00, 53, 52, 0, 316, P0, Not Active, Not Active, Not Active
2026/07/20 00:51:04.747, 0, ${V100_GPU_0_UUID}, 00000000:01:00.0, 892, 877, 32.37, 150.00, 55, 54, 0, 316, P0, Not Active, Not Active, Not Active
2026/07/20 00:51:04.752, 1, ${V100_GPU_1_UUID}, 00000000:02:00.0, 892, 877, 30.30, 150.00, 53, 52, 0, 316, P0, Not Active, Not Active, Not Active
2026/07/20 00:51:04.898, 0, ${V100_GPU_0_UUID}, 00000000:01:00.0, 892, 877, 32.37, 150.00, 55, 54, 0, 316, P0, Not Active, Not Active, Not Active
2026/07/20 00:51:04.904, 1, ${V100_GPU_1_UUID}, 00000000:02:00.0, 892, 877, 29.82, 150.00, 53, 52, 0, 316, P0, Not Active, Not Active, Not Active
2026/07/20 00:51:05.065, 0, ${V100_GPU_0_UUID}, 00000000:01:00.0, 892, 877, 32.39, 150.00, 55, 54, 0, 316, P0, Not Active, Not Active, Not Active
2026/07/20 00:51:05.073, 1, ${V100_GPU_1_UUID}, 00000000:02:00.0, 892, 877, 29.82, 150.00, 53, 52, 0, 316, P0, Not Active, Not Active, Not Active
2026/07/20 00:51:05.219, 0, ${V100_GPU_0_UUID}, 00000000:01:00.0, 892, 877, 32.37, 150.00, 55, 54, 0, 316, P0, Not Active, Not Active, Not Active
2026/07/20 00:51:05.226, 1, ${V100_GPU_1_UUID}, 00000000:02:00.0, 892, 877, 30.28, 150.00, 53, 52, 0, 316, P0, Not Active, Not Active, Not Active
2026/07/20 00:51:05.371, 0, ${V100_GPU_0_UUID}, 00000000:01:00.0, 892, 877, 32.37, 150.00, 55, 54, 0, 316, P0, Not Active, Not Active, Not Active
2026/07/20 00:51:05.377, 1, ${V100_GPU_1_UUID}, 00000000:02:00.0, 892, 877, 30.28, 150.00, 53, 52, 0, 316, P0, Not Active, Not Active, Not Active
2026/07/20 00:51:05.512, 0, ${V100_GPU_0_UUID}, 00000000:01:00.0, 892, 877, 32.35, 150.00, 55, 54, 0, 316, P0, Not Active, Not Active, Not Active
2026/07/20 00:51:05.518, 1, ${V100_GPU_1_UUID}, 00000000:02:00.0, 892, 877, 30.26, 150.00, 53, 52, 0, 316, P0, Not Active, Not Active, Not Active
2026/07/20 00:51:05.651, 0, ${V100_GPU_0_UUID}, 00000000:01:00.0, 892, 877, 32.37, 150.00, 55, 54, 0, 316, P0, Not Active, Not Active, Not Active
2026/07/20 00:51:05.657, 1, ${V100_GPU_1_UUID}, 00000000:02:00.0, 892, 877, 30.28, 150.00, 53, 52, 0, 316, P0, Not Active, Not Active, Not Active
2026/07/20 00:51:05.791, 0, ${V100_GPU_0_UUID}, 00000000:01:00.0, 892, 877, 32.37, 150.00, 55, 54, 0, 316, P0, Not Active, Not Active, Not Active
2026/07/20 00:51:05.797, 1, ${V100_GPU_1_UUID}, 00000000:02:00.0, 892, 877, 30.28, 150.00, 53, 52, 0, 316, P0, Not Active, Not Active, Not Active
2026/07/20 00:51:05.936, 0, ${V100_GPU_0_UUID}, 00000000:01:00.0, 892, 877, 32.37, 150.00, 55, 54, 0, 316, P0, Not Active, Not Active, Not Active
2026/07/20 00:51:05.942, 1, ${V100_GPU_1_UUID}, 00000000:02:00.0, 892, 877, 30.28, 150.00, 53, 52, 0, 316, P0, Not Active, Not Active, Not Active
2026/07/20 00:51:06.075, 0, ${V100_GPU_0_UUID}, 00000000:01:00.0, 892, 877, 32.37, 150.00, 55, 54, 0, 316, P0, Not Active, Not Active, Not Active
2026/07/20 00:51:06.081, 1, ${V100_GPU_1_UUID}, 00000000:02:00.0, 892, 877, 30.28, 150.00, 53, 52, 0, 316, P0, Not Active, Not Active, Not Active
2026/07/20 00:51:06.215, 0, ${V100_GPU_0_UUID}, 00000000:01:00.0, 892, 877, 32.37, 150.00, 55, 54, 0, 316, P0, Not Active, Not Active, Not Active
2026/07/20 00:51:06.221, 1, ${V100_GPU_1_UUID}, 00000000:02:00.0, 892, 877, 30.28, 150.00, 53, 52, 0, 316, P0, Not Active, Not Active, Not Active
2026/07/20 00:51:06.354, 0, ${V100_GPU_0_UUID}, 00000000:01:00.0, 892, 877, 32.37, 150.00, 55, 54, 0, 316, P0, Not Active, Not Active, Not Active
2026/07/20 00:51:06.360, 1, ${V100_GPU_1_UUID}, 00000000:02:00.0, 892, 877, 30.28, 150.00, 53, 52, 0, 316, P0, Not Active, Not Active, Not Active
2026/07/20 00:51:06.494, 0, ${V100_GPU_0_UUID}, 00000000:01:00.0, 892, 877, 32.37, 150.00, 55, 54, 0, 316, P0, Not Active, Not Active, Not Active
2026/07/20 00:51:06.499, 1, ${V100_GPU_1_UUID}, 00000000:02:00.0, 892, 877, 30.30, 150.00, 53, 52, 0, 316, P0, Not Active, Not Active, Not Active
2026/07/20 00:51:06.644, 0, ${V100_GPU_0_UUID}, 00000000:01:00.0, 892, 877, 32.37, 150.00, 55, 54, 0, 316, P0, Not Active, Not Active, Not Active
2026/07/20 00:51:06.650, 1, ${V100_GPU_1_UUID}, 00000000:02:00.0, 892, 877, 30.28, 150.00, 53, 52, 0, 316, P0, Not Active, Not Active, Not Active
2026/07/20 00:51:06.792, 0, ${V100_GPU_0_UUID}, 00000000:01:00.0, 892, 877, 32.39, 150.00, 55, 54, 0, 316, P0, Not Active, Not Active, Not Active
2026/07/20 00:51:06.802, 1, ${V100_GPU_1_UUID}, 00000000:02:00.0, 892, 877, 30.30, 150.00, 53, 52, 0, 316, P0, Not Active, Not Active, Not Active
2026/07/20 00:51:06.939, 0, ${V100_GPU_0_UUID}, 00000000:01:00.0, 892, 877, 32.37, 150.00, 55, 54, 0, 316, P0, Not Active, Not Active, Not Active
2026/07/20 00:51:06.945, 1, ${V100_GPU_1_UUID}, 00000000:02:00.0, 892, 877, 30.28, 150.00, 53, 52, 0, 316, P0, Not Active, Not Active, Not Active
2026/07/20 00:51:07.133, 0, ${V100_GPU_0_UUID}, 00000000:01:00.0, 892, 877, 32.37, 150.00, 55, 54, 0, 316, P0, Not Active, Not Active, Not Active
2026/07/20 00:51:07.139, 1, ${V100_GPU_1_UUID}, 00000000:02:00.0, 892, 877, 30.28, 150.00, 53, 52, 0, 316, P0, Not Active, Not Active, Not Active
2026/07/20 00:51:07.281, 0, ${V100_GPU_0_UUID}, 00000000:01:00.0, 892, 877, 32.37, 150.00, 55, 54, 0, 316, P0, Not Active, Not Active, Not Active
2026/07/20 00:51:07.286, 1, ${V100_GPU_1_UUID}, 00000000:02:00.0, 892, 877, 30.28, 150.00, 53, 52, 0, 316, P0, Not Active, Not Active, Not Active
2026/07/20 00:51:07.421, 0, ${V100_GPU_0_UUID}, 00000000:01:00.0, 892, 877, 32.39, 150.00, 55, 54, 0, 316, P0, Not Active, Not Active, Not Active
2026/07/20 00:51:07.442, 1, ${V100_GPU_1_UUID}, 00000000:02:00.0, 892, 877, 30.30, 150.00, 53, 52, 0, 316, P0, Not Active, Not Active, Not Active
2026/07/20 00:51:07.614, 0, ${V100_GPU_0_UUID}, 00000000:01:00.0, 892, 877, 32.39, 150.00, 55, 54, 0, 316, P0, Not Active, Not Active, Not Active
2026/07/20 00:51:07.623, 1, ${V100_GPU_1_UUID}, 00000000:02:00.0, 892, 877, 30.30, 150.00, 53, 52, 0, 316, P0, Not Active, Not Active, Not Active
2026/07/20 00:51:07.762, 0, ${V100_GPU_0_UUID}, 00000000:01:00.0, 892, 877, 32.37, 150.00, 55, 54, 0, 316, P0, Not Active, Not Active, Not Active
2026/07/20 00:51:07.768, 1, ${V100_GPU_1_UUID}, 00000000:02:00.0, 892, 877, 30.30, 150.00, 53, 52, 0, 316, P0, Not Active, Not Active, Not Active
2026/07/20 00:51:07.909, 0, ${V100_GPU_0_UUID}, 00000000:01:00.0, 892, 877, 32.37, 150.00, 55, 54, 0, 316, P0, Not Active, Not Active, Not Active
2026/07/20 00:51:07.915, 1, ${V100_GPU_1_UUID}, 00000000:02:00.0, 892, 877, 30.28, 150.00, 53, 52, 0, 316, P0, Not Active, Not Active, Not Active
2026/07/20 00:51:08.050, 0, ${V100_GPU_0_UUID}, 00000000:01:00.0, 892, 877, 32.37, 150.00, 55, 54, 0, 316, P0, Not Active, Not Active, Not Active
2026/07/20 00:51:08.056, 1, ${V100_GPU_1_UUID}, 00000000:02:00.0, 892, 877, 30.28, 150.00, 53, 52, 0, 316, P0, Not Active, Not Active, Not Active
2026/07/20 00:51:08.208, 0, ${V100_GPU_0_UUID}, 00000000:01:00.0, 892, 877, 32.37, 150.00, 55, 54, 0, 316, P0, Not Active, Not Active, Not Active
2026/07/20 00:51:08.215, 1, ${V100_GPU_1_UUID}, 00000000:02:00.0, 892, 877, 30.28, 150.00, 53, 52, 0, 316, P0, Not Active, Not Active, Not Active
2026/07/20 00:51:08.351, 0, ${V100_GPU_0_UUID}, 00000000:01:00.0, 892, 877, 32.39, 150.00, 55, 54, 0, 8934, P0, Not Active, Not Active, Not Active
2026/07/20 00:51:08.358, 1, ${V100_GPU_1_UUID}, 00000000:02:00.0, 892, 877, 30.30, 150.00, 53, 52, 0, 8934, P0, Not Active, Not Active, Not Active
2026/07/20 00:51:08.530, 0, ${V100_GPU_0_UUID}, 00000000:01:00.0, 892, 877, 32.37, 150.00, 55, 54, 2, 8934, P0, Not Active, Not Active, Not Active
2026/07/20 00:51:08.536, 1, ${V100_GPU_1_UUID}, 00000000:02:00.0, 892, 877, 30.28, 150.00, 53, 52, 0, 8934, P0, Not Active, Not Active, Not Active
2026/07/20 00:51:08.696, 0, ${V100_GPU_0_UUID}, 00000000:01:00.0, 892, 877, 32.39, 150.00, 55, 54, 4, 8934, P0, Not Active, Not Active, Not Active
2026/07/20 00:51:08.704, 1, ${V100_GPU_1_UUID}, 00000000:02:00.0, 892, 877, 30.30, 150.00, 53, 52, 0, 8934, P0, Not Active, Not Active, Not Active
2026/07/20 00:51:08.842, 0, ${V100_GPU_0_UUID}, 00000000:01:00.0, 892, 877, 32.37, 150.00, 55, 54, 5, 8934, P0, Not Active, Not Active, Not Active
2026/07/20 00:51:08.848, 1, ${V100_GPU_1_UUID}, 00000000:02:00.0, 892, 877, 30.28, 150.00, 53, 52, 0, 8934, P0, Not Active, Not Active, Not Active
2026/07/20 00:51:09.004, 0, ${V100_GPU_0_UUID}, 00000000:01:00.0, 892, 877, 32.39, 150.00, 55, 54, 4, 8934, P0, Not Active, Not Active, Not Active
2026/07/20 00:51:09.011, 1, ${V100_GPU_1_UUID}, 00000000:02:00.0, 892, 877, 30.30, 150.00, 53, 52, 0, 8934, P0, Not Active, Not Active, Not Active
2026/07/20 00:51:09.145, 0, ${V100_GPU_0_UUID}, 00000000:01:00.0, 892, 877, 32.37, 150.00, 55, 54, 5, 8934, P0, Not Active, Not Active, Not Active
2026/07/20 00:51:09.151, 1, ${V100_GPU_1_UUID}, 00000000:02:00.0, 892, 877, 30.28, 150.00, 53, 52, 0, 8934, P0, Not Active, Not Active, Not Active
2026/07/20 00:51:09.312, 0, ${V100_GPU_0_UUID}, 00000000:01:00.0, 892, 877, 32.39, 150.00, 55, 54, 5, 8934, P0, Not Active, Not Active, Not Active
2026/07/20 00:51:09.319, 1, ${V100_GPU_1_UUID}, 00000000:02:00.0, 892, 877, 30.30, 150.00, 53, 52, 0, 8934, P0, Not Active, Not Active, Not Active
2026/07/20 00:51:09.455, 0, ${V100_GPU_0_UUID}, 00000000:01:00.0, 892, 877, 32.39, 150.00, 55, 54, 5, 8934, P0, Not Active, Not Active, Not Active
2026/07/20 00:51:09.475, 1, ${V100_GPU_1_UUID}, 00000000:02:00.0, 892, 877, 30.30, 150.00, 53, 52, 0, 8934, P0, Not Active, Not Active, Not Active
2026/07/20 00:51:09.640, 0, ${V100_GPU_0_UUID}, 00000000:01:00.0, 892, 877, 32.39, 150.00, 55, 54, 5, 8934, P0, Not Active, Not Active, Not Active
2026/07/20 00:51:09.648, 1, ${V100_GPU_1_UUID}, 00000000:02:00.0, 892, 877, 29.82, 150.00, 53, 52, 0, 8934, P0, Not Active, Not Active, Not Active
2026/07/20 00:51:09.808, 0, ${V100_GPU_0_UUID}, 00000000:01:00.0, 892, 877, 32.39, 150.00, 55, 54, 5, 8934, P0, Not Active, Not Active, Not Active
2026/07/20 00:51:09.815, 1, ${V100_GPU_1_UUID}, 00000000:02:00.0, 892, 877, 30.30, 150.00, 53, 52, 0, 8934, P0, Not Active, Not Active, Not Active
2026/07/20 00:51:09.948, 0, ${V100_GPU_0_UUID}, 00000000:01:00.0, 892, 877, 32.39, 150.00, 55, 54, 4, 8934, P0, Not Active, Not Active, Not Active
2026/07/20 00:51:09.954, 1, ${V100_GPU_1_UUID}, 00000000:02:00.0, 892, 877, 30.30, 150.00, 53, 52, 0, 8934, P0, Not Active, Not Active, Not Active
2026/07/20 00:51:10.116, 0, ${V100_GPU_0_UUID}, 00000000:01:00.0, 892, 877, 32.37, 150.00, 55, 54, 4, 8934, P0, Not Active, Not Active, Not Active
2026/07/20 00:51:10.122, 1, ${V100_GPU_1_UUID}, 00000000:02:00.0, 892, 877, 30.30, 150.00, 53, 52, 0, 8934, P0, Not Active, Not Active, Not Active
2026/07/20 00:51:10.264, 0, ${V100_GPU_0_UUID}, 00000000:01:00.0, 892, 877, 32.37, 150.00, 55, 54, 4, 8934, P0, Not Active, Not Active, Not Active
2026/07/20 00:51:10.269, 1, ${V100_GPU_1_UUID}, 00000000:02:00.0, 892, 877, 30.28, 150.00, 53, 52, 0, 8934, P0, Not Active, Not Active, Not Active
2026/07/20 00:51:10.431, 0, ${V100_GPU_0_UUID}, 00000000:01:00.0, 892, 877, 32.39, 150.00, 55, 54, 4, 8934, P0, Not Active, Not Active, Not Active
2026/07/20 00:51:10.438, 1, ${V100_GPU_1_UUID}, 00000000:02:00.0, 892, 877, 30.30, 150.00, 53, 52, 0, 8934, P0, Not Active, Not Active, Not Active
2026/07/20 00:51:10.571, 0, ${V100_GPU_0_UUID}, 00000000:01:00.0, 892, 877, 32.37, 150.00, 55, 54, 5, 8934, P0, Not Active, Not Active, Not Active
2026/07/20 00:51:10.577, 1, ${V100_GPU_1_UUID}, 00000000:02:00.0, 892, 877, 29.82, 150.00, 53, 52, 0, 8934, P0, Not Active, Not Active, Not Active
2026/07/20 00:51:10.722, 0, ${V100_GPU_0_UUID}, 00000000:01:00.0, 892, 877, 32.37, 150.00, 55, 54, 5, 8934, P0, Not Active, Not Active, Not Active
2026/07/20 00:51:10.728, 1, ${V100_GPU_1_UUID}, 00000000:02:00.0, 892, 877, 30.30, 150.00, 53, 52, 0, 8934, P0, Not Active, Not Active, Not Active
2026/07/20 00:51:10.861, 0, ${V100_GPU_0_UUID}, 00000000:01:00.0, 892, 877, 32.37, 150.00, 55, 54, 4, 8934, P0, Not Active, Not Active, Not Active
2026/07/20 00:51:10.867, 1, ${V100_GPU_1_UUID}, 00000000:02:00.0, 892, 877, 30.28, 150.00, 53, 52, 0, 8934, P0, Not Active, Not Active, Not Active
2026/07/20 00:51:11.023, 0, ${V100_GPU_0_UUID}, 00000000:01:00.0, 892, 877, 32.39, 150.00, 55, 54, 5, 8934, P0, Not Active, Not Active, Not Active
2026/07/20 00:51:11.028, 1, ${V100_GPU_1_UUID}, 00000000:02:00.0, 892, 877, 30.30, 150.00, 53, 52, 0, 8934, P0, Not Active, Not Active, Not Active
2026/07/20 00:51:11.161, 0, ${V100_GPU_0_UUID}, 00000000:01:00.0, 892, 877, 32.37, 150.00, 55, 54, 4, 8934, P0, Not Active, Not Active, Not Active
2026/07/20 00:51:11.167, 1, ${V100_GPU_1_UUID}, 00000000:02:00.0, 892, 877, 30.28, 150.00, 53, 52, 0, 8934, P0, Not Active, Not Active, Not Active
2026/07/20 00:51:11.302, 0, ${V100_GPU_0_UUID}, 00000000:01:00.0, 892, 877, 32.41, 150.00, 55, 54, 3, 8934, P0, Not Active, Not Active, Not Active
2026/07/20 00:51:11.308, 1, ${V100_GPU_1_UUID}, 00000000:02:00.0, 892, 877, 31.28, 150.00, 53, 52, 0, 8934, P0, Not Active, Not Active, Not Active
2026/07/20 00:51:11.442, 0, ${V100_GPU_0_UUID}, 00000000:01:00.0, 892, 877, 32.37, 150.00, 55, 54, 1, 8934, P0, Not Active, Not Active, Not Active
2026/07/20 00:51:11.447, 1, ${V100_GPU_1_UUID}, 00000000:02:00.0, 892, 877, 30.28, 150.00, 53, 52, 79, 8934, P0, Not Active, Not Active, Not Active
2026/07/20 00:51:11.601, 0, ${V100_GPU_0_UUID}, 00000000:01:00.0, 892, 877, 32.39, 150.00, 55, 54, 2, 8934, P0, Not Active, Not Active, Not Active
2026/07/20 00:51:11.612, 1, ${V100_GPU_1_UUID}, 00000000:02:00.0, 892, 877, 30.30, 150.00, 53, 52, 6, 8934, P0, Not Active, Not Active, Not Active
2026/07/20 00:51:11.752, 0, ${V100_GPU_0_UUID}, 00000000:01:00.0, 892, 877, 32.39, 150.00, 55, 54, 3, 8934, P0, Not Active, Not Active, Not Active
2026/07/20 00:51:11.758, 1, ${V100_GPU_1_UUID}, 00000000:02:00.0, 892, 877, 30.30, 150.00, 53, 52, 2, 8934, P0, Not Active, Not Active, Not Active
2026/07/20 00:51:11.915, 0, ${V100_GPU_0_UUID}, 00000000:01:00.0, 892, 877, 32.37, 150.00, 55, 54, 2, 8934, P0, Not Active, Not Active, Not Active
2026/07/20 00:51:11.921, 1, ${V100_GPU_1_UUID}, 00000000:02:00.0, 892, 877, 30.30, 150.00, 53, 52, 3, 8934, P0, Not Active, Not Active, Not Active
2026/07/20 00:51:12.068, 0, ${V100_GPU_0_UUID}, 00000000:01:00.0, 892, 877, 32.39, 150.00, 55, 54, 1, 8934, P0, Not Active, Not Active, Not Active
2026/07/20 00:51:12.080, 1, ${V100_GPU_1_UUID}, 00000000:02:00.0, 892, 877, 30.30, 150.00, 53, 52, 1, 8934, P0, Not Active, Not Active, Not Active
2026/07/20 00:51:12.224, 0, ${V100_GPU_0_UUID}, 00000000:01:00.0, 892, 877, 32.37, 150.00, 55, 54, 1, 8934, P0, Not Active, Not Active, Not Active
2026/07/20 00:51:12.230, 1, ${V100_GPU_1_UUID}, 00000000:02:00.0, 892, 877, 30.30, 150.00, 53, 52, 2, 8934, P0, Not Active, Not Active, Not Active
2026/07/20 00:51:12.373, 0, ${V100_GPU_0_UUID}, 00000000:01:00.0, 892, 877, 32.37, 150.00, 55, 54, 2, 8934, P0, Not Active, Not Active, Not Active
2026/07/20 00:51:12.379, 1, ${V100_GPU_1_UUID}, 00000000:02:00.0, 892, 877, 30.28, 150.00, 53, 52, 3, 8934, P0, Not Active, Not Active, Not Active
2026/07/20 00:51:12.514, 0, ${V100_GPU_0_UUID}, 00000000:01:00.0, 892, 877, 32.39, 150.00, 55, 54, 2, 8934, P0, Not Active, Not Active, Not Active
2026/07/20 00:51:12.520, 1, ${V100_GPU_1_UUID}, 00000000:02:00.0, 892, 877, 30.30, 150.00, 53, 52, 2, 8934, P0, Not Active, Not Active, Not Active
2026/07/20 00:51:12.668, 0, ${V100_GPU_0_UUID}, 00000000:01:00.0, 892, 877, 32.37, 150.00, 55, 54, 2, 8934, P0, Not Active, Not Active, Not Active
2026/07/20 00:51:12.674, 1, ${V100_GPU_1_UUID}, 00000000:02:00.0, 892, 877, 30.30, 150.00, 53, 52, 1, 8934, P0, Not Active, Not Active, Not Active
2026/07/20 00:51:12.807, 0, ${V100_GPU_0_UUID}, 00000000:01:00.0, 892, 877, 32.39, 150.00, 55, 54, 3, 8934, P0, Not Active, Not Active, Not Active
2026/07/20 00:51:12.813, 1, ${V100_GPU_1_UUID}, 00000000:02:00.0, 892, 877, 30.30, 150.00, 53, 52, 1, 8934, P0, Not Active, Not Active, Not Active
2026/07/20 00:51:12.974, 0, ${V100_GPU_0_UUID}, 00000000:01:00.0, 892, 877, 32.39, 150.00, 55, 54, 3, 8934, P0, Not Active, Not Active, Not Active
2026/07/20 00:51:12.982, 1, ${V100_GPU_1_UUID}, 00000000:02:00.0, 892, 877, 30.30, 150.00, 53, 52, 3, 8934, P0, Not Active, Not Active, Not Active
2026/07/20 00:51:13.116, 0, ${V100_GPU_0_UUID}, 00000000:01:00.0, 892, 877, 32.37, 150.00, 55, 54, 1, 8934, P0, Not Active, Not Active, Not Active
2026/07/20 00:51:13.123, 1, ${V100_GPU_1_UUID}, 00000000:02:00.0, 892, 877, 30.30, 150.00, 53, 52, 2, 8934, P0, Not Active, Not Active, Not Active
2026/07/20 00:51:13.285, 0, ${V100_GPU_0_UUID}, 00000000:01:00.0, 892, 877, 32.39, 150.00, 55, 54, 2, 8934, P0, Not Active, Not Active, Not Active
2026/07/20 00:51:13.291, 1, ${V100_GPU_1_UUID}, 00000000:02:00.0, 892, 877, 30.28, 150.00, 53, 52, 1, 8934, P0, Not Active, Not Active, Not Active
2026/07/20 00:51:13.430, 0, ${V100_GPU_0_UUID}, 00000000:01:00.0, 892, 877, 32.37, 150.00, 55, 54, 2, 8934, P0, Not Active, Not Active, Not Active
2026/07/20 00:51:13.436, 1, ${V100_GPU_1_UUID}, 00000000:02:00.0, 892, 877, 30.30, 150.00, 53, 52, 4, 8934, P0, Not Active, Not Active, Not Active
2026/07/20 00:51:13.569, 0, ${V100_GPU_0_UUID}, 00000000:01:00.0, 892, 877, 32.37, 150.00, 55, 54, 2, 8934, P0, Not Active, Not Active, Not Active
2026/07/20 00:51:13.575, 1, ${V100_GPU_1_UUID}, 00000000:02:00.0, 892, 877, 30.28, 150.00, 53, 52, 2, 8934, P0, Not Active, Not Active, Not Active
2026/07/20 00:51:13.713, 0, ${V100_GPU_0_UUID}, 00000000:01:00.0, 892, 877, 32.39, 150.00, 55, 54, 2, 8934, P0, Not Active, Not Active, Not Active
2026/07/20 00:51:13.719, 1, ${V100_GPU_1_UUID}, 00000000:02:00.0, 892, 877, 30.30, 150.00, 53, 52, 2, 8934, P0, Not Active, Not Active, Not Active
2026/07/20 00:51:13.852, 0, ${V100_GPU_0_UUID}, 00000000:01:00.0, 892, 877, 32.37, 150.00, 55, 54, 4, 8934, P0, Not Active, Not Active, Not Active
2026/07/20 00:51:13.858, 1, ${V100_GPU_1_UUID}, 00000000:02:00.0, 892, 877, 30.28, 150.00, 53, 52, 2, 8934, P0, Not Active, Not Active, Not Active
2026/07/20 00:51:14.000, 0, ${V100_GPU_0_UUID}, 00000000:01:00.0, 892, 877, 32.37, 150.00, 55, 54, 1, 8934, P0, Not Active, Not Active, Not Active
2026/07/20 00:51:14.006, 1, ${V100_GPU_1_UUID}, 00000000:02:00.0, 892, 877, 30.30, 150.00, 53, 52, 1, 8934, P0, Not Active, Not Active, Not Active
2026/07/20 00:51:14.140, 0, ${V100_GPU_0_UUID}, 00000000:01:00.0, 892, 877, 32.37, 150.00, 55, 54, 2, 8934, P0, Not Active, Not Active, Not Active
2026/07/20 00:51:14.146, 1, ${V100_GPU_1_UUID}, 00000000:02:00.0, 892, 877, 30.28, 150.00, 53, 52, 1, 8934, P0, Not Active, Not Active, Not Active
2026/07/20 00:51:14.279, 0, ${V100_GPU_0_UUID}, 00000000:01:00.0, 892, 877, 32.37, 150.00, 55, 54, 2, 8934, P0, Not Active, Not Active, Not Active
2026/07/20 00:51:14.286, 1, ${V100_GPU_1_UUID}, 00000000:02:00.0, 892, 877, 30.30, 150.00, 53, 52, 3, 8934, P0, Not Active, Not Active, Not Active
2026/07/20 00:51:14.422, 0, ${V100_GPU_0_UUID}, 00000000:01:00.0, 892, 877, 32.37, 150.00, 55, 54, 2, 8934, P0, Not Active, Not Active, Not Active
2026/07/20 00:51:14.429, 1, ${V100_GPU_1_UUID}, 00000000:02:00.0, 892, 877, 30.30, 150.00, 53, 52, 0, 8934, P0, Not Active, Not Active, Not Active
2026/07/20 00:51:14.587, 0, ${V100_GPU_0_UUID}, 00000000:01:00.0, 892, 877, 32.39, 150.00, 55, 54, 2, 8934, P0, Not Active, Not Active, Not Active
2026/07/20 00:51:14.594, 1, ${V100_GPU_1_UUID}, 00000000:02:00.0, 892, 877, 30.30, 150.00, 53, 52, 4, 8934, P0, Not Active, Not Active, Not Active
2026/07/20 00:51:14.753, 0, ${V100_GPU_0_UUID}, 00000000:01:00.0, 892, 877, 32.39, 150.00, 55, 54, 2, 8934, P0, Not Active, Not Active, Not Active
2026/07/20 00:51:14.760, 1, ${V100_GPU_1_UUID}, 00000000:02:00.0, 892, 877, 30.30, 150.00, 53, 52, 1, 8934, P0, Not Active, Not Active, Not Active
2026/07/20 00:51:14.918, 0, ${V100_GPU_0_UUID}, 00000000:01:00.0, 892, 877, 32.39, 150.00, 55, 54, 2, 8934, P0, Not Active, Not Active, Not Active
2026/07/20 00:51:14.925, 1, ${V100_GPU_1_UUID}, 00000000:02:00.0, 892, 877, 30.30, 150.00, 53, 52, 1, 8934, P0, Not Active, Not Active, Not Active
2026/07/20 00:51:15.084, 0, ${V100_GPU_0_UUID}, 00000000:01:00.0, 892, 877, 32.37, 150.00, 55, 54, 2, 8934, P0, Not Active, Not Active, Not Active
2026/07/20 00:51:15.091, 1, ${V100_GPU_1_UUID}, 00000000:02:00.0, 892, 877, 30.30, 150.00, 53, 52, 3, 8934, P0, Not Active, Not Active, Not Active
2026/07/20 00:51:15.224, 0, ${V100_GPU_0_UUID}, 00000000:01:00.0, 892, 877, 32.37, 150.00, 55, 54, 2, 8934, P0, Not Active, Not Active, Not Active
2026/07/20 00:51:15.229, 1, ${V100_GPU_1_UUID}, 00000000:02:00.0, 892, 877, 30.30, 150.00, 53, 52, 1, 8934, P0, Not Active, Not Active, Not Active
2026/07/20 00:51:15.362, 0, ${V100_GPU_0_UUID}, 00000000:01:00.0, 892, 877, 32.37, 150.00, 55, 54, 1, 8934, P0, Not Active, Not Active, Not Active
2026/07/20 00:51:15.368, 1, ${V100_GPU_1_UUID}, 00000000:02:00.0, 892, 877, 30.28, 150.00, 53, 52, 3, 8934, P0, Not Active, Not Active, Not Active
2026/07/20 00:51:15.511, 0, ${V100_GPU_0_UUID}, 00000000:01:00.0, 892, 877, 32.39, 150.00, 55, 54, 2, 8934, P0, Not Active, Not Active, Not Active
2026/07/20 00:51:15.519, 1, ${V100_GPU_1_UUID}, 00000000:02:00.0, 892, 877, 30.30, 150.00, 53, 52, 0, 8934, P0, Not Active, Not Active, Not Active
2026/07/20 00:51:15.679, 0, ${V100_GPU_0_UUID}, 00000000:01:00.0, 892, 877, 32.37, 150.00, 55, 54, 3, 8934, P0, Not Active, Not Active, Not Active
2026/07/20 00:51:15.685, 1, ${V100_GPU_1_UUID}, 00000000:02:00.0, 892, 877, 30.28, 150.00, 53, 52, 5, 8934, P0, Not Active, Not Active, Not Active
2026/07/20 00:51:15.844, 0, ${V100_GPU_0_UUID}, 00000000:01:00.0, 892, 877, 32.39, 150.00, 55, 54, 2, 8934, P0, Not Active, Not Active, Not Active
2026/07/20 00:51:15.851, 1, ${V100_GPU_1_UUID}, 00000000:02:00.0, 892, 877, 30.30, 150.00, 53, 52, 2, 8934, P0, Not Active, Not Active, Not Active
2026/07/20 00:51:16.012, 0, ${V100_GPU_0_UUID}, 00000000:01:00.0, 892, 877, 32.37, 150.00, 55, 54, 4, 8934, P0, Not Active, Not Active, Not Active
2026/07/20 00:51:16.018, 1, ${V100_GPU_1_UUID}, 00000000:02:00.0, 892, 877, 30.28, 150.00, 53, 52, 2, 8934, P0, Not Active, Not Active, Not Active
2026/07/20 00:51:16.163, 0, ${V100_GPU_0_UUID}, 00000000:01:00.0, 892, 877, 32.39, 150.00, 55, 54, 2, 8934, P0, Not Active, Not Active, Not Active
2026/07/20 00:51:16.174, 1, ${V100_GPU_1_UUID}, 00000000:02:00.0, 892, 877, 30.30, 150.00, 53, 52, 2, 8934, P0, Not Active, Not Active, Not Active
2026/07/20 00:51:16.311, 0, ${V100_GPU_0_UUID}, 00000000:01:00.0, 892, 877, 32.37, 150.00, 55, 54, 1, 8934, P0, Not Active, Not Active, Not Active
2026/07/20 00:51:16.317, 1, ${V100_GPU_1_UUID}, 00000000:02:00.0, 892, 877, 30.28, 150.00, 53, 52, 2, 8934, P0, Not Active, Not Active, Not Active
2026/07/20 00:51:16.471, 0, ${V100_GPU_0_UUID}, 00000000:01:00.0, 892, 877, 32.39, 150.00, 55, 54, 2, 8934, P0, Not Active, Not Active, Not Active
2026/07/20 00:51:16.480, 1, ${V100_GPU_1_UUID}, 00000000:02:00.0, 892, 877, 30.30, 150.00, 53, 52, 2, 8934, P0, Not Active, Not Active, Not Active
2026/07/20 00:51:16.642, 0, ${V100_GPU_0_UUID}, 00000000:01:00.0, 892, 877, 32.39, 150.00, 55, 54, 3, 8934, P0, Not Active, Not Active, Not Active
2026/07/20 00:51:16.649, 1, ${V100_GPU_1_UUID}, 00000000:02:00.0, 892, 877, 30.30, 150.00, 53, 52, 3, 8934, P0, Not Active, Not Active, Not Active
2026/07/20 00:51:16.807, 0, ${V100_GPU_0_UUID}, 00000000:01:00.0, 892, 877, 32.39, 150.00, 55, 54, 1, 8934, P0, Not Active, Not Active, Not Active
2026/07/20 00:51:16.814, 1, ${V100_GPU_1_UUID}, 00000000:02:00.0, 892, 877, 30.30, 150.00, 53, 52, 2, 8934, P0, Not Active, Not Active, Not Active
2026/07/20 00:51:16.977, 0, ${V100_GPU_0_UUID}, 00000000:01:00.0, 892, 877, 32.39, 150.00, 55, 54, 4, 8934, P0, Not Active, Not Active, Not Active
2026/07/20 00:51:16.984, 1, ${V100_GPU_1_UUID}, 00000000:02:00.0, 892, 877, 30.30, 150.00, 53, 52, 3, 8934, P0, Not Active, Not Active, Not Active
2026/07/20 00:51:17.142, 0, ${V100_GPU_0_UUID}, 00000000:01:00.0, 892, 877, 32.39, 150.00, 55, 54, 2, 8934, P0, Not Active, Not Active, Not Active
2026/07/20 00:51:17.149, 1, ${V100_GPU_1_UUID}, 00000000:02:00.0, 892, 877, 30.30, 150.00, 53, 52, 2, 8934, P0, Not Active, Not Active, Not Active
2026/07/20 00:51:17.310, 0, ${V100_GPU_0_UUID}, 00000000:01:00.0, 892, 877, 32.39, 150.00, 55, 54, 2, 8934, P0, Not Active, Not Active, Not Active
2026/07/20 00:51:17.319, 1, ${V100_GPU_1_UUID}, 00000000:02:00.0, 892, 877, 30.30, 150.00, 53, 52, 2, 8934, P0, Not Active, Not Active, Not Active
2026/07/20 00:51:17.481, 0, ${V100_GPU_0_UUID}, 00000000:01:00.0, 892, 877, 32.39, 150.00, 55, 54, 3, 8934, P0, Not Active, Not Active, Not Active
2026/07/20 00:51:17.488, 1, ${V100_GPU_1_UUID}, 00000000:02:00.0, 892, 877, 30.30, 150.00, 53, 52, 2, 8934, P0, Not Active, Not Active, Not Active
2026/07/20 00:51:17.647, 0, ${V100_GPU_0_UUID}, 00000000:01:00.0, 892, 877, 32.39, 150.00, 55, 54, 3, 8934, P0, Not Active, Not Active, Not Active
2026/07/20 00:51:17.653, 1, ${V100_GPU_1_UUID}, 00000000:02:00.0, 892, 877, 30.30, 150.00, 53, 52, 4, 8934, P0, Not Active, Not Active, Not Active
2026/07/20 00:51:17.807, 0, ${V100_GPU_0_UUID}, 00000000:01:00.0, 892, 877, 32.39, 150.00, 55, 54, 4, 8934, P0, Not Active, Not Active, Not Active
2026/07/20 00:51:17.814, 1, ${V100_GPU_1_UUID}, 00000000:02:00.0, 892, 877, 30.30, 150.00, 53, 52, 3, 8934, P0, Not Active, Not Active, Not Active
2026/07/20 00:51:18.228, 0, ${V100_GPU_0_UUID}, 00000000:01:00.0, 892, 877, 32.37, 150.00, 55, 54, 0, 8934, P0, Not Active, Not Active, Not Active
2026/07/20 00:51:18.234, 1, ${V100_GPU_1_UUID}, 00000000:02:00.0, 892, 877, 30.28, 150.00, 53, 52, 0, 8934, P0, Not Active, Not Active, Not Active
2026/07/20 00:51:18.393, 0, ${V100_GPU_0_UUID}, 00000000:01:00.0, 892, 877, 32.39, 150.00, 55, 54, 1, 8934, P0, Not Active, Not Active, Not Active
2026/07/20 00:51:18.401, 1, ${V100_GPU_1_UUID}, 00000000:02:00.0, 892, 877, 30.30, 150.00, 53, 52, 1, 8934, P0, Not Active, Not Active, Not Active
2026/07/20 00:51:18.565, 0, ${V100_GPU_0_UUID}, 00000000:01:00.0, 892, 877, 32.39, 150.00, 55, 54, 2, 8934, P0, Not Active, Not Active, Not Active
2026/07/20 00:51:18.572, 1, ${V100_GPU_1_UUID}, 00000000:02:00.0, 892, 877, 30.30, 150.00, 53, 52, 3, 8934, P0, Not Active, Not Active, Not Active
2026/07/20 00:51:18.727, 0, ${V100_GPU_0_UUID}, 00000000:01:00.0, 892, 877, 32.39, 150.00, 55, 54, 2, 8934, P0, Not Active, Not Active, Not Active
2026/07/20 00:51:18.734, 1, ${V100_GPU_1_UUID}, 00000000:02:00.0, 892, 877, 30.30, 150.00, 53, 52, 3, 8934, P0, Not Active, Not Active, Not Active
2026/07/20 00:51:18.866, 0, ${V100_GPU_0_UUID}, 00000000:01:00.0, 892, 877, 32.39, 150.00, 55, 54, 3, 8934, P0, Not Active, Not Active, Not Active
2026/07/20 00:51:18.872, 1, ${V100_GPU_1_UUID}, 00000000:02:00.0, 892, 877, 30.30, 150.00, 53, 52, 2, 8934, P0, Not Active, Not Active, Not Active
2026/07/20 00:51:19.005, 0, ${V100_GPU_0_UUID}, 00000000:01:00.0, 892, 877, 32.39, 150.00, 55, 54, 3, 8934, P0, Not Active, Not Active, Not Active
2026/07/20 00:51:19.011, 1, ${V100_GPU_1_UUID}, 00000000:02:00.0, 892, 877, 30.30, 150.00, 53, 52, 2, 8934, P0, Not Active, Not Active, Not Active
2026/07/20 00:51:19.146, 0, ${V100_GPU_0_UUID}, 00000000:01:00.0, 892, 877, 32.39, 150.00, 55, 54, 2, 8934, P0, Not Active, Not Active, Not Active
2026/07/20 00:51:19.153, 1, ${V100_GPU_1_UUID}, 00000000:02:00.0, 892, 877, 30.30, 150.00, 53, 52, 2, 8934, P0, Not Active, Not Active, Not Active
2026/07/20 00:51:19.316, 0, ${V100_GPU_0_UUID}, 00000000:01:00.0, 892, 877, 32.39, 150.00, 55, 54, 3, 8934, P0, Not Active, Not Active, Not Active
2026/07/20 00:51:19.323, 1, ${V100_GPU_1_UUID}, 00000000:02:00.0, 892, 877, 30.30, 150.00, 53, 52, 3, 8934, P0, Not Active, Not Active, Not Active
2026/07/20 00:51:19.485, 0, ${V100_GPU_0_UUID}, 00000000:01:00.0, 892, 877, 32.39, 150.00, 55, 54, 2, 8934, P0, Not Active, Not Active, Not Active
2026/07/20 00:51:19.493, 1, ${V100_GPU_1_UUID}, 00000000:02:00.0, 892, 877, 30.30, 150.00, 53, 52, 3, 8934, P0, Not Active, Not Active, Not Active
2026/07/20 00:51:19.626, 0, ${V100_GPU_0_UUID}, 00000000:01:00.0, 892, 877, 32.37, 150.00, 55, 54, 3, 8934, P0, Not Active, Not Active, Not Active
2026/07/20 00:51:19.632, 1, ${V100_GPU_1_UUID}, 00000000:02:00.0, 892, 877, 30.28, 150.00, 53, 52, 2, 8934, P0, Not Active, Not Active, Not Active
2026/07/20 00:51:19.793, 0, ${V100_GPU_0_UUID}, 00000000:01:00.0, 892, 877, 32.39, 150.00, 55, 54, 3, 8934, P0, Not Active, Not Active, Not Active
2026/07/20 00:51:19.799, 1, ${V100_GPU_1_UUID}, 00000000:02:00.0, 892, 877, 30.30, 150.00, 53, 52, 4, 8934, P0, Not Active, Not Active, Not Active
2026/07/20 00:51:19.932, 0, ${V100_GPU_0_UUID}, 00000000:01:00.0, 892, 877, 32.37, 150.00, 55, 54, 3, 8934, P0, Not Active, Not Active, Not Active
2026/07/20 00:51:19.938, 1, ${V100_GPU_1_UUID}, 00000000:02:00.0, 892, 877, 30.28, 150.00, 53, 52, 2, 8934, P0, Not Active, Not Active, Not Active
2026/07/20 00:51:20.100, 0, ${V100_GPU_0_UUID}, 00000000:01:00.0, 892, 877, 32.39, 150.00, 55, 54, 3, 8934, P0, Not Active, Not Active, Not Active
2026/07/20 00:51:20.107, 1, ${V100_GPU_1_UUID}, 00000000:02:00.0, 892, 877, 30.30, 150.00, 53, 52, 2, 8934, P0, Not Active, Not Active, Not Active
2026/07/20 00:51:20.241, 0, ${V100_GPU_0_UUID}, 00000000:01:00.0, 892, 877, 32.39, 150.00, 55, 54, 3, 8934, P0, Not Active, Not Active, Not Active
2026/07/20 00:51:20.261, 1, ${V100_GPU_1_UUID}, 00000000:02:00.0, 892, 877, 30.30, 150.00, 53, 52, 3, 8934, P0, Not Active, Not Active, Not Active
2026/07/20 00:51:20.432, 0, ${V100_GPU_0_UUID}, 00000000:01:00.0, 892, 877, 32.37, 150.00, 55, 54, 2, 8934, P0, Not Active, Not Active, Not Active
2026/07/20 00:51:20.438, 1, ${V100_GPU_1_UUID}, 00000000:02:00.0, 892, 877, 30.28, 150.00, 53, 52, 3, 8934, P0, Not Active, Not Active, Not Active
2026/07/20 00:51:20.595, 0, ${V100_GPU_0_UUID}, 00000000:01:00.0, 892, 877, 32.39, 150.00, 55, 54, 3, 8934, P0, Not Active, Not Active, Not Active
2026/07/20 00:51:20.601, 1, ${V100_GPU_1_UUID}, 00000000:02:00.0, 892, 877, 30.30, 150.00, 53, 52, 2, 8934, P0, Not Active, Not Active, Not Active
2026/07/20 00:51:20.734, 0, ${V100_GPU_0_UUID}, 00000000:01:00.0, 892, 877, 32.37, 150.00, 55, 54, 3, 8934, P0, Not Active, Not Active, Not Active
2026/07/20 00:51:20.740, 1, ${V100_GPU_1_UUID}, 00000000:02:00.0, 892, 877, 30.28, 150.00, 53, 52, 2, 8934, P0, Not Active, Not Active, Not Active
2026/07/20 00:51:20.901, 0, ${V100_GPU_0_UUID}, 00000000:01:00.0, 892, 877, 32.39, 150.00, 55, 54, 2, 8934, P0, Not Active, Not Active, Not Active
2026/07/20 00:51:20.908, 1, ${V100_GPU_1_UUID}, 00000000:02:00.0, 892, 877, 30.30, 150.00, 53, 52, 2, 8934, P0, Not Active, Not Active, Not Active
2026/07/20 00:51:21.042, 0, ${V100_GPU_0_UUID}, 00000000:01:00.0, 892, 877, 32.37, 150.00, 55, 54, 2, 8934, P0, Not Active, Not Active, Not Active
2026/07/20 00:51:21.047, 1, ${V100_GPU_1_UUID}, 00000000:02:00.0, 892, 877, 30.30, 150.00, 53, 52, 3, 8934, P0, Not Active, Not Active, Not Active
2026/07/20 00:51:21.207, 0, ${V100_GPU_0_UUID}, 00000000:01:00.0, 892, 877, 32.39, 150.00, 55, 54, 3, 8934, P0, Not Active, Not Active, Not Active
2026/07/20 00:51:21.213, 1, ${V100_GPU_1_UUID}, 00000000:02:00.0, 892, 877, 30.30, 150.00, 53, 52, 3, 8934, P0, Not Active, Not Active, Not Active
2026/07/20 00:51:21.350, 0, ${V100_GPU_0_UUID}, 00000000:01:00.0, 892, 877, 32.39, 150.00, 55, 54, 2, 8934, P0, Not Active, Not Active, Not Active
2026/07/20 00:51:21.357, 1, ${V100_GPU_1_UUID}, 00000000:02:00.0, 892, 877, 30.30, 150.00, 53, 52, 2, 8934, P0, Not Active, Not Active, Not Active
2026/07/20 00:51:21.491, 0, ${V100_GPU_0_UUID}, 00000000:01:00.0, 892, 877, 32.37, 150.00, 55, 54, 3, 8934, P0, Not Active, Not Active, Not Active
2026/07/20 00:51:21.497, 1, ${V100_GPU_1_UUID}, 00000000:02:00.0, 892, 877, 30.28, 150.00, 53, 52, 2, 8934, P0, Not Active, Not Active, Not Active
2026/07/20 00:51:21.640, 0, ${V100_GPU_0_UUID}, 00000000:01:00.0, 892, 877, 32.39, 150.00, 55, 54, 3, 8934, P0, Not Active, Not Active, Not Active
2026/07/20 00:51:21.651, 1, ${V100_GPU_1_UUID}, 00000000:02:00.0, 892, 877, 30.30, 150.00, 53, 52, 1, 8934, P0, Not Active, Not Active, Not Active
2026/07/20 00:51:21.787, 0, ${V100_GPU_0_UUID}, 00000000:01:00.0, 892, 877, 32.35, 150.00, 55, 54, 3, 8934, P0, Not Active, Not Active, Not Active
2026/07/20 00:51:21.793, 1, ${V100_GPU_1_UUID}, 00000000:02:00.0, 892, 877, 30.26, 150.00, 53, 52, 3, 8934, P0, Not Active, Not Active, Not Active
2026/07/20 00:51:21.925, 0, ${V100_GPU_0_UUID}, 00000000:01:00.0, 892, 877, 32.35, 150.00, 55, 54, 3, 8934, P0, Not Active, Not Active, Not Active
2026/07/20 00:51:21.931, 1, ${V100_GPU_1_UUID}, 00000000:02:00.0, 892, 877, 30.28, 150.00, 53, 52, 3, 8934, P0, Not Active, Not Active, Not Active
2026/07/20 00:51:22.066, 0, ${V100_GPU_0_UUID}, 00000000:01:00.0, 892, 877, 32.35, 150.00, 55, 54, 3, 8934, P0, Not Active, Not Active, Not Active
2026/07/20 00:51:22.071, 1, ${V100_GPU_1_UUID}, 00000000:02:00.0, 892, 877, 30.28, 150.00, 53, 52, 4, 8934, P0, Not Active, Not Active, Not Active
2026/07/20 00:51:22.206, 0, ${V100_GPU_0_UUID}, 00000000:01:00.0, 892, 877, 32.37, 150.00, 55, 54, 3, 8934, P0, Not Active, Not Active, Not Active
2026/07/20 00:51:22.212, 1, ${V100_GPU_1_UUID}, 00000000:02:00.0, 892, 877, 30.28, 150.00, 53, 52, 2, 8934, P0, Not Active, Not Active, Not Active
2026/07/20 00:51:22.345, 0, ${V100_GPU_0_UUID}, 00000000:01:00.0, 892, 877, 32.35, 150.00, 55, 54, 4, 8934, P0, Not Active, Not Active, Not Active
2026/07/20 00:51:22.350, 1, ${V100_GPU_1_UUID}, 00000000:02:00.0, 892, 877, 30.28, 150.00, 53, 52, 2, 8934, P0, Not Active, Not Active, Not Active
2026/07/20 00:51:22.483, 0, ${V100_GPU_0_UUID}, 00000000:01:00.0, 892, 877, 32.37, 150.00, 55, 54, 3, 8934, P0, Not Active, Not Active, Not Active
2026/07/20 00:51:22.489, 1, ${V100_GPU_1_UUID}, 00000000:02:00.0, 892, 877, 30.28, 150.00, 53, 52, 4, 8934, P0, Not Active, Not Active, Not Active
2026/07/20 00:51:22.621, 0, ${V100_GPU_0_UUID}, 00000000:01:00.0, 892, 877, 32.35, 150.00, 55, 54, 2, 8934, P0, Not Active, Not Active, Not Active
2026/07/20 00:51:22.627, 1, ${V100_GPU_1_UUID}, 00000000:02:00.0, 892, 877, 30.28, 150.00, 53, 52, 3, 8934, P0, Not Active, Not Active, Not Active
2026/07/20 00:51:22.759, 0, ${V100_GPU_0_UUID}, 00000000:01:00.0, 892, 877, 32.39, 150.00, 55, 54, 2, 8934, P0, Not Active, Not Active, Not Active
2026/07/20 00:51:22.764, 1, ${V100_GPU_1_UUID}, 00000000:02:00.0, 892, 877, 30.30, 150.00, 53, 52, 2, 8934, P0, Not Active, Not Active, Not Active
2026/07/20 00:51:22.899, 0, ${V100_GPU_0_UUID}, 00000000:01:00.0, 892, 877, 32.39, 150.00, 55, 54, 4, 8934, P0, Not Active, Not Active, Not Active
2026/07/20 00:51:22.906, 1, ${V100_GPU_1_UUID}, 00000000:02:00.0, 892, 877, 30.30, 150.00, 53, 52, 5, 8934, P0, Not Active, Not Active, Not Active
2026/07/20 00:51:23.069, 0, ${V100_GPU_0_UUID}, 00000000:01:00.0, 892, 877, 32.39, 150.00, 55, 54, 2, 8934, P0, Not Active, Not Active, Not Active
2026/07/20 00:51:23.076, 1, ${V100_GPU_1_UUID}, 00000000:02:00.0, 892, 877, 30.30, 150.00, 53, 52, 2, 8934, P0, Not Active, Not Active, Not Active
2026/07/20 00:51:23.224, 0, ${V100_GPU_0_UUID}, 00000000:01:00.0, 892, 877, 32.39, 150.00, 55, 54, 3, 8934, P0, Not Active, Not Active, Not Active
2026/07/20 00:51:23.235, 1, ${V100_GPU_1_UUID}, 00000000:02:00.0, 892, 877, 30.30, 150.00, 53, 52, 3, 8934, P0, Not Active, Not Active, Not Active
2026/07/20 00:51:23.384, 0, ${V100_GPU_0_UUID}, 00000000:01:00.0, 892, 877, 32.37, 150.00, 55, 54, 3, 8934, P0, Not Active, Not Active, Not Active
2026/07/20 00:51:23.391, 1, ${V100_GPU_1_UUID}, 00000000:02:00.0, 892, 877, 29.80, 150.00, 53, 52, 3, 8934, P0, Not Active, Not Active, Not Active
2026/07/20 00:51:23.553, 0, ${V100_GPU_0_UUID}, 00000000:01:00.0, 892, 877, 32.39, 150.00, 55, 54, 2, 8934, P0, Not Active, Not Active, Not Active
2026/07/20 00:51:23.561, 1, ${V100_GPU_1_UUID}, 00000000:02:00.0, 892, 877, 30.30, 150.00, 53, 52, 3, 8934, P0, Not Active, Not Active, Not Active
2026/07/20 00:51:23.703, 0, ${V100_GPU_0_UUID}, 00000000:01:00.0, 892, 877, 32.37, 150.00, 55, 54, 3, 8934, P0, Not Active, Not Active, Not Active
2026/07/20 00:51:23.708, 1, ${V100_GPU_1_UUID}, 00000000:02:00.0, 892, 877, 30.28, 150.00, 53, 52, 2, 8934, P0, Not Active, Not Active, Not Active
2026/07/20 00:51:23.870, 0, ${V100_GPU_0_UUID}, 00000000:01:00.0, 892, 877, 32.39, 150.00, 55, 54, 4, 8934, P0, Not Active, Not Active, Not Active
2026/07/20 00:51:23.878, 1, ${V100_GPU_1_UUID}, 00000000:02:00.0, 892, 877, 30.30, 150.00, 53, 52, 3, 8934, P0, Not Active, Not Active, Not Active
2026/07/20 00:51:24.012, 0, ${V100_GPU_0_UUID}, 00000000:01:00.0, 892, 877, 32.37, 150.00, 55, 54, 2, 8934, P0, Not Active, Not Active, Not Active
2026/07/20 00:51:24.017, 1, ${V100_GPU_1_UUID}, 00000000:02:00.0, 892, 877, 30.30, 150.00, 53, 52, 3, 8934, P0, Not Active, Not Active, Not Active
2026/07/20 00:51:24.160, 0, ${V100_GPU_0_UUID}, 00000000:01:00.0, 892, 877, 32.39, 150.00, 55, 54, 2, 8934, P0, Not Active, Not Active, Not Active
2026/07/20 00:51:24.166, 1, ${V100_GPU_1_UUID}, 00000000:02:00.0, 892, 877, 30.30, 150.00, 53, 52, 3, 8934, P0, Not Active, Not Active, Not Active
2026/07/20 00:51:24.300, 0, ${V100_GPU_0_UUID}, 00000000:01:00.0, 892, 877, 32.41, 150.00, 55, 54, 3, 8934, P0, Not Active, Not Active, Not Active
2026/07/20 00:51:24.321, 1, ${V100_GPU_1_UUID}, 00000000:02:00.0, 892, 877, 30.32, 150.00, 53, 52, 2, 8934, P0, Not Active, Not Active, Not Active
2026/07/20 00:51:24.491, 0, ${V100_GPU_0_UUID}, 00000000:01:00.0, 892, 877, 32.39, 150.00, 55, 54, 3, 8934, P0, Not Active, Not Active, Not Active
2026/07/20 00:51:24.497, 1, ${V100_GPU_1_UUID}, 00000000:02:00.0, 892, 877, 30.28, 150.00, 53, 52, 4, 8934, P0, Not Active, Not Active, Not Active
2026/07/20 00:51:24.645, 0, ${V100_GPU_0_UUID}, 00000000:01:00.0, 892, 877, 32.39, 150.00, 55, 54, 3, 8934, P0, Not Active, Not Active, Not Active
2026/07/20 00:51:24.656, 1, ${V100_GPU_1_UUID}, 00000000:02:00.0, 892, 877, 30.30, 150.00, 53, 52, 2, 8934, P0, Not Active, Not Active, Not Active
2026/07/20 00:51:24.793, 0, ${V100_GPU_0_UUID}, 00000000:01:00.0, 892, 877, 32.37, 150.00, 55, 54, 2, 8934, P0, Not Active, Not Active, Not Active
2026/07/20 00:51:24.799, 1, ${V100_GPU_1_UUID}, 00000000:02:00.0, 892, 877, 30.28, 150.00, 53, 52, 3, 8934, P0, Not Active, Not Active, Not Active
2026/07/20 00:51:24.963, 0, ${V100_GPU_0_UUID}, 00000000:01:00.0, 892, 877, 32.39, 150.00, 55, 54, 2, 8934, P0, Not Active, Not Active, Not Active
2026/07/20 00:51:24.971, 1, ${V100_GPU_1_UUID}, 00000000:02:00.0, 892, 877, 30.30, 150.00, 53, 52, 3, 8934, P0, Not Active, Not Active, Not Active
2026/07/20 00:51:25.105, 0, ${V100_GPU_0_UUID}, 00000000:01:00.0, 892, 877, 32.39, 150.00, 55, 54, 2, 8934, P0, Not Active, Not Active, Not Active
2026/07/20 00:51:25.111, 1, ${V100_GPU_1_UUID}, 00000000:02:00.0, 892, 877, 29.82, 150.00, 53, 52, 2, 8934, P0, Not Active, Not Active, Not Active
2026/07/20 00:51:25.272, 0, ${V100_GPU_0_UUID}, 00000000:01:00.0, 892, 877, 32.39, 150.00, 55, 54, 3, 8934, P0, Not Active, Not Active, Not Active
2026/07/20 00:51:25.279, 1, ${V100_GPU_1_UUID}, 00000000:02:00.0, 892, 877, 30.30, 150.00, 53, 52, 5, 8934, P0, Not Active, Not Active, Not Active
2026/07/20 00:51:25.423, 0, ${V100_GPU_0_UUID}, 00000000:01:00.0, 892, 877, 32.39, 150.00, 55, 54, 3, 8934, P0, Not Active, Not Active, Not Active
2026/07/20 00:51:25.433, 1, ${V100_GPU_1_UUID}, 00000000:02:00.0, 892, 877, 30.30, 150.00, 53, 52, 2, 8934, P0, Not Active, Not Active, Not Active
2026/07/20 00:51:25.581, 0, ${V100_GPU_0_UUID}, 00000000:01:00.0, 892, 877, 32.37, 150.00, 55, 54, 4, 8934, P0, Not Active, Not Active, Not Active
2026/07/20 00:51:25.587, 1, ${V100_GPU_1_UUID}, 00000000:02:00.0, 892, 877, 30.28, 150.00, 53, 52, 3, 8934, P0, Not Active, Not Active, Not Active
2026/07/20 00:51:25.730, 0, ${V100_GPU_0_UUID}, 00000000:01:00.0, 892, 877, 32.39, 150.00, 55, 54, 3, 8934, P0, Not Active, Not Active, Not Active
2026/07/20 00:51:25.740, 1, ${V100_GPU_1_UUID}, 00000000:02:00.0, 892, 877, 30.30, 150.00, 53, 52, 3, 8934, P0, Not Active, Not Active, Not Active
2026/07/20 00:51:25.878, 0, ${V100_GPU_0_UUID}, 00000000:01:00.0, 892, 877, 32.37, 150.00, 55, 54, 2, 8934, P0, Not Active, Not Active, Not Active
2026/07/20 00:51:25.884, 1, ${V100_GPU_1_UUID}, 00000000:02:00.0, 892, 877, 30.28, 150.00, 53, 52, 0, 8934, P0, Not Active, Not Active, Not Active
2026/07/20 00:51:26.046, 0, ${V100_GPU_0_UUID}, 00000000:01:00.0, 892, 877, 32.39, 150.00, 55, 54, 3, 8934, P0, Not Active, Not Active, Not Active
2026/07/20 00:51:26.054, 1, ${V100_GPU_1_UUID}, 00000000:02:00.0, 892, 877, 30.30, 150.00, 53, 52, 6, 8934, P0, Not Active, Not Active, Not Active
2026/07/20 00:51:26.191, 0, ${V100_GPU_0_UUID}, 00000000:01:00.0, 892, 877, 32.39, 150.00, 55, 54, 3, 8934, P0, Not Active, Not Active, Not Active
2026/07/20 00:51:26.211, 1, ${V100_GPU_1_UUID}, 00000000:02:00.0, 892, 877, 30.30, 150.00, 53, 52, 1, 8934, P0, Not Active, Not Active, Not Active
2026/07/20 00:51:26.361, 0, ${V100_GPU_0_UUID}, 00000000:01:00.0, 892, 877, 32.37, 150.00, 55, 54, 3, 8934, P0, Not Active, Not Active, Not Active
2026/07/20 00:51:26.367, 1, ${V100_GPU_1_UUID}, 00000000:02:00.0, 892, 877, 30.28, 150.00, 53, 52, 1, 8934, P0, Not Active, Not Active, Not Active
2026/07/20 00:51:26.530, 0, ${V100_GPU_0_UUID}, 00000000:01:00.0, 892, 877, 32.39, 150.00, 55, 54, 3, 8934, P0, Not Active, Not Active, Not Active
2026/07/20 00:51:26.537, 1, ${V100_GPU_1_UUID}, 00000000:02:00.0, 892, 877, 30.30, 150.00, 53, 52, 3, 8934, P0, Not Active, Not Active, Not Active
2026/07/20 00:51:26.680, 0, ${V100_GPU_0_UUID}, 00000000:01:00.0, 892, 877, 32.39, 150.00, 55, 54, 2, 8934, P0, Not Active, Not Active, Not Active
2026/07/20 00:51:26.689, 1, ${V100_GPU_1_UUID}, 00000000:02:00.0, 892, 877, 30.32, 150.00, 53, 52, 3, 8934, P0, Not Active, Not Active, Not Active
2026/07/20 00:51:26.849, 0, ${V100_GPU_0_UUID}, 00000000:01:00.0, 892, 877, 32.39, 150.00, 55, 54, 3, 8934, P0, Not Active, Not Active, Not Active
2026/07/20 00:51:26.854, 1, ${V100_GPU_1_UUID}, 00000000:02:00.0, 892, 877, 30.30, 150.00, 53, 52, 3, 8934, P0, Not Active, Not Active, Not Active
2026/07/20 00:51:26.987, 0, ${V100_GPU_0_UUID}, 00000000:01:00.0, 892, 877, 32.39, 150.00, 55, 54, 2, 8934, P0, Not Active, Not Active, Not Active
2026/07/20 00:51:26.993, 1, ${V100_GPU_1_UUID}, 00000000:02:00.0, 892, 877, 30.30, 150.00, 53, 52, 3, 8934, P0, Not Active, Not Active, Not Active
2026/07/20 00:51:27.141, 0, ${V100_GPU_0_UUID}, 00000000:01:00.0, 892, 877, 32.39, 150.00, 55, 54, 4, 8934, P0, Not Active, Not Active, Not Active
2026/07/20 00:51:27.152, 1, ${V100_GPU_1_UUID}, 00000000:02:00.0, 892, 877, 30.30, 150.00, 53, 52, 2, 8934, P0, Not Active, Not Active, Not Active
2026/07/20 00:51:27.303, 0, ${V100_GPU_0_UUID}, 00000000:01:00.0, 892, 877, 32.39, 150.00, 55, 54, 3, 8934, P0, Not Active, Not Active, Not Active
2026/07/20 00:51:27.309, 1, ${V100_GPU_1_UUID}, 00000000:02:00.0, 892, 877, 30.30, 150.00, 53, 52, 3, 8934, P0, Not Active, Not Active, Not Active
2026/07/20 00:51:27.455, 0, ${V100_GPU_0_UUID}, 00000000:01:00.0, 892, 877, 32.37, 150.00, 55, 54, 3, 8934, P0, Not Active, Not Active, Not Active
2026/07/20 00:51:27.462, 1, ${V100_GPU_1_UUID}, 00000000:02:00.0, 892, 877, 30.28, 150.00, 53, 52, 3, 8934, P0, Not Active, Not Active, Not Active
2026/07/20 00:51:27.600, 0, ${V100_GPU_0_UUID}, 00000000:01:00.0, 892, 877, 32.39, 150.00, 55, 54, 2, 8934, P0, Not Active, Not Active, Not Active
2026/07/20 00:51:27.608, 1, ${V100_GPU_1_UUID}, 00000000:02:00.0, 892, 877, 30.30, 150.00, 53, 52, 3, 8934, P0, Not Active, Not Active, Not Active
2026/07/20 00:51:27.745, 0, ${V100_GPU_0_UUID}, 00000000:01:00.0, 892, 877, 32.37, 150.00, 55, 54, 3, 8934, P0, Not Active, Not Active, Not Active
2026/07/20 00:51:27.751, 1, ${V100_GPU_1_UUID}, 00000000:02:00.0, 892, 877, 30.28, 150.00, 53, 52, 2, 8934, P0, Not Active, Not Active, Not Active
2026/07/20 00:51:27.891, 0, ${V100_GPU_0_UUID}, 00000000:01:00.0, 892, 877, 32.37, 150.00, 55, 54, 3, 8934, P0, Not Active, Not Active, Not Active
2026/07/20 00:51:27.897, 1, ${V100_GPU_1_UUID}, 00000000:02:00.0, 892, 877, 30.30, 150.00, 53, 52, 1, 8934, P0, Not Active, Not Active, Not Active
2026/07/20 00:51:28.039, 0, ${V100_GPU_0_UUID}, 00000000:01:00.0, 892, 877, 32.37, 150.00, 55, 54, 3, 8934, P0, Not Active, Not Active, Not Active
2026/07/20 00:51:28.045, 1, ${V100_GPU_1_UUID}, 00000000:02:00.0, 892, 877, 30.28, 150.00, 53, 52, 1, 8934, P0, Not Active, Not Active, Not Active
2026/07/20 00:51:28.222, 0, ${V100_GPU_0_UUID}, 00000000:01:00.0, 892, 877, 32.35, 150.00, 55, 54, 0, 8934, P0, Not Active, Not Active, Not Active
2026/07/20 00:51:28.228, 1, ${V100_GPU_1_UUID}, 00000000:02:00.0, 892, 877, 30.28, 150.00, 53, 52, 3, 8934, P0, Not Active, Not Active, Not Active
2026/07/20 00:51:28.387, 0, ${V100_GPU_0_UUID}, 00000000:01:00.0, 892, 877, 32.39, 150.00, 55, 54, 2, 8934, P0, Not Active, Not Active, Not Active
2026/07/20 00:51:28.394, 1, ${V100_GPU_1_UUID}, 00000000:02:00.0, 892, 877, 30.30, 150.00, 53, 52, 1, 8934, P0, Not Active, Not Active, Not Active
2026/07/20 00:51:28.533, 0, ${V100_GPU_0_UUID}, 00000000:01:00.0, 892, 877, 32.39, 150.00, 55, 54, 1, 8934, P0, Not Active, Not Active, Not Active
2026/07/20 00:51:28.541, 1, ${V100_GPU_1_UUID}, 00000000:02:00.0, 892, 877, 30.30, 150.00, 53, 52, 1, 8934, P0, Not Active, Not Active, Not Active
2026/07/20 00:51:28.698, 0, ${V100_GPU_0_UUID}, 00000000:01:00.0, 892, 877, 32.39, 150.00, 55, 54, 3, 8934, P0, Not Active, Not Active, Not Active
2026/07/20 00:51:28.709, 1, ${V100_GPU_1_UUID}, 00000000:02:00.0, 892, 877, 30.30, 150.00, 53, 52, 2, 8934, P0, Not Active, Not Active, Not Active
2026/07/20 00:51:28.846, 0, ${V100_GPU_0_UUID}, 00000000:01:00.0, 892, 877, 32.39, 150.00, 55, 54, 2, 8934, P0, Not Active, Not Active, Not Active
2026/07/20 00:51:28.852, 1, ${V100_GPU_1_UUID}, 00000000:02:00.0, 892, 877, 30.30, 150.00, 53, 52, 4, 8934, P0, Not Active, Not Active, Not Active
2026/07/20 00:51:28.992, 0, ${V100_GPU_0_UUID}, 00000000:01:00.0, 892, 877, 32.37, 150.00, 55, 54, 4, 8934, P0, Not Active, Not Active, Not Active
2026/07/20 00:51:28.998, 1, ${V100_GPU_1_UUID}, 00000000:02:00.0, 892, 877, 30.28, 150.00, 53, 52, 3, 8934, P0, Not Active, Not Active, Not Active
2026/07/20 00:51:29.130, 0, ${V100_GPU_0_UUID}, 00000000:01:00.0, 892, 877, 32.37, 150.00, 55, 54, 4, 8934, P0, Not Active, Not Active, Not Active
2026/07/20 00:51:29.136, 1, ${V100_GPU_1_UUID}, 00000000:02:00.0, 892, 877, 30.30, 150.00, 53, 52, 2, 8934, P0, Not Active, Not Active, Not Active
2026/07/20 00:51:29.276, 0, ${V100_GPU_0_UUID}, 00000000:01:00.0, 892, 877, 32.37, 150.00, 55, 54, 2, 8934, P0, Not Active, Not Active, Not Active
2026/07/20 00:51:29.282, 1, ${V100_GPU_1_UUID}, 00000000:02:00.0, 892, 877, 30.28, 150.00, 53, 52, 2, 8934, P0, Not Active, Not Active, Not Active
2026/07/20 00:51:29.415, 0, ${V100_GPU_0_UUID}, 00000000:01:00.0, 892, 877, 32.37, 150.00, 55, 54, 2, 8934, P0, Not Active, Not Active, Not Active
2026/07/20 00:51:29.420, 1, ${V100_GPU_1_UUID}, 00000000:02:00.0, 892, 877, 30.28, 150.00, 53, 52, 3, 8934, P0, Not Active, Not Active, Not Active
2026/07/20 00:51:29.553, 0, ${V100_GPU_0_UUID}, 00000000:01:00.0, 892, 877, 32.37, 150.00, 55, 54, 3, 8934, P0, Not Active, Not Active, Not Active
2026/07/20 00:51:29.559, 1, ${V100_GPU_1_UUID}, 00000000:02:00.0, 892, 877, 30.28, 150.00, 53, 52, 4, 8934, P0, Not Active, Not Active, Not Active
2026/07/20 00:51:29.691, 0, ${V100_GPU_0_UUID}, 00000000:01:00.0, 892, 877, 32.37, 150.00, 55, 54, 2, 8934, P0, Not Active, Not Active, Not Active
2026/07/20 00:51:29.696, 1, ${V100_GPU_1_UUID}, 00000000:02:00.0, 892, 877, 30.28, 150.00, 53, 52, 4, 8934, P0, Not Active, Not Active, Not Active
2026/07/20 00:51:29.829, 0, ${V100_GPU_0_UUID}, 00000000:01:00.0, 892, 877, 32.37, 150.00, 55, 54, 3, 8934, P0, Not Active, Not Active, Not Active
2026/07/20 00:51:29.835, 1, ${V100_GPU_1_UUID}, 00000000:02:00.0, 892, 877, 30.28, 150.00, 53, 52, 2, 8934, P0, Not Active, Not Active, Not Active
2026/07/20 00:51:29.968, 0, ${V100_GPU_0_UUID}, 00000000:01:00.0, 892, 877, 32.37, 150.00, 55, 54, 3, 8934, P0, Not Active, Not Active, Not Active
2026/07/20 00:51:29.973, 1, ${V100_GPU_1_UUID}, 00000000:02:00.0, 892, 877, 30.28, 150.00, 53, 52, 1, 8934, P0, Not Active, Not Active, Not Active
2026/07/20 00:51:30.107, 0, ${V100_GPU_0_UUID}, 00000000:01:00.0, 892, 877, 32.37, 150.00, 55, 54, 2, 8934, P0, Not Active, Not Active, Not Active
2026/07/20 00:51:30.113, 1, ${V100_GPU_1_UUID}, 00000000:02:00.0, 892, 877, 30.28, 150.00, 53, 52, 3, 8934, P0, Not Active, Not Active, Not Active
2026/07/20 00:51:30.246, 0, ${V100_GPU_0_UUID}, 00000000:01:00.0, 892, 877, 32.37, 150.00, 55, 54, 3, 8934, P0, Not Active, Not Active, Not Active
2026/07/20 00:51:30.251, 1, ${V100_GPU_1_UUID}, 00000000:02:00.0, 892, 877, 30.28, 150.00, 53, 52, 3, 8934, P0, Not Active, Not Active, Not Active
2026/07/20 00:51:30.385, 0, ${V100_GPU_0_UUID}, 00000000:01:00.0, 892, 877, 32.37, 150.00, 55, 54, 2, 8934, P0, Not Active, Not Active, Not Active
2026/07/20 00:51:30.391, 1, ${V100_GPU_1_UUID}, 00000000:02:00.0, 892, 877, 29.80, 150.00, 53, 52, 0, 8934, P0, Not Active, Not Active, Not Active
2026/07/20 00:51:30.523, 0, ${V100_GPU_0_UUID}, 00000000:01:00.0, 892, 877, 32.37, 150.00, 55, 54, 2, 8934, P0, Not Active, Not Active, Not Active
2026/07/20 00:51:30.529, 1, ${V100_GPU_1_UUID}, 00000000:02:00.0, 892, 877, 30.28, 150.00, 53, 52, 0, 8934, P0, Not Active, Not Active, Not Active
2026/07/20 00:51:30.662, 0, ${V100_GPU_0_UUID}, 00000000:01:00.0, 892, 877, 32.37, 150.00, 55, 54, 3, 8934, P0, Not Active, Not Active, Not Active
2026/07/20 00:51:30.668, 1, ${V100_GPU_1_UUID}, 00000000:02:00.0, 892, 877, 30.28, 150.00, 53, 52, 6, 8934, P0, Not Active, Not Active, Not Active
2026/07/20 00:51:30.810, 0, ${V100_GPU_0_UUID}, 00000000:01:00.0, 892, 877, 32.39, 150.00, 55, 54, 6, 8934, P0, Not Active, Not Active, Not Active
2026/07/20 00:51:30.819, 1, ${V100_GPU_1_UUID}, 00000000:02:00.0, 892, 877, 30.32, 150.00, 53, 52, 3, 8934, P0, Not Active, Not Active, Not Active
2026/07/20 00:51:30.954, 0, ${V100_GPU_0_UUID}, 00000000:01:00.0, 892, 877, 32.39, 150.00, 55, 54, 6, 8934, P0, Not Active, Not Active, Not Active
2026/07/20 00:51:30.960, 1, ${V100_GPU_1_UUID}, 00000000:02:00.0, 892, 877, 30.30, 150.00, 53, 52, 5, 8934, P0, Not Active, Not Active, Not Active
2026/07/20 00:51:31.092, 0, ${V100_GPU_0_UUID}, 00000000:01:00.0, 892, 877, 32.39, 150.00, 55, 54, 2, 8934, P0, Not Active, Not Active, Not Active
2026/07/20 00:51:31.098, 1, ${V100_GPU_1_UUID}, 00000000:02:00.0, 892, 877, 30.30, 150.00, 53, 52, 4, 8934, P0, Not Active, Not Active, Not Active
2026/07/20 00:51:31.230, 0, ${V100_GPU_0_UUID}, 00000000:01:00.0, 892, 877, 32.39, 150.00, 55, 54, 3, 8934, P0, Not Active, Not Active, Not Active
2026/07/20 00:51:31.235, 1, ${V100_GPU_1_UUID}, 00000000:02:00.0, 892, 877, 30.30, 150.00, 53, 52, 4, 8934, P0, Not Active, Not Active, Not Active
2026/07/20 00:51:31.386, 0, ${V100_GPU_0_UUID}, 00000000:01:00.0, 892, 877, 32.37, 150.00, 55, 54, 5, 8934, P0, Not Active, Not Active, Not Active
2026/07/20 00:51:31.394, 1, ${V100_GPU_1_UUID}, 00000000:02:00.0, 892, 877, 30.28, 150.00, 53, 52, 5, 8934, P0, Not Active, Not Active, Not Active
2026/07/20 00:51:31.555, 0, ${V100_GPU_0_UUID}, 00000000:01:00.0, 892, 877, 32.39, 150.00, 55, 54, 4, 8934, P0, Not Active, Not Active, Not Active
2026/07/20 00:51:31.564, 1, ${V100_GPU_1_UUID}, 00000000:02:00.0, 892, 877, 30.32, 150.00, 53, 52, 5, 8934, P0, Not Active, Not Active, Not Active
2026/07/20 00:51:31.698, 0, ${V100_GPU_0_UUID}, 00000000:01:00.0, 892, 877, 32.37, 150.00, 55, 54, 6, 8934, P0, Not Active, Not Active, Not Active
2026/07/20 00:51:31.704, 1, ${V100_GPU_1_UUID}, 00000000:02:00.0, 892, 877, 30.28, 150.00, 53, 52, 5, 8934, P0, Not Active, Not Active, Not Active
2026/07/20 00:51:31.857, 0, ${V100_GPU_0_UUID}, 00000000:01:00.0, 892, 877, 32.37, 150.00, 55, 54, 6, 8934, P0, Not Active, Not Active, Not Active
2026/07/20 00:51:31.862, 1, ${V100_GPU_1_UUID}, 00000000:02:00.0, 892, 877, 30.28, 150.00, 53, 52, 5, 8934, P0, Not Active, Not Active, Not Active
2026/07/20 00:51:31.995, 0, ${V100_GPU_0_UUID}, 00000000:01:00.0, 892, 877, 32.37, 150.00, 55, 54, 1, 8934, P0, Not Active, Not Active, Not Active
2026/07/20 00:51:32.001, 1, ${V100_GPU_1_UUID}, 00000000:02:00.0, 892, 877, 30.30, 150.00, 53, 52, 4, 8934, P0, Not Active, Not Active, Not Active
2026/07/20 00:51:32.134, 0, ${V100_GPU_0_UUID}, 00000000:01:00.0, 892, 877, 32.37, 150.00, 55, 54, 1, 8934, P0, Not Active, Not Active, Not Active
2026/07/20 00:51:32.139, 1, ${V100_GPU_1_UUID}, 00000000:02:00.0, 892, 877, 30.28, 150.00, 53, 52, 2, 8934, P0, Not Active, Not Active, Not Active
2026/07/20 00:51:32.285, 0, ${V100_GPU_0_UUID}, 00000000:01:00.0, 892, 877, 32.39, 150.00, 55, 54, 3, 8934, P0, Not Active, Not Active, Not Active
2026/07/20 00:51:32.295, 1, ${V100_GPU_1_UUID}, 00000000:02:00.0, 892, 877, 30.30, 150.00, 53, 52, 5, 8934, P0, Not Active, Not Active, Not Active
2026/07/20 00:51:32.433, 0, ${V100_GPU_0_UUID}, 00000000:01:00.0, 892, 877, 32.35, 150.00, 55, 54, 3, 8934, P0, Not Active, Not Active, Not Active
2026/07/20 00:51:32.438, 1, ${V100_GPU_1_UUID}, 00000000:02:00.0, 892, 877, 30.28, 150.00, 53, 52, 1, 8934, P0, Not Active, Not Active, Not Active
2026/07/20 00:51:32.573, 0, ${V100_GPU_0_UUID}, 00000000:01:00.0, 892, 877, 32.37, 150.00, 55, 54, 2, 8934, P0, Not Active, Not Active, Not Active
2026/07/20 00:51:32.579, 1, ${V100_GPU_1_UUID}, 00000000:02:00.0, 892, 877, 30.28, 150.00, 53, 52, 1, 8934, P0, Not Active, Not Active, Not Active
2026/07/20 00:51:32.713, 0, ${V100_GPU_0_UUID}, 00000000:01:00.0, 892, 877, 32.37, 150.00, 55, 54, 2, 8934, P0, Not Active, Not Active, Not Active
2026/07/20 00:51:32.719, 1, ${V100_GPU_1_UUID}, 00000000:02:00.0, 892, 877, 30.28, 150.00, 53, 52, 1, 8934, P0, Not Active, Not Active, Not Active
2026/07/20 00:51:32.853, 0, ${V100_GPU_0_UUID}, 00000000:01:00.0, 892, 877, 32.35, 150.00, 55, 54, 1, 8934, P0, Not Active, Not Active, Not Active
2026/07/20 00:51:32.859, 1, ${V100_GPU_1_UUID}, 00000000:02:00.0, 892, 877, 30.28, 150.00, 53, 52, 2, 8934, P0, Not Active, Not Active, Not Active
2026/07/20 00:51:32.994, 0, ${V100_GPU_0_UUID}, 00000000:01:00.0, 892, 877, 32.37, 150.00, 55, 54, 2, 8934, P0, Not Active, Not Active, Not Active
2026/07/20 00:51:33.000, 1, ${V100_GPU_1_UUID}, 00000000:02:00.0, 892, 877, 30.28, 150.00, 53, 52, 1, 8934, P0, Not Active, Not Active, Not Active
2026/07/20 00:51:33.162, 0, ${V100_GPU_0_UUID}, 00000000:01:00.0, 892, 877, 32.39, 150.00, 55, 54, 0, 8934, P0, Not Active, Not Active, Not Active
2026/07/20 00:51:33.168, 1, ${V100_GPU_1_UUID}, 00000000:02:00.0, 892, 877, 30.30, 150.00, 53, 52, 2, 8934, P0, Not Active, Not Active, Not Active
2026/07/20 00:51:33.303, 0, ${V100_GPU_0_UUID}, 00000000:01:00.0, 892, 877, 32.37, 150.00, 55, 54, 0, 8934, P0, Not Active, Not Active, Not Active
2026/07/20 00:51:33.308, 1, ${V100_GPU_1_UUID}, 00000000:02:00.0, 892, 877, 30.28, 150.00, 53, 52, 1, 8934, P0, Not Active, Not Active, Not Active
2026/07/20 00:51:33.444, 0, ${V100_GPU_0_UUID}, 00000000:01:00.0, 892, 877, 32.37, 150.00, 55, 54, 1, 8934, P0, Not Active, Not Active, Not Active
2026/07/20 00:51:33.451, 1, ${V100_GPU_1_UUID}, 00000000:02:00.0, 892, 877, 30.28, 150.00, 53, 52, 0, 8934, P0, Not Active, Not Active, Not Active
2026/07/20 00:51:33.588, 0, ${V100_GPU_0_UUID}, 00000000:01:00.0, 892, 877, 32.37, 150.00, 55, 54, 1, 8934, P0, Not Active, Not Active, Not Active
2026/07/20 00:51:33.594, 1, ${V100_GPU_1_UUID}, 00000000:02:00.0, 892, 877, 30.30, 150.00, 53, 52, 3, 8934, P0, Not Active, Not Active, Not Active
2026/07/20 00:51:33.742, 0, ${V100_GPU_0_UUID}, 00000000:01:00.0, 892, 877, 32.37, 150.00, 55, 54, 2, 8934, P0, Not Active, Not Active, Not Active
2026/07/20 00:51:33.749, 1, ${V100_GPU_1_UUID}, 00000000:02:00.0, 892, 877, 30.28, 150.00, 53, 52, 2, 8934, P0, Not Active, Not Active, Not Active
2026/07/20 00:51:33.884, 0, ${V100_GPU_0_UUID}, 00000000:01:00.0, 892, 877, 32.37, 150.00, 55, 54, 1, 8934, P0, Not Active, Not Active, Not Active
2026/07/20 00:51:33.890, 1, ${V100_GPU_1_UUID}, 00000000:02:00.0, 892, 877, 30.28, 150.00, 53, 52, 2, 8934, P0, Not Active, Not Active, Not Active
2026/07/20 00:51:34.042, 0, ${V100_GPU_0_UUID}, 00000000:01:00.0, 892, 877, 32.37, 150.00, 55, 54, 2, 8934, P0, Not Active, Not Active, Not Active
2026/07/20 00:51:34.048, 1, ${V100_GPU_1_UUID}, 00000000:02:00.0, 892, 877, 30.28, 150.00, 53, 52, 1, 8934, P0, Not Active, Not Active, Not Active
2026/07/20 00:51:34.181, 0, ${V100_GPU_0_UUID}, 00000000:01:00.0, 892, 877, 32.37, 150.00, 55, 54, 5, 8934, P0, Not Active, Not Active, Not Active
2026/07/20 00:51:34.187, 1, ${V100_GPU_1_UUID}, 00000000:02:00.0, 892, 877, 30.30, 150.00, 53, 52, 5, 8934, P0, Not Active, Not Active, Not Active
2026/07/20 00:51:34.324, 0, ${V100_GPU_0_UUID}, 00000000:01:00.0, 892, 877, 32.37, 150.00, 55, 54, 5, 8934, P0, Not Active, Not Active, Not Active
2026/07/20 00:51:34.329, 1, ${V100_GPU_1_UUID}, 00000000:02:00.0, 892, 877, 30.30, 150.00, 53, 52, 3, 8934, P0, Not Active, Not Active, Not Active
2026/07/20 00:51:34.464, 0, ${V100_GPU_0_UUID}, 00000000:01:00.0, 892, 877, 32.39, 150.00, 55, 54, 2, 8934, P0, Not Active, Not Active, Not Active
2026/07/20 00:51:34.470, 1, ${V100_GPU_1_UUID}, 00000000:02:00.0, 892, 877, 30.30, 150.00, 53, 52, 0, 8934, P0, Not Active, Not Active, Not Active
2026/07/20 00:51:34.607, 0, ${V100_GPU_0_UUID}, 00000000:01:00.0, 892, 877, 32.37, 150.00, 55, 54, 1, 8934, P0, Not Active, Not Active, Not Active
2026/07/20 00:51:34.612, 1, ${V100_GPU_1_UUID}, 00000000:02:00.0, 892, 877, 30.30, 150.00, 53, 52, 5, 8934, P0, Not Active, Not Active, Not Active
2026/07/20 00:51:34.747, 0, ${V100_GPU_0_UUID}, 00000000:01:00.0, 892, 877, 32.39, 150.00, 55, 54, 4, 8934, P0, Not Active, Not Active, Not Active
2026/07/20 00:51:34.753, 1, ${V100_GPU_1_UUID}, 00000000:02:00.0, 892, 877, 30.30, 150.00, 53, 52, 5, 8934, P0, Not Active, Not Active, Not Active
2026/07/20 00:51:34.886, 0, ${V100_GPU_0_UUID}, 00000000:01:00.0, 892, 877, 32.39, 150.00, 55, 54, 4, 8934, P0, Not Active, Not Active, Not Active
2026/07/20 00:51:34.892, 1, ${V100_GPU_1_UUID}, 00000000:02:00.0, 892, 877, 30.30, 150.00, 53, 52, 2, 8934, P0, Not Active, Not Active, Not Active
2026/07/20 00:51:35.042, 0, ${V100_GPU_0_UUID}, 00000000:01:00.0, 892, 877, 32.37, 150.00, 55, 54, 3, 8934, P0, Not Active, Not Active, Not Active
2026/07/20 00:51:35.049, 1, ${V100_GPU_1_UUID}, 00000000:02:00.0, 892, 877, 30.28, 150.00, 53, 52, 4, 8934, P0, Not Active, Not Active, Not Active
2026/07/20 00:51:35.184, 0, ${V100_GPU_0_UUID}, 00000000:01:00.0, 892, 877, 32.37, 150.00, 55, 54, 3, 8934, P0, Not Active, Not Active, Not Active
2026/07/20 00:51:35.190, 1, ${V100_GPU_1_UUID}, 00000000:02:00.0, 892, 877, 30.30, 150.00, 53, 52, 2, 8934, P0, Not Active, Not Active, Not Active
2026/07/20 00:51:35.354, 0, ${V100_GPU_0_UUID}, 00000000:01:00.0, 892, 877, 32.39, 150.00, 55, 54, 2, 8934, P0, Not Active, Not Active, Not Active
2026/07/20 00:51:35.361, 1, ${V100_GPU_1_UUID}, 00000000:02:00.0, 892, 877, 30.30, 150.00, 53, 52, 5, 8934, P0, Not Active, Not Active, Not Active
2026/07/20 00:51:35.524, 0, ${V100_GPU_0_UUID}, 00000000:01:00.0, 892, 877, 32.39, 150.00, 55, 54, 3, 8934, P0, Not Active, Not Active, Not Active
2026/07/20 00:51:35.531, 1, ${V100_GPU_1_UUID}, 00000000:02:00.0, 892, 877, 30.30, 150.00, 53, 51, 2, 8934, P0, Not Active, Not Active, Not Active
2026/07/20 00:51:35.675, 0, ${V100_GPU_0_UUID}, 00000000:01:00.0, 892, 877, 32.37, 150.00, 55, 54, 2, 8934, P0, Not Active, Not Active, Not Active
2026/07/20 00:51:35.681, 1, ${V100_GPU_1_UUID}, 00000000:02:00.0, 892, 877, 29.80, 150.00, 53, 52, 3, 8934, P0, Not Active, Not Active, Not Active
2026/07/20 00:51:35.844, 0, ${V100_GPU_0_UUID}, 00000000:01:00.0, 892, 877, 32.39, 150.00, 55, 54, 2, 8934, P0, Not Active, Not Active, Not Active
2026/07/20 00:51:35.855, 1, ${V100_GPU_1_UUID}, 00000000:02:00.0, 892, 877, 30.30, 150.00, 53, 52, 2, 8934, P0, Not Active, Not Active, Not Active
2026/07/20 00:51:35.991, 0, ${V100_GPU_0_UUID}, 00000000:01:00.0, 892, 877, 32.37, 150.00, 55, 54, 2, 8934, P0, Not Active, Not Active, Not Active
2026/07/20 00:51:35.997, 1, ${V100_GPU_1_UUID}, 00000000:02:00.0, 892, 877, 30.28, 150.00, 53, 52, 2, 8934, P0, Not Active, Not Active, Not Active
2026/07/20 00:51:36.152, 0, ${V100_GPU_0_UUID}, 00000000:01:00.0, 892, 877, 32.39, 150.00, 55, 54, 2, 8934, P0, Not Active, Not Active, Not Active
2026/07/20 00:51:36.161, 1, ${V100_GPU_1_UUID}, 00000000:02:00.0, 892, 877, 30.30, 150.00, 53, 52, 3, 8934, P0, Not Active, Not Active, Not Active
2026/07/20 00:51:36.304, 0, ${V100_GPU_0_UUID}, 00000000:01:00.0, 892, 877, 32.39, 150.00, 55, 54, 2, 8934, P0, Not Active, Not Active, Not Active
2026/07/20 00:51:36.312, 1, ${V100_GPU_1_UUID}, 00000000:02:00.0, 892, 877, 30.30, 150.00, 53, 52, 2, 8934, P0, Not Active, Not Active, Not Active
2026/07/20 00:51:36.473, 0, ${V100_GPU_0_UUID}, 00000000:01:00.0, 892, 877, 32.37, 150.00, 55, 54, 2, 8934, P0, Not Active, Not Active, Not Active
2026/07/20 00:51:36.478, 1, ${V100_GPU_1_UUID}, 00000000:02:00.0, 892, 877, 30.28, 150.00, 53, 52, 1, 8934, P0, Not Active, Not Active, Not Active
2026/07/20 00:51:36.628, 0, ${V100_GPU_0_UUID}, 00000000:01:00.0, 892, 877, 32.39, 150.00, 55, 54, 3, 8934, P0, Not Active, Not Active, Not Active
2026/07/20 00:51:36.640, 1, ${V100_GPU_1_UUID}, 00000000:02:00.0, 892, 877, 30.30, 150.00, 53, 52, 3, 8934, P0, Not Active, Not Active, Not Active
2026/07/20 00:51:36.790, 0, ${V100_GPU_0_UUID}, 00000000:01:00.0, 892, 877, 32.37, 150.00, 55, 54, 3, 8934, P0, Not Active, Not Active, Not Active
2026/07/20 00:51:36.796, 1, ${V100_GPU_1_UUID}, 00000000:02:00.0, 892, 877, 30.28, 150.00, 53, 52, 3, 8934, P0, Not Active, Not Active, Not Active
2026/07/20 00:51:36.938, 0, ${V100_GPU_0_UUID}, 00000000:01:00.0, 892, 877, 32.39, 150.00, 55, 54, 1, 8934, P0, Not Active, Not Active, Not Active
2026/07/20 00:51:36.947, 1, ${V100_GPU_1_UUID}, 00000000:02:00.0, 892, 877, 30.30, 150.00, 53, 52, 3, 8934, P0, Not Active, Not Active, Not Active
2026/07/20 00:51:37.084, 0, ${V100_GPU_0_UUID}, 00000000:01:00.0, 892, 877, 32.37, 150.00, 55, 54, 2, 8934, P0, Not Active, Not Active, Not Active
2026/07/20 00:51:37.090, 1, ${V100_GPU_1_UUID}, 00000000:02:00.0, 892, 877, 30.28, 150.00, 53, 52, 0, 8934, P0, Not Active, Not Active, Not Active
2026/07/20 00:51:37.224, 0, ${V100_GPU_0_UUID}, 00000000:01:00.0, 892, 877, 32.37, 150.00, 55, 54, 2, 8934, P0, Not Active, Not Active, Not Active
2026/07/20 00:51:37.230, 1, ${V100_GPU_1_UUID}, 00000000:02:00.0, 892, 877, 30.28, 150.00, 53, 52, 3, 8934, P0, Not Active, Not Active, Not Active
2026/07/20 00:51:37.362, 0, ${V100_GPU_0_UUID}, 00000000:01:00.0, 892, 877, 32.39, 150.00, 55, 54, 2, 8934, P0, Not Active, Not Active, Not Active
2026/07/20 00:51:37.368, 1, ${V100_GPU_1_UUID}, 00000000:02:00.0, 892, 877, 30.28, 150.00, 53, 52, 2, 8934, P0, Not Active, Not Active, Not Active
2026/07/20 00:51:37.527, 0, ${V100_GPU_0_UUID}, 00000000:01:00.0, 892, 877, 32.39, 150.00, 55, 54, 2, 8934, P0, Not Active, Not Active, Not Active
2026/07/20 00:51:37.533, 1, ${V100_GPU_1_UUID}, 00000000:02:00.0, 892, 877, 30.30, 150.00, 53, 52, 1, 8934, P0, Not Active, Not Active, Not Active
2026/07/20 00:51:37.673, 0, ${V100_GPU_0_UUID}, 00000000:01:00.0, 892, 877, 32.39, 150.00, 55, 54, 2, 8934, P0, Not Active, Not Active, Not Active
2026/07/20 00:51:37.681, 1, ${V100_GPU_1_UUID}, 00000000:02:00.0, 892, 877, 30.30, 150.00, 53, 52, 8, 8934, P0, Not Active, Not Active, Not Active
2026/07/20 00:51:37.839, 0, ${V100_GPU_0_UUID}, 00000000:01:00.0, 892, 877, 32.37, 150.00, 55, 54, 7, 8934, P0, Not Active, Not Active, Not Active
2026/07/20 00:51:37.845, 1, ${V100_GPU_1_UUID}, 00000000:02:00.0, 892, 877, 30.30, 150.00, 53, 52, 6, 8934, P0, Not Active, Not Active, Not Active
2026/07/20 00:51:38.012, 0, ${V100_GPU_0_UUID}, 00000000:01:00.0, 892, 877, 32.39, 150.00, 55, 54, 6, 8934, P0, Not Active, Not Active, Not Active
2026/07/20 00:51:38.019, 1, ${V100_GPU_1_UUID}, 00000000:02:00.0, 892, 877, 30.30, 150.00, 53, 52, 5, 8934, P0, Not Active, Not Active, Not Active
2026/07/20 00:51:38.154, 0, ${V100_GPU_0_UUID}, 00000000:01:00.0, 892, 877, 32.37, 150.00, 55, 54, 5, 8934, P0, Not Active, Not Active, Not Active
2026/07/20 00:51:38.160, 1, ${V100_GPU_1_UUID}, 00000000:02:00.0, 892, 877, 30.28, 150.00, 53, 52, 5, 8934, P0, Not Active, Not Active, Not Active
2026/07/20 00:51:38.323, 0, ${V100_GPU_0_UUID}, 00000000:01:00.0, 892, 877, 32.39, 150.00, 55, 54, 5, 8934, P0, Not Active, Not Active, Not Active
2026/07/20 00:51:38.330, 1, ${V100_GPU_1_UUID}, 00000000:02:00.0, 892, 877, 30.30, 150.00, 53, 52, 7, 8934, P0, Not Active, Not Active, Not Active
2026/07/20 00:51:38.473, 0, ${V100_GPU_0_UUID}, 00000000:01:00.0, 892, 877, 32.39, 150.00, 55, 54, 5, 8934, P0, Not Active, Not Active, Not Active
2026/07/20 00:51:38.483, 1, ${V100_GPU_1_UUID}, 00000000:02:00.0, 892, 877, 30.30, 150.00, 53, 52, 7, 8934, P0, Not Active, Not Active, Not Active
2026/07/20 00:51:38.640, 0, ${V100_GPU_0_UUID}, 00000000:01:00.0, 892, 877, 32.37, 150.00, 55, 54, 5, 8934, P0, Not Active, Not Active, Not Active
2026/07/20 00:51:38.646, 1, ${V100_GPU_1_UUID}, 00000000:02:00.0, 892, 877, 30.30, 150.00, 53, 52, 4, 8934, P0, Not Active, Not Active, Not Active
2026/07/20 00:51:38.806, 0, ${V100_GPU_0_UUID}, 00000000:01:00.0, 892, 877, 32.39, 150.00, 55, 54, 2, 8934, P0, Not Active, Not Active, Not Active
2026/07/20 00:51:38.815, 1, ${V100_GPU_1_UUID}, 00000000:02:00.0, 892, 877, 30.30, 150.00, 53, 52, 3, 8934, P0, Not Active, Not Active, Not Active
2026/07/20 00:51:38.957, 0, ${V100_GPU_0_UUID}, 00000000:01:00.0, 892, 877, 32.37, 150.00, 55, 54, 3, 8934, P0, Not Active, Not Active, Not Active
2026/07/20 00:51:38.962, 1, ${V100_GPU_1_UUID}, 00000000:02:00.0, 892, 877, 30.28, 150.00, 53, 52, 3, 8934, P0, Not Active, Not Active, Not Active
2026/07/20 00:51:39.095, 0, ${V100_GPU_0_UUID}, 00000000:01:00.0, 892, 877, 32.39, 150.00, 55, 54, 3, 8934, P0, Not Active, Not Active, Not Active
2026/07/20 00:51:39.100, 1, ${V100_GPU_1_UUID}, 00000000:02:00.0, 892, 877, 30.30, 150.00, 53, 52, 3, 8934, P0, Not Active, Not Active, Not Active
2026/07/20 00:51:39.238, 0, ${V100_GPU_0_UUID}, 00000000:01:00.0, 892, 877, 32.37, 150.00, 55, 54, 2, 8934, P0, Not Active, Not Active, Not Active
2026/07/20 00:51:39.244, 1, ${V100_GPU_1_UUID}, 00000000:02:00.0, 892, 877, 30.28, 150.00, 53, 52, 2, 8934, P0, Not Active, Not Active, Not Active
2026/07/20 00:51:39.402, 0, ${V100_GPU_0_UUID}, 00000000:01:00.0, 892, 877, 32.39, 150.00, 55, 54, 3, 8934, P0, Not Active, Not Active, Not Active
2026/07/20 00:51:39.409, 1, ${V100_GPU_1_UUID}, 00000000:02:00.0, 892, 877, 30.30, 150.00, 53, 52, 2, 8934, P0, Not Active, Not Active, Not Active
2026/07/20 00:51:39.542, 0, ${V100_GPU_0_UUID}, 00000000:01:00.0, 892, 877, 32.37, 150.00, 55, 54, 2, 8934, P0, Not Active, Not Active, Not Active
2026/07/20 00:51:39.547, 1, ${V100_GPU_1_UUID}, 00000000:02:00.0, 892, 877, 30.28, 150.00, 53, 52, 2, 8934, P0, Not Active, Not Active, Not Active
2026/07/20 00:51:39.680, 0, ${V100_GPU_0_UUID}, 00000000:01:00.0, 892, 877, 32.39, 150.00, 55, 54, 2, 8934, P0, Not Active, Not Active, Not Active
2026/07/20 00:51:39.686, 1, ${V100_GPU_1_UUID}, 00000000:02:00.0, 892, 877, 30.30, 150.00, 53, 52, 4, 8934, P0, Not Active, Not Active, Not Active
2026/07/20 00:51:39.818, 0, ${V100_GPU_0_UUID}, 00000000:01:00.0, 892, 877, 32.37, 150.00, 55, 54, 3, 8934, P0, Not Active, Not Active, Not Active
2026/07/20 00:51:39.825, 1, ${V100_GPU_1_UUID}, 00000000:02:00.0, 892, 877, 30.28, 150.00, 53, 52, 4, 8934, P0, Not Active, Not Active, Not Active
2026/07/20 00:51:39.988, 0, ${V100_GPU_0_UUID}, 00000000:01:00.0, 892, 877, 32.39, 150.00, 55, 54, 3, 8934, P0, Not Active, Not Active, Not Active
2026/07/20 00:51:39.996, 1, ${V100_GPU_1_UUID}, 00000000:02:00.0, 892, 877, 30.30, 150.00, 53, 52, 3, 8934, P0, Not Active, Not Active, Not Active
2026/07/20 00:51:40.129, 0, ${V100_GPU_0_UUID}, 00000000:01:00.0, 892, 877, 32.39, 150.00, 55, 54, 3, 8934, P0, Not Active, Not Active, Not Active
2026/07/20 00:51:40.135, 1, ${V100_GPU_1_UUID}, 00000000:02:00.0, 892, 877, 30.30, 150.00, 53, 52, 3, 8934, P0, Not Active, Not Active, Not Active
2026/07/20 00:51:40.296, 0, ${V100_GPU_0_UUID}, 00000000:01:00.0, 892, 877, 32.39, 150.00, 55, 54, 2, 8934, P0, Not Active, Not Active, Not Active
2026/07/20 00:51:40.303, 1, ${V100_GPU_1_UUID}, 00000000:02:00.0, 892, 877, 30.30, 150.00, 53, 52, 2, 8934, P0, Not Active, Not Active, Not Active
2026/07/20 00:51:40.456, 0, ${V100_GPU_0_UUID}, 00000000:01:00.0, 892, 877, 32.39, 150.00, 55, 54, 3, 8934, P0, Not Active, Not Active, Not Active
2026/07/20 00:51:40.462, 1, ${V100_GPU_1_UUID}, 00000000:02:00.0, 892, 877, 30.30, 150.00, 53, 52, 1, 8934, P0, Not Active, Not Active, Not Active
2026/07/20 00:51:40.595, 0, ${V100_GPU_0_UUID}, 00000000:01:00.0, 892, 877, 32.39, 150.00, 55, 54, 6, 8934, P0, Not Active, Not Active, Not Active
2026/07/20 00:51:40.602, 1, ${V100_GPU_1_UUID}, 00000000:02:00.0, 892, 877, 30.30, 150.00, 53, 52, 6, 8934, P0, Not Active, Not Active, Not Active
2026/07/20 00:51:40.757, 0, ${V100_GPU_0_UUID}, 00000000:01:00.0, 892, 877, 32.37, 150.00, 55, 54, 6, 8934, P0, Not Active, Not Active, Not Active
2026/07/20 00:51:40.768, 1, ${V100_GPU_1_UUID}, 00000000:02:00.0, 892, 877, 30.28, 150.00, 53, 52, 7, 8934, P0, Not Active, Not Active, Not Active
2026/07/20 00:51:40.921, 0, ${V100_GPU_0_UUID}, 00000000:01:00.0, 892, 877, 32.41, 150.00, 55, 54, 6, 8934, P0, Not Active, Not Active, Not Active
2026/07/20 00:51:40.934, 1, ${V100_GPU_1_UUID}, 00000000:02:00.0, 892, 877, 30.32, 150.00, 53, 52, 6, 8934, P0, Not Active, Not Active, Not Active
2026/07/20 00:51:41.072, 0, ${V100_GPU_0_UUID}, 00000000:01:00.0, 892, 877, 32.37, 150.00, 55, 54, 6, 8934, P0, Not Active, Not Active, Not Active
2026/07/20 00:51:41.077, 1, ${V100_GPU_1_UUID}, 00000000:02:00.0, 892, 877, 30.28, 150.00, 53, 52, 9, 8934, P0, Not Active, Not Active, Not Active
2026/07/20 00:51:41.211, 0, ${V100_GPU_0_UUID}, 00000000:01:00.0, 892, 877, 32.39, 150.00, 55, 54, 10, 8934, P0, Not Active, Not Active, Not Active
2026/07/20 00:51:41.217, 1, ${V100_GPU_1_UUID}, 00000000:02:00.0, 892, 877, 30.30, 150.00, 53, 52, 10, 8934, P0, Not Active, Not Active, Not Active
2026/07/20 00:51:41.351, 0, ${V100_GPU_0_UUID}, 00000000:01:00.0, 892, 877, 32.37, 150.00, 55, 54, 14, 8934, P0, Not Active, Not Active, Not Active
2026/07/20 00:51:41.357, 1, ${V100_GPU_1_UUID}, 00000000:02:00.0, 892, 877, 30.30, 150.00, 53, 52, 13, 8934, P0, Not Active, Not Active, Not Active
2026/07/20 00:51:41.523, 0, ${V100_GPU_0_UUID}, 00000000:01:00.0, 892, 877, 32.39, 150.00, 55, 54, 10, 8934, P0, Not Active, Not Active, Not Active
2026/07/20 00:51:41.531, 1, ${V100_GPU_1_UUID}, 00000000:02:00.0, 892, 877, 30.30, 150.00, 53, 52, 9, 8934, P0, Not Active, Not Active, Not Active
2026/07/20 00:51:41.665, 0, ${V100_GPU_0_UUID}, 00000000:01:00.0, 892, 877, 32.37, 150.00, 55, 54, 8, 8934, P0, Not Active, Not Active, Not Active
2026/07/20 00:51:41.670, 1, ${V100_GPU_1_UUID}, 00000000:02:00.0, 892, 877, 30.30, 150.00, 53, 52, 9, 8934, P0, Not Active, Not Active, Not Active
2026/07/20 00:51:41.819, 0, ${V100_GPU_0_UUID}, 00000000:01:00.0, 892, 877, 32.37, 150.00, 55, 54, 5, 8934, P0, Not Active, Not Active, Not Active
2026/07/20 00:51:41.825, 1, ${V100_GPU_1_UUID}, 00000000:02:00.0, 892, 877, 30.28, 150.00, 53, 52, 8, 8934, P0, Not Active, Not Active, Not Active
2026/07/20 00:51:41.988, 0, ${V100_GPU_0_UUID}, 00000000:01:00.0, 892, 877, 32.39, 150.00, 55, 54, 4, 8934, P0, Not Active, Not Active, Not Active
2026/07/20 00:51:41.999, 1, ${V100_GPU_1_UUID}, 00000000:02:00.0, 892, 877, 30.30, 150.00, 53, 52, 3, 8934, P0, Not Active, Not Active, Not Active
2026/07/20 00:51:42.135, 0, ${V100_GPU_0_UUID}, 00000000:01:00.0, 892, 877, 32.37, 150.00, 55, 54, 4, 8934, P0, Not Active, Not Active, Not Active
2026/07/20 00:51:42.141, 1, ${V100_GPU_1_UUID}, 00000000:02:00.0, 892, 877, 30.28, 150.00, 53, 52, 3, 8934, P0, Not Active, Not Active, Not Active
2026/07/20 00:51:42.303, 0, ${V100_GPU_0_UUID}, 00000000:01:00.0, 892, 877, 32.39, 150.00, 55, 54, 3, 8934, P0, Not Active, Not Active, Not Active
2026/07/20 00:51:42.310, 1, ${V100_GPU_1_UUID}, 00000000:02:00.0, 892, 877, 30.30, 150.00, 53, 52, 3, 8934, P0, Not Active, Not Active, Not Active
2026/07/20 00:51:42.468, 0, ${V100_GPU_0_UUID}, 00000000:01:00.0, 892, 877, 32.39, 150.00, 55, 54, 2, 8934, P0, Not Active, Not Active, Not Active
2026/07/20 00:51:42.474, 1, ${V100_GPU_1_UUID}, 00000000:02:00.0, 892, 877, 29.82, 150.00, 53, 52, 3, 8934, P0, Not Active, Not Active, Not Active
2026/07/20 00:51:42.607, 0, ${V100_GPU_0_UUID}, 00000000:01:00.0, 892, 877, 32.39, 150.00, 55, 54, 2, 8934, P0, Not Active, Not Active, Not Active
2026/07/20 00:51:42.613, 1, ${V100_GPU_1_UUID}, 00000000:02:00.0, 892, 877, 30.30, 150.00, 53, 52, 0, 8934, P0, Not Active, Not Active, Not Active
2026/07/20 00:51:42.764, 0, ${V100_GPU_0_UUID}, 00000000:01:00.0, 892, 877, 32.37, 150.00, 55, 54, 3, 8934, P0, Not Active, Not Active, Not Active
2026/07/20 00:51:42.770, 1, ${V100_GPU_1_UUID}, 00000000:02:00.0, 892, 877, 30.30, 150.00, 53, 52, 5, 8934, P0, Not Active, Not Active, Not Active
2026/07/20 00:51:42.931, 0, ${V100_GPU_0_UUID}, 00000000:01:00.0, 892, 877, 32.39, 150.00, 55, 54, 2, 8934, P0, Not Active, Not Active, Not Active
2026/07/20 00:51:42.938, 1, ${V100_GPU_1_UUID}, 00000000:02:00.0, 892, 877, 30.30, 150.00, 53, 52, 2, 8934, P0, Not Active, Not Active, Not Active
2026/07/20 00:51:43.095, 0, ${V100_GPU_0_UUID}, 00000000:01:00.0, 892, 877, 32.37, 150.00, 55, 54, 3, 8934, P0, Not Active, Not Active, Not Active
2026/07/20 00:51:43.100, 1, ${V100_GPU_1_UUID}, 00000000:02:00.0, 892, 877, 30.30, 150.00, 53, 52, 3, 8934, P0, Not Active, Not Active, Not Active
2026/07/20 00:51:43.264, 0, ${V100_GPU_0_UUID}, 00000000:01:00.0, 892, 877, 32.39, 150.00, 55, 54, 3, 8934, P0, Not Active, Not Active, Not Active
2026/07/20 00:51:43.273, 1, ${V100_GPU_1_UUID}, 00000000:02:00.0, 892, 877, 30.30, 150.00, 53, 52, 3, 8934, P0, Not Active, Not Active, Not Active
2026/07/20 00:51:43.437, 0, ${V100_GPU_0_UUID}, 00000000:01:00.0, 892, 877, 32.39, 150.00, 55, 54, 1, 8934, P0, Not Active, Not Active, Not Active
2026/07/20 00:51:43.445, 1, ${V100_GPU_1_UUID}, 00000000:02:00.0, 892, 877, 30.30, 150.00, 53, 52, 0, 8934, P0, Not Active, Not Active, Not Active
2026/07/20 00:51:43.591, 0, ${V100_GPU_0_UUID}, 00000000:01:00.0, 892, 877, 32.39, 150.00, 55, 54, 3, 8934, P0, Not Active, Not Active, Not Active
2026/07/20 00:51:43.601, 1, ${V100_GPU_1_UUID}, 00000000:02:00.0, 892, 877, 30.30, 150.00, 53, 52, 4, 8934, P0, Not Active, Not Active, Not Active
2026/07/20 00:51:43.741, 0, ${V100_GPU_0_UUID}, 00000000:01:00.0, 892, 877, 32.37, 150.00, 55, 54, 2, 8934, P0, Not Active, Not Active, Not Active
2026/07/20 00:51:43.747, 1, ${V100_GPU_1_UUID}, 00000000:02:00.0, 892, 877, 30.30, 150.00, 53, 52, 1, 8934, P0, Not Active, Not Active, Not Active
2026/07/20 00:51:43.898, 0, ${V100_GPU_0_UUID}, 00000000:01:00.0, 892, 877, 32.39, 150.00, 55, 54, 4, 8934, P0, Not Active, Not Active, Not Active
2026/07/20 00:51:43.909, 1, ${V100_GPU_1_UUID}, 00000000:02:00.0, 892, 877, 30.30, 150.00, 53, 52, 4, 8934, P0, Not Active, Not Active, Not Active
2026/07/20 00:51:44.081, 0, ${V100_GPU_0_UUID}, 00000000:01:00.0, 892, 877, 32.39, 150.00, 55, 54, 2, 8934, P0, Not Active, Not Active, Not Active
2026/07/20 00:51:44.089, 1, ${V100_GPU_1_UUID}, 00000000:02:00.0, 892, 877, 30.30, 150.00, 53, 52, 2, 8934, P0, Not Active, Not Active, Not Active
2026/07/20 00:51:44.251, 0, ${V100_GPU_0_UUID}, 00000000:01:00.0, 892, 877, 32.39, 150.00, 55, 54, 2, 8934, P0, Not Active, Not Active, Not Active
2026/07/20 00:51:44.258, 1, ${V100_GPU_1_UUID}, 00000000:02:00.0, 892, 877, 29.82, 150.00, 53, 52, 3, 8934, P0, Not Active, Not Active, Not Active
2026/07/20 00:51:44.420, 0, ${V100_GPU_0_UUID}, 00000000:01:00.0, 892, 877, 32.39, 150.00, 55, 54, 3, 8934, P0, Not Active, Not Active, Not Active
2026/07/20 00:51:44.426, 1, ${V100_GPU_1_UUID}, 00000000:02:00.0, 892, 877, 30.30, 150.00, 53, 52, 3, 8934, P0, Not Active, Not Active, Not Active
2026/07/20 00:51:44.570, 0, ${V100_GPU_0_UUID}, 00000000:01:00.0, 892, 877, 32.37, 150.00, 55, 54, 3, 8934, P0, Not Active, Not Active, Not Active
2026/07/20 00:51:44.576, 1, ${V100_GPU_1_UUID}, 00000000:02:00.0, 892, 877, 30.30, 150.00, 53, 52, 2, 8934, P0, Not Active, Not Active, Not Active
2026/07/20 00:51:44.713, 0, ${V100_GPU_0_UUID}, 00000000:01:00.0, 892, 877, 32.37, 150.00, 55, 54, 3, 8934, P0, Not Active, Not Active, Not Active
2026/07/20 00:51:44.718, 1, ${V100_GPU_1_UUID}, 00000000:02:00.0, 892, 877, 30.28, 150.00, 53, 52, 2, 8934, P0, Not Active, Not Active, Not Active
2026/07/20 00:51:44.851, 0, ${V100_GPU_0_UUID}, 00000000:01:00.0, 892, 877, 32.37, 150.00, 55, 54, 2, 8934, P0, Not Active, Not Active, Not Active
2026/07/20 00:51:44.856, 1, ${V100_GPU_1_UUID}, 00000000:02:00.0, 892, 877, 30.28, 150.00, 53, 52, 3, 8934, P0, Not Active, Not Active, Not Active
2026/07/20 00:51:44.991, 0, ${V100_GPU_0_UUID}, 00000000:01:00.0, 892, 877, 32.37, 150.00, 55, 54, 3, 8934, P0, Not Active, Not Active, Not Active
2026/07/20 00:51:44.996, 1, ${V100_GPU_1_UUID}, 00000000:02:00.0, 892, 877, 30.28, 150.00, 53, 52, 3, 8934, P0, Not Active, Not Active, Not Active
2026/07/20 00:51:45.129, 0, ${V100_GPU_0_UUID}, 00000000:01:00.0, 892, 877, 32.37, 150.00, 55, 54, 2, 8934, P0, Not Active, Not Active, Not Active
2026/07/20 00:51:45.135, 1, ${V100_GPU_1_UUID}, 00000000:02:00.0, 892, 877, 30.30, 150.00, 53, 52, 3, 8934, P0, Not Active, Not Active, Not Active
2026/07/20 00:51:45.297, 0, ${V100_GPU_0_UUID}, 00000000:01:00.0, 892, 877, 32.37, 150.00, 55, 54, 2, 8934, P0, Not Active, Not Active, Not Active
2026/07/20 00:51:45.303, 1, ${V100_GPU_1_UUID}, 00000000:02:00.0, 892, 877, 30.28, 150.00, 53, 52, 3, 8934, P0, Not Active, Not Active, Not Active
2026/07/20 00:51:45.441, 0, ${V100_GPU_0_UUID}, 00000000:01:00.0, 892, 877, 32.39, 150.00, 55, 54, 2, 8934, P0, Not Active, Not Active, Not Active
2026/07/20 00:51:45.447, 1, ${V100_GPU_1_UUID}, 00000000:02:00.0, 892, 877, 30.30, 150.00, 53, 52, 2, 8934, P0, Not Active, Not Active, Not Active
2026/07/20 00:51:45.588, 0, ${V100_GPU_0_UUID}, 00000000:01:00.0, 892, 877, 32.39, 150.00, 55, 54, 3, 8934, P0, Not Active, Not Active, Not Active
2026/07/20 00:51:45.596, 1, ${V100_GPU_1_UUID}, 00000000:02:00.0, 892, 877, 30.30, 150.00, 53, 52, 8, 8934, P0, Not Active, Not Active, Not Active
2026/07/20 00:51:45.741, 0, ${V100_GPU_0_UUID}, 00000000:01:00.0, 892, 877, 32.87, 150.00, 55, 54, 8, 8934, P0, Not Active, Not Active, Not Active
2026/07/20 00:51:45.746, 1, ${V100_GPU_1_UUID}, 00000000:02:00.0, 892, 877, 30.78, 150.00, 53, 52, 7, 8934, P0, Not Active, Not Active, Not Active
2026/07/20 00:51:45.899, 0, ${V100_GPU_0_UUID}, 00000000:01:00.0, 892, 877, 32.89, 150.00, 55, 54, 15, 8934, P0, Not Active, Not Active, Not Active
2026/07/20 00:51:45.906, 1, ${V100_GPU_1_UUID}, 00000000:02:00.0, 892, 877, 30.80, 150.00, 53, 52, 13, 8934, P0, Not Active, Not Active, Not Active
2026/07/20 00:51:46.069, 0, ${V100_GPU_0_UUID}, 00000000:01:00.0, 892, 877, 32.37, 150.00, 55, 54, 16, 8934, P0, Not Active, Not Active, Not Active
2026/07/20 00:51:46.075, 1, ${V100_GPU_1_UUID}, 00000000:02:00.0, 892, 877, 30.28, 150.00, 53, 52, 13, 8934, P0, Not Active, Not Active, Not Active
2026/07/20 00:51:46.214, 0, ${V100_GPU_0_UUID}, 00000000:01:00.0, 892, 877, 32.39, 150.00, 55, 54, 5, 8934, P0, Not Active, Not Active, Not Active
2026/07/20 00:51:46.222, 1, ${V100_GPU_1_UUID}, 00000000:02:00.0, 892, 877, 30.32, 150.00, 53, 52, 6, 8934, P0, Not Active, Not Active, Not Active
2026/07/20 00:51:46.358, 0, ${V100_GPU_0_UUID}, 00000000:01:00.0, 892, 877, 32.37, 150.00, 55, 54, 11, 8934, P0, Not Active, Not Active, Not Active
2026/07/20 00:51:46.364, 1, ${V100_GPU_1_UUID}, 00000000:02:00.0, 892, 877, 30.28, 150.00, 53, 52, 14, 8934, P0, Not Active, Not Active, Not Active
2026/07/20 00:51:46.522, 0, ${V100_GPU_0_UUID}, 00000000:01:00.0, 892, 877, 32.39, 150.00, 55, 54, 22, 8934, P0, Not Active, Not Active, Not Active
2026/07/20 00:51:46.528, 1, ${V100_GPU_1_UUID}, 00000000:02:00.0, 892, 877, 30.30, 150.00, 53, 52, 14, 8934, P0, Not Active, Not Active, Not Active
2026/07/20 00:51:46.690, 0, ${V100_GPU_0_UUID}, 00000000:01:00.0, 892, 877, 32.39, 150.00, 55, 54, 14, 8934, P0, Not Active, Not Active, Not Active
2026/07/20 00:51:46.696, 1, ${V100_GPU_1_UUID}, 00000000:02:00.0, 892, 877, 30.30, 150.00, 53, 52, 9, 8934, P0, Not Active, Not Active, Not Active
2026/07/20 00:51:46.830, 0, ${V100_GPU_0_UUID}, 00000000:01:00.0, 892, 877, 32.37, 150.00, 55, 54, 17, 8934, P0, Not Active, Not Active, Not Active
2026/07/20 00:51:46.836, 1, ${V100_GPU_1_UUID}, 00000000:02:00.0, 892, 877, 30.30, 150.00, 53, 52, 9, 8934, P0, Not Active, Not Active, Not Active
2026/07/20 00:51:46.968, 0, ${V100_GPU_0_UUID}, 00000000:01:00.0, 892, 877, 32.37, 150.00, 55, 54, 19, 8934, P0, Not Active, Not Active, Not Active
2026/07/20 00:51:46.974, 1, ${V100_GPU_1_UUID}, 00000000:02:00.0, 892, 877, 30.28, 150.00, 53, 52, 19, 8934, P0, Not Active, Not Active, Not Active
2026/07/20 00:51:47.108, 0, ${V100_GPU_0_UUID}, 00000000:01:00.0, 892, 877, 32.37, 150.00, 55, 54, 19, 8934, P0, Not Active, Not Active, Not Active
2026/07/20 00:51:47.114, 1, ${V100_GPU_1_UUID}, 00000000:02:00.0, 892, 877, 30.30, 150.00, 53, 52, 29, 8934, P0, Not Active, Not Active, Not Active
2026/07/20 00:51:47.247, 0, ${V100_GPU_0_UUID}, 00000000:01:00.0, 892, 877, 32.37, 150.00, 55, 54, 31, 8934, P0, Not Active, Not Active, Not Active
2026/07/20 00:51:47.253, 1, ${V100_GPU_1_UUID}, 00000000:02:00.0, 892, 877, 30.28, 150.00, 53, 52, 24, 8934, P0, Not Active, Not Active, Not Active
2026/07/20 00:51:47.386, 0, ${V100_GPU_0_UUID}, 00000000:01:00.0, 892, 877, 32.37, 150.00, 55, 54, 19, 8934, P0, Not Active, Not Active, Not Active
2026/07/20 00:51:47.392, 1, ${V100_GPU_1_UUID}, 00000000:02:00.0, 892, 877, 30.28, 150.00, 53, 52, 15, 8934, P0, Not Active, Not Active, Not Active
2026/07/20 00:51:47.527, 0, ${V100_GPU_0_UUID}, 00000000:01:00.0, 892, 877, 32.87, 150.00, 55, 54, 8, 8934, P0, Not Active, Not Active, Not Active
2026/07/20 00:51:47.533, 1, ${V100_GPU_1_UUID}, 00000000:02:00.0, 892, 877, 30.32, 150.00, 53, 52, 21, 8934, P0, Not Active, Not Active, Not Active
2026/07/20 00:51:47.667, 0, ${V100_GPU_0_UUID}, 00000000:01:00.0, 892, 877, 32.37, 150.00, 55, 54, 37, 8934, P0, Not Active, Not Active, Not Active
2026/07/20 00:51:47.673, 1, ${V100_GPU_1_UUID}, 00000000:02:00.0, 892, 877, 30.28, 150.00, 53, 52, 21, 8934, P0, Not Active, Not Active, Not Active
2026/07/20 00:51:47.808, 0, ${V100_GPU_0_UUID}, 00000000:01:00.0, 892, 877, 32.37, 150.00, 55, 54, 3, 8934, P0, Not Active, Not Active, Not Active
2026/07/20 00:51:47.814, 1, ${V100_GPU_1_UUID}, 00000000:02:00.0, 892, 877, 30.28, 150.00, 53, 52, 26, 8934, P0, Not Active, Not Active, Not Active
2026/07/20 00:51:47.952, 0, ${V100_GPU_0_UUID}, 00000000:01:00.0, 892, 877, 32.37, 150.00, 55, 54, 3, 8934, P0, Not Active, Not Active, Not Active
2026/07/20 00:51:47.958, 1, ${V100_GPU_1_UUID}, 00000000:02:00.0, 892, 877, 30.28, 150.00, 53, 52, 0, 8934, P0, Not Active, Not Active, Not Active
2026/07/20 00:51:48.091, 0, ${V100_GPU_0_UUID}, 00000000:01:00.0, 892, 877, 32.37, 150.00, 55, 54, 0, 8934, P0, Not Active, Not Active, Not Active
2026/07/20 00:51:48.097, 1, ${V100_GPU_1_UUID}, 00000000:02:00.0, 892, 877, 30.28, 150.00, 53, 52, 0, 8934, P0, Not Active, Not Active, Not Active
2026/07/20 00:51:48.235, 0, ${V100_GPU_0_UUID}, 00000000:01:00.0, 892, 877, 32.37, 150.00, 55, 54, 0, 8934, P0, Not Active, Not Active, Not Active
2026/07/20 00:51:48.241, 1, ${V100_GPU_1_UUID}, 00000000:02:00.0, 892, 877, 30.28, 150.00, 53, 52, 0, 8934, P0, Not Active, Not Active, Not Active
2026/07/20 00:51:48.403, 0, ${V100_GPU_0_UUID}, 00000000:01:00.0, 892, 877, 32.37, 150.00, 55, 54, 0, 8934, P0, Not Active, Not Active, Not Active
2026/07/20 00:51:48.412, 1, ${V100_GPU_1_UUID}, 00000000:02:00.0, 892, 877, 30.30, 150.00, 53, 52, 0, 8934, P0, Not Active, Not Active, Not Active
2026/07/20 00:51:48.549, 0, ${V100_GPU_0_UUID}, 00000000:01:00.0, 892, 877, 32.35, 150.00, 55, 54, 0, 8934, P0, Not Active, Not Active, Not Active
2026/07/20 00:51:48.555, 1, ${V100_GPU_1_UUID}, 00000000:02:00.0, 892, 877, 30.26, 150.00, 53, 52, 0, 8934, P0, Not Active, Not Active, Not Active
2026/07/20 00:51:48.690, 0, ${V100_GPU_0_UUID}, 00000000:01:00.0, 892, 877, 32.37, 150.00, 55, 54, 0, 8952, P0, Not Active, Not Active, Not Active
2026/07/20 00:51:48.696, 1, ${V100_GPU_1_UUID}, 00000000:02:00.0, 892, 877, 30.28, 150.00, 53, 52, 0, 9036, P0, Not Active, Not Active, Not Active
2026/07/20 00:51:48.829, 0, ${V100_GPU_0_UUID}, 00000000:01:00.0, 892, 877, 32.35, 150.00, 55, 54, 15, 9040, P0, Not Active, Not Active, Not Active
2026/07/20 00:51:48.835, 1, ${V100_GPU_1_UUID}, 00000000:02:00.0, 892, 877, 30.28, 150.00, 53, 52, 14, 9040, P0, Not Active, Not Active, Not Active
2026/07/20 00:51:48.972, 0, ${V100_GPU_0_UUID}, 00000000:01:00.0, 892, 877, 32.35, 150.00, 55, 54, 15, 9276, P0, Not Active, Not Active, Not Active
2026/07/20 00:51:48.978, 1, ${V100_GPU_1_UUID}, 00000000:02:00.0, 892, 877, 30.74, 150.00, 53, 52, 1, 9276, P0, Not Active, Not Active, Not Active
2026/07/20 00:51:49.111, 0, ${V100_GPU_0_UUID}, 00000000:01:00.0, 892, 877, 32.37, 150.00, 55, 54, 0, 9816, P0, Not Active, Not Active, Not Active
2026/07/20 00:51:49.116, 1, ${V100_GPU_1_UUID}, 00000000:02:00.0, 892, 877, 30.28, 150.00, 53, 52, 0, 9814, P0, Not Active, Not Active, Not Active
2026/07/20 00:51:49.248, 0, ${V100_GPU_0_UUID}, 00000000:01:00.0, 892, 877, 64.53, 150.00, 55, 54, 0, 9816, P0, Not Active, Not Active, Not Active
2026/07/20 00:51:49.254, 1, ${V100_GPU_1_UUID}, 00000000:02:00.0, 892, 877, 74.66, 150.00, 53, 52, 1, 9816, P0, Not Active, Not Active, Not Active
2026/07/20 00:51:49.386, 0, ${V100_GPU_0_UUID}, 00000000:01:00.0, 892, 877, 32.35, 150.00, 55, 54, 18, 9816, P0, Not Active, Not Active, Not Active
2026/07/20 00:51:49.393, 1, ${V100_GPU_1_UUID}, 00000000:02:00.0, 892, 877, 30.28, 150.00, 53, 52, 19, 9816, P0, Not Active, Not Active, Not Active
2026/07/20 00:51:49.526, 0, ${V100_GPU_0_UUID}, 00000000:01:00.0, 892, 877, 32.37, 150.00, 55, 54, 1, 9816, P0, Not Active, Not Active, Not Active
2026/07/20 00:51:49.531, 1, ${V100_GPU_1_UUID}, 00000000:02:00.0, 892, 877, 30.30, 150.00, 53, 52, 19, 9816, P0, Not Active, Not Active, Not Active
2026/07/20 00:51:49.663, 0, ${V100_GPU_0_UUID}, 00000000:01:00.0, 892, 877, 32.37, 150.00, 55, 54, 1, 9826, P0, Not Active, Not Active, Not Active
2026/07/20 00:51:49.668, 1, ${V100_GPU_1_UUID}, 00000000:02:00.0, 892, 877, 30.28, 150.00, 53, 52, 0, 9826, P0, Not Active, Not Active, Not Active
2026/07/20 00:51:49.819, 0, ${V100_GPU_0_UUID}, 00000000:01:00.0, 892, 877, 32.37, 150.00, 55, 54, 0, 9836, P0, Not Active, Not Active, Not Active
2026/07/20 00:51:49.828, 1, ${V100_GPU_1_UUID}, 00000000:02:00.0, 892, 877, 30.28, 150.00, 53, 52, 1, 9826, P0, Not Active, Not Active, Not Active
2026/07/20 00:51:49.961, 0, ${V100_GPU_0_UUID}, 00000000:01:00.0, 892, 877, 96.52, 150.00, 55, 55, 0, 9956, P0, Not Active, Not Active, Not Active
2026/07/20 00:51:49.968, 1, ${V100_GPU_1_UUID}, 00000000:02:00.0, 892, 877, 103.65, 150.00, 54, 53, 0, 9956, P0, Not Active, Not Active, Not Active
2026/07/20 00:51:50.107, 0, ${V100_GPU_0_UUID}, 00000000:01:00.0, 892, 877, 102.68, 150.00, 57, 57, 31, 9956, P0, Not Active, Not Active, Not Active
2026/07/20 00:51:50.119, 1, ${V100_GPU_1_UUID}, 00000000:02:00.0, 892, 877, 109.83, 150.00, 55, 55, 68, 9956, P0, Not Active, Not Active, Not Active
2026/07/20 00:51:50.251, 0, ${V100_GPU_0_UUID}, 00000000:01:00.0, 892, 877, 95.79, 150.00, 57, 58, 100, 9956, P0, Not Active, Not Active, Not Active
2026/07/20 00:51:50.259, 1, ${V100_GPU_1_UUID}, 00000000:02:00.0, 892, 877, 106.82, 150.00, 55, 56, 100, 9956, P0, Not Active, Not Active, Not Active
2026/07/20 00:51:50.391, 0, ${V100_GPU_0_UUID}, 00000000:01:00.0, 892, 877, 109.15, 150.00, 57, 58, 100, 12526, P0, Not Active, Not Active, Not Active
2026/07/20 00:51:50.400, 1, ${V100_GPU_1_UUID}, 00000000:02:00.0, 892, 877, 98.24, 150.00, 56, 56, 100, 12526, P0, Not Active, Not Active, Not Active
2026/07/20 00:51:50.533, 0, ${V100_GPU_0_UUID}, 00000000:01:00.0, 892, 877, 101.81, 150.00, 57, 58, 100, 12526, P0, Not Active, Not Active, Not Active
2026/07/20 00:51:50.540, 1, ${V100_GPU_1_UUID}, 00000000:02:00.0, 892, 877, 112.49, 150.00, 56, 56, 100, 12526, P0, Not Active, Not Active, Not Active
2026/07/20 00:51:50.674, 0, ${V100_GPU_0_UUID}, 00000000:01:00.0, 892, 877, 32.85, 150.00, 57, 58, 86, 12526, P0, Not Active, Not Active, Not Active
2026/07/20 00:51:50.679, 1, ${V100_GPU_1_UUID}, 00000000:02:00.0, 892, 877, 30.78, 150.00, 55, 55, 100, 12526, P0, Not Active, Not Active, Not Active
2026/07/20 00:51:50.822, 0, ${V100_GPU_0_UUID}, 00000000:01:00.0, 892, 877, 32.87, 150.00, 56, 55, 0, 12526, P0, Not Active, Not Active, Not Active
2026/07/20 00:51:50.827, 1, ${V100_GPU_1_UUID}, 00000000:02:00.0, 892, 877, 30.30, 150.00, 54, 53, 23, 12526, P0, Not Active, Not Active, Not Active
2026/07/20 00:51:50.974, 0, ${V100_GPU_0_UUID}, 00000000:01:00.0, 892, 877, 32.80, 150.00, 56, 55, 0, 12526, P0, Not Active, Not Active, Not Active
2026/07/20 00:51:50.984, 1, ${V100_GPU_1_UUID}, 00000000:02:00.0, 892, 877, 30.24, 150.00, 54, 53, 0, 12526, P0, Not Active, Not Active, Not Active
2026/07/20 00:51:51.127, 0, ${V100_GPU_0_UUID}, 00000000:01:00.0, 892, 877, 32.85, 150.00, 56, 55, 0, 12526, P0, Not Active, Not Active, Not Active
2026/07/20 00:51:51.133, 1, ${V100_GPU_1_UUID}, 00000000:02:00.0, 892, 877, 30.28, 150.00, 54, 53, 0, 12526, P0, Not Active, Not Active, Not Active
2026/07/20 00:51:51.267, 0, ${V100_GPU_0_UUID}, 00000000:01:00.0, 892, 877, 103.56, 150.00, 57, 58, 6, 12570, P0, Not Active, Not Active, Not Active
2026/07/20 00:51:51.281, 1, ${V100_GPU_1_UUID}, 00000000:02:00.0, 892, 877, 116.66, 150.00, 55, 56, 44, 12568, P0, Not Active, Not Active, Not Active
2026/07/20 00:51:51.413, 0, ${V100_GPU_0_UUID}, 00000000:01:00.0, 892, 877, 86.01, 150.00, 57, 58, 100, 12570, P0, Not Active, Not Active, Not Active
2026/07/20 00:51:51.423, 1, ${V100_GPU_1_UUID}, 00000000:02:00.0, 892, 877, 88.39, 150.00, 56, 56, 100, 12570, P0, Not Active, Not Active, Not Active
2026/07/20 00:51:51.567, 0, ${V100_GPU_0_UUID}, 00000000:01:00.0, 892, 877, 102.82, 150.00, 58, 58, 97, 12582, P0, Not Active, Not Active, Not Active
2026/07/20 00:51:51.582, 1, ${V100_GPU_1_UUID}, 00000000:02:00.0, 892, 877, 100.60, 150.00, 56, 57, 96, 12580, P0, Not Active, Not Active, Not Active
2026/07/20 00:51:51.715, 0, ${V100_GPU_0_UUID}, 00000000:01:00.0, 892, 877, 102.35, 150.00, 58, 58, 100, 12582, P0, Not Active, Not Active, Not Active
2026/07/20 00:51:51.723, 1, ${V100_GPU_1_UUID}, 00000000:02:00.0, 892, 877, 110.85, 150.00, 56, 57, 100, 12580, P0, Not Active, Not Active, Not Active
2026/07/20 00:51:51.859, 0, ${V100_GPU_0_UUID}, 00000000:01:00.0, 892, 877, 36.70, 150.00, 57, 58, 100, 12584, P0, Not Active, Not Active, Not Active
2026/07/20 00:51:51.865, 1, ${V100_GPU_1_UUID}, 00000000:02:00.0, 892, 877, 32.71, 150.00, 55, 57, 100, 12584, P0, Not Active, Not Active, Not Active
2026/07/20 00:51:52.006, 0, ${V100_GPU_0_UUID}, 00000000:01:00.0, 892, 877, 32.87, 150.00, 56, 56, 19, 12584, P0, Not Active, Not Active, Not Active
2026/07/20 00:51:52.014, 1, ${V100_GPU_1_UUID}, 00000000:02:00.0, 892, 877, 30.78, 150.00, 54, 54, 56, 12584, P0, Not Active, Not Active, Not Active
2026/07/20 00:51:52.164, 0, ${V100_GPU_0_UUID}, 00000000:01:00.0, 892, 877, 32.80, 150.00, 56, 55, 0, 12584, P0, Not Active, Not Active, Not Active
2026/07/20 00:51:52.176, 1, ${V100_GPU_1_UUID}, 00000000:02:00.0, 892, 877, 30.24, 150.00, 54, 53, 0, 12584, P0, Not Active, Not Active, Not Active
2026/07/20 00:51:52.320, 0, ${V100_GPU_0_UUID}, 00000000:01:00.0, 892, 877, 82.33, 150.00, 56, 55, 0, 12584, P0, Not Active, Not Active, Not Active
2026/07/20 00:51:52.325, 1, ${V100_GPU_1_UUID}, 00000000:02:00.0, 892, 877, 93.30, 150.00, 54, 53, 0, 12584, P0, Not Active, Not Active, Not Active
2026/07/20 00:51:52.462, 0, ${V100_GPU_0_UUID}, 00000000:01:00.0, 892, 877, 99.64, 150.00, 57, 58, 13, 12584, P0, Not Active, Not Active, Not Active
2026/07/20 00:51:52.471, 1, ${V100_GPU_1_UUID}, 00000000:02:00.0, 892, 877, 97.56, 150.00, 56, 56, 52, 12584, P0, Not Active, Not Active, Not Active
2026/07/20 00:51:52.621, 0, ${V100_GPU_0_UUID}, 00000000:01:00.0, 892, 877, 107.55, 150.00, 58, 58, 100, 12584, P0, Not Active, Not Active, Not Active
2026/07/20 00:51:52.626, 1, ${V100_GPU_1_UUID}, 00000000:02:00.0, 892, 877, 109.18, 150.00, 56, 57, 100, 12584, P0, Not Active, Not Active, Not Active
2026/07/20 00:51:52.760, 0, ${V100_GPU_0_UUID}, 00000000:01:00.0, 892, 877, 101.40, 150.00, 58, 59, 100, 12584, P0, Not Active, Not Active, Not Active
2026/07/20 00:51:52.767, 1, ${V100_GPU_1_UUID}, 00000000:02:00.0, 892, 877, 102.09, 150.00, 56, 57, 100, 12584, P0, Not Active, Not Active, Not Active
2026/07/20 00:51:52.900, 0, ${V100_GPU_0_UUID}, 00000000:01:00.0, 892, 877, 105.66, 150.00, 58, 59, 100, 12584, P0, Not Active, Not Active, Not Active
2026/07/20 00:51:52.907, 1, ${V100_GPU_1_UUID}, 00000000:02:00.0, 892, 877, 108.01, 150.00, 56, 57, 100, 12584, P0, Not Active, Not Active, Not Active
2026/07/20 00:51:53.054, 0, ${V100_GPU_0_UUID}, 00000000:01:00.0, 892, 877, 33.26, 150.00, 57, 58, 100, 12584, P0, Not Active, Not Active, Not Active
2026/07/20 00:51:53.062, 1, ${V100_GPU_1_UUID}, 00000000:02:00.0, 892, 877, 30.72, 150.00, 55, 58, 43, 12584, P0, Not Active, Not Active, Not Active
2026/07/20 00:51:53.210, 0, ${V100_GPU_0_UUID}, 00000000:01:00.0, 892, 877, 32.83, 150.00, 57, 56, 6, 12584, P0, Not Active, Not Active, Not Active
2026/07/20 00:51:53.216, 1, ${V100_GPU_1_UUID}, 00000000:02:00.0, 892, 877, 30.76, 150.00, 55, 54, 43, 12584, P0, Not Active, Not Active, Not Active
2026/07/20 00:51:53.349, 0, ${V100_GPU_0_UUID}, 00000000:01:00.0, 892, 877, 101.13, 150.00, 58, 58, 53, 12584, P0, Not Active, Not Active, Not Active
2026/07/20 00:51:53.354, 1, ${V100_GPU_1_UUID}, 00000000:02:00.0, 892, 877, 109.73, 150.00, 56, 57, 0, 12584, P0, Not Active, Not Active, Not Active
2026/07/20 00:51:53.494, 0, ${V100_GPU_0_UUID}, 00000000:01:00.0, 892, 877, 100.93, 150.00, 58, 59, 100, 12584, P0, Not Active, Not Active, Not Active
2026/07/20 00:51:53.509, 1, ${V100_GPU_1_UUID}, 00000000:02:00.0, 892, 877, 106.13, 150.00, 56, 57, 92, 12584, P0, Not Active, Not Active, Not Active
2026/07/20 00:51:53.658, 0, ${V100_GPU_0_UUID}, 00000000:01:00.0, 892, 877, 106.53, 150.00, 58, 59, 100, 12584, P0, Not Active, Not Active, Not Active
2026/07/20 00:51:53.669, 1, ${V100_GPU_1_UUID}, 00000000:02:00.0, 892, 877, 104.93, 150.00, 57, 58, 100, 12584, P0, Not Active, Not Active, Not Active
2026/07/20 00:51:53.802, 0, ${V100_GPU_0_UUID}, 00000000:01:00.0, 892, 877, 103.08, 150.00, 59, 59, 100, 12584, P0, Not Active, Not Active, Not Active
2026/07/20 00:51:53.809, 1, ${V100_GPU_1_UUID}, 00000000:02:00.0, 892, 877, 106.74, 150.00, 57, 58, 100, 12584, P0, Not Active, Not Active, Not Active
2026/07/20 00:51:53.944, 0, ${V100_GPU_0_UUID}, 00000000:01:00.0, 892, 877, 37.13, 150.00, 58, 58, 100, 12584, P0, Not Active, Not Active, Not Active
2026/07/20 00:51:53.953, 1, ${V100_GPU_1_UUID}, 00000000:02:00.0, 892, 877, 32.64, 150.00, 56, 58, 100, 12584, P0, Not Active, Not Active, Not Active
2026/07/20 00:51:54.111, 0, ${V100_GPU_0_UUID}, 00000000:01:00.0, 892, 877, 33.26, 150.00, 57, 56, 65, 12584, P0, Not Active, Not Active, Not Active
2026/07/20 00:51:54.121, 1, ${V100_GPU_1_UUID}, 00000000:02:00.0, 892, 877, 30.72, 150.00, 55, 54, 2, 12584, P0, Not Active, Not Active, Not Active
2026/07/20 00:51:54.258, 0, ${V100_GPU_0_UUID}, 00000000:01:00.0, 892, 877, 32.83, 150.00, 57, 56, 0, 12584, P0, Not Active, Not Active, Not Active
2026/07/20 00:51:54.264, 1, ${V100_GPU_1_UUID}, 00000000:02:00.0, 892, 877, 30.74, 150.00, 55, 54, 0, 12584, P0, Not Active, Not Active, Not Active
2026/07/20 00:51:54.423, 0, ${V100_GPU_0_UUID}, 00000000:01:00.0, 892, 877, 32.85, 150.00, 57, 56, 0, 12584, P0, Not Active, Not Active, Not Active
2026/07/20 00:51:54.429, 1, ${V100_GPU_1_UUID}, 00000000:02:00.0, 892, 877, 30.76, 150.00, 55, 53, 0, 12584, P0, Not Active, Not Active, Not Active
2026/07/20 00:51:54.562, 0, ${V100_GPU_0_UUID}, 00000000:01:00.0, 892, 877, 34.75, 150.00, 57, 56, 20, 480, P0, Not Active, Not Active, Not Active
2026/07/20 00:51:54.567, 1, ${V100_GPU_1_UUID}, 00000000:02:00.0, 892, 877, 32.18, 150.00, 55, 53, 48, 480, P0, Not Active, Not Active, Not Active
2026/07/20 00:51:54.700, 0, ${V100_GPU_0_UUID}, 00000000:01:00.0, 892, 877, 34.75, 150.00, 56, 56, 100, 480, P0, Not Active, Not Active, Not Active
2026/07/20 00:51:54.705, 1, ${V100_GPU_1_UUID}, 00000000:02:00.0, 892, 877, 32.18, 150.00, 54, 54, 48, 480, P0, Not Active, Not Active, Not Active
2026/07/20 00:51:54.869, 0, ${V100_GPU_0_UUID}, 00000000:01:00.0, 892, 877, 34.29, 150.00, 56, 56, 100, 480, P0, Not Active, Not Active, Not Active
2026/07/20 00:51:54.877, 1, ${V100_GPU_1_UUID}, 00000000:02:00.0, 892, 877, 32.20, 150.00, 54, 54, 100, 480, P0, Not Active, Not Active, Not Active
2026/07/20 00:51:55.013, 0, ${V100_GPU_0_UUID}, 00000000:01:00.0, 892, 877, 34.27, 150.00, 56, 56, 100, 480, P0, Not Active, Not Active, Not Active
2026/07/20 00:51:55.018, 1, ${V100_GPU_1_UUID}, 00000000:02:00.0, 892, 877, 32.18, 150.00, 54, 54, 100, 480, P0, Not Active, Not Active, Not Active
2026/07/20 00:51:55.179, 0, ${V100_GPU_0_UUID}, 00000000:01:00.0, 892, 877, 32.85, 150.00, 56, 55, 7, 480, P0, Not Active, Not Active, Not Active
2026/07/20 00:51:55.185, 1, ${V100_GPU_1_UUID}, 00000000:02:00.0, 892, 877, 30.76, 150.00, 54, 53, 72, 480, P0, Not Active, Not Active, Not Active
2026/07/20 00:51:55.318, 0, ${V100_GPU_0_UUID}, 00000000:01:00.0, 892, 877, 32.85, 150.00, 56, 55, 7, 480, P0, Not Active, Not Active, Not Active
2026/07/20 00:51:55.324, 1, ${V100_GPU_1_UUID}, 00000000:02:00.0, 892, 877, 30.28, 150.00, 54, 53, 0, 480, P0, Not Active, Not Active, Not Active
2026/07/20 00:51:55.470, 0, ${V100_GPU_0_UUID}, 00000000:01:00.0, 892, 877, 32.85, 150.00, 56, 55, 0, 480, P0, Not Active, Not Active, Not Active
2026/07/20 00:51:55.476, 1, ${V100_GPU_1_UUID}, 00000000:02:00.0, 892, 877, 30.76, 150.00, 54, 53, 0, 480, P0, Not Active, Not Active, Not Active
2026/07/20 00:51:55.609, 0, ${V100_GPU_0_UUID}, 00000000:01:00.0, 892, 877, 32.85, 150.00, 56, 55, 0, 480, P0, Not Active, Not Active, Not Active
2026/07/20 00:51:55.615, 1, ${V100_GPU_1_UUID}, 00000000:02:00.0, 892, 877, 30.28, 150.00, 54, 53, 0, 480, P0, Not Active, Not Active, Not Active
2026/07/20 00:51:55.747, 0, ${V100_GPU_0_UUID}, 00000000:01:00.0, 892, 877, 32.83, 150.00, 56, 55, 0, 480, P0, Not Active, Not Active, Not Active
2026/07/20 00:51:55.752, 1, ${V100_GPU_1_UUID}, 00000000:02:00.0, 892, 877, 30.76, 150.00, 54, 53, 0, 480, P0, Not Active, Not Active, Not Active
2026/07/20 00:51:55.915, 0, ${V100_GPU_0_UUID}, 00000000:01:00.0, 892, 877, 32.85, 150.00, 56, 55, 0, 480, P0, Not Active, Not Active, Not Active
2026/07/20 00:51:55.923, 1, ${V100_GPU_1_UUID}, 00000000:02:00.0, 892, 877, 30.30, 150.00, 54, 53, 0, 480, P0, Not Active, Not Active, Not Active
2026/07/20 00:51:56.057, 0, ${V100_GPU_0_UUID}, 00000000:01:00.0, 892, 877, 32.85, 150.00, 56, 55, 0, 480, P0, Not Active, Not Active, Not Active
2026/07/20 00:51:56.063, 1, ${V100_GPU_1_UUID}, 00000000:02:00.0, 892, 877, 30.28, 150.00, 54, 53, 0, 480, P0, Not Active, Not Active, Not Active
2026/07/20 00:51:56.220, 0, ${V100_GPU_0_UUID}, 00000000:01:00.0, 892, 877, 32.85, 150.00, 56, 55, 0, 480, P0, Not Active, Not Active, Not Active
2026/07/20 00:51:56.227, 1, ${V100_GPU_1_UUID}, 00000000:02:00.0, 892, 877, 30.76, 150.00, 54, 53, 0, 480, P0, Not Active, Not Active, Not Active
2026/07/20 00:51:56.360, 0, ${V100_GPU_0_UUID}, 00000000:01:00.0, 892, 877, 32.85, 150.00, 56, 55, 0, 480, P0, Not Active, Not Active, Not Active
2026/07/20 00:51:56.366, 1, ${V100_GPU_1_UUID}, 00000000:02:00.0, 892, 877, 30.28, 150.00, 54, 53, 0, 480, P0, Not Active, Not Active, Not Active
2026/07/20 00:51:56.500, 0, ${V100_GPU_0_UUID}, 00000000:01:00.0, 892, 877, 32.85, 150.00, 56, 55, 0, 480, P0, Not Active, Not Active, Not Active
2026/07/20 00:51:56.506, 1, ${V100_GPU_1_UUID}, 00000000:02:00.0, 892, 877, 30.28, 150.00, 54, 53, 0, 480, P0, Not Active, Not Active, Not Active
2026/07/20 00:51:56.638, 0, ${V100_GPU_0_UUID}, 00000000:01:00.0, 892, 877, 32.85, 150.00, 56, 55, 0, 480, P0, Not Active, Not Active, Not Active
2026/07/20 00:51:56.644, 1, ${V100_GPU_1_UUID}, 00000000:02:00.0, 892, 877, 30.28, 150.00, 54, 53, 0, 480, P0, Not Active, Not Active, Not Active
2026/07/20 00:51:56.776, 0, ${V100_GPU_0_UUID}, 00000000:01:00.0, 892, 877, 32.85, 150.00, 56, 55, 0, 480, P0, Not Active, Not Active, Not Active
2026/07/20 00:51:56.782, 1, ${V100_GPU_1_UUID}, 00000000:02:00.0, 892, 877, 30.28, 150.00, 54, 53, 0, 480, P0, Not Active, Not Active, Not Active
2026/07/20 00:51:56.914, 0, ${V100_GPU_0_UUID}, 00000000:01:00.0, 892, 877, 32.85, 150.00, 56, 55, 0, 480, P0, Not Active, Not Active, Not Active
2026/07/20 00:51:56.919, 1, ${V100_GPU_1_UUID}, 00000000:02:00.0, 892, 877, 30.28, 150.00, 54, 53, 0, 480, P0, Not Active, Not Active, Not Active
2026/07/20 00:51:57.054, 0, ${V100_GPU_0_UUID}, 00000000:01:00.0, 892, 877, 32.85, 150.00, 56, 55, 0, 480, P0, Not Active, Not Active, Not Active
2026/07/20 00:51:57.060, 1, ${V100_GPU_1_UUID}, 00000000:02:00.0, 892, 877, 30.28, 150.00, 54, 53, 0, 480, P0, Not Active, Not Active, Not Active
2026/07/20 00:51:57.193, 0, ${V100_GPU_0_UUID}, 00000000:01:00.0, 892, 877, 32.85, 150.00, 56, 55, 0, 480, P0, Not Active, Not Active, Not Active
2026/07/20 00:51:57.198, 1, ${V100_GPU_1_UUID}, 00000000:02:00.0, 892, 877, 30.28, 150.00, 54, 53, 0, 480, P0, Not Active, Not Active, Not Active
2026/07/20 00:51:57.333, 0, ${V100_GPU_0_UUID}, 00000000:01:00.0, 892, 877, 32.85, 150.00, 56, 55, 0, 480, P0, Not Active, Not Active, Not Active
2026/07/20 00:51:57.340, 1, ${V100_GPU_1_UUID}, 00000000:02:00.0, 892, 877, 30.28, 150.00, 54, 53, 0, 480, P0, Not Active, Not Active, Not Active
2026/07/20 00:51:57.480, 0, ${V100_GPU_0_UUID}, 00000000:01:00.0, 892, 877, 32.85, 150.00, 56, 55, 0, 480, P0, Not Active, Not Active, Not Active
2026/07/20 00:51:57.488, 1, ${V100_GPU_1_UUID}, 00000000:02:00.0, 892, 877, 30.28, 150.00, 54, 53, 0, 480, P0, Not Active, Not Active, Not Active
2026/07/20 00:51:57.621, 0, ${V100_GPU_0_UUID}, 00000000:01:00.0, 892, 877, 32.85, 150.00, 56, 55, 0, 480, P0, Not Active, Not Active, Not Active
2026/07/20 00:51:57.627, 1, ${V100_GPU_1_UUID}, 00000000:02:00.0, 892, 877, 30.28, 150.00, 54, 53, 0, 480, P0, Not Active, Not Active, Not Active
2026/07/20 00:51:57.759, 0, ${V100_GPU_0_UUID}, 00000000:01:00.0, 892, 877, 32.85, 150.00, 56, 55, 0, 480, P0, Not Active, Not Active, Not Active
2026/07/20 00:51:57.764, 1, ${V100_GPU_1_UUID}, 00000000:02:00.0, 892, 877, 30.28, 150.00, 54, 53, 0, 480, P0, Not Active, Not Active, Not Active
2026/07/20 00:51:57.904, 0, ${V100_GPU_0_UUID}, 00000000:01:00.0, 892, 877, 32.85, 150.00, 56, 55, 0, 480, P0, Not Active, Not Active, Not Active
2026/07/20 00:51:57.912, 1, ${V100_GPU_1_UUID}, 00000000:02:00.0, 892, 877, 30.28, 150.00, 54, 53, 0, 480, P0, Not Active, Not Active, Not Active
2026/07/20 00:51:58.045, 0, ${V100_GPU_0_UUID}, 00000000:01:00.0, 892, 877, 32.83, 150.00, 56, 55, 0, 480, P0, Not Active, Not Active, Not Active
2026/07/20 00:51:58.051, 1, ${V100_GPU_1_UUID}, 00000000:02:00.0, 892, 877, 30.28, 150.00, 54, 53, 0, 480, P0, Not Active, Not Active, Not Active
2026/07/20 00:51:58.213, 0, ${V100_GPU_0_UUID}, 00000000:01:00.0, 892, 877, 32.85, 150.00, 56, 55, 0, 480, P0, Not Active, Not Active, Not Active
2026/07/20 00:51:58.220, 1, ${V100_GPU_1_UUID}, 00000000:02:00.0, 892, 877, 30.30, 150.00, 54, 53, 0, 480, P0, Not Active, Not Active, Not Active
2026/07/20 00:51:58.354, 0, ${V100_GPU_0_UUID}, 00000000:01:00.0, 892, 877, 32.83, 150.00, 56, 55, 0, 480, P0, Not Active, Not Active, Not Active
2026/07/20 00:51:58.359, 1, ${V100_GPU_1_UUID}, 00000000:02:00.0, 892, 877, 30.28, 150.00, 54, 53, 0, 480, P0, Not Active, Not Active, Not Active
2026/07/20 00:51:58.520, 0, ${V100_GPU_0_UUID}, 00000000:01:00.0, 892, 877, 33.31, 150.00, 56, 55, 13, 5, P0, Not Active, Not Active, Not Active
2026/07/20 00:51:58.526, 1, ${V100_GPU_1_UUID}, 00000000:02:00.0, 892, 877, 30.74, 150.00, 54, 53, 0, 5, P0, Not Active, Not Active, Not Active
