timestamp,index,uuid,pci_bus_id,graphics_clock_mhz,memory_clock_mhz,power_w,power_limit_w,gpu_temperature_c,memory_temperature_c,gpu_util_pct,memory_used_mib,pstate,sw_power_cap,sw_thermal_slowdown,hw_thermal_slowdown
2026/07/20 00:54:30.102, 0, ${V100_GPU_0_UUID}, 00000000:01:00.0, 892, 877, 32.37, 150.00, 55, 54, 0, 5, P0, Not Active, Not Active, Not Active
2026/07/20 00:54:30.108, 1, ${V100_GPU_1_UUID}, 00000000:02:00.0, 892, 877, 30.28, 150.00, 53, 52, 0, 5, P0, Not Active, Not Active, Not Active
2026/07/20 00:54:30.201, 0, ${V100_GPU_0_UUID}, 00000000:01:00.0, 892, 877, 32.35, 150.00, 55, 54, 0, 8, P0, Not Active, Not Active, Not Active
2026/07/20 00:54:30.208, 1, ${V100_GPU_1_UUID}, 00000000:02:00.0, 892, 877, 30.28, 150.00, 53, 52, 0, 8, P0, Not Active, Not Active, Not Active
2026/07/20 00:54:30.290, 0, ${V100_GPU_0_UUID}, 00000000:01:00.0, 892, 877, 32.35, 150.00, 55, 54, 0, 8, P0, Not Active, Not Active, Not Active
2026/07/20 00:54:30.296, 1, ${V100_GPU_1_UUID}, 00000000:02:00.0, 892, 877, 30.28, 150.00, 53, 52, 0, 8, P0, Not Active, Not Active, Not Active
2026/07/20 00:54:30.378, 0, ${V100_GPU_0_UUID}, 00000000:01:00.0, 892, 877, 32.35, 150.00, 55, 54, 0, 8, P0, Not Active, Not Active, Not Active
2026/07/20 00:54:30.383, 1, ${V100_GPU_1_UUID}, 00000000:02:00.0, 892, 877, 30.26, 150.00, 53, 52, 0, 8, P0, Not Active, Not Active, Not Active
2026/07/20 00:54:30.465, 0, ${V100_GPU_0_UUID}, 00000000:01:00.0, 892, 877, 32.35, 150.00, 55, 54, 0, 8, P0, Not Active, Not Active, Not Active
2026/07/20 00:54:30.471, 1, ${V100_GPU_1_UUID}, 00000000:02:00.0, 892, 877, 30.26, 150.00, 53, 52, 0, 8, P0, Not Active, Not Active, Not Active
2026/07/20 00:54:30.557, 0, ${V100_GPU_0_UUID}, 00000000:01:00.0, 892, 877, 32.35, 150.00, 55, 54, 0, 20, P0, Not Active, Not Active, Not Active
2026/07/20 00:54:30.564, 1, ${V100_GPU_1_UUID}, 00000000:02:00.0, 892, 877, 30.28, 150.00, 53, 52, 0, 8, P0, Not Active, Not Active, Not Active
2026/07/20 00:54:30.659, 0, ${V100_GPU_0_UUID}, 00000000:01:00.0, 892, 877, 32.35, 150.00, 55, 54, 0, 316, P0, Not Active, Not Active, Not Active
2026/07/20 00:54:30.669, 1, ${V100_GPU_1_UUID}, 00000000:02:00.0, 892, 877, 30.28, 150.00, 53, 52, 0, 20, P0, Not Active, Not Active, Not Active
2026/07/20 00:54:30.754, 0, ${V100_GPU_0_UUID}, 00000000:01:00.0, 892, 877, 32.37, 150.00, 55, 54, 3, 316, P0, Not Active, Not Active, Not Active
2026/07/20 00:54:30.760, 1, ${V100_GPU_1_UUID}, 00000000:02:00.0, 892, 877, 30.28, 150.00, 53, 52, 0, 316, P0, Not Active, Not Active, Not Active
2026/07/20 00:54:30.842, 0, ${V100_GPU_0_UUID}, 00000000:01:00.0, 892, 877, 32.37, 150.00, 55, 54, 3, 316, P0, Not Active, Not Active, Not Active
2026/07/20 00:54:30.847, 1, ${V100_GPU_1_UUID}, 00000000:02:00.0, 892, 877, 30.28, 150.00, 53, 52, 3, 316, P0, Not Active, Not Active, Not Active
2026/07/20 00:54:30.929, 0, ${V100_GPU_0_UUID}, 00000000:01:00.0, 892, 877, 32.37, 150.00, 55, 54, 0, 316, P0, Not Active, Not Active, Not Active
2026/07/20 00:54:30.934, 1, ${V100_GPU_1_UUID}, 00000000:02:00.0, 892, 877, 30.28, 150.00, 53, 52, 0, 316, P0, Not Active, Not Active, Not Active
2026/07/20 00:54:31.017, 0, ${V100_GPU_0_UUID}, 00000000:01:00.0, 892, 877, 32.37, 150.00, 55, 54, 0, 316, P0, Not Active, Not Active, Not Active
2026/07/20 00:54:31.023, 1, ${V100_GPU_1_UUID}, 00000000:02:00.0, 892, 877, 29.80, 150.00, 53, 52, 0, 316, P0, Not Active, Not Active, Not Active
2026/07/20 00:54:31.105, 0, ${V100_GPU_0_UUID}, 00000000:01:00.0, 892, 877, 32.37, 150.00, 55, 54, 0, 316, P0, Not Active, Not Active, Not Active
2026/07/20 00:54:31.112, 1, ${V100_GPU_1_UUID}, 00000000:02:00.0, 892, 877, 30.30, 150.00, 53, 52, 0, 316, P0, Not Active, Not Active, Not Active
2026/07/20 00:54:31.193, 0, ${V100_GPU_0_UUID}, 00000000:01:00.0, 892, 877, 32.35, 150.00, 55, 54, 0, 316, P0, Not Active, Not Active, Not Active
2026/07/20 00:54:31.200, 1, ${V100_GPU_1_UUID}, 00000000:02:00.0, 892, 877, 30.28, 150.00, 53, 52, 0, 316, P0, Not Active, Not Active, Not Active
2026/07/20 00:54:31.282, 0, ${V100_GPU_0_UUID}, 00000000:01:00.0, 892, 877, 32.37, 150.00, 55, 54, 0, 316, P0, Not Active, Not Active, Not Active
2026/07/20 00:54:31.288, 1, ${V100_GPU_1_UUID}, 00000000:02:00.0, 892, 877, 30.28, 150.00, 53, 52, 0, 316, P0, Not Active, Not Active, Not Active
2026/07/20 00:54:31.397, 0, ${V100_GPU_0_UUID}, 00000000:01:00.0, 892, 877, 32.39, 150.00, 55, 54, 0, 316, P0, Not Active, Not Active, Not Active
2026/07/20 00:54:31.405, 1, ${V100_GPU_1_UUID}, 00000000:02:00.0, 892, 877, 30.30, 150.00, 53, 52, 0, 316, P0, Not Active, Not Active, Not Active
2026/07/20 00:54:31.501, 0, ${V100_GPU_0_UUID}, 00000000:01:00.0, 892, 877, 32.39, 150.00, 55, 54, 0, 316, P0, Not Active, Not Active, Not Active
2026/07/20 00:54:31.509, 1, ${V100_GPU_1_UUID}, 00000000:02:00.0, 892, 877, 29.82, 150.00, 53, 52, 0, 316, P0, Not Active, Not Active, Not Active
2026/07/20 00:54:31.592, 0, ${V100_GPU_0_UUID}, 00000000:01:00.0, 892, 877, 32.37, 150.00, 55, 54, 0, 316, P0, Not Active, Not Active, Not Active
2026/07/20 00:54:31.597, 1, ${V100_GPU_1_UUID}, 00000000:02:00.0, 892, 877, 30.28, 150.00, 53, 52, 0, 316, P0, Not Active, Not Active, Not Active
2026/07/20 00:54:31.706, 0, ${V100_GPU_0_UUID}, 00000000:01:00.0, 892, 877, 32.39, 150.00, 55, 54, 0, 316, P0, Not Active, Not Active, Not Active
2026/07/20 00:54:31.716, 1, ${V100_GPU_1_UUID}, 00000000:02:00.0, 892, 877, 30.30, 150.00, 53, 52, 0, 316, P0, Not Active, Not Active, Not Active
2026/07/20 00:54:31.812, 0, ${V100_GPU_0_UUID}, 00000000:01:00.0, 892, 877, 32.37, 150.00, 55, 54, 0, 316, P0, Not Active, Not Active, Not Active
2026/07/20 00:54:31.818, 1, ${V100_GPU_1_UUID}, 00000000:02:00.0, 892, 877, 30.28, 150.00, 53, 52, 0, 316, P0, Not Active, Not Active, Not Active
2026/07/20 00:54:31.901, 0, ${V100_GPU_0_UUID}, 00000000:01:00.0, 892, 877, 32.39, 150.00, 55, 54, 0, 316, P0, Not Active, Not Active, Not Active
2026/07/20 00:54:31.908, 1, ${V100_GPU_1_UUID}, 00000000:02:00.0, 892, 877, 30.30, 150.00, 53, 52, 0, 316, P0, Not Active, Not Active, Not Active
2026/07/20 00:54:32.023, 0, ${V100_GPU_0_UUID}, 00000000:01:00.0, 892, 877, 32.39, 150.00, 55, 54, 0, 316, P0, Not Active, Not Active, Not Active
2026/07/20 00:54:32.031, 1, ${V100_GPU_1_UUID}, 00000000:02:00.0, 892, 877, 30.30, 150.00, 53, 52, 0, 316, P0, Not Active, Not Active, Not Active
2026/07/20 00:54:32.113, 0, ${V100_GPU_0_UUID}, 00000000:01:00.0, 892, 877, 32.37, 150.00, 55, 54, 0, 316, P0, Not Active, Not Active, Not Active
2026/07/20 00:54:32.119, 1, ${V100_GPU_1_UUID}, 00000000:02:00.0, 892, 877, 30.28, 150.00, 53, 52, 0, 316, P0, Not Active, Not Active, Not Active
2026/07/20 00:54:32.205, 0, ${V100_GPU_0_UUID}, 00000000:01:00.0, 892, 877, 32.39, 150.00, 55, 54, 0, 316, P0, Not Active, Not Active, Not Active
2026/07/20 00:54:32.212, 1, ${V100_GPU_1_UUID}, 00000000:02:00.0, 892, 877, 30.30, 150.00, 53, 52, 0, 316, P0, Not Active, Not Active, Not Active
2026/07/20 00:54:32.321, 0, ${V100_GPU_0_UUID}, 00000000:01:00.0, 892, 877, 32.37, 150.00, 55, 54, 0, 316, P0, Not Active, Not Active, Not Active
2026/07/20 00:54:32.327, 1, ${V100_GPU_1_UUID}, 00000000:02:00.0, 892, 877, 30.28, 150.00, 53, 51, 0, 316, P0, Not Active, Not Active, Not Active
2026/07/20 00:54:32.409, 0, ${V100_GPU_0_UUID}, 00000000:01:00.0, 892, 877, 32.37, 150.00, 55, 54, 0, 316, P0, Not Active, Not Active, Not Active
2026/07/20 00:54:32.416, 1, ${V100_GPU_1_UUID}, 00000000:02:00.0, 892, 877, 29.82, 150.00, 53, 52, 0, 316, P0, Not Active, Not Active, Not Active
2026/07/20 00:54:32.529, 0, ${V100_GPU_0_UUID}, 00000000:01:00.0, 892, 877, 32.39, 150.00, 55, 54, 0, 316, P0, Not Active, Not Active, Not Active
2026/07/20 00:54:32.538, 1, ${V100_GPU_1_UUID}, 00000000:02:00.0, 892, 877, 30.30, 150.00, 53, 52, 0, 316, P0, Not Active, Not Active, Not Active
2026/07/20 00:54:32.621, 0, ${V100_GPU_0_UUID}, 00000000:01:00.0, 892, 877, 32.37, 150.00, 55, 54, 0, 316, P0, Not Active, Not Active, Not Active
2026/07/20 00:54:32.627, 1, ${V100_GPU_1_UUID}, 00000000:02:00.0, 892, 877, 30.28, 150.00, 53, 52, 0, 316, P0, Not Active, Not Active, Not Active
2026/07/20 00:54:32.736, 0, ${V100_GPU_0_UUID}, 00000000:01:00.0, 892, 877, 32.39, 150.00, 55, 54, 0, 316, P0, Not Active, Not Active, Not Active
2026/07/20 00:54:32.746, 1, ${V100_GPU_1_UUID}, 00000000:02:00.0, 892, 877, 30.30, 150.00, 53, 52, 0, 316, P0, Not Active, Not Active, Not Active
2026/07/20 00:54:32.831, 0, ${V100_GPU_0_UUID}, 00000000:01:00.0, 892, 877, 32.35, 150.00, 55, 54, 0, 316, P0, Not Active, Not Active, Not Active
2026/07/20 00:54:32.838, 1, ${V100_GPU_1_UUID}, 00000000:02:00.0, 892, 877, 30.28, 150.00, 53, 52, 0, 316, P0, Not Active, Not Active, Not Active
2026/07/20 00:54:32.922, 0, ${V100_GPU_0_UUID}, 00000000:01:00.0, 892, 877, 32.39, 150.00, 55, 54, 0, 316, P0, Not Active, Not Active, Not Active
2026/07/20 00:54:32.941, 1, ${V100_GPU_1_UUID}, 00000000:02:00.0, 892, 877, 30.30, 150.00, 53, 52, 0, 316, P0, Not Active, Not Active, Not Active
2026/07/20 00:54:33.059, 0, ${V100_GPU_0_UUID}, 00000000:01:00.0, 892, 877, 32.39, 150.00, 55, 54, 0, 316, P0, Not Active, Not Active, Not Active
2026/07/20 00:54:33.067, 1, ${V100_GPU_1_UUID}, 00000000:02:00.0, 892, 877, 30.30, 150.00, 53, 52, 0, 316, P0, Not Active, Not Active, Not Active
2026/07/20 00:54:33.150, 0, ${V100_GPU_0_UUID}, 00000000:01:00.0, 892, 877, 32.37, 150.00, 55, 54, 0, 316, P0, Not Active, Not Active, Not Active
2026/07/20 00:54:33.155, 1, ${V100_GPU_1_UUID}, 00000000:02:00.0, 892, 877, 29.82, 150.00, 53, 52, 0, 316, P0, Not Active, Not Active, Not Active
2026/07/20 00:54:33.264, 0, ${V100_GPU_0_UUID}, 00000000:01:00.0, 892, 877, 32.39, 150.00, 55, 54, 0, 316, P0, Not Active, Not Active, Not Active
2026/07/20 00:54:33.273, 1, ${V100_GPU_1_UUID}, 00000000:02:00.0, 892, 877, 30.30, 150.00, 53, 52, 0, 316, P0, Not Active, Not Active, Not Active
2026/07/20 00:54:33.356, 0, ${V100_GPU_0_UUID}, 00000000:01:00.0, 892, 877, 32.35, 150.00, 55, 54, 0, 316, P0, Not Active, Not Active, Not Active
2026/07/20 00:54:33.362, 1, ${V100_GPU_1_UUID}, 00000000:02:00.0, 892, 877, 30.28, 150.00, 53, 52, 0, 316, P0, Not Active, Not Active, Not Active
2026/07/20 00:54:33.451, 0, ${V100_GPU_0_UUID}, 00000000:01:00.0, 892, 877, 32.39, 150.00, 55, 54, 0, 316, P0, Not Active, Not Active, Not Active
2026/07/20 00:54:33.459, 1, ${V100_GPU_1_UUID}, 00000000:02:00.0, 892, 877, 29.82, 150.00, 53, 52, 0, 316, P0, Not Active, Not Active, Not Active
2026/07/20 00:54:33.576, 0, ${V100_GPU_0_UUID}, 00000000:01:00.0, 892, 877, 32.39, 150.00, 55, 54, 0, 316, P0, Not Active, Not Active, Not Active
2026/07/20 00:54:33.585, 1, ${V100_GPU_1_UUID}, 00000000:02:00.0, 892, 877, 29.82, 150.00, 53, 52, 0, 316, P0, Not Active, Not Active, Not Active
2026/07/20 00:54:33.670, 0, ${V100_GPU_0_UUID}, 00000000:01:00.0, 892, 877, 32.37, 150.00, 55, 54, 0, 316, P0, Not Active, Not Active, Not Active
2026/07/20 00:54:33.675, 1, ${V100_GPU_1_UUID}, 00000000:02:00.0, 892, 877, 30.28, 150.00, 53, 52, 0, 316, P0, Not Active, Not Active, Not Active
2026/07/20 00:54:33.765, 0, ${V100_GPU_0_UUID}, 00000000:01:00.0, 892, 877, 32.39, 150.00, 55, 54, 0, 316, P0, Not Active, Not Active, Not Active
2026/07/20 00:54:33.774, 1, ${V100_GPU_1_UUID}, 00000000:02:00.0, 892, 877, 30.30, 150.00, 53, 52, 0, 316, P0, Not Active, Not Active, Not Active
2026/07/20 00:54:33.861, 0, ${V100_GPU_0_UUID}, 00000000:01:00.0, 892, 877, 32.37, 150.00, 55, 54, 0, 316, P0, Not Active, Not Active, Not Active
2026/07/20 00:54:33.867, 1, ${V100_GPU_1_UUID}, 00000000:02:00.0, 892, 877, 30.28, 150.00, 53, 52, 0, 316, P0, Not Active, Not Active, Not Active
2026/07/20 00:54:33.953, 0, ${V100_GPU_0_UUID}, 00000000:01:00.0, 892, 877, 32.39, 150.00, 55, 54, 0, 316, P0, Not Active, Not Active, Not Active
2026/07/20 00:54:33.962, 1, ${V100_GPU_1_UUID}, 00000000:02:00.0, 892, 877, 29.82, 150.00, 53, 52, 0, 316, P0, Not Active, Not Active, Not Active
2026/07/20 00:54:34.076, 0, ${V100_GPU_0_UUID}, 00000000:01:00.0, 892, 877, 32.39, 150.00, 55, 54, 0, 316, P0, Not Active, Not Active, Not Active
2026/07/20 00:54:34.084, 1, ${V100_GPU_1_UUID}, 00000000:02:00.0, 892, 877, 30.30, 150.00, 53, 52, 0, 316, P0, Not Active, Not Active, Not Active
2026/07/20 00:54:34.170, 0, ${V100_GPU_0_UUID}, 00000000:01:00.0, 892, 877, 32.37, 150.00, 55, 54, 0, 316, P0, Not Active, Not Active, Not Active
2026/07/20 00:54:34.177, 1, ${V100_GPU_1_UUID}, 00000000:02:00.0, 892, 877, 30.30, 150.00, 53, 52, 0, 316, P0, Not Active, Not Active, Not Active
2026/07/20 00:54:34.266, 0, ${V100_GPU_0_UUID}, 00000000:01:00.0, 892, 877, 32.39, 150.00, 55, 54, 0, 316, P0, Not Active, Not Active, Not Active
2026/07/20 00:54:34.274, 1, ${V100_GPU_1_UUID}, 00000000:02:00.0, 892, 877, 30.30, 150.00, 53, 52, 0, 316, P0, Not Active, Not Active, Not Active
2026/07/20 00:54:34.390, 0, ${V100_GPU_0_UUID}, 00000000:01:00.0, 892, 877, 32.37, 150.00, 55, 54, 0, 316, P0, Not Active, Not Active, Not Active
2026/07/20 00:54:34.396, 1, ${V100_GPU_1_UUID}, 00000000:02:00.0, 892, 877, 30.28, 150.00, 53, 52, 0, 316, P0, Not Active, Not Active, Not Active
2026/07/20 00:54:34.478, 0, ${V100_GPU_0_UUID}, 00000000:01:00.0, 892, 877, 32.37, 150.00, 55, 54, 0, 316, P0, Not Active, Not Active, Not Active
2026/07/20 00:54:34.484, 1, ${V100_GPU_1_UUID}, 00000000:02:00.0, 892, 877, 30.28, 150.00, 53, 52, 0, 316, P0, Not Active, Not Active, Not Active
2026/07/20 00:54:34.567, 0, ${V100_GPU_0_UUID}, 00000000:01:00.0, 892, 877, 32.37, 150.00, 55, 54, 0, 316, P0, Not Active, Not Active, Not Active
2026/07/20 00:54:34.573, 1, ${V100_GPU_1_UUID}, 00000000:02:00.0, 892, 877, 30.28, 150.00, 53, 52, 0, 316, P0, Not Active, Not Active, Not Active
2026/07/20 00:54:34.655, 0, ${V100_GPU_0_UUID}, 00000000:01:00.0, 892, 877, 32.37, 150.00, 55, 54, 0, 316, P0, Not Active, Not Active, Not Active
2026/07/20 00:54:34.661, 1, ${V100_GPU_1_UUID}, 00000000:02:00.0, 892, 877, 30.28, 150.00, 53, 52, 0, 316, P0, Not Active, Not Active, Not Active
2026/07/20 00:54:34.743, 0, ${V100_GPU_0_UUID}, 00000000:01:00.0, 892, 877, 32.37, 150.00, 55, 54, 0, 316, P0, Not Active, Not Active, Not Active
2026/07/20 00:54:34.749, 1, ${V100_GPU_1_UUID}, 00000000:02:00.0, 892, 877, 30.30, 150.00, 53, 52, 0, 316, P0, Not Active, Not Active, Not Active
2026/07/20 00:54:34.854, 0, ${V100_GPU_0_UUID}, 00000000:01:00.0, 892, 877, 32.39, 150.00, 55, 54, 0, 316, P0, Not Active, Not Active, Not Active
2026/07/20 00:54:34.861, 1, ${V100_GPU_1_UUID}, 00000000:02:00.0, 892, 877, 30.30, 150.00, 53, 52, 0, 316, P0, Not Active, Not Active, Not Active
2026/07/20 00:54:34.946, 0, ${V100_GPU_0_UUID}, 00000000:01:00.0, 892, 877, 32.37, 150.00, 55, 54, 0, 316, P0, Not Active, Not Active, Not Active
2026/07/20 00:54:34.951, 1, ${V100_GPU_1_UUID}, 00000000:02:00.0, 892, 877, 30.28, 150.00, 53, 52, 0, 316, P0, Not Active, Not Active, Not Active
2026/07/20 00:54:35.054, 0, ${V100_GPU_0_UUID}, 00000000:01:00.0, 892, 877, 32.39, 150.00, 55, 54, 0, 316, P0, Not Active, Not Active, Not Active
2026/07/20 00:54:35.067, 1, ${V100_GPU_1_UUID}, 00000000:02:00.0, 892, 877, 29.82, 150.00, 53, 52, 0, 316, P0, Not Active, Not Active, Not Active
2026/07/20 00:54:35.154, 0, ${V100_GPU_0_UUID}, 00000000:01:00.0, 892, 877, 32.37, 150.00, 55, 54, 0, 316, P0, Not Active, Not Active, Not Active
2026/07/20 00:54:35.160, 1, ${V100_GPU_1_UUID}, 00000000:02:00.0, 892, 877, 29.80, 150.00, 53, 52, 0, 316, P0, Not Active, Not Active, Not Active
2026/07/20 00:54:35.252, 0, ${V100_GPU_0_UUID}, 00000000:01:00.0, 892, 877, 32.39, 150.00, 55, 54, 0, 316, P0, Not Active, Not Active, Not Active
2026/07/20 00:54:35.262, 1, ${V100_GPU_1_UUID}, 00000000:02:00.0, 892, 877, 30.30, 150.00, 53, 52, 0, 316, P0, Not Active, Not Active, Not Active
2026/07/20 00:54:35.377, 0, ${V100_GPU_0_UUID}, 00000000:01:00.0, 892, 877, 32.37, 150.00, 55, 54, 0, 316, P0, Not Active, Not Active, Not Active
2026/07/20 00:54:35.383, 1, ${V100_GPU_1_UUID}, 00000000:02:00.0, 892, 877, 30.28, 150.00, 53, 52, 0, 316, P0, Not Active, Not Active, Not Active
2026/07/20 00:54:35.466, 0, ${V100_GPU_0_UUID}, 00000000:01:00.0, 892, 877, 32.37, 150.00, 55, 54, 0, 316, P0, Not Active, Not Active, Not Active
2026/07/20 00:54:35.472, 1, ${V100_GPU_1_UUID}, 00000000:02:00.0, 892, 877, 30.30, 150.00, 53, 52, 0, 316, P0, Not Active, Not Active, Not Active
2026/07/20 00:54:35.554, 0, ${V100_GPU_0_UUID}, 00000000:01:00.0, 892, 877, 32.37, 150.00, 55, 54, 0, 316, P0, Not Active, Not Active, Not Active
2026/07/20 00:54:35.559, 1, ${V100_GPU_1_UUID}, 00000000:02:00.0, 892, 877, 30.30, 150.00, 53, 52, 0, 316, P0, Not Active, Not Active, Not Active
2026/07/20 00:54:35.665, 0, ${V100_GPU_0_UUID}, 00000000:01:00.0, 892, 877, 32.39, 150.00, 55, 54, 0, 316, P0, Not Active, Not Active, Not Active
2026/07/20 00:54:35.672, 1, ${V100_GPU_1_UUID}, 00000000:02:00.0, 892, 877, 30.30, 150.00, 53, 52, 0, 316, P0, Not Active, Not Active, Not Active
2026/07/20 00:54:35.754, 0, ${V100_GPU_0_UUID}, 00000000:01:00.0, 892, 877, 32.37, 150.00, 55, 54, 0, 316, P0, Not Active, Not Active, Not Active
2026/07/20 00:54:35.760, 1, ${V100_GPU_1_UUID}, 00000000:02:00.0, 892, 877, 30.30, 150.00, 53, 52, 0, 316, P0, Not Active, Not Active, Not Active
2026/07/20 00:54:35.862, 0, ${V100_GPU_0_UUID}, 00000000:01:00.0, 892, 877, 32.39, 150.00, 55, 54, 0, 316, P0, Not Active, Not Active, Not Active
2026/07/20 00:54:35.873, 1, ${V100_GPU_1_UUID}, 00000000:02:00.0, 892, 877, 30.30, 150.00, 53, 52, 0, 316, P0, Not Active, Not Active, Not Active
2026/07/20 00:54:35.959, 0, ${V100_GPU_0_UUID}, 00000000:01:00.0, 892, 877, 32.35, 150.00, 55, 54, 0, 316, P0, Not Active, Not Active, Not Active
2026/07/20 00:54:35.965, 1, ${V100_GPU_1_UUID}, 00000000:02:00.0, 892, 877, 30.28, 150.00, 53, 52, 0, 316, P0, Not Active, Not Active, Not Active
2026/07/20 00:54:36.054, 0, ${V100_GPU_0_UUID}, 00000000:01:00.0, 892, 877, 32.39, 150.00, 55, 54, 0, 316, P0, Not Active, Not Active, Not Active
2026/07/20 00:54:36.063, 1, ${V100_GPU_1_UUID}, 00000000:02:00.0, 892, 877, 29.82, 150.00, 53, 52, 0, 316, P0, Not Active, Not Active, Not Active
2026/07/20 00:54:36.180, 0, ${V100_GPU_0_UUID}, 00000000:01:00.0, 892, 877, 32.37, 150.00, 55, 54, 0, 316, P0, Not Active, Not Active, Not Active
2026/07/20 00:54:36.187, 1, ${V100_GPU_1_UUID}, 00000000:02:00.0, 892, 877, 30.28, 150.00, 53, 52, 0, 316, P0, Not Active, Not Active, Not Active
2026/07/20 00:54:36.277, 0, ${V100_GPU_0_UUID}, 00000000:01:00.0, 892, 877, 32.39, 150.00, 55, 54, 0, 316, P0, Not Active, Not Active, Not Active
2026/07/20 00:54:36.285, 1, ${V100_GPU_1_UUID}, 00000000:02:00.0, 892, 877, 29.82, 150.00, 53, 52, 0, 316, P0, Not Active, Not Active, Not Active
2026/07/20 00:54:36.372, 0, ${V100_GPU_0_UUID}, 00000000:01:00.0, 892, 877, 32.39, 150.00, 55, 54, 0, 316, P0, Not Active, Not Active, Not Active
2026/07/20 00:54:36.379, 1, ${V100_GPU_1_UUID}, 00000000:02:00.0, 892, 877, 30.30, 150.00, 53, 52, 0, 316, P0, Not Active, Not Active, Not Active
2026/07/20 00:54:36.468, 0, ${V100_GPU_0_UUID}, 00000000:01:00.0, 892, 877, 32.37, 150.00, 55, 54, 0, 316, P0, Not Active, Not Active, Not Active
2026/07/20 00:54:36.474, 1, ${V100_GPU_1_UUID}, 00000000:02:00.0, 892, 877, 30.30, 150.00, 53, 52, 0, 316, P0, Not Active, Not Active, Not Active
2026/07/20 00:54:36.575, 0, ${V100_GPU_0_UUID}, 00000000:01:00.0, 892, 877, 32.39, 150.00, 55, 54, 0, 316, P0, Not Active, Not Active, Not Active
2026/07/20 00:54:36.587, 1, ${V100_GPU_1_UUID}, 00000000:02:00.0, 892, 877, 29.82, 150.00, 53, 52, 0, 316, P0, Not Active, Not Active, Not Active
2026/07/20 00:54:36.674, 0, ${V100_GPU_0_UUID}, 00000000:01:00.0, 892, 877, 32.37, 150.00, 55, 54, 0, 316, P0, Not Active, Not Active, Not Active
2026/07/20 00:54:36.681, 1, ${V100_GPU_1_UUID}, 00000000:02:00.0, 892, 877, 30.30, 150.00, 53, 51, 0, 316, P0, Not Active, Not Active, Not Active
2026/07/20 00:54:36.767, 0, ${V100_GPU_0_UUID}, 00000000:01:00.0, 892, 877, 32.39, 150.00, 55, 54, 0, 316, P0, Not Active, Not Active, Not Active
2026/07/20 00:54:36.774, 1, ${V100_GPU_1_UUID}, 00000000:02:00.0, 892, 877, 29.82, 150.00, 53, 52, 0, 316, P0, Not Active, Not Active, Not Active
2026/07/20 00:54:36.887, 0, ${V100_GPU_0_UUID}, 00000000:01:00.0, 892, 877, 32.37, 150.00, 55, 54, 0, 316, P0, Not Active, Not Active, Not Active
2026/07/20 00:54:36.893, 1, ${V100_GPU_1_UUID}, 00000000:02:00.0, 892, 877, 29.80, 150.00, 53, 52, 0, 316, P0, Not Active, Not Active, Not Active
2026/07/20 00:54:36.984, 0, ${V100_GPU_0_UUID}, 00000000:01:00.0, 892, 877, 32.39, 150.00, 55, 54, 0, 316, P0, Not Active, Not Active, Not Active
2026/07/20 00:54:36.994, 1, ${V100_GPU_1_UUID}, 00000000:02:00.0, 892, 877, 30.30, 150.00, 53, 52, 0, 316, P0, Not Active, Not Active, Not Active
2026/07/20 00:54:37.082, 0, ${V100_GPU_0_UUID}, 00000000:01:00.0, 892, 877, 32.37, 150.00, 55, 54, 0, 316, P0, Not Active, Not Active, Not Active
2026/07/20 00:54:37.090, 1, ${V100_GPU_1_UUID}, 00000000:02:00.0, 892, 877, 30.28, 150.00, 53, 52, 0, 316, P0, Not Active, Not Active, Not Active
2026/07/20 00:54:37.174, 0, ${V100_GPU_0_UUID}, 00000000:01:00.0, 892, 877, 32.37, 150.00, 55, 54, 0, 316, P0, Not Active, Not Active, Not Active
2026/07/20 00:54:37.179, 1, ${V100_GPU_1_UUID}, 00000000:02:00.0, 892, 877, 30.28, 150.00, 53, 52, 0, 316, P0, Not Active, Not Active, Not Active
2026/07/20 00:54:37.262, 0, ${V100_GPU_0_UUID}, 00000000:01:00.0, 892, 877, 32.37, 150.00, 55, 54, 0, 316, P0, Not Active, Not Active, Not Active
2026/07/20 00:54:37.268, 1, ${V100_GPU_1_UUID}, 00000000:02:00.0, 892, 877, 30.28, 150.00, 53, 52, 0, 316, P0, Not Active, Not Active, Not Active
2026/07/20 00:54:37.350, 0, ${V100_GPU_0_UUID}, 00000000:01:00.0, 892, 877, 32.37, 150.00, 55, 54, 0, 316, P0, Not Active, Not Active, Not Active
2026/07/20 00:54:37.357, 1, ${V100_GPU_1_UUID}, 00000000:02:00.0, 892, 877, 30.28, 150.00, 53, 52, 0, 316, P0, Not Active, Not Active, Not Active
2026/07/20 00:54:37.440, 0, ${V100_GPU_0_UUID}, 00000000:01:00.0, 892, 877, 32.37, 150.00, 55, 54, 0, 316, P0, Not Active, Not Active, Not Active
2026/07/20 00:54:37.446, 1, ${V100_GPU_1_UUID}, 00000000:02:00.0, 892, 877, 30.28, 150.00, 53, 52, 0, 316, P0, Not Active, Not Active, Not Active
2026/07/20 00:54:37.528, 0, ${V100_GPU_0_UUID}, 00000000:01:00.0, 892, 877, 32.35, 150.00, 55, 54, 0, 316, P0, Not Active, Not Active, Not Active
2026/07/20 00:54:37.534, 1, ${V100_GPU_1_UUID}, 00000000:02:00.0, 892, 877, 30.28, 150.00, 53, 52, 0, 316, P0, Not Active, Not Active, Not Active
2026/07/20 00:54:37.621, 0, ${V100_GPU_0_UUID}, 00000000:01:00.0, 892, 877, 32.35, 150.00, 55, 54, 0, 316, P0, Not Active, Not Active, Not Active
2026/07/20 00:54:37.627, 1, ${V100_GPU_1_UUID}, 00000000:02:00.0, 892, 877, 30.28, 150.00, 53, 52, 0, 316, P0, Not Active, Not Active, Not Active
2026/07/20 00:54:37.716, 0, ${V100_GPU_0_UUID}, 00000000:01:00.0, 892, 877, 32.37, 150.00, 55, 54, 0, 316, P0, Not Active, Not Active, Not Active
2026/07/20 00:54:37.721, 1, ${V100_GPU_1_UUID}, 00000000:02:00.0, 892, 877, 30.28, 150.00, 53, 52, 0, 316, P0, Not Active, Not Active, Not Active
2026/07/20 00:54:37.816, 0, ${V100_GPU_0_UUID}, 00000000:01:00.0, 892, 877, 32.35, 150.00, 55, 54, 0, 316, P0, Not Active, Not Active, Not Active
2026/07/20 00:54:37.825, 1, ${V100_GPU_1_UUID}, 00000000:02:00.0, 892, 877, 30.28, 150.00, 53, 52, 0, 316, P0, Not Active, Not Active, Not Active
2026/07/20 00:54:37.908, 0, ${V100_GPU_0_UUID}, 00000000:01:00.0, 892, 877, 32.37, 150.00, 55, 54, 0, 316, P0, Not Active, Not Active, Not Active
2026/07/20 00:54:37.914, 1, ${V100_GPU_1_UUID}, 00000000:02:00.0, 892, 877, 30.28, 150.00, 53, 51, 0, 316, P0, Not Active, Not Active, Not Active
2026/07/20 00:54:37.998, 0, ${V100_GPU_0_UUID}, 00000000:01:00.0, 892, 877, 32.35, 150.00, 55, 54, 0, 316, P0, Not Active, Not Active, Not Active
2026/07/20 00:54:38.004, 1, ${V100_GPU_1_UUID}, 00000000:02:00.0, 892, 877, 29.80, 150.00, 53, 52, 0, 316, P0, Not Active, Not Active, Not Active
2026/07/20 00:54:38.089, 0, ${V100_GPU_0_UUID}, 00000000:01:00.0, 892, 877, 32.39, 150.00, 55, 54, 0, 316, P0, Not Active, Not Active, Not Active
2026/07/20 00:54:38.094, 1, ${V100_GPU_1_UUID}, 00000000:02:00.0, 892, 877, 29.84, 150.00, 53, 52, 0, 316, P0, Not Active, Not Active, Not Active
2026/07/20 00:54:38.177, 0, ${V100_GPU_0_UUID}, 00000000:01:00.0, 892, 877, 32.37, 150.00, 55, 54, 0, 316, P0, Not Active, Not Active, Not Active
2026/07/20 00:54:38.182, 1, ${V100_GPU_1_UUID}, 00000000:02:00.0, 892, 877, 30.28, 150.00, 53, 52, 0, 316, P0, Not Active, Not Active, Not Active
2026/07/20 00:54:38.291, 0, ${V100_GPU_0_UUID}, 00000000:01:00.0, 892, 877, 32.39, 150.00, 55, 54, 0, 316, P0, Not Active, Not Active, Not Active
2026/07/20 00:54:38.298, 1, ${V100_GPU_1_UUID}, 00000000:02:00.0, 892, 877, 30.28, 150.00, 53, 52, 0, 316, P0, Not Active, Not Active, Not Active
2026/07/20 00:54:38.379, 0, ${V100_GPU_0_UUID}, 00000000:01:00.0, 892, 877, 32.39, 150.00, 55, 54, 0, 316, P0, Not Active, Not Active, Not Active
2026/07/20 00:54:38.385, 1, ${V100_GPU_1_UUID}, 00000000:02:00.0, 892, 877, 30.30, 150.00, 53, 52, 0, 316, P0, Not Active, Not Active, Not Active
2026/07/20 00:54:38.498, 0, ${V100_GPU_0_UUID}, 00000000:01:00.0, 892, 877, 32.39, 150.00, 55, 54, 0, 316, P0, Not Active, Not Active, Not Active
2026/07/20 00:54:38.505, 1, ${V100_GPU_1_UUID}, 00000000:02:00.0, 892, 877, 30.30, 150.00, 53, 52, 0, 316, P0, Not Active, Not Active, Not Active
2026/07/20 00:54:38.589, 0, ${V100_GPU_0_UUID}, 00000000:01:00.0, 892, 877, 32.37, 150.00, 55, 54, 0, 316, P0, Not Active, Not Active, Not Active
2026/07/20 00:54:38.595, 1, ${V100_GPU_1_UUID}, 00000000:02:00.0, 892, 877, 30.28, 150.00, 53, 52, 0, 316, P0, Not Active, Not Active, Not Active
2026/07/20 00:54:38.686, 0, ${V100_GPU_0_UUID}, 00000000:01:00.0, 892, 877, 32.39, 150.00, 55, 54, 0, 316, P0, Not Active, Not Active, Not Active
2026/07/20 00:54:38.696, 1, ${V100_GPU_1_UUID}, 00000000:02:00.0, 892, 877, 30.30, 150.00, 53, 52, 0, 316, P0, Not Active, Not Active, Not Active
2026/07/20 00:54:38.813, 0, ${V100_GPU_0_UUID}, 00000000:01:00.0, 892, 877, 32.39, 150.00, 55, 54, 0, 316, P0, Not Active, Not Active, Not Active
2026/07/20 00:54:38.820, 1, ${V100_GPU_1_UUID}, 00000000:02:00.0, 892, 877, 30.30, 150.00, 53, 52, 0, 316, P0, Not Active, Not Active, Not Active
2026/07/20 00:54:38.902, 0, ${V100_GPU_0_UUID}, 00000000:01:00.0, 892, 877, 32.37, 150.00, 55, 54, 0, 316, P0, Not Active, Not Active, Not Active
2026/07/20 00:54:38.908, 1, ${V100_GPU_1_UUID}, 00000000:02:00.0, 892, 877, 29.82, 150.00, 53, 52, 0, 316, P0, Not Active, Not Active, Not Active
2026/07/20 00:54:39.023, 0, ${V100_GPU_0_UUID}, 00000000:01:00.0, 892, 877, 32.39, 150.00, 55, 54, 0, 316, P0, Not Active, Not Active, Not Active
2026/07/20 00:54:39.030, 1, ${V100_GPU_1_UUID}, 00000000:02:00.0, 892, 877, 30.30, 150.00, 53, 52, 0, 316, P0, Not Active, Not Active, Not Active
2026/07/20 00:54:39.114, 0, ${V100_GPU_0_UUID}, 00000000:01:00.0, 892, 877, 32.37, 150.00, 55, 54, 0, 316, P0, Not Active, Not Active, Not Active
2026/07/20 00:54:39.119, 1, ${V100_GPU_1_UUID}, 00000000:02:00.0, 892, 877, 30.28, 150.00, 53, 52, 0, 316, P0, Not Active, Not Active, Not Active
2026/07/20 00:54:39.214, 0, ${V100_GPU_0_UUID}, 00000000:01:00.0, 892, 877, 32.39, 150.00, 55, 54, 0, 316, P0, Not Active, Not Active, Not Active
2026/07/20 00:54:39.225, 1, ${V100_GPU_1_UUID}, 00000000:02:00.0, 892, 877, 30.30, 150.00, 53, 52, 0, 316, P0, Not Active, Not Active, Not Active
2026/07/20 00:54:39.334, 0, ${V100_GPU_0_UUID}, 00000000:01:00.0, 892, 877, 32.39, 150.00, 55, 54, 0, 316, P0, Not Active, Not Active, Not Active
2026/07/20 00:54:39.345, 1, ${V100_GPU_1_UUID}, 00000000:02:00.0, 892, 877, 30.30, 150.00, 53, 52, 0, 316, P0, Not Active, Not Active, Not Active
2026/07/20 00:54:39.432, 0, ${V100_GPU_0_UUID}, 00000000:01:00.0, 892, 877, 32.37, 150.00, 55, 54, 0, 316, P0, Not Active, Not Active, Not Active
2026/07/20 00:54:39.437, 1, ${V100_GPU_1_UUID}, 00000000:02:00.0, 892, 877, 30.30, 150.00, 53, 52, 0, 316, P0, Not Active, Not Active, Not Active
2026/07/20 00:54:39.541, 0, ${V100_GPU_0_UUID}, 00000000:01:00.0, 892, 877, 32.39, 150.00, 55, 54, 0, 316, P0, Not Active, Not Active, Not Active
2026/07/20 00:54:39.552, 1, ${V100_GPU_1_UUID}, 00000000:02:00.0, 892, 877, 30.30, 150.00, 53, 52, 0, 316, P0, Not Active, Not Active, Not Active
2026/07/20 00:54:39.643, 0, ${V100_GPU_0_UUID}, 00000000:01:00.0, 892, 877, 32.37, 150.00, 55, 54, 0, 316, P0, Not Active, Not Active, Not Active
2026/07/20 00:54:39.649, 1, ${V100_GPU_1_UUID}, 00000000:02:00.0, 892, 877, 30.30, 150.00, 53, 52, 0, 316, P0, Not Active, Not Active, Not Active
2026/07/20 00:54:39.731, 0, ${V100_GPU_0_UUID}, 00000000:01:00.0, 892, 877, 32.37, 150.00, 55, 54, 0, 316, P0, Not Active, Not Active, Not Active
2026/07/20 00:54:39.737, 1, ${V100_GPU_1_UUID}, 00000000:02:00.0, 892, 877, 30.30, 150.00, 53, 52, 0, 316, P0, Not Active, Not Active, Not Active
2026/07/20 00:54:39.846, 0, ${V100_GPU_0_UUID}, 00000000:01:00.0, 892, 877, 32.39, 150.00, 55, 54, 0, 316, P0, Not Active, Not Active, Not Active
2026/07/20 00:54:39.856, 1, ${V100_GPU_1_UUID}, 00000000:02:00.0, 892, 877, 29.82, 150.00, 53, 52, 0, 316, P0, Not Active, Not Active, Not Active
2026/07/20 00:54:39.942, 0, ${V100_GPU_0_UUID}, 00000000:01:00.0, 892, 877, 32.37, 150.00, 55, 54, 0, 316, P0, Not Active, Not Active, Not Active
2026/07/20 00:54:39.947, 1, ${V100_GPU_1_UUID}, 00000000:02:00.0, 892, 877, 30.28, 150.00, 53, 52, 0, 316, P0, Not Active, Not Active, Not Active
2026/07/20 00:54:40.056, 0, ${V100_GPU_0_UUID}, 00000000:01:00.0, 892, 877, 32.39, 150.00, 55, 54, 0, 316, P0, Not Active, Not Active, Not Active
2026/07/20 00:54:40.065, 1, ${V100_GPU_1_UUID}, 00000000:02:00.0, 892, 877, 30.30, 150.00, 53, 52, 0, 316, P0, Not Active, Not Active, Not Active
2026/07/20 00:54:40.159, 0, ${V100_GPU_0_UUID}, 00000000:01:00.0, 892, 877, 32.37, 150.00, 55, 54, 0, 316, P0, Not Active, Not Active, Not Active
2026/07/20 00:54:40.165, 1, ${V100_GPU_1_UUID}, 00000000:02:00.0, 892, 877, 30.30, 150.00, 53, 52, 0, 316, P0, Not Active, Not Active, Not Active
2026/07/20 00:54:40.247, 0, ${V100_GPU_0_UUID}, 00000000:01:00.0, 892, 877, 32.37, 150.00, 55, 54, 0, 316, P0, Not Active, Not Active, Not Active
2026/07/20 00:54:40.253, 1, ${V100_GPU_1_UUID}, 00000000:02:00.0, 892, 877, 30.30, 150.00, 53, 52, 0, 316, P0, Not Active, Not Active, Not Active
2026/07/20 00:54:40.367, 0, ${V100_GPU_0_UUID}, 00000000:01:00.0, 892, 877, 32.39, 150.00, 55, 54, 0, 316, P0, Not Active, Not Active, Not Active
2026/07/20 00:54:40.375, 1, ${V100_GPU_1_UUID}, 00000000:02:00.0, 892, 877, 30.30, 150.00, 53, 52, 0, 316, P0, Not Active, Not Active, Not Active
2026/07/20 00:54:40.469, 0, ${V100_GPU_0_UUID}, 00000000:01:00.0, 892, 877, 32.37, 150.00, 55, 54, 0, 316, P0, Not Active, Not Active, Not Active
2026/07/20 00:54:40.475, 1, ${V100_GPU_1_UUID}, 00000000:02:00.0, 892, 877, 30.30, 150.00, 53, 52, 0, 316, P0, Not Active, Not Active, Not Active
2026/07/20 00:54:40.557, 0, ${V100_GPU_0_UUID}, 00000000:01:00.0, 892, 877, 32.37, 150.00, 55, 54, 0, 316, P0, Not Active, Not Active, Not Active
2026/07/20 00:54:40.563, 1, ${V100_GPU_1_UUID}, 00000000:02:00.0, 892, 877, 30.28, 150.00, 53, 52, 0, 316, P0, Not Active, Not Active, Not Active
2026/07/20 00:54:40.645, 0, ${V100_GPU_0_UUID}, 00000000:01:00.0, 892, 877, 32.37, 150.00, 55, 54, 0, 316, P0, Not Active, Not Active, Not Active
2026/07/20 00:54:40.650, 1, ${V100_GPU_1_UUID}, 00000000:02:00.0, 892, 877, 30.28, 150.00, 53, 52, 0, 316, P0, Not Active, Not Active, Not Active
2026/07/20 00:54:40.759, 0, ${V100_GPU_0_UUID}, 00000000:01:00.0, 892, 877, 32.39, 150.00, 55, 54, 0, 316, P0, Not Active, Not Active, Not Active
2026/07/20 00:54:40.765, 1, ${V100_GPU_1_UUID}, 00000000:02:00.0, 892, 877, 30.30, 150.00, 53, 52, 0, 316, P0, Not Active, Not Active, Not Active
2026/07/20 00:54:40.848, 0, ${V100_GPU_0_UUID}, 00000000:01:00.0, 892, 877, 32.39, 150.00, 55, 54, 0, 316, P0, Not Active, Not Active, Not Active
2026/07/20 00:54:40.855, 1, ${V100_GPU_1_UUID}, 00000000:02:00.0, 892, 877, 30.30, 150.00, 53, 52, 0, 316, P0, Not Active, Not Active, Not Active
2026/07/20 00:54:40.968, 0, ${V100_GPU_0_UUID}, 00000000:01:00.0, 892, 877, 32.39, 150.00, 55, 54, 0, 316, P0, Not Active, Not Active, Not Active
2026/07/20 00:54:40.976, 1, ${V100_GPU_1_UUID}, 00000000:02:00.0, 892, 877, 30.30, 150.00, 53, 52, 0, 316, P0, Not Active, Not Active, Not Active
2026/07/20 00:54:41.060, 0, ${V100_GPU_0_UUID}, 00000000:01:00.0, 892, 877, 32.37, 150.00, 55, 54, 0, 316, P0, Not Active, Not Active, Not Active
2026/07/20 00:54:41.066, 1, ${V100_GPU_1_UUID}, 00000000:02:00.0, 892, 877, 29.80, 150.00, 53, 52, 0, 316, P0, Not Active, Not Active, Not Active
2026/07/20 00:54:41.169, 0, ${V100_GPU_0_UUID}, 00000000:01:00.0, 892, 877, 32.39, 150.00, 55, 54, 0, 316, P0, Not Active, Not Active, Not Active
2026/07/20 00:54:41.183, 1, ${V100_GPU_1_UUID}, 00000000:02:00.0, 892, 877, 29.82, 150.00, 53, 52, 0, 316, P0, Not Active, Not Active, Not Active
2026/07/20 00:54:41.276, 0, ${V100_GPU_0_UUID}, 00000000:01:00.0, 892, 877, 32.37, 150.00, 55, 54, 0, 316, P0, Not Active, Not Active, Not Active
2026/07/20 00:54:41.282, 1, ${V100_GPU_1_UUID}, 00000000:02:00.0, 892, 877, 30.28, 150.00, 53, 52, 0, 316, P0, Not Active, Not Active, Not Active
2026/07/20 00:54:41.365, 0, ${V100_GPU_0_UUID}, 00000000:01:00.0, 892, 877, 32.39, 150.00, 55, 54, 0, 316, P0, Not Active, Not Active, Not Active
2026/07/20 00:54:41.371, 1, ${V100_GPU_1_UUID}, 00000000:02:00.0, 892, 877, 30.30, 150.00, 53, 52, 0, 316, P0, Not Active, Not Active, Not Active
2026/07/20 00:54:41.483, 0, ${V100_GPU_0_UUID}, 00000000:01:00.0, 892, 877, 32.39, 150.00, 55, 54, 0, 316, P0, Not Active, Not Active, Not Active
2026/07/20 00:54:41.491, 1, ${V100_GPU_1_UUID}, 00000000:02:00.0, 892, 877, 29.82, 150.00, 53, 52, 0, 316, P0, Not Active, Not Active, Not Active
2026/07/20 00:54:41.576, 0, ${V100_GPU_0_UUID}, 00000000:01:00.0, 892, 877, 32.39, 150.00, 55, 54, 0, 316, P0, Not Active, Not Active, Not Active
2026/07/20 00:54:41.582, 1, ${V100_GPU_1_UUID}, 00000000:02:00.0, 892, 877, 30.28, 150.00, 53, 52, 0, 316, P0, Not Active, Not Active, Not Active
2026/07/20 00:54:41.695, 0, ${V100_GPU_0_UUID}, 00000000:01:00.0, 892, 877, 32.39, 150.00, 55, 54, 0, 316, P0, Not Active, Not Active, Not Active
2026/07/20 00:54:41.704, 1, ${V100_GPU_1_UUID}, 00000000:02:00.0, 892, 877, 30.30, 150.00, 53, 52, 0, 316, P0, Not Active, Not Active, Not Active
2026/07/20 00:54:41.790, 0, ${V100_GPU_0_UUID}, 00000000:01:00.0, 892, 877, 32.37, 150.00, 55, 54, 0, 316, P0, Not Active, Not Active, Not Active
2026/07/20 00:54:41.796, 1, ${V100_GPU_1_UUID}, 00000000:02:00.0, 892, 877, 30.28, 150.00, 53, 52, 0, 316, P0, Not Active, Not Active, Not Active
2026/07/20 00:54:41.881, 0, ${V100_GPU_0_UUID}, 00000000:01:00.0, 892, 877, 32.39, 150.00, 55, 54, 0, 316, P0, Not Active, Not Active, Not Active
2026/07/20 00:54:41.888, 1, ${V100_GPU_1_UUID}, 00000000:02:00.0, 892, 877, 30.30, 150.00, 53, 52, 0, 316, P0, Not Active, Not Active, Not Active
2026/07/20 00:54:42.004, 0, ${V100_GPU_0_UUID}, 00000000:01:00.0, 892, 877, 32.39, 150.00, 55, 54, 0, 316, P0, Not Active, Not Active, Not Active
2026/07/20 00:54:42.011, 1, ${V100_GPU_1_UUID}, 00000000:02:00.0, 892, 877, 30.30, 150.00, 53, 52, 0, 316, P0, Not Active, Not Active, Not Active
2026/07/20 00:54:42.094, 0, ${V100_GPU_0_UUID}, 00000000:01:00.0, 892, 877, 32.37, 150.00, 55, 54, 0, 316, P0, Not Active, Not Active, Not Active
2026/07/20 00:54:42.100, 1, ${V100_GPU_1_UUID}, 00000000:02:00.0, 892, 877, 30.28, 150.00, 53, 52, 0, 316, P0, Not Active, Not Active, Not Active
2026/07/20 00:54:42.202, 0, ${V100_GPU_0_UUID}, 00000000:01:00.0, 892, 877, 32.39, 150.00, 55, 54, 0, 316, P0, Not Active, Not Active, Not Active
2026/07/20 00:54:42.211, 1, ${V100_GPU_1_UUID}, 00000000:02:00.0, 892, 877, 30.30, 150.00, 53, 52, 0, 316, P0, Not Active, Not Active, Not Active
2026/07/20 00:54:42.307, 0, ${V100_GPU_0_UUID}, 00000000:01:00.0, 892, 877, 32.39, 150.00, 55, 54, 0, 316, P0, Not Active, Not Active, Not Active
2026/07/20 00:54:42.313, 1, ${V100_GPU_1_UUID}, 00000000:02:00.0, 892, 877, 30.28, 150.00, 53, 52, 0, 316, P0, Not Active, Not Active, Not Active
2026/07/20 00:54:42.421, 0, ${V100_GPU_0_UUID}, 00000000:01:00.0, 892, 877, 32.39, 150.00, 55, 54, 0, 316, P0, Not Active, Not Active, Not Active
2026/07/20 00:54:42.428, 1, ${V100_GPU_1_UUID}, 00000000:02:00.0, 892, 877, 30.30, 150.00, 53, 52, 0, 316, P0, Not Active, Not Active, Not Active
2026/07/20 00:54:42.526, 0, ${V100_GPU_0_UUID}, 00000000:01:00.0, 892, 877, 32.39, 150.00, 55, 54, 0, 316, P0, Not Active, Not Active, Not Active
2026/07/20 00:54:42.537, 1, ${V100_GPU_1_UUID}, 00000000:02:00.0, 892, 877, 30.30, 150.00, 53, 52, 0, 316, P0, Not Active, Not Active, Not Active
2026/07/20 00:54:42.628, 0, ${V100_GPU_0_UUID}, 00000000:01:00.0, 892, 877, 32.37, 150.00, 55, 54, 0, 316, P0, Not Active, Not Active, Not Active
2026/07/20 00:54:42.634, 1, ${V100_GPU_1_UUID}, 00000000:02:00.0, 892, 877, 29.80, 150.00, 53, 52, 0, 316, P0, Not Active, Not Active, Not Active
2026/07/20 00:54:42.722, 0, ${V100_GPU_0_UUID}, 00000000:01:00.0, 892, 877, 32.39, 150.00, 55, 54, 0, 316, P0, Not Active, Not Active, Not Active
2026/07/20 00:54:42.731, 1, ${V100_GPU_1_UUID}, 00000000:02:00.0, 892, 877, 29.82, 150.00, 53, 52, 0, 316, P0, Not Active, Not Active, Not Active
2026/07/20 00:54:42.848, 0, ${V100_GPU_0_UUID}, 00000000:01:00.0, 892, 877, 32.37, 150.00, 55, 54, 0, 316, P0, Not Active, Not Active, Not Active
2026/07/20 00:54:42.855, 1, ${V100_GPU_1_UUID}, 00000000:02:00.0, 892, 877, 29.82, 150.00, 53, 52, 0, 316, P0, Not Active, Not Active, Not Active
2026/07/20 00:54:42.937, 0, ${V100_GPU_0_UUID}, 00000000:01:00.0, 892, 877, 32.37, 150.00, 55, 54, 0, 316, P0, Not Active, Not Active, Not Active
2026/07/20 00:54:42.943, 1, ${V100_GPU_1_UUID}, 00000000:02:00.0, 892, 877, 29.80, 150.00, 53, 52, 0, 316, P0, Not Active, Not Active, Not Active
2026/07/20 00:54:43.056, 0, ${V100_GPU_0_UUID}, 00000000:01:00.0, 892, 877, 32.39, 150.00, 55, 54, 0, 316, P0, Not Active, Not Active, Not Active
2026/07/20 00:54:43.064, 1, ${V100_GPU_1_UUID}, 00000000:02:00.0, 892, 877, 30.30, 150.00, 53, 52, 0, 316, P0, Not Active, Not Active, Not Active
2026/07/20 00:54:43.148, 0, ${V100_GPU_0_UUID}, 00000000:01:00.0, 892, 877, 32.37, 150.00, 55, 54, 0, 316, P0, Not Active, Not Active, Not Active
2026/07/20 00:54:43.154, 1, ${V100_GPU_1_UUID}, 00000000:02:00.0, 892, 877, 30.28, 150.00, 53, 52, 0, 316, P0, Not Active, Not Active, Not Active
2026/07/20 00:54:43.238, 0, ${V100_GPU_0_UUID}, 00000000:01:00.0, 892, 877, 32.37, 150.00, 55, 54, 0, 316, P0, Not Active, Not Active, Not Active
2026/07/20 00:54:43.244, 1, ${V100_GPU_1_UUID}, 00000000:02:00.0, 892, 877, 30.28, 150.00, 53, 52, 0, 316, P0, Not Active, Not Active, Not Active
2026/07/20 00:54:43.335, 0, ${V100_GPU_0_UUID}, 00000000:01:00.0, 892, 877, 32.39, 150.00, 55, 54, 0, 316, P0, Not Active, Not Active, Not Active
2026/07/20 00:54:43.343, 1, ${V100_GPU_1_UUID}, 00000000:02:00.0, 892, 877, 29.82, 150.00, 53, 52, 0, 316, P0, Not Active, Not Active, Not Active
2026/07/20 00:54:43.429, 0, ${V100_GPU_0_UUID}, 00000000:01:00.0, 892, 877, 32.37, 150.00, 55, 54, 0, 316, P0, Not Active, Not Active, Not Active
2026/07/20 00:54:43.435, 1, ${V100_GPU_1_UUID}, 00000000:02:00.0, 892, 877, 30.28, 150.00, 53, 52, 0, 316, P0, Not Active, Not Active, Not Active
2026/07/20 00:54:43.520, 0, ${V100_GPU_0_UUID}, 00000000:01:00.0, 892, 877, 32.39, 150.00, 55, 54, 0, 316, P0, Not Active, Not Active, Not Active
2026/07/20 00:54:43.527, 1, ${V100_GPU_1_UUID}, 00000000:02:00.0, 892, 877, 29.82, 150.00, 53, 52, 0, 316, P0, Not Active, Not Active, Not Active
2026/07/20 00:54:43.643, 0, ${V100_GPU_0_UUID}, 00000000:01:00.0, 892, 877, 32.39, 150.00, 55, 54, 0, 316, P0, Not Active, Not Active, Not Active
2026/07/20 00:54:43.652, 1, ${V100_GPU_1_UUID}, 00000000:02:00.0, 892, 877, 29.82, 150.00, 53, 52, 0, 316, P0, Not Active, Not Active, Not Active
2026/07/20 00:54:43.738, 0, ${V100_GPU_0_UUID}, 00000000:01:00.0, 892, 877, 32.37, 150.00, 55, 54, 0, 316, P0, Not Active, Not Active, Not Active
2026/07/20 00:54:43.744, 1, ${V100_GPU_1_UUID}, 00000000:02:00.0, 892, 877, 30.30, 150.00, 53, 52, 0, 316, P0, Not Active, Not Active, Not Active
2026/07/20 00:54:43.828, 0, ${V100_GPU_0_UUID}, 00000000:01:00.0, 892, 877, 32.39, 150.00, 55, 54, 0, 316, P0, Not Active, Not Active, Not Active
2026/07/20 00:54:43.847, 1, ${V100_GPU_1_UUID}, 00000000:02:00.0, 892, 877, 30.30, 150.00, 53, 52, 0, 316, P0, Not Active, Not Active, Not Active
2026/07/20 00:54:43.940, 0, ${V100_GPU_0_UUID}, 00000000:01:00.0, 892, 877, 32.37, 150.00, 55, 54, 0, 316, P0, Not Active, Not Active, Not Active
2026/07/20 00:54:43.946, 1, ${V100_GPU_1_UUID}, 00000000:02:00.0, 892, 877, 30.28, 150.00, 53, 52, 0, 316, P0, Not Active, Not Active, Not Active
2026/07/20 00:54:44.028, 0, ${V100_GPU_0_UUID}, 00000000:01:00.0, 892, 877, 32.37, 150.00, 55, 54, 0, 316, P0, Not Active, Not Active, Not Active
2026/07/20 00:54:44.033, 1, ${V100_GPU_1_UUID}, 00000000:02:00.0, 892, 877, 30.28, 150.00, 53, 52, 0, 316, P0, Not Active, Not Active, Not Active
2026/07/20 00:54:44.146, 0, ${V100_GPU_0_UUID}, 00000000:01:00.0, 892, 877, 32.39, 150.00, 55, 54, 0, 316, P0, Not Active, Not Active, Not Active
2026/07/20 00:54:44.154, 1, ${V100_GPU_1_UUID}, 00000000:02:00.0, 892, 877, 30.30, 150.00, 53, 52, 0, 316, P0, Not Active, Not Active, Not Active
2026/07/20 00:54:44.239, 0, ${V100_GPU_0_UUID}, 00000000:01:00.0, 892, 877, 32.37, 150.00, 55, 54, 0, 316, P0, Not Active, Not Active, Not Active
2026/07/20 00:54:44.245, 1, ${V100_GPU_1_UUID}, 00000000:02:00.0, 892, 877, 30.28, 150.00, 53, 52, 0, 316, P0, Not Active, Not Active, Not Active
2026/07/20 00:54:44.342, 0, ${V100_GPU_0_UUID}, 00000000:01:00.0, 892, 877, 32.39, 150.00, 55, 54, 0, 316, P0, Not Active, Not Active, Not Active
2026/07/20 00:54:44.353, 1, ${V100_GPU_1_UUID}, 00000000:02:00.0, 892, 877, 29.82, 150.00, 53, 52, 0, 316, P0, Not Active, Not Active, Not Active
2026/07/20 00:54:44.461, 0, ${V100_GPU_0_UUID}, 00000000:01:00.0, 892, 877, 32.37, 150.00, 55, 54, 0, 316, P0, Not Active, Not Active, Not Active
2026/07/20 00:54:44.468, 1, ${V100_GPU_1_UUID}, 00000000:02:00.0, 892, 877, 29.80, 150.00, 53, 52, 0, 316, P0, Not Active, Not Active, Not Active
2026/07/20 00:54:44.550, 0, ${V100_GPU_0_UUID}, 00000000:01:00.0, 892, 877, 32.39, 150.00, 55, 54, 0, 316, P0, Not Active, Not Active, Not Active
2026/07/20 00:54:44.556, 1, ${V100_GPU_1_UUID}, 00000000:02:00.0, 892, 877, 29.82, 150.00, 53, 52, 0, 316, P0, Not Active, Not Active, Not Active
2026/07/20 00:54:44.668, 0, ${V100_GPU_0_UUID}, 00000000:01:00.0, 892, 877, 32.39, 150.00, 55, 54, 0, 316, P0, Not Active, Not Active, Not Active
2026/07/20 00:54:44.677, 1, ${V100_GPU_1_UUID}, 00000000:02:00.0, 892, 877, 29.82, 150.00, 53, 52, 0, 316, P0, Not Active, Not Active, Not Active
2026/07/20 00:54:44.765, 0, ${V100_GPU_0_UUID}, 00000000:01:00.0, 892, 877, 32.37, 150.00, 55, 54, 0, 316, P0, Not Active, Not Active, Not Active
2026/07/20 00:54:44.771, 1, ${V100_GPU_1_UUID}, 00000000:02:00.0, 892, 877, 29.80, 150.00, 53, 52, 0, 316, P0, Not Active, Not Active, Not Active
2026/07/20 00:54:44.861, 0, ${V100_GPU_0_UUID}, 00000000:01:00.0, 892, 877, 32.39, 150.00, 55, 54, 0, 316, P0, Not Active, Not Active, Not Active
2026/07/20 00:54:44.870, 1, ${V100_GPU_1_UUID}, 00000000:02:00.0, 892, 877, 30.30, 150.00, 53, 52, 0, 316, P0, Not Active, Not Active, Not Active
2026/07/20 00:54:44.985, 0, ${V100_GPU_0_UUID}, 00000000:01:00.0, 892, 877, 32.37, 150.00, 55, 54, 0, 316, P0, Not Active, Not Active, Not Active
2026/07/20 00:54:44.991, 1, ${V100_GPU_1_UUID}, 00000000:02:00.0, 892, 877, 30.30, 150.00, 53, 52, 0, 316, P0, Not Active, Not Active, Not Active
2026/07/20 00:54:45.074, 0, ${V100_GPU_0_UUID}, 00000000:01:00.0, 892, 877, 32.37, 150.00, 55, 54, 0, 316, P0, Not Active, Not Active, Not Active
2026/07/20 00:54:45.080, 1, ${V100_GPU_1_UUID}, 00000000:02:00.0, 892, 877, 30.30, 150.00, 53, 52, 0, 316, P0, Not Active, Not Active, Not Active
2026/07/20 00:54:45.189, 0, ${V100_GPU_0_UUID}, 00000000:01:00.0, 892, 877, 32.39, 150.00, 55, 54, 0, 316, P0, Not Active, Not Active, Not Active
2026/07/20 00:54:45.199, 1, ${V100_GPU_1_UUID}, 00000000:02:00.0, 892, 877, 29.82, 150.00, 53, 52, 0, 316, P0, Not Active, Not Active, Not Active
2026/07/20 00:54:45.286, 0, ${V100_GPU_0_UUID}, 00000000:01:00.0, 892, 877, 32.37, 150.00, 55, 54, 0, 316, P0, Not Active, Not Active, Not Active
2026/07/20 00:54:45.292, 1, ${V100_GPU_1_UUID}, 00000000:02:00.0, 892, 877, 30.28, 150.00, 53, 52, 0, 316, P0, Not Active, Not Active, Not Active
2026/07/20 00:54:45.396, 0, ${V100_GPU_0_UUID}, 00000000:01:00.0, 892, 877, 32.39, 150.00, 55, 54, 0, 316, P0, Not Active, Not Active, Not Active
2026/07/20 00:54:45.406, 1, ${V100_GPU_1_UUID}, 00000000:02:00.0, 892, 877, 30.30, 150.00, 53, 52, 0, 316, P0, Not Active, Not Active, Not Active
2026/07/20 00:54:45.509, 0, ${V100_GPU_0_UUID}, 00000000:01:00.0, 892, 877, 32.37, 150.00, 55, 54, 0, 316, P0, Not Active, Not Active, Not Active
2026/07/20 00:54:45.516, 1, ${V100_GPU_1_UUID}, 00000000:02:00.0, 892, 877, 30.28, 150.00, 53, 52, 0, 316, P0, Not Active, Not Active, Not Active
2026/07/20 00:54:45.599, 0, ${V100_GPU_0_UUID}, 00000000:01:00.0, 892, 877, 32.37, 150.00, 55, 54, 0, 316, P0, Not Active, Not Active, Not Active
2026/07/20 00:54:45.605, 1, ${V100_GPU_1_UUID}, 00000000:02:00.0, 892, 877, 30.30, 150.00, 53, 52, 0, 316, P0, Not Active, Not Active, Not Active
2026/07/20 00:54:45.693, 0, ${V100_GPU_0_UUID}, 00000000:01:00.0, 892, 877, 32.37, 150.00, 55, 54, 0, 316, P0, Not Active, Not Active, Not Active
2026/07/20 00:54:45.698, 1, ${V100_GPU_1_UUID}, 00000000:02:00.0, 892, 877, 30.28, 150.00, 53, 52, 0, 316, P0, Not Active, Not Active, Not Active
2026/07/20 00:54:45.781, 0, ${V100_GPU_0_UUID}, 00000000:01:00.0, 892, 877, 32.35, 150.00, 55, 54, 0, 316, P0, Not Active, Not Active, Not Active
2026/07/20 00:54:45.786, 1, ${V100_GPU_1_UUID}, 00000000:02:00.0, 892, 877, 29.80, 150.00, 53, 52, 0, 316, P0, Not Active, Not Active, Not Active
2026/07/20 00:54:45.875, 0, ${V100_GPU_0_UUID}, 00000000:01:00.0, 892, 877, 32.39, 150.00, 55, 54, 0, 316, P0, Not Active, Not Active, Not Active
2026/07/20 00:54:45.884, 1, ${V100_GPU_1_UUID}, 00000000:02:00.0, 892, 877, 29.82, 150.00, 53, 52, 0, 316, P0, Not Active, Not Active, Not Active
2026/07/20 00:54:45.995, 0, ${V100_GPU_0_UUID}, 00000000:01:00.0, 892, 877, 32.39, 150.00, 55, 54, 0, 316, P0, Not Active, Not Active, Not Active
2026/07/20 00:54:46.002, 1, ${V100_GPU_1_UUID}, 00000000:02:00.0, 892, 877, 30.30, 150.00, 53, 52, 0, 316, P0, Not Active, Not Active, Not Active
2026/07/20 00:54:46.085, 0, ${V100_GPU_0_UUID}, 00000000:01:00.0, 892, 877, 32.37, 150.00, 55, 54, 0, 316, P0, Not Active, Not Active, Not Active
2026/07/20 00:54:46.091, 1, ${V100_GPU_1_UUID}, 00000000:02:00.0, 892, 877, 30.30, 150.00, 53, 52, 0, 316, P0, Not Active, Not Active, Not Active
2026/07/20 00:54:46.200, 0, ${V100_GPU_0_UUID}, 00000000:01:00.0, 892, 877, 32.39, 150.00, 55, 54, 0, 316, P0, Not Active, Not Active, Not Active
2026/07/20 00:54:46.209, 1, ${V100_GPU_1_UUID}, 00000000:02:00.0, 892, 877, 30.30, 150.00, 53, 52, 0, 316, P0, Not Active, Not Active, Not Active
2026/07/20 00:54:46.314, 0, ${V100_GPU_0_UUID}, 00000000:01:00.0, 892, 877, 32.37, 150.00, 55, 54, 0, 316, P0, Not Active, Not Active, Not Active
2026/07/20 00:54:46.321, 1, ${V100_GPU_1_UUID}, 00000000:02:00.0, 892, 877, 30.30, 150.00, 53, 52, 0, 316, P0, Not Active, Not Active, Not Active
2026/07/20 00:54:46.404, 0, ${V100_GPU_0_UUID}, 00000000:01:00.0, 892, 877, 32.37, 150.00, 55, 54, 0, 316, P0, Not Active, Not Active, Not Active
2026/07/20 00:54:46.410, 1, ${V100_GPU_1_UUID}, 00000000:02:00.0, 892, 877, 29.82, 150.00, 53, 52, 0, 316, P0, Not Active, Not Active, Not Active
2026/07/20 00:54:46.523, 0, ${V100_GPU_0_UUID}, 00000000:01:00.0, 892, 877, 32.39, 150.00, 55, 54, 0, 316, P0, Not Active, Not Active, Not Active
2026/07/20 00:54:46.532, 1, ${V100_GPU_1_UUID}, 00000000:02:00.0, 892, 877, 29.82, 150.00, 53, 52, 0, 316, P0, Not Active, Not Active, Not Active
2026/07/20 00:54:46.616, 0, ${V100_GPU_0_UUID}, 00000000:01:00.0, 892, 877, 32.37, 150.00, 55, 54, 0, 316, P0, Not Active, Not Active, Not Active
2026/07/20 00:54:46.622, 1, ${V100_GPU_1_UUID}, 00000000:02:00.0, 892, 877, 30.28, 150.00, 53, 52, 0, 316, P0, Not Active, Not Active, Not Active
2026/07/20 00:54:46.711, 0, ${V100_GPU_0_UUID}, 00000000:01:00.0, 892, 877, 32.39, 150.00, 55, 54, 0, 316, P0, Not Active, Not Active, Not Active
2026/07/20 00:54:46.720, 1, ${V100_GPU_1_UUID}, 00000000:02:00.0, 892, 877, 30.30, 150.00, 53, 52, 0, 316, P0, Not Active, Not Active, Not Active
2026/07/20 00:54:46.833, 0, ${V100_GPU_0_UUID}, 00000000:01:00.0, 892, 877, 32.37, 150.00, 55, 54, 0, 316, P0, Not Active, Not Active, Not Active
2026/07/20 00:54:46.839, 1, ${V100_GPU_1_UUID}, 00000000:02:00.0, 892, 877, 30.28, 150.00, 53, 52, 0, 316, P0, Not Active, Not Active, Not Active
2026/07/20 00:54:46.921, 0, ${V100_GPU_0_UUID}, 00000000:01:00.0, 892, 877, 32.37, 150.00, 55, 54, 0, 316, P0, Not Active, Not Active, Not Active
2026/07/20 00:54:46.926, 1, ${V100_GPU_1_UUID}, 00000000:02:00.0, 892, 877, 30.28, 150.00, 53, 52, 0, 316, P0, Not Active, Not Active, Not Active
2026/07/20 00:54:47.029, 0, ${V100_GPU_0_UUID}, 00000000:01:00.0, 892, 877, 32.39, 150.00, 55, 54, 0, 316, P0, Not Active, Not Active, Not Active
2026/07/20 00:54:47.043, 1, ${V100_GPU_1_UUID}, 00000000:02:00.0, 892, 877, 30.30, 150.00, 53, 52, 0, 316, P0, Not Active, Not Active, Not Active
2026/07/20 00:54:47.130, 0, ${V100_GPU_0_UUID}, 00000000:01:00.0, 892, 877, 32.37, 150.00, 55, 54, 0, 316, P0, Not Active, Not Active, Not Active
2026/07/20 00:54:47.136, 1, ${V100_GPU_1_UUID}, 00000000:02:00.0, 892, 877, 29.80, 150.00, 53, 52, 0, 316, P0, Not Active, Not Active, Not Active
2026/07/20 00:54:47.239, 0, ${V100_GPU_0_UUID}, 00000000:01:00.0, 892, 877, 32.39, 150.00, 55, 54, 0, 316, P0, Not Active, Not Active, Not Active
2026/07/20 00:54:47.248, 1, ${V100_GPU_1_UUID}, 00000000:02:00.0, 892, 877, 29.82, 150.00, 53, 52, 0, 316, P0, Not Active, Not Active, Not Active
2026/07/20 00:54:47.354, 0, ${V100_GPU_0_UUID}, 00000000:01:00.0, 892, 877, 32.39, 150.00, 55, 54, 0, 316, P0, Not Active, Not Active, Not Active
2026/07/20 00:54:47.361, 1, ${V100_GPU_1_UUID}, 00000000:02:00.0, 892, 877, 30.30, 150.00, 53, 52, 0, 316, P0, Not Active, Not Active, Not Active
2026/07/20 00:54:47.443, 0, ${V100_GPU_0_UUID}, 00000000:01:00.0, 892, 877, 32.37, 150.00, 55, 54, 0, 316, P0, Not Active, Not Active, Not Active
2026/07/20 00:54:47.448, 1, ${V100_GPU_1_UUID}, 00000000:02:00.0, 892, 877, 30.30, 150.00, 53, 52, 0, 316, P0, Not Active, Not Active, Not Active
2026/07/20 00:54:47.552, 0, ${V100_GPU_0_UUID}, 00000000:01:00.0, 892, 877, 32.39, 150.00, 55, 54, 0, 316, P0, Not Active, Not Active, Not Active
2026/07/20 00:54:47.562, 1, ${V100_GPU_1_UUID}, 00000000:02:00.0, 892, 877, 30.30, 150.00, 53, 52, 0, 316, P0, Not Active, Not Active, Not Active
2026/07/20 00:54:47.649, 0, ${V100_GPU_0_UUID}, 00000000:01:00.0, 892, 877, 32.37, 150.00, 55, 54, 0, 316, P0, Not Active, Not Active, Not Active
2026/07/20 00:54:47.655, 1, ${V100_GPU_1_UUID}, 00000000:02:00.0, 892, 877, 30.28, 150.00, 53, 52, 0, 316, P0, Not Active, Not Active, Not Active
2026/07/20 00:54:47.739, 0, ${V100_GPU_0_UUID}, 00000000:01:00.0, 892, 877, 32.37, 150.00, 55, 54, 0, 316, P0, Not Active, Not Active, Not Active
2026/07/20 00:54:47.745, 1, ${V100_GPU_1_UUID}, 00000000:02:00.0, 892, 877, 30.30, 150.00, 53, 51, 0, 316, P0, Not Active, Not Active, Not Active
2026/07/20 00:54:47.858, 0, ${V100_GPU_0_UUID}, 00000000:01:00.0, 892, 877, 32.39, 150.00, 55, 54, 0, 316, P0, Not Active, Not Active, Not Active
2026/07/20 00:54:47.865, 1, ${V100_GPU_1_UUID}, 00000000:02:00.0, 892, 877, 30.30, 150.00, 53, 52, 0, 316, P0, Not Active, Not Active, Not Active
2026/07/20 00:54:47.949, 0, ${V100_GPU_0_UUID}, 00000000:01:00.0, 892, 877, 32.37, 150.00, 55, 54, 0, 316, P0, Not Active, Not Active, Not Active
2026/07/20 00:54:47.954, 1, ${V100_GPU_1_UUID}, 00000000:02:00.0, 892, 877, 30.28, 150.00, 53, 52, 0, 316, P0, Not Active, Not Active, Not Active
2026/07/20 00:54:48.036, 0, ${V100_GPU_0_UUID}, 00000000:01:00.0, 892, 877, 32.37, 150.00, 55, 54, 0, 316, P0, Not Active, Not Active, Not Active
2026/07/20 00:54:48.042, 1, ${V100_GPU_1_UUID}, 00000000:02:00.0, 892, 877, 30.28, 150.00, 53, 52, 0, 316, P0, Not Active, Not Active, Not Active
2026/07/20 00:54:48.124, 0, ${V100_GPU_0_UUID}, 00000000:01:00.0, 892, 877, 32.35, 150.00, 55, 54, 0, 316, P0, Not Active, Not Active, Not Active
2026/07/20 00:54:48.130, 1, ${V100_GPU_1_UUID}, 00000000:02:00.0, 892, 877, 30.28, 150.00, 53, 52, 0, 316, P0, Not Active, Not Active, Not Active
2026/07/20 00:54:48.213, 0, ${V100_GPU_0_UUID}, 00000000:01:00.0, 892, 877, 32.37, 150.00, 55, 54, 0, 316, P0, Not Active, Not Active, Not Active
2026/07/20 00:54:48.219, 1, ${V100_GPU_1_UUID}, 00000000:02:00.0, 892, 877, 30.28, 150.00, 53, 52, 0, 316, P0, Not Active, Not Active, Not Active
2026/07/20 00:54:48.301, 0, ${V100_GPU_0_UUID}, 00000000:01:00.0, 892, 877, 32.37, 150.00, 55, 54, 0, 316, P0, Not Active, Not Active, Not Active
2026/07/20 00:54:48.307, 1, ${V100_GPU_1_UUID}, 00000000:02:00.0, 892, 877, 30.30, 150.00, 53, 52, 0, 316, P0, Not Active, Not Active, Not Active
2026/07/20 00:54:48.389, 0, ${V100_GPU_0_UUID}, 00000000:01:00.0, 892, 877, 32.37, 150.00, 55, 54, 0, 316, P0, Not Active, Not Active, Not Active
2026/07/20 00:54:48.396, 1, ${V100_GPU_1_UUID}, 00000000:02:00.0, 892, 877, 29.80, 150.00, 53, 52, 0, 316, P0, Not Active, Not Active, Not Active
2026/07/20 00:54:48.484, 0, ${V100_GPU_0_UUID}, 00000000:01:00.0, 892, 877, 32.39, 150.00, 55, 54, 0, 316, P0, Not Active, Not Active, Not Active
2026/07/20 00:54:48.492, 1, ${V100_GPU_1_UUID}, 00000000:02:00.0, 892, 877, 30.30, 150.00, 53, 52, 0, 316, P0, Not Active, Not Active, Not Active
2026/07/20 00:54:48.608, 0, ${V100_GPU_0_UUID}, 00000000:01:00.0, 892, 877, 32.37, 150.00, 55, 54, 0, 316, P0, Not Active, Not Active, Not Active
2026/07/20 00:54:48.616, 1, ${V100_GPU_1_UUID}, 00000000:02:00.0, 892, 877, 30.30, 150.00, 53, 52, 0, 316, P0, Not Active, Not Active, Not Active
2026/07/20 00:54:48.699, 0, ${V100_GPU_0_UUID}, 00000000:01:00.0, 892, 877, 32.37, 150.00, 55, 54, 0, 316, P0, Not Active, Not Active, Not Active
2026/07/20 00:54:48.705, 1, ${V100_GPU_1_UUID}, 00000000:02:00.0, 892, 877, 30.28, 150.00, 53, 52, 0, 316, P0, Not Active, Not Active, Not Active
2026/07/20 00:54:48.808, 0, ${V100_GPU_0_UUID}, 00000000:01:00.0, 892, 877, 32.39, 150.00, 55, 54, 0, 316, P0, Not Active, Not Active, Not Active
2026/07/20 00:54:48.821, 1, ${V100_GPU_1_UUID}, 00000000:02:00.0, 892, 877, 30.30, 150.00, 53, 52, 0, 316, P0, Not Active, Not Active, Not Active
2026/07/20 00:54:48.910, 0, ${V100_GPU_0_UUID}, 00000000:01:00.0, 892, 877, 32.37, 150.00, 55, 54, 0, 316, P0, Not Active, Not Active, Not Active
2026/07/20 00:54:48.915, 1, ${V100_GPU_1_UUID}, 00000000:02:00.0, 892, 877, 30.28, 150.00, 53, 52, 0, 316, P0, Not Active, Not Active, Not Active
2026/07/20 00:54:48.999, 0, ${V100_GPU_0_UUID}, 00000000:01:00.0, 892, 877, 32.37, 150.00, 55, 54, 0, 316, P0, Not Active, Not Active, Not Active
2026/07/20 00:54:49.005, 1, ${V100_GPU_1_UUID}, 00000000:02:00.0, 892, 877, 29.82, 150.00, 53, 52, 0, 316, P0, Not Active, Not Active, Not Active
2026/07/20 00:54:49.109, 0, ${V100_GPU_0_UUID}, 00000000:01:00.0, 892, 877, 32.39, 150.00, 55, 54, 0, 316, P0, Not Active, Not Active, Not Active
2026/07/20 00:54:49.118, 1, ${V100_GPU_1_UUID}, 00000000:02:00.0, 892, 877, 30.30, 150.00, 53, 52, 0, 316, P0, Not Active, Not Active, Not Active
2026/07/20 00:54:49.202, 0, ${V100_GPU_0_UUID}, 00000000:01:00.0, 892, 877, 32.37, 150.00, 55, 54, 0, 316, P0, Not Active, Not Active, Not Active
2026/07/20 00:54:49.207, 1, ${V100_GPU_1_UUID}, 00000000:02:00.0, 892, 877, 29.80, 150.00, 53, 52, 0, 316, P0, Not Active, Not Active, Not Active
2026/07/20 00:54:49.310, 0, ${V100_GPU_0_UUID}, 00000000:01:00.0, 892, 877, 32.39, 150.00, 55, 54, 0, 316, P0, Not Active, Not Active, Not Active
2026/07/20 00:54:49.323, 1, ${V100_GPU_1_UUID}, 00000000:02:00.0, 892, 877, 30.30, 150.00, 53, 52, 0, 316, P0, Not Active, Not Active, Not Active
2026/07/20 00:54:49.423, 0, ${V100_GPU_0_UUID}, 00000000:01:00.0, 892, 877, 32.37, 150.00, 55, 54, 0, 316, P0, Not Active, Not Active, Not Active
2026/07/20 00:54:49.428, 1, ${V100_GPU_1_UUID}, 00000000:02:00.0, 892, 877, 30.28, 150.00, 53, 52, 0, 316, P0, Not Active, Not Active, Not Active
2026/07/20 00:54:49.510, 0, ${V100_GPU_0_UUID}, 00000000:01:00.0, 892, 877, 32.37, 150.00, 55, 54, 0, 316, P0, Not Active, Not Active, Not Active
2026/07/20 00:54:49.515, 1, ${V100_GPU_1_UUID}, 00000000:02:00.0, 892, 877, 30.30, 150.00, 53, 52, 0, 316, P0, Not Active, Not Active, Not Active
2026/07/20 00:54:49.624, 0, ${V100_GPU_0_UUID}, 00000000:01:00.0, 892, 877, 32.39, 150.00, 55, 54, 0, 316, P0, Not Active, Not Active, Not Active
2026/07/20 00:54:49.634, 1, ${V100_GPU_1_UUID}, 00000000:02:00.0, 892, 877, 30.30, 150.00, 53, 52, 0, 316, P0, Not Active, Not Active, Not Active
2026/07/20 00:54:49.719, 0, ${V100_GPU_0_UUID}, 00000000:01:00.0, 892, 877, 32.37, 150.00, 55, 54, 0, 316, P0, Not Active, Not Active, Not Active
2026/07/20 00:54:49.724, 1, ${V100_GPU_1_UUID}, 00000000:02:00.0, 892, 877, 30.28, 150.00, 53, 52, 0, 316, P0, Not Active, Not Active, Not Active
2026/07/20 00:54:49.828, 0, ${V100_GPU_0_UUID}, 00000000:01:00.0, 892, 877, 32.39, 150.00, 55, 54, 0, 316, P0, Not Active, Not Active, Not Active
2026/07/20 00:54:49.841, 1, ${V100_GPU_1_UUID}, 00000000:02:00.0, 892, 877, 30.30, 150.00, 53, 52, 0, 316, P0, Not Active, Not Active, Not Active
2026/07/20 00:54:49.951, 0, ${V100_GPU_0_UUID}, 00000000:01:00.0, 892, 877, 32.37, 150.00, 55, 54, 0, 316, P0, Not Active, Not Active, Not Active
2026/07/20 00:54:49.957, 1, ${V100_GPU_1_UUID}, 00000000:02:00.0, 892, 877, 30.28, 150.00, 53, 52, 0, 316, P0, Not Active, Not Active, Not Active
2026/07/20 00:54:50.039, 0, ${V100_GPU_0_UUID}, 00000000:01:00.0, 892, 877, 32.37, 150.00, 55, 54, 0, 316, P0, Not Active, Not Active, Not Active
2026/07/20 00:54:50.044, 1, ${V100_GPU_1_UUID}, 00000000:02:00.0, 892, 877, 30.30, 150.00, 53, 52, 0, 316, P0, Not Active, Not Active, Not Active
2026/07/20 00:54:50.154, 0, ${V100_GPU_0_UUID}, 00000000:01:00.0, 892, 877, 32.39, 150.00, 55, 54, 0, 316, P0, Not Active, Not Active, Not Active
2026/07/20 00:54:50.164, 1, ${V100_GPU_1_UUID}, 00000000:02:00.0, 892, 877, 30.30, 150.00, 53, 52, 0, 316, P0, Not Active, Not Active, Not Active
2026/07/20 00:54:50.249, 0, ${V100_GPU_0_UUID}, 00000000:01:00.0, 892, 877, 32.37, 150.00, 55, 54, 0, 316, P0, Not Active, Not Active, Not Active
2026/07/20 00:54:50.255, 1, ${V100_GPU_1_UUID}, 00000000:02:00.0, 892, 877, 29.80, 150.00, 53, 52, 0, 316, P0, Not Active, Not Active, Not Active
2026/07/20 00:54:50.343, 0, ${V100_GPU_0_UUID}, 00000000:01:00.0, 892, 877, 32.39, 150.00, 55, 54, 0, 316, P0, Not Active, Not Active, Not Active
2026/07/20 00:54:50.350, 1, ${V100_GPU_1_UUID}, 00000000:02:00.0, 892, 877, 30.30, 150.00, 53, 52, 0, 316, P0, Not Active, Not Active, Not Active
2026/07/20 00:54:50.465, 0, ${V100_GPU_0_UUID}, 00000000:01:00.0, 892, 877, 32.37, 150.00, 55, 54, 0, 316, P0, Not Active, Not Active, Not Active
2026/07/20 00:54:50.472, 1, ${V100_GPU_1_UUID}, 00000000:02:00.0, 892, 877, 30.30, 150.00, 53, 52, 0, 316, P0, Not Active, Not Active, Not Active
2026/07/20 00:54:50.556, 0, ${V100_GPU_0_UUID}, 00000000:01:00.0, 892, 877, 32.37, 150.00, 55, 54, 0, 316, P0, Not Active, Not Active, Not Active
2026/07/20 00:54:50.562, 1, ${V100_GPU_1_UUID}, 00000000:02:00.0, 892, 877, 30.28, 150.00, 53, 52, 0, 316, P0, Not Active, Not Active, Not Active
2026/07/20 00:54:50.671, 0, ${V100_GPU_0_UUID}, 00000000:01:00.0, 892, 877, 32.39, 150.00, 55, 54, 0, 316, P0, Not Active, Not Active, Not Active
2026/07/20 00:54:50.679, 1, ${V100_GPU_1_UUID}, 00000000:02:00.0, 892, 877, 30.30, 150.00, 53, 52, 0, 316, P0, Not Active, Not Active, Not Active
2026/07/20 00:54:50.763, 0, ${V100_GPU_0_UUID}, 00000000:01:00.0, 892, 877, 32.35, 150.00, 55, 54, 0, 316, P0, Not Active, Not Active, Not Active
2026/07/20 00:54:50.769, 1, ${V100_GPU_1_UUID}, 00000000:02:00.0, 892, 877, 30.26, 150.00, 53, 52, 0, 316, P0, Not Active, Not Active, Not Active
2026/07/20 00:54:50.852, 0, ${V100_GPU_0_UUID}, 00000000:01:00.0, 892, 877, 32.37, 150.00, 55, 54, 0, 316, P0, Not Active, Not Active, Not Active
2026/07/20 00:54:50.858, 1, ${V100_GPU_1_UUID}, 00000000:02:00.0, 892, 877, 29.82, 150.00, 53, 52, 0, 316, P0, Not Active, Not Active, Not Active
2026/07/20 00:54:50.972, 0, ${V100_GPU_0_UUID}, 00000000:01:00.0, 892, 877, 32.39, 150.00, 55, 54, 0, 316, P0, Not Active, Not Active, Not Active
2026/07/20 00:54:50.980, 1, ${V100_GPU_1_UUID}, 00000000:02:00.0, 892, 877, 30.30, 150.00, 53, 52, 0, 316, P0, Not Active, Not Active, Not Active
2026/07/20 00:54:51.063, 0, ${V100_GPU_0_UUID}, 00000000:01:00.0, 892, 877, 32.37, 150.00, 55, 54, 0, 316, P0, Not Active, Not Active, Not Active
2026/07/20 00:54:51.069, 1, ${V100_GPU_1_UUID}, 00000000:02:00.0, 892, 877, 30.28, 150.00, 53, 52, 0, 316, P0, Not Active, Not Active, Not Active
2026/07/20 00:54:51.178, 0, ${V100_GPU_0_UUID}, 00000000:01:00.0, 892, 877, 32.39, 150.00, 55, 54, 0, 316, P0, Not Active, Not Active, Not Active
2026/07/20 00:54:51.189, 1, ${V100_GPU_1_UUID}, 00000000:02:00.0, 892, 877, 30.30, 150.00, 53, 52, 0, 316, P0, Not Active, Not Active, Not Active
2026/07/20 00:54:51.274, 0, ${V100_GPU_0_UUID}, 00000000:01:00.0, 892, 877, 32.37, 150.00, 55, 54, 0, 316, P0, Not Active, Not Active, Not Active
2026/07/20 00:54:51.280, 1, ${V100_GPU_1_UUID}, 00000000:02:00.0, 892, 877, 30.28, 150.00, 53, 52, 0, 316, P0, Not Active, Not Active, Not Active
2026/07/20 00:54:51.382, 0, ${V100_GPU_0_UUID}, 00000000:01:00.0, 892, 877, 32.39, 150.00, 55, 54, 0, 316, P0, Not Active, Not Active, Not Active
2026/07/20 00:54:51.392, 1, ${V100_GPU_1_UUID}, 00000000:02:00.0, 892, 877, 29.82, 150.00, 53, 52, 0, 316, P0, Not Active, Not Active, Not Active
2026/07/20 00:54:51.477, 0, ${V100_GPU_0_UUID}, 00000000:01:00.0, 892, 877, 32.37, 150.00, 55, 54, 0, 316, P0, Not Active, Not Active, Not Active
2026/07/20 00:54:51.482, 1, ${V100_GPU_1_UUID}, 00000000:02:00.0, 892, 877, 30.28, 150.00, 53, 52, 0, 316, P0, Not Active, Not Active, Not Active
2026/07/20 00:54:51.567, 0, ${V100_GPU_0_UUID}, 00000000:01:00.0, 892, 877, 32.37, 150.00, 55, 54, 0, 316, P0, Not Active, Not Active, Not Active
2026/07/20 00:54:51.573, 1, ${V100_GPU_1_UUID}, 00000000:02:00.0, 892, 877, 30.30, 150.00, 53, 52, 0, 316, P0, Not Active, Not Active, Not Active
2026/07/20 00:54:51.672, 0, ${V100_GPU_0_UUID}, 00000000:01:00.0, 892, 877, 32.39, 150.00, 55, 54, 0, 316, P0, Not Active, Not Active, Not Active
2026/07/20 00:54:51.683, 1, ${V100_GPU_1_UUID}, 00000000:02:00.0, 892, 877, 30.30, 150.00, 53, 52, 0, 316, P0, Not Active, Not Active, Not Active
2026/07/20 00:54:51.770, 0, ${V100_GPU_0_UUID}, 00000000:01:00.0, 892, 877, 32.37, 150.00, 55, 54, 0, 316, P0, Not Active, Not Active, Not Active
2026/07/20 00:54:51.776, 1, ${V100_GPU_1_UUID}, 00000000:02:00.0, 892, 877, 30.28, 150.00, 53, 52, 0, 316, P0, Not Active, Not Active, Not Active
2026/07/20 00:54:51.885, 0, ${V100_GPU_0_UUID}, 00000000:01:00.0, 892, 877, 32.39, 150.00, 55, 54, 0, 316, P0, Not Active, Not Active, Not Active
2026/07/20 00:54:51.895, 1, ${V100_GPU_1_UUID}, 00000000:02:00.0, 892, 877, 29.82, 150.00, 53, 52, 0, 316, P0, Not Active, Not Active, Not Active
2026/07/20 00:54:51.985, 0, ${V100_GPU_0_UUID}, 00000000:01:00.0, 892, 877, 32.37, 150.00, 55, 54, 0, 316, P0, Not Active, Not Active, Not Active
2026/07/20 00:54:51.992, 1, ${V100_GPU_1_UUID}, 00000000:02:00.0, 892, 877, 30.28, 150.00, 53, 52, 0, 316, P0, Not Active, Not Active, Not Active
2026/07/20 00:54:52.079, 0, ${V100_GPU_0_UUID}, 00000000:01:00.0, 892, 877, 32.39, 150.00, 55, 54, 0, 316, P0, Not Active, Not Active, Not Active
2026/07/20 00:54:52.086, 1, ${V100_GPU_1_UUID}, 00000000:02:00.0, 892, 877, 30.30, 150.00, 53, 52, 0, 316, P0, Not Active, Not Active, Not Active
2026/07/20 00:54:52.171, 0, ${V100_GPU_0_UUID}, 00000000:01:00.0, 892, 877, 32.39, 150.00, 55, 54, 0, 316, P0, Not Active, Not Active, Not Active
2026/07/20 00:54:52.176, 1, ${V100_GPU_1_UUID}, 00000000:02:00.0, 892, 877, 30.30, 150.00, 53, 52, 0, 316, P0, Not Active, Not Active, Not Active
2026/07/20 00:54:52.264, 0, ${V100_GPU_0_UUID}, 00000000:01:00.0, 892, 877, 32.37, 150.00, 55, 54, 0, 316, P0, Not Active, Not Active, Not Active
2026/07/20 00:54:52.270, 1, ${V100_GPU_1_UUID}, 00000000:02:00.0, 892, 877, 30.28, 150.00, 53, 52, 0, 316, P0, Not Active, Not Active, Not Active
2026/07/20 00:54:52.354, 0, ${V100_GPU_0_UUID}, 00000000:01:00.0, 892, 877, 32.39, 150.00, 55, 54, 0, 316, P0, Not Active, Not Active, Not Active
2026/07/20 00:54:52.360, 1, ${V100_GPU_1_UUID}, 00000000:02:00.0, 892, 877, 30.30, 150.00, 53, 52, 0, 316, P0, Not Active, Not Active, Not Active
2026/07/20 00:54:52.474, 0, ${V100_GPU_0_UUID}, 00000000:01:00.0, 892, 877, 32.39, 150.00, 55, 54, 0, 316, P0, Not Active, Not Active, Not Active
2026/07/20 00:54:52.483, 1, ${V100_GPU_1_UUID}, 00000000:02:00.0, 892, 877, 30.30, 150.00, 53, 52, 0, 316, P0, Not Active, Not Active, Not Active
2026/07/20 00:54:52.576, 0, ${V100_GPU_0_UUID}, 00000000:01:00.0, 892, 877, 32.39, 150.00, 55, 54, 0, 316, P0, Not Active, Not Active, Not Active
2026/07/20 00:54:52.583, 1, ${V100_GPU_1_UUID}, 00000000:02:00.0, 892, 877, 30.30, 150.00, 53, 52, 0, 316, P0, Not Active, Not Active, Not Active
2026/07/20 00:54:52.698, 0, ${V100_GPU_0_UUID}, 00000000:01:00.0, 892, 877, 32.39, 150.00, 55, 54, 0, 316, P0, Not Active, Not Active, Not Active
2026/07/20 00:54:52.705, 1, ${V100_GPU_1_UUID}, 00000000:02:00.0, 892, 877, 30.30, 150.00, 53, 52, 0, 316, P0, Not Active, Not Active, Not Active
2026/07/20 00:54:52.792, 0, ${V100_GPU_0_UUID}, 00000000:01:00.0, 892, 877, 32.37, 150.00, 55, 54, 0, 316, P0, Not Active, Not Active, Not Active
2026/07/20 00:54:52.797, 1, ${V100_GPU_1_UUID}, 00000000:02:00.0, 892, 877, 30.28, 150.00, 53, 52, 0, 316, P0, Not Active, Not Active, Not Active
2026/07/20 00:54:52.882, 0, ${V100_GPU_0_UUID}, 00000000:01:00.0, 892, 877, 32.39, 150.00, 55, 54, 0, 316, P0, Not Active, Not Active, Not Active
2026/07/20 00:54:52.888, 1, ${V100_GPU_1_UUID}, 00000000:02:00.0, 892, 877, 30.30, 150.00, 53, 52, 0, 316, P0, Not Active, Not Active, Not Active
2026/07/20 00:54:52.992, 0, ${V100_GPU_0_UUID}, 00000000:01:00.0, 892, 877, 32.39, 150.00, 55, 54, 0, 316, P0, Not Active, Not Active, Not Active
2026/07/20 00:54:53.001, 1, ${V100_GPU_1_UUID}, 00000000:02:00.0, 892, 877, 30.30, 150.00, 53, 52, 0, 316, P0, Not Active, Not Active, Not Active
2026/07/20 00:54:53.096, 0, ${V100_GPU_0_UUID}, 00000000:01:00.0, 892, 877, 32.39, 150.00, 55, 54, 0, 316, P0, Not Active, Not Active, Not Active
2026/07/20 00:54:53.103, 1, ${V100_GPU_1_UUID}, 00000000:02:00.0, 892, 877, 29.82, 150.00, 53, 52, 0, 316, P0, Not Active, Not Active, Not Active
2026/07/20 00:54:53.196, 0, ${V100_GPU_0_UUID}, 00000000:01:00.0, 892, 877, 32.39, 150.00, 55, 54, 0, 316, P0, Not Active, Not Active, Not Active
2026/07/20 00:54:53.205, 1, ${V100_GPU_1_UUID}, 00000000:02:00.0, 892, 877, 30.30, 150.00, 53, 52, 0, 316, P0, Not Active, Not Active, Not Active
2026/07/20 00:54:53.315, 0, ${V100_GPU_0_UUID}, 00000000:01:00.0, 892, 877, 32.37, 150.00, 55, 54, 0, 316, P0, Not Active, Not Active, Not Active
2026/07/20 00:54:53.322, 1, ${V100_GPU_1_UUID}, 00000000:02:00.0, 892, 877, 30.28, 150.00, 53, 52, 0, 316, P0, Not Active, Not Active, Not Active
2026/07/20 00:54:53.404, 0, ${V100_GPU_0_UUID}, 00000000:01:00.0, 892, 877, 32.37, 150.00, 55, 54, 0, 316, P0, Not Active, Not Active, Not Active
2026/07/20 00:54:53.410, 1, ${V100_GPU_1_UUID}, 00000000:02:00.0, 892, 877, 30.30, 150.00, 53, 52, 0, 316, P0, Not Active, Not Active, Not Active
2026/07/20 00:54:53.523, 0, ${V100_GPU_0_UUID}, 00000000:01:00.0, 892, 877, 32.39, 150.00, 55, 54, 0, 316, P0, Not Active, Not Active, Not Active
2026/07/20 00:54:53.530, 1, ${V100_GPU_1_UUID}, 00000000:02:00.0, 892, 877, 29.82, 150.00, 53, 52, 0, 316, P0, Not Active, Not Active, Not Active
2026/07/20 00:54:53.616, 0, ${V100_GPU_0_UUID}, 00000000:01:00.0, 892, 877, 32.37, 150.00, 55, 54, 0, 316, P0, Not Active, Not Active, Not Active
2026/07/20 00:54:53.621, 1, ${V100_GPU_1_UUID}, 00000000:02:00.0, 892, 877, 29.80, 150.00, 53, 52, 0, 316, P0, Not Active, Not Active, Not Active
2026/07/20 00:54:53.719, 0, ${V100_GPU_0_UUID}, 00000000:01:00.0, 892, 877, 32.39, 150.00, 55, 54, 0, 316, P0, Not Active, Not Active, Not Active
2026/07/20 00:54:53.730, 1, ${V100_GPU_1_UUID}, 00000000:02:00.0, 892, 877, 30.30, 150.00, 53, 52, 0, 316, P0, Not Active, Not Active, Not Active
2026/07/20 00:54:53.830, 0, ${V100_GPU_0_UUID}, 00000000:01:00.0, 892, 877, 32.39, 150.00, 55, 54, 0, 316, P0, Not Active, Not Active, Not Active
2026/07/20 00:54:53.836, 1, ${V100_GPU_1_UUID}, 00000000:02:00.0, 892, 877, 30.30, 150.00, 53, 52, 0, 316, P0, Not Active, Not Active, Not Active
2026/07/20 00:54:53.919, 0, ${V100_GPU_0_UUID}, 00000000:01:00.0, 892, 877, 32.37, 150.00, 55, 54, 0, 316, P0, Not Active, Not Active, Not Active
2026/07/20 00:54:53.925, 1, ${V100_GPU_1_UUID}, 00000000:02:00.0, 892, 877, 30.28, 150.00, 53, 52, 0, 316, P0, Not Active, Not Active, Not Active
2026/07/20 00:54:54.016, 0, ${V100_GPU_0_UUID}, 00000000:01:00.0, 892, 877, 32.39, 150.00, 55, 54, 0, 316, P0, Not Active, Not Active, Not Active
2026/07/20 00:54:54.025, 1, ${V100_GPU_1_UUID}, 00000000:02:00.0, 892, 877, 30.30, 150.00, 53, 52, 0, 316, P0, Not Active, Not Active, Not Active
2026/07/20 00:54:54.111, 0, ${V100_GPU_0_UUID}, 00000000:01:00.0, 892, 877, 32.37, 150.00, 55, 54, 0, 316, P0, Not Active, Not Active, Not Active
2026/07/20 00:54:54.116, 1, ${V100_GPU_1_UUID}, 00000000:02:00.0, 892, 877, 30.28, 150.00, 53, 52, 0, 316, P0, Not Active, Not Active, Not Active
2026/07/20 00:54:54.214, 0, ${V100_GPU_0_UUID}, 00000000:01:00.0, 892, 877, 32.39, 150.00, 55, 54, 0, 316, P0, Not Active, Not Active, Not Active
2026/07/20 00:54:54.225, 1, ${V100_GPU_1_UUID}, 00000000:02:00.0, 892, 877, 29.82, 150.00, 53, 52, 0, 316, P0, Not Active, Not Active, Not Active
2026/07/20 00:54:54.337, 0, ${V100_GPU_0_UUID}, 00000000:01:00.0, 892, 877, 32.39, 150.00, 55, 54, 0, 316, P0, Not Active, Not Active, Not Active
2026/07/20 00:54:54.345, 1, ${V100_GPU_1_UUID}, 00000000:02:00.0, 892, 877, 29.82, 150.00, 53, 52, 0, 316, P0, Not Active, Not Active, Not Active
2026/07/20 00:54:54.432, 0, ${V100_GPU_0_UUID}, 00000000:01:00.0, 892, 877, 32.39, 150.00, 55, 54, 0, 316, P0, Not Active, Not Active, Not Active
2026/07/20 00:54:54.437, 1, ${V100_GPU_1_UUID}, 00000000:02:00.0, 892, 877, 30.30, 150.00, 53, 52, 0, 316, P0, Not Active, Not Active, Not Active
2026/07/20 00:54:54.540, 0, ${V100_GPU_0_UUID}, 00000000:01:00.0, 892, 877, 32.39, 150.00, 55, 54, 0, 316, P0, Not Active, Not Active, Not Active
2026/07/20 00:54:54.558, 1, ${V100_GPU_1_UUID}, 00000000:02:00.0, 892, 877, 29.82, 150.00, 53, 52, 0, 316, P0, Not Active, Not Active, Not Active
2026/07/20 00:54:54.646, 0, ${V100_GPU_0_UUID}, 00000000:01:00.0, 892, 877, 32.37, 150.00, 55, 54, 0, 316, P0, Not Active, Not Active, Not Active
2026/07/20 00:54:54.652, 1, ${V100_GPU_1_UUID}, 00000000:02:00.0, 892, 877, 30.28, 150.00, 53, 52, 0, 316, P0, Not Active, Not Active, Not Active
2026/07/20 00:54:54.762, 0, ${V100_GPU_0_UUID}, 00000000:01:00.0, 892, 877, 32.39, 150.00, 55, 54, 0, 316, P0, Not Active, Not Active, Not Active
2026/07/20 00:54:54.770, 1, ${V100_GPU_1_UUID}, 00000000:02:00.0, 892, 877, 30.30, 150.00, 53, 52, 0, 316, P0, Not Active, Not Active, Not Active
2026/07/20 00:54:54.858, 0, ${V100_GPU_0_UUID}, 00000000:01:00.0, 892, 877, 32.37, 150.00, 55, 54, 0, 316, P0, Not Active, Not Active, Not Active
2026/07/20 00:54:54.864, 1, ${V100_GPU_1_UUID}, 00000000:02:00.0, 892, 877, 30.28, 150.00, 53, 52, 0, 316, P0, Not Active, Not Active, Not Active
2026/07/20 00:54:54.951, 0, ${V100_GPU_0_UUID}, 00000000:01:00.0, 892, 877, 32.39, 150.00, 55, 54, 0, 316, P0, Not Active, Not Active, Not Active
2026/07/20 00:54:54.959, 1, ${V100_GPU_1_UUID}, 00000000:02:00.0, 892, 877, 30.30, 150.00, 53, 52, 0, 316, P0, Not Active, Not Active, Not Active
2026/07/20 00:54:55.075, 0, ${V100_GPU_0_UUID}, 00000000:01:00.0, 892, 877, 32.39, 150.00, 55, 54, 0, 316, P0, Not Active, Not Active, Not Active
2026/07/20 00:54:55.082, 1, ${V100_GPU_1_UUID}, 00000000:02:00.0, 892, 877, 30.30, 150.00, 53, 52, 0, 316, P0, Not Active, Not Active, Not Active
2026/07/20 00:54:55.166, 0, ${V100_GPU_0_UUID}, 00000000:01:00.0, 892, 877, 32.37, 150.00, 55, 54, 0, 316, P0, Not Active, Not Active, Not Active
2026/07/20 00:54:55.171, 1, ${V100_GPU_1_UUID}, 00000000:02:00.0, 892, 877, 30.30, 150.00, 53, 52, 0, 316, P0, Not Active, Not Active, Not Active
2026/07/20 00:54:55.285, 0, ${V100_GPU_0_UUID}, 00000000:01:00.0, 892, 877, 32.39, 150.00, 55, 54, 0, 316, P0, Not Active, Not Active, Not Active
2026/07/20 00:54:55.300, 1, ${V100_GPU_1_UUID}, 00000000:02:00.0, 892, 877, 29.82, 150.00, 53, 52, 0, 316, P0, Not Active, Not Active, Not Active
2026/07/20 00:54:55.387, 0, ${V100_GPU_0_UUID}, 00000000:01:00.0, 892, 877, 32.37, 150.00, 55, 54, 0, 316, P0, Not Active, Not Active, Not Active
2026/07/20 00:54:55.393, 1, ${V100_GPU_1_UUID}, 00000000:02:00.0, 892, 877, 30.28, 150.00, 53, 52, 0, 316, P0, Not Active, Not Active, Not Active
2026/07/20 00:54:55.502, 0, ${V100_GPU_0_UUID}, 00000000:01:00.0, 892, 877, 32.39, 150.00, 55, 54, 0, 316, P0, Not Active, Not Active, Not Active
2026/07/20 00:54:55.510, 1, ${V100_GPU_1_UUID}, 00000000:02:00.0, 892, 877, 30.30, 150.00, 53, 52, 0, 316, P0, Not Active, Not Active, Not Active
2026/07/20 00:54:55.624, 0, ${V100_GPU_0_UUID}, 00000000:01:00.0, 892, 877, 32.39, 150.00, 55, 54, 0, 316, P0, Not Active, Not Active, Not Active
2026/07/20 00:54:55.631, 1, ${V100_GPU_1_UUID}, 00000000:02:00.0, 892, 877, 30.28, 150.00, 53, 52, 0, 316, P0, Not Active, Not Active, Not Active
2026/07/20 00:54:55.713, 0, ${V100_GPU_0_UUID}, 00000000:01:00.0, 892, 877, 32.37, 150.00, 55, 54, 0, 316, P0, Not Active, Not Active, Not Active
2026/07/20 00:54:55.720, 1, ${V100_GPU_1_UUID}, 00000000:02:00.0, 892, 877, 30.30, 150.00, 53, 52, 0, 316, P0, Not Active, Not Active, Not Active
2026/07/20 00:54:55.829, 0, ${V100_GPU_0_UUID}, 00000000:01:00.0, 892, 877, 32.39, 150.00, 55, 54, 0, 316, P0, Not Active, Not Active, Not Active
2026/07/20 00:54:55.836, 1, ${V100_GPU_1_UUID}, 00000000:02:00.0, 892, 877, 30.30, 150.00, 53, 52, 0, 316, P0, Not Active, Not Active, Not Active
2026/07/20 00:54:55.919, 0, ${V100_GPU_0_UUID}, 00000000:01:00.0, 892, 877, 32.37, 150.00, 55, 54, 0, 316, P0, Not Active, Not Active, Not Active
2026/07/20 00:54:55.925, 1, ${V100_GPU_1_UUID}, 00000000:02:00.0, 892, 877, 30.28, 150.00, 53, 52, 0, 316, P0, Not Active, Not Active, Not Active
2026/07/20 00:54:56.023, 0, ${V100_GPU_0_UUID}, 00000000:01:00.0, 892, 877, 32.39, 150.00, 55, 54, 0, 316, P0, Not Active, Not Active, Not Active
2026/07/20 00:54:56.034, 1, ${V100_GPU_1_UUID}, 00000000:02:00.0, 892, 877, 30.30, 150.00, 53, 52, 0, 316, P0, Not Active, Not Active, Not Active
2026/07/20 00:54:56.149, 0, ${V100_GPU_0_UUID}, 00000000:01:00.0, 892, 877, 32.37, 150.00, 55, 54, 0, 316, P0, Not Active, Not Active, Not Active
2026/07/20 00:54:56.155, 1, ${V100_GPU_1_UUID}, 00000000:02:00.0, 892, 877, 30.28, 150.00, 53, 52, 0, 316, P0, Not Active, Not Active, Not Active
2026/07/20 00:54:56.243, 0, ${V100_GPU_0_UUID}, 00000000:01:00.0, 892, 877, 32.37, 150.00, 55, 54, 0, 316, P0, Not Active, Not Active, Not Active
2026/07/20 00:54:56.248, 1, ${V100_GPU_1_UUID}, 00000000:02:00.0, 892, 877, 30.28, 150.00, 53, 52, 0, 316, P0, Not Active, Not Active, Not Active
2026/07/20 00:54:56.346, 0, ${V100_GPU_0_UUID}, 00000000:01:00.0, 892, 877, 32.39, 150.00, 55, 54, 0, 316, P0, Not Active, Not Active, Not Active
2026/07/20 00:54:56.357, 1, ${V100_GPU_1_UUID}, 00000000:02:00.0, 892, 877, 30.30, 150.00, 53, 52, 0, 316, P0, Not Active, Not Active, Not Active
2026/07/20 00:54:56.467, 0, ${V100_GPU_0_UUID}, 00000000:01:00.0, 892, 877, 32.39, 150.00, 55, 54, 0, 316, P0, Not Active, Not Active, Not Active
2026/07/20 00:54:56.474, 1, ${V100_GPU_1_UUID}, 00000000:02:00.0, 892, 877, 30.30, 150.00, 53, 52, 0, 316, P0, Not Active, Not Active, Not Active
2026/07/20 00:54:56.570, 0, ${V100_GPU_0_UUID}, 00000000:01:00.0, 892, 877, 32.39, 150.00, 55, 54, 0, 316, P0, Not Active, Not Active, Not Active
2026/07/20 00:54:56.589, 1, ${V100_GPU_1_UUID}, 00000000:02:00.0, 892, 877, 30.30, 150.00, 53, 52, 0, 316, P0, Not Active, Not Active, Not Active
2026/07/20 00:54:56.702, 0, ${V100_GPU_0_UUID}, 00000000:01:00.0, 892, 877, 32.39, 150.00, 55, 54, 0, 316, P0, Not Active, Not Active, Not Active
2026/07/20 00:54:56.712, 1, ${V100_GPU_1_UUID}, 00000000:02:00.0, 892, 877, 29.82, 150.00, 53, 52, 0, 316, P0, Not Active, Not Active, Not Active
2026/07/20 00:54:56.797, 0, ${V100_GPU_0_UUID}, 00000000:01:00.0, 892, 877, 32.37, 150.00, 55, 54, 0, 316, P0, Not Active, Not Active, Not Active
2026/07/20 00:54:56.804, 1, ${V100_GPU_1_UUID}, 00000000:02:00.0, 892, 877, 30.28, 150.00, 53, 52, 0, 316, P0, Not Active, Not Active, Not Active
2026/07/20 00:54:56.918, 0, ${V100_GPU_0_UUID}, 00000000:01:00.0, 892, 877, 32.39, 150.00, 55, 54, 0, 316, P0, Not Active, Not Active, Not Active
2026/07/20 00:54:56.924, 1, ${V100_GPU_1_UUID}, 00000000:02:00.0, 892, 877, 30.30, 150.00, 53, 52, 0, 316, P0, Not Active, Not Active, Not Active
2026/07/20 00:54:57.012, 0, ${V100_GPU_0_UUID}, 00000000:01:00.0, 892, 877, 32.39, 150.00, 55, 54, 0, 316, P0, Not Active, Not Active, Not Active
2026/07/20 00:54:57.021, 1, ${V100_GPU_1_UUID}, 00000000:02:00.0, 892, 877, 30.30, 150.00, 53, 52, 0, 316, P0, Not Active, Not Active, Not Active
2026/07/20 00:54:57.138, 0, ${V100_GPU_0_UUID}, 00000000:01:00.0, 892, 877, 32.39, 150.00, 55, 54, 0, 316, P0, Not Active, Not Active, Not Active
2026/07/20 00:54:57.145, 1, ${V100_GPU_1_UUID}, 00000000:02:00.0, 892, 877, 30.30, 150.00, 53, 52, 0, 316, P0, Not Active, Not Active, Not Active
2026/07/20 00:54:57.259, 0, ${V100_GPU_0_UUID}, 00000000:01:00.0, 892, 877, 32.39, 150.00, 55, 54, 0, 316, P0, Not Active, Not Active, Not Active
2026/07/20 00:54:57.266, 1, ${V100_GPU_1_UUID}, 00000000:02:00.0, 892, 877, 29.82, 150.00, 53, 52, 0, 316, P0, Not Active, Not Active, Not Active
2026/07/20 00:54:57.359, 0, ${V100_GPU_0_UUID}, 00000000:01:00.0, 892, 877, 32.39, 150.00, 55, 54, 0, 316, P0, Not Active, Not Active, Not Active
2026/07/20 00:54:57.378, 1, ${V100_GPU_1_UUID}, 00000000:02:00.0, 892, 877, 29.82, 150.00, 53, 52, 0, 316, P0, Not Active, Not Active, Not Active
2026/07/20 00:54:57.467, 0, ${V100_GPU_0_UUID}, 00000000:01:00.0, 892, 877, 32.39, 150.00, 55, 54, 0, 316, P0, Not Active, Not Active, Not Active
2026/07/20 00:54:57.473, 1, ${V100_GPU_1_UUID}, 00000000:02:00.0, 892, 877, 30.30, 150.00, 53, 52, 0, 316, P0, Not Active, Not Active, Not Active
2026/07/20 00:54:57.587, 0, ${V100_GPU_0_UUID}, 00000000:01:00.0, 892, 877, 32.39, 150.00, 55, 54, 0, 316, P0, Not Active, Not Active, Not Active
2026/07/20 00:54:57.594, 1, ${V100_GPU_1_UUID}, 00000000:02:00.0, 892, 877, 30.30, 150.00, 53, 52, 0, 316, P0, Not Active, Not Active, Not Active
2026/07/20 00:54:57.690, 0, ${V100_GPU_0_UUID}, 00000000:01:00.0, 892, 877, 32.39, 150.00, 55, 54, 0, 316, P0, Not Active, Not Active, Not Active
2026/07/20 00:54:57.702, 1, ${V100_GPU_1_UUID}, 00000000:02:00.0, 892, 877, 30.30, 150.00, 53, 52, 0, 316, P0, Not Active, Not Active, Not Active
2026/07/20 00:54:57.825, 0, ${V100_GPU_0_UUID}, 00000000:01:00.0, 892, 877, 32.37, 150.00, 55, 54, 0, 316, P0, Not Active, Not Active, Not Active
2026/07/20 00:54:57.831, 1, ${V100_GPU_1_UUID}, 00000000:02:00.0, 892, 877, 30.30, 150.00, 53, 52, 0, 316, P0, Not Active, Not Active, Not Active
2026/07/20 00:54:57.913, 0, ${V100_GPU_0_UUID}, 00000000:01:00.0, 892, 877, 32.39, 150.00, 55, 54, 0, 316, P0, Not Active, Not Active, Not Active
2026/07/20 00:54:57.918, 1, ${V100_GPU_1_UUID}, 00000000:02:00.0, 892, 877, 30.30, 150.00, 53, 52, 0, 316, P0, Not Active, Not Active, Not Active
2026/07/20 00:54:58.027, 0, ${V100_GPU_0_UUID}, 00000000:01:00.0, 892, 877, 32.39, 150.00, 55, 54, 0, 316, P0, Not Active, Not Active, Not Active
2026/07/20 00:54:58.035, 1, ${V100_GPU_1_UUID}, 00000000:02:00.0, 892, 877, 30.30, 150.00, 53, 52, 0, 316, P0, Not Active, Not Active, Not Active
2026/07/20 00:54:58.119, 0, ${V100_GPU_0_UUID}, 00000000:01:00.0, 892, 877, 32.37, 150.00, 55, 54, 0, 316, P0, Not Active, Not Active, Not Active
2026/07/20 00:54:58.124, 1, ${V100_GPU_1_UUID}, 00000000:02:00.0, 892, 877, 29.80, 150.00, 53, 52, 0, 316, P0, Not Active, Not Active, Not Active
2026/07/20 00:54:58.234, 0, ${V100_GPU_0_UUID}, 00000000:01:00.0, 892, 877, 32.39, 150.00, 55, 54, 0, 316, P0, Not Active, Not Active, Not Active
2026/07/20 00:54:58.243, 1, ${V100_GPU_1_UUID}, 00000000:02:00.0, 892, 877, 29.82, 150.00, 53, 52, 0, 316, P0, Not Active, Not Active, Not Active
2026/07/20 00:54:58.343, 0, ${V100_GPU_0_UUID}, 00000000:01:00.0, 892, 877, 32.37, 150.00, 55, 54, 0, 316, P0, Not Active, Not Active, Not Active
2026/07/20 00:54:58.350, 1, ${V100_GPU_1_UUID}, 00000000:02:00.0, 892, 877, 30.30, 150.00, 53, 52, 0, 316, P0, Not Active, Not Active, Not Active
2026/07/20 00:54:58.433, 0, ${V100_GPU_0_UUID}, 00000000:01:00.0, 892, 877, 32.37, 150.00, 55, 54, 0, 316, P0, Not Active, Not Active, Not Active
2026/07/20 00:54:58.439, 1, ${V100_GPU_1_UUID}, 00000000:02:00.0, 892, 877, 30.30, 150.00, 53, 52, 0, 316, P0, Not Active, Not Active, Not Active
2026/07/20 00:54:58.555, 0, ${V100_GPU_0_UUID}, 00000000:01:00.0, 892, 877, 32.39, 150.00, 55, 54, 0, 316, P0, Not Active, Not Active, Not Active
2026/07/20 00:54:58.563, 1, ${V100_GPU_1_UUID}, 00000000:02:00.0, 892, 877, 30.30, 150.00, 53, 52, 0, 316, P0, Not Active, Not Active, Not Active
2026/07/20 00:54:58.647, 0, ${V100_GPU_0_UUID}, 00000000:01:00.0, 892, 877, 32.37, 150.00, 55, 54, 0, 316, P0, Not Active, Not Active, Not Active
2026/07/20 00:54:58.653, 1, ${V100_GPU_1_UUID}, 00000000:02:00.0, 892, 877, 30.28, 150.00, 53, 52, 0, 316, P0, Not Active, Not Active, Not Active
2026/07/20 00:54:58.756, 0, ${V100_GPU_0_UUID}, 00000000:01:00.0, 892, 877, 32.39, 150.00, 55, 54, 0, 316, P0, Not Active, Not Active, Not Active
2026/07/20 00:54:58.767, 1, ${V100_GPU_1_UUID}, 00000000:02:00.0, 892, 877, 30.30, 150.00, 53, 52, 0, 316, P0, Not Active, Not Active, Not Active
2026/07/20 00:54:58.864, 0, ${V100_GPU_0_UUID}, 00000000:01:00.0, 892, 877, 32.37, 150.00, 55, 54, 0, 316, P0, Not Active, Not Active, Not Active
2026/07/20 00:54:58.870, 1, ${V100_GPU_1_UUID}, 00000000:02:00.0, 892, 877, 30.28, 150.00, 53, 52, 0, 316, P0, Not Active, Not Active, Not Active
2026/07/20 00:54:58.953, 0, ${V100_GPU_0_UUID}, 00000000:01:00.0, 892, 877, 32.37, 150.00, 55, 54, 0, 316, P0, Not Active, Not Active, Not Active
2026/07/20 00:54:58.959, 1, ${V100_GPU_1_UUID}, 00000000:02:00.0, 892, 877, 29.82, 150.00, 53, 52, 0, 316, P0, Not Active, Not Active, Not Active
2026/07/20 00:54:59.071, 0, ${V100_GPU_0_UUID}, 00000000:01:00.0, 892, 877, 32.39, 150.00, 55, 54, 0, 316, P0, Not Active, Not Active, Not Active
2026/07/20 00:54:59.080, 1, ${V100_GPU_1_UUID}, 00000000:02:00.0, 892, 877, 30.30, 150.00, 53, 52, 0, 316, P0, Not Active, Not Active, Not Active
2026/07/20 00:54:59.164, 0, ${V100_GPU_0_UUID}, 00000000:01:00.0, 892, 877, 32.37, 150.00, 55, 54, 0, 316, P0, Not Active, Not Active, Not Active
2026/07/20 00:54:59.169, 1, ${V100_GPU_1_UUID}, 00000000:02:00.0, 892, 877, 30.30, 150.00, 53, 52, 0, 316, P0, Not Active, Not Active, Not Active
2026/07/20 00:54:59.265, 0, ${V100_GPU_0_UUID}, 00000000:01:00.0, 892, 877, 32.39, 150.00, 55, 54, 0, 316, P0, Not Active, Not Active, Not Active
2026/07/20 00:54:59.276, 1, ${V100_GPU_1_UUID}, 00000000:02:00.0, 892, 877, 30.30, 150.00, 53, 52, 0, 316, P0, Not Active, Not Active, Not Active
2026/07/20 00:54:59.386, 0, ${V100_GPU_0_UUID}, 00000000:01:00.0, 892, 877, 32.37, 150.00, 55, 54, 0, 316, P0, Not Active, Not Active, Not Active
2026/07/20 00:54:59.391, 1, ${V100_GPU_1_UUID}, 00000000:02:00.0, 892, 877, 29.80, 150.00, 53, 52, 0, 316, P0, Not Active, Not Active, Not Active
2026/07/20 00:54:59.473, 0, ${V100_GPU_0_UUID}, 00000000:01:00.0, 892, 877, 32.37, 150.00, 55, 54, 0, 316, P0, Not Active, Not Active, Not Active
2026/07/20 00:54:59.479, 1, ${V100_GPU_1_UUID}, 00000000:02:00.0, 892, 877, 30.30, 150.00, 53, 52, 0, 316, P0, Not Active, Not Active, Not Active
2026/07/20 00:54:59.592, 0, ${V100_GPU_0_UUID}, 00000000:01:00.0, 892, 877, 32.39, 150.00, 55, 54, 0, 316, P0, Not Active, Not Active, Not Active
2026/07/20 00:54:59.600, 1, ${V100_GPU_1_UUID}, 00000000:02:00.0, 892, 877, 30.30, 150.00, 53, 52, 0, 316, P0, Not Active, Not Active, Not Active
2026/07/20 00:54:59.684, 0, ${V100_GPU_0_UUID}, 00000000:01:00.0, 892, 877, 32.37, 150.00, 55, 54, 0, 316, P0, Not Active, Not Active, Not Active
2026/07/20 00:54:59.689, 1, ${V100_GPU_1_UUID}, 00000000:02:00.0, 892, 877, 30.30, 150.00, 53, 52, 0, 316, P0, Not Active, Not Active, Not Active
2026/07/20 00:54:59.798, 0, ${V100_GPU_0_UUID}, 00000000:01:00.0, 892, 877, 32.39, 150.00, 55, 54, 0, 316, P0, Not Active, Not Active, Not Active
2026/07/20 00:54:59.809, 1, ${V100_GPU_1_UUID}, 00000000:02:00.0, 892, 877, 30.30, 150.00, 53, 52, 0, 316, P0, Not Active, Not Active, Not Active
2026/07/20 00:54:59.895, 0, ${V100_GPU_0_UUID}, 00000000:01:00.0, 892, 877, 32.37, 150.00, 55, 54, 0, 316, P0, Not Active, Not Active, Not Active
2026/07/20 00:54:59.901, 1, ${V100_GPU_1_UUID}, 00000000:02:00.0, 892, 877, 30.28, 150.00, 53, 52, 0, 316, P0, Not Active, Not Active, Not Active
2026/07/20 00:55:00.011, 0, ${V100_GPU_0_UUID}, 00000000:01:00.0, 892, 877, 32.39, 150.00, 55, 54, 0, 316, P0, Not Active, Not Active, Not Active
2026/07/20 00:55:00.018, 1, ${V100_GPU_1_UUID}, 00000000:02:00.0, 892, 877, 30.30, 150.00, 53, 52, 0, 316, P0, Not Active, Not Active, Not Active
2026/07/20 00:55:00.133, 0, ${V100_GPU_0_UUID}, 00000000:01:00.0, 892, 877, 32.39, 150.00, 55, 54, 0, 316, P0, Not Active, Not Active, Not Active
2026/07/20 00:55:00.141, 1, ${V100_GPU_1_UUID}, 00000000:02:00.0, 892, 877, 30.30, 150.00, 53, 52, 0, 316, P0, Not Active, Not Active, Not Active
2026/07/20 00:55:00.232, 0, ${V100_GPU_0_UUID}, 00000000:01:00.0, 892, 877, 32.39, 150.00, 55, 54, 0, 316, P0, Not Active, Not Active, Not Active
2026/07/20 00:55:00.241, 1, ${V100_GPU_1_UUID}, 00000000:02:00.0, 892, 877, 30.30, 150.00, 53, 52, 0, 316, P0, Not Active, Not Active, Not Active
2026/07/20 00:55:00.327, 0, ${V100_GPU_0_UUID}, 00000000:01:00.0, 892, 877, 32.37, 150.00, 55, 54, 0, 316, P0, Not Active, Not Active, Not Active
2026/07/20 00:55:00.334, 1, ${V100_GPU_1_UUID}, 00000000:02:00.0, 892, 877, 30.30, 150.00, 53, 52, 0, 316, P0, Not Active, Not Active, Not Active
2026/07/20 00:55:00.425, 0, ${V100_GPU_0_UUID}, 00000000:01:00.0, 892, 877, 32.37, 150.00, 55, 54, 0, 316, P0, Not Active, Not Active, Not Active
2026/07/20 00:55:00.432, 1, ${V100_GPU_1_UUID}, 00000000:02:00.0, 892, 877, 30.30, 150.00, 53, 52, 0, 316, P0, Not Active, Not Active, Not Active
2026/07/20 00:55:00.537, 0, ${V100_GPU_0_UUID}, 00000000:01:00.0, 892, 877, 32.37, 150.00, 55, 54, 0, 316, P0, Not Active, Not Active, Not Active
2026/07/20 00:55:00.547, 1, ${V100_GPU_1_UUID}, 00000000:02:00.0, 892, 877, 30.28, 150.00, 53, 52, 0, 316, P0, Not Active, Not Active, Not Active
2026/07/20 00:55:00.637, 0, ${V100_GPU_0_UUID}, 00000000:01:00.0, 892, 877, 32.37, 150.00, 55, 54, 0, 316, P0, Not Active, Not Active, Not Active
2026/07/20 00:55:00.651, 1, ${V100_GPU_1_UUID}, 00000000:02:00.0, 892, 877, 30.30, 150.00, 53, 52, 0, 316, P0, Not Active, Not Active, Not Active
2026/07/20 00:55:00.762, 0, ${V100_GPU_0_UUID}, 00000000:01:00.0, 892, 877, 32.39, 150.00, 55, 54, 0, 316, P0, Not Active, Not Active, Not Active
2026/07/20 00:55:00.771, 1, ${V100_GPU_1_UUID}, 00000000:02:00.0, 892, 877, 30.30, 150.00, 53, 52, 0, 316, P0, Not Active, Not Active, Not Active
2026/07/20 00:55:00.858, 0, ${V100_GPU_0_UUID}, 00000000:01:00.0, 892, 877, 32.37, 150.00, 55, 54, 0, 316, P0, Not Active, Not Active, Not Active
2026/07/20 00:55:00.864, 1, ${V100_GPU_1_UUID}, 00000000:02:00.0, 892, 877, 30.30, 150.00, 53, 52, 0, 316, P0, Not Active, Not Active, Not Active
2026/07/20 00:55:00.952, 0, ${V100_GPU_0_UUID}, 00000000:01:00.0, 892, 877, 32.37, 150.00, 55, 54, 0, 316, P0, Not Active, Not Active, Not Active
2026/07/20 00:55:00.958, 1, ${V100_GPU_1_UUID}, 00000000:02:00.0, 892, 877, 30.28, 150.00, 53, 52, 0, 316, P0, Not Active, Not Active, Not Active
2026/07/20 00:55:01.043, 0, ${V100_GPU_0_UUID}, 00000000:01:00.0, 892, 877, 32.39, 150.00, 55, 54, 0, 316, P0, Not Active, Not Active, Not Active
2026/07/20 00:55:01.049, 1, ${V100_GPU_1_UUID}, 00000000:02:00.0, 892, 877, 30.30, 150.00, 53, 52, 0, 316, P0, Not Active, Not Active, Not Active
2026/07/20 00:55:01.133, 0, ${V100_GPU_0_UUID}, 00000000:01:00.0, 892, 877, 32.39, 150.00, 55, 54, 0, 316, P0, Not Active, Not Active, Not Active
2026/07/20 00:55:01.139, 1, ${V100_GPU_1_UUID}, 00000000:02:00.0, 892, 877, 29.82, 150.00, 53, 52, 0, 316, P0, Not Active, Not Active, Not Active
2026/07/20 00:55:01.239, 0, ${V100_GPU_0_UUID}, 00000000:01:00.0, 892, 877, 32.37, 150.00, 55, 54, 0, 316, P0, Not Active, Not Active, Not Active
2026/07/20 00:55:01.245, 1, ${V100_GPU_1_UUID}, 00000000:02:00.0, 892, 877, 30.28, 150.00, 53, 52, 0, 316, P0, Not Active, Not Active, Not Active
2026/07/20 00:55:01.331, 0, ${V100_GPU_0_UUID}, 00000000:01:00.0, 892, 877, 32.37, 150.00, 55, 54, 0, 316, P0, Not Active, Not Active, Not Active
2026/07/20 00:55:01.337, 1, ${V100_GPU_1_UUID}, 00000000:02:00.0, 892, 877, 30.28, 150.00, 53, 52, 0, 316, P0, Not Active, Not Active, Not Active
2026/07/20 00:55:01.433, 0, ${V100_GPU_0_UUID}, 00000000:01:00.0, 892, 877, 32.39, 150.00, 55, 54, 0, 316, P0, Not Active, Not Active, Not Active
2026/07/20 00:55:01.445, 1, ${V100_GPU_1_UUID}, 00000000:02:00.0, 892, 877, 30.30, 150.00, 53, 52, 0, 316, P0, Not Active, Not Active, Not Active
2026/07/20 00:55:01.534, 0, ${V100_GPU_0_UUID}, 00000000:01:00.0, 892, 877, 32.37, 150.00, 55, 54, 0, 316, P0, Not Active, Not Active, Not Active
2026/07/20 00:55:01.541, 1, ${V100_GPU_1_UUID}, 00000000:02:00.0, 892, 877, 30.30, 150.00, 53, 52, 0, 316, P0, Not Active, Not Active, Not Active
2026/07/20 00:55:01.631, 0, ${V100_GPU_0_UUID}, 00000000:01:00.0, 892, 877, 32.37, 150.00, 55, 54, 0, 316, P0, Not Active, Not Active, Not Active
2026/07/20 00:55:01.637, 1, ${V100_GPU_1_UUID}, 00000000:02:00.0, 892, 877, 29.82, 150.00, 53, 52, 0, 316, P0, Not Active, Not Active, Not Active
2026/07/20 00:55:01.732, 0, ${V100_GPU_0_UUID}, 00000000:01:00.0, 892, 877, 32.37, 150.00, 55, 54, 0, 316, P0, Not Active, Not Active, Not Active
2026/07/20 00:55:01.738, 1, ${V100_GPU_1_UUID}, 00000000:02:00.0, 892, 877, 30.30, 150.00, 53, 52, 0, 316, P0, Not Active, Not Active, Not Active
2026/07/20 00:55:01.835, 0, ${V100_GPU_0_UUID}, 00000000:01:00.0, 892, 877, 32.39, 150.00, 55, 54, 0, 316, P0, Not Active, Not Active, Not Active
2026/07/20 00:55:01.846, 1, ${V100_GPU_1_UUID}, 00000000:02:00.0, 892, 877, 29.82, 150.00, 53, 52, 0, 316, P0, Not Active, Not Active, Not Active
2026/07/20 00:55:01.935, 0, ${V100_GPU_0_UUID}, 00000000:01:00.0, 892, 877, 32.37, 150.00, 55, 54, 0, 316, P0, Not Active, Not Active, Not Active
2026/07/20 00:55:01.941, 1, ${V100_GPU_1_UUID}, 00000000:02:00.0, 892, 877, 30.30, 150.00, 53, 52, 0, 316, P0, Not Active, Not Active, Not Active
2026/07/20 00:55:02.053, 0, ${V100_GPU_0_UUID}, 00000000:01:00.0, 892, 877, 32.39, 150.00, 55, 54, 0, 316, P0, Not Active, Not Active, Not Active
2026/07/20 00:55:02.061, 1, ${V100_GPU_1_UUID}, 00000000:02:00.0, 892, 877, 30.30, 150.00, 53, 52, 0, 316, P0, Not Active, Not Active, Not Active
2026/07/20 00:55:02.147, 0, ${V100_GPU_0_UUID}, 00000000:01:00.0, 892, 877, 32.39, 150.00, 55, 54, 0, 316, P0, Not Active, Not Active, Not Active
2026/07/20 00:55:02.154, 1, ${V100_GPU_1_UUID}, 00000000:02:00.0, 892, 877, 30.30, 150.00, 53, 52, 0, 316, P0, Not Active, Not Active, Not Active
2026/07/20 00:55:02.238, 0, ${V100_GPU_0_UUID}, 00000000:01:00.0, 892, 877, 32.37, 150.00, 55, 54, 0, 316, P0, Not Active, Not Active, Not Active
2026/07/20 00:55:02.245, 1, ${V100_GPU_1_UUID}, 00000000:02:00.0, 892, 877, 29.82, 150.00, 53, 52, 0, 316, P0, Not Active, Not Active, Not Active
2026/07/20 00:55:02.327, 0, ${V100_GPU_0_UUID}, 00000000:01:00.0, 892, 877, 32.37, 150.00, 55, 54, 0, 316, P0, Not Active, Not Active, Not Active
2026/07/20 00:55:02.333, 1, ${V100_GPU_1_UUID}, 00000000:02:00.0, 892, 877, 30.30, 150.00, 53, 52, 0, 316, P0, Not Active, Not Active, Not Active
2026/07/20 00:55:02.441, 0, ${V100_GPU_0_UUID}, 00000000:01:00.0, 892, 877, 32.37, 150.00, 55, 54, 0, 316, P0, Not Active, Not Active, Not Active
2026/07/20 00:55:02.447, 1, ${V100_GPU_1_UUID}, 00000000:02:00.0, 892, 877, 29.82, 150.00, 53, 52, 0, 316, P0, Not Active, Not Active, Not Active
2026/07/20 00:55:02.537, 0, ${V100_GPU_0_UUID}, 00000000:01:00.0, 892, 877, 32.37, 150.00, 55, 54, 0, 316, P0, Not Active, Not Active, Not Active
2026/07/20 00:55:02.544, 1, ${V100_GPU_1_UUID}, 00000000:02:00.0, 892, 877, 30.30, 150.00, 53, 52, 0, 316, P0, Not Active, Not Active, Not Active
2026/07/20 00:55:02.641, 0, ${V100_GPU_0_UUID}, 00000000:01:00.0, 892, 877, 32.39, 150.00, 55, 54, 0, 316, P0, Not Active, Not Active, Not Active
2026/07/20 00:55:02.652, 1, ${V100_GPU_1_UUID}, 00000000:02:00.0, 892, 877, 29.82, 150.00, 53, 52, 0, 316, P0, Not Active, Not Active, Not Active
2026/07/20 00:55:02.740, 0, ${V100_GPU_0_UUID}, 00000000:01:00.0, 892, 877, 32.37, 150.00, 55, 54, 0, 316, P0, Not Active, Not Active, Not Active
2026/07/20 00:55:02.745, 1, ${V100_GPU_1_UUID}, 00000000:02:00.0, 892, 877, 30.28, 150.00, 53, 52, 0, 316, P0, Not Active, Not Active, Not Active
2026/07/20 00:55:02.829, 0, ${V100_GPU_0_UUID}, 00000000:01:00.0, 892, 877, 32.39, 150.00, 55, 54, 0, 316, P0, Not Active, Not Active, Not Active
2026/07/20 00:55:02.835, 1, ${V100_GPU_1_UUID}, 00000000:02:00.0, 892, 877, 30.30, 150.00, 53, 52, 0, 316, P0, Not Active, Not Active, Not Active
2026/07/20 00:55:02.921, 0, ${V100_GPU_0_UUID}, 00000000:01:00.0, 892, 877, 32.37, 150.00, 55, 54, 0, 316, P0, Not Active, Not Active, Not Active
2026/07/20 00:55:02.926, 1, ${V100_GPU_1_UUID}, 00000000:02:00.0, 892, 877, 30.30, 150.00, 53, 52, 0, 316, P0, Not Active, Not Active, Not Active
2026/07/20 00:55:03.023, 0, ${V100_GPU_0_UUID}, 00000000:01:00.0, 892, 877, 32.37, 150.00, 55, 54, 0, 316, P0, Not Active, Not Active, Not Active
2026/07/20 00:55:03.029, 1, ${V100_GPU_1_UUID}, 00000000:02:00.0, 892, 877, 29.82, 150.00, 53, 52, 0, 316, P0, Not Active, Not Active, Not Active
2026/07/20 00:55:03.112, 0, ${V100_GPU_0_UUID}, 00000000:01:00.0, 892, 877, 32.37, 150.00, 55, 54, 0, 316, P0, Not Active, Not Active, Not Active
2026/07/20 00:55:03.118, 1, ${V100_GPU_1_UUID}, 00000000:02:00.0, 892, 877, 30.28, 150.00, 53, 52, 0, 316, P0, Not Active, Not Active, Not Active
2026/07/20 00:55:03.202, 0, ${V100_GPU_0_UUID}, 00000000:01:00.0, 892, 877, 32.39, 150.00, 55, 54, 0, 316, P0, Not Active, Not Active, Not Active
2026/07/20 00:55:03.214, 1, ${V100_GPU_1_UUID}, 00000000:02:00.0, 892, 877, 30.30, 150.00, 53, 52, 0, 316, P0, Not Active, Not Active, Not Active
2026/07/20 00:55:03.327, 0, ${V100_GPU_0_UUID}, 00000000:01:00.0, 892, 877, 32.37, 150.00, 55, 54, 0, 316, P0, Not Active, Not Active, Not Active
2026/07/20 00:55:03.338, 1, ${V100_GPU_1_UUID}, 00000000:02:00.0, 892, 877, 30.26, 150.00, 53, 52, 0, 316, P0, Not Active, Not Active, Not Active
2026/07/20 00:55:03.422, 0, ${V100_GPU_0_UUID}, 00000000:01:00.0, 892, 877, 32.35, 150.00, 55, 54, 0, 316, P0, Not Active, Not Active, Not Active
2026/07/20 00:55:03.428, 1, ${V100_GPU_1_UUID}, 00000000:02:00.0, 892, 877, 30.26, 150.00, 53, 52, 0, 316, P0, Not Active, Not Active, Not Active
2026/07/20 00:55:03.510, 0, ${V100_GPU_0_UUID}, 00000000:01:00.0, 892, 877, 32.35, 150.00, 55, 54, 0, 316, P0, Not Active, Not Active, Not Active
2026/07/20 00:55:03.516, 1, ${V100_GPU_1_UUID}, 00000000:02:00.0, 892, 877, 30.26, 150.00, 53, 52, 0, 316, P0, Not Active, Not Active, Not Active
2026/07/20 00:55:03.599, 0, ${V100_GPU_0_UUID}, 00000000:01:00.0, 892, 877, 32.32, 150.00, 55, 54, 0, 316, P0, Not Active, Not Active, Not Active
2026/07/20 00:55:03.605, 1, ${V100_GPU_1_UUID}, 00000000:02:00.0, 892, 877, 30.26, 150.00, 53, 52, 0, 316, P0, Not Active, Not Active, Not Active
2026/07/20 00:55:03.691, 0, ${V100_GPU_0_UUID}, 00000000:01:00.0, 892, 877, 32.35, 150.00, 55, 54, 0, 316, P0, Not Active, Not Active, Not Active
2026/07/20 00:55:03.699, 1, ${V100_GPU_1_UUID}, 00000000:02:00.0, 892, 877, 30.28, 150.00, 53, 52, 0, 316, P0, Not Active, Not Active, Not Active
2026/07/20 00:55:03.785, 0, ${V100_GPU_0_UUID}, 00000000:01:00.0, 892, 877, 32.37, 150.00, 55, 54, 0, 316, P0, Not Active, Not Active, Not Active
2026/07/20 00:55:03.792, 1, ${V100_GPU_1_UUID}, 00000000:02:00.0, 892, 877, 30.28, 150.00, 53, 52, 0, 316, P0, Not Active, Not Active, Not Active
2026/07/20 00:55:03.875, 0, ${V100_GPU_0_UUID}, 00000000:01:00.0, 892, 877, 32.37, 150.00, 55, 54, 0, 316, P0, Not Active, Not Active, Not Active
2026/07/20 00:55:03.880, 1, ${V100_GPU_1_UUID}, 00000000:02:00.0, 892, 877, 30.30, 150.00, 53, 52, 0, 316, P0, Not Active, Not Active, Not Active
2026/07/20 00:55:03.963, 0, ${V100_GPU_0_UUID}, 00000000:01:00.0, 892, 877, 32.37, 150.00, 55, 54, 0, 316, P0, Not Active, Not Active, Not Active
2026/07/20 00:55:03.969, 1, ${V100_GPU_1_UUID}, 00000000:02:00.0, 892, 877, 30.28, 150.00, 53, 52, 0, 316, P0, Not Active, Not Active, Not Active
2026/07/20 00:55:04.054, 0, ${V100_GPU_0_UUID}, 00000000:01:00.0, 892, 877, 32.35, 150.00, 55, 54, 0, 316, P0, Not Active, Not Active, Not Active
2026/07/20 00:55:04.059, 1, ${V100_GPU_1_UUID}, 00000000:02:00.0, 892, 877, 30.28, 150.00, 53, 52, 0, 316, P0, Not Active, Not Active, Not Active
2026/07/20 00:55:04.142, 0, ${V100_GPU_0_UUID}, 00000000:01:00.0, 892, 877, 32.37, 150.00, 55, 54, 0, 316, P0, Not Active, Not Active, Not Active
2026/07/20 00:55:04.147, 1, ${V100_GPU_1_UUID}, 00000000:02:00.0, 892, 877, 29.82, 150.00, 53, 52, 0, 316, P0, Not Active, Not Active, Not Active
2026/07/20 00:55:04.251, 0, ${V100_GPU_0_UUID}, 00000000:01:00.0, 892, 877, 32.39, 150.00, 55, 54, 0, 316, P0, Not Active, Not Active, Not Active
2026/07/20 00:55:04.262, 1, ${V100_GPU_1_UUID}, 00000000:02:00.0, 892, 877, 29.82, 150.00, 53, 52, 0, 316, P0, Not Active, Not Active, Not Active
2026/07/20 00:55:04.348, 0, ${V100_GPU_0_UUID}, 00000000:01:00.0, 892, 877, 32.37, 150.00, 55, 54, 0, 316, P0, Not Active, Not Active, Not Active
2026/07/20 00:55:04.354, 1, ${V100_GPU_1_UUID}, 00000000:02:00.0, 892, 877, 30.28, 150.00, 53, 52, 0, 316, P0, Not Active, Not Active, Not Active
2026/07/20 00:55:04.461, 0, ${V100_GPU_0_UUID}, 00000000:01:00.0, 892, 877, 32.39, 150.00, 55, 54, 0, 316, P0, Not Active, Not Active, Not Active
2026/07/20 00:55:04.468, 1, ${V100_GPU_1_UUID}, 00000000:02:00.0, 892, 877, 29.82, 150.00, 53, 52, 0, 316, P0, Not Active, Not Active, Not Active
2026/07/20 00:55:04.552, 0, ${V100_GPU_0_UUID}, 00000000:01:00.0, 892, 877, 32.37, 150.00, 55, 54, 0, 316, P0, Not Active, Not Active, Not Active
2026/07/20 00:55:04.558, 1, ${V100_GPU_1_UUID}, 00000000:02:00.0, 892, 877, 30.28, 150.00, 53, 52, 0, 316, P0, Not Active, Not Active, Not Active
2026/07/20 00:55:04.651, 0, ${V100_GPU_0_UUID}, 00000000:01:00.0, 892, 877, 32.37, 150.00, 55, 54, 0, 316, P0, Not Active, Not Active, Not Active
2026/07/20 00:55:04.656, 1, ${V100_GPU_1_UUID}, 00000000:02:00.0, 892, 877, 29.82, 150.00, 53, 52, 0, 316, P0, Not Active, Not Active, Not Active
2026/07/20 00:55:04.760, 0, ${V100_GPU_0_UUID}, 00000000:01:00.0, 892, 877, 32.39, 150.00, 55, 54, 0, 316, P0, Not Active, Not Active, Not Active
2026/07/20 00:55:04.769, 1, ${V100_GPU_1_UUID}, 00000000:02:00.0, 892, 877, 29.82, 150.00, 53, 52, 0, 316, P0, Not Active, Not Active, Not Active
2026/07/20 00:55:04.853, 0, ${V100_GPU_0_UUID}, 00000000:01:00.0, 892, 877, 32.37, 150.00, 55, 54, 0, 316, P0, Not Active, Not Active, Not Active
2026/07/20 00:55:04.859, 1, ${V100_GPU_1_UUID}, 00000000:02:00.0, 892, 877, 30.28, 150.00, 53, 52, 0, 316, P0, Not Active, Not Active, Not Active
2026/07/20 00:55:04.942, 0, ${V100_GPU_0_UUID}, 00000000:01:00.0, 892, 877, 32.37, 150.00, 55, 54, 0, 316, P0, Not Active, Not Active, Not Active
2026/07/20 00:55:04.948, 1, ${V100_GPU_1_UUID}, 00000000:02:00.0, 892, 877, 30.28, 150.00, 53, 52, 0, 316, P0, Not Active, Not Active, Not Active
2026/07/20 00:55:05.031, 0, ${V100_GPU_0_UUID}, 00000000:01:00.0, 892, 877, 32.35, 150.00, 55, 54, 0, 316, P0, Not Active, Not Active, Not Active
2026/07/20 00:55:05.037, 1, ${V100_GPU_1_UUID}, 00000000:02:00.0, 892, 877, 30.28, 150.00, 53, 52, 0, 316, P0, Not Active, Not Active, Not Active
2026/07/20 00:55:05.124, 0, ${V100_GPU_0_UUID}, 00000000:01:00.0, 892, 877, 32.37, 150.00, 55, 54, 0, 316, P0, Not Active, Not Active, Not Active
2026/07/20 00:55:05.130, 1, ${V100_GPU_1_UUID}, 00000000:02:00.0, 892, 877, 29.82, 150.00, 53, 52, 0, 316, P0, Not Active, Not Active, Not Active
2026/07/20 00:55:05.227, 0, ${V100_GPU_0_UUID}, 00000000:01:00.0, 892, 877, 32.39, 150.00, 55, 54, 0, 316, P0, Not Active, Not Active, Not Active
2026/07/20 00:55:05.238, 1, ${V100_GPU_1_UUID}, 00000000:02:00.0, 892, 877, 30.30, 150.00, 53, 52, 0, 316, P0, Not Active, Not Active, Not Active
2026/07/20 00:55:05.350, 0, ${V100_GPU_0_UUID}, 00000000:01:00.0, 892, 877, 32.39, 150.00, 55, 54, 0, 316, P0, Not Active, Not Active, Not Active
2026/07/20 00:55:05.357, 1, ${V100_GPU_1_UUID}, 00000000:02:00.0, 892, 877, 30.30, 150.00, 53, 52, 0, 316, P0, Not Active, Not Active, Not Active
2026/07/20 00:55:05.441, 0, ${V100_GPU_0_UUID}, 00000000:01:00.0, 892, 877, 32.37, 150.00, 55, 54, 0, 316, P0, Not Active, Not Active, Not Active
2026/07/20 00:55:05.446, 1, ${V100_GPU_1_UUID}, 00000000:02:00.0, 892, 877, 30.28, 150.00, 53, 52, 0, 316, P0, Not Active, Not Active, Not Active
2026/07/20 00:55:05.540, 0, ${V100_GPU_0_UUID}, 00000000:01:00.0, 892, 877, 32.39, 150.00, 55, 54, 0, 316, P0, Not Active, Not Active, Not Active
2026/07/20 00:55:05.550, 1, ${V100_GPU_1_UUID}, 00000000:02:00.0, 892, 877, 30.32, 150.00, 53, 52, 0, 316, P0, Not Active, Not Active, Not Active
2026/07/20 00:55:05.649, 0, ${V100_GPU_0_UUID}, 00000000:01:00.0, 892, 877, 32.37, 150.00, 55, 54, 0, 316, P0, Not Active, Not Active, Not Active
2026/07/20 00:55:05.654, 1, ${V100_GPU_1_UUID}, 00000000:02:00.0, 892, 877, 30.28, 150.00, 53, 52, 0, 316, P0, Not Active, Not Active, Not Active
2026/07/20 00:55:05.738, 0, ${V100_GPU_0_UUID}, 00000000:01:00.0, 892, 877, 32.39, 150.00, 55, 54, 0, 316, P0, Not Active, Not Active, Not Active
2026/07/20 00:55:05.745, 1, ${V100_GPU_1_UUID}, 00000000:02:00.0, 892, 877, 30.30, 150.00, 53, 52, 0, 316, P0, Not Active, Not Active, Not Active
2026/07/20 00:55:05.858, 0, ${V100_GPU_0_UUID}, 00000000:01:00.0, 892, 877, 32.39, 150.00, 55, 54, 0, 316, P0, Not Active, Not Active, Not Active
2026/07/20 00:55:05.867, 1, ${V100_GPU_1_UUID}, 00000000:02:00.0, 892, 877, 30.30, 150.00, 53, 52, 0, 316, P0, Not Active, Not Active, Not Active
2026/07/20 00:55:05.954, 0, ${V100_GPU_0_UUID}, 00000000:01:00.0, 892, 877, 32.37, 150.00, 55, 54, 0, 316, P0, Not Active, Not Active, Not Active
2026/07/20 00:55:05.960, 1, ${V100_GPU_1_UUID}, 00000000:02:00.0, 892, 877, 30.28, 150.00, 53, 52, 0, 316, P0, Not Active, Not Active, Not Active
2026/07/20 00:55:06.048, 0, ${V100_GPU_0_UUID}, 00000000:01:00.0, 892, 877, 32.39, 150.00, 55, 54, 0, 316, P0, Not Active, Not Active, Not Active
2026/07/20 00:55:06.056, 1, ${V100_GPU_1_UUID}, 00000000:02:00.0, 892, 877, 30.30, 150.00, 53, 52, 0, 316, P0, Not Active, Not Active, Not Active
2026/07/20 00:55:06.140, 0, ${V100_GPU_0_UUID}, 00000000:01:00.0, 892, 877, 32.37, 150.00, 55, 54, 0, 316, P0, Not Active, Not Active, Not Active
2026/07/20 00:55:06.145, 1, ${V100_GPU_1_UUID}, 00000000:02:00.0, 892, 877, 30.30, 150.00, 53, 52, 0, 316, P0, Not Active, Not Active, Not Active
2026/07/20 00:55:06.228, 0, ${V100_GPU_0_UUID}, 00000000:01:00.0, 892, 877, 32.37, 150.00, 55, 54, 0, 316, P0, Not Active, Not Active, Not Active
2026/07/20 00:55:06.234, 1, ${V100_GPU_1_UUID}, 00000000:02:00.0, 892, 877, 30.30, 150.00, 53, 52, 0, 316, P0, Not Active, Not Active, Not Active
2026/07/20 00:55:06.316, 0, ${V100_GPU_0_UUID}, 00000000:01:00.0, 892, 877, 32.39, 150.00, 55, 54, 0, 316, P0, Not Active, Not Active, Not Active
2026/07/20 00:55:06.322, 1, ${V100_GPU_1_UUID}, 00000000:02:00.0, 892, 877, 30.30, 150.00, 53, 52, 0, 316, P0, Not Active, Not Active, Not Active
2026/07/20 00:55:06.436, 0, ${V100_GPU_0_UUID}, 00000000:01:00.0, 892, 877, 32.39, 150.00, 55, 54, 0, 316, P0, Not Active, Not Active, Not Active
2026/07/20 00:55:06.444, 1, ${V100_GPU_1_UUID}, 00000000:02:00.0, 892, 877, 29.82, 150.00, 53, 52, 0, 316, P0, Not Active, Not Active, Not Active
2026/07/20 00:55:06.528, 0, ${V100_GPU_0_UUID}, 00000000:01:00.0, 892, 877, 32.39, 150.00, 55, 54, 0, 316, P0, Not Active, Not Active, Not Active
2026/07/20 00:55:06.534, 1, ${V100_GPU_1_UUID}, 00000000:02:00.0, 892, 877, 30.30, 150.00, 53, 52, 0, 316, P0, Not Active, Not Active, Not Active
2026/07/20 00:55:06.638, 0, ${V100_GPU_0_UUID}, 00000000:01:00.0, 892, 877, 32.39, 150.00, 55, 54, 0, 316, P0, Not Active, Not Active, Not Active
2026/07/20 00:55:06.652, 1, ${V100_GPU_1_UUID}, 00000000:02:00.0, 892, 877, 30.30, 150.00, 53, 52, 0, 316, P0, Not Active, Not Active, Not Active
2026/07/20 00:55:06.763, 0, ${V100_GPU_0_UUID}, 00000000:01:00.0, 892, 877, 32.37, 150.00, 55, 54, 0, 316, P0, Not Active, Not Active, Not Active
2026/07/20 00:55:06.768, 1, ${V100_GPU_1_UUID}, 00000000:02:00.0, 892, 877, 30.28, 150.00, 53, 52, 0, 316, P0, Not Active, Not Active, Not Active
2026/07/20 00:55:06.851, 0, ${V100_GPU_0_UUID}, 00000000:01:00.0, 892, 877, 32.37, 150.00, 55, 54, 0, 316, P0, Not Active, Not Active, Not Active
2026/07/20 00:55:06.857, 1, ${V100_GPU_1_UUID}, 00000000:02:00.0, 892, 877, 30.28, 150.00, 53, 52, 0, 316, P0, Not Active, Not Active, Not Active
2026/07/20 00:55:06.962, 0, ${V100_GPU_0_UUID}, 00000000:01:00.0, 892, 877, 32.39, 150.00, 55, 54, 0, 316, P0, Not Active, Not Active, Not Active
2026/07/20 00:55:06.972, 1, ${V100_GPU_1_UUID}, 00000000:02:00.0, 892, 877, 30.30, 150.00, 53, 52, 0, 316, P0, Not Active, Not Active, Not Active
2026/07/20 00:55:07.058, 0, ${V100_GPU_0_UUID}, 00000000:01:00.0, 892, 877, 32.39, 150.00, 55, 54, 0, 316, P0, Not Active, Not Active, Not Active
2026/07/20 00:55:07.063, 1, ${V100_GPU_1_UUID}, 00000000:02:00.0, 892, 877, 30.30, 150.00, 53, 52, 0, 316, P0, Not Active, Not Active, Not Active
2026/07/20 00:55:07.146, 0, ${V100_GPU_0_UUID}, 00000000:01:00.0, 892, 877, 32.39, 150.00, 55, 54, 0, 316, P0, Not Active, Not Active, Not Active
2026/07/20 00:55:07.151, 1, ${V100_GPU_1_UUID}, 00000000:02:00.0, 892, 877, 30.28, 150.00, 53, 52, 0, 316, P0, Not Active, Not Active, Not Active
2026/07/20 00:55:07.237, 0, ${V100_GPU_0_UUID}, 00000000:01:00.0, 892, 877, 32.39, 150.00, 55, 54, 0, 316, P0, Not Active, Not Active, Not Active
2026/07/20 00:55:07.243, 1, ${V100_GPU_1_UUID}, 00000000:02:00.0, 892, 877, 30.30, 150.00, 53, 52, 0, 316, P0, Not Active, Not Active, Not Active
2026/07/20 00:55:07.327, 0, ${V100_GPU_0_UUID}, 00000000:01:00.0, 892, 877, 32.37, 150.00, 55, 54, 0, 316, P0, Not Active, Not Active, Not Active
2026/07/20 00:55:07.333, 1, ${V100_GPU_1_UUID}, 00000000:02:00.0, 892, 877, 30.28, 150.00, 53, 52, 0, 316, P0, Not Active, Not Active, Not Active
2026/07/20 00:55:07.423, 0, ${V100_GPU_0_UUID}, 00000000:01:00.0, 892, 877, 32.39, 150.00, 55, 54, 0, 316, P0, Not Active, Not Active, Not Active
2026/07/20 00:55:07.431, 1, ${V100_GPU_1_UUID}, 00000000:02:00.0, 892, 877, 30.30, 150.00, 53, 52, 0, 316, P0, Not Active, Not Active, Not Active
2026/07/20 00:55:07.547, 0, ${V100_GPU_0_UUID}, 00000000:01:00.0, 892, 877, 32.39, 150.00, 55, 54, 0, 316, P0, Not Active, Not Active, Not Active
2026/07/20 00:55:07.553, 1, ${V100_GPU_1_UUID}, 00000000:02:00.0, 892, 877, 30.30, 150.00, 53, 52, 0, 316, P0, Not Active, Not Active, Not Active
2026/07/20 00:55:07.636, 0, ${V100_GPU_0_UUID}, 00000000:01:00.0, 892, 877, 32.37, 150.00, 55, 54, 0, 316, P0, Not Active, Not Active, Not Active
2026/07/20 00:55:07.642, 1, ${V100_GPU_1_UUID}, 00000000:02:00.0, 892, 877, 30.30, 150.00, 53, 52, 0, 316, P0, Not Active, Not Active, Not Active
2026/07/20 00:55:07.747, 0, ${V100_GPU_0_UUID}, 00000000:01:00.0, 892, 877, 32.39, 150.00, 55, 54, 0, 316, P0, Not Active, Not Active, Not Active
2026/07/20 00:55:07.756, 1, ${V100_GPU_1_UUID}, 00000000:02:00.0, 892, 877, 30.30, 150.00, 53, 52, 0, 316, P0, Not Active, Not Active, Not Active
2026/07/20 00:55:07.870, 0, ${V100_GPU_0_UUID}, 00000000:01:00.0, 892, 877, 32.37, 150.00, 55, 54, 0, 316, P0, Not Active, Not Active, Not Active
2026/07/20 00:55:07.876, 1, ${V100_GPU_1_UUID}, 00000000:02:00.0, 892, 877, 30.28, 150.00, 53, 52, 0, 316, P0, Not Active, Not Active, Not Active
2026/07/20 00:55:07.959, 0, ${V100_GPU_0_UUID}, 00000000:01:00.0, 892, 877, 32.37, 150.00, 55, 54, 0, 316, P0, Not Active, Not Active, Not Active
2026/07/20 00:55:07.964, 1, ${V100_GPU_1_UUID}, 00000000:02:00.0, 892, 877, 29.80, 150.00, 53, 52, 0, 316, P0, Not Active, Not Active, Not Active
2026/07/20 00:55:08.073, 0, ${V100_GPU_0_UUID}, 00000000:01:00.0, 892, 877, 32.39, 150.00, 55, 54, 0, 316, P0, Not Active, Not Active, Not Active
2026/07/20 00:55:08.083, 1, ${V100_GPU_1_UUID}, 00000000:02:00.0, 892, 877, 29.82, 150.00, 53, 52, 0, 316, P0, Not Active, Not Active, Not Active
2026/07/20 00:55:08.173, 0, ${V100_GPU_0_UUID}, 00000000:01:00.0, 892, 877, 32.37, 150.00, 55, 54, 0, 316, P0, Not Active, Not Active, Not Active
2026/07/20 00:55:08.179, 1, ${V100_GPU_1_UUID}, 00000000:02:00.0, 892, 877, 30.28, 150.00, 53, 52, 0, 316, P0, Not Active, Not Active, Not Active
2026/07/20 00:55:08.262, 0, ${V100_GPU_0_UUID}, 00000000:01:00.0, 892, 877, 32.37, 150.00, 55, 54, 0, 316, P0, Not Active, Not Active, Not Active
2026/07/20 00:55:08.268, 1, ${V100_GPU_1_UUID}, 00000000:02:00.0, 892, 877, 30.30, 150.00, 53, 52, 0, 316, P0, Not Active, Not Active, Not Active
2026/07/20 00:55:08.359, 0, ${V100_GPU_0_UUID}, 00000000:01:00.0, 892, 877, 32.37, 150.00, 55, 54, 0, 316, P0, Not Active, Not Active, Not Active
2026/07/20 00:55:08.365, 1, ${V100_GPU_1_UUID}, 00000000:02:00.0, 892, 877, 30.28, 150.00, 53, 52, 0, 316, P0, Not Active, Not Active, Not Active
2026/07/20 00:55:08.448, 0, ${V100_GPU_0_UUID}, 00000000:01:00.0, 892, 877, 32.35, 150.00, 55, 54, 0, 316, P0, Not Active, Not Active, Not Active
2026/07/20 00:55:08.453, 1, ${V100_GPU_1_UUID}, 00000000:02:00.0, 892, 877, 29.80, 150.00, 53, 52, 0, 316, P0, Not Active, Not Active, Not Active
2026/07/20 00:55:08.536, 0, ${V100_GPU_0_UUID}, 00000000:01:00.0, 892, 877, 32.37, 150.00, 55, 54, 0, 316, P0, Not Active, Not Active, Not Active
2026/07/20 00:55:08.541, 1, ${V100_GPU_1_UUID}, 00000000:02:00.0, 892, 877, 29.80, 150.00, 53, 52, 0, 316, P0, Not Active, Not Active, Not Active
2026/07/20 00:55:08.624, 0, ${V100_GPU_0_UUID}, 00000000:01:00.0, 892, 877, 32.37, 150.00, 55, 54, 0, 316, P0, Not Active, Not Active, Not Active
2026/07/20 00:55:08.631, 1, ${V100_GPU_1_UUID}, 00000000:02:00.0, 892, 877, 30.28, 150.00, 53, 52, 0, 316, P0, Not Active, Not Active, Not Active
2026/07/20 00:55:08.715, 0, ${V100_GPU_0_UUID}, 00000000:01:00.0, 892, 877, 32.37, 150.00, 55, 54, 0, 316, P0, Not Active, Not Active, Not Active
2026/07/20 00:55:08.721, 1, ${V100_GPU_1_UUID}, 00000000:02:00.0, 892, 877, 30.28, 150.00, 53, 52, 0, 316, P0, Not Active, Not Active, Not Active
2026/07/20 00:55:08.804, 0, ${V100_GPU_0_UUID}, 00000000:01:00.0, 892, 877, 32.37, 150.00, 55, 54, 0, 316, P0, Not Active, Not Active, Not Active
2026/07/20 00:55:08.810, 1, ${V100_GPU_1_UUID}, 00000000:02:00.0, 892, 877, 29.80, 150.00, 53, 52, 0, 316, P0, Not Active, Not Active, Not Active
2026/07/20 00:55:08.892, 0, ${V100_GPU_0_UUID}, 00000000:01:00.0, 892, 877, 32.37, 150.00, 55, 54, 0, 316, P0, Not Active, Not Active, Not Active
2026/07/20 00:55:08.898, 1, ${V100_GPU_1_UUID}, 00000000:02:00.0, 892, 877, 30.28, 150.00, 53, 52, 0, 316, P0, Not Active, Not Active, Not Active
2026/07/20 00:55:08.981, 0, ${V100_GPU_0_UUID}, 00000000:01:00.0, 892, 877, 32.35, 150.00, 55, 54, 0, 316, P0, Not Active, Not Active, Not Active
2026/07/20 00:55:08.987, 1, ${V100_GPU_1_UUID}, 00000000:02:00.0, 892, 877, 30.26, 150.00, 53, 52, 0, 316, P0, Not Active, Not Active, Not Active
2026/07/20 00:55:09.077, 0, ${V100_GPU_0_UUID}, 00000000:01:00.0, 892, 877, 32.37, 150.00, 55, 54, 0, 316, P0, Not Active, Not Active, Not Active
2026/07/20 00:55:09.083, 1, ${V100_GPU_1_UUID}, 00000000:02:00.0, 892, 877, 30.28, 150.00, 53, 52, 0, 316, P0, Not Active, Not Active, Not Active
2026/07/20 00:55:09.165, 0, ${V100_GPU_0_UUID}, 00000000:01:00.0, 892, 877, 32.37, 150.00, 55, 54, 0, 316, P0, Not Active, Not Active, Not Active
2026/07/20 00:55:09.171, 1, ${V100_GPU_1_UUID}, 00000000:02:00.0, 892, 877, 30.28, 150.00, 53, 52, 0, 316, P0, Not Active, Not Active, Not Active
2026/07/20 00:55:09.253, 0, ${V100_GPU_0_UUID}, 00000000:01:00.0, 892, 877, 32.35, 150.00, 55, 54, 0, 316, P0, Not Active, Not Active, Not Active
2026/07/20 00:55:09.259, 1, ${V100_GPU_1_UUID}, 00000000:02:00.0, 892, 877, 29.80, 150.00, 53, 52, 0, 316, P0, Not Active, Not Active, Not Active
2026/07/20 00:55:09.342, 0, ${V100_GPU_0_UUID}, 00000000:01:00.0, 892, 877, 32.37, 150.00, 55, 54, 0, 316, P0, Not Active, Not Active, Not Active
2026/07/20 00:55:09.348, 1, ${V100_GPU_1_UUID}, 00000000:02:00.0, 892, 877, 30.28, 150.00, 53, 52, 0, 316, P0, Not Active, Not Active, Not Active
2026/07/20 00:55:09.432, 0, ${V100_GPU_0_UUID}, 00000000:01:00.0, 892, 877, 32.37, 150.00, 55, 54, 0, 316, P0, Not Active, Not Active, Not Active
2026/07/20 00:55:09.437, 1, ${V100_GPU_1_UUID}, 00000000:02:00.0, 892, 877, 29.80, 150.00, 53, 52, 0, 316, P0, Not Active, Not Active, Not Active
2026/07/20 00:55:09.520, 0, ${V100_GPU_0_UUID}, 00000000:01:00.0, 892, 877, 32.39, 150.00, 55, 54, 0, 316, P0, Not Active, Not Active, Not Active
2026/07/20 00:55:09.526, 1, ${V100_GPU_1_UUID}, 00000000:02:00.0, 892, 877, 30.30, 150.00, 53, 52, 0, 316, P0, Not Active, Not Active, Not Active
2026/07/20 00:55:09.611, 0, ${V100_GPU_0_UUID}, 00000000:01:00.0, 892, 877, 32.39, 150.00, 55, 54, 0, 316, P0, Not Active, Not Active, Not Active
2026/07/20 00:55:09.617, 1, ${V100_GPU_1_UUID}, 00000000:02:00.0, 892, 877, 30.30, 150.00, 53, 52, 0, 316, P0, Not Active, Not Active, Not Active
2026/07/20 00:55:09.711, 0, ${V100_GPU_0_UUID}, 00000000:01:00.0, 892, 877, 32.39, 150.00, 55, 54, 0, 316, P0, Not Active, Not Active, Not Active
2026/07/20 00:55:09.716, 1, ${V100_GPU_1_UUID}, 00000000:02:00.0, 892, 877, 30.30, 150.00, 53, 52, 0, 316, P0, Not Active, Not Active, Not Active
2026/07/20 00:55:09.799, 0, ${V100_GPU_0_UUID}, 00000000:01:00.0, 892, 877, 32.37, 150.00, 55, 54, 0, 316, P0, Not Active, Not Active, Not Active
2026/07/20 00:55:09.805, 1, ${V100_GPU_1_UUID}, 00000000:02:00.0, 892, 877, 30.28, 150.00, 53, 52, 0, 316, P0, Not Active, Not Active, Not Active
2026/07/20 00:55:09.915, 0, ${V100_GPU_0_UUID}, 00000000:01:00.0, 892, 877, 32.39, 150.00, 55, 54, 0, 316, P0, Not Active, Not Active, Not Active
2026/07/20 00:55:09.925, 1, ${V100_GPU_1_UUID}, 00000000:02:00.0, 892, 877, 30.30, 150.00, 53, 52, 0, 316, P0, Not Active, Not Active, Not Active
2026/07/20 00:55:10.011, 0, ${V100_GPU_0_UUID}, 00000000:01:00.0, 892, 877, 32.37, 150.00, 55, 54, 0, 316, P0, Not Active, Not Active, Not Active
2026/07/20 00:55:10.017, 1, ${V100_GPU_1_UUID}, 00000000:02:00.0, 892, 877, 30.28, 150.00, 53, 52, 0, 316, P0, Not Active, Not Active, Not Active
2026/07/20 00:55:10.124, 0, ${V100_GPU_0_UUID}, 00000000:01:00.0, 892, 877, 32.39, 150.00, 55, 54, 0, 316, P0, Not Active, Not Active, Not Active
2026/07/20 00:55:10.135, 1, ${V100_GPU_1_UUID}, 00000000:02:00.0, 892, 877, 30.30, 150.00, 53, 52, 0, 316, P0, Not Active, Not Active, Not Active
2026/07/20 00:55:10.231, 0, ${V100_GPU_0_UUID}, 00000000:01:00.0, 892, 877, 32.37, 150.00, 55, 54, 0, 316, P0, Not Active, Not Active, Not Active
2026/07/20 00:55:10.238, 1, ${V100_GPU_1_UUID}, 00000000:02:00.0, 892, 877, 30.28, 150.00, 53, 52, 0, 316, P0, Not Active, Not Active, Not Active
2026/07/20 00:55:10.350, 0, ${V100_GPU_0_UUID}, 00000000:01:00.0, 892, 877, 32.39, 150.00, 55, 54, 0, 316, P0, Not Active, Not Active, Not Active
2026/07/20 00:55:10.357, 1, ${V100_GPU_1_UUID}, 00000000:02:00.0, 892, 877, 30.30, 150.00, 53, 52, 0, 316, P0, Not Active, Not Active, Not Active
2026/07/20 00:55:10.470, 0, ${V100_GPU_0_UUID}, 00000000:01:00.0, 892, 877, 32.39, 150.00, 55, 54, 0, 316, P0, Not Active, Not Active, Not Active
2026/07/20 00:55:10.478, 1, ${V100_GPU_1_UUID}, 00000000:02:00.0, 892, 877, 30.30, 150.00, 53, 52, 0, 316, P0, Not Active, Not Active, Not Active
2026/07/20 00:55:10.564, 0, ${V100_GPU_0_UUID}, 00000000:01:00.0, 892, 877, 32.39, 150.00, 55, 54, 0, 316, P0, Not Active, Not Active, Not Active
2026/07/20 00:55:10.571, 1, ${V100_GPU_1_UUID}, 00000000:02:00.0, 892, 877, 30.30, 150.00, 53, 52, 0, 316, P0, Not Active, Not Active, Not Active
2026/07/20 00:55:10.660, 0, ${V100_GPU_0_UUID}, 00000000:01:00.0, 892, 877, 32.39, 150.00, 55, 54, 0, 316, P0, Not Active, Not Active, Not Active
2026/07/20 00:55:10.667, 1, ${V100_GPU_1_UUID}, 00000000:02:00.0, 892, 877, 29.82, 150.00, 53, 52, 0, 316, P0, Not Active, Not Active, Not Active
2026/07/20 00:55:10.766, 0, ${V100_GPU_0_UUID}, 00000000:01:00.0, 892, 877, 32.37, 150.00, 55, 54, 0, 316, P0, Not Active, Not Active, Not Active
2026/07/20 00:55:10.771, 1, ${V100_GPU_1_UUID}, 00000000:02:00.0, 892, 877, 30.30, 150.00, 53, 52, 0, 316, P0, Not Active, Not Active, Not Active
2026/07/20 00:55:10.854, 0, ${V100_GPU_0_UUID}, 00000000:01:00.0, 892, 877, 32.37, 150.00, 55, 54, 0, 316, P0, Not Active, Not Active, Not Active
2026/07/20 00:55:10.860, 1, ${V100_GPU_1_UUID}, 00000000:02:00.0, 892, 877, 29.82, 150.00, 53, 52, 0, 316, P0, Not Active, Not Active, Not Active
2026/07/20 00:55:10.969, 0, ${V100_GPU_0_UUID}, 00000000:01:00.0, 892, 877, 32.39, 150.00, 55, 54, 0, 316, P0, Not Active, Not Active, Not Active
2026/07/20 00:55:10.980, 1, ${V100_GPU_1_UUID}, 00000000:02:00.0, 892, 877, 30.30, 150.00, 53, 52, 0, 316, P0, Not Active, Not Active, Not Active
2026/07/20 00:55:11.066, 0, ${V100_GPU_0_UUID}, 00000000:01:00.0, 892, 877, 32.37, 150.00, 55, 54, 0, 316, P0, Not Active, Not Active, Not Active
2026/07/20 00:55:11.072, 1, ${V100_GPU_1_UUID}, 00000000:02:00.0, 892, 877, 30.28, 150.00, 53, 52, 0, 316, P0, Not Active, Not Active, Not Active
2026/07/20 00:55:11.162, 0, ${V100_GPU_0_UUID}, 00000000:01:00.0, 892, 877, 32.39, 150.00, 55, 54, 0, 316, P0, Not Active, Not Active, Not Active
2026/07/20 00:55:11.170, 1, ${V100_GPU_1_UUID}, 00000000:02:00.0, 892, 877, 30.30, 150.00, 53, 52, 0, 316, P0, Not Active, Not Active, Not Active
2026/07/20 00:55:11.266, 0, ${V100_GPU_0_UUID}, 00000000:01:00.0, 892, 877, 32.39, 150.00, 55, 54, 0, 316, P0, Not Active, Not Active, Not Active
2026/07/20 00:55:11.273, 1, ${V100_GPU_1_UUID}, 00000000:02:00.0, 892, 877, 30.30, 150.00, 53, 52, 0, 316, P0, Not Active, Not Active, Not Active
2026/07/20 00:55:11.356, 0, ${V100_GPU_0_UUID}, 00000000:01:00.0, 892, 877, 32.37, 150.00, 55, 54, 0, 316, P0, Not Active, Not Active, Not Active
2026/07/20 00:55:11.362, 1, ${V100_GPU_1_UUID}, 00000000:02:00.0, 892, 877, 30.28, 150.00, 53, 52, 0, 316, P0, Not Active, Not Active, Not Active
2026/07/20 00:55:11.471, 0, ${V100_GPU_0_UUID}, 00000000:01:00.0, 892, 877, 32.39, 150.00, 55, 54, 0, 316, P0, Not Active, Not Active, Not Active
2026/07/20 00:55:11.480, 1, ${V100_GPU_1_UUID}, 00000000:02:00.0, 892, 877, 30.30, 150.00, 53, 52, 0, 316, P0, Not Active, Not Active, Not Active
2026/07/20 00:55:11.571, 0, ${V100_GPU_0_UUID}, 00000000:01:00.0, 892, 877, 32.37, 150.00, 55, 54, 0, 316, P0, Not Active, Not Active, Not Active
2026/07/20 00:55:11.576, 1, ${V100_GPU_1_UUID}, 00000000:02:00.0, 892, 877, 30.28, 150.00, 53, 52, 0, 316, P0, Not Active, Not Active, Not Active
2026/07/20 00:55:11.659, 0, ${V100_GPU_0_UUID}, 00000000:01:00.0, 892, 877, 32.37, 150.00, 55, 54, 0, 316, P0, Not Active, Not Active, Not Active
2026/07/20 00:55:11.664, 1, ${V100_GPU_1_UUID}, 00000000:02:00.0, 892, 877, 29.82, 150.00, 53, 52, 0, 316, P0, Not Active, Not Active, Not Active
2026/07/20 00:55:11.774, 0, ${V100_GPU_0_UUID}, 00000000:01:00.0, 892, 877, 32.39, 150.00, 55, 54, 0, 316, P0, Not Active, Not Active, Not Active
2026/07/20 00:55:11.785, 1, ${V100_GPU_1_UUID}, 00000000:02:00.0, 892, 877, 30.30, 150.00, 53, 52, 0, 316, P0, Not Active, Not Active, Not Active
2026/07/20 00:55:11.893, 0, ${V100_GPU_0_UUID}, 00000000:01:00.0, 892, 877, 32.37, 150.00, 55, 54, 0, 316, P0, Not Active, Not Active, Not Active
2026/07/20 00:55:11.899, 1, ${V100_GPU_1_UUID}, 00000000:02:00.0, 892, 877, 30.28, 150.00, 53, 52, 0, 316, P0, Not Active, Not Active, Not Active
2026/07/20 00:55:11.983, 0, ${V100_GPU_0_UUID}, 00000000:01:00.0, 892, 877, 32.37, 150.00, 55, 54, 0, 316, P0, Not Active, Not Active, Not Active
2026/07/20 00:55:11.988, 1, ${V100_GPU_1_UUID}, 00000000:02:00.0, 892, 877, 30.28, 150.00, 53, 52, 0, 316, P0, Not Active, Not Active, Not Active
2026/07/20 00:55:12.094, 0, ${V100_GPU_0_UUID}, 00000000:01:00.0, 892, 877, 32.39, 150.00, 55, 54, 0, 316, P0, Not Active, Not Active, Not Active
2026/07/20 00:55:12.109, 1, ${V100_GPU_1_UUID}, 00000000:02:00.0, 892, 877, 29.82, 150.00, 53, 52, 0, 316, P0, Not Active, Not Active, Not Active
2026/07/20 00:55:12.196, 0, ${V100_GPU_0_UUID}, 00000000:01:00.0, 892, 877, 32.37, 150.00, 55, 54, 0, 316, P0, Not Active, Not Active, Not Active
2026/07/20 00:55:12.202, 1, ${V100_GPU_1_UUID}, 00000000:02:00.0, 892, 877, 30.28, 150.00, 53, 52, 0, 316, P0, Not Active, Not Active, Not Active
2026/07/20 00:55:12.285, 0, ${V100_GPU_0_UUID}, 00000000:01:00.0, 892, 877, 32.39, 150.00, 55, 54, 0, 316, P0, Not Active, Not Active, Not Active
2026/07/20 00:55:12.291, 1, ${V100_GPU_1_UUID}, 00000000:02:00.0, 892, 877, 29.82, 150.00, 53, 52, 0, 316, P0, Not Active, Not Active, Not Active
2026/07/20 00:55:12.396, 0, ${V100_GPU_0_UUID}, 00000000:01:00.0, 892, 877, 32.39, 150.00, 55, 54, 0, 316, P0, Not Active, Not Active, Not Active
2026/07/20 00:55:12.408, 1, ${V100_GPU_1_UUID}, 00000000:02:00.0, 892, 877, 30.30, 150.00, 53, 52, 0, 316, P0, Not Active, Not Active, Not Active
2026/07/20 00:55:12.493, 0, ${V100_GPU_0_UUID}, 00000000:01:00.0, 892, 877, 32.37, 150.00, 55, 54, 0, 316, P0, Not Active, Not Active, Not Active
2026/07/20 00:55:12.499, 1, ${V100_GPU_1_UUID}, 00000000:02:00.0, 892, 877, 30.28, 150.00, 53, 52, 0, 316, P0, Not Active, Not Active, Not Active
2026/07/20 00:55:12.583, 0, ${V100_GPU_0_UUID}, 00000000:01:00.0, 892, 877, 32.39, 150.00, 55, 54, 0, 316, P0, Not Active, Not Active, Not Active
2026/07/20 00:55:12.590, 1, ${V100_GPU_1_UUID}, 00000000:02:00.0, 892, 877, 30.30, 150.00, 53, 52, 0, 316, P0, Not Active, Not Active, Not Active
2026/07/20 00:55:12.696, 0, ${V100_GPU_0_UUID}, 00000000:01:00.0, 892, 877, 32.37, 150.00, 55, 54, 0, 316, P0, Not Active, Not Active, Not Active
2026/07/20 00:55:12.702, 1, ${V100_GPU_1_UUID}, 00000000:02:00.0, 892, 877, 29.80, 150.00, 53, 52, 0, 316, P0, Not Active, Not Active, Not Active
2026/07/20 00:55:12.814, 0, ${V100_GPU_0_UUID}, 00000000:01:00.0, 892, 877, 32.39, 150.00, 55, 54, 0, 316, P0, Not Active, Not Active, Not Active
2026/07/20 00:55:12.822, 1, ${V100_GPU_1_UUID}, 00000000:02:00.0, 892, 877, 30.30, 150.00, 53, 52, 0, 316, P0, Not Active, Not Active, Not Active
2026/07/20 00:55:12.908, 0, ${V100_GPU_0_UUID}, 00000000:01:00.0, 892, 877, 32.37, 150.00, 55, 54, 0, 316, P0, Not Active, Not Active, Not Active
2026/07/20 00:55:12.915, 1, ${V100_GPU_1_UUID}, 00000000:02:00.0, 892, 877, 30.30, 150.00, 53, 52, 0, 316, P0, Not Active, Not Active, Not Active
2026/07/20 00:55:13.001, 0, ${V100_GPU_0_UUID}, 00000000:01:00.0, 892, 877, 32.37, 150.00, 55, 54, 0, 316, P0, Not Active, Not Active, Not Active
2026/07/20 00:55:13.006, 1, ${V100_GPU_1_UUID}, 00000000:02:00.0, 892, 877, 30.28, 150.00, 53, 52, 0, 316, P0, Not Active, Not Active, Not Active
2026/07/20 00:55:13.109, 0, ${V100_GPU_0_UUID}, 00000000:01:00.0, 892, 877, 32.39, 150.00, 55, 54, 0, 316, P0, Not Active, Not Active, Not Active
2026/07/20 00:55:13.120, 1, ${V100_GPU_1_UUID}, 00000000:02:00.0, 892, 877, 30.30, 150.00, 53, 52, 0, 316, P0, Not Active, Not Active, Not Active
2026/07/20 00:55:13.235, 0, ${V100_GPU_0_UUID}, 00000000:01:00.0, 892, 877, 32.37, 150.00, 55, 54, 0, 316, P0, Not Active, Not Active, Not Active
2026/07/20 00:55:13.242, 1, ${V100_GPU_1_UUID}, 00000000:02:00.0, 892, 877, 30.28, 150.00, 53, 52, 0, 316, P0, Not Active, Not Active, Not Active
2026/07/20 00:55:13.326, 0, ${V100_GPU_0_UUID}, 00000000:01:00.0, 892, 877, 32.37, 150.00, 55, 54, 0, 316, P0, Not Active, Not Active, Not Active
2026/07/20 00:55:13.331, 1, ${V100_GPU_1_UUID}, 00000000:02:00.0, 892, 877, 30.30, 150.00, 53, 52, 0, 316, P0, Not Active, Not Active, Not Active
2026/07/20 00:55:13.441, 0, ${V100_GPU_0_UUID}, 00000000:01:00.0, 892, 877, 32.39, 150.00, 55, 54, 0, 316, P0, Not Active, Not Active, Not Active
2026/07/20 00:55:13.453, 1, ${V100_GPU_1_UUID}, 00000000:02:00.0, 892, 877, 30.30, 150.00, 53, 52, 0, 316, P0, Not Active, Not Active, Not Active
2026/07/20 00:55:13.552, 0, ${V100_GPU_0_UUID}, 00000000:01:00.0, 892, 877, 32.37, 150.00, 55, 54, 0, 316, P0, Not Active, Not Active, Not Active
2026/07/20 00:55:13.557, 1, ${V100_GPU_1_UUID}, 00000000:02:00.0, 892, 877, 29.80, 150.00, 53, 52, 0, 316, P0, Not Active, Not Active, Not Active
2026/07/20 00:55:13.640, 0, ${V100_GPU_0_UUID}, 00000000:01:00.0, 892, 877, 32.39, 150.00, 55, 54, 0, 316, P0, Not Active, Not Active, Not Active
2026/07/20 00:55:13.661, 1, ${V100_GPU_1_UUID}, 00000000:02:00.0, 892, 877, 30.30, 150.00, 53, 52, 0, 316, P0, Not Active, Not Active, Not Active
2026/07/20 00:55:13.777, 0, ${V100_GPU_0_UUID}, 00000000:01:00.0, 892, 877, 32.39, 150.00, 55, 54, 0, 316, P0, Not Active, Not Active, Not Active
2026/07/20 00:55:13.789, 1, ${V100_GPU_1_UUID}, 00000000:02:00.0, 892, 877, 30.30, 150.00, 53, 52, 0, 316, P0, Not Active, Not Active, Not Active
2026/07/20 00:55:13.875, 0, ${V100_GPU_0_UUID}, 00000000:01:00.0, 892, 877, 32.37, 150.00, 55, 54, 0, 316, P0, Not Active, Not Active, Not Active
2026/07/20 00:55:13.881, 1, ${V100_GPU_1_UUID}, 00000000:02:00.0, 892, 877, 30.30, 150.00, 53, 52, 0, 316, P0, Not Active, Not Active, Not Active
2026/07/20 00:55:13.988, 0, ${V100_GPU_0_UUID}, 00000000:01:00.0, 892, 877, 32.39, 150.00, 55, 54, 0, 316, P0, Not Active, Not Active, Not Active
2026/07/20 00:55:13.996, 1, ${V100_GPU_1_UUID}, 00000000:02:00.0, 892, 877, 30.30, 150.00, 53, 52, 0, 316, P0, Not Active, Not Active, Not Active
2026/07/20 00:55:14.081, 0, ${V100_GPU_0_UUID}, 00000000:01:00.0, 892, 877, 32.37, 150.00, 55, 54, 0, 316, P0, Not Active, Not Active, Not Active
2026/07/20 00:55:14.087, 1, ${V100_GPU_1_UUID}, 00000000:02:00.0, 892, 877, 29.80, 150.00, 53, 52, 0, 316, P0, Not Active, Not Active, Not Active
2026/07/20 00:55:14.171, 0, ${V100_GPU_0_UUID}, 00000000:01:00.0, 892, 877, 32.39, 150.00, 55, 54, 0, 316, P0, Not Active, Not Active, Not Active
2026/07/20 00:55:14.190, 1, ${V100_GPU_1_UUID}, 00000000:02:00.0, 892, 877, 29.82, 150.00, 53, 52, 0, 316, P0, Not Active, Not Active, Not Active
2026/07/20 00:55:14.305, 0, ${V100_GPU_0_UUID}, 00000000:01:00.0, 892, 877, 32.39, 150.00, 55, 54, 0, 316, P0, Not Active, Not Active, Not Active
2026/07/20 00:55:14.313, 1, ${V100_GPU_1_UUID}, 00000000:02:00.0, 892, 877, 29.82, 150.00, 53, 52, 0, 316, P0, Not Active, Not Active, Not Active
2026/07/20 00:55:14.397, 0, ${V100_GPU_0_UUID}, 00000000:01:00.0, 892, 877, 32.37, 150.00, 55, 54, 0, 316, P0, Not Active, Not Active, Not Active
2026/07/20 00:55:14.402, 1, ${V100_GPU_1_UUID}, 00000000:02:00.0, 892, 877, 30.30, 150.00, 53, 52, 0, 316, P0, Not Active, Not Active, Not Active
2026/07/20 00:55:14.499, 0, ${V100_GPU_0_UUID}, 00000000:01:00.0, 892, 877, 32.39, 150.00, 55, 54, 0, 316, P0, Not Active, Not Active, Not Active
2026/07/20 00:55:14.511, 1, ${V100_GPU_1_UUID}, 00000000:02:00.0, 892, 877, 30.30, 150.00, 53, 52, 0, 316, P0, Not Active, Not Active, Not Active
2026/07/20 00:55:14.622, 0, ${V100_GPU_0_UUID}, 00000000:01:00.0, 892, 877, 32.39, 150.00, 55, 54, 0, 316, P0, Not Active, Not Active, Not Active
2026/07/20 00:55:14.629, 1, ${V100_GPU_1_UUID}, 00000000:02:00.0, 892, 877, 30.30, 150.00, 53, 52, 0, 316, P0, Not Active, Not Active, Not Active
2026/07/20 00:55:14.713, 0, ${V100_GPU_0_UUID}, 00000000:01:00.0, 892, 877, 32.39, 150.00, 55, 54, 0, 316, P0, Not Active, Not Active, Not Active
2026/07/20 00:55:14.718, 1, ${V100_GPU_1_UUID}, 00000000:02:00.0, 892, 877, 29.82, 150.00, 53, 52, 0, 316, P0, Not Active, Not Active, Not Active
2026/07/20 00:55:14.829, 0, ${V100_GPU_0_UUID}, 00000000:01:00.0, 892, 877, 32.39, 150.00, 55, 54, 0, 316, P0, Not Active, Not Active, Not Active
2026/07/20 00:55:14.837, 1, ${V100_GPU_1_UUID}, 00000000:02:00.0, 892, 877, 30.30, 150.00, 53, 52, 0, 316, P0, Not Active, Not Active, Not Active
2026/07/20 00:55:14.921, 0, ${V100_GPU_0_UUID}, 00000000:01:00.0, 892, 877, 32.37, 150.00, 55, 54, 0, 316, P0, Not Active, Not Active, Not Active
2026/07/20 00:55:14.926, 1, ${V100_GPU_1_UUID}, 00000000:02:00.0, 892, 877, 30.28, 150.00, 53, 52, 0, 316, P0, Not Active, Not Active, Not Active
2026/07/20 00:55:15.011, 0, ${V100_GPU_0_UUID}, 00000000:01:00.0, 892, 877, 32.39, 150.00, 55, 54, 0, 316, P0, Not Active, Not Active, Not Active
2026/07/20 00:55:15.018, 1, ${V100_GPU_1_UUID}, 00000000:02:00.0, 892, 877, 30.30, 150.00, 53, 52, 0, 316, P0, Not Active, Not Active, Not Active
2026/07/20 00:55:15.133, 0, ${V100_GPU_0_UUID}, 00000000:01:00.0, 892, 877, 32.37, 150.00, 55, 54, 0, 316, P0, Not Active, Not Active, Not Active
2026/07/20 00:55:15.139, 1, ${V100_GPU_1_UUID}, 00000000:02:00.0, 892, 877, 30.28, 150.00, 53, 52, 0, 316, P0, Not Active, Not Active, Not Active
2026/07/20 00:55:15.224, 0, ${V100_GPU_0_UUID}, 00000000:01:00.0, 892, 877, 32.37, 150.00, 55, 54, 0, 316, P0, Not Active, Not Active, Not Active
2026/07/20 00:55:15.231, 1, ${V100_GPU_1_UUID}, 00000000:02:00.0, 892, 877, 30.28, 150.00, 53, 52, 0, 316, P0, Not Active, Not Active, Not Active
2026/07/20 00:55:15.329, 0, ${V100_GPU_0_UUID}, 00000000:01:00.0, 892, 877, 32.39, 150.00, 55, 54, 0, 316, P0, Not Active, Not Active, Not Active
2026/07/20 00:55:15.340, 1, ${V100_GPU_1_UUID}, 00000000:02:00.0, 892, 877, 30.30, 150.00, 53, 52, 0, 316, P0, Not Active, Not Active, Not Active
2026/07/20 00:55:15.427, 0, ${V100_GPU_0_UUID}, 00000000:01:00.0, 892, 877, 32.39, 150.00, 55, 54, 0, 316, P0, Not Active, Not Active, Not Active
2026/07/20 00:55:15.435, 1, ${V100_GPU_1_UUID}, 00000000:02:00.0, 892, 877, 30.30, 150.00, 53, 52, 0, 316, P0, Not Active, Not Active, Not Active
2026/07/20 00:55:15.522, 0, ${V100_GPU_0_UUID}, 00000000:01:00.0, 892, 877, 32.39, 150.00, 55, 54, 0, 316, P0, Not Active, Not Active, Not Active
2026/07/20 00:55:15.529, 1, ${V100_GPU_1_UUID}, 00000000:02:00.0, 892, 877, 30.30, 150.00, 53, 52, 0, 316, P0, Not Active, Not Active, Not Active
2026/07/20 00:55:15.634, 0, ${V100_GPU_0_UUID}, 00000000:01:00.0, 892, 877, 32.39, 150.00, 55, 54, 0, 316, P0, Not Active, Not Active, Not Active
2026/07/20 00:55:15.640, 1, ${V100_GPU_1_UUID}, 00000000:02:00.0, 892, 877, 30.30, 150.00, 53, 52, 0, 316, P0, Not Active, Not Active, Not Active
2026/07/20 00:55:15.742, 0, ${V100_GPU_0_UUID}, 00000000:01:00.0, 892, 877, 32.35, 150.00, 55, 54, 0, 316, P0, Not Active, Not Active, Not Active
2026/07/20 00:55:15.748, 1, ${V100_GPU_1_UUID}, 00000000:02:00.0, 892, 877, 30.26, 150.00, 53, 52, 0, 316, P0, Not Active, Not Active, Not Active
2026/07/20 00:55:15.857, 0, ${V100_GPU_0_UUID}, 00000000:01:00.0, 892, 877, 32.37, 150.00, 55, 54, 0, 316, P0, Not Active, Not Active, Not Active
2026/07/20 00:55:15.862, 1, ${V100_GPU_1_UUID}, 00000000:02:00.0, 892, 877, 30.28, 150.00, 53, 52, 0, 316, P0, Not Active, Not Active, Not Active
2026/07/20 00:55:15.951, 0, ${V100_GPU_0_UUID}, 00000000:01:00.0, 892, 877, 32.37, 150.00, 55, 54, 0, 316, P0, Not Active, Not Active, Not Active
2026/07/20 00:55:15.957, 1, ${V100_GPU_1_UUID}, 00000000:02:00.0, 892, 877, 29.80, 150.00, 53, 52, 0, 316, P0, Not Active, Not Active, Not Active
2026/07/20 00:55:16.039, 0, ${V100_GPU_0_UUID}, 00000000:01:00.0, 892, 877, 32.37, 150.00, 55, 54, 0, 316, P0, Not Active, Not Active, Not Active
2026/07/20 00:55:16.045, 1, ${V100_GPU_1_UUID}, 00000000:02:00.0, 892, 877, 30.30, 150.00, 53, 52, 0, 316, P0, Not Active, Not Active, Not Active
2026/07/20 00:55:16.132, 0, ${V100_GPU_0_UUID}, 00000000:01:00.0, 892, 877, 32.37, 150.00, 55, 54, 0, 316, P0, Not Active, Not Active, Not Active
2026/07/20 00:55:16.138, 1, ${V100_GPU_1_UUID}, 00000000:02:00.0, 892, 877, 30.28, 150.00, 53, 52, 0, 316, P0, Not Active, Not Active, Not Active
2026/07/20 00:55:16.221, 0, ${V100_GPU_0_UUID}, 00000000:01:00.0, 892, 877, 32.37, 150.00, 55, 54, 0, 316, P0, Not Active, Not Active, Not Active
2026/07/20 00:55:16.226, 1, ${V100_GPU_1_UUID}, 00000000:02:00.0, 892, 877, 29.82, 150.00, 53, 52, 0, 316, P0, Not Active, Not Active, Not Active
2026/07/20 00:55:16.309, 0, ${V100_GPU_0_UUID}, 00000000:01:00.0, 892, 877, 32.37, 150.00, 55, 54, 0, 316, P0, Not Active, Not Active, Not Active
2026/07/20 00:55:16.315, 1, ${V100_GPU_1_UUID}, 00000000:02:00.0, 892, 877, 30.28, 150.00, 53, 52, 0, 316, P0, Not Active, Not Active, Not Active
2026/07/20 00:55:16.399, 0, ${V100_GPU_0_UUID}, 00000000:01:00.0, 892, 877, 32.37, 150.00, 55, 54, 0, 316, P0, Not Active, Not Active, Not Active
2026/07/20 00:55:16.405, 1, ${V100_GPU_1_UUID}, 00000000:02:00.0, 892, 877, 29.80, 150.00, 53, 52, 0, 316, P0, Not Active, Not Active, Not Active
2026/07/20 00:55:16.491, 0, ${V100_GPU_0_UUID}, 00000000:01:00.0, 892, 877, 32.39, 150.00, 55, 54, 0, 316, P0, Not Active, Not Active, Not Active
2026/07/20 00:55:16.510, 1, ${V100_GPU_1_UUID}, 00000000:02:00.0, 892, 877, 29.82, 150.00, 53, 52, 0, 316, P0, Not Active, Not Active, Not Active
2026/07/20 00:55:16.601, 0, ${V100_GPU_0_UUID}, 00000000:01:00.0, 892, 877, 32.37, 150.00, 55, 54, 0, 316, P0, Not Active, Not Active, Not Active
2026/07/20 00:55:16.606, 1, ${V100_GPU_1_UUID}, 00000000:02:00.0, 892, 877, 30.28, 150.00, 53, 52, 0, 316, P0, Not Active, Not Active, Not Active
2026/07/20 00:55:16.710, 0, ${V100_GPU_0_UUID}, 00000000:01:00.0, 892, 877, 32.39, 150.00, 55, 54, 0, 316, P0, Not Active, Not Active, Not Active
2026/07/20 00:55:16.723, 1, ${V100_GPU_1_UUID}, 00000000:02:00.0, 892, 877, 30.30, 150.00, 53, 52, 0, 316, P0, Not Active, Not Active, Not Active
2026/07/20 00:55:16.810, 0, ${V100_GPU_0_UUID}, 00000000:01:00.0, 892, 877, 32.37, 150.00, 55, 54, 0, 316, P0, Not Active, Not Active, Not Active
2026/07/20 00:55:16.816, 1, ${V100_GPU_1_UUID}, 00000000:02:00.0, 892, 877, 30.28, 150.00, 53, 52, 0, 316, P0, Not Active, Not Active, Not Active
2026/07/20 00:55:16.919, 0, ${V100_GPU_0_UUID}, 00000000:01:00.0, 892, 877, 32.39, 150.00, 55, 54, 0, 316, P0, Not Active, Not Active, Not Active
2026/07/20 00:55:16.933, 1, ${V100_GPU_1_UUID}, 00000000:02:00.0, 892, 877, 30.32, 150.00, 53, 52, 0, 316, P0, Not Active, Not Active, Not Active
2026/07/20 00:55:17.023, 0, ${V100_GPU_0_UUID}, 00000000:01:00.0, 892, 877, 32.37, 150.00, 55, 54, 0, 316, P0, Not Active, Not Active, Not Active
2026/07/20 00:55:17.029, 1, ${V100_GPU_1_UUID}, 00000000:02:00.0, 892, 877, 30.28, 150.00, 53, 52, 0, 316, P0, Not Active, Not Active, Not Active
2026/07/20 00:55:17.115, 0, ${V100_GPU_0_UUID}, 00000000:01:00.0, 892, 877, 32.39, 150.00, 55, 54, 0, 316, P0, Not Active, Not Active, Not Active
2026/07/20 00:55:17.121, 1, ${V100_GPU_1_UUID}, 00000000:02:00.0, 892, 877, 30.30, 150.00, 53, 52, 0, 316, P0, Not Active, Not Active, Not Active
2026/07/20 00:55:17.224, 0, ${V100_GPU_0_UUID}, 00000000:01:00.0, 892, 877, 32.37, 150.00, 55, 54, 0, 316, P0, Not Active, Not Active, Not Active
2026/07/20 00:55:17.233, 1, ${V100_GPU_1_UUID}, 00000000:02:00.0, 892, 877, 29.82, 150.00, 53, 52, 0, 316, P0, Not Active, Not Active, Not Active
2026/07/20 00:55:17.317, 0, ${V100_GPU_0_UUID}, 00000000:01:00.0, 892, 877, 32.37, 150.00, 55, 54, 0, 316, P0, Not Active, Not Active, Not Active
2026/07/20 00:55:17.323, 1, ${V100_GPU_1_UUID}, 00000000:02:00.0, 892, 877, 30.28, 150.00, 53, 52, 0, 316, P0, Not Active, Not Active, Not Active
2026/07/20 00:55:17.405, 0, ${V100_GPU_0_UUID}, 00000000:01:00.0, 892, 877, 32.37, 150.00, 55, 54, 0, 5, P0, Not Active, Not Active, Not Active
2026/07/20 00:55:17.442, 1, ${V100_GPU_1_UUID}, 00000000:02:00.0, 892, 877, 30.76, 150.00, 53, 52, 0, 5, P0, Not Active, Not Active, Not Active
