timestamp,index,uuid,pci_bus_id,graphics_clock_mhz,memory_clock_mhz,power_w,power_limit_w,gpu_temperature_c,memory_temperature_c,gpu_util_pct,memory_used_mib,pstate,sw_power_cap,sw_thermal_slowdown,hw_thermal_slowdown
2026/07/20 00:57:01.262, 0, ${V100_GPU_0_UUID}, 00000000:01:00.0, 892, 877, 32.39, 150.00, 55, 54, 0, 5, P0, Not Active, Not Active, Not Active
2026/07/20 00:57:01.270, 1, ${V100_GPU_1_UUID}, 00000000:02:00.0, 892, 877, 30.30, 150.00, 53, 52, 0, 5, P0, Not Active, Not Active, Not Active
2026/07/20 00:57:01.361, 0, ${V100_GPU_0_UUID}, 00000000:01:00.0, 892, 877, 32.39, 150.00, 55, 54, 0, 5, P0, Not Active, Not Active, Not Active
2026/07/20 00:57:01.370, 1, ${V100_GPU_1_UUID}, 00000000:02:00.0, 892, 877, 29.82, 150.00, 53, 52, 0, 5, P0, Not Active, Not Active, Not Active
2026/07/20 00:57:01.456, 0, ${V100_GPU_0_UUID}, 00000000:01:00.0, 892, 877, 32.35, 150.00, 55, 54, 0, 5, P0, Not Active, Not Active, Not Active
2026/07/20 00:57:01.462, 1, ${V100_GPU_1_UUID}, 00000000:02:00.0, 892, 877, 30.28, 150.00, 53, 52, 0, 5, P0, Not Active, Not Active, Not Active
2026/07/20 00:57:01.546, 0, ${V100_GPU_0_UUID}, 00000000:01:00.0, 892, 877, 32.37, 150.00, 55, 54, 0, 5, P0, Not Active, Not Active, Not Active
2026/07/20 00:57:01.552, 1, ${V100_GPU_1_UUID}, 00000000:02:00.0, 892, 877, 30.28, 150.00, 53, 52, 0, 5, P0, Not Active, Not Active, Not Active
2026/07/20 00:57:01.635, 0, ${V100_GPU_0_UUID}, 00000000:01:00.0, 892, 877, 32.35, 150.00, 55, 54, 0, 5, P0, Not Active, Not Active, Not Active
2026/07/20 00:57:01.641, 1, ${V100_GPU_1_UUID}, 00000000:02:00.0, 892, 877, 30.28, 150.00, 53, 52, 0, 5, P0, Not Active, Not Active, Not Active
2026/07/20 00:57:01.724, 0, ${V100_GPU_0_UUID}, 00000000:01:00.0, 892, 877, 32.37, 150.00, 55, 54, 0, 5, P0, Not Active, Not Active, Not Active
2026/07/20 00:57:01.730, 1, ${V100_GPU_1_UUID}, 00000000:02:00.0, 892, 877, 30.28, 150.00, 53, 52, 0, 5, P0, Not Active, Not Active, Not Active
2026/07/20 00:57:01.813, 0, ${V100_GPU_0_UUID}, 00000000:01:00.0, 892, 877, 32.35, 150.00, 55, 54, 0, 5, P0, Not Active, Not Active, Not Active
2026/07/20 00:57:01.819, 1, ${V100_GPU_1_UUID}, 00000000:02:00.0, 892, 877, 30.28, 150.00, 53, 52, 0, 5, P0, Not Active, Not Active, Not Active
2026/07/20 00:57:01.902, 0, ${V100_GPU_0_UUID}, 00000000:01:00.0, 892, 877, 32.37, 150.00, 55, 54, 0, 5, P0, Not Active, Not Active, Not Active
2026/07/20 00:57:01.908, 1, ${V100_GPU_1_UUID}, 00000000:02:00.0, 892, 877, 30.28, 150.00, 53, 52, 0, 5, P0, Not Active, Not Active, Not Active
2026/07/20 00:57:01.991, 0, ${V100_GPU_0_UUID}, 00000000:01:00.0, 892, 877, 32.37, 150.00, 55, 54, 0, 5, P0, Not Active, Not Active, Not Active
2026/07/20 00:57:01.996, 1, ${V100_GPU_1_UUID}, 00000000:02:00.0, 892, 877, 30.28, 150.00, 53, 52, 0, 5, P0, Not Active, Not Active, Not Active
2026/07/20 00:57:02.080, 0, ${V100_GPU_0_UUID}, 00000000:01:00.0, 892, 877, 32.37, 150.00, 55, 54, 0, 5, P0, Not Active, Not Active, Not Active
2026/07/20 00:57:02.085, 1, ${V100_GPU_1_UUID}, 00000000:02:00.0, 892, 877, 30.28, 150.00, 53, 52, 0, 5, P0, Not Active, Not Active, Not Active
2026/07/20 00:57:02.169, 0, ${V100_GPU_0_UUID}, 00000000:01:00.0, 892, 877, 32.37, 150.00, 55, 54, 0, 5, P0, Not Active, Not Active, Not Active
2026/07/20 00:57:02.174, 1, ${V100_GPU_1_UUID}, 00000000:02:00.0, 892, 877, 30.28, 150.00, 53, 52, 0, 5, P0, Not Active, Not Active, Not Active
2026/07/20 00:57:02.265, 0, ${V100_GPU_0_UUID}, 00000000:01:00.0, 892, 877, 32.35, 150.00, 55, 54, 0, 8, P0, Not Active, Not Active, Not Active
2026/07/20 00:57:02.272, 1, ${V100_GPU_1_UUID}, 00000000:02:00.0, 892, 877, 30.26, 150.00, 53, 52, 0, 8, P0, Not Active, Not Active, Not Active
2026/07/20 00:57:02.355, 0, ${V100_GPU_0_UUID}, 00000000:01:00.0, 892, 877, 32.35, 150.00, 55, 54, 0, 8, P0, Not Active, Not Active, Not Active
2026/07/20 00:57:02.361, 1, ${V100_GPU_1_UUID}, 00000000:02:00.0, 892, 877, 30.28, 150.00, 53, 52, 0, 8, P0, Not Active, Not Active, Not Active
2026/07/20 00:57:02.445, 0, ${V100_GPU_0_UUID}, 00000000:01:00.0, 892, 877, 32.35, 150.00, 55, 54, 0, 8, P0, Not Active, Not Active, Not Active
2026/07/20 00:57:02.451, 1, ${V100_GPU_1_UUID}, 00000000:02:00.0, 892, 877, 30.26, 150.00, 53, 52, 0, 8, P0, Not Active, Not Active, Not Active
2026/07/20 00:57:02.534, 0, ${V100_GPU_0_UUID}, 00000000:01:00.0, 892, 877, 32.35, 150.00, 55, 54, 0, 8, P0, Not Active, Not Active, Not Active
2026/07/20 00:57:02.540, 1, ${V100_GPU_1_UUID}, 00000000:02:00.0, 892, 877, 30.26, 150.00, 53, 52, 0, 8, P0, Not Active, Not Active, Not Active
2026/07/20 00:57:02.626, 0, ${V100_GPU_0_UUID}, 00000000:01:00.0, 892, 877, 32.35, 150.00, 55, 54, 0, 20, P0, Not Active, Not Active, Not Active
2026/07/20 00:57:02.635, 1, ${V100_GPU_1_UUID}, 00000000:02:00.0, 892, 877, 30.26, 150.00, 53, 52, 0, 8, P0, Not Active, Not Active, Not Active
2026/07/20 00:57:02.734, 0, ${V100_GPU_0_UUID}, 00000000:01:00.0, 892, 877, 32.35, 150.00, 55, 54, 0, 316, P0, Not Active, Not Active, Not Active
2026/07/20 00:57:02.745, 1, ${V100_GPU_1_UUID}, 00000000:02:00.0, 892, 877, 30.28, 150.00, 53, 52, 0, 20, P0, Not Active, Not Active, Not Active
2026/07/20 00:57:02.833, 0, ${V100_GPU_0_UUID}, 00000000:01:00.0, 892, 877, 32.37, 150.00, 55, 54, 3, 316, P0, Not Active, Not Active, Not Active
2026/07/20 00:57:02.839, 1, ${V100_GPU_1_UUID}, 00000000:02:00.0, 892, 877, 30.28, 150.00, 53, 52, 3, 316, P0, Not Active, Not Active, Not Active
2026/07/20 00:57:02.924, 0, ${V100_GPU_0_UUID}, 00000000:01:00.0, 892, 877, 32.37, 150.00, 55, 54, 3, 316, P0, Not Active, Not Active, Not Active
2026/07/20 00:57:02.930, 1, ${V100_GPU_1_UUID}, 00000000:02:00.0, 892, 877, 30.28, 150.00, 53, 52, 3, 316, P0, Not Active, Not Active, Not Active
2026/07/20 00:57:03.013, 0, ${V100_GPU_0_UUID}, 00000000:01:00.0, 892, 877, 32.37, 150.00, 55, 54, 0, 316, P0, Not Active, Not Active, Not Active
2026/07/20 00:57:03.021, 1, ${V100_GPU_1_UUID}, 00000000:02:00.0, 892, 877, 30.28, 150.00, 53, 52, 0, 316, P0, Not Active, Not Active, Not Active
2026/07/20 00:57:03.107, 0, ${V100_GPU_0_UUID}, 00000000:01:00.0, 892, 877, 32.37, 150.00, 55, 54, 0, 316, P0, Not Active, Not Active, Not Active
2026/07/20 00:57:03.114, 1, ${V100_GPU_1_UUID}, 00000000:02:00.0, 892, 877, 30.28, 150.00, 53, 52, 0, 316, P0, Not Active, Not Active, Not Active
2026/07/20 00:57:03.198, 0, ${V100_GPU_0_UUID}, 00000000:01:00.0, 892, 877, 32.35, 150.00, 55, 54, 0, 316, P0, Not Active, Not Active, Not Active
2026/07/20 00:57:03.203, 1, ${V100_GPU_1_UUID}, 00000000:02:00.0, 892, 877, 30.28, 150.00, 53, 52, 0, 316, P0, Not Active, Not Active, Not Active
2026/07/20 00:57:03.286, 0, ${V100_GPU_0_UUID}, 00000000:01:00.0, 892, 877, 32.35, 150.00, 55, 54, 0, 316, P0, Not Active, Not Active, Not Active
2026/07/20 00:57:03.293, 1, ${V100_GPU_1_UUID}, 00000000:02:00.0, 892, 877, 30.28, 150.00, 53, 52, 0, 316, P0, Not Active, Not Active, Not Active
2026/07/20 00:57:03.375, 0, ${V100_GPU_0_UUID}, 00000000:01:00.0, 892, 877, 32.37, 150.00, 55, 54, 0, 316, P0, Not Active, Not Active, Not Active
2026/07/20 00:57:03.381, 1, ${V100_GPU_1_UUID}, 00000000:02:00.0, 892, 877, 30.28, 150.00, 53, 52, 0, 316, P0, Not Active, Not Active, Not Active
2026/07/20 00:57:03.492, 0, ${V100_GPU_0_UUID}, 00000000:01:00.0, 892, 877, 32.39, 150.00, 55, 54, 0, 316, P0, Not Active, Not Active, Not Active
2026/07/20 00:57:03.500, 1, ${V100_GPU_1_UUID}, 00000000:02:00.0, 892, 877, 30.30, 150.00, 53, 52, 0, 316, P0, Not Active, Not Active, Not Active
2026/07/20 00:57:03.583, 0, ${V100_GPU_0_UUID}, 00000000:01:00.0, 892, 877, 32.37, 150.00, 55, 54, 0, 316, P0, Not Active, Not Active, Not Active
2026/07/20 00:57:03.589, 1, ${V100_GPU_1_UUID}, 00000000:02:00.0, 892, 877, 30.28, 150.00, 53, 52, 0, 316, P0, Not Active, Not Active, Not Active
2026/07/20 00:57:03.672, 0, ${V100_GPU_0_UUID}, 00000000:01:00.0, 892, 877, 32.37, 150.00, 55, 54, 0, 316, P0, Not Active, Not Active, Not Active
2026/07/20 00:57:03.677, 1, ${V100_GPU_1_UUID}, 00000000:02:00.0, 892, 877, 29.80, 150.00, 53, 52, 0, 316, P0, Not Active, Not Active, Not Active
2026/07/20 00:57:03.759, 0, ${V100_GPU_0_UUID}, 00000000:01:00.0, 892, 877, 32.37, 150.00, 55, 54, 0, 316, P0, Not Active, Not Active, Not Active
2026/07/20 00:57:03.764, 1, ${V100_GPU_1_UUID}, 00000000:02:00.0, 892, 877, 29.82, 150.00, 53, 52, 0, 316, P0, Not Active, Not Active, Not Active
2026/07/20 00:57:03.847, 0, ${V100_GPU_0_UUID}, 00000000:01:00.0, 892, 877, 32.37, 150.00, 55, 54, 0, 316, P0, Not Active, Not Active, Not Active
2026/07/20 00:57:03.853, 1, ${V100_GPU_1_UUID}, 00000000:02:00.0, 892, 877, 30.28, 150.00, 53, 52, 0, 316, P0, Not Active, Not Active, Not Active
2026/07/20 00:57:03.936, 0, ${V100_GPU_0_UUID}, 00000000:01:00.0, 892, 877, 32.39, 150.00, 55, 54, 0, 316, P0, Not Active, Not Active, Not Active
2026/07/20 00:57:03.956, 1, ${V100_GPU_1_UUID}, 00000000:02:00.0, 892, 877, 30.30, 150.00, 53, 52, 0, 316, P0, Not Active, Not Active, Not Active
2026/07/20 00:57:04.063, 0, ${V100_GPU_0_UUID}, 00000000:01:00.0, 892, 877, 32.39, 150.00, 55, 54, 0, 316, P0, Not Active, Not Active, Not Active
2026/07/20 00:57:04.072, 1, ${V100_GPU_1_UUID}, 00000000:02:00.0, 892, 877, 30.30, 150.00, 53, 52, 0, 316, P0, Not Active, Not Active, Not Active
2026/07/20 00:57:04.159, 0, ${V100_GPU_0_UUID}, 00000000:01:00.0, 892, 877, 32.37, 150.00, 55, 54, 0, 316, P0, Not Active, Not Active, Not Active
2026/07/20 00:57:04.165, 1, ${V100_GPU_1_UUID}, 00000000:02:00.0, 892, 877, 29.82, 150.00, 53, 52, 0, 316, P0, Not Active, Not Active, Not Active
2026/07/20 00:57:04.277, 0, ${V100_GPU_0_UUID}, 00000000:01:00.0, 892, 877, 32.39, 150.00, 55, 54, 0, 316, P0, Not Active, Not Active, Not Active
2026/07/20 00:57:04.284, 1, ${V100_GPU_1_UUID}, 00000000:02:00.0, 892, 877, 29.82, 150.00, 53, 52, 0, 316, P0, Not Active, Not Active, Not Active
2026/07/20 00:57:04.367, 0, ${V100_GPU_0_UUID}, 00000000:01:00.0, 892, 877, 32.37, 150.00, 55, 54, 0, 316, P0, Not Active, Not Active, Not Active
2026/07/20 00:57:04.373, 1, ${V100_GPU_1_UUID}, 00000000:02:00.0, 892, 877, 30.28, 150.00, 53, 52, 0, 316, P0, Not Active, Not Active, Not Active
2026/07/20 00:57:04.455, 0, ${V100_GPU_0_UUID}, 00000000:01:00.0, 892, 877, 32.37, 150.00, 55, 54, 0, 316, P0, Not Active, Not Active, Not Active
2026/07/20 00:57:04.461, 1, ${V100_GPU_1_UUID}, 00000000:02:00.0, 892, 877, 30.28, 150.00, 53, 52, 0, 316, P0, Not Active, Not Active, Not Active
2026/07/20 00:57:04.543, 0, ${V100_GPU_0_UUID}, 00000000:01:00.0, 892, 877, 32.37, 150.00, 55, 54, 0, 316, P0, Not Active, Not Active, Not Active
2026/07/20 00:57:04.548, 1, ${V100_GPU_1_UUID}, 00000000:02:00.0, 892, 877, 30.28, 150.00, 53, 52, 0, 316, P0, Not Active, Not Active, Not Active
2026/07/20 00:57:04.658, 0, ${V100_GPU_0_UUID}, 00000000:01:00.0, 892, 877, 32.39, 150.00, 55, 54, 0, 316, P0, Not Active, Not Active, Not Active
2026/07/20 00:57:04.667, 1, ${V100_GPU_1_UUID}, 00000000:02:00.0, 892, 877, 30.30, 150.00, 53, 52, 0, 316, P0, Not Active, Not Active, Not Active
2026/07/20 00:57:04.752, 0, ${V100_GPU_0_UUID}, 00000000:01:00.0, 892, 877, 32.37, 150.00, 55, 54, 0, 316, P0, Not Active, Not Active, Not Active
2026/07/20 00:57:04.758, 1, ${V100_GPU_1_UUID}, 00000000:02:00.0, 892, 877, 29.80, 150.00, 53, 52, 0, 316, P0, Not Active, Not Active, Not Active
2026/07/20 00:57:04.844, 0, ${V100_GPU_0_UUID}, 00000000:01:00.0, 892, 877, 32.39, 150.00, 55, 54, 0, 316, P0, Not Active, Not Active, Not Active
2026/07/20 00:57:04.852, 1, ${V100_GPU_1_UUID}, 00000000:02:00.0, 892, 877, 30.30, 150.00, 53, 52, 0, 316, P0, Not Active, Not Active, Not Active
2026/07/20 00:57:04.943, 0, ${V100_GPU_0_UUID}, 00000000:01:00.0, 892, 877, 32.39, 150.00, 55, 54, 0, 316, P0, Not Active, Not Active, Not Active
2026/07/20 00:57:04.950, 1, ${V100_GPU_1_UUID}, 00000000:02:00.0, 892, 877, 30.30, 150.00, 53, 52, 0, 316, P0, Not Active, Not Active, Not Active
2026/07/20 00:57:05.051, 0, ${V100_GPU_0_UUID}, 00000000:01:00.0, 892, 877, 32.39, 150.00, 55, 54, 0, 316, P0, Not Active, Not Active, Not Active
2026/07/20 00:57:05.063, 1, ${V100_GPU_1_UUID}, 00000000:02:00.0, 892, 877, 30.30, 150.00, 53, 52, 0, 316, P0, Not Active, Not Active, Not Active
2026/07/20 00:57:05.151, 0, ${V100_GPU_0_UUID}, 00000000:01:00.0, 892, 877, 32.39, 150.00, 55, 54, 0, 316, P0, Not Active, Not Active, Not Active
2026/07/20 00:57:05.157, 1, ${V100_GPU_1_UUID}, 00000000:02:00.0, 892, 877, 30.30, 150.00, 53, 52, 0, 316, P0, Not Active, Not Active, Not Active
2026/07/20 00:57:05.242, 0, ${V100_GPU_0_UUID}, 00000000:01:00.0, 892, 877, 32.37, 150.00, 55, 54, 0, 316, P0, Not Active, Not Active, Not Active
2026/07/20 00:57:05.248, 1, ${V100_GPU_1_UUID}, 00000000:02:00.0, 892, 877, 30.28, 150.00, 53, 52, 0, 316, P0, Not Active, Not Active, Not Active
2026/07/20 00:57:05.360, 0, ${V100_GPU_0_UUID}, 00000000:01:00.0, 892, 877, 32.39, 150.00, 55, 54, 0, 316, P0, Not Active, Not Active, Not Active
2026/07/20 00:57:05.368, 1, ${V100_GPU_1_UUID}, 00000000:02:00.0, 892, 877, 30.30, 150.00, 53, 52, 0, 316, P0, Not Active, Not Active, Not Active
2026/07/20 00:57:05.451, 0, ${V100_GPU_0_UUID}, 00000000:01:00.0, 892, 877, 32.37, 150.00, 55, 54, 0, 316, P0, Not Active, Not Active, Not Active
2026/07/20 00:57:05.457, 1, ${V100_GPU_1_UUID}, 00000000:02:00.0, 892, 877, 30.28, 150.00, 53, 52, 0, 316, P0, Not Active, Not Active, Not Active
2026/07/20 00:57:05.550, 0, ${V100_GPU_0_UUID}, 00000000:01:00.0, 892, 877, 32.39, 150.00, 55, 54, 0, 316, P0, Not Active, Not Active, Not Active
2026/07/20 00:57:05.560, 1, ${V100_GPU_1_UUID}, 00000000:02:00.0, 892, 877, 30.30, 150.00, 53, 52, 0, 316, P0, Not Active, Not Active, Not Active
2026/07/20 00:57:05.648, 0, ${V100_GPU_0_UUID}, 00000000:01:00.0, 892, 877, 32.39, 150.00, 55, 54, 0, 316, P0, Not Active, Not Active, Not Active
2026/07/20 00:57:05.654, 1, ${V100_GPU_1_UUID}, 00000000:02:00.0, 892, 877, 30.30, 150.00, 53, 52, 0, 316, P0, Not Active, Not Active, Not Active
2026/07/20 00:57:05.761, 0, ${V100_GPU_0_UUID}, 00000000:01:00.0, 892, 877, 32.39, 150.00, 55, 54, 0, 316, P0, Not Active, Not Active, Not Active
2026/07/20 00:57:05.767, 1, ${V100_GPU_1_UUID}, 00000000:02:00.0, 892, 877, 30.30, 150.00, 53, 52, 0, 316, P0, Not Active, Not Active, Not Active
2026/07/20 00:57:05.850, 0, ${V100_GPU_0_UUID}, 00000000:01:00.0, 892, 877, 32.37, 150.00, 55, 54, 0, 316, P0, Not Active, Not Active, Not Active
2026/07/20 00:57:05.855, 1, ${V100_GPU_1_UUID}, 00000000:02:00.0, 892, 877, 30.28, 150.00, 53, 52, 0, 316, P0, Not Active, Not Active, Not Active
2026/07/20 00:57:05.938, 0, ${V100_GPU_0_UUID}, 00000000:01:00.0, 892, 877, 32.37, 150.00, 55, 54, 0, 316, P0, Not Active, Not Active, Not Active
2026/07/20 00:57:05.944, 1, ${V100_GPU_1_UUID}, 00000000:02:00.0, 892, 877, 30.28, 150.00, 53, 52, 0, 316, P0, Not Active, Not Active, Not Active
2026/07/20 00:57:06.026, 0, ${V100_GPU_0_UUID}, 00000000:01:00.0, 892, 877, 32.37, 150.00, 55, 54, 0, 316, P0, Not Active, Not Active, Not Active
2026/07/20 00:57:06.032, 1, ${V100_GPU_1_UUID}, 00000000:02:00.0, 892, 877, 30.30, 150.00, 53, 52, 0, 316, P0, Not Active, Not Active, Not Active
2026/07/20 00:57:06.119, 0, ${V100_GPU_0_UUID}, 00000000:01:00.0, 892, 877, 32.37, 150.00, 55, 54, 0, 316, P0, Not Active, Not Active, Not Active
2026/07/20 00:57:06.125, 1, ${V100_GPU_1_UUID}, 00000000:02:00.0, 892, 877, 30.30, 150.00, 53, 52, 0, 316, P0, Not Active, Not Active, Not Active
2026/07/20 00:57:06.207, 0, ${V100_GPU_0_UUID}, 00000000:01:00.0, 892, 877, 32.37, 150.00, 55, 54, 0, 316, P0, Not Active, Not Active, Not Active
2026/07/20 00:57:06.212, 1, ${V100_GPU_1_UUID}, 00000000:02:00.0, 892, 877, 30.28, 150.00, 53, 52, 0, 316, P0, Not Active, Not Active, Not Active
2026/07/20 00:57:06.296, 0, ${V100_GPU_0_UUID}, 00000000:01:00.0, 892, 877, 32.37, 150.00, 55, 54, 0, 316, P0, Not Active, Not Active, Not Active
2026/07/20 00:57:06.302, 1, ${V100_GPU_1_UUID}, 00000000:02:00.0, 892, 877, 30.28, 150.00, 53, 52, 0, 316, P0, Not Active, Not Active, Not Active
2026/07/20 00:57:06.387, 0, ${V100_GPU_0_UUID}, 00000000:01:00.0, 892, 877, 32.35, 150.00, 55, 54, 0, 316, P0, Not Active, Not Active, Not Active
2026/07/20 00:57:06.393, 1, ${V100_GPU_1_UUID}, 00000000:02:00.0, 892, 877, 30.28, 150.00, 53, 52, 0, 316, P0, Not Active, Not Active, Not Active
2026/07/20 00:57:06.477, 0, ${V100_GPU_0_UUID}, 00000000:01:00.0, 892, 877, 32.37, 150.00, 55, 54, 0, 316, P0, Not Active, Not Active, Not Active
2026/07/20 00:57:06.483, 1, ${V100_GPU_1_UUID}, 00000000:02:00.0, 892, 877, 29.80, 150.00, 53, 52, 0, 316, P0, Not Active, Not Active, Not Active
2026/07/20 00:57:06.565, 0, ${V100_GPU_0_UUID}, 00000000:01:00.0, 892, 877, 32.37, 150.00, 55, 54, 0, 316, P0, Not Active, Not Active, Not Active
2026/07/20 00:57:06.571, 1, ${V100_GPU_1_UUID}, 00000000:02:00.0, 892, 877, 30.28, 150.00, 53, 52, 0, 316, P0, Not Active, Not Active, Not Active
2026/07/20 00:57:06.654, 0, ${V100_GPU_0_UUID}, 00000000:01:00.0, 892, 877, 32.37, 150.00, 55, 54, 0, 316, P0, Not Active, Not Active, Not Active
2026/07/20 00:57:06.659, 1, ${V100_GPU_1_UUID}, 00000000:02:00.0, 892, 877, 30.28, 150.00, 53, 52, 0, 316, P0, Not Active, Not Active, Not Active
2026/07/20 00:57:06.746, 0, ${V100_GPU_0_UUID}, 00000000:01:00.0, 892, 877, 32.39, 150.00, 55, 54, 0, 316, P0, Not Active, Not Active, Not Active
2026/07/20 00:57:06.753, 1, ${V100_GPU_1_UUID}, 00000000:02:00.0, 892, 877, 30.30, 150.00, 53, 52, 0, 316, P0, Not Active, Not Active, Not Active
2026/07/20 00:57:06.849, 0, ${V100_GPU_0_UUID}, 00000000:01:00.0, 892, 877, 32.39, 150.00, 55, 54, 0, 316, P0, Not Active, Not Active, Not Active
2026/07/20 00:57:06.859, 1, ${V100_GPU_1_UUID}, 00000000:02:00.0, 892, 877, 30.30, 150.00, 53, 52, 0, 316, P0, Not Active, Not Active, Not Active
2026/07/20 00:57:06.945, 0, ${V100_GPU_0_UUID}, 00000000:01:00.0, 892, 877, 32.37, 150.00, 55, 54, 0, 316, P0, Not Active, Not Active, Not Active
2026/07/20 00:57:06.950, 1, ${V100_GPU_1_UUID}, 00000000:02:00.0, 892, 877, 30.28, 150.00, 53, 52, 0, 316, P0, Not Active, Not Active, Not Active
2026/07/20 00:57:07.062, 0, ${V100_GPU_0_UUID}, 00000000:01:00.0, 892, 877, 32.39, 150.00, 55, 54, 0, 316, P0, Not Active, Not Active, Not Active
2026/07/20 00:57:07.069, 1, ${V100_GPU_1_UUID}, 00000000:02:00.0, 892, 877, 30.30, 150.00, 53, 52, 0, 316, P0, Not Active, Not Active, Not Active
2026/07/20 00:57:07.153, 0, ${V100_GPU_0_UUID}, 00000000:01:00.0, 892, 877, 32.37, 150.00, 55, 54, 0, 316, P0, Not Active, Not Active, Not Active
2026/07/20 00:57:07.159, 1, ${V100_GPU_1_UUID}, 00000000:02:00.0, 892, 877, 30.28, 150.00, 53, 52, 0, 316, P0, Not Active, Not Active, Not Active
2026/07/20 00:57:07.254, 0, ${V100_GPU_0_UUID}, 00000000:01:00.0, 892, 877, 32.39, 150.00, 55, 54, 0, 316, P0, Not Active, Not Active, Not Active
2026/07/20 00:57:07.264, 1, ${V100_GPU_1_UUID}, 00000000:02:00.0, 892, 877, 29.82, 150.00, 53, 52, 0, 316, P0, Not Active, Not Active, Not Active
2026/07/20 00:57:07.353, 0, ${V100_GPU_0_UUID}, 00000000:01:00.0, 892, 877, 32.37, 150.00, 55, 54, 0, 316, P0, Not Active, Not Active, Not Active
2026/07/20 00:57:07.360, 1, ${V100_GPU_1_UUID}, 00000000:02:00.0, 892, 877, 30.30, 150.00, 53, 52, 0, 316, P0, Not Active, Not Active, Not Active
2026/07/20 00:57:07.446, 0, ${V100_GPU_0_UUID}, 00000000:01:00.0, 892, 877, 32.37, 150.00, 55, 54, 0, 316, P0, Not Active, Not Active, Not Active
2026/07/20 00:57:07.452, 1, ${V100_GPU_1_UUID}, 00000000:02:00.0, 892, 877, 30.30, 150.00, 53, 52, 0, 316, P0, Not Active, Not Active, Not Active
2026/07/20 00:57:07.538, 0, ${V100_GPU_0_UUID}, 00000000:01:00.0, 892, 877, 32.37, 150.00, 55, 54, 0, 316, P0, Not Active, Not Active, Not Active
2026/07/20 00:57:07.544, 1, ${V100_GPU_1_UUID}, 00000000:02:00.0, 892, 877, 30.30, 150.00, 53, 52, 0, 316, P0, Not Active, Not Active, Not Active
2026/07/20 00:57:07.654, 0, ${V100_GPU_0_UUID}, 00000000:01:00.0, 892, 877, 32.39, 150.00, 55, 54, 0, 316, P0, Not Active, Not Active, Not Active
2026/07/20 00:57:07.660, 1, ${V100_GPU_1_UUID}, 00000000:02:00.0, 892, 877, 30.30, 150.00, 53, 52, 0, 316, P0, Not Active, Not Active, Not Active
2026/07/20 00:57:07.748, 0, ${V100_GPU_0_UUID}, 00000000:01:00.0, 892, 877, 32.39, 150.00, 55, 54, 0, 316, P0, Not Active, Not Active, Not Active
2026/07/20 00:57:07.755, 1, ${V100_GPU_1_UUID}, 00000000:02:00.0, 892, 877, 29.82, 150.00, 53, 52, 0, 316, P0, Not Active, Not Active, Not Active
2026/07/20 00:57:07.843, 0, ${V100_GPU_0_UUID}, 00000000:01:00.0, 892, 877, 32.37, 150.00, 55, 54, 0, 316, P0, Not Active, Not Active, Not Active
2026/07/20 00:57:07.850, 1, ${V100_GPU_1_UUID}, 00000000:02:00.0, 892, 877, 30.30, 150.00, 53, 52, 0, 316, P0, Not Active, Not Active, Not Active
2026/07/20 00:57:07.937, 0, ${V100_GPU_0_UUID}, 00000000:01:00.0, 892, 877, 32.39, 150.00, 55, 54, 0, 316, P0, Not Active, Not Active, Not Active
2026/07/20 00:57:07.944, 1, ${V100_GPU_1_UUID}, 00000000:02:00.0, 892, 877, 30.30, 150.00, 53, 52, 0, 316, P0, Not Active, Not Active, Not Active
2026/07/20 00:57:08.037, 0, ${V100_GPU_0_UUID}, 00000000:01:00.0, 892, 877, 32.37, 150.00, 55, 54, 0, 316, P0, Not Active, Not Active, Not Active
2026/07/20 00:57:08.043, 1, ${V100_GPU_1_UUID}, 00000000:02:00.0, 892, 877, 29.82, 150.00, 53, 52, 0, 316, P0, Not Active, Not Active, Not Active
2026/07/20 00:57:08.129, 0, ${V100_GPU_0_UUID}, 00000000:01:00.0, 892, 877, 32.37, 150.00, 55, 54, 0, 316, P0, Not Active, Not Active, Not Active
2026/07/20 00:57:08.135, 1, ${V100_GPU_1_UUID}, 00000000:02:00.0, 892, 877, 30.28, 150.00, 53, 52, 0, 316, P0, Not Active, Not Active, Not Active
2026/07/20 00:57:08.223, 0, ${V100_GPU_0_UUID}, 00000000:01:00.0, 892, 877, 32.39, 150.00, 55, 54, 0, 316, P0, Not Active, Not Active, Not Active
2026/07/20 00:57:08.231, 1, ${V100_GPU_1_UUID}, 00000000:02:00.0, 892, 877, 30.30, 150.00, 53, 52, 0, 316, P0, Not Active, Not Active, Not Active
2026/07/20 00:57:08.347, 0, ${V100_GPU_0_UUID}, 00000000:01:00.0, 892, 877, 32.39, 150.00, 55, 54, 0, 316, P0, Not Active, Not Active, Not Active
2026/07/20 00:57:08.354, 1, ${V100_GPU_1_UUID}, 00000000:02:00.0, 892, 877, 30.30, 150.00, 53, 52, 0, 316, P0, Not Active, Not Active, Not Active
2026/07/20 00:57:08.446, 0, ${V100_GPU_0_UUID}, 00000000:01:00.0, 892, 877, 32.39, 150.00, 55, 54, 0, 316, P0, Not Active, Not Active, Not Active
2026/07/20 00:57:08.454, 1, ${V100_GPU_1_UUID}, 00000000:02:00.0, 892, 877, 30.30, 150.00, 53, 52, 0, 316, P0, Not Active, Not Active, Not Active
2026/07/20 00:57:08.570, 0, ${V100_GPU_0_UUID}, 00000000:01:00.0, 892, 877, 32.39, 150.00, 55, 54, 0, 316, P0, Not Active, Not Active, Not Active
2026/07/20 00:57:08.578, 1, ${V100_GPU_1_UUID}, 00000000:02:00.0, 892, 877, 30.30, 150.00, 53, 52, 0, 316, P0, Not Active, Not Active, Not Active
2026/07/20 00:57:08.662, 0, ${V100_GPU_0_UUID}, 00000000:01:00.0, 892, 877, 32.39, 150.00, 55, 54, 0, 316, P0, Not Active, Not Active, Not Active
2026/07/20 00:57:08.668, 1, ${V100_GPU_1_UUID}, 00000000:02:00.0, 892, 877, 30.30, 150.00, 53, 52, 0, 316, P0, Not Active, Not Active, Not Active
2026/07/20 00:57:08.753, 0, ${V100_GPU_0_UUID}, 00000000:01:00.0, 892, 877, 32.37, 150.00, 55, 54, 0, 316, P0, Not Active, Not Active, Not Active
2026/07/20 00:57:08.758, 1, ${V100_GPU_1_UUID}, 00000000:02:00.0, 892, 877, 30.28, 150.00, 53, 52, 0, 316, P0, Not Active, Not Active, Not Active
2026/07/20 00:57:08.841, 0, ${V100_GPU_0_UUID}, 00000000:01:00.0, 892, 877, 32.37, 150.00, 55, 54, 0, 316, P0, Not Active, Not Active, Not Active
2026/07/20 00:57:08.847, 1, ${V100_GPU_1_UUID}, 00000000:02:00.0, 892, 877, 30.28, 150.00, 53, 52, 0, 316, P0, Not Active, Not Active, Not Active
2026/07/20 00:57:08.930, 0, ${V100_GPU_0_UUID}, 00000000:01:00.0, 892, 877, 32.37, 150.00, 55, 54, 0, 316, P0, Not Active, Not Active, Not Active
2026/07/20 00:57:08.935, 1, ${V100_GPU_1_UUID}, 00000000:02:00.0, 892, 877, 30.30, 150.00, 53, 52, 0, 316, P0, Not Active, Not Active, Not Active
2026/07/20 00:57:09.028, 0, ${V100_GPU_0_UUID}, 00000000:01:00.0, 892, 877, 32.39, 150.00, 55, 54, 0, 316, P0, Not Active, Not Active, Not Active
2026/07/20 00:57:09.034, 1, ${V100_GPU_1_UUID}, 00000000:02:00.0, 892, 877, 30.30, 150.00, 53, 52, 0, 316, P0, Not Active, Not Active, Not Active
2026/07/20 00:57:09.119, 0, ${V100_GPU_0_UUID}, 00000000:01:00.0, 892, 877, 32.39, 150.00, 55, 54, 0, 316, P0, Not Active, Not Active, Not Active
2026/07/20 00:57:09.125, 1, ${V100_GPU_1_UUID}, 00000000:02:00.0, 892, 877, 29.82, 150.00, 53, 52, 0, 316, P0, Not Active, Not Active, Not Active
2026/07/20 00:57:09.217, 0, ${V100_GPU_0_UUID}, 00000000:01:00.0, 892, 877, 32.39, 150.00, 55, 54, 0, 316, P0, Not Active, Not Active, Not Active
2026/07/20 00:57:09.225, 1, ${V100_GPU_1_UUID}, 00000000:02:00.0, 892, 877, 29.82, 150.00, 53, 52, 0, 316, P0, Not Active, Not Active, Not Active
2026/07/20 00:57:09.311, 0, ${V100_GPU_0_UUID}, 00000000:01:00.0, 892, 877, 32.37, 150.00, 55, 54, 0, 316, P0, Not Active, Not Active, Not Active
2026/07/20 00:57:09.317, 1, ${V100_GPU_1_UUID}, 00000000:02:00.0, 892, 877, 30.28, 150.00, 53, 52, 0, 316, P0, Not Active, Not Active, Not Active
2026/07/20 00:57:09.400, 0, ${V100_GPU_0_UUID}, 00000000:01:00.0, 892, 877, 32.37, 150.00, 55, 54, 0, 316, P0, Not Active, Not Active, Not Active
2026/07/20 00:57:09.405, 1, ${V100_GPU_1_UUID}, 00000000:02:00.0, 892, 877, 30.28, 150.00, 53, 52, 0, 316, P0, Not Active, Not Active, Not Active
2026/07/20 00:57:09.489, 0, ${V100_GPU_0_UUID}, 00000000:01:00.0, 892, 877, 32.37, 150.00, 55, 54, 0, 316, P0, Not Active, Not Active, Not Active
2026/07/20 00:57:09.495, 1, ${V100_GPU_1_UUID}, 00000000:02:00.0, 892, 877, 30.30, 150.00, 53, 52, 0, 316, P0, Not Active, Not Active, Not Active
2026/07/20 00:57:09.604, 0, ${V100_GPU_0_UUID}, 00000000:01:00.0, 892, 877, 32.39, 150.00, 55, 54, 0, 316, P0, Not Active, Not Active, Not Active
2026/07/20 00:57:09.612, 1, ${V100_GPU_1_UUID}, 00000000:02:00.0, 892, 877, 30.30, 150.00, 53, 52, 0, 316, P0, Not Active, Not Active, Not Active
2026/07/20 00:57:09.726, 0, ${V100_GPU_0_UUID}, 00000000:01:00.0, 892, 877, 32.39, 150.00, 55, 54, 0, 316, P0, Not Active, Not Active, Not Active
2026/07/20 00:57:09.735, 1, ${V100_GPU_1_UUID}, 00000000:02:00.0, 892, 877, 30.30, 150.00, 53, 52, 0, 316, P0, Not Active, Not Active, Not Active
2026/07/20 00:57:09.837, 0, ${V100_GPU_0_UUID}, 00000000:01:00.0, 892, 877, 32.39, 150.00, 55, 54, 0, 316, P0, Not Active, Not Active, Not Active
2026/07/20 00:57:09.850, 1, ${V100_GPU_1_UUID}, 00000000:02:00.0, 892, 877, 30.30, 150.00, 53, 52, 0, 316, P0, Not Active, Not Active, Not Active
2026/07/20 00:57:09.962, 0, ${V100_GPU_0_UUID}, 00000000:01:00.0, 892, 877, 32.39, 150.00, 55, 54, 0, 316, P0, Not Active, Not Active, Not Active
2026/07/20 00:57:09.975, 1, ${V100_GPU_1_UUID}, 00000000:02:00.0, 892, 877, 30.30, 150.00, 53, 52, 0, 316, P0, Not Active, Not Active, Not Active
2026/07/20 00:57:10.091, 0, ${V100_GPU_0_UUID}, 00000000:01:00.0, 892, 877, 32.39, 150.00, 55, 54, 0, 316, P0, Not Active, Not Active, Not Active
2026/07/20 00:57:10.099, 1, ${V100_GPU_1_UUID}, 00000000:02:00.0, 892, 877, 30.30, 150.00, 53, 52, 0, 316, P0, Not Active, Not Active, Not Active
2026/07/20 00:57:10.201, 0, ${V100_GPU_0_UUID}, 00000000:01:00.0, 892, 877, 32.39, 150.00, 55, 54, 0, 316, P0, Not Active, Not Active, Not Active
2026/07/20 00:57:10.215, 1, ${V100_GPU_1_UUID}, 00000000:02:00.0, 892, 877, 29.82, 150.00, 53, 52, 0, 316, P0, Not Active, Not Active, Not Active
2026/07/20 00:57:10.337, 0, ${V100_GPU_0_UUID}, 00000000:01:00.0, 892, 877, 32.39, 150.00, 55, 54, 0, 316, P0, Not Active, Not Active, Not Active
2026/07/20 00:57:10.345, 1, ${V100_GPU_1_UUID}, 00000000:02:00.0, 892, 877, 29.82, 150.00, 53, 52, 0, 316, P0, Not Active, Not Active, Not Active
2026/07/20 00:57:10.439, 0, ${V100_GPU_0_UUID}, 00000000:01:00.0, 892, 877, 32.39, 150.00, 55, 54, 0, 316, P0, Not Active, Not Active, Not Active
2026/07/20 00:57:10.449, 1, ${V100_GPU_1_UUID}, 00000000:02:00.0, 892, 877, 30.30, 150.00, 53, 52, 0, 316, P0, Not Active, Not Active, Not Active
2026/07/20 00:57:10.567, 0, ${V100_GPU_0_UUID}, 00000000:01:00.0, 892, 877, 32.39, 150.00, 55, 54, 0, 316, P0, Not Active, Not Active, Not Active
2026/07/20 00:57:10.575, 1, ${V100_GPU_1_UUID}, 00000000:02:00.0, 892, 877, 29.82, 150.00, 53, 52, 0, 316, P0, Not Active, Not Active, Not Active
2026/07/20 00:57:10.670, 0, ${V100_GPU_0_UUID}, 00000000:01:00.0, 892, 877, 32.39, 150.00, 55, 54, 0, 316, P0, Not Active, Not Active, Not Active
2026/07/20 00:57:10.679, 1, ${V100_GPU_1_UUID}, 00000000:02:00.0, 892, 877, 30.30, 150.00, 53, 52, 0, 316, P0, Not Active, Not Active, Not Active
2026/07/20 00:57:10.788, 0, ${V100_GPU_0_UUID}, 00000000:01:00.0, 892, 877, 32.39, 150.00, 55, 54, 0, 316, P0, Not Active, Not Active, Not Active
2026/07/20 00:57:10.800, 1, ${V100_GPU_1_UUID}, 00000000:02:00.0, 892, 877, 30.30, 150.00, 53, 52, 0, 316, P0, Not Active, Not Active, Not Active
2026/07/20 00:57:10.908, 0, ${V100_GPU_0_UUID}, 00000000:01:00.0, 892, 877, 32.39, 150.00, 55, 54, 0, 316, P0, Not Active, Not Active, Not Active
2026/07/20 00:57:10.921, 1, ${V100_GPU_1_UUID}, 00000000:02:00.0, 892, 877, 30.30, 150.00, 53, 52, 0, 316, P0, Not Active, Not Active, Not Active
2026/07/20 00:57:11.021, 0, ${V100_GPU_0_UUID}, 00000000:01:00.0, 892, 877, 32.39, 150.00, 55, 54, 0, 316, P0, Not Active, Not Active, Not Active
2026/07/20 00:57:11.031, 1, ${V100_GPU_1_UUID}, 00000000:02:00.0, 892, 877, 30.30, 150.00, 53, 52, 0, 316, P0, Not Active, Not Active, Not Active
2026/07/20 00:57:11.124, 0, ${V100_GPU_0_UUID}, 00000000:01:00.0, 892, 877, 32.39, 150.00, 55, 54, 0, 316, P0, Not Active, Not Active, Not Active
2026/07/20 00:57:11.133, 1, ${V100_GPU_1_UUID}, 00000000:02:00.0, 892, 877, 30.30, 150.00, 53, 52, 0, 316, P0, Not Active, Not Active, Not Active
2026/07/20 00:57:11.250, 0, ${V100_GPU_0_UUID}, 00000000:01:00.0, 892, 877, 32.39, 150.00, 55, 54, 0, 316, P0, Not Active, Not Active, Not Active
2026/07/20 00:57:11.258, 1, ${V100_GPU_1_UUID}, 00000000:02:00.0, 892, 877, 30.30, 150.00, 53, 52, 0, 316, P0, Not Active, Not Active, Not Active
2026/07/20 00:57:11.356, 0, ${V100_GPU_0_UUID}, 00000000:01:00.0, 892, 877, 32.39, 150.00, 55, 54, 0, 316, P0, Not Active, Not Active, Not Active
2026/07/20 00:57:11.367, 1, ${V100_GPU_1_UUID}, 00000000:02:00.0, 892, 877, 29.82, 150.00, 53, 52, 0, 316, P0, Not Active, Not Active, Not Active
2026/07/20 00:57:11.465, 0, ${V100_GPU_0_UUID}, 00000000:01:00.0, 892, 877, 32.39, 150.00, 55, 54, 0, 316, P0, Not Active, Not Active, Not Active
2026/07/20 00:57:11.474, 1, ${V100_GPU_1_UUID}, 00000000:02:00.0, 892, 877, 29.82, 150.00, 53, 52, 0, 316, P0, Not Active, Not Active, Not Active
2026/07/20 00:57:11.590, 0, ${V100_GPU_0_UUID}, 00000000:01:00.0, 892, 877, 32.39, 150.00, 55, 54, 0, 316, P0, Not Active, Not Active, Not Active
2026/07/20 00:57:11.598, 1, ${V100_GPU_1_UUID}, 00000000:02:00.0, 892, 877, 30.30, 150.00, 53, 52, 0, 316, P0, Not Active, Not Active, Not Active
2026/07/20 00:57:11.697, 0, ${V100_GPU_0_UUID}, 00000000:01:00.0, 892, 877, 32.39, 150.00, 55, 54, 0, 316, P0, Not Active, Not Active, Not Active
2026/07/20 00:57:11.708, 1, ${V100_GPU_1_UUID}, 00000000:02:00.0, 892, 877, 30.30, 150.00, 53, 52, 0, 316, P0, Not Active, Not Active, Not Active
2026/07/20 00:57:11.820, 0, ${V100_GPU_0_UUID}, 00000000:01:00.0, 892, 877, 32.39, 150.00, 55, 54, 0, 316, P0, Not Active, Not Active, Not Active
2026/07/20 00:57:11.831, 1, ${V100_GPU_1_UUID}, 00000000:02:00.0, 892, 877, 30.30, 150.00, 53, 52, 0, 316, P0, Not Active, Not Active, Not Active
2026/07/20 00:57:11.939, 0, ${V100_GPU_0_UUID}, 00000000:01:00.0, 892, 877, 32.39, 150.00, 55, 54, 0, 316, P0, Not Active, Not Active, Not Active
2026/07/20 00:57:11.949, 1, ${V100_GPU_1_UUID}, 00000000:02:00.0, 892, 877, 30.30, 150.00, 53, 52, 0, 316, P0, Not Active, Not Active, Not Active
2026/07/20 00:57:12.058, 0, ${V100_GPU_0_UUID}, 00000000:01:00.0, 892, 877, 32.39, 150.00, 55, 54, 0, 316, P0, Not Active, Not Active, Not Active
2026/07/20 00:57:12.070, 1, ${V100_GPU_1_UUID}, 00000000:02:00.0, 892, 877, 30.30, 150.00, 53, 52, 0, 316, P0, Not Active, Not Active, Not Active
2026/07/20 00:57:12.180, 0, ${V100_GPU_0_UUID}, 00000000:01:00.0, 892, 877, 32.39, 150.00, 55, 54, 0, 316, P0, Not Active, Not Active, Not Active
2026/07/20 00:57:12.189, 1, ${V100_GPU_1_UUID}, 00000000:02:00.0, 892, 877, 30.30, 150.00, 53, 52, 0, 316, P0, Not Active, Not Active, Not Active
2026/07/20 00:57:12.302, 0, ${V100_GPU_0_UUID}, 00000000:01:00.0, 892, 877, 32.39, 150.00, 55, 54, 0, 316, P0, Not Active, Not Active, Not Active
2026/07/20 00:57:12.311, 1, ${V100_GPU_1_UUID}, 00000000:02:00.0, 892, 877, 30.30, 150.00, 53, 52, 0, 316, P0, Not Active, Not Active, Not Active
2026/07/20 00:57:12.405, 0, ${V100_GPU_0_UUID}, 00000000:01:00.0, 892, 877, 32.39, 150.00, 55, 54, 0, 316, P0, Not Active, Not Active, Not Active
2026/07/20 00:57:12.414, 1, ${V100_GPU_1_UUID}, 00000000:02:00.0, 892, 877, 29.82, 150.00, 53, 52, 0, 316, P0, Not Active, Not Active, Not Active
2026/07/20 00:57:12.507, 0, ${V100_GPU_0_UUID}, 00000000:01:00.0, 892, 877, 32.39, 150.00, 55, 54, 0, 316, P0, Not Active, Not Active, Not Active
2026/07/20 00:57:12.512, 1, ${V100_GPU_1_UUID}, 00000000:02:00.0, 892, 877, 30.30, 150.00, 53, 52, 0, 316, P0, Not Active, Not Active, Not Active
2026/07/20 00:57:12.621, 0, ${V100_GPU_0_UUID}, 00000000:01:00.0, 892, 877, 32.39, 150.00, 55, 54, 0, 316, P0, Not Active, Not Active, Not Active
2026/07/20 00:57:12.635, 1, ${V100_GPU_1_UUID}, 00000000:02:00.0, 892, 877, 30.30, 150.00, 53, 52, 0, 316, P0, Not Active, Not Active, Not Active
2026/07/20 00:57:12.741, 0, ${V100_GPU_0_UUID}, 00000000:01:00.0, 892, 877, 32.39, 150.00, 55, 54, 0, 316, P0, Not Active, Not Active, Not Active
2026/07/20 00:57:12.754, 1, ${V100_GPU_1_UUID}, 00000000:02:00.0, 892, 877, 30.30, 150.00, 53, 52, 0, 316, P0, Not Active, Not Active, Not Active
2026/07/20 00:57:12.854, 0, ${V100_GPU_0_UUID}, 00000000:01:00.0, 892, 877, 32.37, 150.00, 55, 54, 0, 316, P0, Not Active, Not Active, Not Active
2026/07/20 00:57:12.860, 1, ${V100_GPU_1_UUID}, 00000000:02:00.0, 892, 877, 30.28, 150.00, 53, 52, 0, 316, P0, Not Active, Not Active, Not Active
2026/07/20 00:57:12.943, 0, ${V100_GPU_0_UUID}, 00000000:01:00.0, 892, 877, 32.37, 150.00, 55, 54, 0, 316, P0, Not Active, Not Active, Not Active
2026/07/20 00:57:12.948, 1, ${V100_GPU_1_UUID}, 00000000:02:00.0, 892, 877, 30.28, 150.00, 53, 52, 0, 316, P0, Not Active, Not Active, Not Active
2026/07/20 00:57:13.031, 0, ${V100_GPU_0_UUID}, 00000000:01:00.0, 892, 877, 32.37, 150.00, 55, 54, 0, 316, P0, Not Active, Not Active, Not Active
2026/07/20 00:57:13.040, 1, ${V100_GPU_1_UUID}, 00000000:02:00.0, 892, 877, 30.28, 150.00, 53, 52, 0, 316, P0, Not Active, Not Active, Not Active
2026/07/20 00:57:13.122, 0, ${V100_GPU_0_UUID}, 00000000:01:00.0, 892, 877, 32.37, 150.00, 55, 54, 0, 316, P0, Not Active, Not Active, Not Active
2026/07/20 00:57:13.127, 1, ${V100_GPU_1_UUID}, 00000000:02:00.0, 892, 877, 30.28, 150.00, 53, 52, 0, 316, P0, Not Active, Not Active, Not Active
2026/07/20 00:57:13.209, 0, ${V100_GPU_0_UUID}, 00000000:01:00.0, 892, 877, 32.35, 150.00, 55, 54, 0, 316, P0, Not Active, Not Active, Not Active
2026/07/20 00:57:13.215, 1, ${V100_GPU_1_UUID}, 00000000:02:00.0, 892, 877, 30.28, 150.00, 53, 52, 0, 316, P0, Not Active, Not Active, Not Active
2026/07/20 00:57:13.299, 0, ${V100_GPU_0_UUID}, 00000000:01:00.0, 892, 877, 32.37, 150.00, 55, 54, 0, 316, P0, Not Active, Not Active, Not Active
2026/07/20 00:57:13.305, 1, ${V100_GPU_1_UUID}, 00000000:02:00.0, 892, 877, 30.28, 150.00, 53, 52, 0, 316, P0, Not Active, Not Active, Not Active
2026/07/20 00:57:13.387, 0, ${V100_GPU_0_UUID}, 00000000:01:00.0, 892, 877, 32.37, 150.00, 55, 54, 0, 316, P0, Not Active, Not Active, Not Active
2026/07/20 00:57:13.393, 1, ${V100_GPU_1_UUID}, 00000000:02:00.0, 892, 877, 30.28, 150.00, 53, 52, 0, 316, P0, Not Active, Not Active, Not Active
2026/07/20 00:57:13.475, 0, ${V100_GPU_0_UUID}, 00000000:01:00.0, 892, 877, 32.37, 150.00, 55, 54, 0, 316, P0, Not Active, Not Active, Not Active
2026/07/20 00:57:13.481, 1, ${V100_GPU_1_UUID}, 00000000:02:00.0, 892, 877, 30.28, 150.00, 53, 52, 0, 316, P0, Not Active, Not Active, Not Active
2026/07/20 00:57:13.563, 0, ${V100_GPU_0_UUID}, 00000000:01:00.0, 892, 877, 32.37, 150.00, 55, 54, 0, 316, P0, Not Active, Not Active, Not Active
2026/07/20 00:57:13.569, 1, ${V100_GPU_1_UUID}, 00000000:02:00.0, 892, 877, 29.80, 150.00, 53, 52, 0, 316, P0, Not Active, Not Active, Not Active
2026/07/20 00:57:13.651, 0, ${V100_GPU_0_UUID}, 00000000:01:00.0, 892, 877, 32.35, 150.00, 55, 54, 0, 316, P0, Not Active, Not Active, Not Active
2026/07/20 00:57:13.657, 1, ${V100_GPU_1_UUID}, 00000000:02:00.0, 892, 877, 30.28, 150.00, 53, 52, 0, 316, P0, Not Active, Not Active, Not Active
2026/07/20 00:57:13.739, 0, ${V100_GPU_0_UUID}, 00000000:01:00.0, 892, 877, 32.37, 150.00, 55, 54, 0, 316, P0, Not Active, Not Active, Not Active
2026/07/20 00:57:13.747, 1, ${V100_GPU_1_UUID}, 00000000:02:00.0, 892, 877, 30.28, 150.00, 53, 52, 0, 316, P0, Not Active, Not Active, Not Active
2026/07/20 00:57:13.830, 0, ${V100_GPU_0_UUID}, 00000000:01:00.0, 892, 877, 32.37, 150.00, 55, 54, 0, 316, P0, Not Active, Not Active, Not Active
2026/07/20 00:57:13.835, 1, ${V100_GPU_1_UUID}, 00000000:02:00.0, 892, 877, 30.28, 150.00, 53, 52, 0, 316, P0, Not Active, Not Active, Not Active
2026/07/20 00:57:13.918, 0, ${V100_GPU_0_UUID}, 00000000:01:00.0, 892, 877, 32.39, 150.00, 55, 54, 0, 316, P0, Not Active, Not Active, Not Active
2026/07/20 00:57:13.924, 1, ${V100_GPU_1_UUID}, 00000000:02:00.0, 892, 877, 30.30, 150.00, 53, 52, 0, 316, P0, Not Active, Not Active, Not Active
2026/07/20 00:57:14.006, 0, ${V100_GPU_0_UUID}, 00000000:01:00.0, 892, 877, 32.39, 150.00, 55, 54, 0, 316, P0, Not Active, Not Active, Not Active
2026/07/20 00:57:14.012, 1, ${V100_GPU_1_UUID}, 00000000:02:00.0, 892, 877, 29.82, 150.00, 53, 52, 0, 316, P0, Not Active, Not Active, Not Active
2026/07/20 00:57:14.111, 0, ${V100_GPU_0_UUID}, 00000000:01:00.0, 892, 877, 32.39, 150.00, 55, 54, 0, 316, P0, Not Active, Not Active, Not Active
2026/07/20 00:57:14.122, 1, ${V100_GPU_1_UUID}, 00000000:02:00.0, 892, 877, 29.82, 150.00, 53, 52, 0, 316, P0, Not Active, Not Active, Not Active
2026/07/20 00:57:14.235, 0, ${V100_GPU_0_UUID}, 00000000:01:00.0, 892, 877, 32.39, 150.00, 55, 54, 0, 316, P0, Not Active, Not Active, Not Active
2026/07/20 00:57:14.243, 1, ${V100_GPU_1_UUID}, 00000000:02:00.0, 892, 877, 29.82, 150.00, 53, 52, 0, 316, P0, Not Active, Not Active, Not Active
2026/07/20 00:57:14.348, 0, ${V100_GPU_0_UUID}, 00000000:01:00.0, 892, 877, 32.39, 150.00, 55, 54, 0, 316, P0, Not Active, Not Active, Not Active
2026/07/20 00:57:14.361, 1, ${V100_GPU_1_UUID}, 00000000:02:00.0, 892, 877, 30.30, 150.00, 53, 52, 0, 316, P0, Not Active, Not Active, Not Active
2026/07/20 00:57:14.469, 0, ${V100_GPU_0_UUID}, 00000000:01:00.0, 892, 877, 32.39, 150.00, 55, 54, 0, 316, P0, Not Active, Not Active, Not Active
2026/07/20 00:57:14.477, 1, ${V100_GPU_1_UUID}, 00000000:02:00.0, 892, 877, 30.30, 150.00, 53, 52, 0, 316, P0, Not Active, Not Active, Not Active
2026/07/20 00:57:14.564, 0, ${V100_GPU_0_UUID}, 00000000:01:00.0, 892, 877, 32.39, 150.00, 55, 54, 0, 316, P0, Not Active, Not Active, Not Active
2026/07/20 00:57:14.571, 1, ${V100_GPU_1_UUID}, 00000000:02:00.0, 892, 877, 30.30, 150.00, 53, 52, 0, 316, P0, Not Active, Not Active, Not Active
2026/07/20 00:57:14.685, 0, ${V100_GPU_0_UUID}, 00000000:01:00.0, 892, 877, 32.39, 150.00, 55, 54, 0, 316, P0, Not Active, Not Active, Not Active
2026/07/20 00:57:14.693, 1, ${V100_GPU_1_UUID}, 00000000:02:00.0, 892, 877, 30.30, 150.00, 53, 52, 0, 316, P0, Not Active, Not Active, Not Active
2026/07/20 00:57:14.784, 0, ${V100_GPU_0_UUID}, 00000000:01:00.0, 892, 877, 32.37, 150.00, 55, 54, 0, 316, P0, Not Active, Not Active, Not Active
2026/07/20 00:57:14.790, 1, ${V100_GPU_1_UUID}, 00000000:02:00.0, 892, 877, 30.30, 150.00, 53, 52, 0, 316, P0, Not Active, Not Active, Not Active
2026/07/20 00:57:14.888, 0, ${V100_GPU_0_UUID}, 00000000:01:00.0, 892, 877, 32.39, 150.00, 55, 54, 0, 316, P0, Not Active, Not Active, Not Active
2026/07/20 00:57:14.899, 1, ${V100_GPU_1_UUID}, 00000000:02:00.0, 892, 877, 30.30, 150.00, 53, 52, 0, 316, P0, Not Active, Not Active, Not Active
2026/07/20 00:57:15.016, 0, ${V100_GPU_0_UUID}, 00000000:01:00.0, 892, 877, 32.39, 150.00, 55, 54, 0, 316, P0, Not Active, Not Active, Not Active
2026/07/20 00:57:15.025, 1, ${V100_GPU_1_UUID}, 00000000:02:00.0, 892, 877, 30.30, 150.00, 53, 52, 0, 316, P0, Not Active, Not Active, Not Active
2026/07/20 00:57:15.132, 0, ${V100_GPU_0_UUID}, 00000000:01:00.0, 892, 877, 32.39, 150.00, 55, 54, 0, 316, P0, Not Active, Not Active, Not Active
2026/07/20 00:57:15.143, 1, ${V100_GPU_1_UUID}, 00000000:02:00.0, 892, 877, 29.82, 150.00, 53, 52, 0, 316, P0, Not Active, Not Active, Not Active
2026/07/20 00:57:15.249, 0, ${V100_GPU_0_UUID}, 00000000:01:00.0, 892, 877, 32.39, 150.00, 55, 54, 0, 316, P0, Not Active, Not Active, Not Active
2026/07/20 00:57:15.261, 1, ${V100_GPU_1_UUID}, 00000000:02:00.0, 892, 877, 30.30, 150.00, 53, 52, 0, 316, P0, Not Active, Not Active, Not Active
2026/07/20 00:57:15.370, 0, ${V100_GPU_0_UUID}, 00000000:01:00.0, 892, 877, 32.39, 150.00, 55, 54, 0, 316, P0, Not Active, Not Active, Not Active
2026/07/20 00:57:15.379, 1, ${V100_GPU_1_UUID}, 00000000:02:00.0, 892, 877, 30.30, 150.00, 53, 52, 0, 316, P0, Not Active, Not Active, Not Active
2026/07/20 00:57:15.489, 0, ${V100_GPU_0_UUID}, 00000000:01:00.0, 892, 877, 32.39, 150.00, 55, 54, 0, 316, P0, Not Active, Not Active, Not Active
2026/07/20 00:57:15.499, 1, ${V100_GPU_1_UUID}, 00000000:02:00.0, 892, 877, 30.30, 150.00, 53, 52, 0, 316, P0, Not Active, Not Active, Not Active
2026/07/20 00:57:15.615, 0, ${V100_GPU_0_UUID}, 00000000:01:00.0, 892, 877, 32.39, 150.00, 55, 54, 0, 316, P0, Not Active, Not Active, Not Active
2026/07/20 00:57:15.623, 1, ${V100_GPU_1_UUID}, 00000000:02:00.0, 892, 877, 29.82, 150.00, 53, 52, 0, 316, P0, Not Active, Not Active, Not Active
2026/07/20 00:57:15.722, 0, ${V100_GPU_0_UUID}, 00000000:01:00.0, 892, 877, 32.39, 150.00, 55, 54, 0, 316, P0, Not Active, Not Active, Not Active
2026/07/20 00:57:15.733, 1, ${V100_GPU_1_UUID}, 00000000:02:00.0, 892, 877, 29.82, 150.00, 53, 52, 0, 316, P0, Not Active, Not Active, Not Active
2026/07/20 00:57:15.845, 0, ${V100_GPU_0_UUID}, 00000000:01:00.0, 892, 877, 32.39, 150.00, 55, 54, 0, 316, P0, Not Active, Not Active, Not Active
2026/07/20 00:57:15.856, 1, ${V100_GPU_1_UUID}, 00000000:02:00.0, 892, 877, 30.30, 150.00, 53, 52, 0, 316, P0, Not Active, Not Active, Not Active
2026/07/20 00:57:15.964, 0, ${V100_GPU_0_UUID}, 00000000:01:00.0, 892, 877, 32.39, 150.00, 55, 54, 0, 316, P0, Not Active, Not Active, Not Active
2026/07/20 00:57:15.975, 1, ${V100_GPU_1_UUID}, 00000000:02:00.0, 892, 877, 29.82, 150.00, 53, 52, 0, 316, P0, Not Active, Not Active, Not Active
2026/07/20 00:57:16.084, 0, ${V100_GPU_0_UUID}, 00000000:01:00.0, 892, 877, 32.39, 150.00, 55, 54, 0, 316, P0, Not Active, Not Active, Not Active
2026/07/20 00:57:16.093, 1, ${V100_GPU_1_UUID}, 00000000:02:00.0, 892, 877, 29.82, 150.00, 53, 52, 0, 316, P0, Not Active, Not Active, Not Active
2026/07/20 00:57:16.211, 0, ${V100_GPU_0_UUID}, 00000000:01:00.0, 892, 877, 32.39, 150.00, 55, 54, 0, 316, P0, Not Active, Not Active, Not Active
2026/07/20 00:57:16.219, 1, ${V100_GPU_1_UUID}, 00000000:02:00.0, 892, 877, 30.30, 150.00, 53, 52, 0, 316, P0, Not Active, Not Active, Not Active
2026/07/20 00:57:16.315, 0, ${V100_GPU_0_UUID}, 00000000:01:00.0, 892, 877, 32.37, 150.00, 55, 54, 0, 316, P0, Not Active, Not Active, Not Active
2026/07/20 00:57:16.320, 1, ${V100_GPU_1_UUID}, 00000000:02:00.0, 892, 877, 30.30, 150.00, 53, 52, 0, 316, P0, Not Active, Not Active, Not Active
2026/07/20 00:57:16.424, 0, ${V100_GPU_0_UUID}, 00000000:01:00.0, 892, 877, 32.39, 150.00, 55, 54, 0, 316, P0, Not Active, Not Active, Not Active
2026/07/20 00:57:16.435, 1, ${V100_GPU_1_UUID}, 00000000:02:00.0, 892, 877, 30.30, 150.00, 53, 52, 0, 316, P0, Not Active, Not Active, Not Active
2026/07/20 00:57:16.538, 0, ${V100_GPU_0_UUID}, 00000000:01:00.0, 892, 877, 32.39, 150.00, 55, 54, 0, 316, P0, Not Active, Not Active, Not Active
2026/07/20 00:57:16.549, 1, ${V100_GPU_1_UUID}, 00000000:02:00.0, 892, 877, 30.30, 150.00, 53, 52, 0, 316, P0, Not Active, Not Active, Not Active
2026/07/20 00:57:16.670, 0, ${V100_GPU_0_UUID}, 00000000:01:00.0, 892, 877, 32.39, 150.00, 55, 54, 0, 316, P0, Not Active, Not Active, Not Active
2026/07/20 00:57:16.681, 1, ${V100_GPU_1_UUID}, 00000000:02:00.0, 892, 877, 30.30, 150.00, 53, 52, 0, 316, P0, Not Active, Not Active, Not Active
2026/07/20 00:57:16.804, 0, ${V100_GPU_0_UUID}, 00000000:01:00.0, 892, 877, 32.39, 150.00, 55, 54, 0, 316, P0, Not Active, Not Active, Not Active
2026/07/20 00:57:16.815, 1, ${V100_GPU_1_UUID}, 00000000:02:00.0, 892, 877, 30.30, 150.00, 53, 52, 0, 316, P0, Not Active, Not Active, Not Active
2026/07/20 00:57:16.936, 0, ${V100_GPU_0_UUID}, 00000000:01:00.0, 892, 877, 32.39, 150.00, 55, 54, 0, 316, P0, Not Active, Not Active, Not Active
2026/07/20 00:57:16.944, 1, ${V100_GPU_1_UUID}, 00000000:02:00.0, 892, 877, 30.30, 150.00, 53, 52, 0, 316, P0, Not Active, Not Active, Not Active
2026/07/20 00:57:17.039, 0, ${V100_GPU_0_UUID}, 00000000:01:00.0, 892, 877, 32.39, 150.00, 55, 54, 0, 316, P0, Not Active, Not Active, Not Active
2026/07/20 00:57:17.048, 1, ${V100_GPU_1_UUID}, 00000000:02:00.0, 892, 877, 30.30, 150.00, 53, 52, 0, 316, P0, Not Active, Not Active, Not Active
2026/07/20 00:57:17.163, 0, ${V100_GPU_0_UUID}, 00000000:01:00.0, 892, 877, 32.39, 150.00, 55, 54, 0, 316, P0, Not Active, Not Active, Not Active
2026/07/20 00:57:17.171, 1, ${V100_GPU_1_UUID}, 00000000:02:00.0, 892, 877, 30.30, 150.00, 53, 52, 0, 316, P0, Not Active, Not Active, Not Active
2026/07/20 00:57:17.266, 0, ${V100_GPU_0_UUID}, 00000000:01:00.0, 892, 877, 32.39, 150.00, 55, 54, 0, 316, P0, Not Active, Not Active, Not Active
2026/07/20 00:57:17.275, 1, ${V100_GPU_1_UUID}, 00000000:02:00.0, 892, 877, 29.82, 150.00, 53, 52, 0, 316, P0, Not Active, Not Active, Not Active
2026/07/20 00:57:17.392, 0, ${V100_GPU_0_UUID}, 00000000:01:00.0, 892, 877, 32.39, 150.00, 55, 54, 0, 316, P0, Not Active, Not Active, Not Active
2026/07/20 00:57:17.400, 1, ${V100_GPU_1_UUID}, 00000000:02:00.0, 892, 877, 30.30, 150.00, 53, 52, 0, 316, P0, Not Active, Not Active, Not Active
2026/07/20 00:57:17.485, 0, ${V100_GPU_0_UUID}, 00000000:01:00.0, 892, 877, 32.39, 150.00, 55, 54, 0, 316, P0, Not Active, Not Active, Not Active
2026/07/20 00:57:17.491, 1, ${V100_GPU_1_UUID}, 00000000:02:00.0, 892, 877, 30.30, 150.00, 53, 52, 0, 316, P0, Not Active, Not Active, Not Active
2026/07/20 00:57:17.606, 0, ${V100_GPU_0_UUID}, 00000000:01:00.0, 892, 877, 32.39, 150.00, 55, 54, 0, 316, P0, Not Active, Not Active, Not Active
2026/07/20 00:57:17.613, 1, ${V100_GPU_1_UUID}, 00000000:02:00.0, 892, 877, 30.30, 150.00, 53, 52, 0, 316, P0, Not Active, Not Active, Not Active
2026/07/20 00:57:17.710, 0, ${V100_GPU_0_UUID}, 00000000:01:00.0, 892, 877, 32.39, 150.00, 55, 54, 0, 316, P0, Not Active, Not Active, Not Active
2026/07/20 00:57:17.721, 1, ${V100_GPU_1_UUID}, 00000000:02:00.0, 892, 877, 30.30, 150.00, 53, 52, 0, 316, P0, Not Active, Not Active, Not Active
2026/07/20 00:57:17.817, 0, ${V100_GPU_0_UUID}, 00000000:01:00.0, 892, 877, 32.39, 150.00, 55, 54, 0, 316, P0, Not Active, Not Active, Not Active
2026/07/20 00:57:17.826, 1, ${V100_GPU_1_UUID}, 00000000:02:00.0, 892, 877, 29.82, 150.00, 53, 52, 0, 316, P0, Not Active, Not Active, Not Active
2026/07/20 00:57:17.945, 0, ${V100_GPU_0_UUID}, 00000000:01:00.0, 892, 877, 32.39, 150.00, 55, 54, 0, 316, P0, Not Active, Not Active, Not Active
2026/07/20 00:57:17.952, 1, ${V100_GPU_1_UUID}, 00000000:02:00.0, 892, 877, 29.82, 150.00, 53, 52, 0, 316, P0, Not Active, Not Active, Not Active
2026/07/20 00:57:18.053, 0, ${V100_GPU_0_UUID}, 00000000:01:00.0, 892, 877, 32.37, 150.00, 55, 54, 0, 316, P0, Not Active, Not Active, Not Active
2026/07/20 00:57:18.059, 1, ${V100_GPU_1_UUID}, 00000000:02:00.0, 892, 877, 30.28, 150.00, 53, 52, 0, 316, P0, Not Active, Not Active, Not Active
2026/07/20 00:57:18.151, 0, ${V100_GPU_0_UUID}, 00000000:01:00.0, 892, 877, 32.39, 150.00, 55, 54, 0, 316, P0, Not Active, Not Active, Not Active
2026/07/20 00:57:18.161, 1, ${V100_GPU_1_UUID}, 00000000:02:00.0, 892, 877, 29.82, 150.00, 53, 52, 0, 316, P0, Not Active, Not Active, Not Active
2026/07/20 00:57:18.277, 0, ${V100_GPU_0_UUID}, 00000000:01:00.0, 892, 877, 32.39, 150.00, 55, 54, 0, 316, P0, Not Active, Not Active, Not Active
2026/07/20 00:57:18.285, 1, ${V100_GPU_1_UUID}, 00000000:02:00.0, 892, 877, 30.30, 150.00, 53, 52, 0, 316, P0, Not Active, Not Active, Not Active
2026/07/20 00:57:18.368, 0, ${V100_GPU_0_UUID}, 00000000:01:00.0, 892, 877, 32.37, 150.00, 55, 54, 0, 316, P0, Not Active, Not Active, Not Active
2026/07/20 00:57:18.374, 1, ${V100_GPU_1_UUID}, 00000000:02:00.0, 892, 877, 30.30, 150.00, 53, 52, 0, 316, P0, Not Active, Not Active, Not Active
2026/07/20 00:57:18.486, 0, ${V100_GPU_0_UUID}, 00000000:01:00.0, 892, 877, 32.39, 150.00, 55, 54, 0, 316, P0, Not Active, Not Active, Not Active
2026/07/20 00:57:18.494, 1, ${V100_GPU_1_UUID}, 00000000:02:00.0, 892, 877, 29.82, 150.00, 53, 52, 0, 316, P0, Not Active, Not Active, Not Active
2026/07/20 00:57:18.590, 0, ${V100_GPU_0_UUID}, 00000000:01:00.0, 892, 877, 32.39, 150.00, 55, 54, 0, 316, P0, Not Active, Not Active, Not Active
2026/07/20 00:57:18.601, 1, ${V100_GPU_1_UUID}, 00000000:02:00.0, 892, 877, 30.30, 150.00, 53, 52, 0, 316, P0, Not Active, Not Active, Not Active
2026/07/20 00:57:18.721, 0, ${V100_GPU_0_UUID}, 00000000:01:00.0, 892, 877, 32.39, 150.00, 55, 54, 0, 316, P0, Not Active, Not Active, Not Active
2026/07/20 00:57:18.728, 1, ${V100_GPU_1_UUID}, 00000000:02:00.0, 892, 877, 30.30, 150.00, 53, 52, 0, 316, P0, Not Active, Not Active, Not Active
2026/07/20 00:57:18.825, 0, ${V100_GPU_0_UUID}, 00000000:01:00.0, 892, 877, 32.39, 150.00, 55, 54, 0, 316, P0, Not Active, Not Active, Not Active
2026/07/20 00:57:18.836, 1, ${V100_GPU_1_UUID}, 00000000:02:00.0, 892, 877, 29.82, 150.00, 53, 52, 0, 316, P0, Not Active, Not Active, Not Active
2026/07/20 00:57:18.951, 0, ${V100_GPU_0_UUID}, 00000000:01:00.0, 892, 877, 32.39, 150.00, 55, 54, 0, 316, P0, Not Active, Not Active, Not Active
2026/07/20 00:57:18.961, 1, ${V100_GPU_1_UUID}, 00000000:02:00.0, 892, 877, 30.30, 150.00, 53, 52, 0, 316, P0, Not Active, Not Active, Not Active
2026/07/20 00:57:19.061, 0, ${V100_GPU_0_UUID}, 00000000:01:00.0, 892, 877, 32.39, 150.00, 55, 54, 0, 316, P0, Not Active, Not Active, Not Active
2026/07/20 00:57:19.072, 1, ${V100_GPU_1_UUID}, 00000000:02:00.0, 892, 877, 30.30, 150.00, 53, 52, 0, 316, P0, Not Active, Not Active, Not Active
2026/07/20 00:57:19.189, 0, ${V100_GPU_0_UUID}, 00000000:01:00.0, 892, 877, 32.39, 150.00, 55, 54, 0, 316, P0, Not Active, Not Active, Not Active
2026/07/20 00:57:19.198, 1, ${V100_GPU_1_UUID}, 00000000:02:00.0, 892, 877, 30.30, 150.00, 53, 52, 0, 316, P0, Not Active, Not Active, Not Active
2026/07/20 00:57:19.305, 0, ${V100_GPU_0_UUID}, 00000000:01:00.0, 892, 877, 32.39, 150.00, 55, 54, 0, 316, P0, Not Active, Not Active, Not Active
2026/07/20 00:57:19.316, 1, ${V100_GPU_1_UUID}, 00000000:02:00.0, 892, 877, 30.30, 150.00, 53, 52, 0, 316, P0, Not Active, Not Active, Not Active
2026/07/20 00:57:19.426, 0, ${V100_GPU_0_UUID}, 00000000:01:00.0, 892, 877, 32.39, 150.00, 55, 54, 0, 316, P0, Not Active, Not Active, Not Active
2026/07/20 00:57:19.437, 1, ${V100_GPU_1_UUID}, 00000000:02:00.0, 892, 877, 30.30, 150.00, 53, 52, 0, 316, P0, Not Active, Not Active, Not Active
2026/07/20 00:57:19.539, 0, ${V100_GPU_0_UUID}, 00000000:01:00.0, 892, 877, 32.39, 150.00, 55, 54, 0, 316, P0, Not Active, Not Active, Not Active
2026/07/20 00:57:19.545, 1, ${V100_GPU_1_UUID}, 00000000:02:00.0, 892, 877, 30.30, 150.00, 53, 52, 0, 316, P0, Not Active, Not Active, Not Active
2026/07/20 00:57:19.634, 0, ${V100_GPU_0_UUID}, 00000000:01:00.0, 892, 877, 32.39, 150.00, 55, 54, 0, 316, P0, Not Active, Not Active, Not Active
2026/07/20 00:57:19.642, 1, ${V100_GPU_1_UUID}, 00000000:02:00.0, 892, 877, 29.82, 150.00, 53, 52, 0, 316, P0, Not Active, Not Active, Not Active
2026/07/20 00:57:19.760, 0, ${V100_GPU_0_UUID}, 00000000:01:00.0, 892, 877, 32.39, 150.00, 55, 54, 0, 316, P0, Not Active, Not Active, Not Active
2026/07/20 00:57:19.767, 1, ${V100_GPU_1_UUID}, 00000000:02:00.0, 892, 877, 30.30, 150.00, 53, 52, 0, 316, P0, Not Active, Not Active, Not Active
2026/07/20 00:57:19.854, 0, ${V100_GPU_0_UUID}, 00000000:01:00.0, 892, 877, 32.39, 150.00, 55, 54, 0, 316, P0, Not Active, Not Active, Not Active
2026/07/20 00:57:19.860, 1, ${V100_GPU_1_UUID}, 00000000:02:00.0, 892, 877, 30.30, 150.00, 53, 52, 0, 316, P0, Not Active, Not Active, Not Active
2026/07/20 00:57:19.973, 0, ${V100_GPU_0_UUID}, 00000000:01:00.0, 892, 877, 32.39, 150.00, 55, 54, 0, 316, P0, Not Active, Not Active, Not Active
2026/07/20 00:57:19.981, 1, ${V100_GPU_1_UUID}, 00000000:02:00.0, 892, 877, 30.30, 150.00, 53, 52, 0, 316, P0, Not Active, Not Active, Not Active
2026/07/20 00:57:20.090, 0, ${V100_GPU_0_UUID}, 00000000:01:00.0, 892, 877, 32.39, 150.00, 55, 54, 0, 316, P0, Not Active, Not Active, Not Active
2026/07/20 00:57:20.097, 1, ${V100_GPU_1_UUID}, 00000000:02:00.0, 892, 877, 30.30, 150.00, 53, 52, 0, 316, P0, Not Active, Not Active, Not Active
2026/07/20 00:57:20.185, 0, ${V100_GPU_0_UUID}, 00000000:01:00.0, 892, 877, 32.37, 150.00, 55, 54, 0, 316, P0, Not Active, Not Active, Not Active
2026/07/20 00:57:20.191, 1, ${V100_GPU_1_UUID}, 00000000:02:00.0, 892, 877, 30.28, 150.00, 53, 52, 0, 316, P0, Not Active, Not Active, Not Active
2026/07/20 00:57:20.274, 0, ${V100_GPU_0_UUID}, 00000000:01:00.0, 892, 877, 32.37, 150.00, 55, 54, 0, 316, P0, Not Active, Not Active, Not Active
2026/07/20 00:57:20.279, 1, ${V100_GPU_1_UUID}, 00000000:02:00.0, 892, 877, 30.28, 150.00, 53, 52, 0, 316, P0, Not Active, Not Active, Not Active
2026/07/20 00:57:20.361, 0, ${V100_GPU_0_UUID}, 00000000:01:00.0, 892, 877, 32.37, 150.00, 55, 54, 0, 316, P0, Not Active, Not Active, Not Active
2026/07/20 00:57:20.367, 1, ${V100_GPU_1_UUID}, 00000000:02:00.0, 892, 877, 29.80, 150.00, 53, 52, 0, 316, P0, Not Active, Not Active, Not Active
2026/07/20 00:57:20.450, 0, ${V100_GPU_0_UUID}, 00000000:01:00.0, 892, 877, 32.37, 150.00, 55, 54, 0, 316, P0, Not Active, Not Active, Not Active
2026/07/20 00:57:20.455, 1, ${V100_GPU_1_UUID}, 00000000:02:00.0, 892, 877, 30.28, 150.00, 53, 52, 0, 316, P0, Not Active, Not Active, Not Active
2026/07/20 00:57:20.537, 0, ${V100_GPU_0_UUID}, 00000000:01:00.0, 892, 877, 32.37, 150.00, 55, 54, 0, 316, P0, Not Active, Not Active, Not Active
2026/07/20 00:57:20.543, 1, ${V100_GPU_1_UUID}, 00000000:02:00.0, 892, 877, 30.28, 150.00, 53, 52, 0, 316, P0, Not Active, Not Active, Not Active
2026/07/20 00:57:20.625, 0, ${V100_GPU_0_UUID}, 00000000:01:00.0, 892, 877, 32.37, 150.00, 55, 54, 0, 316, P0, Not Active, Not Active, Not Active
2026/07/20 00:57:20.630, 1, ${V100_GPU_1_UUID}, 00000000:02:00.0, 892, 877, 30.30, 150.00, 53, 52, 0, 316, P0, Not Active, Not Active, Not Active
2026/07/20 00:57:20.733, 0, ${V100_GPU_0_UUID}, 00000000:01:00.0, 892, 877, 32.39, 150.00, 55, 54, 0, 316, P0, Not Active, Not Active, Not Active
2026/07/20 00:57:20.746, 1, ${V100_GPU_1_UUID}, 00000000:02:00.0, 892, 877, 29.82, 150.00, 53, 52, 0, 316, P0, Not Active, Not Active, Not Active
2026/07/20 00:57:20.862, 0, ${V100_GPU_0_UUID}, 00000000:01:00.0, 892, 877, 32.39, 150.00, 55, 54, 0, 316, P0, Not Active, Not Active, Not Active
2026/07/20 00:57:20.870, 1, ${V100_GPU_1_UUID}, 00000000:02:00.0, 892, 877, 30.30, 150.00, 53, 52, 0, 316, P0, Not Active, Not Active, Not Active
2026/07/20 00:57:20.955, 0, ${V100_GPU_0_UUID}, 00000000:01:00.0, 892, 877, 32.39, 150.00, 55, 54, 0, 316, P0, Not Active, Not Active, Not Active
2026/07/20 00:57:20.961, 1, ${V100_GPU_1_UUID}, 00000000:02:00.0, 892, 877, 30.30, 150.00, 53, 52, 0, 316, P0, Not Active, Not Active, Not Active
2026/07/20 00:57:21.074, 0, ${V100_GPU_0_UUID}, 00000000:01:00.0, 892, 877, 32.39, 150.00, 55, 54, 0, 316, P0, Not Active, Not Active, Not Active
2026/07/20 00:57:21.082, 1, ${V100_GPU_1_UUID}, 00000000:02:00.0, 892, 877, 30.30, 150.00, 53, 51, 0, 316, P0, Not Active, Not Active, Not Active
2026/07/20 00:57:21.180, 0, ${V100_GPU_0_UUID}, 00000000:01:00.0, 892, 877, 32.39, 150.00, 55, 54, 0, 316, P0, Not Active, Not Active, Not Active
2026/07/20 00:57:21.191, 1, ${V100_GPU_1_UUID}, 00000000:02:00.0, 892, 877, 30.30, 150.00, 53, 52, 0, 316, P0, Not Active, Not Active, Not Active
2026/07/20 00:57:21.305, 0, ${V100_GPU_0_UUID}, 00000000:01:00.0, 892, 877, 32.39, 150.00, 55, 54, 0, 316, P0, Not Active, Not Active, Not Active
2026/07/20 00:57:21.314, 1, ${V100_GPU_1_UUID}, 00000000:02:00.0, 892, 877, 29.82, 150.00, 53, 52, 0, 316, P0, Not Active, Not Active, Not Active
2026/07/20 00:57:21.431, 0, ${V100_GPU_0_UUID}, 00000000:01:00.0, 892, 877, 32.39, 150.00, 55, 54, 0, 316, P0, Not Active, Not Active, Not Active
2026/07/20 00:57:21.439, 1, ${V100_GPU_1_UUID}, 00000000:02:00.0, 892, 877, 29.82, 150.00, 53, 52, 0, 316, P0, Not Active, Not Active, Not Active
2026/07/20 00:57:21.541, 0, ${V100_GPU_0_UUID}, 00000000:01:00.0, 892, 877, 32.39, 150.00, 55, 54, 0, 316, P0, Not Active, Not Active, Not Active
2026/07/20 00:57:21.555, 1, ${V100_GPU_1_UUID}, 00000000:02:00.0, 892, 877, 29.82, 150.00, 53, 52, 0, 316, P0, Not Active, Not Active, Not Active
2026/07/20 00:57:21.671, 0, ${V100_GPU_0_UUID}, 00000000:01:00.0, 892, 877, 32.39, 150.00, 55, 54, 0, 316, P0, Not Active, Not Active, Not Active
2026/07/20 00:57:21.679, 1, ${V100_GPU_1_UUID}, 00000000:02:00.0, 892, 877, 30.30, 150.00, 53, 52, 0, 316, P0, Not Active, Not Active, Not Active
2026/07/20 00:57:21.773, 0, ${V100_GPU_0_UUID}, 00000000:01:00.0, 892, 877, 32.39, 150.00, 55, 54, 0, 316, P0, Not Active, Not Active, Not Active
2026/07/20 00:57:21.783, 1, ${V100_GPU_1_UUID}, 00000000:02:00.0, 892, 877, 30.30, 150.00, 53, 52, 0, 316, P0, Not Active, Not Active, Not Active
2026/07/20 00:57:21.901, 0, ${V100_GPU_0_UUID}, 00000000:01:00.0, 892, 877, 32.39, 150.00, 55, 54, 0, 316, P0, Not Active, Not Active, Not Active
2026/07/20 00:57:21.908, 1, ${V100_GPU_1_UUID}, 00000000:02:00.0, 892, 877, 30.30, 150.00, 53, 52, 0, 316, P0, Not Active, Not Active, Not Active
2026/07/20 00:57:21.994, 0, ${V100_GPU_0_UUID}, 00000000:01:00.0, 892, 877, 32.39, 150.00, 55, 54, 0, 316, P0, Not Active, Not Active, Not Active
2026/07/20 00:57:22.001, 1, ${V100_GPU_1_UUID}, 00000000:02:00.0, 892, 877, 30.30, 150.00, 53, 52, 0, 316, P0, Not Active, Not Active, Not Active
2026/07/20 00:57:22.115, 0, ${V100_GPU_0_UUID}, 00000000:01:00.0, 892, 877, 32.39, 150.00, 55, 54, 0, 316, P0, Not Active, Not Active, Not Active
2026/07/20 00:57:22.123, 1, ${V100_GPU_1_UUID}, 00000000:02:00.0, 892, 877, 29.82, 150.00, 53, 52, 0, 316, P0, Not Active, Not Active, Not Active
2026/07/20 00:57:22.221, 0, ${V100_GPU_0_UUID}, 00000000:01:00.0, 892, 877, 32.39, 150.00, 55, 54, 0, 316, P0, Not Active, Not Active, Not Active
2026/07/20 00:57:22.232, 1, ${V100_GPU_1_UUID}, 00000000:02:00.0, 892, 877, 30.30, 150.00, 53, 52, 0, 316, P0, Not Active, Not Active, Not Active
2026/07/20 00:57:22.350, 0, ${V100_GPU_0_UUID}, 00000000:01:00.0, 892, 877, 32.39, 150.00, 55, 54, 0, 316, P0, Not Active, Not Active, Not Active
2026/07/20 00:57:22.357, 1, ${V100_GPU_1_UUID}, 00000000:02:00.0, 892, 877, 30.30, 150.00, 53, 52, 0, 316, P0, Not Active, Not Active, Not Active
2026/07/20 00:57:22.448, 0, ${V100_GPU_0_UUID}, 00000000:01:00.0, 892, 877, 32.39, 150.00, 55, 54, 0, 316, P0, Not Active, Not Active, Not Active
2026/07/20 00:57:22.453, 1, ${V100_GPU_1_UUID}, 00000000:02:00.0, 892, 877, 29.82, 150.00, 53, 52, 0, 316, P0, Not Active, Not Active, Not Active
2026/07/20 00:57:22.563, 0, ${V100_GPU_0_UUID}, 00000000:01:00.0, 892, 877, 32.39, 150.00, 55, 54, 0, 316, P0, Not Active, Not Active, Not Active
2026/07/20 00:57:22.570, 1, ${V100_GPU_1_UUID}, 00000000:02:00.0, 892, 877, 29.82, 150.00, 53, 52, 0, 316, P0, Not Active, Not Active, Not Active
2026/07/20 00:57:22.685, 0, ${V100_GPU_0_UUID}, 00000000:01:00.0, 892, 877, 32.39, 150.00, 55, 54, 0, 316, P0, Not Active, Not Active, Not Active
2026/07/20 00:57:22.693, 1, ${V100_GPU_1_UUID}, 00000000:02:00.0, 892, 877, 30.30, 150.00, 53, 52, 0, 316, P0, Not Active, Not Active, Not Active
2026/07/20 00:57:22.792, 0, ${V100_GPU_0_UUID}, 00000000:01:00.0, 892, 877, 32.39, 150.00, 55, 54, 0, 316, P0, Not Active, Not Active, Not Active
2026/07/20 00:57:22.803, 1, ${V100_GPU_1_UUID}, 00000000:02:00.0, 892, 877, 29.82, 150.00, 53, 52, 0, 316, P0, Not Active, Not Active, Not Active
2026/07/20 00:57:22.900, 0, ${V100_GPU_0_UUID}, 00000000:01:00.0, 892, 877, 32.39, 150.00, 55, 54, 0, 316, P0, Not Active, Not Active, Not Active
2026/07/20 00:57:22.908, 1, ${V100_GPU_1_UUID}, 00000000:02:00.0, 892, 877, 30.30, 150.00, 53, 52, 0, 316, P0, Not Active, Not Active, Not Active
2026/07/20 00:57:22.997, 0, ${V100_GPU_0_UUID}, 00000000:01:00.0, 892, 877, 32.39, 150.00, 55, 54, 0, 316, P0, Not Active, Not Active, Not Active
2026/07/20 00:57:23.004, 1, ${V100_GPU_1_UUID}, 00000000:02:00.0, 892, 877, 30.30, 150.00, 53, 52, 0, 316, P0, Not Active, Not Active, Not Active
2026/07/20 00:57:23.114, 0, ${V100_GPU_0_UUID}, 00000000:01:00.0, 892, 877, 32.39, 150.00, 55, 54, 0, 316, P0, Not Active, Not Active, Not Active
2026/07/20 00:57:23.121, 1, ${V100_GPU_1_UUID}, 00000000:02:00.0, 892, 877, 29.82, 150.00, 53, 52, 0, 316, P0, Not Active, Not Active, Not Active
2026/07/20 00:57:23.235, 0, ${V100_GPU_0_UUID}, 00000000:01:00.0, 892, 877, 32.39, 150.00, 55, 54, 0, 316, P0, Not Active, Not Active, Not Active
2026/07/20 00:57:23.244, 1, ${V100_GPU_1_UUID}, 00000000:02:00.0, 892, 877, 29.82, 150.00, 53, 52, 0, 316, P0, Not Active, Not Active, Not Active
2026/07/20 00:57:23.357, 0, ${V100_GPU_0_UUID}, 00000000:01:00.0, 892, 877, 32.39, 150.00, 55, 54, 0, 316, P0, Not Active, Not Active, Not Active
2026/07/20 00:57:23.365, 1, ${V100_GPU_1_UUID}, 00000000:02:00.0, 892, 877, 30.30, 150.00, 53, 52, 0, 316, P0, Not Active, Not Active, Not Active
2026/07/20 00:57:23.448, 0, ${V100_GPU_0_UUID}, 00000000:01:00.0, 892, 877, 32.37, 150.00, 55, 54, 0, 316, P0, Not Active, Not Active, Not Active
2026/07/20 00:57:23.453, 1, ${V100_GPU_1_UUID}, 00000000:02:00.0, 892, 877, 30.30, 150.00, 53, 52, 0, 316, P0, Not Active, Not Active, Not Active
2026/07/20 00:57:23.550, 0, ${V100_GPU_0_UUID}, 00000000:01:00.0, 892, 877, 32.39, 150.00, 55, 54, 0, 316, P0, Not Active, Not Active, Not Active
2026/07/20 00:57:23.561, 1, ${V100_GPU_1_UUID}, 00000000:02:00.0, 892, 877, 29.82, 150.00, 53, 52, 0, 316, P0, Not Active, Not Active, Not Active
2026/07/20 00:57:23.676, 0, ${V100_GPU_0_UUID}, 00000000:01:00.0, 892, 877, 32.39, 150.00, 55, 54, 0, 316, P0, Not Active, Not Active, Not Active
2026/07/20 00:57:23.686, 1, ${V100_GPU_1_UUID}, 00000000:02:00.0, 892, 877, 29.82, 150.00, 53, 52, 0, 316, P0, Not Active, Not Active, Not Active
2026/07/20 00:57:23.792, 0, ${V100_GPU_0_UUID}, 00000000:01:00.0, 892, 877, 32.39, 150.00, 55, 54, 0, 316, P0, Not Active, Not Active, Not Active
2026/07/20 00:57:23.803, 1, ${V100_GPU_1_UUID}, 00000000:02:00.0, 892, 877, 30.30, 150.00, 53, 52, 0, 316, P0, Not Active, Not Active, Not Active
2026/07/20 00:57:23.912, 0, ${V100_GPU_0_UUID}, 00000000:01:00.0, 892, 877, 32.39, 150.00, 55, 54, 0, 316, P0, Not Active, Not Active, Not Active
2026/07/20 00:57:23.924, 1, ${V100_GPU_1_UUID}, 00000000:02:00.0, 892, 877, 29.82, 150.00, 53, 52, 0, 316, P0, Not Active, Not Active, Not Active
2026/07/20 00:57:24.035, 0, ${V100_GPU_0_UUID}, 00000000:01:00.0, 892, 877, 32.39, 150.00, 55, 54, 0, 316, P0, Not Active, Not Active, Not Active
2026/07/20 00:57:24.045, 1, ${V100_GPU_1_UUID}, 00000000:02:00.0, 892, 877, 30.30, 150.00, 53, 52, 0, 316, P0, Not Active, Not Active, Not Active
2026/07/20 00:57:24.149, 0, ${V100_GPU_0_UUID}, 00000000:01:00.0, 892, 877, 32.39, 150.00, 55, 54, 0, 316, P0, Not Active, Not Active, Not Active
2026/07/20 00:57:24.161, 1, ${V100_GPU_1_UUID}, 00000000:02:00.0, 892, 877, 30.30, 150.00, 53, 52, 0, 316, P0, Not Active, Not Active, Not Active
2026/07/20 00:57:24.277, 0, ${V100_GPU_0_UUID}, 00000000:01:00.0, 892, 877, 32.39, 150.00, 55, 54, 0, 316, P0, Not Active, Not Active, Not Active
2026/07/20 00:57:24.286, 1, ${V100_GPU_1_UUID}, 00000000:02:00.0, 892, 877, 30.30, 150.00, 53, 52, 0, 316, P0, Not Active, Not Active, Not Active
2026/07/20 00:57:24.393, 0, ${V100_GPU_0_UUID}, 00000000:01:00.0, 892, 877, 32.39, 150.00, 55, 54, 0, 316, P0, Not Active, Not Active, Not Active
2026/07/20 00:57:24.404, 1, ${V100_GPU_1_UUID}, 00000000:02:00.0, 892, 877, 30.30, 150.00, 53, 52, 0, 316, P0, Not Active, Not Active, Not Active
2026/07/20 00:57:24.521, 0, ${V100_GPU_0_UUID}, 00000000:01:00.0, 892, 877, 32.39, 150.00, 55, 54, 0, 316, P0, Not Active, Not Active, Not Active
2026/07/20 00:57:24.528, 1, ${V100_GPU_1_UUID}, 00000000:02:00.0, 892, 877, 29.82, 150.00, 53, 52, 0, 316, P0, Not Active, Not Active, Not Active
2026/07/20 00:57:24.612, 0, ${V100_GPU_0_UUID}, 00000000:01:00.0, 892, 877, 32.37, 150.00, 55, 54, 0, 316, P0, Not Active, Not Active, Not Active
2026/07/20 00:57:24.618, 1, ${V100_GPU_1_UUID}, 00000000:02:00.0, 892, 877, 30.30, 150.00, 53, 52, 0, 316, P0, Not Active, Not Active, Not Active
2026/07/20 00:57:24.754, 0, ${V100_GPU_0_UUID}, 00000000:01:00.0, 892, 877, 32.39, 150.00, 55, 54, 0, 316, P0, Not Active, Not Active, Not Active
2026/07/20 00:57:24.762, 1, ${V100_GPU_1_UUID}, 00000000:02:00.0, 892, 877, 30.30, 150.00, 53, 52, 0, 316, P0, Not Active, Not Active, Not Active
2026/07/20 00:57:24.849, 0, ${V100_GPU_0_UUID}, 00000000:01:00.0, 892, 877, 32.37, 150.00, 55, 54, 0, 316, P0, Not Active, Not Active, Not Active
2026/07/20 00:57:24.855, 1, ${V100_GPU_1_UUID}, 00000000:02:00.0, 892, 877, 30.30, 150.00, 53, 52, 0, 316, P0, Not Active, Not Active, Not Active
2026/07/20 00:57:24.945, 0, ${V100_GPU_0_UUID}, 00000000:01:00.0, 892, 877, 32.39, 150.00, 55, 54, 0, 316, P0, Not Active, Not Active, Not Active
2026/07/20 00:57:24.952, 1, ${V100_GPU_1_UUID}, 00000000:02:00.0, 892, 877, 29.82, 150.00, 53, 52, 0, 316, P0, Not Active, Not Active, Not Active
2026/07/20 00:57:25.048, 0, ${V100_GPU_0_UUID}, 00000000:01:00.0, 892, 877, 32.37, 150.00, 55, 54, 0, 316, P0, Not Active, Not Active, Not Active
2026/07/20 00:57:25.054, 1, ${V100_GPU_1_UUID}, 00000000:02:00.0, 892, 877, 30.30, 150.00, 53, 52, 0, 316, P0, Not Active, Not Active, Not Active
2026/07/20 00:57:25.157, 0, ${V100_GPU_0_UUID}, 00000000:01:00.0, 892, 877, 32.39, 150.00, 55, 54, 0, 316, P0, Not Active, Not Active, Not Active
2026/07/20 00:57:25.168, 1, ${V100_GPU_1_UUID}, 00000000:02:00.0, 892, 877, 30.30, 150.00, 53, 52, 0, 316, P0, Not Active, Not Active, Not Active
2026/07/20 00:57:25.283, 0, ${V100_GPU_0_UUID}, 00000000:01:00.0, 892, 877, 32.39, 150.00, 55, 54, 0, 316, P0, Not Active, Not Active, Not Active
2026/07/20 00:57:25.290, 1, ${V100_GPU_1_UUID}, 00000000:02:00.0, 892, 877, 30.30, 150.00, 53, 52, 0, 316, P0, Not Active, Not Active, Not Active
2026/07/20 00:57:25.391, 0, ${V100_GPU_0_UUID}, 00000000:01:00.0, 892, 877, 32.39, 150.00, 55, 54, 0, 316, P0, Not Active, Not Active, Not Active
2026/07/20 00:57:25.405, 1, ${V100_GPU_1_UUID}, 00000000:02:00.0, 892, 877, 30.30, 150.00, 53, 52, 0, 316, P0, Not Active, Not Active, Not Active
2026/07/20 00:57:25.518, 0, ${V100_GPU_0_UUID}, 00000000:01:00.0, 892, 877, 32.39, 150.00, 55, 54, 0, 316, P0, Not Active, Not Active, Not Active
2026/07/20 00:57:25.526, 1, ${V100_GPU_1_UUID}, 00000000:02:00.0, 892, 877, 30.30, 150.00, 53, 52, 0, 316, P0, Not Active, Not Active, Not Active
2026/07/20 00:57:25.640, 0, ${V100_GPU_0_UUID}, 00000000:01:00.0, 892, 877, 32.39, 150.00, 55, 54, 0, 316, P0, Not Active, Not Active, Not Active
2026/07/20 00:57:25.648, 1, ${V100_GPU_1_UUID}, 00000000:02:00.0, 892, 877, 30.30, 150.00, 53, 52, 0, 316, P0, Not Active, Not Active, Not Active
2026/07/20 00:57:25.747, 0, ${V100_GPU_0_UUID}, 00000000:01:00.0, 892, 877, 32.39, 150.00, 55, 54, 0, 316, P0, Not Active, Not Active, Not Active
2026/07/20 00:57:25.758, 1, ${V100_GPU_1_UUID}, 00000000:02:00.0, 892, 877, 29.82, 150.00, 53, 52, 0, 316, P0, Not Active, Not Active, Not Active
2026/07/20 00:57:25.875, 0, ${V100_GPU_0_UUID}, 00000000:01:00.0, 892, 877, 32.39, 150.00, 55, 54, 0, 316, P0, Not Active, Not Active, Not Active
2026/07/20 00:57:25.883, 1, ${V100_GPU_1_UUID}, 00000000:02:00.0, 892, 877, 29.82, 150.00, 53, 52, 0, 316, P0, Not Active, Not Active, Not Active
2026/07/20 00:57:25.967, 0, ${V100_GPU_0_UUID}, 00000000:01:00.0, 892, 877, 32.39, 150.00, 55, 54, 0, 316, P0, Not Active, Not Active, Not Active
2026/07/20 00:57:25.973, 1, ${V100_GPU_1_UUID}, 00000000:02:00.0, 892, 877, 30.30, 150.00, 53, 52, 0, 316, P0, Not Active, Not Active, Not Active
2026/07/20 00:57:26.082, 0, ${V100_GPU_0_UUID}, 00000000:01:00.0, 892, 877, 32.39, 150.00, 55, 54, 0, 316, P0, Not Active, Not Active, Not Active
2026/07/20 00:57:26.088, 1, ${V100_GPU_1_UUID}, 00000000:02:00.0, 892, 877, 30.30, 150.00, 53, 52, 0, 316, P0, Not Active, Not Active, Not Active
2026/07/20 00:57:26.179, 0, ${V100_GPU_0_UUID}, 00000000:01:00.0, 892, 877, 32.39, 150.00, 55, 54, 0, 316, P0, Not Active, Not Active, Not Active
2026/07/20 00:57:26.187, 1, ${V100_GPU_1_UUID}, 00000000:02:00.0, 892, 877, 30.30, 150.00, 53, 52, 0, 316, P0, Not Active, Not Active, Not Active
2026/07/20 00:57:26.330, 0, ${V100_GPU_0_UUID}, 00000000:01:00.0, 892, 877, 32.37, 150.00, 55, 54, 0, 316, P0, Not Active, Not Active, Not Active
2026/07/20 00:57:26.375, 1, ${V100_GPU_1_UUID}, 00000000:02:00.0, 892, 877, 30.28, 150.00, 53, 52, 0, 316, P0, Not Active, Not Active, Not Active
2026/07/20 00:57:26.457, 0, ${V100_GPU_0_UUID}, 00000000:01:00.0, 892, 877, 32.37, 150.00, 55, 54, 0, 316, P0, Not Active, Not Active, Not Active
2026/07/20 00:57:26.463, 1, ${V100_GPU_1_UUID}, 00000000:02:00.0, 892, 877, 30.28, 150.00, 53, 52, 0, 316, P0, Not Active, Not Active, Not Active
2026/07/20 00:57:26.561, 0, ${V100_GPU_0_UUID}, 00000000:01:00.0, 892, 877, 32.39, 150.00, 55, 54, 0, 316, P0, Not Active, Not Active, Not Active
2026/07/20 00:57:26.573, 1, ${V100_GPU_1_UUID}, 00000000:02:00.0, 892, 877, 30.30, 150.00, 53, 52, 0, 316, P0, Not Active, Not Active, Not Active
2026/07/20 00:57:26.685, 0, ${V100_GPU_0_UUID}, 00000000:01:00.0, 892, 877, 32.39, 150.00, 55, 54, 0, 316, P0, Not Active, Not Active, Not Active
2026/07/20 00:57:26.696, 1, ${V100_GPU_1_UUID}, 00000000:02:00.0, 892, 877, 30.30, 150.00, 53, 52, 0, 316, P0, Not Active, Not Active, Not Active
2026/07/20 00:57:26.793, 0, ${V100_GPU_0_UUID}, 00000000:01:00.0, 892, 877, 32.37, 150.00, 55, 54, 0, 316, P0, Not Active, Not Active, Not Active
2026/07/20 00:57:26.799, 1, ${V100_GPU_1_UUID}, 00000000:02:00.0, 892, 877, 30.28, 150.00, 53, 52, 0, 316, P0, Not Active, Not Active, Not Active
2026/07/20 00:57:26.904, 0, ${V100_GPU_0_UUID}, 00000000:01:00.0, 892, 877, 32.39, 150.00, 55, 54, 0, 316, P0, Not Active, Not Active, Not Active
2026/07/20 00:57:26.915, 1, ${V100_GPU_1_UUID}, 00000000:02:00.0, 892, 877, 30.30, 150.00, 53, 52, 0, 316, P0, Not Active, Not Active, Not Active
2026/07/20 00:57:27.018, 0, ${V100_GPU_0_UUID}, 00000000:01:00.0, 892, 877, 32.39, 150.00, 55, 54, 0, 316, P0, Not Active, Not Active, Not Active
2026/07/20 00:57:27.030, 1, ${V100_GPU_1_UUID}, 00000000:02:00.0, 892, 877, 30.30, 150.00, 53, 52, 0, 316, P0, Not Active, Not Active, Not Active
2026/07/20 00:57:27.143, 0, ${V100_GPU_0_UUID}, 00000000:01:00.0, 892, 877, 32.37, 150.00, 55, 54, 0, 316, P0, Not Active, Not Active, Not Active
2026/07/20 00:57:27.150, 1, ${V100_GPU_1_UUID}, 00000000:02:00.0, 892, 877, 30.30, 150.00, 53, 52, 0, 316, P0, Not Active, Not Active, Not Active
2026/07/20 00:57:27.247, 0, ${V100_GPU_0_UUID}, 00000000:01:00.0, 892, 877, 32.39, 150.00, 55, 54, 0, 316, P0, Not Active, Not Active, Not Active
2026/07/20 00:57:27.258, 1, ${V100_GPU_1_UUID}, 00000000:02:00.0, 892, 877, 29.82, 150.00, 53, 52, 0, 316, P0, Not Active, Not Active, Not Active
2026/07/20 00:57:27.377, 0, ${V100_GPU_0_UUID}, 00000000:01:00.0, 892, 877, 32.39, 150.00, 55, 54, 0, 316, P0, Not Active, Not Active, Not Active
2026/07/20 00:57:27.384, 1, ${V100_GPU_1_UUID}, 00000000:02:00.0, 892, 877, 29.82, 150.00, 53, 52, 0, 316, P0, Not Active, Not Active, Not Active
2026/07/20 00:57:27.468, 0, ${V100_GPU_0_UUID}, 00000000:01:00.0, 892, 877, 32.39, 150.00, 55, 54, 0, 316, P0, Not Active, Not Active, Not Active
2026/07/20 00:57:27.474, 1, ${V100_GPU_1_UUID}, 00000000:02:00.0, 892, 877, 30.30, 150.00, 53, 52, 0, 316, P0, Not Active, Not Active, Not Active
2026/07/20 00:57:27.560, 0, ${V100_GPU_0_UUID}, 00000000:01:00.0, 892, 877, 32.39, 150.00, 55, 54, 0, 316, P0, Not Active, Not Active, Not Active
2026/07/20 00:57:27.566, 1, ${V100_GPU_1_UUID}, 00000000:02:00.0, 892, 877, 30.30, 150.00, 53, 52, 0, 316, P0, Not Active, Not Active, Not Active
2026/07/20 00:57:27.675, 0, ${V100_GPU_0_UUID}, 00000000:01:00.0, 892, 877, 32.39, 150.00, 55, 54, 0, 316, P0, Not Active, Not Active, Not Active
2026/07/20 00:57:27.684, 1, ${V100_GPU_1_UUID}, 00000000:02:00.0, 892, 877, 29.82, 150.00, 53, 52, 0, 316, P0, Not Active, Not Active, Not Active
2026/07/20 00:57:27.771, 0, ${V100_GPU_0_UUID}, 00000000:01:00.0, 892, 877, 32.39, 150.00, 55, 54, 0, 316, P0, Not Active, Not Active, Not Active
2026/07/20 00:57:27.777, 1, ${V100_GPU_1_UUID}, 00000000:02:00.0, 892, 877, 30.30, 150.00, 53, 52, 0, 316, P0, Not Active, Not Active, Not Active
2026/07/20 00:57:27.885, 0, ${V100_GPU_0_UUID}, 00000000:01:00.0, 892, 877, 32.39, 150.00, 55, 54, 0, 316, P0, Not Active, Not Active, Not Active
2026/07/20 00:57:27.891, 1, ${V100_GPU_1_UUID}, 00000000:02:00.0, 892, 877, 30.30, 150.00, 53, 52, 0, 316, P0, Not Active, Not Active, Not Active
2026/07/20 00:57:27.979, 0, ${V100_GPU_0_UUID}, 00000000:01:00.0, 892, 877, 32.39, 150.00, 55, 54, 0, 316, P0, Not Active, Not Active, Not Active
2026/07/20 00:57:27.987, 1, ${V100_GPU_1_UUID}, 00000000:02:00.0, 892, 877, 29.82, 150.00, 53, 52, 0, 316, P0, Not Active, Not Active, Not Active
2026/07/20 00:57:28.104, 0, ${V100_GPU_0_UUID}, 00000000:01:00.0, 892, 877, 32.37, 150.00, 55, 54, 0, 316, P0, Not Active, Not Active, Not Active
2026/07/20 00:57:28.109, 1, ${V100_GPU_1_UUID}, 00000000:02:00.0, 892, 877, 30.30, 150.00, 53, 52, 0, 316, P0, Not Active, Not Active, Not Active
2026/07/20 00:57:28.211, 0, ${V100_GPU_0_UUID}, 00000000:01:00.0, 892, 877, 32.39, 150.00, 55, 54, 0, 316, P0, Not Active, Not Active, Not Active
2026/07/20 00:57:28.225, 1, ${V100_GPU_1_UUID}, 00000000:02:00.0, 892, 877, 30.30, 150.00, 53, 52, 0, 316, P0, Not Active, Not Active, Not Active
2026/07/20 00:57:28.342, 0, ${V100_GPU_0_UUID}, 00000000:01:00.0, 892, 877, 32.39, 150.00, 55, 54, 0, 316, P0, Not Active, Not Active, Not Active
2026/07/20 00:57:28.349, 1, ${V100_GPU_1_UUID}, 00000000:02:00.0, 892, 877, 29.82, 150.00, 53, 52, 0, 316, P0, Not Active, Not Active, Not Active
2026/07/20 00:57:28.435, 0, ${V100_GPU_0_UUID}, 00000000:01:00.0, 892, 877, 32.39, 150.00, 55, 54, 0, 316, P0, Not Active, Not Active, Not Active
2026/07/20 00:57:28.441, 1, ${V100_GPU_1_UUID}, 00000000:02:00.0, 892, 877, 29.82, 150.00, 53, 52, 0, 316, P0, Not Active, Not Active, Not Active
2026/07/20 00:57:28.526, 0, ${V100_GPU_0_UUID}, 00000000:01:00.0, 892, 877, 32.37, 150.00, 55, 54, 0, 316, P0, Not Active, Not Active, Not Active
2026/07/20 00:57:28.533, 1, ${V100_GPU_1_UUID}, 00000000:02:00.0, 892, 877, 30.30, 150.00, 53, 52, 0, 316, P0, Not Active, Not Active, Not Active
2026/07/20 00:57:28.646, 0, ${V100_GPU_0_UUID}, 00000000:01:00.0, 892, 877, 32.39, 150.00, 55, 54, 0, 316, P0, Not Active, Not Active, Not Active
2026/07/20 00:57:28.655, 1, ${V100_GPU_1_UUID}, 00000000:02:00.0, 892, 877, 30.30, 150.00, 53, 52, 0, 316, P0, Not Active, Not Active, Not Active
2026/07/20 00:57:28.757, 0, ${V100_GPU_0_UUID}, 00000000:01:00.0, 892, 877, 32.39, 150.00, 55, 54, 0, 316, P0, Not Active, Not Active, Not Active
2026/07/20 00:57:28.768, 1, ${V100_GPU_1_UUID}, 00000000:02:00.0, 892, 877, 29.82, 150.00, 53, 52, 0, 316, P0, Not Active, Not Active, Not Active
2026/07/20 00:57:28.881, 0, ${V100_GPU_0_UUID}, 00000000:01:00.0, 892, 877, 32.39, 150.00, 55, 54, 0, 316, P0, Not Active, Not Active, Not Active
2026/07/20 00:57:28.889, 1, ${V100_GPU_1_UUID}, 00000000:02:00.0, 892, 877, 30.30, 150.00, 53, 52, 0, 316, P0, Not Active, Not Active, Not Active
2026/07/20 00:57:29.000, 0, ${V100_GPU_0_UUID}, 00000000:01:00.0, 892, 877, 32.37, 150.00, 55, 54, 0, 316, P0, Not Active, Not Active, Not Active
2026/07/20 00:57:29.006, 1, ${V100_GPU_1_UUID}, 00000000:02:00.0, 892, 877, 30.30, 150.00, 53, 52, 0, 316, P0, Not Active, Not Active, Not Active
2026/07/20 00:57:29.120, 0, ${V100_GPU_0_UUID}, 00000000:01:00.0, 892, 877, 32.39, 150.00, 55, 54, 0, 316, P0, Not Active, Not Active, Not Active
2026/07/20 00:57:29.128, 1, ${V100_GPU_1_UUID}, 00000000:02:00.0, 892, 877, 29.82, 150.00, 53, 52, 0, 316, P0, Not Active, Not Active, Not Active
2026/07/20 00:57:29.227, 0, ${V100_GPU_0_UUID}, 00000000:01:00.0, 892, 877, 32.39, 150.00, 55, 54, 0, 316, P0, Not Active, Not Active, Not Active
2026/07/20 00:57:29.238, 1, ${V100_GPU_1_UUID}, 00000000:02:00.0, 892, 877, 30.30, 150.00, 53, 52, 0, 316, P0, Not Active, Not Active, Not Active
2026/07/20 00:57:29.347, 0, ${V100_GPU_0_UUID}, 00000000:01:00.0, 892, 877, 32.37, 150.00, 55, 54, 0, 316, P0, Not Active, Not Active, Not Active
2026/07/20 00:57:29.353, 1, ${V100_GPU_1_UUID}, 00000000:02:00.0, 892, 877, 30.30, 150.00, 53, 52, 0, 316, P0, Not Active, Not Active, Not Active
2026/07/20 00:57:29.457, 0, ${V100_GPU_0_UUID}, 00000000:01:00.0, 892, 877, 32.39, 150.00, 55, 54, 0, 316, P0, Not Active, Not Active, Not Active
2026/07/20 00:57:29.467, 1, ${V100_GPU_1_UUID}, 00000000:02:00.0, 892, 877, 29.82, 150.00, 53, 52, 0, 316, P0, Not Active, Not Active, Not Active
2026/07/20 00:57:29.575, 0, ${V100_GPU_0_UUID}, 00000000:01:00.0, 892, 877, 32.39, 150.00, 55, 54, 0, 316, P0, Not Active, Not Active, Not Active
2026/07/20 00:57:29.588, 1, ${V100_GPU_1_UUID}, 00000000:02:00.0, 892, 877, 30.30, 150.00, 53, 52, 0, 316, P0, Not Active, Not Active, Not Active
2026/07/20 00:57:29.675, 0, ${V100_GPU_0_UUID}, 00000000:01:00.0, 892, 877, 32.37, 150.00, 55, 54, 0, 316, P0, Not Active, Not Active, Not Active
2026/07/20 00:57:29.681, 1, ${V100_GPU_1_UUID}, 00000000:02:00.0, 892, 877, 30.30, 150.00, 53, 52, 0, 316, P0, Not Active, Not Active, Not Active
2026/07/20 00:57:29.790, 0, ${V100_GPU_0_UUID}, 00000000:01:00.0, 892, 877, 32.39, 150.00, 55, 54, 0, 316, P0, Not Active, Not Active, Not Active
2026/07/20 00:57:29.800, 1, ${V100_GPU_1_UUID}, 00000000:02:00.0, 892, 877, 30.30, 150.00, 53, 52, 0, 316, P0, Not Active, Not Active, Not Active
2026/07/20 00:57:29.900, 0, ${V100_GPU_0_UUID}, 00000000:01:00.0, 892, 877, 32.39, 150.00, 55, 54, 0, 316, P0, Not Active, Not Active, Not Active
2026/07/20 00:57:29.911, 1, ${V100_GPU_1_UUID}, 00000000:02:00.0, 892, 877, 30.30, 150.00, 53, 52, 0, 316, P0, Not Active, Not Active, Not Active
2026/07/20 00:57:30.003, 0, ${V100_GPU_0_UUID}, 00000000:01:00.0, 892, 877, 32.39, 150.00, 55, 54, 0, 316, P0, Not Active, Not Active, Not Active
2026/07/20 00:57:30.010, 1, ${V100_GPU_1_UUID}, 00000000:02:00.0, 892, 877, 30.30, 150.00, 53, 52, 0, 316, P0, Not Active, Not Active, Not Active
2026/07/20 00:57:30.126, 0, ${V100_GPU_0_UUID}, 00000000:01:00.0, 892, 877, 32.39, 150.00, 55, 54, 0, 316, P0, Not Active, Not Active, Not Active
2026/07/20 00:57:30.133, 1, ${V100_GPU_1_UUID}, 00000000:02:00.0, 892, 877, 29.82, 150.00, 53, 52, 0, 316, P0, Not Active, Not Active, Not Active
2026/07/20 00:57:30.236, 0, ${V100_GPU_0_UUID}, 00000000:01:00.0, 892, 877, 32.39, 150.00, 55, 54, 0, 316, P0, Not Active, Not Active, Not Active
2026/07/20 00:57:30.250, 1, ${V100_GPU_1_UUID}, 00000000:02:00.0, 892, 877, 30.30, 150.00, 53, 52, 0, 316, P0, Not Active, Not Active, Not Active
2026/07/20 00:57:30.345, 0, ${V100_GPU_0_UUID}, 00000000:01:00.0, 892, 877, 32.39, 150.00, 55, 54, 0, 316, P0, Not Active, Not Active, Not Active
2026/07/20 00:57:30.354, 1, ${V100_GPU_1_UUID}, 00000000:02:00.0, 892, 877, 30.30, 150.00, 53, 52, 0, 316, P0, Not Active, Not Active, Not Active
2026/07/20 00:57:30.471, 0, ${V100_GPU_0_UUID}, 00000000:01:00.0, 892, 877, 32.39, 150.00, 55, 54, 0, 316, P0, Not Active, Not Active, Not Active
2026/07/20 00:57:30.478, 1, ${V100_GPU_1_UUID}, 00000000:02:00.0, 892, 877, 29.82, 150.00, 53, 52, 0, 316, P0, Not Active, Not Active, Not Active
2026/07/20 00:57:30.582, 0, ${V100_GPU_0_UUID}, 00000000:01:00.0, 892, 877, 32.39, 150.00, 55, 54, 0, 316, P0, Not Active, Not Active, Not Active
2026/07/20 00:57:30.596, 1, ${V100_GPU_1_UUID}, 00000000:02:00.0, 892, 877, 30.30, 150.00, 53, 52, 0, 316, P0, Not Active, Not Active, Not Active
2026/07/20 00:57:30.712, 0, ${V100_GPU_0_UUID}, 00000000:01:00.0, 892, 877, 32.39, 150.00, 55, 54, 0, 316, P0, Not Active, Not Active, Not Active
2026/07/20 00:57:30.719, 1, ${V100_GPU_1_UUID}, 00000000:02:00.0, 892, 877, 30.30, 150.00, 53, 52, 0, 316, P0, Not Active, Not Active, Not Active
2026/07/20 00:57:30.818, 0, ${V100_GPU_0_UUID}, 00000000:01:00.0, 892, 877, 32.39, 150.00, 55, 54, 0, 316, P0, Not Active, Not Active, Not Active
2026/07/20 00:57:30.829, 1, ${V100_GPU_1_UUID}, 00000000:02:00.0, 892, 877, 29.82, 150.00, 53, 52, 0, 316, P0, Not Active, Not Active, Not Active
2026/07/20 00:57:30.933, 0, ${V100_GPU_0_UUID}, 00000000:01:00.0, 892, 877, 32.37, 150.00, 55, 54, 0, 316, P0, Not Active, Not Active, Not Active
2026/07/20 00:57:30.940, 1, ${V100_GPU_1_UUID}, 00000000:02:00.0, 892, 877, 29.82, 150.00, 53, 52, 0, 316, P0, Not Active, Not Active, Not Active
2026/07/20 00:57:31.038, 0, ${V100_GPU_0_UUID}, 00000000:01:00.0, 892, 877, 32.39, 150.00, 55, 54, 0, 316, P0, Not Active, Not Active, Not Active
2026/07/20 00:57:31.049, 1, ${V100_GPU_1_UUID}, 00000000:02:00.0, 892, 877, 30.30, 150.00, 53, 52, 0, 316, P0, Not Active, Not Active, Not Active
2026/07/20 00:57:31.160, 0, ${V100_GPU_0_UUID}, 00000000:01:00.0, 892, 877, 32.39, 150.00, 55, 54, 0, 316, P0, Not Active, Not Active, Not Active
2026/07/20 00:57:31.170, 1, ${V100_GPU_1_UUID}, 00000000:02:00.0, 892, 877, 30.30, 150.00, 53, 52, 0, 316, P0, Not Active, Not Active, Not Active
2026/07/20 00:57:31.257, 0, ${V100_GPU_0_UUID}, 00000000:01:00.0, 892, 877, 32.39, 150.00, 55, 54, 0, 316, P0, Not Active, Not Active, Not Active
2026/07/20 00:57:31.275, 1, ${V100_GPU_1_UUID}, 00000000:02:00.0, 892, 877, 30.30, 150.00, 53, 52, 0, 316, P0, Not Active, Not Active, Not Active
2026/07/20 00:57:31.395, 0, ${V100_GPU_0_UUID}, 00000000:01:00.0, 892, 877, 32.39, 150.00, 55, 54, 0, 316, P0, Not Active, Not Active, Not Active
2026/07/20 00:57:31.402, 1, ${V100_GPU_1_UUID}, 00000000:02:00.0, 892, 877, 29.82, 150.00, 53, 52, 0, 316, P0, Not Active, Not Active, Not Active
2026/07/20 00:57:31.501, 0, ${V100_GPU_0_UUID}, 00000000:01:00.0, 892, 877, 32.39, 150.00, 55, 54, 0, 316, P0, Not Active, Not Active, Not Active
2026/07/20 00:57:31.513, 1, ${V100_GPU_1_UUID}, 00000000:02:00.0, 892, 877, 29.82, 150.00, 53, 52, 0, 316, P0, Not Active, Not Active, Not Active
2026/07/20 00:57:31.600, 0, ${V100_GPU_0_UUID}, 00000000:01:00.0, 892, 877, 32.37, 150.00, 55, 54, 0, 316, P0, Not Active, Not Active, Not Active
2026/07/20 00:57:31.606, 1, ${V100_GPU_1_UUID}, 00000000:02:00.0, 892, 877, 30.30, 150.00, 53, 52, 0, 316, P0, Not Active, Not Active, Not Active
2026/07/20 00:57:31.720, 0, ${V100_GPU_0_UUID}, 00000000:01:00.0, 892, 877, 32.39, 150.00, 55, 54, 0, 316, P0, Not Active, Not Active, Not Active
2026/07/20 00:57:31.728, 1, ${V100_GPU_1_UUID}, 00000000:02:00.0, 892, 877, 30.30, 150.00, 53, 52, 0, 316, P0, Not Active, Not Active, Not Active
2026/07/20 00:57:31.825, 0, ${V100_GPU_0_UUID}, 00000000:01:00.0, 892, 877, 32.39, 150.00, 55, 54, 0, 316, P0, Not Active, Not Active, Not Active
2026/07/20 00:57:31.836, 1, ${V100_GPU_1_UUID}, 00000000:02:00.0, 892, 877, 29.82, 150.00, 53, 52, 0, 316, P0, Not Active, Not Active, Not Active
2026/07/20 00:57:31.955, 0, ${V100_GPU_0_UUID}, 00000000:01:00.0, 892, 877, 32.39, 150.00, 55, 54, 0, 316, P0, Not Active, Not Active, Not Active
2026/07/20 00:57:31.963, 1, ${V100_GPU_1_UUID}, 00000000:02:00.0, 892, 877, 30.30, 150.00, 53, 52, 0, 316, P0, Not Active, Not Active, Not Active
2026/07/20 00:57:32.062, 0, ${V100_GPU_0_UUID}, 00000000:01:00.0, 892, 877, 32.39, 150.00, 55, 54, 0, 316, P0, Not Active, Not Active, Not Active
2026/07/20 00:57:32.073, 1, ${V100_GPU_1_UUID}, 00000000:02:00.0, 892, 877, 30.30, 150.00, 53, 52, 0, 316, P0, Not Active, Not Active, Not Active
2026/07/20 00:57:32.186, 0, ${V100_GPU_0_UUID}, 00000000:01:00.0, 892, 877, 32.39, 150.00, 55, 54, 0, 316, P0, Not Active, Not Active, Not Active
2026/07/20 00:57:32.197, 1, ${V100_GPU_1_UUID}, 00000000:02:00.0, 892, 877, 30.30, 150.00, 53, 52, 0, 316, P0, Not Active, Not Active, Not Active
2026/07/20 00:57:32.285, 0, ${V100_GPU_0_UUID}, 00000000:01:00.0, 892, 877, 32.39, 150.00, 55, 54, 0, 316, P0, Not Active, Not Active, Not Active
2026/07/20 00:57:32.290, 1, ${V100_GPU_1_UUID}, 00000000:02:00.0, 892, 877, 30.30, 150.00, 53, 52, 0, 316, P0, Not Active, Not Active, Not Active
2026/07/20 00:57:32.400, 0, ${V100_GPU_0_UUID}, 00000000:01:00.0, 892, 877, 32.39, 150.00, 55, 54, 0, 316, P0, Not Active, Not Active, Not Active
2026/07/20 00:57:32.408, 1, ${V100_GPU_1_UUID}, 00000000:02:00.0, 892, 877, 29.82, 150.00, 53, 52, 0, 316, P0, Not Active, Not Active, Not Active
2026/07/20 00:57:32.504, 0, ${V100_GPU_0_UUID}, 00000000:01:00.0, 892, 877, 32.39, 150.00, 55, 54, 0, 316, P0, Not Active, Not Active, Not Active
2026/07/20 00:57:32.515, 1, ${V100_GPU_1_UUID}, 00000000:02:00.0, 892, 877, 29.82, 150.00, 53, 52, 0, 316, P0, Not Active, Not Active, Not Active
2026/07/20 00:57:32.604, 0, ${V100_GPU_0_UUID}, 00000000:01:00.0, 892, 877, 32.37, 150.00, 55, 54, 0, 316, P0, Not Active, Not Active, Not Active
2026/07/20 00:57:32.610, 1, ${V100_GPU_1_UUID}, 00000000:02:00.0, 892, 877, 30.30, 150.00, 53, 52, 0, 316, P0, Not Active, Not Active, Not Active
2026/07/20 00:57:32.724, 0, ${V100_GPU_0_UUID}, 00000000:01:00.0, 892, 877, 32.39, 150.00, 55, 54, 0, 316, P0, Not Active, Not Active, Not Active
2026/07/20 00:57:32.733, 1, ${V100_GPU_1_UUID}, 00000000:02:00.0, 892, 877, 30.30, 150.00, 53, 52, 0, 316, P0, Not Active, Not Active, Not Active
2026/07/20 00:57:32.848, 0, ${V100_GPU_0_UUID}, 00000000:01:00.0, 892, 877, 32.39, 150.00, 55, 54, 0, 316, P0, Not Active, Not Active, Not Active
2026/07/20 00:57:32.858, 1, ${V100_GPU_1_UUID}, 00000000:02:00.0, 892, 877, 29.82, 150.00, 53, 52, 0, 316, P0, Not Active, Not Active, Not Active
2026/07/20 00:57:32.947, 0, ${V100_GPU_0_UUID}, 00000000:01:00.0, 892, 877, 32.39, 150.00, 55, 54, 0, 316, P0, Not Active, Not Active, Not Active
2026/07/20 00:57:32.953, 1, ${V100_GPU_1_UUID}, 00000000:02:00.0, 892, 877, 30.30, 150.00, 53, 52, 0, 316, P0, Not Active, Not Active, Not Active
2026/07/20 00:57:33.037, 0, ${V100_GPU_0_UUID}, 00000000:01:00.0, 892, 877, 32.39, 150.00, 55, 54, 0, 316, P0, Not Active, Not Active, Not Active
2026/07/20 00:57:33.043, 1, ${V100_GPU_1_UUID}, 00000000:02:00.0, 892, 877, 30.30, 150.00, 53, 52, 0, 316, P0, Not Active, Not Active, Not Active
2026/07/20 00:57:33.150, 0, ${V100_GPU_0_UUID}, 00000000:01:00.0, 892, 877, 32.39, 150.00, 55, 54, 0, 316, P0, Not Active, Not Active, Not Active
2026/07/20 00:57:33.160, 1, ${V100_GPU_1_UUID}, 00000000:02:00.0, 892, 877, 30.30, 150.00, 53, 52, 0, 316, P0, Not Active, Not Active, Not Active
2026/07/20 00:57:33.250, 0, ${V100_GPU_0_UUID}, 00000000:01:00.0, 892, 877, 32.37, 150.00, 55, 54, 0, 316, P0, Not Active, Not Active, Not Active
2026/07/20 00:57:33.256, 1, ${V100_GPU_1_UUID}, 00000000:02:00.0, 892, 877, 30.30, 150.00, 53, 52, 0, 316, P0, Not Active, Not Active, Not Active
2026/07/20 00:57:33.366, 0, ${V100_GPU_0_UUID}, 00000000:01:00.0, 892, 877, 32.39, 150.00, 55, 54, 0, 316, P0, Not Active, Not Active, Not Active
2026/07/20 00:57:33.376, 1, ${V100_GPU_1_UUID}, 00000000:02:00.0, 892, 877, 29.82, 150.00, 53, 52, 0, 316, P0, Not Active, Not Active, Not Active
2026/07/20 00:57:33.482, 0, ${V100_GPU_0_UUID}, 00000000:01:00.0, 892, 877, 32.39, 150.00, 55, 54, 0, 316, P0, Not Active, Not Active, Not Active
2026/07/20 00:57:33.496, 1, ${V100_GPU_1_UUID}, 00000000:02:00.0, 892, 877, 29.82, 150.00, 53, 52, 0, 316, P0, Not Active, Not Active, Not Active
2026/07/20 00:57:33.597, 0, ${V100_GPU_0_UUID}, 00000000:01:00.0, 892, 877, 32.39, 150.00, 55, 54, 0, 316, P0, Not Active, Not Active, Not Active
2026/07/20 00:57:33.606, 1, ${V100_GPU_1_UUID}, 00000000:02:00.0, 892, 877, 30.30, 150.00, 53, 52, 0, 316, P0, Not Active, Not Active, Not Active
2026/07/20 00:57:33.692, 0, ${V100_GPU_0_UUID}, 00000000:01:00.0, 892, 877, 32.37, 150.00, 55, 54, 0, 316, P0, Not Active, Not Active, Not Active
2026/07/20 00:57:33.698, 1, ${V100_GPU_1_UUID}, 00000000:02:00.0, 892, 877, 30.30, 150.00, 53, 52, 0, 316, P0, Not Active, Not Active, Not Active
2026/07/20 00:57:33.797, 0, ${V100_GPU_0_UUID}, 00000000:01:00.0, 892, 877, 32.39, 150.00, 55, 54, 0, 316, P0, Not Active, Not Active, Not Active
2026/07/20 00:57:33.808, 1, ${V100_GPU_1_UUID}, 00000000:02:00.0, 892, 877, 29.82, 150.00, 53, 52, 0, 316, P0, Not Active, Not Active, Not Active
2026/07/20 00:57:33.906, 0, ${V100_GPU_0_UUID}, 00000000:01:00.0, 892, 877, 32.39, 150.00, 55, 54, 0, 316, P0, Not Active, Not Active, Not Active
2026/07/20 00:57:33.915, 1, ${V100_GPU_1_UUID}, 00000000:02:00.0, 892, 877, 30.30, 150.00, 53, 52, 0, 316, P0, Not Active, Not Active, Not Active
2026/07/20 00:57:34.007, 0, ${V100_GPU_0_UUID}, 00000000:01:00.0, 892, 877, 32.39, 150.00, 55, 54, 0, 316, P0, Not Active, Not Active, Not Active
2026/07/20 00:57:34.016, 1, ${V100_GPU_1_UUID}, 00000000:02:00.0, 892, 877, 29.82, 150.00, 53, 52, 0, 316, P0, Not Active, Not Active, Not Active
2026/07/20 00:57:34.133, 0, ${V100_GPU_0_UUID}, 00000000:01:00.0, 892, 877, 32.39, 150.00, 55, 54, 0, 316, P0, Not Active, Not Active, Not Active
2026/07/20 00:57:34.141, 1, ${V100_GPU_1_UUID}, 00000000:02:00.0, 892, 877, 29.82, 150.00, 53, 52, 0, 316, P0, Not Active, Not Active, Not Active
2026/07/20 00:57:34.250, 0, ${V100_GPU_0_UUID}, 00000000:01:00.0, 892, 877, 32.39, 150.00, 55, 54, 0, 316, P0, Not Active, Not Active, Not Active
2026/07/20 00:57:34.258, 1, ${V100_GPU_1_UUID}, 00000000:02:00.0, 892, 877, 30.30, 150.00, 53, 52, 0, 316, P0, Not Active, Not Active, Not Active
2026/07/20 00:57:34.356, 0, ${V100_GPU_0_UUID}, 00000000:01:00.0, 892, 877, 32.39, 150.00, 55, 54, 0, 316, P0, Not Active, Not Active, Not Active
2026/07/20 00:57:34.368, 1, ${V100_GPU_1_UUID}, 00000000:02:00.0, 892, 877, 30.30, 150.00, 53, 52, 0, 316, P0, Not Active, Not Active, Not Active
2026/07/20 00:57:34.492, 0, ${V100_GPU_0_UUID}, 00000000:01:00.0, 892, 877, 32.39, 150.00, 55, 54, 0, 316, P0, Not Active, Not Active, Not Active
2026/07/20 00:57:34.499, 1, ${V100_GPU_1_UUID}, 00000000:02:00.0, 892, 877, 30.30, 150.00, 53, 52, 0, 316, P0, Not Active, Not Active, Not Active
2026/07/20 00:57:34.586, 0, ${V100_GPU_0_UUID}, 00000000:01:00.0, 892, 877, 32.39, 150.00, 55, 54, 0, 316, P0, Not Active, Not Active, Not Active
2026/07/20 00:57:34.593, 1, ${V100_GPU_1_UUID}, 00000000:02:00.0, 892, 877, 30.30, 150.00, 53, 52, 0, 316, P0, Not Active, Not Active, Not Active
2026/07/20 00:57:34.709, 0, ${V100_GPU_0_UUID}, 00000000:01:00.0, 892, 877, 32.39, 150.00, 55, 54, 0, 316, P0, Not Active, Not Active, Not Active
2026/07/20 00:57:34.716, 1, ${V100_GPU_1_UUID}, 00000000:02:00.0, 892, 877, 29.82, 150.00, 53, 52, 0, 316, P0, Not Active, Not Active, Not Active
2026/07/20 00:57:34.802, 0, ${V100_GPU_0_UUID}, 00000000:01:00.0, 892, 877, 32.39, 150.00, 55, 54, 0, 316, P0, Not Active, Not Active, Not Active
2026/07/20 00:57:34.809, 1, ${V100_GPU_1_UUID}, 00000000:02:00.0, 892, 877, 29.82, 150.00, 53, 52, 0, 316, P0, Not Active, Not Active, Not Active
2026/07/20 00:57:34.899, 0, ${V100_GPU_0_UUID}, 00000000:01:00.0, 892, 877, 32.37, 150.00, 55, 54, 0, 316, P0, Not Active, Not Active, Not Active
2026/07/20 00:57:34.905, 1, ${V100_GPU_1_UUID}, 00000000:02:00.0, 892, 877, 29.82, 150.00, 53, 52, 0, 316, P0, Not Active, Not Active, Not Active
2026/07/20 00:57:35.016, 0, ${V100_GPU_0_UUID}, 00000000:01:00.0, 892, 877, 32.39, 150.00, 55, 54, 0, 316, P0, Not Active, Not Active, Not Active
2026/07/20 00:57:35.025, 1, ${V100_GPU_1_UUID}, 00000000:02:00.0, 892, 877, 30.30, 150.00, 53, 52, 0, 316, P0, Not Active, Not Active, Not Active
2026/07/20 00:57:35.127, 0, ${V100_GPU_0_UUID}, 00000000:01:00.0, 892, 877, 32.39, 150.00, 55, 54, 0, 316, P0, Not Active, Not Active, Not Active
2026/07/20 00:57:35.140, 1, ${V100_GPU_1_UUID}, 00000000:02:00.0, 892, 877, 30.30, 150.00, 53, 52, 0, 316, P0, Not Active, Not Active, Not Active
2026/07/20 00:57:35.256, 0, ${V100_GPU_0_UUID}, 00000000:01:00.0, 892, 877, 32.39, 150.00, 55, 54, 0, 316, P0, Not Active, Not Active, Not Active
2026/07/20 00:57:35.264, 1, ${V100_GPU_1_UUID}, 00000000:02:00.0, 892, 877, 29.82, 150.00, 53, 52, 0, 316, P0, Not Active, Not Active, Not Active
2026/07/20 00:57:35.359, 0, ${V100_GPU_0_UUID}, 00000000:01:00.0, 892, 877, 32.39, 150.00, 55, 54, 0, 316, P0, Not Active, Not Active, Not Active
2026/07/20 00:57:35.368, 1, ${V100_GPU_1_UUID}, 00000000:02:00.0, 892, 877, 29.82, 150.00, 53, 52, 0, 316, P0, Not Active, Not Active, Not Active
2026/07/20 00:57:35.483, 0, ${V100_GPU_0_UUID}, 00000000:01:00.0, 892, 877, 32.39, 150.00, 55, 54, 0, 316, P0, Not Active, Not Active, Not Active
2026/07/20 00:57:35.491, 1, ${V100_GPU_1_UUID}, 00000000:02:00.0, 892, 877, 30.30, 150.00, 53, 52, 0, 316, P0, Not Active, Not Active, Not Active
2026/07/20 00:57:35.587, 0, ${V100_GPU_0_UUID}, 00000000:01:00.0, 892, 877, 32.39, 150.00, 55, 54, 0, 316, P0, Not Active, Not Active, Not Active
2026/07/20 00:57:35.598, 1, ${V100_GPU_1_UUID}, 00000000:02:00.0, 892, 877, 29.82, 150.00, 53, 52, 0, 316, P0, Not Active, Not Active, Not Active
2026/07/20 00:57:35.716, 0, ${V100_GPU_0_UUID}, 00000000:01:00.0, 892, 877, 32.39, 150.00, 55, 54, 0, 316, P0, Not Active, Not Active, Not Active
2026/07/20 00:57:35.725, 1, ${V100_GPU_1_UUID}, 00000000:02:00.0, 892, 877, 30.30, 150.00, 53, 52, 0, 316, P0, Not Active, Not Active, Not Active
2026/07/20 00:57:35.833, 0, ${V100_GPU_0_UUID}, 00000000:01:00.0, 892, 877, 32.39, 150.00, 55, 54, 0, 316, P0, Not Active, Not Active, Not Active
2026/07/20 00:57:35.844, 1, ${V100_GPU_1_UUID}, 00000000:02:00.0, 892, 877, 29.82, 150.00, 53, 52, 0, 316, P0, Not Active, Not Active, Not Active
2026/07/20 00:57:35.945, 0, ${V100_GPU_0_UUID}, 00000000:01:00.0, 892, 877, 32.39, 150.00, 55, 54, 0, 316, P0, Not Active, Not Active, Not Active
2026/07/20 00:57:35.951, 1, ${V100_GPU_1_UUID}, 00000000:02:00.0, 892, 877, 30.30, 150.00, 53, 52, 0, 316, P0, Not Active, Not Active, Not Active
2026/07/20 00:57:36.051, 0, ${V100_GPU_0_UUID}, 00000000:01:00.0, 892, 877, 32.39, 150.00, 55, 54, 0, 316, P0, Not Active, Not Active, Not Active
2026/07/20 00:57:36.062, 1, ${V100_GPU_1_UUID}, 00000000:02:00.0, 892, 877, 30.30, 150.00, 53, 52, 0, 316, P0, Not Active, Not Active, Not Active
2026/07/20 00:57:36.168, 0, ${V100_GPU_0_UUID}, 00000000:01:00.0, 892, 877, 32.39, 150.00, 55, 54, 0, 316, P0, Not Active, Not Active, Not Active
2026/07/20 00:57:36.180, 1, ${V100_GPU_1_UUID}, 00000000:02:00.0, 892, 877, 30.30, 150.00, 53, 52, 0, 316, P0, Not Active, Not Active, Not Active
2026/07/20 00:57:36.293, 0, ${V100_GPU_0_UUID}, 00000000:01:00.0, 892, 877, 32.39, 150.00, 55, 54, 0, 316, P0, Not Active, Not Active, Not Active
2026/07/20 00:57:36.301, 1, ${V100_GPU_1_UUID}, 00000000:02:00.0, 892, 877, 30.30, 150.00, 53, 52, 0, 316, P0, Not Active, Not Active, Not Active
2026/07/20 00:57:36.400, 0, ${V100_GPU_0_UUID}, 00000000:01:00.0, 892, 877, 32.39, 150.00, 55, 54, 0, 316, P0, Not Active, Not Active, Not Active
2026/07/20 00:57:36.412, 1, ${V100_GPU_1_UUID}, 00000000:02:00.0, 892, 877, 30.30, 150.00, 53, 52, 0, 316, P0, Not Active, Not Active, Not Active
2026/07/20 00:57:36.500, 0, ${V100_GPU_0_UUID}, 00000000:01:00.0, 892, 877, 32.37, 150.00, 55, 54, 0, 316, P0, Not Active, Not Active, Not Active
2026/07/20 00:57:36.506, 1, ${V100_GPU_1_UUID}, 00000000:02:00.0, 892, 877, 30.28, 150.00, 53, 52, 0, 316, P0, Not Active, Not Active, Not Active
2026/07/20 00:57:36.589, 0, ${V100_GPU_0_UUID}, 00000000:01:00.0, 892, 877, 32.37, 150.00, 55, 54, 0, 316, P0, Not Active, Not Active, Not Active
2026/07/20 00:57:36.594, 1, ${V100_GPU_1_UUID}, 00000000:02:00.0, 892, 877, 30.28, 150.00, 53, 52, 0, 316, P0, Not Active, Not Active, Not Active
2026/07/20 00:57:36.679, 0, ${V100_GPU_0_UUID}, 00000000:01:00.0, 892, 877, 32.37, 150.00, 55, 54, 0, 316, P0, Not Active, Not Active, Not Active
2026/07/20 00:57:36.684, 1, ${V100_GPU_1_UUID}, 00000000:02:00.0, 892, 877, 29.82, 150.00, 53, 52, 0, 316, P0, Not Active, Not Active, Not Active
2026/07/20 00:57:36.768, 0, ${V100_GPU_0_UUID}, 00000000:01:00.0, 892, 877, 32.37, 150.00, 55, 54, 0, 316, P0, Not Active, Not Active, Not Active
2026/07/20 00:57:36.774, 1, ${V100_GPU_1_UUID}, 00000000:02:00.0, 892, 877, 29.80, 150.00, 53, 52, 0, 316, P0, Not Active, Not Active, Not Active
2026/07/20 00:57:36.857, 0, ${V100_GPU_0_UUID}, 00000000:01:00.0, 892, 877, 32.37, 150.00, 55, 54, 0, 316, P0, Not Active, Not Active, Not Active
2026/07/20 00:57:36.863, 1, ${V100_GPU_1_UUID}, 00000000:02:00.0, 892, 877, 30.28, 150.00, 53, 52, 0, 316, P0, Not Active, Not Active, Not Active
2026/07/20 00:57:36.948, 0, ${V100_GPU_0_UUID}, 00000000:01:00.0, 892, 877, 32.39, 150.00, 55, 54, 0, 316, P0, Not Active, Not Active, Not Active
2026/07/20 00:57:36.968, 1, ${V100_GPU_1_UUID}, 00000000:02:00.0, 892, 877, 30.30, 150.00, 53, 52, 0, 316, P0, Not Active, Not Active, Not Active
2026/07/20 00:57:37.084, 0, ${V100_GPU_0_UUID}, 00000000:01:00.0, 892, 877, 32.39, 150.00, 55, 54, 0, 316, P0, Not Active, Not Active, Not Active
2026/07/20 00:57:37.094, 1, ${V100_GPU_1_UUID}, 00000000:02:00.0, 892, 877, 30.30, 150.00, 53, 52, 0, 316, P0, Not Active, Not Active, Not Active
2026/07/20 00:57:37.182, 0, ${V100_GPU_0_UUID}, 00000000:01:00.0, 892, 877, 32.37, 150.00, 55, 54, 0, 316, P0, Not Active, Not Active, Not Active
2026/07/20 00:57:37.188, 1, ${V100_GPU_1_UUID}, 00000000:02:00.0, 892, 877, 30.28, 150.00, 53, 52, 0, 316, P0, Not Active, Not Active, Not Active
2026/07/20 00:57:37.301, 0, ${V100_GPU_0_UUID}, 00000000:01:00.0, 892, 877, 32.39, 150.00, 55, 54, 0, 316, P0, Not Active, Not Active, Not Active
2026/07/20 00:57:37.308, 1, ${V100_GPU_1_UUID}, 00000000:02:00.0, 892, 877, 29.82, 150.00, 53, 52, 0, 316, P0, Not Active, Not Active, Not Active
2026/07/20 00:57:37.394, 0, ${V100_GPU_0_UUID}, 00000000:01:00.0, 892, 877, 32.39, 150.00, 55, 54, 0, 316, P0, Not Active, Not Active, Not Active
2026/07/20 00:57:37.400, 1, ${V100_GPU_1_UUID}, 00000000:02:00.0, 892, 877, 30.30, 150.00, 53, 52, 0, 316, P0, Not Active, Not Active, Not Active
2026/07/20 00:57:37.514, 0, ${V100_GPU_0_UUID}, 00000000:01:00.0, 892, 877, 32.39, 150.00, 55, 54, 0, 316, P0, Not Active, Not Active, Not Active
2026/07/20 00:57:37.520, 1, ${V100_GPU_1_UUID}, 00000000:02:00.0, 892, 877, 30.30, 150.00, 53, 52, 0, 316, P0, Not Active, Not Active, Not Active
2026/07/20 00:57:37.610, 0, ${V100_GPU_0_UUID}, 00000000:01:00.0, 892, 877, 32.39, 150.00, 55, 54, 0, 316, P0, Not Active, Not Active, Not Active
2026/07/20 00:57:37.618, 1, ${V100_GPU_1_UUID}, 00000000:02:00.0, 892, 877, 30.30, 150.00, 53, 52, 0, 316, P0, Not Active, Not Active, Not Active
2026/07/20 00:57:37.736, 0, ${V100_GPU_0_UUID}, 00000000:01:00.0, 892, 877, 32.37, 150.00, 55, 54, 0, 316, P0, Not Active, Not Active, Not Active
2026/07/20 00:57:37.742, 1, ${V100_GPU_1_UUID}, 00000000:02:00.0, 892, 877, 30.30, 150.00, 53, 52, 0, 316, P0, Not Active, Not Active, Not Active
2026/07/20 00:57:37.838, 0, ${V100_GPU_0_UUID}, 00000000:01:00.0, 892, 877, 32.39, 150.00, 55, 54, 0, 316, P0, Not Active, Not Active, Not Active
2026/07/20 00:57:37.849, 1, ${V100_GPU_1_UUID}, 00000000:02:00.0, 892, 877, 29.82, 150.00, 53, 52, 0, 316, P0, Not Active, Not Active, Not Active
2026/07/20 00:57:37.967, 0, ${V100_GPU_0_UUID}, 00000000:01:00.0, 892, 877, 32.39, 150.00, 55, 54, 0, 316, P0, Not Active, Not Active, Not Active
2026/07/20 00:57:37.975, 1, ${V100_GPU_1_UUID}, 00000000:02:00.0, 892, 877, 29.82, 150.00, 53, 52, 0, 316, P0, Not Active, Not Active, Not Active
2026/07/20 00:57:38.074, 0, ${V100_GPU_0_UUID}, 00000000:01:00.0, 892, 877, 32.39, 150.00, 55, 54, 0, 316, P0, Not Active, Not Active, Not Active
2026/07/20 00:57:38.085, 1, ${V100_GPU_1_UUID}, 00000000:02:00.0, 892, 877, 30.30, 150.00, 53, 52, 0, 316, P0, Not Active, Not Active, Not Active
2026/07/20 00:57:38.202, 0, ${V100_GPU_0_UUID}, 00000000:01:00.0, 892, 877, 32.39, 150.00, 55, 54, 0, 316, P0, Not Active, Not Active, Not Active
2026/07/20 00:57:38.209, 1, ${V100_GPU_1_UUID}, 00000000:02:00.0, 892, 877, 30.30, 150.00, 53, 52, 0, 316, P0, Not Active, Not Active, Not Active
2026/07/20 00:57:38.297, 0, ${V100_GPU_0_UUID}, 00000000:01:00.0, 892, 877, 32.39, 150.00, 55, 54, 0, 316, P0, Not Active, Not Active, Not Active
2026/07/20 00:57:38.304, 1, ${V100_GPU_1_UUID}, 00000000:02:00.0, 892, 877, 30.30, 150.00, 53, 52, 0, 316, P0, Not Active, Not Active, Not Active
2026/07/20 00:57:38.407, 0, ${V100_GPU_0_UUID}, 00000000:01:00.0, 892, 877, 32.39, 150.00, 55, 54, 0, 316, P0, Not Active, Not Active, Not Active
2026/07/20 00:57:38.418, 1, ${V100_GPU_1_UUID}, 00000000:02:00.0, 892, 877, 30.30, 150.00, 53, 52, 0, 316, P0, Not Active, Not Active, Not Active
2026/07/20 00:57:38.529, 0, ${V100_GPU_0_UUID}, 00000000:01:00.0, 892, 877, 32.39, 150.00, 55, 54, 0, 316, P0, Not Active, Not Active, Not Active
2026/07/20 00:57:38.536, 1, ${V100_GPU_1_UUID}, 00000000:02:00.0, 892, 877, 30.30, 150.00, 53, 52, 0, 316, P0, Not Active, Not Active, Not Active
2026/07/20 00:57:38.625, 0, ${V100_GPU_0_UUID}, 00000000:01:00.0, 892, 877, 32.39, 150.00, 55, 54, 0, 316, P0, Not Active, Not Active, Not Active
2026/07/20 00:57:38.633, 1, ${V100_GPU_1_UUID}, 00000000:02:00.0, 892, 877, 30.30, 150.00, 53, 52, 0, 316, P0, Not Active, Not Active, Not Active
2026/07/20 00:57:38.723, 0, ${V100_GPU_0_UUID}, 00000000:01:00.0, 892, 877, 32.39, 150.00, 55, 54, 0, 316, P0, Not Active, Not Active, Not Active
2026/07/20 00:57:38.729, 1, ${V100_GPU_1_UUID}, 00000000:02:00.0, 892, 877, 30.30, 150.00, 53, 52, 0, 316, P0, Not Active, Not Active, Not Active
2026/07/20 00:57:38.815, 0, ${V100_GPU_0_UUID}, 00000000:01:00.0, 892, 877, 32.37, 150.00, 55, 54, 0, 316, P0, Not Active, Not Active, Not Active
2026/07/20 00:57:38.822, 1, ${V100_GPU_1_UUID}, 00000000:02:00.0, 892, 877, 30.28, 150.00, 53, 52, 0, 316, P0, Not Active, Not Active, Not Active
2026/07/20 00:57:38.906, 0, ${V100_GPU_0_UUID}, 00000000:01:00.0, 892, 877, 32.37, 150.00, 55, 54, 0, 316, P0, Not Active, Not Active, Not Active
2026/07/20 00:57:38.911, 1, ${V100_GPU_1_UUID}, 00000000:02:00.0, 892, 877, 30.30, 150.00, 53, 52, 0, 316, P0, Not Active, Not Active, Not Active
2026/07/20 00:57:39.012, 0, ${V100_GPU_0_UUID}, 00000000:01:00.0, 892, 877, 32.39, 150.00, 55, 54, 0, 316, P0, Not Active, Not Active, Not Active
2026/07/20 00:57:39.023, 1, ${V100_GPU_1_UUID}, 00000000:02:00.0, 892, 877, 29.82, 150.00, 53, 52, 0, 316, P0, Not Active, Not Active, Not Active
2026/07/20 00:57:39.119, 0, ${V100_GPU_0_UUID}, 00000000:01:00.0, 892, 877, 32.37, 150.00, 55, 54, 0, 316, P0, Not Active, Not Active, Not Active
2026/07/20 00:57:39.126, 1, ${V100_GPU_1_UUID}, 00000000:02:00.0, 892, 877, 30.28, 150.00, 53, 52, 0, 316, P0, Not Active, Not Active, Not Active
2026/07/20 00:57:39.210, 0, ${V100_GPU_0_UUID}, 00000000:01:00.0, 892, 877, 32.37, 150.00, 55, 54, 0, 316, P0, Not Active, Not Active, Not Active
2026/07/20 00:57:39.216, 1, ${V100_GPU_1_UUID}, 00000000:02:00.0, 892, 877, 29.82, 150.00, 53, 52, 0, 316, P0, Not Active, Not Active, Not Active
2026/07/20 00:57:39.326, 0, ${V100_GPU_0_UUID}, 00000000:01:00.0, 892, 877, 32.37, 150.00, 55, 54, 0, 316, P0, Not Active, Not Active, Not Active
2026/07/20 00:57:39.332, 1, ${V100_GPU_1_UUID}, 00000000:02:00.0, 892, 877, 30.30, 150.00, 53, 52, 0, 316, P0, Not Active, Not Active, Not Active
2026/07/20 00:57:39.416, 0, ${V100_GPU_0_UUID}, 00000000:01:00.0, 892, 877, 32.37, 150.00, 55, 54, 0, 316, P0, Not Active, Not Active, Not Active
2026/07/20 00:57:39.423, 1, ${V100_GPU_1_UUID}, 00000000:02:00.0, 892, 877, 30.28, 150.00, 53, 52, 0, 316, P0, Not Active, Not Active, Not Active
2026/07/20 00:57:39.507, 0, ${V100_GPU_0_UUID}, 00000000:01:00.0, 892, 877, 32.37, 150.00, 55, 54, 0, 316, P0, Not Active, Not Active, Not Active
2026/07/20 00:57:39.512, 1, ${V100_GPU_1_UUID}, 00000000:02:00.0, 892, 877, 29.82, 150.00, 53, 52, 0, 316, P0, Not Active, Not Active, Not Active
2026/07/20 00:57:39.618, 0, ${V100_GPU_0_UUID}, 00000000:01:00.0, 892, 877, 32.39, 150.00, 55, 54, 0, 316, P0, Not Active, Not Active, Not Active
2026/07/20 00:57:39.630, 1, ${V100_GPU_1_UUID}, 00000000:02:00.0, 892, 877, 30.30, 150.00, 53, 52, 0, 316, P0, Not Active, Not Active, Not Active
2026/07/20 00:57:39.737, 0, ${V100_GPU_0_UUID}, 00000000:01:00.0, 892, 877, 32.39, 150.00, 55, 54, 0, 316, P0, Not Active, Not Active, Not Active
2026/07/20 00:57:39.750, 1, ${V100_GPU_1_UUID}, 00000000:02:00.0, 892, 877, 30.30, 150.00, 53, 52, 0, 316, P0, Not Active, Not Active, Not Active
2026/07/20 00:57:39.841, 0, ${V100_GPU_0_UUID}, 00000000:01:00.0, 892, 877, 32.39, 150.00, 55, 54, 0, 316, P0, Not Active, Not Active, Not Active
2026/07/20 00:57:39.846, 1, ${V100_GPU_1_UUID}, 00000000:02:00.0, 892, 877, 30.30, 150.00, 53, 52, 0, 316, P0, Not Active, Not Active, Not Active
2026/07/20 00:57:39.961, 0, ${V100_GPU_0_UUID}, 00000000:01:00.0, 892, 877, 32.39, 150.00, 55, 54, 0, 316, P0, Not Active, Not Active, Not Active
2026/07/20 00:57:39.970, 1, ${V100_GPU_1_UUID}, 00000000:02:00.0, 892, 877, 29.82, 150.00, 53, 52, 0, 316, P0, Not Active, Not Active, Not Active
2026/07/20 00:57:40.055, 0, ${V100_GPU_0_UUID}, 00000000:01:00.0, 892, 877, 32.39, 150.00, 55, 54, 0, 316, P0, Not Active, Not Active, Not Active
2026/07/20 00:57:40.060, 1, ${V100_GPU_1_UUID}, 00000000:02:00.0, 892, 877, 29.82, 150.00, 53, 52, 0, 316, P0, Not Active, Not Active, Not Active
2026/07/20 00:57:40.173, 0, ${V100_GPU_0_UUID}, 00000000:01:00.0, 892, 877, 32.39, 150.00, 55, 54, 0, 316, P0, Not Active, Not Active, Not Active
2026/07/20 00:57:40.181, 1, ${V100_GPU_1_UUID}, 00000000:02:00.0, 892, 877, 30.30, 150.00, 53, 52, 0, 316, P0, Not Active, Not Active, Not Active
2026/07/20 00:57:40.290, 0, ${V100_GPU_0_UUID}, 00000000:01:00.0, 892, 877, 32.39, 150.00, 55, 54, 0, 316, P0, Not Active, Not Active, Not Active
2026/07/20 00:57:40.301, 1, ${V100_GPU_1_UUID}, 00000000:02:00.0, 892, 877, 30.30, 150.00, 53, 52, 0, 316, P0, Not Active, Not Active, Not Active
2026/07/20 00:57:40.413, 0, ${V100_GPU_0_UUID}, 00000000:01:00.0, 892, 877, 32.39, 150.00, 55, 54, 0, 316, P0, Not Active, Not Active, Not Active
2026/07/20 00:57:40.422, 1, ${V100_GPU_1_UUID}, 00000000:02:00.0, 892, 877, 30.30, 150.00, 53, 52, 0, 316, P0, Not Active, Not Active, Not Active
2026/07/20 00:57:40.511, 0, ${V100_GPU_0_UUID}, 00000000:01:00.0, 892, 877, 32.37, 150.00, 55, 54, 0, 316, P0, Not Active, Not Active, Not Active
2026/07/20 00:57:40.517, 1, ${V100_GPU_1_UUID}, 00000000:02:00.0, 892, 877, 30.30, 150.00, 53, 52, 0, 316, P0, Not Active, Not Active, Not Active
2026/07/20 00:57:40.626, 0, ${V100_GPU_0_UUID}, 00000000:01:00.0, 892, 877, 32.37, 150.00, 55, 54, 0, 316, P0, Not Active, Not Active, Not Active
2026/07/20 00:57:40.632, 1, ${V100_GPU_1_UUID}, 00000000:02:00.0, 892, 877, 30.28, 150.00, 53, 52, 0, 316, P0, Not Active, Not Active, Not Active
2026/07/20 00:57:40.716, 0, ${V100_GPU_0_UUID}, 00000000:01:00.0, 892, 877, 32.37, 150.00, 55, 54, 0, 316, P0, Not Active, Not Active, Not Active
2026/07/20 00:57:40.722, 1, ${V100_GPU_1_UUID}, 00000000:02:00.0, 892, 877, 30.28, 150.00, 53, 52, 0, 316, P0, Not Active, Not Active, Not Active
2026/07/20 00:57:40.806, 0, ${V100_GPU_0_UUID}, 00000000:01:00.0, 892, 877, 32.37, 150.00, 55, 54, 0, 316, P0, Not Active, Not Active, Not Active
2026/07/20 00:57:40.813, 1, ${V100_GPU_1_UUID}, 00000000:02:00.0, 892, 877, 29.80, 150.00, 53, 52, 0, 316, P0, Not Active, Not Active, Not Active
2026/07/20 00:57:40.918, 0, ${V100_GPU_0_UUID}, 00000000:01:00.0, 892, 877, 32.37, 150.00, 55, 54, 0, 316, P0, Not Active, Not Active, Not Active
2026/07/20 00:57:40.924, 1, ${V100_GPU_1_UUID}, 00000000:02:00.0, 892, 877, 30.30, 150.00, 53, 52, 0, 316, P0, Not Active, Not Active, Not Active
2026/07/20 00:57:41.010, 0, ${V100_GPU_0_UUID}, 00000000:01:00.0, 892, 877, 32.37, 150.00, 55, 54, 0, 316, P0, Not Active, Not Active, Not Active
2026/07/20 00:57:41.017, 1, ${V100_GPU_1_UUID}, 00000000:02:00.0, 892, 877, 30.30, 150.00, 53, 52, 0, 316, P0, Not Active, Not Active, Not Active
2026/07/20 00:57:41.115, 0, ${V100_GPU_0_UUID}, 00000000:01:00.0, 892, 877, 32.39, 150.00, 55, 54, 0, 316, P0, Not Active, Not Active, Not Active
2026/07/20 00:57:41.125, 1, ${V100_GPU_1_UUID}, 00000000:02:00.0, 892, 877, 30.30, 150.00, 53, 52, 0, 316, P0, Not Active, Not Active, Not Active
2026/07/20 00:57:41.212, 0, ${V100_GPU_0_UUID}, 00000000:01:00.0, 892, 877, 32.39, 150.00, 55, 54, 0, 316, P0, Not Active, Not Active, Not Active
2026/07/20 00:57:41.217, 1, ${V100_GPU_1_UUID}, 00000000:02:00.0, 892, 877, 30.30, 150.00, 53, 52, 0, 316, P0, Not Active, Not Active, Not Active
2026/07/20 00:57:41.302, 0, ${V100_GPU_0_UUID}, 00000000:01:00.0, 892, 877, 32.39, 150.00, 55, 54, 0, 316, P0, Not Active, Not Active, Not Active
2026/07/20 00:57:41.308, 1, ${V100_GPU_1_UUID}, 00000000:02:00.0, 892, 877, 30.30, 150.00, 53, 52, 0, 316, P0, Not Active, Not Active, Not Active
2026/07/20 00:57:41.396, 0, ${V100_GPU_0_UUID}, 00000000:01:00.0, 892, 877, 32.37, 150.00, 55, 54, 0, 316, P0, Not Active, Not Active, Not Active
2026/07/20 00:57:41.404, 1, ${V100_GPU_1_UUID}, 00000000:02:00.0, 892, 877, 30.30, 150.00, 53, 52, 0, 316, P0, Not Active, Not Active, Not Active
2026/07/20 00:57:41.521, 0, ${V100_GPU_0_UUID}, 00000000:01:00.0, 892, 877, 32.39, 150.00, 55, 54, 0, 316, P0, Not Active, Not Active, Not Active
2026/07/20 00:57:41.529, 1, ${V100_GPU_1_UUID}, 00000000:02:00.0, 892, 877, 30.30, 150.00, 53, 52, 0, 316, P0, Not Active, Not Active, Not Active
2026/07/20 00:57:41.624, 0, ${V100_GPU_0_UUID}, 00000000:01:00.0, 892, 877, 32.39, 150.00, 55, 54, 0, 316, P0, Not Active, Not Active, Not Active
2026/07/20 00:57:41.643, 1, ${V100_GPU_1_UUID}, 00000000:02:00.0, 892, 877, 29.82, 150.00, 53, 52, 0, 316, P0, Not Active, Not Active, Not Active
2026/07/20 00:57:41.761, 0, ${V100_GPU_0_UUID}, 00000000:01:00.0, 892, 877, 32.39, 150.00, 55, 54, 0, 316, P0, Not Active, Not Active, Not Active
2026/07/20 00:57:41.770, 1, ${V100_GPU_1_UUID}, 00000000:02:00.0, 892, 877, 30.30, 150.00, 53, 52, 0, 316, P0, Not Active, Not Active, Not Active
2026/07/20 00:57:41.858, 0, ${V100_GPU_0_UUID}, 00000000:01:00.0, 892, 877, 32.37, 150.00, 55, 54, 0, 316, P0, Not Active, Not Active, Not Active
2026/07/20 00:57:41.864, 1, ${V100_GPU_1_UUID}, 00000000:02:00.0, 892, 877, 29.82, 150.00, 53, 52, 0, 316, P0, Not Active, Not Active, Not Active
2026/07/20 00:57:41.971, 0, ${V100_GPU_0_UUID}, 00000000:01:00.0, 892, 877, 32.39, 150.00, 55, 54, 0, 316, P0, Not Active, Not Active, Not Active
2026/07/20 00:57:41.981, 1, ${V100_GPU_1_UUID}, 00000000:02:00.0, 892, 877, 30.30, 150.00, 53, 52, 0, 316, P0, Not Active, Not Active, Not Active
2026/07/20 00:57:42.095, 0, ${V100_GPU_0_UUID}, 00000000:01:00.0, 892, 877, 32.39, 150.00, 55, 54, 0, 316, P0, Not Active, Not Active, Not Active
2026/07/20 00:57:42.103, 1, ${V100_GPU_1_UUID}, 00000000:02:00.0, 892, 877, 30.30, 150.00, 53, 52, 0, 316, P0, Not Active, Not Active, Not Active
2026/07/20 00:57:42.204, 0, ${V100_GPU_0_UUID}, 00000000:01:00.0, 892, 877, 32.39, 150.00, 55, 54, 0, 316, P0, Not Active, Not Active, Not Active
2026/07/20 00:57:42.215, 1, ${V100_GPU_1_UUID}, 00000000:02:00.0, 892, 877, 29.82, 150.00, 53, 52, 0, 316, P0, Not Active, Not Active, Not Active
2026/07/20 00:57:42.329, 0, ${V100_GPU_0_UUID}, 00000000:01:00.0, 892, 877, 32.39, 150.00, 55, 54, 0, 316, P0, Not Active, Not Active, Not Active
2026/07/20 00:57:42.338, 1, ${V100_GPU_1_UUID}, 00000000:02:00.0, 892, 877, 29.82, 150.00, 53, 52, 0, 316, P0, Not Active, Not Active, Not Active
2026/07/20 00:57:42.430, 0, ${V100_GPU_0_UUID}, 00000000:01:00.0, 892, 877, 32.39, 150.00, 55, 54, 0, 316, P0, Not Active, Not Active, Not Active
2026/07/20 00:57:42.440, 1, ${V100_GPU_1_UUID}, 00000000:02:00.0, 892, 877, 30.30, 150.00, 53, 52, 0, 316, P0, Not Active, Not Active, Not Active
2026/07/20 00:57:42.558, 0, ${V100_GPU_0_UUID}, 00000000:01:00.0, 892, 877, 32.39, 150.00, 55, 54, 0, 316, P0, Not Active, Not Active, Not Active
2026/07/20 00:57:42.565, 1, ${V100_GPU_1_UUID}, 00000000:02:00.0, 892, 877, 30.30, 150.00, 53, 52, 0, 316, P0, Not Active, Not Active, Not Active
2026/07/20 00:57:42.665, 0, ${V100_GPU_0_UUID}, 00000000:01:00.0, 892, 877, 32.39, 150.00, 55, 54, 0, 316, P0, Not Active, Not Active, Not Active
2026/07/20 00:57:42.676, 1, ${V100_GPU_1_UUID}, 00000000:02:00.0, 892, 877, 30.30, 150.00, 53, 52, 0, 316, P0, Not Active, Not Active, Not Active
2026/07/20 00:57:42.790, 0, ${V100_GPU_0_UUID}, 00000000:01:00.0, 892, 877, 32.39, 150.00, 55, 54, 0, 316, P0, Not Active, Not Active, Not Active
2026/07/20 00:57:42.800, 1, ${V100_GPU_1_UUID}, 00000000:02:00.0, 892, 877, 30.30, 150.00, 53, 52, 0, 316, P0, Not Active, Not Active, Not Active
2026/07/20 00:57:42.886, 0, ${V100_GPU_0_UUID}, 00000000:01:00.0, 892, 877, 32.39, 150.00, 55, 54, 0, 316, P0, Not Active, Not Active, Not Active
2026/07/20 00:57:42.906, 1, ${V100_GPU_1_UUID}, 00000000:02:00.0, 892, 877, 30.30, 150.00, 53, 52, 0, 316, P0, Not Active, Not Active, Not Active
2026/07/20 00:57:43.001, 0, ${V100_GPU_0_UUID}, 00000000:01:00.0, 892, 877, 32.37, 150.00, 55, 54, 0, 316, P0, Not Active, Not Active, Not Active
2026/07/20 00:57:43.006, 1, ${V100_GPU_1_UUID}, 00000000:02:00.0, 892, 877, 30.30, 150.00, 53, 52, 0, 316, P0, Not Active, Not Active, Not Active
2026/07/20 00:57:43.093, 0, ${V100_GPU_0_UUID}, 00000000:01:00.0, 892, 877, 32.39, 150.00, 55, 54, 0, 316, P0, Not Active, Not Active, Not Active
2026/07/20 00:57:43.100, 1, ${V100_GPU_1_UUID}, 00000000:02:00.0, 892, 877, 30.28, 150.00, 53, 52, 0, 316, P0, Not Active, Not Active, Not Active
2026/07/20 00:57:43.186, 0, ${V100_GPU_0_UUID}, 00000000:01:00.0, 892, 877, 32.39, 150.00, 55, 54, 0, 316, P0, Not Active, Not Active, Not Active
2026/07/20 00:57:43.192, 1, ${V100_GPU_1_UUID}, 00000000:02:00.0, 892, 877, 30.30, 150.00, 53, 52, 0, 316, P0, Not Active, Not Active, Not Active
2026/07/20 00:57:43.307, 0, ${V100_GPU_0_UUID}, 00000000:01:00.0, 892, 877, 32.39, 150.00, 55, 54, 0, 316, P0, Not Active, Not Active, Not Active
2026/07/20 00:57:43.316, 1, ${V100_GPU_1_UUID}, 00000000:02:00.0, 892, 877, 30.30, 150.00, 53, 52, 0, 316, P0, Not Active, Not Active, Not Active
2026/07/20 00:57:43.423, 0, ${V100_GPU_0_UUID}, 00000000:01:00.0, 892, 877, 32.39, 150.00, 55, 54, 0, 316, P0, Not Active, Not Active, Not Active
2026/07/20 00:57:43.434, 1, ${V100_GPU_1_UUID}, 00000000:02:00.0, 892, 877, 30.30, 150.00, 53, 52, 0, 316, P0, Not Active, Not Active, Not Active
2026/07/20 00:57:43.550, 0, ${V100_GPU_0_UUID}, 00000000:01:00.0, 892, 877, 32.39, 150.00, 55, 54, 0, 316, P0, Not Active, Not Active, Not Active
2026/07/20 00:57:43.557, 1, ${V100_GPU_1_UUID}, 00000000:02:00.0, 892, 877, 30.30, 150.00, 53, 52, 0, 316, P0, Not Active, Not Active, Not Active
2026/07/20 00:57:43.665, 0, ${V100_GPU_0_UUID}, 00000000:01:00.0, 892, 877, 32.39, 150.00, 55, 54, 0, 316, P0, Not Active, Not Active, Not Active
2026/07/20 00:57:43.675, 1, ${V100_GPU_1_UUID}, 00000000:02:00.0, 892, 877, 30.30, 150.00, 53, 52, 0, 316, P0, Not Active, Not Active, Not Active
2026/07/20 00:57:43.788, 0, ${V100_GPU_0_UUID}, 00000000:01:00.0, 892, 877, 32.39, 150.00, 55, 54, 0, 316, P0, Not Active, Not Active, Not Active
2026/07/20 00:57:43.798, 1, ${V100_GPU_1_UUID}, 00000000:02:00.0, 892, 877, 30.30, 150.00, 53, 52, 0, 316, P0, Not Active, Not Active, Not Active
2026/07/20 00:57:43.897, 0, ${V100_GPU_0_UUID}, 00000000:01:00.0, 892, 877, 32.39, 150.00, 55, 54, 0, 316, P0, Not Active, Not Active, Not Active
2026/07/20 00:57:43.903, 1, ${V100_GPU_1_UUID}, 00000000:02:00.0, 892, 877, 29.82, 150.00, 53, 52, 0, 316, P0, Not Active, Not Active, Not Active
2026/07/20 00:57:43.986, 0, ${V100_GPU_0_UUID}, 00000000:01:00.0, 892, 877, 32.37, 150.00, 55, 54, 0, 316, P0, Not Active, Not Active, Not Active
2026/07/20 00:57:43.991, 1, ${V100_GPU_1_UUID}, 00000000:02:00.0, 892, 877, 30.30, 150.00, 53, 52, 0, 316, P0, Not Active, Not Active, Not Active
2026/07/20 00:57:44.073, 0, ${V100_GPU_0_UUID}, 00000000:01:00.0, 892, 877, 32.37, 150.00, 55, 54, 0, 316, P0, Not Active, Not Active, Not Active
2026/07/20 00:57:44.079, 1, ${V100_GPU_1_UUID}, 00000000:02:00.0, 892, 877, 30.28, 150.00, 53, 52, 0, 316, P0, Not Active, Not Active, Not Active
2026/07/20 00:57:44.161, 0, ${V100_GPU_0_UUID}, 00000000:01:00.0, 892, 877, 32.37, 150.00, 55, 54, 0, 316, P0, Not Active, Not Active, Not Active
2026/07/20 00:57:44.167, 1, ${V100_GPU_1_UUID}, 00000000:02:00.0, 892, 877, 30.28, 150.00, 53, 52, 0, 316, P0, Not Active, Not Active, Not Active
2026/07/20 00:57:44.249, 0, ${V100_GPU_0_UUID}, 00000000:01:00.0, 892, 877, 32.37, 150.00, 55, 54, 0, 316, P0, Not Active, Not Active, Not Active
2026/07/20 00:57:44.255, 1, ${V100_GPU_1_UUID}, 00000000:02:00.0, 892, 877, 30.28, 150.00, 53, 52, 0, 316, P0, Not Active, Not Active, Not Active
2026/07/20 00:57:44.338, 0, ${V100_GPU_0_UUID}, 00000000:01:00.0, 892, 877, 32.37, 150.00, 55, 54, 0, 316, P0, Not Active, Not Active, Not Active
2026/07/20 00:57:44.343, 1, ${V100_GPU_1_UUID}, 00000000:02:00.0, 892, 877, 30.28, 150.00, 53, 52, 0, 316, P0, Not Active, Not Active, Not Active
2026/07/20 00:57:44.427, 0, ${V100_GPU_0_UUID}, 00000000:01:00.0, 892, 877, 32.37, 150.00, 55, 54, 0, 316, P0, Not Active, Not Active, Not Active
2026/07/20 00:57:44.433, 1, ${V100_GPU_1_UUID}, 00000000:02:00.0, 892, 877, 30.28, 150.00, 53, 52, 0, 316, P0, Not Active, Not Active, Not Active
2026/07/20 00:57:44.516, 0, ${V100_GPU_0_UUID}, 00000000:01:00.0, 892, 877, 32.37, 150.00, 55, 54, 0, 316, P0, Not Active, Not Active, Not Active
2026/07/20 00:57:44.523, 1, ${V100_GPU_1_UUID}, 00000000:02:00.0, 892, 877, 30.28, 150.00, 53, 52, 0, 316, P0, Not Active, Not Active, Not Active
2026/07/20 00:57:44.606, 0, ${V100_GPU_0_UUID}, 00000000:01:00.0, 892, 877, 32.37, 150.00, 55, 54, 0, 316, P0, Not Active, Not Active, Not Active
2026/07/20 00:57:44.611, 1, ${V100_GPU_1_UUID}, 00000000:02:00.0, 892, 877, 29.80, 150.00, 53, 52, 0, 316, P0, Not Active, Not Active, Not Active
2026/07/20 00:57:44.694, 0, ${V100_GPU_0_UUID}, 00000000:01:00.0, 892, 877, 32.37, 150.00, 55, 54, 0, 316, P0, Not Active, Not Active, Not Active
2026/07/20 00:57:44.700, 1, ${V100_GPU_1_UUID}, 00000000:02:00.0, 892, 877, 30.28, 150.00, 53, 52, 0, 316, P0, Not Active, Not Active, Not Active
2026/07/20 00:57:44.783, 0, ${V100_GPU_0_UUID}, 00000000:01:00.0, 892, 877, 32.37, 150.00, 55, 54, 0, 316, P0, Not Active, Not Active, Not Active
2026/07/20 00:57:44.789, 1, ${V100_GPU_1_UUID}, 00000000:02:00.0, 892, 877, 30.28, 150.00, 53, 52, 0, 316, P0, Not Active, Not Active, Not Active
2026/07/20 00:57:44.872, 0, ${V100_GPU_0_UUID}, 00000000:01:00.0, 892, 877, 32.37, 150.00, 55, 54, 0, 316, P0, Not Active, Not Active, Not Active
2026/07/20 00:57:44.877, 1, ${V100_GPU_1_UUID}, 00000000:02:00.0, 892, 877, 30.28, 150.00, 53, 52, 0, 316, P0, Not Active, Not Active, Not Active
2026/07/20 00:57:44.965, 0, ${V100_GPU_0_UUID}, 00000000:01:00.0, 892, 877, 32.37, 150.00, 55, 54, 0, 316, P0, Not Active, Not Active, Not Active
2026/07/20 00:57:44.971, 1, ${V100_GPU_1_UUID}, 00000000:02:00.0, 892, 877, 30.28, 150.00, 53, 52, 0, 316, P0, Not Active, Not Active, Not Active
2026/07/20 00:57:45.054, 0, ${V100_GPU_0_UUID}, 00000000:01:00.0, 892, 877, 32.35, 150.00, 55, 54, 0, 316, P0, Not Active, Not Active, Not Active
2026/07/20 00:57:45.060, 1, ${V100_GPU_1_UUID}, 00000000:02:00.0, 892, 877, 30.28, 150.00, 53, 52, 0, 316, P0, Not Active, Not Active, Not Active
2026/07/20 00:57:45.144, 0, ${V100_GPU_0_UUID}, 00000000:01:00.0, 892, 877, 32.37, 150.00, 55, 54, 0, 316, P0, Not Active, Not Active, Not Active
2026/07/20 00:57:45.150, 1, ${V100_GPU_1_UUID}, 00000000:02:00.0, 892, 877, 30.28, 150.00, 53, 52, 0, 316, P0, Not Active, Not Active, Not Active
2026/07/20 00:57:45.234, 0, ${V100_GPU_0_UUID}, 00000000:01:00.0, 892, 877, 32.37, 150.00, 55, 54, 0, 316, P0, Not Active, Not Active, Not Active
2026/07/20 00:57:45.240, 1, ${V100_GPU_1_UUID}, 00000000:02:00.0, 892, 877, 30.28, 150.00, 53, 52, 0, 316, P0, Not Active, Not Active, Not Active
2026/07/20 00:57:45.324, 0, ${V100_GPU_0_UUID}, 00000000:01:00.0, 892, 877, 32.37, 150.00, 55, 54, 0, 316, P0, Not Active, Not Active, Not Active
2026/07/20 00:57:45.330, 1, ${V100_GPU_1_UUID}, 00000000:02:00.0, 892, 877, 30.30, 150.00, 53, 52, 0, 316, P0, Not Active, Not Active, Not Active
2026/07/20 00:57:45.414, 0, ${V100_GPU_0_UUID}, 00000000:01:00.0, 892, 877, 32.37, 150.00, 55, 54, 0, 316, P0, Not Active, Not Active, Not Active
2026/07/20 00:57:45.420, 1, ${V100_GPU_1_UUID}, 00000000:02:00.0, 892, 877, 30.30, 150.00, 53, 52, 0, 316, P0, Not Active, Not Active, Not Active
2026/07/20 00:57:45.505, 0, ${V100_GPU_0_UUID}, 00000000:01:00.0, 892, 877, 32.37, 150.00, 55, 54, 0, 316, P0, Not Active, Not Active, Not Active
2026/07/20 00:57:45.511, 1, ${V100_GPU_1_UUID}, 00000000:02:00.0, 892, 877, 30.30, 150.00, 53, 52, 0, 316, P0, Not Active, Not Active, Not Active
2026/07/20 00:57:45.596, 0, ${V100_GPU_0_UUID}, 00000000:01:00.0, 892, 877, 32.37, 150.00, 55, 54, 0, 316, P0, Not Active, Not Active, Not Active
2026/07/20 00:57:45.601, 1, ${V100_GPU_1_UUID}, 00000000:02:00.0, 892, 877, 30.28, 150.00, 53, 52, 0, 316, P0, Not Active, Not Active, Not Active
2026/07/20 00:57:45.685, 0, ${V100_GPU_0_UUID}, 00000000:01:00.0, 892, 877, 32.37, 150.00, 55, 54, 0, 316, P0, Not Active, Not Active, Not Active
2026/07/20 00:57:45.691, 1, ${V100_GPU_1_UUID}, 00000000:02:00.0, 892, 877, 30.28, 150.00, 53, 52, 0, 316, P0, Not Active, Not Active, Not Active
2026/07/20 00:57:45.775, 0, ${V100_GPU_0_UUID}, 00000000:01:00.0, 892, 877, 32.39, 150.00, 55, 54, 0, 316, P0, Not Active, Not Active, Not Active
2026/07/20 00:57:45.795, 1, ${V100_GPU_1_UUID}, 00000000:02:00.0, 892, 877, 29.84, 150.00, 53, 52, 0, 316, P0, Not Active, Not Active, Not Active
2026/07/20 00:57:45.886, 0, ${V100_GPU_0_UUID}, 00000000:01:00.0, 892, 877, 32.37, 150.00, 55, 54, 0, 316, P0, Not Active, Not Active, Not Active
2026/07/20 00:57:45.892, 1, ${V100_GPU_1_UUID}, 00000000:02:00.0, 892, 877, 29.82, 150.00, 53, 52, 0, 316, P0, Not Active, Not Active, Not Active
2026/07/20 00:57:46.009, 0, ${V100_GPU_0_UUID}, 00000000:01:00.0, 892, 877, 32.37, 150.00, 55, 54, 0, 316, P0, Not Active, Not Active, Not Active
2026/07/20 00:57:46.014, 1, ${V100_GPU_1_UUID}, 00000000:02:00.0, 892, 877, 30.30, 150.00, 53, 52, 0, 316, P0, Not Active, Not Active, Not Active
2026/07/20 00:57:46.121, 0, ${V100_GPU_0_UUID}, 00000000:01:00.0, 892, 877, 32.35, 150.00, 55, 54, 0, 316, P0, Not Active, Not Active, Not Active
2026/07/20 00:57:46.127, 1, ${V100_GPU_1_UUID}, 00000000:02:00.0, 892, 877, 30.28, 150.00, 53, 52, 0, 316, P0, Not Active, Not Active, Not Active
2026/07/20 00:57:46.213, 0, ${V100_GPU_0_UUID}, 00000000:01:00.0, 892, 877, 32.39, 150.00, 55, 54, 0, 316, P0, Not Active, Not Active, Not Active
2026/07/20 00:57:46.219, 1, ${V100_GPU_1_UUID}, 00000000:02:00.0, 892, 877, 30.30, 150.00, 53, 52, 0, 316, P0, Not Active, Not Active, Not Active
2026/07/20 00:57:46.304, 0, ${V100_GPU_0_UUID}, 00000000:01:00.0, 892, 877, 32.37, 150.00, 55, 54, 0, 316, P0, Not Active, Not Active, Not Active
2026/07/20 00:57:46.309, 1, ${V100_GPU_1_UUID}, 00000000:02:00.0, 892, 877, 30.30, 150.00, 53, 52, 0, 316, P0, Not Active, Not Active, Not Active
2026/07/20 00:57:46.392, 0, ${V100_GPU_0_UUID}, 00000000:01:00.0, 892, 877, 32.37, 150.00, 55, 54, 0, 316, P0, Not Active, Not Active, Not Active
2026/07/20 00:57:46.398, 1, ${V100_GPU_1_UUID}, 00000000:02:00.0, 892, 877, 30.28, 150.00, 53, 52, 0, 316, P0, Not Active, Not Active, Not Active
2026/07/20 00:57:46.506, 0, ${V100_GPU_0_UUID}, 00000000:01:00.0, 892, 877, 32.37, 150.00, 55, 54, 0, 316, P0, Not Active, Not Active, Not Active
2026/07/20 00:57:46.512, 1, ${V100_GPU_1_UUID}, 00000000:02:00.0, 892, 877, 30.28, 150.00, 53, 52, 0, 316, P0, Not Active, Not Active, Not Active
2026/07/20 00:57:46.642, 0, ${V100_GPU_0_UUID}, 00000000:01:00.0, 892, 877, 32.39, 150.00, 55, 54, 0, 316, P0, Not Active, Not Active, Not Active
2026/07/20 00:57:46.650, 1, ${V100_GPU_1_UUID}, 00000000:02:00.0, 892, 877, 29.82, 150.00, 53, 52, 0, 316, P0, Not Active, Not Active, Not Active
2026/07/20 00:57:46.740, 0, ${V100_GPU_0_UUID}, 00000000:01:00.0, 892, 877, 32.37, 150.00, 55, 54, 0, 316, P0, Not Active, Not Active, Not Active
2026/07/20 00:57:46.746, 1, ${V100_GPU_1_UUID}, 00000000:02:00.0, 892, 877, 30.28, 150.00, 53, 52, 0, 316, P0, Not Active, Not Active, Not Active
2026/07/20 00:57:46.829, 0, ${V100_GPU_0_UUID}, 00000000:01:00.0, 892, 877, 32.39, 150.00, 55, 54, 0, 316, P0, Not Active, Not Active, Not Active
2026/07/20 00:57:46.834, 1, ${V100_GPU_1_UUID}, 00000000:02:00.0, 892, 877, 30.30, 150.00, 53, 52, 0, 316, P0, Not Active, Not Active, Not Active
2026/07/20 00:57:46.945, 0, ${V100_GPU_0_UUID}, 00000000:01:00.0, 892, 877, 32.39, 150.00, 55, 54, 0, 316, P0, Not Active, Not Active, Not Active
2026/07/20 00:57:46.953, 1, ${V100_GPU_1_UUID}, 00000000:02:00.0, 892, 877, 29.82, 150.00, 53, 52, 0, 316, P0, Not Active, Not Active, Not Active
2026/07/20 00:57:47.050, 0, ${V100_GPU_0_UUID}, 00000000:01:00.0, 892, 877, 32.39, 150.00, 55, 54, 0, 316, P0, Not Active, Not Active, Not Active
2026/07/20 00:57:47.061, 1, ${V100_GPU_1_UUID}, 00000000:02:00.0, 892, 877, 30.30, 150.00, 53, 52, 0, 316, P0, Not Active, Not Active, Not Active
2026/07/20 00:57:47.157, 0, ${V100_GPU_0_UUID}, 00000000:01:00.0, 892, 877, 32.39, 150.00, 55, 54, 0, 316, P0, Not Active, Not Active, Not Active
2026/07/20 00:57:47.162, 1, ${V100_GPU_1_UUID}, 00000000:02:00.0, 892, 877, 30.30, 150.00, 53, 52, 0, 316, P0, Not Active, Not Active, Not Active
2026/07/20 00:57:47.266, 0, ${V100_GPU_0_UUID}, 00000000:01:00.0, 892, 877, 32.39, 150.00, 55, 54, 0, 316, P0, Not Active, Not Active, Not Active
2026/07/20 00:57:47.277, 1, ${V100_GPU_1_UUID}, 00000000:02:00.0, 892, 877, 29.82, 150.00, 53, 52, 0, 316, P0, Not Active, Not Active, Not Active
2026/07/20 00:57:47.385, 0, ${V100_GPU_0_UUID}, 00000000:01:00.0, 892, 877, 32.39, 150.00, 55, 54, 0, 316, P0, Not Active, Not Active, Not Active
2026/07/20 00:57:47.397, 1, ${V100_GPU_1_UUID}, 00000000:02:00.0, 892, 877, 30.30, 150.00, 53, 52, 0, 316, P0, Not Active, Not Active, Not Active
2026/07/20 00:57:47.508, 0, ${V100_GPU_0_UUID}, 00000000:01:00.0, 892, 877, 32.39, 150.00, 55, 54, 0, 316, P0, Not Active, Not Active, Not Active
2026/07/20 00:57:47.517, 1, ${V100_GPU_1_UUID}, 00000000:02:00.0, 892, 877, 30.30, 150.00, 53, 52, 0, 316, P0, Not Active, Not Active, Not Active
2026/07/20 00:57:47.637, 0, ${V100_GPU_0_UUID}, 00000000:01:00.0, 892, 877, 32.39, 150.00, 55, 54, 0, 316, P0, Not Active, Not Active, Not Active
2026/07/20 00:57:47.645, 1, ${V100_GPU_1_UUID}, 00000000:02:00.0, 892, 877, 29.82, 150.00, 53, 52, 0, 316, P0, Not Active, Not Active, Not Active
2026/07/20 00:57:47.745, 0, ${V100_GPU_0_UUID}, 00000000:01:00.0, 892, 877, 32.39, 150.00, 55, 54, 0, 316, P0, Not Active, Not Active, Not Active
2026/07/20 00:57:47.757, 1, ${V100_GPU_1_UUID}, 00000000:02:00.0, 892, 877, 29.82, 150.00, 53, 52, 0, 316, P0, Not Active, Not Active, Not Active
2026/07/20 00:57:47.844, 0, ${V100_GPU_0_UUID}, 00000000:01:00.0, 892, 877, 32.37, 150.00, 55, 54, 0, 316, P0, Not Active, Not Active, Not Active
2026/07/20 00:57:47.850, 1, ${V100_GPU_1_UUID}, 00000000:02:00.0, 892, 877, 30.28, 150.00, 53, 52, 0, 316, P0, Not Active, Not Active, Not Active
2026/07/20 00:57:47.934, 0, ${V100_GPU_0_UUID}, 00000000:01:00.0, 892, 877, 32.37, 150.00, 55, 54, 0, 316, P0, Not Active, Not Active, Not Active
2026/07/20 00:57:47.940, 1, ${V100_GPU_1_UUID}, 00000000:02:00.0, 892, 877, 30.28, 150.00, 53, 52, 0, 316, P0, Not Active, Not Active, Not Active
2026/07/20 00:57:48.026, 0, ${V100_GPU_0_UUID}, 00000000:01:00.0, 892, 877, 32.37, 150.00, 55, 54, 0, 316, P0, Not Active, Not Active, Not Active
2026/07/20 00:57:48.032, 1, ${V100_GPU_1_UUID}, 00000000:02:00.0, 892, 877, 30.30, 150.00, 53, 52, 0, 316, P0, Not Active, Not Active, Not Active
2026/07/20 00:57:48.116, 0, ${V100_GPU_0_UUID}, 00000000:01:00.0, 892, 877, 32.37, 150.00, 55, 54, 0, 316, P0, Not Active, Not Active, Not Active
2026/07/20 00:57:48.122, 1, ${V100_GPU_1_UUID}, 00000000:02:00.0, 892, 877, 30.28, 150.00, 53, 52, 0, 316, P0, Not Active, Not Active, Not Active
2026/07/20 00:57:48.239, 0, ${V100_GPU_0_UUID}, 00000000:01:00.0, 892, 877, 32.39, 150.00, 55, 54, 0, 316, P0, Not Active, Not Active, Not Active
2026/07/20 00:57:48.245, 1, ${V100_GPU_1_UUID}, 00000000:02:00.0, 892, 877, 30.30, 150.00, 53, 52, 0, 316, P0, Not Active, Not Active, Not Active
2026/07/20 00:57:48.332, 0, ${V100_GPU_0_UUID}, 00000000:01:00.0, 892, 877, 32.37, 150.00, 55, 54, 0, 316, P0, Not Active, Not Active, Not Active
2026/07/20 00:57:48.339, 1, ${V100_GPU_1_UUID}, 00000000:02:00.0, 892, 877, 29.82, 150.00, 53, 52, 0, 316, P0, Not Active, Not Active, Not Active
2026/07/20 00:57:48.451, 0, ${V100_GPU_0_UUID}, 00000000:01:00.0, 892, 877, 32.39, 150.00, 55, 54, 0, 316, P0, Not Active, Not Active, Not Active
2026/07/20 00:57:48.460, 1, ${V100_GPU_1_UUID}, 00000000:02:00.0, 892, 877, 30.30, 150.00, 53, 52, 0, 316, P0, Not Active, Not Active, Not Active
2026/07/20 00:57:48.565, 0, ${V100_GPU_0_UUID}, 00000000:01:00.0, 892, 877, 32.39, 150.00, 55, 54, 0, 316, P0, Not Active, Not Active, Not Active
2026/07/20 00:57:48.578, 1, ${V100_GPU_1_UUID}, 00000000:02:00.0, 892, 877, 29.82, 150.00, 53, 52, 0, 316, P0, Not Active, Not Active, Not Active
2026/07/20 00:57:48.671, 0, ${V100_GPU_0_UUID}, 00000000:01:00.0, 892, 877, 32.37, 150.00, 55, 54, 0, 316, P0, Not Active, Not Active, Not Active
2026/07/20 00:57:48.677, 1, ${V100_GPU_1_UUID}, 00000000:02:00.0, 892, 877, 30.30, 150.00, 53, 52, 0, 316, P0, Not Active, Not Active, Not Active
2026/07/20 00:57:48.792, 0, ${V100_GPU_0_UUID}, 00000000:01:00.0, 892, 877, 32.39, 150.00, 55, 54, 0, 316, P0, Not Active, Not Active, Not Active
2026/07/20 00:57:48.800, 1, ${V100_GPU_1_UUID}, 00000000:02:00.0, 892, 877, 30.30, 150.00, 53, 52, 0, 316, P0, Not Active, Not Active, Not Active
2026/07/20 00:57:48.897, 0, ${V100_GPU_0_UUID}, 00000000:01:00.0, 892, 877, 32.39, 150.00, 55, 54, 0, 316, P0, Not Active, Not Active, Not Active
2026/07/20 00:57:48.915, 1, ${V100_GPU_1_UUID}, 00000000:02:00.0, 892, 877, 30.30, 150.00, 53, 52, 0, 316, P0, Not Active, Not Active, Not Active
2026/07/20 00:57:49.034, 0, ${V100_GPU_0_UUID}, 00000000:01:00.0, 892, 877, 32.39, 150.00, 55, 54, 0, 316, P0, Not Active, Not Active, Not Active
2026/07/20 00:57:49.042, 1, ${V100_GPU_1_UUID}, 00000000:02:00.0, 892, 877, 30.30, 150.00, 53, 52, 0, 316, P0, Not Active, Not Active, Not Active
2026/07/20 00:57:49.155, 0, ${V100_GPU_0_UUID}, 00000000:01:00.0, 892, 877, 32.39, 150.00, 55, 54, 0, 316, P0, Not Active, Not Active, Not Active
2026/07/20 00:57:49.162, 1, ${V100_GPU_1_UUID}, 00000000:02:00.0, 892, 877, 30.30, 150.00, 53, 52, 0, 316, P0, Not Active, Not Active, Not Active
2026/07/20 00:57:49.257, 0, ${V100_GPU_0_UUID}, 00000000:01:00.0, 892, 877, 32.39, 150.00, 55, 54, 0, 316, P0, Not Active, Not Active, Not Active
2026/07/20 00:57:49.266, 1, ${V100_GPU_1_UUID}, 00000000:02:00.0, 892, 877, 30.30, 150.00, 53, 52, 0, 316, P0, Not Active, Not Active, Not Active
2026/07/20 00:57:49.354, 0, ${V100_GPU_0_UUID}, 00000000:01:00.0, 892, 877, 32.39, 150.00, 55, 54, 0, 316, P0, Not Active, Not Active, Not Active
2026/07/20 00:57:49.359, 1, ${V100_GPU_1_UUID}, 00000000:02:00.0, 892, 877, 30.30, 150.00, 53, 52, 0, 316, P0, Not Active, Not Active, Not Active
2026/07/20 00:57:49.443, 0, ${V100_GPU_0_UUID}, 00000000:01:00.0, 892, 877, 32.39, 150.00, 55, 54, 0, 316, P0, Not Active, Not Active, Not Active
2026/07/20 00:57:49.449, 1, ${V100_GPU_1_UUID}, 00000000:02:00.0, 892, 877, 30.30, 150.00, 53, 52, 0, 316, P0, Not Active, Not Active, Not Active
2026/07/20 00:57:49.537, 0, ${V100_GPU_0_UUID}, 00000000:01:00.0, 892, 877, 32.39, 150.00, 55, 54, 0, 316, P0, Not Active, Not Active, Not Active
2026/07/20 00:57:49.545, 1, ${V100_GPU_1_UUID}, 00000000:02:00.0, 892, 877, 29.82, 150.00, 53, 52, 0, 316, P0, Not Active, Not Active, Not Active
2026/07/20 00:57:49.662, 0, ${V100_GPU_0_UUID}, 00000000:01:00.0, 892, 877, 32.37, 150.00, 55, 54, 0, 316, P0, Not Active, Not Active, Not Active
2026/07/20 00:57:49.669, 1, ${V100_GPU_1_UUID}, 00000000:02:00.0, 892, 877, 30.30, 150.00, 53, 52, 0, 316, P0, Not Active, Not Active, Not Active
2026/07/20 00:57:49.782, 0, ${V100_GPU_0_UUID}, 00000000:01:00.0, 892, 877, 32.37, 150.00, 55, 54, 0, 316, P0, Not Active, Not Active, Not Active
2026/07/20 00:57:49.787, 1, ${V100_GPU_1_UUID}, 00000000:02:00.0, 892, 877, 30.30, 150.00, 53, 52, 0, 316, P0, Not Active, Not Active, Not Active
2026/07/20 00:57:49.889, 0, ${V100_GPU_0_UUID}, 00000000:01:00.0, 892, 877, 32.39, 150.00, 55, 54, 0, 316, P0, Not Active, Not Active, Not Active
2026/07/20 00:57:49.900, 1, ${V100_GPU_1_UUID}, 00000000:02:00.0, 892, 877, 29.82, 150.00, 53, 52, 0, 316, P0, Not Active, Not Active, Not Active
2026/07/20 00:57:49.988, 0, ${V100_GPU_0_UUID}, 00000000:01:00.0, 892, 877, 32.37, 150.00, 55, 54, 0, 316, P0, Not Active, Not Active, Not Active
2026/07/20 00:57:49.993, 1, ${V100_GPU_1_UUID}, 00000000:02:00.0, 892, 877, 30.30, 150.00, 53, 52, 0, 316, P0, Not Active, Not Active, Not Active
2026/07/20 00:57:50.108, 0, ${V100_GPU_0_UUID}, 00000000:01:00.0, 892, 877, 32.39, 150.00, 55, 54, 0, 316, P0, Not Active, Not Active, Not Active
2026/07/20 00:57:50.116, 1, ${V100_GPU_1_UUID}, 00000000:02:00.0, 892, 877, 29.82, 150.00, 53, 52, 0, 316, P0, Not Active, Not Active, Not Active
2026/07/20 00:57:50.205, 0, ${V100_GPU_0_UUID}, 00000000:01:00.0, 892, 877, 32.37, 150.00, 55, 54, 0, 316, P0, Not Active, Not Active, Not Active
2026/07/20 00:57:50.210, 1, ${V100_GPU_1_UUID}, 00000000:02:00.0, 892, 877, 30.28, 150.00, 53, 52, 0, 316, P0, Not Active, Not Active, Not Active
2026/07/20 00:57:50.310, 0, ${V100_GPU_0_UUID}, 00000000:01:00.0, 892, 877, 32.39, 150.00, 55, 54, 0, 316, P0, Not Active, Not Active, Not Active
2026/07/20 00:57:50.320, 1, ${V100_GPU_1_UUID}, 00000000:02:00.0, 892, 877, 30.30, 150.00, 53, 52, 0, 316, P0, Not Active, Not Active, Not Active
2026/07/20 00:57:50.423, 0, ${V100_GPU_0_UUID}, 00000000:01:00.0, 892, 877, 32.39, 150.00, 55, 54, 0, 316, P0, Not Active, Not Active, Not Active
2026/07/20 00:57:50.436, 1, ${V100_GPU_1_UUID}, 00000000:02:00.0, 892, 877, 30.30, 150.00, 53, 52, 0, 316, P0, Not Active, Not Active, Not Active
2026/07/20 00:57:50.546, 0, ${V100_GPU_0_UUID}, 00000000:01:00.0, 892, 877, 32.39, 150.00, 55, 54, 0, 316, P0, Not Active, Not Active, Not Active
2026/07/20 00:57:50.557, 1, ${V100_GPU_1_UUID}, 00000000:02:00.0, 892, 877, 30.30, 150.00, 53, 52, 0, 316, P0, Not Active, Not Active, Not Active
2026/07/20 00:57:50.648, 0, ${V100_GPU_0_UUID}, 00000000:01:00.0, 892, 877, 32.37, 150.00, 55, 54, 0, 316, P0, Not Active, Not Active, Not Active
2026/07/20 00:57:50.654, 1, ${V100_GPU_1_UUID}, 00000000:02:00.0, 892, 877, 30.30, 150.00, 53, 52, 0, 316, P0, Not Active, Not Active, Not Active
2026/07/20 00:57:50.759, 0, ${V100_GPU_0_UUID}, 00000000:01:00.0, 892, 877, 32.39, 150.00, 55, 54, 0, 316, P0, Not Active, Not Active, Not Active
2026/07/20 00:57:50.773, 1, ${V100_GPU_1_UUID}, 00000000:02:00.0, 892, 877, 30.30, 150.00, 53, 52, 0, 316, P0, Not Active, Not Active, Not Active
2026/07/20 00:57:50.865, 0, ${V100_GPU_0_UUID}, 00000000:01:00.0, 892, 877, 32.39, 150.00, 55, 54, 0, 316, P0, Not Active, Not Active, Not Active
2026/07/20 00:57:50.871, 1, ${V100_GPU_1_UUID}, 00000000:02:00.0, 892, 877, 30.30, 150.00, 53, 52, 0, 316, P0, Not Active, Not Active, Not Active
2026/07/20 00:57:50.954, 0, ${V100_GPU_0_UUID}, 00000000:01:00.0, 892, 877, 32.37, 150.00, 55, 54, 0, 316, P0, Not Active, Not Active, Not Active
2026/07/20 00:57:50.960, 1, ${V100_GPU_1_UUID}, 00000000:02:00.0, 892, 877, 30.28, 150.00, 53, 52, 0, 316, P0, Not Active, Not Active, Not Active
2026/07/20 00:57:51.046, 0, ${V100_GPU_0_UUID}, 00000000:01:00.0, 892, 877, 32.37, 150.00, 55, 54, 0, 316, P0, Not Active, Not Active, Not Active
2026/07/20 00:57:51.051, 1, ${V100_GPU_1_UUID}, 00000000:02:00.0, 892, 877, 30.30, 150.00, 53, 52, 0, 316, P0, Not Active, Not Active, Not Active
2026/07/20 00:57:51.134, 0, ${V100_GPU_0_UUID}, 00000000:01:00.0, 892, 877, 32.37, 150.00, 55, 54, 0, 316, P0, Not Active, Not Active, Not Active
2026/07/20 00:57:51.140, 1, ${V100_GPU_1_UUID}, 00000000:02:00.0, 892, 877, 30.30, 150.00, 53, 52, 0, 316, P0, Not Active, Not Active, Not Active
2026/07/20 00:57:51.223, 0, ${V100_GPU_0_UUID}, 00000000:01:00.0, 892, 877, 32.37, 150.00, 55, 54, 0, 316, P0, Not Active, Not Active, Not Active
2026/07/20 00:57:51.228, 1, ${V100_GPU_1_UUID}, 00000000:02:00.0, 892, 877, 30.28, 150.00, 53, 52, 0, 316, P0, Not Active, Not Active, Not Active
2026/07/20 00:57:51.338, 0, ${V100_GPU_0_UUID}, 00000000:01:00.0, 892, 877, 32.39, 150.00, 55, 54, 0, 316, P0, Not Active, Not Active, Not Active
2026/07/20 00:57:51.347, 1, ${V100_GPU_1_UUID}, 00000000:02:00.0, 892, 877, 30.30, 150.00, 53, 52, 0, 316, P0, Not Active, Not Active, Not Active
2026/07/20 00:57:51.433, 0, ${V100_GPU_0_UUID}, 00000000:01:00.0, 892, 877, 32.37, 150.00, 55, 54, 0, 316, P0, Not Active, Not Active, Not Active
2026/07/20 00:57:51.440, 1, ${V100_GPU_1_UUID}, 00000000:02:00.0, 892, 877, 29.82, 150.00, 53, 52, 0, 316, P0, Not Active, Not Active, Not Active
2026/07/20 00:57:51.523, 0, ${V100_GPU_0_UUID}, 00000000:01:00.0, 892, 877, 32.37, 150.00, 55, 54, 0, 316, P0, Not Active, Not Active, Not Active
2026/07/20 00:57:51.528, 1, ${V100_GPU_1_UUID}, 00000000:02:00.0, 892, 877, 29.82, 150.00, 53, 52, 0, 316, P0, Not Active, Not Active, Not Active
2026/07/20 00:57:51.618, 0, ${V100_GPU_0_UUID}, 00000000:01:00.0, 892, 877, 32.39, 150.00, 55, 54, 0, 316, P0, Not Active, Not Active, Not Active
2026/07/20 00:57:51.625, 1, ${V100_GPU_1_UUID}, 00000000:02:00.0, 892, 877, 30.30, 150.00, 53, 52, 0, 316, P0, Not Active, Not Active, Not Active
2026/07/20 00:57:51.708, 0, ${V100_GPU_0_UUID}, 00000000:01:00.0, 892, 877, 32.37, 150.00, 55, 54, 0, 316, P0, Not Active, Not Active, Not Active
2026/07/20 00:57:51.714, 1, ${V100_GPU_1_UUID}, 00000000:02:00.0, 892, 877, 30.30, 150.00, 53, 52, 0, 316, P0, Not Active, Not Active, Not Active
2026/07/20 00:57:51.799, 0, ${V100_GPU_0_UUID}, 00000000:01:00.0, 892, 877, 32.39, 150.00, 55, 54, 0, 316, P0, Not Active, Not Active, Not Active
2026/07/20 00:57:51.805, 1, ${V100_GPU_1_UUID}, 00000000:02:00.0, 892, 877, 30.30, 150.00, 53, 52, 0, 316, P0, Not Active, Not Active, Not Active
2026/07/20 00:57:51.904, 0, ${V100_GPU_0_UUID}, 00000000:01:00.0, 892, 877, 32.39, 150.00, 55, 54, 0, 316, P0, Not Active, Not Active, Not Active
2026/07/20 00:57:51.915, 1, ${V100_GPU_1_UUID}, 00000000:02:00.0, 892, 877, 30.30, 150.00, 53, 52, 0, 316, P0, Not Active, Not Active, Not Active
2026/07/20 00:57:52.033, 0, ${V100_GPU_0_UUID}, 00000000:01:00.0, 892, 877, 32.39, 150.00, 55, 54, 0, 316, P0, Not Active, Not Active, Not Active
2026/07/20 00:57:52.041, 1, ${V100_GPU_1_UUID}, 00000000:02:00.0, 892, 877, 30.30, 150.00, 53, 52, 0, 316, P0, Not Active, Not Active, Not Active
2026/07/20 00:57:52.139, 0, ${V100_GPU_0_UUID}, 00000000:01:00.0, 892, 877, 32.39, 150.00, 55, 54, 0, 316, P0, Not Active, Not Active, Not Active
2026/07/20 00:57:52.150, 1, ${V100_GPU_1_UUID}, 00000000:02:00.0, 892, 877, 30.30, 150.00, 53, 52, 0, 316, P0, Not Active, Not Active, Not Active
2026/07/20 00:57:52.238, 0, ${V100_GPU_0_UUID}, 00000000:01:00.0, 892, 877, 32.37, 150.00, 55, 54, 0, 316, P0, Not Active, Not Active, Not Active
2026/07/20 00:57:52.243, 1, ${V100_GPU_1_UUID}, 00000000:02:00.0, 892, 877, 30.30, 150.00, 53, 52, 0, 316, P0, Not Active, Not Active, Not Active
2026/07/20 00:57:52.347, 0, ${V100_GPU_0_UUID}, 00000000:01:00.0, 892, 877, 32.39, 150.00, 55, 54, 0, 316, P0, Not Active, Not Active, Not Active
2026/07/20 00:57:52.356, 1, ${V100_GPU_1_UUID}, 00000000:02:00.0, 892, 877, 30.30, 150.00, 53, 52, 0, 316, P0, Not Active, Not Active, Not Active
2026/07/20 00:57:52.448, 0, ${V100_GPU_0_UUID}, 00000000:01:00.0, 892, 877, 32.39, 150.00, 55, 54, 0, 316, P0, Not Active, Not Active, Not Active
2026/07/20 00:57:52.456, 1, ${V100_GPU_1_UUID}, 00000000:02:00.0, 892, 877, 30.30, 150.00, 53, 52, 0, 316, P0, Not Active, Not Active, Not Active
2026/07/20 00:57:52.569, 0, ${V100_GPU_0_UUID}, 00000000:01:00.0, 892, 877, 32.37, 150.00, 55, 54, 0, 316, P0, Not Active, Not Active, Not Active
2026/07/20 00:57:52.575, 1, ${V100_GPU_1_UUID}, 00000000:02:00.0, 892, 877, 30.28, 150.00, 53, 52, 0, 316, P0, Not Active, Not Active, Not Active
2026/07/20 00:57:52.670, 0, ${V100_GPU_0_UUID}, 00000000:01:00.0, 892, 877, 32.37, 150.00, 55, 54, 0, 316, P0, Not Active, Not Active, Not Active
2026/07/20 00:57:52.676, 1, ${V100_GPU_1_UUID}, 00000000:02:00.0, 892, 877, 30.28, 150.00, 53, 52, 0, 316, P0, Not Active, Not Active, Not Active
2026/07/20 00:57:52.760, 0, ${V100_GPU_0_UUID}, 00000000:01:00.0, 892, 877, 32.39, 150.00, 55, 54, 0, 316, P0, Not Active, Not Active, Not Active
2026/07/20 00:57:52.765, 1, ${V100_GPU_1_UUID}, 00000000:02:00.0, 892, 877, 30.30, 150.00, 53, 52, 0, 316, P0, Not Active, Not Active, Not Active
2026/07/20 00:57:52.854, 0, ${V100_GPU_0_UUID}, 00000000:01:00.0, 892, 877, 32.37, 150.00, 55, 54, 0, 316, P0, Not Active, Not Active, Not Active
2026/07/20 00:57:52.860, 1, ${V100_GPU_1_UUID}, 00000000:02:00.0, 892, 877, 30.28, 150.00, 53, 52, 0, 316, P0, Not Active, Not Active, Not Active
2026/07/20 00:57:52.947, 0, ${V100_GPU_0_UUID}, 00000000:01:00.0, 892, 877, 32.37, 150.00, 55, 54, 0, 316, P0, Not Active, Not Active, Not Active
2026/07/20 00:57:52.952, 1, ${V100_GPU_1_UUID}, 00000000:02:00.0, 892, 877, 30.28, 150.00, 53, 52, 0, 316, P0, Not Active, Not Active, Not Active
2026/07/20 00:57:53.036, 0, ${V100_GPU_0_UUID}, 00000000:01:00.0, 892, 877, 32.37, 150.00, 55, 54, 0, 316, P0, Not Active, Not Active, Not Active
2026/07/20 00:57:53.043, 1, ${V100_GPU_1_UUID}, 00000000:02:00.0, 892, 877, 30.28, 150.00, 53, 52, 0, 316, P0, Not Active, Not Active, Not Active
2026/07/20 00:57:53.127, 0, ${V100_GPU_0_UUID}, 00000000:01:00.0, 892, 877, 32.35, 150.00, 55, 54, 0, 316, P0, Not Active, Not Active, Not Active
2026/07/20 00:57:53.133, 1, ${V100_GPU_1_UUID}, 00000000:02:00.0, 892, 877, 30.28, 150.00, 53, 52, 0, 316, P0, Not Active, Not Active, Not Active
2026/07/20 00:57:53.217, 0, ${V100_GPU_0_UUID}, 00000000:01:00.0, 892, 877, 32.39, 150.00, 55, 54, 0, 316, P0, Not Active, Not Active, Not Active
2026/07/20 00:57:53.222, 1, ${V100_GPU_1_UUID}, 00000000:02:00.0, 892, 877, 30.30, 150.00, 53, 52, 0, 316, P0, Not Active, Not Active, Not Active
2026/07/20 00:57:53.305, 0, ${V100_GPU_0_UUID}, 00000000:01:00.0, 892, 877, 32.37, 150.00, 55, 54, 0, 316, P0, Not Active, Not Active, Not Active
2026/07/20 00:57:53.311, 1, ${V100_GPU_1_UUID}, 00000000:02:00.0, 892, 877, 30.28, 150.00, 53, 52, 0, 316, P0, Not Active, Not Active, Not Active
2026/07/20 00:57:53.396, 0, ${V100_GPU_0_UUID}, 00000000:01:00.0, 892, 877, 32.37, 150.00, 55, 54, 0, 316, P0, Not Active, Not Active, Not Active
2026/07/20 00:57:53.401, 1, ${V100_GPU_1_UUID}, 00000000:02:00.0, 892, 877, 30.30, 150.00, 53, 52, 0, 316, P0, Not Active, Not Active, Not Active
2026/07/20 00:57:53.493, 0, ${V100_GPU_0_UUID}, 00000000:01:00.0, 892, 877, 32.39, 150.00, 55, 54, 0, 316, P0, Not Active, Not Active, Not Active
2026/07/20 00:57:53.509, 1, ${V100_GPU_1_UUID}, 00000000:02:00.0, 892, 877, 30.30, 150.00, 53, 52, 0, 316, P0, Not Active, Not Active, Not Active
2026/07/20 00:57:53.595, 0, ${V100_GPU_0_UUID}, 00000000:01:00.0, 892, 877, 32.37, 150.00, 55, 54, 0, 316, P0, Not Active, Not Active, Not Active
2026/07/20 00:57:53.601, 1, ${V100_GPU_1_UUID}, 00000000:02:00.0, 892, 877, 30.28, 150.00, 53, 52, 0, 316, P0, Not Active, Not Active, Not Active
2026/07/20 00:57:53.687, 0, ${V100_GPU_0_UUID}, 00000000:01:00.0, 892, 877, 32.37, 150.00, 55, 54, 0, 316, P0, Not Active, Not Active, Not Active
2026/07/20 00:57:53.693, 1, ${V100_GPU_1_UUID}, 00000000:02:00.0, 892, 877, 30.28, 150.00, 53, 52, 0, 316, P0, Not Active, Not Active, Not Active
2026/07/20 00:57:53.780, 0, ${V100_GPU_0_UUID}, 00000000:01:00.0, 892, 877, 32.37, 150.00, 55, 54, 0, 316, P0, Not Active, Not Active, Not Active
2026/07/20 00:57:53.786, 1, ${V100_GPU_1_UUID}, 00000000:02:00.0, 892, 877, 30.28, 150.00, 53, 52, 0, 316, P0, Not Active, Not Active, Not Active
2026/07/20 00:57:53.869, 0, ${V100_GPU_0_UUID}, 00000000:01:00.0, 892, 877, 32.37, 150.00, 55, 54, 0, 316, P0, Not Active, Not Active, Not Active
2026/07/20 00:57:53.876, 1, ${V100_GPU_1_UUID}, 00000000:02:00.0, 892, 877, 30.28, 150.00, 53, 52, 0, 316, P0, Not Active, Not Active, Not Active
2026/07/20 00:57:53.961, 0, ${V100_GPU_0_UUID}, 00000000:01:00.0, 892, 877, 32.37, 150.00, 55, 54, 0, 316, P0, Not Active, Not Active, Not Active
2026/07/20 00:57:53.967, 1, ${V100_GPU_1_UUID}, 00000000:02:00.0, 892, 877, 30.30, 150.00, 53, 52, 0, 316, P0, Not Active, Not Active, Not Active
2026/07/20 00:57:54.055, 0, ${V100_GPU_0_UUID}, 00000000:01:00.0, 892, 877, 32.37, 150.00, 55, 54, 0, 316, P0, Not Active, Not Active, Not Active
2026/07/20 00:57:54.060, 1, ${V100_GPU_1_UUID}, 00000000:02:00.0, 892, 877, 30.30, 150.00, 53, 52, 0, 316, P0, Not Active, Not Active, Not Active
2026/07/20 00:57:54.144, 0, ${V100_GPU_0_UUID}, 00000000:01:00.0, 892, 877, 32.37, 150.00, 55, 54, 0, 316, P0, Not Active, Not Active, Not Active
2026/07/20 00:57:54.149, 1, ${V100_GPU_1_UUID}, 00000000:02:00.0, 892, 877, 30.28, 150.00, 53, 52, 0, 316, P0, Not Active, Not Active, Not Active
2026/07/20 00:57:54.237, 0, ${V100_GPU_0_UUID}, 00000000:01:00.0, 892, 877, 32.39, 150.00, 55, 54, 0, 316, P0, Not Active, Not Active, Not Active
2026/07/20 00:57:54.257, 1, ${V100_GPU_1_UUID}, 00000000:02:00.0, 892, 877, 30.30, 150.00, 53, 52, 0, 316, P0, Not Active, Not Active, Not Active
2026/07/20 00:57:54.346, 0, ${V100_GPU_0_UUID}, 00000000:01:00.0, 892, 877, 32.37, 150.00, 55, 54, 0, 316, P0, Not Active, Not Active, Not Active
2026/07/20 00:57:54.352, 1, ${V100_GPU_1_UUID}, 00000000:02:00.0, 892, 877, 30.30, 150.00, 53, 52, 0, 316, P0, Not Active, Not Active, Not Active
2026/07/20 00:57:54.436, 0, ${V100_GPU_0_UUID}, 00000000:01:00.0, 892, 877, 32.37, 150.00, 55, 54, 0, 316, P0, Not Active, Not Active, Not Active
2026/07/20 00:57:54.442, 1, ${V100_GPU_1_UUID}, 00000000:02:00.0, 892, 877, 29.80, 150.00, 53, 52, 0, 316, P0, Not Active, Not Active, Not Active
2026/07/20 00:57:54.528, 0, ${V100_GPU_0_UUID}, 00000000:01:00.0, 892, 877, 32.37, 150.00, 55, 54, 0, 316, P0, Not Active, Not Active, Not Active
2026/07/20 00:57:54.534, 1, ${V100_GPU_1_UUID}, 00000000:02:00.0, 892, 877, 30.30, 150.00, 53, 52, 0, 316, P0, Not Active, Not Active, Not Active
2026/07/20 00:57:54.618, 0, ${V100_GPU_0_UUID}, 00000000:01:00.0, 892, 877, 32.37, 150.00, 55, 54, 0, 316, P0, Not Active, Not Active, Not Active
2026/07/20 00:57:54.624, 1, ${V100_GPU_1_UUID}, 00000000:02:00.0, 892, 877, 30.28, 150.00, 53, 52, 0, 316, P0, Not Active, Not Active, Not Active
2026/07/20 00:57:54.722, 0, ${V100_GPU_0_UUID}, 00000000:01:00.0, 892, 877, 32.39, 150.00, 55, 54, 0, 316, P0, Not Active, Not Active, Not Active
2026/07/20 00:57:54.729, 1, ${V100_GPU_1_UUID}, 00000000:02:00.0, 892, 877, 30.30, 150.00, 53, 52, 0, 316, P0, Not Active, Not Active, Not Active
2026/07/20 00:57:54.836, 0, ${V100_GPU_0_UUID}, 00000000:01:00.0, 892, 877, 32.37, 150.00, 55, 54, 0, 316, P0, Not Active, Not Active, Not Active
2026/07/20 00:57:54.841, 1, ${V100_GPU_1_UUID}, 00000000:02:00.0, 892, 877, 30.30, 150.00, 53, 52, 0, 316, P0, Not Active, Not Active, Not Active
2026/07/20 00:57:54.952, 0, ${V100_GPU_0_UUID}, 00000000:01:00.0, 892, 877, 32.39, 150.00, 55, 54, 0, 316, P0, Not Active, Not Active, Not Active
2026/07/20 00:57:54.959, 1, ${V100_GPU_1_UUID}, 00000000:02:00.0, 892, 877, 30.30, 150.00, 53, 52, 0, 316, P0, Not Active, Not Active, Not Active
2026/07/20 00:57:55.154, 0, ${V100_GPU_0_UUID}, 00000000:01:00.0, 892, 877, 32.37, 150.00, 55, 54, 0, 316, P0, Not Active, Not Active, Not Active
2026/07/20 00:57:55.160, 1, ${V100_GPU_1_UUID}, 00000000:02:00.0, 892, 877, 30.28, 150.00, 53, 52, 0, 316, P0, Not Active, Not Active, Not Active
2026/07/20 00:57:55.248, 0, ${V100_GPU_0_UUID}, 00000000:01:00.0, 892, 877, 32.35, 150.00, 55, 54, 0, 316, P0, Not Active, Not Active, Not Active
2026/07/20 00:57:55.254, 1, ${V100_GPU_1_UUID}, 00000000:02:00.0, 892, 877, 30.26, 150.00, 53, 52, 0, 316, P0, Not Active, Not Active, Not Active
2026/07/20 00:57:55.340, 0, ${V100_GPU_0_UUID}, 00000000:01:00.0, 892, 877, 32.37, 150.00, 55, 54, 0, 316, P0, Not Active, Not Active, Not Active
2026/07/20 00:57:55.346, 1, ${V100_GPU_1_UUID}, 00000000:02:00.0, 892, 877, 30.28, 150.00, 53, 52, 0, 316, P0, Not Active, Not Active, Not Active
2026/07/20 00:57:55.433, 0, ${V100_GPU_0_UUID}, 00000000:01:00.0, 892, 877, 32.37, 150.00, 55, 54, 0, 316, P0, Not Active, Not Active, Not Active
2026/07/20 00:57:55.439, 1, ${V100_GPU_1_UUID}, 00000000:02:00.0, 892, 877, 30.28, 150.00, 53, 52, 0, 316, P0, Not Active, Not Active, Not Active
2026/07/20 00:57:55.524, 0, ${V100_GPU_0_UUID}, 00000000:01:00.0, 892, 877, 32.37, 150.00, 55, 54, 0, 316, P0, Not Active, Not Active, Not Active
2026/07/20 00:57:55.531, 1, ${V100_GPU_1_UUID}, 00000000:02:00.0, 892, 877, 30.28, 150.00, 53, 52, 0, 316, P0, Not Active, Not Active, Not Active
2026/07/20 00:57:55.660, 0, ${V100_GPU_0_UUID}, 00000000:01:00.0, 892, 877, 32.39, 150.00, 55, 54, 0, 316, P0, Not Active, Not Active, Not Active
2026/07/20 00:57:55.681, 1, ${V100_GPU_1_UUID}, 00000000:02:00.0, 892, 877, 30.30, 150.00, 53, 52, 0, 316, P0, Not Active, Not Active, Not Active
2026/07/20 00:57:55.791, 0, ${V100_GPU_0_UUID}, 00000000:01:00.0, 892, 877, 32.37, 150.00, 55, 54, 0, 316, P0, Not Active, Not Active, Not Active
2026/07/20 00:57:55.797, 1, ${V100_GPU_1_UUID}, 00000000:02:00.0, 892, 877, 30.28, 150.00, 53, 52, 0, 316, P0, Not Active, Not Active, Not Active
2026/07/20 00:57:55.882, 0, ${V100_GPU_0_UUID}, 00000000:01:00.0, 892, 877, 32.37, 150.00, 55, 54, 0, 316, P0, Not Active, Not Active, Not Active
2026/07/20 00:57:55.887, 1, ${V100_GPU_1_UUID}, 00000000:02:00.0, 892, 877, 29.80, 150.00, 53, 52, 0, 316, P0, Not Active, Not Active, Not Active
2026/07/20 00:57:55.971, 0, ${V100_GPU_0_UUID}, 00000000:01:00.0, 892, 877, 32.37, 150.00, 55, 54, 0, 316, P0, Not Active, Not Active, Not Active
2026/07/20 00:57:55.977, 1, ${V100_GPU_1_UUID}, 00000000:02:00.0, 892, 877, 29.82, 150.00, 53, 52, 0, 316, P0, Not Active, Not Active, Not Active
2026/07/20 00:57:56.067, 0, ${V100_GPU_0_UUID}, 00000000:01:00.0, 892, 877, 32.37, 150.00, 55, 54, 0, 316, P0, Not Active, Not Active, Not Active
2026/07/20 00:57:56.074, 1, ${V100_GPU_1_UUID}, 00000000:02:00.0, 892, 877, 30.28, 150.00, 53, 52, 0, 316, P0, Not Active, Not Active, Not Active
2026/07/20 00:57:56.158, 0, ${V100_GPU_0_UUID}, 00000000:01:00.0, 892, 877, 32.37, 150.00, 55, 54, 0, 316, P0, Not Active, Not Active, Not Active
2026/07/20 00:57:56.164, 1, ${V100_GPU_1_UUID}, 00000000:02:00.0, 892, 877, 30.28, 150.00, 53, 52, 0, 316, P0, Not Active, Not Active, Not Active
2026/07/20 00:57:56.270, 0, ${V100_GPU_0_UUID}, 00000000:01:00.0, 892, 877, 32.39, 150.00, 55, 54, 0, 316, P0, Not Active, Not Active, Not Active
2026/07/20 00:57:56.281, 1, ${V100_GPU_1_UUID}, 00000000:02:00.0, 892, 877, 30.30, 150.00, 53, 52, 0, 316, P0, Not Active, Not Active, Not Active
2026/07/20 00:57:56.368, 0, ${V100_GPU_0_UUID}, 00000000:01:00.0, 892, 877, 32.37, 150.00, 55, 54, 0, 316, P0, Not Active, Not Active, Not Active
2026/07/20 00:57:56.375, 1, ${V100_GPU_1_UUID}, 00000000:02:00.0, 892, 877, 30.30, 150.00, 53, 52, 0, 316, P0, Not Active, Not Active, Not Active
2026/07/20 00:57:56.460, 0, ${V100_GPU_0_UUID}, 00000000:01:00.0, 892, 877, 32.37, 150.00, 55, 54, 0, 316, P0, Not Active, Not Active, Not Active
2026/07/20 00:57:56.466, 1, ${V100_GPU_1_UUID}, 00000000:02:00.0, 892, 877, 30.28, 150.00, 53, 52, 0, 316, P0, Not Active, Not Active, Not Active
2026/07/20 00:57:56.554, 0, ${V100_GPU_0_UUID}, 00000000:01:00.0, 892, 877, 32.39, 150.00, 55, 54, 0, 316, P0, Not Active, Not Active, Not Active
2026/07/20 00:57:56.567, 1, ${V100_GPU_1_UUID}, 00000000:02:00.0, 892, 877, 30.30, 150.00, 53, 52, 0, 316, P0, Not Active, Not Active, Not Active
2026/07/20 00:57:56.655, 0, ${V100_GPU_0_UUID}, 00000000:01:00.0, 892, 877, 32.37, 150.00, 55, 54, 0, 316, P0, Not Active, Not Active, Not Active
2026/07/20 00:57:56.662, 1, ${V100_GPU_1_UUID}, 00000000:02:00.0, 892, 877, 30.28, 150.00, 53, 52, 0, 316, P0, Not Active, Not Active, Not Active
2026/07/20 00:57:56.780, 0, ${V100_GPU_0_UUID}, 00000000:01:00.0, 892, 877, 32.39, 150.00, 55, 54, 0, 316, P0, Not Active, Not Active, Not Active
2026/07/20 00:57:56.787, 1, ${V100_GPU_1_UUID}, 00000000:02:00.0, 892, 877, 29.82, 150.00, 53, 52, 0, 316, P0, Not Active, Not Active, Not Active
2026/07/20 00:57:56.874, 0, ${V100_GPU_0_UUID}, 00000000:01:00.0, 892, 877, 32.37, 150.00, 55, 54, 0, 316, P0, Not Active, Not Active, Not Active
2026/07/20 00:57:56.880, 1, ${V100_GPU_1_UUID}, 00000000:02:00.0, 892, 877, 29.82, 150.00, 53, 52, 0, 316, P0, Not Active, Not Active, Not Active
2026/07/20 00:57:56.964, 0, ${V100_GPU_0_UUID}, 00000000:01:00.0, 892, 877, 32.39, 150.00, 55, 54, 0, 316, P0, Not Active, Not Active, Not Active
2026/07/20 00:57:56.970, 1, ${V100_GPU_1_UUID}, 00000000:02:00.0, 892, 877, 30.30, 150.00, 53, 52, 0, 316, P0, Not Active, Not Active, Not Active
2026/07/20 00:57:57.073, 0, ${V100_GPU_0_UUID}, 00000000:01:00.0, 892, 877, 32.39, 150.00, 55, 54, 0, 316, P0, Not Active, Not Active, Not Active
2026/07/20 00:57:57.082, 1, ${V100_GPU_1_UUID}, 00000000:02:00.0, 892, 877, 29.82, 150.00, 53, 52, 0, 316, P0, Not Active, Not Active, Not Active
2026/07/20 00:57:57.169, 0, ${V100_GPU_0_UUID}, 00000000:01:00.0, 892, 877, 32.37, 150.00, 55, 54, 0, 316, P0, Not Active, Not Active, Not Active
2026/07/20 00:57:57.175, 1, ${V100_GPU_1_UUID}, 00000000:02:00.0, 892, 877, 30.30, 150.00, 53, 52, 0, 316, P0, Not Active, Not Active, Not Active
2026/07/20 00:57:57.278, 0, ${V100_GPU_0_UUID}, 00000000:01:00.0, 892, 877, 32.39, 150.00, 55, 54, 0, 316, P0, Not Active, Not Active, Not Active
2026/07/20 00:57:57.288, 1, ${V100_GPU_1_UUID}, 00000000:02:00.0, 892, 877, 30.30, 150.00, 53, 52, 0, 316, P0, Not Active, Not Active, Not Active
2026/07/20 00:57:57.376, 0, ${V100_GPU_0_UUID}, 00000000:01:00.0, 892, 877, 32.39, 150.00, 55, 54, 0, 316, P0, Not Active, Not Active, Not Active
2026/07/20 00:57:57.384, 1, ${V100_GPU_1_UUID}, 00000000:02:00.0, 892, 877, 30.30, 150.00, 53, 52, 0, 316, P0, Not Active, Not Active, Not Active
2026/07/20 00:57:57.499, 0, ${V100_GPU_0_UUID}, 00000000:01:00.0, 892, 877, 32.39, 150.00, 55, 54, 0, 316, P0, Not Active, Not Active, Not Active
2026/07/20 00:57:57.507, 1, ${V100_GPU_1_UUID}, 00000000:02:00.0, 892, 877, 30.30, 150.00, 53, 52, 0, 316, P0, Not Active, Not Active, Not Active
2026/07/20 00:57:57.604, 0, ${V100_GPU_0_UUID}, 00000000:01:00.0, 892, 877, 32.39, 150.00, 55, 54, 0, 316, P0, Not Active, Not Active, Not Active
2026/07/20 00:57:57.615, 1, ${V100_GPU_1_UUID}, 00000000:02:00.0, 892, 877, 30.30, 150.00, 53, 52, 0, 316, P0, Not Active, Not Active, Not Active
2026/07/20 00:57:57.735, 0, ${V100_GPU_0_UUID}, 00000000:01:00.0, 892, 877, 32.39, 150.00, 55, 54, 0, 316, P0, Not Active, Not Active, Not Active
2026/07/20 00:57:57.742, 1, ${V100_GPU_1_UUID}, 00000000:02:00.0, 892, 877, 30.30, 150.00, 53, 52, 0, 316, P0, Not Active, Not Active, Not Active
2026/07/20 00:57:57.835, 0, ${V100_GPU_0_UUID}, 00000000:01:00.0, 892, 877, 32.39, 150.00, 55, 54, 0, 316, P0, Not Active, Not Active, Not Active
2026/07/20 00:57:57.845, 1, ${V100_GPU_1_UUID}, 00000000:02:00.0, 892, 877, 30.30, 150.00, 53, 52, 0, 316, P0, Not Active, Not Active, Not Active
2026/07/20 00:57:57.963, 0, ${V100_GPU_0_UUID}, 00000000:01:00.0, 892, 877, 32.39, 150.00, 55, 54, 0, 316, P0, Not Active, Not Active, Not Active
2026/07/20 00:57:57.970, 1, ${V100_GPU_1_UUID}, 00000000:02:00.0, 892, 877, 30.30, 150.00, 53, 52, 0, 316, P0, Not Active, Not Active, Not Active
2026/07/20 00:57:58.081, 0, ${V100_GPU_0_UUID}, 00000000:01:00.0, 892, 877, 32.39, 150.00, 55, 54, 0, 316, P0, Not Active, Not Active, Not Active
2026/07/20 00:57:58.088, 1, ${V100_GPU_1_UUID}, 00000000:02:00.0, 892, 877, 30.30, 150.00, 53, 52, 0, 316, P0, Not Active, Not Active, Not Active
2026/07/20 00:57:58.181, 0, ${V100_GPU_0_UUID}, 00000000:01:00.0, 892, 877, 32.39, 150.00, 55, 54, 0, 316, P0, Not Active, Not Active, Not Active
2026/07/20 00:57:58.190, 1, ${V100_GPU_1_UUID}, 00000000:02:00.0, 892, 877, 30.30, 150.00, 53, 52, 0, 316, P0, Not Active, Not Active, Not Active
2026/07/20 00:57:58.308, 0, ${V100_GPU_0_UUID}, 00000000:01:00.0, 892, 877, 32.39, 150.00, 55, 54, 0, 316, P0, Not Active, Not Active, Not Active
2026/07/20 00:57:58.315, 1, ${V100_GPU_1_UUID}, 00000000:02:00.0, 892, 877, 29.82, 150.00, 53, 52, 0, 316, P0, Not Active, Not Active, Not Active
2026/07/20 00:57:58.430, 0, ${V100_GPU_0_UUID}, 00000000:01:00.0, 892, 877, 32.39, 150.00, 55, 54, 0, 316, P0, Not Active, Not Active, Not Active
2026/07/20 00:57:58.437, 1, ${V100_GPU_1_UUID}, 00000000:02:00.0, 892, 877, 30.30, 150.00, 53, 52, 0, 316, P0, Not Active, Not Active, Not Active
2026/07/20 00:57:58.541, 0, ${V100_GPU_0_UUID}, 00000000:01:00.0, 892, 877, 32.37, 150.00, 55, 54, 0, 316, P0, Not Active, Not Active, Not Active
2026/07/20 00:57:58.547, 1, ${V100_GPU_1_UUID}, 00000000:02:00.0, 892, 877, 30.28, 150.00, 53, 52, 0, 316, P0, Not Active, Not Active, Not Active
2026/07/20 00:57:58.640, 0, ${V100_GPU_0_UUID}, 00000000:01:00.0, 892, 877, 32.39, 150.00, 55, 54, 0, 316, P0, Not Active, Not Active, Not Active
2026/07/20 00:57:58.649, 1, ${V100_GPU_1_UUID}, 00000000:02:00.0, 892, 877, 29.82, 150.00, 53, 52, 0, 316, P0, Not Active, Not Active, Not Active
2026/07/20 00:57:58.764, 0, ${V100_GPU_0_UUID}, 00000000:01:00.0, 892, 877, 32.39, 150.00, 55, 54, 0, 316, P0, Not Active, Not Active, Not Active
2026/07/20 00:57:58.772, 1, ${V100_GPU_1_UUID}, 00000000:02:00.0, 892, 877, 29.82, 150.00, 53, 52, 0, 316, P0, Not Active, Not Active, Not Active
2026/07/20 00:57:58.856, 0, ${V100_GPU_0_UUID}, 00000000:01:00.0, 892, 877, 32.37, 150.00, 55, 54, 0, 316, P0, Not Active, Not Active, Not Active
2026/07/20 00:57:58.863, 1, ${V100_GPU_1_UUID}, 00000000:02:00.0, 892, 877, 30.30, 150.00, 53, 52, 0, 316, P0, Not Active, Not Active, Not Active
2026/07/20 00:57:58.977, 0, ${V100_GPU_0_UUID}, 00000000:01:00.0, 892, 877, 32.39, 150.00, 55, 54, 0, 316, P0, Not Active, Not Active, Not Active
2026/07/20 00:57:58.985, 1, ${V100_GPU_1_UUID}, 00000000:02:00.0, 892, 877, 30.30, 150.00, 53, 52, 0, 316, P0, Not Active, Not Active, Not Active
2026/07/20 00:57:59.093, 0, ${V100_GPU_0_UUID}, 00000000:01:00.0, 892, 877, 32.39, 150.00, 55, 54, 0, 316, P0, Not Active, Not Active, Not Active
2026/07/20 00:57:59.102, 1, ${V100_GPU_1_UUID}, 00000000:02:00.0, 892, 877, 30.30, 150.00, 53, 52, 0, 316, P0, Not Active, Not Active, Not Active
2026/07/20 00:57:59.207, 0, ${V100_GPU_0_UUID}, 00000000:01:00.0, 892, 877, 32.39, 150.00, 55, 54, 0, 316, P0, Not Active, Not Active, Not Active
2026/07/20 00:57:59.226, 1, ${V100_GPU_1_UUID}, 00000000:02:00.0, 892, 877, 30.30, 150.00, 53, 52, 0, 316, P0, Not Active, Not Active, Not Active
2026/07/20 00:57:59.345, 0, ${V100_GPU_0_UUID}, 00000000:01:00.0, 892, 877, 32.39, 150.00, 55, 54, 0, 316, P0, Not Active, Not Active, Not Active
2026/07/20 00:57:59.352, 1, ${V100_GPU_1_UUID}, 00000000:02:00.0, 892, 877, 30.30, 150.00, 53, 52, 0, 316, P0, Not Active, Not Active, Not Active
2026/07/20 00:57:59.452, 0, ${V100_GPU_0_UUID}, 00000000:01:00.0, 892, 877, 32.37, 150.00, 55, 54, 0, 316, P0, Not Active, Not Active, Not Active
2026/07/20 00:57:59.458, 1, ${V100_GPU_1_UUID}, 00000000:02:00.0, 892, 877, 30.30, 150.00, 53, 52, 0, 316, P0, Not Active, Not Active, Not Active
2026/07/20 00:57:59.561, 0, ${V100_GPU_0_UUID}, 00000000:01:00.0, 892, 877, 32.39, 150.00, 55, 54, 0, 316, P0, Not Active, Not Active, Not Active
2026/07/20 00:57:59.574, 1, ${V100_GPU_1_UUID}, 00000000:02:00.0, 892, 877, 30.30, 150.00, 53, 52, 0, 316, P0, Not Active, Not Active, Not Active
2026/07/20 00:57:59.691, 0, ${V100_GPU_0_UUID}, 00000000:01:00.0, 892, 877, 32.39, 150.00, 55, 54, 0, 316, P0, Not Active, Not Active, Not Active
2026/07/20 00:57:59.699, 1, ${V100_GPU_1_UUID}, 00000000:02:00.0, 892, 877, 30.30, 150.00, 53, 52, 0, 316, P0, Not Active, Not Active, Not Active
2026/07/20 00:57:59.798, 0, ${V100_GPU_0_UUID}, 00000000:01:00.0, 892, 877, 32.39, 150.00, 55, 54, 0, 316, P0, Not Active, Not Active, Not Active
2026/07/20 00:57:59.809, 1, ${V100_GPU_1_UUID}, 00000000:02:00.0, 892, 877, 30.30, 150.00, 53, 52, 0, 316, P0, Not Active, Not Active, Not Active
2026/07/20 00:57:59.901, 0, ${V100_GPU_0_UUID}, 00000000:01:00.0, 892, 877, 32.39, 150.00, 55, 54, 0, 316, P0, Not Active, Not Active, Not Active
2026/07/20 00:57:59.908, 1, ${V100_GPU_1_UUID}, 00000000:02:00.0, 892, 877, 30.30, 150.00, 53, 52, 0, 316, P0, Not Active, Not Active, Not Active
2026/07/20 00:58:00.020, 0, ${V100_GPU_0_UUID}, 00000000:01:00.0, 892, 877, 32.39, 150.00, 55, 54, 0, 316, P0, Not Active, Not Active, Not Active
2026/07/20 00:58:00.027, 1, ${V100_GPU_1_UUID}, 00000000:02:00.0, 892, 877, 30.30, 150.00, 53, 52, 0, 316, P0, Not Active, Not Active, Not Active
2026/07/20 00:58:00.126, 0, ${V100_GPU_0_UUID}, 00000000:01:00.0, 892, 877, 32.39, 150.00, 55, 54, 0, 316, P0, Not Active, Not Active, Not Active
2026/07/20 00:58:00.137, 1, ${V100_GPU_1_UUID}, 00000000:02:00.0, 892, 877, 30.30, 150.00, 53, 52, 0, 316, P0, Not Active, Not Active, Not Active
2026/07/20 00:58:00.254, 0, ${V100_GPU_0_UUID}, 00000000:01:00.0, 892, 877, 32.37, 150.00, 55, 54, 0, 316, P0, Not Active, Not Active, Not Active
2026/07/20 00:58:00.260, 1, ${V100_GPU_1_UUID}, 00000000:02:00.0, 892, 877, 29.82, 150.00, 53, 52, 0, 316, P0, Not Active, Not Active, Not Active
2026/07/20 00:58:00.358, 0, ${V100_GPU_0_UUID}, 00000000:01:00.0, 892, 877, 32.39, 150.00, 55, 54, 0, 316, P0, Not Active, Not Active, Not Active
2026/07/20 00:58:00.370, 1, ${V100_GPU_1_UUID}, 00000000:02:00.0, 892, 877, 29.82, 150.00, 53, 52, 0, 316, P0, Not Active, Not Active, Not Active
2026/07/20 00:58:00.482, 0, ${V100_GPU_0_UUID}, 00000000:01:00.0, 892, 877, 32.39, 150.00, 55, 54, 0, 316, P0, Not Active, Not Active, Not Active
2026/07/20 00:58:00.489, 1, ${V100_GPU_1_UUID}, 00000000:02:00.0, 892, 877, 30.30, 150.00, 53, 52, 0, 316, P0, Not Active, Not Active, Not Active
2026/07/20 00:58:00.586, 0, ${V100_GPU_0_UUID}, 00000000:01:00.0, 892, 877, 32.39, 150.00, 55, 54, 0, 316, P0, Not Active, Not Active, Not Active
2026/07/20 00:58:00.597, 1, ${V100_GPU_1_UUID}, 00000000:02:00.0, 892, 877, 30.30, 150.00, 53, 52, 0, 316, P0, Not Active, Not Active, Not Active
2026/07/20 00:58:00.711, 0, ${V100_GPU_0_UUID}, 00000000:01:00.0, 892, 877, 32.39, 150.00, 55, 54, 0, 316, P0, Not Active, Not Active, Not Active
2026/07/20 00:58:00.720, 1, ${V100_GPU_1_UUID}, 00000000:02:00.0, 892, 877, 29.82, 150.00, 53, 52, 0, 316, P0, Not Active, Not Active, Not Active
2026/07/20 00:58:00.836, 0, ${V100_GPU_0_UUID}, 00000000:01:00.0, 892, 877, 32.39, 150.00, 55, 54, 0, 316, P0, Not Active, Not Active, Not Active
2026/07/20 00:58:00.851, 1, ${V100_GPU_1_UUID}, 00000000:02:00.0, 892, 877, 29.82, 150.00, 53, 52, 0, 316, P0, Not Active, Not Active, Not Active
2026/07/20 00:58:00.965, 0, ${V100_GPU_0_UUID}, 00000000:01:00.0, 892, 877, 32.39, 150.00, 55, 54, 0, 316, P0, Not Active, Not Active, Not Active
2026/07/20 00:58:00.973, 1, ${V100_GPU_1_UUID}, 00000000:02:00.0, 892, 877, 30.30, 150.00, 53, 52, 0, 316, P0, Not Active, Not Active, Not Active
2026/07/20 00:58:01.056, 0, ${V100_GPU_0_UUID}, 00000000:01:00.0, 892, 877, 32.37, 150.00, 55, 54, 0, 316, P0, Not Active, Not Active, Not Active
2026/07/20 00:58:01.062, 1, ${V100_GPU_1_UUID}, 00000000:02:00.0, 892, 877, 29.82, 150.00, 53, 52, 0, 316, P0, Not Active, Not Active, Not Active
2026/07/20 00:58:01.146, 0, ${V100_GPU_0_UUID}, 00000000:01:00.0, 892, 877, 32.37, 150.00, 55, 54, 0, 316, P0, Not Active, Not Active, Not Active
2026/07/20 00:58:01.152, 1, ${V100_GPU_1_UUID}, 00000000:02:00.0, 892, 877, 30.30, 150.00, 53, 52, 0, 316, P0, Not Active, Not Active, Not Active
2026/07/20 00:58:01.257, 0, ${V100_GPU_0_UUID}, 00000000:01:00.0, 892, 877, 32.39, 150.00, 55, 54, 0, 316, P0, Not Active, Not Active, Not Active
2026/07/20 00:58:01.266, 1, ${V100_GPU_1_UUID}, 00000000:02:00.0, 892, 877, 30.30, 150.00, 53, 52, 0, 316, P0, Not Active, Not Active, Not Active
2026/07/20 00:58:01.377, 0, ${V100_GPU_0_UUID}, 00000000:01:00.0, 892, 877, 32.39, 150.00, 55, 54, 0, 316, P0, Not Active, Not Active, Not Active
2026/07/20 00:58:01.387, 1, ${V100_GPU_1_UUID}, 00000000:02:00.0, 892, 877, 29.82, 150.00, 53, 52, 0, 316, P0, Not Active, Not Active, Not Active
2026/07/20 00:58:01.480, 0, ${V100_GPU_0_UUID}, 00000000:01:00.0, 892, 877, 32.39, 150.00, 55, 54, 0, 316, P0, Not Active, Not Active, Not Active
2026/07/20 00:58:01.491, 1, ${V100_GPU_1_UUID}, 00000000:02:00.0, 892, 877, 30.30, 150.00, 53, 52, 0, 316, P0, Not Active, Not Active, Not Active
2026/07/20 00:58:01.607, 0, ${V100_GPU_0_UUID}, 00000000:01:00.0, 892, 877, 32.39, 150.00, 55, 54, 0, 316, P0, Not Active, Not Active, Not Active
2026/07/20 00:58:01.615, 1, ${V100_GPU_1_UUID}, 00000000:02:00.0, 892, 877, 29.82, 150.00, 53, 52, 0, 316, P0, Not Active, Not Active, Not Active
2026/07/20 00:58:01.710, 0, ${V100_GPU_0_UUID}, 00000000:01:00.0, 892, 877, 32.39, 150.00, 55, 54, 0, 316, P0, Not Active, Not Active, Not Active
2026/07/20 00:58:01.720, 1, ${V100_GPU_1_UUID}, 00000000:02:00.0, 892, 877, 30.30, 150.00, 53, 52, 0, 316, P0, Not Active, Not Active, Not Active
2026/07/20 00:58:01.830, 0, ${V100_GPU_0_UUID}, 00000000:01:00.0, 892, 877, 32.39, 150.00, 55, 54, 0, 316, P0, Not Active, Not Active, Not Active
2026/07/20 00:58:01.838, 1, ${V100_GPU_1_UUID}, 00000000:02:00.0, 892, 877, 29.82, 150.00, 53, 52, 0, 316, P0, Not Active, Not Active, Not Active
2026/07/20 00:58:01.926, 0, ${V100_GPU_0_UUID}, 00000000:01:00.0, 892, 877, 32.39, 150.00, 55, 54, 0, 316, P0, Not Active, Not Active, Not Active
2026/07/20 00:58:01.934, 1, ${V100_GPU_1_UUID}, 00000000:02:00.0, 892, 877, 30.30, 150.00, 53, 52, 0, 316, P0, Not Active, Not Active, Not Active
2026/07/20 00:58:02.024, 0, ${V100_GPU_0_UUID}, 00000000:01:00.0, 892, 877, 32.39, 150.00, 55, 54, 0, 316, P0, Not Active, Not Active, Not Active
2026/07/20 00:58:02.031, 1, ${V100_GPU_1_UUID}, 00000000:02:00.0, 892, 877, 29.82, 150.00, 53, 52, 0, 316, P0, Not Active, Not Active, Not Active
2026/07/20 00:58:02.144, 0, ${V100_GPU_0_UUID}, 00000000:01:00.0, 892, 877, 32.39, 150.00, 55, 54, 0, 316, P0, Not Active, Not Active, Not Active
2026/07/20 00:58:02.152, 1, ${V100_GPU_1_UUID}, 00000000:02:00.0, 892, 877, 29.82, 150.00, 53, 52, 0, 316, P0, Not Active, Not Active, Not Active
2026/07/20 00:58:02.242, 0, ${V100_GPU_0_UUID}, 00000000:01:00.0, 892, 877, 32.39, 150.00, 55, 54, 0, 316, P0, Not Active, Not Active, Not Active
2026/07/20 00:58:02.251, 1, ${V100_GPU_1_UUID}, 00000000:02:00.0, 892, 877, 30.30, 150.00, 53, 52, 0, 316, P0, Not Active, Not Active, Not Active
2026/07/20 00:58:02.368, 0, ${V100_GPU_0_UUID}, 00000000:01:00.0, 892, 877, 32.39, 150.00, 55, 54, 0, 316, P0, Not Active, Not Active, Not Active
2026/07/20 00:58:02.376, 1, ${V100_GPU_1_UUID}, 00000000:02:00.0, 892, 877, 30.30, 150.00, 53, 52, 0, 316, P0, Not Active, Not Active, Not Active
2026/07/20 00:58:02.472, 0, ${V100_GPU_0_UUID}, 00000000:01:00.0, 892, 877, 32.39, 150.00, 55, 54, 0, 316, P0, Not Active, Not Active, Not Active
2026/07/20 00:58:02.478, 1, ${V100_GPU_1_UUID}, 00000000:02:00.0, 892, 877, 30.30, 150.00, 53, 52, 0, 316, P0, Not Active, Not Active, Not Active
2026/07/20 00:58:02.582, 0, ${V100_GPU_0_UUID}, 00000000:01:00.0, 892, 877, 32.39, 150.00, 55, 54, 0, 316, P0, Not Active, Not Active, Not Active
2026/07/20 00:58:02.590, 1, ${V100_GPU_1_UUID}, 00000000:02:00.0, 892, 877, 29.82, 150.00, 53, 52, 0, 316, P0, Not Active, Not Active, Not Active
2026/07/20 00:58:02.699, 0, ${V100_GPU_0_UUID}, 00000000:01:00.0, 892, 877, 32.39, 150.00, 55, 54, 0, 316, P0, Not Active, Not Active, Not Active
2026/07/20 00:58:02.713, 1, ${V100_GPU_1_UUID}, 00000000:02:00.0, 892, 877, 29.82, 150.00, 53, 52, 0, 316, P0, Not Active, Not Active, Not Active
2026/07/20 00:58:02.820, 0, ${V100_GPU_0_UUID}, 00000000:01:00.0, 892, 877, 32.39, 150.00, 55, 54, 0, 316, P0, Not Active, Not Active, Not Active
2026/07/20 00:58:02.830, 1, ${V100_GPU_1_UUID}, 00000000:02:00.0, 892, 877, 29.82, 150.00, 53, 52, 0, 316, P0, Not Active, Not Active, Not Active
2026/07/20 00:58:02.928, 0, ${V100_GPU_0_UUID}, 00000000:01:00.0, 892, 877, 32.39, 150.00, 55, 54, 0, 316, P0, Not Active, Not Active, Not Active
2026/07/20 00:58:02.937, 1, ${V100_GPU_1_UUID}, 00000000:02:00.0, 892, 877, 30.30, 150.00, 53, 52, 0, 316, P0, Not Active, Not Active, Not Active
2026/07/20 00:58:03.051, 0, ${V100_GPU_0_UUID}, 00000000:01:00.0, 892, 877, 32.39, 150.00, 55, 54, 0, 316, P0, Not Active, Not Active, Not Active
2026/07/20 00:58:03.058, 1, ${V100_GPU_1_UUID}, 00000000:02:00.0, 892, 877, 29.82, 150.00, 53, 52, 0, 316, P0, Not Active, Not Active, Not Active
2026/07/20 00:58:03.144, 0, ${V100_GPU_0_UUID}, 00000000:01:00.0, 892, 877, 32.37, 150.00, 55, 54, 0, 316, P0, Not Active, Not Active, Not Active
2026/07/20 00:58:03.150, 1, ${V100_GPU_1_UUID}, 00000000:02:00.0, 892, 877, 29.82, 150.00, 53, 52, 0, 316, P0, Not Active, Not Active, Not Active
2026/07/20 00:58:03.241, 0, ${V100_GPU_0_UUID}, 00000000:01:00.0, 892, 877, 32.39, 150.00, 55, 54, 0, 316, P0, Not Active, Not Active, Not Active
2026/07/20 00:58:03.249, 1, ${V100_GPU_1_UUID}, 00000000:02:00.0, 892, 877, 30.30, 150.00, 53, 52, 0, 316, P0, Not Active, Not Active, Not Active
2026/07/20 00:58:03.358, 0, ${V100_GPU_0_UUID}, 00000000:01:00.0, 892, 877, 32.39, 150.00, 55, 54, 0, 316, P0, Not Active, Not Active, Not Active
2026/07/20 00:58:03.368, 1, ${V100_GPU_1_UUID}, 00000000:02:00.0, 892, 877, 30.30, 150.00, 53, 52, 0, 316, P0, Not Active, Not Active, Not Active
2026/07/20 00:58:03.471, 0, ${V100_GPU_0_UUID}, 00000000:01:00.0, 892, 877, 32.39, 150.00, 55, 54, 0, 316, P0, Not Active, Not Active, Not Active
2026/07/20 00:58:03.487, 1, ${V100_GPU_1_UUID}, 00000000:02:00.0, 892, 877, 30.30, 150.00, 53, 52, 0, 316, P0, Not Active, Not Active, Not Active
2026/07/20 00:58:03.576, 0, ${V100_GPU_0_UUID}, 00000000:01:00.0, 892, 877, 32.37, 150.00, 55, 54, 0, 316, P0, Not Active, Not Active, Not Active
2026/07/20 00:58:03.581, 1, ${V100_GPU_1_UUID}, 00000000:02:00.0, 892, 877, 30.30, 150.00, 53, 52, 0, 316, P0, Not Active, Not Active, Not Active
2026/07/20 00:58:03.687, 0, ${V100_GPU_0_UUID}, 00000000:01:00.0, 892, 877, 32.39, 150.00, 55, 54, 0, 316, P0, Not Active, Not Active, Not Active
2026/07/20 00:58:03.694, 1, ${V100_GPU_1_UUID}, 00000000:02:00.0, 892, 877, 30.30, 150.00, 53, 52, 0, 316, P0, Not Active, Not Active, Not Active
2026/07/20 00:58:03.790, 0, ${V100_GPU_0_UUID}, 00000000:01:00.0, 892, 877, 32.39, 150.00, 55, 54, 0, 316, P0, Not Active, Not Active, Not Active
2026/07/20 00:58:03.808, 1, ${V100_GPU_1_UUID}, 00000000:02:00.0, 892, 877, 30.30, 150.00, 53, 52, 0, 316, P0, Not Active, Not Active, Not Active
2026/07/20 00:58:03.897, 0, ${V100_GPU_0_UUID}, 00000000:01:00.0, 892, 877, 32.39, 150.00, 55, 54, 0, 316, P0, Not Active, Not Active, Not Active
2026/07/20 00:58:03.903, 1, ${V100_GPU_1_UUID}, 00000000:02:00.0, 892, 877, 30.30, 150.00, 53, 52, 0, 316, P0, Not Active, Not Active, Not Active
2026/07/20 00:58:04.018, 0, ${V100_GPU_0_UUID}, 00000000:01:00.0, 892, 877, 32.39, 150.00, 55, 54, 0, 316, P0, Not Active, Not Active, Not Active
2026/07/20 00:58:04.025, 1, ${V100_GPU_1_UUID}, 00000000:02:00.0, 892, 877, 30.30, 150.00, 53, 52, 0, 316, P0, Not Active, Not Active, Not Active
2026/07/20 00:58:04.124, 0, ${V100_GPU_0_UUID}, 00000000:01:00.0, 892, 877, 32.39, 150.00, 55, 54, 0, 316, P0, Not Active, Not Active, Not Active
2026/07/20 00:58:04.136, 1, ${V100_GPU_1_UUID}, 00000000:02:00.0, 892, 877, 29.82, 150.00, 53, 52, 0, 316, P0, Not Active, Not Active, Not Active
2026/07/20 00:58:04.230, 0, ${V100_GPU_0_UUID}, 00000000:01:00.0, 892, 877, 32.39, 150.00, 55, 54, 0, 316, P0, Not Active, Not Active, Not Active
2026/07/20 00:58:04.239, 1, ${V100_GPU_1_UUID}, 00000000:02:00.0, 892, 877, 30.30, 150.00, 53, 52, 0, 316, P0, Not Active, Not Active, Not Active
2026/07/20 00:58:04.329, 0, ${V100_GPU_0_UUID}, 00000000:01:00.0, 892, 877, 32.39, 150.00, 55, 54, 0, 316, P0, Not Active, Not Active, Not Active
2026/07/20 00:58:04.335, 1, ${V100_GPU_1_UUID}, 00000000:02:00.0, 892, 877, 29.82, 150.00, 53, 52, 0, 316, P0, Not Active, Not Active, Not Active
2026/07/20 00:58:04.421, 0, ${V100_GPU_0_UUID}, 00000000:01:00.0, 892, 877, 32.39, 150.00, 55, 54, 0, 316, P0, Not Active, Not Active, Not Active
2026/07/20 00:58:04.427, 1, ${V100_GPU_1_UUID}, 00000000:02:00.0, 892, 877, 30.30, 150.00, 53, 52, 0, 316, P0, Not Active, Not Active, Not Active
2026/07/20 00:58:04.510, 0, ${V100_GPU_0_UUID}, 00000000:01:00.0, 892, 877, 32.37, 150.00, 55, 54, 0, 316, P0, Not Active, Not Active, Not Active
2026/07/20 00:58:04.516, 1, ${V100_GPU_1_UUID}, 00000000:02:00.0, 892, 877, 30.30, 150.00, 53, 52, 0, 316, P0, Not Active, Not Active, Not Active
2026/07/20 00:58:04.626, 0, ${V100_GPU_0_UUID}, 00000000:01:00.0, 892, 877, 32.39, 150.00, 55, 54, 0, 316, P0, Not Active, Not Active, Not Active
2026/07/20 00:58:04.636, 1, ${V100_GPU_1_UUID}, 00000000:02:00.0, 892, 877, 30.30, 150.00, 53, 52, 0, 316, P0, Not Active, Not Active, Not Active
2026/07/20 00:58:04.752, 0, ${V100_GPU_0_UUID}, 00000000:01:00.0, 892, 877, 32.39, 150.00, 55, 54, 0, 316, P0, Not Active, Not Active, Not Active
2026/07/20 00:58:04.760, 1, ${V100_GPU_1_UUID}, 00000000:02:00.0, 892, 877, 30.30, 150.00, 53, 52, 0, 316, P0, Not Active, Not Active, Not Active
2026/07/20 00:58:04.853, 0, ${V100_GPU_0_UUID}, 00000000:01:00.0, 892, 877, 32.37, 150.00, 55, 54, 0, 316, P0, Not Active, Not Active, Not Active
2026/07/20 00:58:04.859, 1, ${V100_GPU_1_UUID}, 00000000:02:00.0, 892, 877, 30.30, 150.00, 53, 52, 0, 316, P0, Not Active, Not Active, Not Active
2026/07/20 00:58:04.962, 0, ${V100_GPU_0_UUID}, 00000000:01:00.0, 892, 877, 32.39, 150.00, 55, 54, 0, 316, P0, Not Active, Not Active, Not Active
2026/07/20 00:58:04.975, 1, ${V100_GPU_1_UUID}, 00000000:02:00.0, 892, 877, 29.82, 150.00, 53, 52, 0, 316, P0, Not Active, Not Active, Not Active
2026/07/20 00:58:05.085, 0, ${V100_GPU_0_UUID}, 00000000:01:00.0, 892, 877, 32.39, 150.00, 55, 54, 0, 316, P0, Not Active, Not Active, Not Active
2026/07/20 00:58:05.096, 1, ${V100_GPU_1_UUID}, 00000000:02:00.0, 892, 877, 29.82, 150.00, 53, 52, 0, 316, P0, Not Active, Not Active, Not Active
2026/07/20 00:58:05.187, 0, ${V100_GPU_0_UUID}, 00000000:01:00.0, 892, 877, 32.39, 150.00, 55, 54, 0, 316, P0, Not Active, Not Active, Not Active
2026/07/20 00:58:05.205, 1, ${V100_GPU_1_UUID}, 00000000:02:00.0, 892, 877, 30.30, 150.00, 53, 52, 0, 316, P0, Not Active, Not Active, Not Active
2026/07/20 00:58:05.321, 0, ${V100_GPU_0_UUID}, 00000000:01:00.0, 892, 877, 32.39, 150.00, 55, 54, 0, 316, P0, Not Active, Not Active, Not Active
2026/07/20 00:58:05.328, 1, ${V100_GPU_1_UUID}, 00000000:02:00.0, 892, 877, 30.30, 150.00, 53, 52, 0, 316, P0, Not Active, Not Active, Not Active
2026/07/20 00:58:05.429, 0, ${V100_GPU_0_UUID}, 00000000:01:00.0, 892, 877, 32.39, 150.00, 55, 54, 0, 316, P0, Not Active, Not Active, Not Active
2026/07/20 00:58:05.441, 1, ${V100_GPU_1_UUID}, 00000000:02:00.0, 892, 877, 29.82, 150.00, 53, 52, 0, 316, P0, Not Active, Not Active, Not Active
2026/07/20 00:58:05.531, 0, ${V100_GPU_0_UUID}, 00000000:01:00.0, 892, 877, 32.37, 150.00, 55, 54, 0, 8432, P0, Not Active, Not Active, Not Active
2026/07/20 00:58:05.537, 1, ${V100_GPU_1_UUID}, 00000000:02:00.0, 892, 877, 30.28, 150.00, 53, 52, 0, 8674, P0, Not Active, Not Active, Not Active
2026/07/20 00:58:05.644, 0, ${V100_GPU_0_UUID}, 00000000:01:00.0, 892, 877, 32.39, 150.00, 55, 54, 3, 8432, P0, Not Active, Not Active, Not Active
2026/07/20 00:58:05.653, 1, ${V100_GPU_1_UUID}, 00000000:02:00.0, 892, 877, 30.30, 150.00, 53, 52, 0, 8674, P0, Not Active, Not Active, Not Active
2026/07/20 00:58:05.748, 0, ${V100_GPU_0_UUID}, 00000000:01:00.0, 892, 877, 32.39, 150.00, 55, 54, 3, 8432, P0, Not Active, Not Active, Not Active
2026/07/20 00:58:05.757, 1, ${V100_GPU_1_UUID}, 00000000:02:00.0, 892, 877, 30.30, 150.00, 53, 52, 0, 8674, P0, Not Active, Not Active, Not Active
2026/07/20 00:58:05.874, 0, ${V100_GPU_0_UUID}, 00000000:01:00.0, 892, 877, 32.39, 150.00, 55, 54, 5, 8432, P0, Not Active, Not Active, Not Active
2026/07/20 00:58:05.882, 1, ${V100_GPU_1_UUID}, 00000000:02:00.0, 892, 877, 30.30, 150.00, 53, 52, 0, 8674, P0, Not Active, Not Active, Not Active
2026/07/20 00:58:05.978, 0, ${V100_GPU_0_UUID}, 00000000:01:00.0, 892, 877, 32.39, 150.00, 55, 54, 6, 8432, P0, Not Active, Not Active, Not Active
2026/07/20 00:58:05.984, 1, ${V100_GPU_1_UUID}, 00000000:02:00.0, 892, 877, 29.82, 150.00, 53, 52, 0, 8674, P0, Not Active, Not Active, Not Active
2026/07/20 00:58:06.080, 0, ${V100_GPU_0_UUID}, 00000000:01:00.0, 892, 877, 32.39, 150.00, 55, 54, 6, 8432, P0, Not Active, Not Active, Not Active
2026/07/20 00:58:06.091, 1, ${V100_GPU_1_UUID}, 00000000:02:00.0, 892, 877, 30.30, 150.00, 53, 52, 0, 8674, P0, Not Active, Not Active, Not Active
2026/07/20 00:58:06.203, 0, ${V100_GPU_0_UUID}, 00000000:01:00.0, 892, 877, 32.39, 150.00, 55, 54, 6, 8432, P0, Not Active, Not Active, Not Active
2026/07/20 00:58:06.213, 1, ${V100_GPU_1_UUID}, 00000000:02:00.0, 892, 877, 30.32, 150.00, 53, 52, 0, 8674, P0, Not Active, Not Active, Not Active
2026/07/20 00:58:06.308, 0, ${V100_GPU_0_UUID}, 00000000:01:00.0, 892, 877, 32.39, 150.00, 55, 54, 6, 8432, P0, Not Active, Not Active, Not Active
2026/07/20 00:58:06.318, 1, ${V100_GPU_1_UUID}, 00000000:02:00.0, 892, 877, 30.30, 150.00, 53, 52, 0, 8674, P0, Not Active, Not Active, Not Active
2026/07/20 00:58:06.431, 0, ${V100_GPU_0_UUID}, 00000000:01:00.0, 892, 877, 32.39, 150.00, 55, 54, 6, 8432, P0, Not Active, Not Active, Not Active
2026/07/20 00:58:06.440, 1, ${V100_GPU_1_UUID}, 00000000:02:00.0, 892, 877, 29.82, 150.00, 53, 52, 0, 8674, P0, Not Active, Not Active, Not Active
2026/07/20 00:58:06.546, 0, ${V100_GPU_0_UUID}, 00000000:01:00.0, 892, 877, 32.39, 150.00, 55, 54, 6, 8432, P0, Not Active, Not Active, Not Active
2026/07/20 00:58:06.557, 1, ${V100_GPU_1_UUID}, 00000000:02:00.0, 892, 877, 30.30, 150.00, 53, 52, 0, 8674, P0, Not Active, Not Active, Not Active
2026/07/20 00:58:06.660, 0, ${V100_GPU_0_UUID}, 00000000:01:00.0, 892, 877, 32.39, 150.00, 55, 54, 6, 8432, P0, Not Active, Not Active, Not Active
2026/07/20 00:58:06.671, 1, ${V100_GPU_1_UUID}, 00000000:02:00.0, 892, 877, 29.82, 150.00, 53, 52, 0, 8674, P0, Not Active, Not Active, Not Active
2026/07/20 00:58:06.779, 0, ${V100_GPU_0_UUID}, 00000000:01:00.0, 892, 877, 32.39, 150.00, 55, 54, 5, 8432, P0, Not Active, Not Active, Not Active
2026/07/20 00:58:06.790, 1, ${V100_GPU_1_UUID}, 00000000:02:00.0, 892, 877, 30.30, 150.00, 53, 52, 0, 8674, P0, Not Active, Not Active, Not Active
2026/07/20 00:58:06.880, 0, ${V100_GPU_0_UUID}, 00000000:01:00.0, 892, 877, 32.37, 150.00, 55, 54, 5, 8432, P0, Not Active, Not Active, Not Active
2026/07/20 00:58:06.886, 1, ${V100_GPU_1_UUID}, 00000000:02:00.0, 892, 877, 30.28, 150.00, 53, 52, 0, 8674, P0, Not Active, Not Active, Not Active
2026/07/20 00:58:06.986, 0, ${V100_GPU_0_UUID}, 00000000:01:00.0, 892, 877, 32.39, 150.00, 55, 54, 4, 8432, P0, Not Active, Not Active, Not Active
2026/07/20 00:58:06.992, 1, ${V100_GPU_1_UUID}, 00000000:02:00.0, 892, 877, 30.30, 150.00, 53, 52, 0, 8674, P0, Not Active, Not Active, Not Active
2026/07/20 00:58:07.102, 0, ${V100_GPU_0_UUID}, 00000000:01:00.0, 892, 877, 32.39, 150.00, 55, 54, 4, 8432, P0, Not Active, Not Active, Not Active
2026/07/20 00:58:07.108, 1, ${V100_GPU_1_UUID}, 00000000:02:00.0, 892, 877, 30.30, 150.00, 53, 52, 0, 8674, P0, Not Active, Not Active, Not Active
2026/07/20 00:58:07.210, 0, ${V100_GPU_0_UUID}, 00000000:01:00.0, 892, 877, 32.39, 150.00, 55, 54, 4, 8432, P0, Not Active, Not Active, Not Active
2026/07/20 00:58:07.216, 1, ${V100_GPU_1_UUID}, 00000000:02:00.0, 892, 877, 30.30, 150.00, 53, 52, 0, 8674, P0, Not Active, Not Active, Not Active
2026/07/20 00:58:07.299, 0, ${V100_GPU_0_UUID}, 00000000:01:00.0, 892, 877, 32.37, 150.00, 55, 54, 5, 8432, P0, Not Active, Not Active, Not Active
2026/07/20 00:58:07.306, 1, ${V100_GPU_1_UUID}, 00000000:02:00.0, 892, 877, 30.30, 150.00, 53, 52, 0, 8674, P0, Not Active, Not Active, Not Active
2026/07/20 00:58:07.425, 0, ${V100_GPU_0_UUID}, 00000000:01:00.0, 892, 877, 32.39, 150.00, 55, 54, 5, 8432, P0, Not Active, Not Active, Not Active
2026/07/20 00:58:07.432, 1, ${V100_GPU_1_UUID}, 00000000:02:00.0, 892, 877, 30.30, 150.00, 53, 52, 0, 8674, P0, Not Active, Not Active, Not Active
2026/07/20 00:58:07.515, 0, ${V100_GPU_0_UUID}, 00000000:01:00.0, 892, 877, 32.37, 150.00, 55, 54, 4, 8432, P0, Not Active, Not Active, Not Active
2026/07/20 00:58:07.521, 1, ${V100_GPU_1_UUID}, 00000000:02:00.0, 892, 877, 30.28, 150.00, 53, 52, 0, 8674, P0, Not Active, Not Active, Not Active
2026/07/20 00:58:07.605, 0, ${V100_GPU_0_UUID}, 00000000:01:00.0, 892, 877, 32.39, 150.00, 55, 54, 4, 8432, P0, Not Active, Not Active, Not Active
2026/07/20 00:58:07.612, 1, ${V100_GPU_1_UUID}, 00000000:02:00.0, 892, 877, 29.82, 150.00, 53, 52, 0, 8674, P0, Not Active, Not Active, Not Active
2026/07/20 00:58:07.699, 0, ${V100_GPU_0_UUID}, 00000000:01:00.0, 892, 877, 32.39, 150.00, 55, 54, 6, 8432, P0, Not Active, Not Active, Not Active
2026/07/20 00:58:07.706, 1, ${V100_GPU_1_UUID}, 00000000:02:00.0, 892, 877, 30.30, 150.00, 53, 52, 0, 8674, P0, Not Active, Not Active, Not Active
2026/07/20 00:58:07.788, 0, ${V100_GPU_0_UUID}, 00000000:01:00.0, 892, 877, 32.37, 150.00, 55, 54, 6, 8432, P0, Not Active, Not Active, Not Active
2026/07/20 00:58:07.794, 1, ${V100_GPU_1_UUID}, 00000000:02:00.0, 892, 877, 30.28, 150.00, 53, 52, 0, 8674, P0, Not Active, Not Active, Not Active
2026/07/20 00:58:07.876, 0, ${V100_GPU_0_UUID}, 00000000:01:00.0, 892, 877, 32.37, 150.00, 55, 54, 6, 8432, P0, Not Active, Not Active, Not Active
2026/07/20 00:58:07.882, 1, ${V100_GPU_1_UUID}, 00000000:02:00.0, 892, 877, 30.30, 150.00, 53, 52, 0, 8674, P0, Not Active, Not Active, Not Active
2026/07/20 00:58:07.965, 0, ${V100_GPU_0_UUID}, 00000000:01:00.0, 892, 877, 32.39, 150.00, 55, 54, 6, 8432, P0, Not Active, Not Active, Not Active
2026/07/20 00:58:07.971, 1, ${V100_GPU_1_UUID}, 00000000:02:00.0, 892, 877, 30.30, 150.00, 53, 52, 0, 8674, P0, Not Active, Not Active, Not Active
2026/07/20 00:58:08.083, 0, ${V100_GPU_0_UUID}, 00000000:01:00.0, 892, 877, 32.39, 150.00, 55, 54, 6, 8432, P0, Not Active, Not Active, Not Active
2026/07/20 00:58:08.090, 1, ${V100_GPU_1_UUID}, 00000000:02:00.0, 892, 877, 30.30, 150.00, 53, 52, 0, 8674, P0, Not Active, Not Active, Not Active
2026/07/20 00:58:08.203, 0, ${V100_GPU_0_UUID}, 00000000:01:00.0, 892, 877, 32.39, 150.00, 55, 54, 5, 8432, P0, Not Active, Not Active, Not Active
2026/07/20 00:58:08.211, 1, ${V100_GPU_1_UUID}, 00000000:02:00.0, 892, 877, 30.30, 150.00, 53, 52, 0, 8674, P0, Not Active, Not Active, Not Active
2026/07/20 00:58:08.312, 0, ${V100_GPU_0_UUID}, 00000000:01:00.0, 892, 877, 32.39, 150.00, 55, 54, 5, 8432, P0, Not Active, Not Active, Not Active
2026/07/20 00:58:08.323, 1, ${V100_GPU_1_UUID}, 00000000:02:00.0, 892, 877, 29.84, 150.00, 53, 52, 0, 8674, P0, Not Active, Not Active, Not Active
2026/07/20 00:58:08.409, 0, ${V100_GPU_0_UUID}, 00000000:01:00.0, 892, 877, 32.39, 150.00, 55, 54, 5, 8432, P0, Not Active, Not Active, Not Active
2026/07/20 00:58:08.415, 1, ${V100_GPU_1_UUID}, 00000000:02:00.0, 892, 877, 30.30, 150.00, 53, 52, 0, 8674, P0, Not Active, Not Active, Not Active
2026/07/20 00:58:08.498, 0, ${V100_GPU_0_UUID}, 00000000:01:00.0, 892, 877, 32.39, 150.00, 55, 54, 6, 8432, P0, Not Active, Not Active, Not Active
2026/07/20 00:58:08.504, 1, ${V100_GPU_1_UUID}, 00000000:02:00.0, 892, 877, 30.30, 150.00, 53, 52, 0, 8674, P0, Not Active, Not Active, Not Active
2026/07/20 00:58:08.588, 0, ${V100_GPU_0_UUID}, 00000000:01:00.0, 892, 877, 32.37, 150.00, 55, 54, 6, 8432, P0, Not Active, Not Active, Not Active
2026/07/20 00:58:08.593, 1, ${V100_GPU_1_UUID}, 00000000:02:00.0, 892, 877, 30.30, 150.00, 53, 52, 0, 8674, P0, Not Active, Not Active, Not Active
2026/07/20 00:58:08.691, 0, ${V100_GPU_0_UUID}, 00000000:01:00.0, 892, 877, 32.39, 150.00, 55, 54, 6, 8432, P0, Not Active, Not Active, Not Active
2026/07/20 00:58:08.703, 1, ${V100_GPU_1_UUID}, 00000000:02:00.0, 892, 877, 30.30, 150.00, 53, 52, 0, 8674, P0, Not Active, Not Active, Not Active
2026/07/20 00:58:08.815, 0, ${V100_GPU_0_UUID}, 00000000:01:00.0, 892, 877, 32.39, 150.00, 55, 54, 5, 8432, P0, Not Active, Not Active, Not Active
2026/07/20 00:58:08.827, 1, ${V100_GPU_1_UUID}, 00000000:02:00.0, 892, 877, 29.82, 150.00, 53, 52, 0, 8674, P0, Not Active, Not Active, Not Active
2026/07/20 00:58:08.933, 0, ${V100_GPU_0_UUID}, 00000000:01:00.0, 892, 877, 32.39, 150.00, 55, 54, 5, 8432, P0, Not Active, Not Active, Not Active
2026/07/20 00:58:08.942, 1, ${V100_GPU_1_UUID}, 00000000:02:00.0, 892, 877, 30.30, 150.00, 53, 52, 0, 8674, P0, Not Active, Not Active, Not Active
2026/07/20 00:58:09.051, 0, ${V100_GPU_0_UUID}, 00000000:01:00.0, 892, 877, 32.39, 150.00, 55, 54, 5, 8432, P0, Not Active, Not Active, Not Active
2026/07/20 00:58:09.061, 1, ${V100_GPU_1_UUID}, 00000000:02:00.0, 892, 877, 30.30, 150.00, 53, 52, 0, 8674, P0, Not Active, Not Active, Not Active
2026/07/20 00:58:09.177, 0, ${V100_GPU_0_UUID}, 00000000:01:00.0, 892, 877, 32.39, 150.00, 55, 54, 5, 8432, P0, Not Active, Not Active, Not Active
2026/07/20 00:58:09.184, 1, ${V100_GPU_1_UUID}, 00000000:02:00.0, 892, 877, 29.82, 150.00, 53, 52, 0, 8674, P0, Not Active, Not Active, Not Active
2026/07/20 00:58:09.283, 0, ${V100_GPU_0_UUID}, 00000000:01:00.0, 892, 877, 32.39, 150.00, 55, 54, 5, 8432, P0, Not Active, Not Active, Not Active
2026/07/20 00:58:09.295, 1, ${V100_GPU_1_UUID}, 00000000:02:00.0, 892, 877, 30.30, 150.00, 53, 52, 0, 8674, P0, Not Active, Not Active, Not Active
2026/07/20 00:58:09.408, 0, ${V100_GPU_0_UUID}, 00000000:01:00.0, 892, 877, 32.39, 150.00, 55, 54, 5, 8432, P0, Not Active, Not Active, Not Active
2026/07/20 00:58:09.417, 1, ${V100_GPU_1_UUID}, 00000000:02:00.0, 892, 877, 30.30, 150.00, 53, 52, 0, 8674, P0, Not Active, Not Active, Not Active
2026/07/20 00:58:09.512, 0, ${V100_GPU_0_UUID}, 00000000:01:00.0, 892, 877, 32.39, 150.00, 55, 54, 5, 8432, P0, Not Active, Not Active, Not Active
2026/07/20 00:58:09.521, 1, ${V100_GPU_1_UUID}, 00000000:02:00.0, 892, 877, 29.82, 150.00, 53, 52, 0, 8674, P0, Not Active, Not Active, Not Active
2026/07/20 00:58:09.636, 0, ${V100_GPU_0_UUID}, 00000000:01:00.0, 892, 877, 32.39, 150.00, 55, 54, 5, 8432, P0, Not Active, Not Active, Not Active
2026/07/20 00:58:09.643, 1, ${V100_GPU_1_UUID}, 00000000:02:00.0, 892, 877, 30.30, 150.00, 53, 52, 0, 8674, P0, Not Active, Not Active, Not Active
2026/07/20 00:58:09.742, 0, ${V100_GPU_0_UUID}, 00000000:01:00.0, 892, 877, 32.39, 150.00, 55, 54, 5, 8432, P0, Not Active, Not Active, Not Active
2026/07/20 00:58:09.755, 1, ${V100_GPU_1_UUID}, 00000000:02:00.0, 892, 877, 29.82, 150.00, 53, 52, 0, 8674, P0, Not Active, Not Active, Not Active
2026/07/20 00:58:09.854, 0, ${V100_GPU_0_UUID}, 00000000:01:00.0, 892, 877, 32.39, 150.00, 55, 54, 5, 8432, P0, Not Active, Not Active, Not Active
2026/07/20 00:58:09.864, 1, ${V100_GPU_1_UUID}, 00000000:02:00.0, 892, 877, 30.30, 150.00, 53, 52, 0, 8674, P0, Not Active, Not Active, Not Active
2026/07/20 00:58:09.971, 0, ${V100_GPU_0_UUID}, 00000000:01:00.0, 892, 877, 32.39, 150.00, 55, 54, 6, 8432, P0, Not Active, Not Active, Not Active
2026/07/20 00:58:09.985, 1, ${V100_GPU_1_UUID}, 00000000:02:00.0, 892, 877, 30.30, 150.00, 53, 52, 0, 8674, P0, Not Active, Not Active, Not Active
2026/07/20 00:58:10.092, 0, ${V100_GPU_0_UUID}, 00000000:01:00.0, 892, 877, 32.39, 150.00, 55, 54, 6, 8432, P0, Not Active, Not Active, Not Active
2026/07/20 00:58:10.100, 1, ${V100_GPU_1_UUID}, 00000000:02:00.0, 892, 877, 30.30, 150.00, 53, 52, 0, 8674, P0, Not Active, Not Active, Not Active
2026/07/20 00:58:10.206, 0, ${V100_GPU_0_UUID}, 00000000:01:00.0, 892, 877, 32.39, 150.00, 55, 54, 6, 8432, P0, Not Active, Not Active, Not Active
2026/07/20 00:58:10.217, 1, ${V100_GPU_1_UUID}, 00000000:02:00.0, 892, 877, 29.82, 150.00, 53, 52, 0, 8674, P0, Not Active, Not Active, Not Active
2026/07/20 00:58:10.326, 0, ${V100_GPU_0_UUID}, 00000000:01:00.0, 892, 877, 32.39, 150.00, 55, 54, 6, 8432, P0, Not Active, Not Active, Not Active
2026/07/20 00:58:10.337, 1, ${V100_GPU_1_UUID}, 00000000:02:00.0, 892, 877, 29.82, 150.00, 53, 52, 0, 8674, P0, Not Active, Not Active, Not Active
2026/07/20 00:58:10.442, 0, ${V100_GPU_0_UUID}, 00000000:01:00.0, 892, 877, 32.39, 150.00, 55, 54, 6, 8432, P0, Not Active, Not Active, Not Active
2026/07/20 00:58:10.455, 1, ${V100_GPU_1_UUID}, 00000000:02:00.0, 892, 877, 30.30, 150.00, 53, 52, 0, 8674, P0, Not Active, Not Active, Not Active
2026/07/20 00:58:10.565, 0, ${V100_GPU_0_UUID}, 00000000:01:00.0, 892, 877, 32.39, 150.00, 55, 54, 6, 8432, P0, Not Active, Not Active, Not Active
2026/07/20 00:58:10.574, 1, ${V100_GPU_1_UUID}, 00000000:02:00.0, 892, 877, 29.82, 150.00, 53, 52, 0, 8674, P0, Not Active, Not Active, Not Active
2026/07/20 00:58:10.679, 0, ${V100_GPU_0_UUID}, 00000000:01:00.0, 892, 877, 32.39, 150.00, 55, 54, 6, 8432, P0, Not Active, Not Active, Not Active
2026/07/20 00:58:10.688, 1, ${V100_GPU_1_UUID}, 00000000:02:00.0, 892, 877, 30.30, 150.00, 53, 52, 0, 8674, P0, Not Active, Not Active, Not Active
2026/07/20 00:58:10.798, 0, ${V100_GPU_0_UUID}, 00000000:01:00.0, 892, 877, 32.39, 150.00, 55, 54, 6, 8432, P0, Not Active, Not Active, Not Active
2026/07/20 00:58:10.807, 1, ${V100_GPU_1_UUID}, 00000000:02:00.0, 892, 877, 30.30, 150.00, 53, 52, 0, 8674, P0, Not Active, Not Active, Not Active
2026/07/20 00:58:10.917, 0, ${V100_GPU_0_UUID}, 00000000:01:00.0, 892, 877, 32.39, 150.00, 55, 54, 6, 8432, P0, Not Active, Not Active, Not Active
2026/07/20 00:58:10.928, 1, ${V100_GPU_1_UUID}, 00000000:02:00.0, 892, 877, 30.30, 150.00, 53, 52, 0, 8674, P0, Not Active, Not Active, Not Active
2026/07/20 00:58:11.036, 0, ${V100_GPU_0_UUID}, 00000000:01:00.0, 892, 877, 32.39, 150.00, 55, 54, 6, 8432, P0, Not Active, Not Active, Not Active
2026/07/20 00:58:11.046, 1, ${V100_GPU_1_UUID}, 00000000:02:00.0, 892, 877, 30.30, 150.00, 53, 52, 0, 8674, P0, Not Active, Not Active, Not Active
2026/07/20 00:58:11.134, 0, ${V100_GPU_0_UUID}, 00000000:01:00.0, 892, 877, 32.39, 150.00, 55, 54, 5, 8432, P0, Not Active, Not Active, Not Active
2026/07/20 00:58:11.140, 1, ${V100_GPU_1_UUID}, 00000000:02:00.0, 892, 877, 30.30, 150.00, 53, 52, 0, 8674, P0, Not Active, Not Active, Not Active
2026/07/20 00:58:11.244, 0, ${V100_GPU_0_UUID}, 00000000:01:00.0, 892, 877, 32.39, 150.00, 55, 54, 5, 8432, P0, Not Active, Not Active, Not Active
2026/07/20 00:58:11.256, 1, ${V100_GPU_1_UUID}, 00000000:02:00.0, 892, 877, 30.30, 150.00, 53, 52, 0, 8674, P0, Not Active, Not Active, Not Active
2026/07/20 00:58:11.366, 0, ${V100_GPU_0_UUID}, 00000000:01:00.0, 892, 877, 32.39, 150.00, 55, 54, 5, 8432, P0, Not Active, Not Active, Not Active
2026/07/20 00:58:11.376, 1, ${V100_GPU_1_UUID}, 00000000:02:00.0, 892, 877, 29.82, 150.00, 53, 52, 0, 8674, P0, Not Active, Not Active, Not Active
2026/07/20 00:58:11.482, 0, ${V100_GPU_0_UUID}, 00000000:01:00.0, 892, 877, 32.39, 150.00, 55, 54, 5, 8432, P0, Not Active, Not Active, Not Active
2026/07/20 00:58:11.491, 1, ${V100_GPU_1_UUID}, 00000000:02:00.0, 892, 877, 29.82, 150.00, 53, 52, 0, 8674, P0, Not Active, Not Active, Not Active
2026/07/20 00:58:11.588, 0, ${V100_GPU_0_UUID}, 00000000:01:00.0, 892, 877, 32.39, 150.00, 55, 54, 5, 8432, P0, Not Active, Not Active, Not Active
2026/07/20 00:58:11.598, 1, ${V100_GPU_1_UUID}, 00000000:02:00.0, 892, 877, 30.30, 150.00, 53, 52, 0, 8674, P0, Not Active, Not Active, Not Active
2026/07/20 00:58:11.711, 0, ${V100_GPU_0_UUID}, 00000000:01:00.0, 892, 877, 32.39, 150.00, 55, 54, 5, 8432, P0, Not Active, Not Active, Not Active
2026/07/20 00:58:11.718, 1, ${V100_GPU_1_UUID}, 00000000:02:00.0, 892, 877, 30.30, 150.00, 53, 52, 0, 8674, P0, Not Active, Not Active, Not Active
2026/07/20 00:58:11.816, 0, ${V100_GPU_0_UUID}, 00000000:01:00.0, 892, 877, 32.39, 150.00, 55, 54, 5, 8432, P0, Not Active, Not Active, Not Active
2026/07/20 00:58:11.828, 1, ${V100_GPU_1_UUID}, 00000000:02:00.0, 892, 877, 30.30, 150.00, 53, 52, 0, 8674, P0, Not Active, Not Active, Not Active
2026/07/20 00:58:11.927, 0, ${V100_GPU_0_UUID}, 00000000:01:00.0, 892, 877, 32.39, 150.00, 55, 54, 5, 8432, P0, Not Active, Not Active, Not Active
2026/07/20 00:58:11.938, 1, ${V100_GPU_1_UUID}, 00000000:02:00.0, 892, 877, 30.30, 150.00, 53, 52, 0, 8674, P0, Not Active, Not Active, Not Active
2026/07/20 00:58:12.025, 0, ${V100_GPU_0_UUID}, 00000000:01:00.0, 892, 877, 32.37, 150.00, 55, 54, 6, 8432, P0, Not Active, Not Active, Not Active
2026/07/20 00:58:12.031, 1, ${V100_GPU_1_UUID}, 00000000:02:00.0, 892, 877, 29.82, 150.00, 53, 52, 0, 8674, P0, Not Active, Not Active, Not Active
2026/07/20 00:58:12.144, 0, ${V100_GPU_0_UUID}, 00000000:01:00.0, 892, 877, 32.39, 150.00, 55, 54, 5, 8432, P0, Not Active, Not Active, Not Active
2026/07/20 00:58:12.151, 1, ${V100_GPU_1_UUID}, 00000000:02:00.0, 892, 877, 30.30, 150.00, 53, 52, 0, 8674, P0, Not Active, Not Active, Not Active
2026/07/20 00:58:12.260, 0, ${V100_GPU_0_UUID}, 00000000:01:00.0, 892, 877, 32.39, 150.00, 55, 54, 5, 8432, P0, Not Active, Not Active, Not Active
2026/07/20 00:58:12.267, 1, ${V100_GPU_1_UUID}, 00000000:02:00.0, 892, 877, 29.82, 150.00, 53, 52, 0, 8674, P0, Not Active, Not Active, Not Active
2026/07/20 00:58:12.366, 0, ${V100_GPU_0_UUID}, 00000000:01:00.0, 892, 877, 32.39, 150.00, 55, 54, 5, 8432, P0, Not Active, Not Active, Not Active
2026/07/20 00:58:12.377, 1, ${V100_GPU_1_UUID}, 00000000:02:00.0, 892, 877, 30.30, 150.00, 53, 52, 0, 8674, P0, Not Active, Not Active, Not Active
2026/07/20 00:58:12.491, 0, ${V100_GPU_0_UUID}, 00000000:01:00.0, 892, 877, 32.39, 150.00, 55, 54, 5, 8432, P0, Not Active, Not Active, Not Active
2026/07/20 00:58:12.510, 1, ${V100_GPU_1_UUID}, 00000000:02:00.0, 892, 877, 29.82, 150.00, 53, 52, 0, 8674, P0, Not Active, Not Active, Not Active
2026/07/20 00:58:12.617, 0, ${V100_GPU_0_UUID}, 00000000:01:00.0, 892, 877, 32.39, 150.00, 55, 54, 5, 8432, P0, Not Active, Not Active, Not Active
2026/07/20 00:58:12.629, 1, ${V100_GPU_1_UUID}, 00000000:02:00.0, 892, 877, 30.30, 150.00, 53, 52, 0, 8674, P0, Not Active, Not Active, Not Active
2026/07/20 00:58:12.738, 0, ${V100_GPU_0_UUID}, 00000000:01:00.0, 892, 877, 32.39, 150.00, 55, 54, 5, 8432, P0, Not Active, Not Active, Not Active
2026/07/20 00:58:12.747, 1, ${V100_GPU_1_UUID}, 00000000:02:00.0, 892, 877, 30.30, 150.00, 53, 52, 0, 8674, P0, Not Active, Not Active, Not Active
2026/07/20 00:58:12.851, 0, ${V100_GPU_0_UUID}, 00000000:01:00.0, 892, 877, 32.39, 150.00, 55, 54, 5, 8432, P0, Not Active, Not Active, Not Active
2026/07/20 00:58:12.857, 1, ${V100_GPU_1_UUID}, 00000000:02:00.0, 892, 877, 29.82, 150.00, 53, 52, 0, 8674, P0, Not Active, Not Active, Not Active
2026/07/20 00:58:12.947, 0, ${V100_GPU_0_UUID}, 00000000:01:00.0, 892, 877, 32.39, 150.00, 55, 54, 5, 8432, P0, Not Active, Not Active, Not Active
2026/07/20 00:58:12.954, 1, ${V100_GPU_1_UUID}, 00000000:02:00.0, 892, 877, 30.30, 150.00, 53, 52, 0, 8674, P0, Not Active, Not Active, Not Active
2026/07/20 00:58:13.066, 0, ${V100_GPU_0_UUID}, 00000000:01:00.0, 892, 877, 32.39, 150.00, 55, 54, 6, 8432, P0, Not Active, Not Active, Not Active
2026/07/20 00:58:13.072, 1, ${V100_GPU_1_UUID}, 00000000:02:00.0, 892, 877, 29.82, 150.00, 53, 52, 0, 8674, P0, Not Active, Not Active, Not Active
2026/07/20 00:58:13.164, 0, ${V100_GPU_0_UUID}, 00000000:01:00.0, 892, 877, 32.39, 150.00, 55, 54, 5, 8432, P0, Not Active, Not Active, Not Active
2026/07/20 00:58:13.174, 1, ${V100_GPU_1_UUID}, 00000000:02:00.0, 892, 877, 30.30, 150.00, 53, 52, 0, 8674, P0, Not Active, Not Active, Not Active
2026/07/20 00:58:13.289, 0, ${V100_GPU_0_UUID}, 00000000:01:00.0, 892, 877, 32.39, 150.00, 55, 54, 5, 8432, P0, Not Active, Not Active, Not Active
2026/07/20 00:58:13.297, 1, ${V100_GPU_1_UUID}, 00000000:02:00.0, 892, 877, 30.30, 150.00, 53, 52, 0, 8674, P0, Not Active, Not Active, Not Active
2026/07/20 00:58:13.407, 0, ${V100_GPU_0_UUID}, 00000000:01:00.0, 892, 877, 32.39, 150.00, 55, 54, 5, 8432, P0, Not Active, Not Active, Not Active
2026/07/20 00:58:13.414, 1, ${V100_GPU_1_UUID}, 00000000:02:00.0, 892, 877, 29.82, 150.00, 53, 52, 0, 8674, P0, Not Active, Not Active, Not Active
2026/07/20 00:58:13.509, 0, ${V100_GPU_0_UUID}, 00000000:01:00.0, 892, 877, 32.39, 150.00, 55, 54, 5, 8432, P0, Not Active, Not Active, Not Active
2026/07/20 00:58:13.520, 1, ${V100_GPU_1_UUID}, 00000000:02:00.0, 892, 877, 30.30, 150.00, 53, 52, 0, 8674, P0, Not Active, Not Active, Not Active
2026/07/20 00:58:13.637, 0, ${V100_GPU_0_UUID}, 00000000:01:00.0, 892, 877, 32.39, 150.00, 55, 54, 5, 8432, P0, Not Active, Not Active, Not Active
2026/07/20 00:58:13.645, 1, ${V100_GPU_1_UUID}, 00000000:02:00.0, 892, 877, 30.30, 150.00, 53, 52, 0, 8674, P0, Not Active, Not Active, Not Active
2026/07/20 00:58:13.757, 0, ${V100_GPU_0_UUID}, 00000000:01:00.0, 892, 877, 32.39, 150.00, 55, 54, 5, 8432, P0, Not Active, Not Active, Not Active
2026/07/20 00:58:13.767, 1, ${V100_GPU_1_UUID}, 00000000:02:00.0, 892, 877, 29.82, 150.00, 53, 52, 0, 8674, P0, Not Active, Not Active, Not Active
2026/07/20 00:58:13.854, 0, ${V100_GPU_0_UUID}, 00000000:01:00.0, 892, 877, 32.37, 150.00, 55, 54, 6, 8432, P0, Not Active, Not Active, Not Active
2026/07/20 00:58:13.860, 1, ${V100_GPU_1_UUID}, 00000000:02:00.0, 892, 877, 30.30, 150.00, 53, 52, 0, 8674, P0, Not Active, Not Active, Not Active
2026/07/20 00:58:13.959, 0, ${V100_GPU_0_UUID}, 00000000:01:00.0, 892, 877, 32.39, 150.00, 55, 54, 6, 8432, P0, Not Active, Not Active, Not Active
2026/07/20 00:58:13.968, 1, ${V100_GPU_1_UUID}, 00000000:02:00.0, 892, 877, 30.30, 150.00, 53, 52, 0, 8674, P0, Not Active, Not Active, Not Active
2026/07/20 00:58:14.079, 0, ${V100_GPU_0_UUID}, 00000000:01:00.0, 892, 877, 32.39, 150.00, 55, 54, 6, 8432, P0, Not Active, Not Active, Not Active
2026/07/20 00:58:14.088, 1, ${V100_GPU_1_UUID}, 00000000:02:00.0, 892, 877, 29.82, 150.00, 53, 52, 0, 8674, P0, Not Active, Not Active, Not Active
2026/07/20 00:58:14.192, 0, ${V100_GPU_0_UUID}, 00000000:01:00.0, 892, 877, 32.39, 150.00, 55, 54, 6, 8432, P0, Not Active, Not Active, Not Active
2026/07/20 00:58:14.205, 1, ${V100_GPU_1_UUID}, 00000000:02:00.0, 892, 877, 30.30, 150.00, 53, 52, 0, 8674, P0, Not Active, Not Active, Not Active
2026/07/20 00:58:14.305, 0, ${V100_GPU_0_UUID}, 00000000:01:00.0, 892, 877, 32.39, 150.00, 55, 54, 6, 8432, P0, Not Active, Not Active, Not Active
2026/07/20 00:58:14.316, 1, ${V100_GPU_1_UUID}, 00000000:02:00.0, 892, 877, 30.30, 150.00, 53, 52, 0, 8674, P0, Not Active, Not Active, Not Active
2026/07/20 00:58:14.434, 0, ${V100_GPU_0_UUID}, 00000000:01:00.0, 892, 877, 32.39, 150.00, 55, 54, 6, 8432, P0, Not Active, Not Active, Not Active
2026/07/20 00:58:14.441, 1, ${V100_GPU_1_UUID}, 00000000:02:00.0, 892, 877, 30.30, 150.00, 53, 52, 0, 8674, P0, Not Active, Not Active, Not Active
2026/07/20 00:58:14.532, 0, ${V100_GPU_0_UUID}, 00000000:01:00.0, 892, 877, 32.39, 150.00, 55, 54, 6, 8432, P0, Not Active, Not Active, Not Active
2026/07/20 00:58:14.540, 1, ${V100_GPU_1_UUID}, 00000000:02:00.0, 892, 877, 30.30, 150.00, 53, 52, 0, 8674, P0, Not Active, Not Active, Not Active
2026/07/20 00:58:14.655, 0, ${V100_GPU_0_UUID}, 00000000:01:00.0, 892, 877, 32.39, 150.00, 55, 54, 6, 8432, P0, Not Active, Not Active, Not Active
2026/07/20 00:58:14.664, 1, ${V100_GPU_1_UUID}, 00000000:02:00.0, 892, 877, 30.30, 150.00, 53, 52, 0, 8674, P0, Not Active, Not Active, Not Active
2026/07/20 00:58:14.779, 0, ${V100_GPU_0_UUID}, 00000000:01:00.0, 892, 877, 32.39, 150.00, 55, 54, 6, 8432, P0, Not Active, Not Active, Not Active
2026/07/20 00:58:14.789, 1, ${V100_GPU_1_UUID}, 00000000:02:00.0, 892, 877, 30.30, 150.00, 53, 52, 0, 8674, P0, Not Active, Not Active, Not Active
2026/07/20 00:58:14.897, 0, ${V100_GPU_0_UUID}, 00000000:01:00.0, 892, 877, 32.39, 150.00, 55, 54, 6, 8432, P0, Not Active, Not Active, Not Active
2026/07/20 00:58:14.910, 1, ${V100_GPU_1_UUID}, 00000000:02:00.0, 892, 877, 30.30, 150.00, 53, 52, 0, 8674, P0, Not Active, Not Active, Not Active
2026/07/20 00:58:15.008, 0, ${V100_GPU_0_UUID}, 00000000:01:00.0, 892, 877, 32.39, 150.00, 55, 54, 6, 8432, P0, Not Active, Not Active, Not Active
2026/07/20 00:58:15.018, 1, ${V100_GPU_1_UUID}, 00000000:02:00.0, 892, 877, 30.30, 150.00, 53, 52, 0, 8674, P0, Not Active, Not Active, Not Active
2026/07/20 00:58:15.131, 0, ${V100_GPU_0_UUID}, 00000000:01:00.0, 892, 877, 32.39, 150.00, 55, 54, 6, 8432, P0, Not Active, Not Active, Not Active
2026/07/20 00:58:15.139, 1, ${V100_GPU_1_UUID}, 00000000:02:00.0, 892, 877, 30.30, 150.00, 53, 52, 0, 8674, P0, Not Active, Not Active, Not Active
2026/07/20 00:58:15.229, 0, ${V100_GPU_0_UUID}, 00000000:01:00.0, 892, 877, 32.39, 150.00, 55, 54, 5, 8432, P0, Not Active, Not Active, Not Active
2026/07/20 00:58:15.237, 1, ${V100_GPU_1_UUID}, 00000000:02:00.0, 892, 877, 30.30, 150.00, 53, 52, 0, 8674, P0, Not Active, Not Active, Not Active
2026/07/20 00:58:15.350, 0, ${V100_GPU_0_UUID}, 00000000:01:00.0, 892, 877, 32.39, 150.00, 55, 54, 6, 8432, P0, Not Active, Not Active, Not Active
2026/07/20 00:58:15.359, 1, ${V100_GPU_1_UUID}, 00000000:02:00.0, 892, 877, 30.30, 150.00, 53, 52, 0, 8674, P0, Not Active, Not Active, Not Active
2026/07/20 00:58:15.448, 0, ${V100_GPU_0_UUID}, 00000000:01:00.0, 892, 877, 32.39, 150.00, 55, 54, 6, 8432, P0, Not Active, Not Active, Not Active
2026/07/20 00:58:15.455, 1, ${V100_GPU_1_UUID}, 00000000:02:00.0, 892, 877, 30.30, 150.00, 53, 52, 0, 8674, P0, Not Active, Not Active, Not Active
2026/07/20 00:58:15.566, 0, ${V100_GPU_0_UUID}, 00000000:01:00.0, 892, 877, 32.39, 150.00, 55, 54, 6, 8432, P0, Not Active, Not Active, Not Active
2026/07/20 00:58:15.573, 1, ${V100_GPU_1_UUID}, 00000000:02:00.0, 892, 877, 30.30, 150.00, 53, 52, 0, 8674, P0, Not Active, Not Active, Not Active
2026/07/20 00:58:15.658, 0, ${V100_GPU_0_UUID}, 00000000:01:00.0, 892, 877, 32.39, 150.00, 55, 54, 6, 8432, P0, Not Active, Not Active, Not Active
2026/07/20 00:58:15.664, 1, ${V100_GPU_1_UUID}, 00000000:02:00.0, 892, 877, 30.30, 150.00, 53, 52, 0, 8674, P0, Not Active, Not Active, Not Active
2026/07/20 00:58:15.778, 0, ${V100_GPU_0_UUID}, 00000000:01:00.0, 892, 877, 32.39, 150.00, 55, 54, 6, 8432, P0, Not Active, Not Active, Not Active
2026/07/20 00:58:15.787, 1, ${V100_GPU_1_UUID}, 00000000:02:00.0, 892, 877, 30.30, 150.00, 53, 52, 0, 8674, P0, Not Active, Not Active, Not Active
2026/07/20 00:58:15.894, 0, ${V100_GPU_0_UUID}, 00000000:01:00.0, 892, 877, 32.39, 150.00, 55, 54, 6, 8432, P0, Not Active, Not Active, Not Active
2026/07/20 00:58:15.903, 1, ${V100_GPU_1_UUID}, 00000000:02:00.0, 892, 877, 30.30, 150.00, 53, 52, 0, 8674, P0, Not Active, Not Active, Not Active
2026/07/20 00:58:16.014, 0, ${V100_GPU_0_UUID}, 00000000:01:00.0, 892, 877, 32.39, 150.00, 55, 54, 6, 8432, P0, Not Active, Not Active, Not Active
2026/07/20 00:58:16.024, 1, ${V100_GPU_1_UUID}, 00000000:02:00.0, 892, 877, 29.82, 150.00, 53, 52, 0, 8674, P0, Not Active, Not Active, Not Active
2026/07/20 00:58:16.128, 0, ${V100_GPU_0_UUID}, 00000000:01:00.0, 892, 877, 32.39, 150.00, 55, 54, 6, 8432, P0, Not Active, Not Active, Not Active
2026/07/20 00:58:16.140, 1, ${V100_GPU_1_UUID}, 00000000:02:00.0, 892, 877, 30.30, 150.00, 53, 52, 0, 8674, P0, Not Active, Not Active, Not Active
2026/07/20 00:58:16.225, 0, ${V100_GPU_0_UUID}, 00000000:01:00.0, 892, 877, 32.37, 150.00, 55, 54, 6, 8432, P0, Not Active, Not Active, Not Active
2026/07/20 00:58:16.231, 1, ${V100_GPU_1_UUID}, 00000000:02:00.0, 892, 877, 30.30, 150.00, 53, 52, 0, 8674, P0, Not Active, Not Active, Not Active
2026/07/20 00:58:16.336, 0, ${V100_GPU_0_UUID}, 00000000:01:00.0, 892, 877, 32.39, 150.00, 55, 54, 6, 8432, P0, Not Active, Not Active, Not Active
2026/07/20 00:58:16.347, 1, ${V100_GPU_1_UUID}, 00000000:02:00.0, 892, 877, 30.30, 150.00, 53, 52, 0, 8674, P0, Not Active, Not Active, Not Active
2026/07/20 00:58:16.455, 0, ${V100_GPU_0_UUID}, 00000000:01:00.0, 892, 877, 32.39, 150.00, 55, 54, 6, 8432, P0, Not Active, Not Active, Not Active
2026/07/20 00:58:16.462, 1, ${V100_GPU_1_UUID}, 00000000:02:00.0, 892, 877, 30.30, 150.00, 53, 52, 0, 8674, P0, Not Active, Not Active, Not Active
2026/07/20 00:58:16.544, 0, ${V100_GPU_0_UUID}, 00000000:01:00.0, 892, 877, 32.37, 150.00, 55, 54, 5, 8432, P0, Not Active, Not Active, Not Active
2026/07/20 00:58:16.550, 1, ${V100_GPU_1_UUID}, 00000000:02:00.0, 892, 877, 30.28, 150.00, 53, 52, 0, 8674, P0, Not Active, Not Active, Not Active
2026/07/20 00:58:16.633, 0, ${V100_GPU_0_UUID}, 00000000:01:00.0, 892, 877, 32.37, 150.00, 55, 54, 5, 8432, P0, Not Active, Not Active, Not Active
2026/07/20 00:58:16.638, 1, ${V100_GPU_1_UUID}, 00000000:02:00.0, 892, 877, 30.28, 150.00, 53, 52, 0, 8674, P0, Not Active, Not Active, Not Active
2026/07/20 00:58:16.722, 0, ${V100_GPU_0_UUID}, 00000000:01:00.0, 892, 877, 32.37, 150.00, 55, 54, 5, 8432, P0, Not Active, Not Active, Not Active
2026/07/20 00:58:16.728, 1, ${V100_GPU_1_UUID}, 00000000:02:00.0, 892, 877, 30.28, 150.00, 53, 52, 0, 8674, P0, Not Active, Not Active, Not Active
2026/07/20 00:58:16.810, 0, ${V100_GPU_0_UUID}, 00000000:01:00.0, 892, 877, 32.37, 150.00, 55, 54, 5, 8432, P0, Not Active, Not Active, Not Active
2026/07/20 00:58:16.816, 1, ${V100_GPU_1_UUID}, 00000000:02:00.0, 892, 877, 30.28, 150.00, 53, 52, 0, 8674, P0, Not Active, Not Active, Not Active
2026/07/20 00:58:16.898, 0, ${V100_GPU_0_UUID}, 00000000:01:00.0, 892, 877, 32.37, 150.00, 55, 54, 5, 8432, P0, Not Active, Not Active, Not Active
2026/07/20 00:58:16.903, 1, ${V100_GPU_1_UUID}, 00000000:02:00.0, 892, 877, 30.28, 150.00, 53, 52, 0, 8674, P0, Not Active, Not Active, Not Active
2026/07/20 00:58:16.987, 0, ${V100_GPU_0_UUID}, 00000000:01:00.0, 892, 877, 32.37, 150.00, 55, 54, 5, 8432, P0, Not Active, Not Active, Not Active
2026/07/20 00:58:16.993, 1, ${V100_GPU_1_UUID}, 00000000:02:00.0, 892, 877, 29.80, 150.00, 53, 52, 0, 8674, P0, Not Active, Not Active, Not Active
2026/07/20 00:58:17.077, 0, ${V100_GPU_0_UUID}, 00000000:01:00.0, 892, 877, 32.37, 150.00, 55, 54, 6, 8432, P0, Not Active, Not Active, Not Active
2026/07/20 00:58:17.083, 1, ${V100_GPU_1_UUID}, 00000000:02:00.0, 892, 877, 30.28, 150.00, 53, 52, 0, 8674, P0, Not Active, Not Active, Not Active
2026/07/20 00:58:17.167, 0, ${V100_GPU_0_UUID}, 00000000:01:00.0, 892, 877, 32.37, 150.00, 55, 54, 6, 8432, P0, Not Active, Not Active, Not Active
2026/07/20 00:58:17.172, 1, ${V100_GPU_1_UUID}, 00000000:02:00.0, 892, 877, 30.30, 150.00, 53, 52, 0, 8674, P0, Not Active, Not Active, Not Active
2026/07/20 00:58:17.255, 0, ${V100_GPU_0_UUID}, 00000000:01:00.0, 892, 877, 32.37, 150.00, 55, 54, 6, 8432, P0, Not Active, Not Active, Not Active
2026/07/20 00:58:17.261, 1, ${V100_GPU_1_UUID}, 00000000:02:00.0, 892, 877, 30.28, 150.00, 53, 52, 0, 8674, P0, Not Active, Not Active, Not Active
2026/07/20 00:58:17.343, 0, ${V100_GPU_0_UUID}, 00000000:01:00.0, 892, 877, 32.37, 150.00, 55, 54, 6, 8432, P0, Not Active, Not Active, Not Active
2026/07/20 00:58:17.348, 1, ${V100_GPU_1_UUID}, 00000000:02:00.0, 892, 877, 30.28, 150.00, 53, 52, 0, 8674, P0, Not Active, Not Active, Not Active
2026/07/20 00:58:17.431, 0, ${V100_GPU_0_UUID}, 00000000:01:00.0, 892, 877, 32.35, 150.00, 55, 54, 6, 8432, P0, Not Active, Not Active, Not Active
2026/07/20 00:58:17.444, 1, ${V100_GPU_1_UUID}, 00000000:02:00.0, 892, 877, 30.28, 150.00, 53, 52, 0, 8674, P0, Not Active, Not Active, Not Active
2026/07/20 00:58:17.650, 0, ${V100_GPU_0_UUID}, 00000000:01:00.0, 892, 877, 32.37, 150.00, 55, 54, 5, 8432, P0, Not Active, Not Active, Not Active
2026/07/20 00:58:17.681, 1, ${V100_GPU_1_UUID}, 00000000:02:00.0, 892, 877, 30.30, 150.00, 53, 52, 0, 8674, P0, Not Active, Not Active, Not Active
2026/07/20 00:58:17.795, 0, ${V100_GPU_0_UUID}, 00000000:01:00.0, 892, 877, 32.39, 150.00, 55, 54, 2, 8432, P0, Not Active, Not Active, Not Active
2026/07/20 00:58:17.801, 1, ${V100_GPU_1_UUID}, 00000000:02:00.0, 892, 877, 30.30, 150.00, 53, 52, 0, 8674, P0, Not Active, Not Active, Not Active
2026/07/20 00:58:17.895, 0, ${V100_GPU_0_UUID}, 00000000:01:00.0, 892, 877, 32.37, 150.00, 55, 54, 2, 8432, P0, Not Active, Not Active, Not Active
2026/07/20 00:58:17.908, 1, ${V100_GPU_1_UUID}, 00000000:02:00.0, 892, 877, 30.28, 150.00, 53, 52, 0, 8674, P0, Not Active, Not Active, Not Active
2026/07/20 00:58:19.262, 0, ${V100_GPU_0_UUID}, 00000000:01:00.0, 892, 877, 32.37, 150.00, 55, 54, 1, 8432, P0, Not Active, Not Active, Not Active
2026/07/20 00:58:19.268, 1, ${V100_GPU_1_UUID}, 00000000:02:00.0, 892, 877, 30.30, 150.00, 53, 52, 0, 8674, P0, Not Active, Not Active, Not Active
2026/07/20 00:58:19.370, 0, ${V100_GPU_0_UUID}, 00000000:01:00.0, 892, 877, 32.35, 150.00, 55, 54, 3, 8432, P0, Not Active, Not Active, Not Active
2026/07/20 00:58:19.382, 1, ${V100_GPU_1_UUID}, 00000000:02:00.0, 892, 877, 30.26, 150.00, 53, 52, 0, 8674, P0, Not Active, Not Active, Not Active
2026/07/20 00:58:19.491, 0, ${V100_GPU_0_UUID}, 00000000:01:00.0, 892, 877, 32.37, 150.00, 55, 54, 3, 8432, P0, Not Active, Not Active, Not Active
2026/07/20 00:58:19.497, 1, ${V100_GPU_1_UUID}, 00000000:02:00.0, 892, 877, 29.80, 150.00, 53, 52, 0, 8674, P0, Not Active, Not Active, Not Active
2026/07/20 00:58:19.595, 0, ${V100_GPU_0_UUID}, 00000000:01:00.0, 892, 877, 32.39, 150.00, 55, 54, 2, 8432, P0, Not Active, Not Active, Not Active
2026/07/20 00:58:19.605, 1, ${V100_GPU_1_UUID}, 00000000:02:00.0, 892, 877, 30.32, 150.00, 53, 52, 0, 8674, P0, Not Active, Not Active, Not Active
2026/07/20 00:58:19.691, 0, ${V100_GPU_0_UUID}, 00000000:01:00.0, 892, 877, 32.37, 150.00, 55, 54, 2, 8432, P0, Not Active, Not Active, Not Active
2026/07/20 00:58:19.696, 1, ${V100_GPU_1_UUID}, 00000000:02:00.0, 892, 877, 30.30, 150.00, 53, 52, 0, 8674, P0, Not Active, Not Active, Not Active
2026/07/20 00:58:19.803, 0, ${V100_GPU_0_UUID}, 00000000:01:00.0, 892, 877, 32.39, 150.00, 55, 54, 2, 8432, P0, Not Active, Not Active, Not Active
2026/07/20 00:58:19.814, 1, ${V100_GPU_1_UUID}, 00000000:02:00.0, 892, 877, 30.30, 150.00, 53, 52, 0, 8674, P0, Not Active, Not Active, Not Active
2026/07/20 00:58:19.930, 0, ${V100_GPU_0_UUID}, 00000000:01:00.0, 892, 877, 32.39, 150.00, 55, 54, 0, 8432, P0, Not Active, Not Active, Not Active
2026/07/20 00:58:19.938, 1, ${V100_GPU_1_UUID}, 00000000:02:00.0, 892, 877, 30.30, 150.00, 53, 52, 0, 8674, P0, Not Active, Not Active, Not Active
2026/07/20 00:58:20.037, 0, ${V100_GPU_0_UUID}, 00000000:01:00.0, 892, 877, 32.39, 150.00, 55, 54, 0, 8432, P0, Not Active, Not Active, Not Active
2026/07/20 00:58:20.049, 1, ${V100_GPU_1_UUID}, 00000000:02:00.0, 892, 877, 30.30, 150.00, 53, 52, 0, 8674, P0, Not Active, Not Active, Not Active
2026/07/20 00:58:20.168, 0, ${V100_GPU_0_UUID}, 00000000:01:00.0, 892, 877, 32.39, 150.00, 55, 54, 0, 8432, P0, Not Active, Not Active, Not Active
2026/07/20 00:58:20.177, 1, ${V100_GPU_1_UUID}, 00000000:02:00.0, 892, 877, 29.82, 150.00, 53, 52, 0, 8674, P0, Not Active, Not Active, Not Active
2026/07/20 00:58:20.274, 0, ${V100_GPU_0_UUID}, 00000000:01:00.0, 892, 877, 32.39, 150.00, 55, 54, 0, 8432, P0, Not Active, Not Active, Not Active
2026/07/20 00:58:20.284, 1, ${V100_GPU_1_UUID}, 00000000:02:00.0, 892, 877, 30.30, 150.00, 53, 52, 0, 8674, P0, Not Active, Not Active, Not Active
2026/07/20 00:58:20.400, 0, ${V100_GPU_0_UUID}, 00000000:01:00.0, 892, 877, 32.39, 150.00, 55, 54, 0, 8432, P0, Not Active, Not Active, Not Active
2026/07/20 00:58:20.408, 1, ${V100_GPU_1_UUID}, 00000000:02:00.0, 892, 877, 30.30, 150.00, 53, 52, 0, 8674, P0, Not Active, Not Active, Not Active
2026/07/20 00:58:20.507, 0, ${V100_GPU_0_UUID}, 00000000:01:00.0, 892, 877, 32.39, 150.00, 55, 54, 0, 8432, P0, Not Active, Not Active, Not Active
2026/07/20 00:58:20.519, 1, ${V100_GPU_1_UUID}, 00000000:02:00.0, 892, 877, 29.82, 150.00, 53, 52, 0, 8674, P0, Not Active, Not Active, Not Active
2026/07/20 00:58:20.611, 0, ${V100_GPU_0_UUID}, 00000000:01:00.0, 892, 877, 32.37, 150.00, 55, 54, 0, 8432, P0, Not Active, Not Active, Not Active
2026/07/20 00:58:20.617, 1, ${V100_GPU_1_UUID}, 00000000:02:00.0, 892, 877, 30.28, 150.00, 53, 52, 0, 8674, P0, Not Active, Not Active, Not Active
2026/07/20 00:58:20.730, 0, ${V100_GPU_0_UUID}, 00000000:01:00.0, 892, 877, 32.39, 150.00, 55, 54, 1, 8432, P0, Not Active, Not Active, Not Active
2026/07/20 00:58:20.737, 1, ${V100_GPU_1_UUID}, 00000000:02:00.0, 892, 877, 30.30, 150.00, 53, 52, 0, 8674, P0, Not Active, Not Active, Not Active
2026/07/20 00:58:20.827, 0, ${V100_GPU_0_UUID}, 00000000:01:00.0, 892, 877, 32.39, 150.00, 55, 54, 1, 8432, P0, Not Active, Not Active, Not Active
2026/07/20 00:58:20.834, 1, ${V100_GPU_1_UUID}, 00000000:02:00.0, 892, 877, 30.30, 150.00, 53, 52, 0, 8674, P0, Not Active, Not Active, Not Active
2026/07/20 00:58:20.949, 0, ${V100_GPU_0_UUID}, 00000000:01:00.0, 892, 877, 32.39, 150.00, 55, 54, 3, 8432, P0, Not Active, Not Active, Not Active
2026/07/20 00:58:20.956, 1, ${V100_GPU_1_UUID}, 00000000:02:00.0, 892, 877, 30.30, 150.00, 53, 52, 0, 8674, P0, Not Active, Not Active, Not Active
2026/07/20 00:58:21.063, 0, ${V100_GPU_0_UUID}, 00000000:01:00.0, 892, 877, 32.39, 150.00, 55, 54, 4, 8432, P0, Not Active, Not Active, Not Active
2026/07/20 00:58:21.069, 1, ${V100_GPU_1_UUID}, 00000000:02:00.0, 892, 877, 30.30, 150.00, 53, 52, 0, 8674, P0, Not Active, Not Active, Not Active
2026/07/20 00:58:21.152, 0, ${V100_GPU_0_UUID}, 00000000:01:00.0, 892, 877, 32.39, 150.00, 55, 54, 4, 8432, P0, Not Active, Not Active, Not Active
2026/07/20 00:58:21.158, 1, ${V100_GPU_1_UUID}, 00000000:02:00.0, 892, 877, 30.30, 150.00, 53, 52, 0, 8674, P0, Not Active, Not Active, Not Active
2026/07/20 00:58:21.241, 0, ${V100_GPU_0_UUID}, 00000000:01:00.0, 892, 877, 32.39, 150.00, 55, 54, 6, 8432, P0, Not Active, Not Active, Not Active
2026/07/20 00:58:21.247, 1, ${V100_GPU_1_UUID}, 00000000:02:00.0, 892, 877, 30.30, 150.00, 53, 51, 0, 8674, P0, Not Active, Not Active, Not Active
2026/07/20 00:58:21.351, 0, ${V100_GPU_0_UUID}, 00000000:01:00.0, 892, 877, 32.39, 150.00, 55, 54, 6, 8432, P0, Not Active, Not Active, Not Active
2026/07/20 00:58:21.359, 1, ${V100_GPU_1_UUID}, 00000000:02:00.0, 892, 877, 30.30, 150.00, 53, 52, 0, 8674, P0, Not Active, Not Active, Not Active
2026/07/20 00:58:21.468, 0, ${V100_GPU_0_UUID}, 00000000:01:00.0, 892, 877, 32.39, 150.00, 55, 54, 4, 8432, P0, Not Active, Not Active, Not Active
2026/07/20 00:58:21.477, 1, ${V100_GPU_1_UUID}, 00000000:02:00.0, 892, 877, 29.82, 150.00, 53, 52, 0, 8674, P0, Not Active, Not Active, Not Active
2026/07/20 00:58:21.576, 0, ${V100_GPU_0_UUID}, 00000000:01:00.0, 892, 877, 32.39, 150.00, 55, 54, 5, 8432, P0, Not Active, Not Active, Not Active
2026/07/20 00:58:21.587, 1, ${V100_GPU_1_UUID}, 00000000:02:00.0, 892, 877, 30.30, 150.00, 53, 52, 0, 8674, P0, Not Active, Not Active, Not Active
2026/07/20 00:58:21.677, 0, ${V100_GPU_0_UUID}, 00000000:01:00.0, 892, 877, 32.37, 150.00, 55, 54, 5, 8432, P0, Not Active, Not Active, Not Active
2026/07/20 00:58:21.788, 1, ${V100_GPU_1_UUID}, 00000000:02:00.0, 892, 877, 30.30, 150.00, 53, 52, 0, 8674, P0, Not Active, Not Active, Not Active
2026/07/20 00:58:22.216, 0, ${V100_GPU_0_UUID}, 00000000:01:00.0, 892, 877, 32.37, 150.00, 55, 54, 0, 8432, P0, Not Active, Not Active, Not Active
2026/07/20 00:58:22.223, 1, ${V100_GPU_1_UUID}, 00000000:02:00.0, 892, 877, 30.28, 150.00, 53, 52, 0, 8674, P0, Not Active, Not Active, Not Active
2026/07/20 00:58:22.349, 0, ${V100_GPU_0_UUID}, 00000000:01:00.0, 892, 877, 32.39, 150.00, 55, 54, 0, 8432, P0, Not Active, Not Active, Not Active
2026/07/20 00:58:22.355, 1, ${V100_GPU_1_UUID}, 00000000:02:00.0, 892, 877, 30.30, 150.00, 53, 52, 0, 8674, P0, Not Active, Not Active, Not Active
2026/07/20 00:58:22.439, 0, ${V100_GPU_0_UUID}, 00000000:01:00.0, 892, 877, 32.37, 150.00, 55, 54, 4, 8432, P0, Not Active, Not Active, Not Active
2026/07/20 00:58:22.446, 1, ${V100_GPU_1_UUID}, 00000000:02:00.0, 892, 877, 30.28, 150.00, 53, 52, 0, 8674, P0, Not Active, Not Active, Not Active
2026/07/20 00:58:22.529, 0, ${V100_GPU_0_UUID}, 00000000:01:00.0, 892, 877, 32.37, 150.00, 55, 54, 4, 8432, P0, Not Active, Not Active, Not Active
2026/07/20 00:58:22.534, 1, ${V100_GPU_1_UUID}, 00000000:02:00.0, 892, 877, 30.28, 150.00, 53, 52, 0, 8674, P0, Not Active, Not Active, Not Active
2026/07/20 00:58:22.617, 0, ${V100_GPU_0_UUID}, 00000000:01:00.0, 892, 877, 32.37, 150.00, 55, 54, 4, 8432, P0, Not Active, Not Active, Not Active
2026/07/20 00:58:22.623, 1, ${V100_GPU_1_UUID}, 00000000:02:00.0, 892, 877, 30.30, 150.00, 53, 52, 0, 8674, P0, Not Active, Not Active, Not Active
2026/07/20 00:58:22.709, 0, ${V100_GPU_0_UUID}, 00000000:01:00.0, 892, 877, 32.39, 150.00, 55, 54, 4, 8432, P0, Not Active, Not Active, Not Active
2026/07/20 00:58:22.716, 1, ${V100_GPU_1_UUID}, 00000000:02:00.0, 892, 877, 30.30, 150.00, 53, 52, 0, 8674, P0, Not Active, Not Active, Not Active
2026/07/20 00:58:22.801, 0, ${V100_GPU_0_UUID}, 00000000:01:00.0, 892, 877, 32.37, 150.00, 55, 54, 3, 8432, P0, Not Active, Not Active, Not Active
2026/07/20 00:58:22.807, 1, ${V100_GPU_1_UUID}, 00000000:02:00.0, 892, 877, 30.30, 150.00, 53, 52, 0, 8674, P0, Not Active, Not Active, Not Active
2026/07/20 00:58:22.903, 0, ${V100_GPU_0_UUID}, 00000000:01:00.0, 892, 877, 32.39, 150.00, 55, 54, 5, 8432, P0, Not Active, Not Active, Not Active
2026/07/20 00:58:22.912, 1, ${V100_GPU_1_UUID}, 00000000:02:00.0, 892, 877, 29.82, 150.00, 53, 52, 0, 8674, P0, Not Active, Not Active, Not Active
2026/07/20 00:58:22.999, 0, ${V100_GPU_0_UUID}, 00000000:01:00.0, 892, 877, 32.37, 150.00, 55, 54, 5, 8432, P0, Not Active, Not Active, Not Active
2026/07/20 00:58:23.004, 1, ${V100_GPU_1_UUID}, 00000000:02:00.0, 892, 877, 30.28, 150.00, 53, 52, 0, 8674, P0, Not Active, Not Active, Not Active
2026/07/20 00:58:23.089, 0, ${V100_GPU_0_UUID}, 00000000:01:00.0, 892, 877, 32.37, 150.00, 55, 54, 5, 8432, P0, Not Active, Not Active, Not Active
2026/07/20 00:58:23.095, 1, ${V100_GPU_1_UUID}, 00000000:02:00.0, 892, 877, 30.30, 150.00, 53, 52, 0, 8674, P0, Not Active, Not Active, Not Active
2026/07/20 00:58:23.177, 0, ${V100_GPU_0_UUID}, 00000000:01:00.0, 892, 877, 32.37, 150.00, 55, 54, 5, 8432, P0, Not Active, Not Active, Not Active
2026/07/20 00:58:23.184, 1, ${V100_GPU_1_UUID}, 00000000:02:00.0, 892, 877, 30.28, 150.00, 53, 52, 0, 8674, P0, Not Active, Not Active, Not Active
2026/07/20 00:58:23.275, 0, ${V100_GPU_0_UUID}, 00000000:01:00.0, 892, 877, 32.39, 150.00, 55, 54, 5, 8432, P0, Not Active, Not Active, Not Active
2026/07/20 00:58:23.285, 1, ${V100_GPU_1_UUID}, 00000000:02:00.0, 892, 877, 30.30, 150.00, 53, 52, 0, 8674, P0, Not Active, Not Active, Not Active
2026/07/20 00:58:23.377, 0, ${V100_GPU_0_UUID}, 00000000:01:00.0, 892, 877, 32.87, 150.00, 55, 54, 5, 8432, P0, Not Active, Not Active, Not Active
2026/07/20 00:58:23.383, 1, ${V100_GPU_1_UUID}, 00000000:02:00.0, 892, 877, 30.30, 150.00, 53, 52, 0, 8674, P0, Not Active, Not Active, Not Active
2026/07/20 00:58:23.467, 0, ${V100_GPU_0_UUID}, 00000000:01:00.0, 892, 877, 32.39, 150.00, 55, 54, 16, 8432, P0, Not Active, Not Active, Not Active
2026/07/20 00:58:23.473, 1, ${V100_GPU_1_UUID}, 00000000:02:00.0, 892, 877, 29.82, 150.00, 53, 52, 0, 8674, P0, Not Active, Not Active, Not Active
2026/07/20 00:58:23.562, 0, ${V100_GPU_0_UUID}, 00000000:01:00.0, 892, 877, 32.89, 150.00, 55, 54, 16, 8432, P0, Not Active, Not Active, Not Active
2026/07/20 00:58:23.568, 1, ${V100_GPU_1_UUID}, 00000000:02:00.0, 892, 877, 30.30, 150.00, 53, 52, 0, 8674, P0, Not Active, Not Active, Not Active
2026/07/20 00:58:23.651, 0, ${V100_GPU_0_UUID}, 00000000:01:00.0, 892, 877, 32.39, 150.00, 55, 54, 27, 8432, P0, Not Active, Not Active, Not Active
2026/07/20 00:58:23.656, 1, ${V100_GPU_1_UUID}, 00000000:02:00.0, 892, 877, 30.30, 150.00, 53, 52, 0, 8674, P0, Not Active, Not Active, Not Active
2026/07/20 00:58:23.761, 0, ${V100_GPU_0_UUID}, 00000000:01:00.0, 892, 877, 32.39, 150.00, 55, 54, 16, 8432, P0, Not Active, Not Active, Not Active
2026/07/20 00:58:23.775, 1, ${V100_GPU_1_UUID}, 00000000:02:00.0, 892, 877, 30.30, 150.00, 53, 52, 0, 8674, P0, Not Active, Not Active, Not Active
2026/07/20 00:58:23.893, 0, ${V100_GPU_0_UUID}, 00000000:01:00.0, 892, 877, 32.39, 150.00, 55, 54, 16, 8432, P0, Not Active, Not Active, Not Active
2026/07/20 00:58:23.900, 1, ${V100_GPU_1_UUID}, 00000000:02:00.0, 892, 877, 30.32, 150.00, 53, 52, 0, 8674, P0, Not Active, Not Active, Not Active
2026/07/20 00:58:23.987, 0, ${V100_GPU_0_UUID}, 00000000:01:00.0, 892, 877, 32.37, 150.00, 55, 54, 15, 8432, P0, Not Active, Not Active, Not Active
2026/07/20 00:58:23.993, 1, ${V100_GPU_1_UUID}, 00000000:02:00.0, 892, 877, 30.30, 150.00, 53, 52, 0, 8674, P0, Not Active, Not Active, Not Active
2026/07/20 00:58:24.092, 0, ${V100_GPU_0_UUID}, 00000000:01:00.0, 892, 877, 32.39, 150.00, 55, 54, 5, 8432, P0, Not Active, Not Active, Not Active
2026/07/20 00:58:24.104, 1, ${V100_GPU_1_UUID}, 00000000:02:00.0, 892, 877, 29.82, 150.00, 53, 52, 0, 8674, P0, Not Active, Not Active, Not Active
2026/07/20 00:58:24.219, 0, ${V100_GPU_0_UUID}, 00000000:01:00.0, 892, 877, 32.39, 150.00, 55, 54, 5, 8432, P0, Not Active, Not Active, Not Active
2026/07/20 00:58:24.227, 1, ${V100_GPU_1_UUID}, 00000000:02:00.0, 892, 877, 30.30, 150.00, 53, 52, 0, 8674, P0, Not Active, Not Active, Not Active
2026/07/20 00:58:24.330, 0, ${V100_GPU_0_UUID}, 00000000:01:00.0, 892, 877, 32.39, 150.00, 55, 54, 5, 8432, P0, Not Active, Not Active, Not Active
2026/07/20 00:58:24.343, 1, ${V100_GPU_1_UUID}, 00000000:02:00.0, 892, 877, 30.30, 150.00, 53, 52, 0, 8674, P0, Not Active, Not Active, Not Active
2026/07/20 00:58:24.452, 0, ${V100_GPU_0_UUID}, 00000000:01:00.0, 892, 877, 32.39, 150.00, 55, 54, 5, 8432, P0, Not Active, Not Active, Not Active
2026/07/20 00:58:24.458, 1, ${V100_GPU_1_UUID}, 00000000:02:00.0, 892, 877, 30.30, 150.00, 53, 52, 0, 8674, P0, Not Active, Not Active, Not Active
2026/07/20 00:58:24.554, 0, ${V100_GPU_0_UUID}, 00000000:01:00.0, 892, 877, 32.39, 150.00, 55, 54, 5, 8432, P0, Not Active, Not Active, Not Active
2026/07/20 00:58:24.567, 1, ${V100_GPU_1_UUID}, 00000000:02:00.0, 892, 877, 30.30, 150.00, 53, 52, 0, 8674, P0, Not Active, Not Active, Not Active
2026/07/20 00:58:24.672, 0, ${V100_GPU_0_UUID}, 00000000:01:00.0, 892, 877, 32.39, 150.00, 55, 54, 5, 8432, P0, Not Active, Not Active, Not Active
2026/07/20 00:58:24.684, 1, ${V100_GPU_1_UUID}, 00000000:02:00.0, 892, 877, 30.30, 150.00, 53, 52, 0, 8674, P0, Not Active, Not Active, Not Active
2026/07/20 00:58:24.793, 0, ${V100_GPU_0_UUID}, 00000000:01:00.0, 892, 877, 32.39, 150.00, 55, 54, 5, 8432, P0, Not Active, Not Active, Not Active
2026/07/20 00:58:24.802, 1, ${V100_GPU_1_UUID}, 00000000:02:00.0, 892, 877, 29.82, 150.00, 53, 52, 0, 8674, P0, Not Active, Not Active, Not Active
2026/07/20 00:58:24.911, 0, ${V100_GPU_0_UUID}, 00000000:01:00.0, 892, 877, 32.39, 150.00, 55, 54, 5, 8432, P0, Not Active, Not Active, Not Active
2026/07/20 00:58:24.923, 1, ${V100_GPU_1_UUID}, 00000000:02:00.0, 892, 877, 30.30, 150.00, 53, 52, 0, 8674, P0, Not Active, Not Active, Not Active
2026/07/20 00:58:25.036, 0, ${V100_GPU_0_UUID}, 00000000:01:00.0, 892, 877, 32.39, 150.00, 55, 54, 5, 8432, P0, Not Active, Not Active, Not Active
2026/07/20 00:58:25.046, 1, ${V100_GPU_1_UUID}, 00000000:02:00.0, 892, 877, 29.82, 150.00, 53, 52, 0, 8674, P0, Not Active, Not Active, Not Active
2026/07/20 00:58:25.148, 0, ${V100_GPU_0_UUID}, 00000000:01:00.0, 892, 877, 32.39, 150.00, 55, 54, 5, 8432, P0, Not Active, Not Active, Not Active
2026/07/20 00:58:25.154, 1, ${V100_GPU_1_UUID}, 00000000:02:00.0, 892, 877, 30.30, 150.00, 53, 52, 0, 8674, P0, Not Active, Not Active, Not Active
2026/07/20 00:58:25.256, 0, ${V100_GPU_0_UUID}, 00000000:01:00.0, 892, 877, 32.39, 150.00, 55, 54, 5, 8432, P0, Not Active, Not Active, Not Active
2026/07/20 00:58:25.270, 1, ${V100_GPU_1_UUID}, 00000000:02:00.0, 892, 877, 30.30, 150.00, 53, 52, 0, 8674, P0, Not Active, Not Active, Not Active
2026/07/20 00:58:25.381, 0, ${V100_GPU_0_UUID}, 00000000:01:00.0, 892, 877, 32.39, 150.00, 55, 54, 5, 8432, P0, Not Active, Not Active, Not Active
2026/07/20 00:58:25.389, 1, ${V100_GPU_1_UUID}, 00000000:02:00.0, 892, 877, 29.82, 150.00, 53, 52, 0, 8674, P0, Not Active, Not Active, Not Active
2026/07/20 00:58:25.486, 0, ${V100_GPU_0_UUID}, 00000000:01:00.0, 892, 877, 32.39, 150.00, 55, 54, 6, 8432, P0, Not Active, Not Active, Not Active
2026/07/20 00:58:25.497, 1, ${V100_GPU_1_UUID}, 00000000:02:00.0, 892, 877, 30.30, 150.00, 53, 52, 0, 8674, P0, Not Active, Not Active, Not Active
2026/07/20 00:58:25.602, 0, ${V100_GPU_0_UUID}, 00000000:01:00.0, 892, 877, 32.37, 150.00, 55, 54, 5, 8432, P0, Not Active, Not Active, Not Active
2026/07/20 00:58:25.607, 1, ${V100_GPU_1_UUID}, 00000000:02:00.0, 892, 877, 30.30, 150.00, 53, 52, 0, 8674, P0, Not Active, Not Active, Not Active
2026/07/20 00:58:25.700, 0, ${V100_GPU_0_UUID}, 00000000:01:00.0, 892, 877, 32.39, 150.00, 55, 54, 5, 8432, P0, Not Active, Not Active, Not Active
2026/07/20 00:58:25.709, 1, ${V100_GPU_1_UUID}, 00000000:02:00.0, 892, 877, 30.30, 150.00, 53, 52, 0, 8674, P0, Not Active, Not Active, Not Active
2026/07/20 00:58:25.795, 0, ${V100_GPU_0_UUID}, 00000000:01:00.0, 892, 877, 32.39, 150.00, 55, 54, 5, 8432, P0, Not Active, Not Active, Not Active
2026/07/20 00:58:25.803, 1, ${V100_GPU_1_UUID}, 00000000:02:00.0, 892, 877, 29.82, 150.00, 53, 52, 0, 8674, P0, Not Active, Not Active, Not Active
2026/07/20 00:58:25.886, 0, ${V100_GPU_0_UUID}, 00000000:01:00.0, 892, 877, 32.37, 150.00, 55, 54, 5, 8432, P0, Not Active, Not Active, Not Active
2026/07/20 00:58:25.892, 1, ${V100_GPU_1_UUID}, 00000000:02:00.0, 892, 877, 30.30, 150.00, 53, 52, 0, 8674, P0, Not Active, Not Active, Not Active
2026/07/20 00:58:25.997, 0, ${V100_GPU_0_UUID}, 00000000:01:00.0, 892, 877, 32.39, 150.00, 55, 54, 6, 8432, P0, Not Active, Not Active, Not Active
2026/07/20 00:58:26.003, 1, ${V100_GPU_1_UUID}, 00000000:02:00.0, 892, 877, 30.30, 150.00, 53, 52, 0, 8674, P0, Not Active, Not Active, Not Active
2026/07/20 00:58:26.085, 0, ${V100_GPU_0_UUID}, 00000000:01:00.0, 892, 877, 32.37, 150.00, 55, 54, 6, 8432, P0, Not Active, Not Active, Not Active
2026/07/20 00:58:26.090, 1, ${V100_GPU_1_UUID}, 00000000:02:00.0, 892, 877, 30.30, 150.00, 53, 52, 0, 8674, P0, Not Active, Not Active, Not Active
2026/07/20 00:58:26.174, 0, ${V100_GPU_0_UUID}, 00000000:01:00.0, 892, 877, 32.39, 150.00, 55, 54, 5, 8432, P0, Not Active, Not Active, Not Active
2026/07/20 00:58:26.181, 1, ${V100_GPU_1_UUID}, 00000000:02:00.0, 892, 877, 30.30, 150.00, 53, 52, 0, 8674, P0, Not Active, Not Active, Not Active
2026/07/20 00:58:26.264, 0, ${V100_GPU_0_UUID}, 00000000:01:00.0, 892, 877, 32.37, 150.00, 55, 54, 5, 8432, P0, Not Active, Not Active, Not Active
2026/07/20 00:58:26.270, 1, ${V100_GPU_1_UUID}, 00000000:02:00.0, 892, 877, 30.30, 150.00, 53, 52, 0, 8674, P0, Not Active, Not Active, Not Active
2026/07/20 00:58:26.352, 0, ${V100_GPU_0_UUID}, 00000000:01:00.0, 892, 877, 32.37, 150.00, 55, 54, 6, 8432, P0, Not Active, Not Active, Not Active
2026/07/20 00:58:26.358, 1, ${V100_GPU_1_UUID}, 00000000:02:00.0, 892, 877, 30.30, 150.00, 53, 51, 0, 8674, P0, Not Active, Not Active, Not Active
2026/07/20 00:58:26.455, 0, ${V100_GPU_0_UUID}, 00000000:01:00.0, 892, 877, 32.39, 150.00, 55, 54, 9, 8432, P0, Not Active, Not Active, Not Active
2026/07/20 00:58:26.467, 1, ${V100_GPU_1_UUID}, 00000000:02:00.0, 892, 877, 29.82, 150.00, 53, 52, 0, 8674, P0, Not Active, Not Active, Not Active
2026/07/20 00:58:26.570, 0, ${V100_GPU_0_UUID}, 00000000:01:00.0, 892, 877, 32.41, 150.00, 55, 54, 9, 8432, P0, Not Active, Not Active, Not Active
2026/07/20 00:58:26.581, 1, ${V100_GPU_1_UUID}, 00000000:02:00.0, 892, 877, 29.84, 150.00, 53, 52, 0, 8674, P0, Not Active, Not Active, Not Active
2026/07/20 00:58:26.668, 0, ${V100_GPU_0_UUID}, 00000000:01:00.0, 892, 877, 32.87, 150.00, 55, 54, 17, 8432, P0, Not Active, Not Active, Not Active
2026/07/20 00:58:26.673, 1, ${V100_GPU_1_UUID}, 00000000:02:00.0, 892, 877, 30.30, 150.00, 53, 52, 0, 8674, P0, Not Active, Not Active, Not Active
2026/07/20 00:58:26.776, 0, ${V100_GPU_0_UUID}, 00000000:01:00.0, 892, 877, 32.39, 150.00, 55, 54, 15, 8432, P0, Not Active, Not Active, Not Active
2026/07/20 00:58:26.786, 1, ${V100_GPU_1_UUID}, 00000000:02:00.0, 892, 877, 30.32, 150.00, 53, 52, 0, 8674, P0, Not Active, Not Active, Not Active
2026/07/20 00:58:26.889, 0, ${V100_GPU_0_UUID}, 00000000:01:00.0, 892, 877, 32.39, 150.00, 55, 54, 15, 8432, P0, Not Active, Not Active, Not Active
2026/07/20 00:58:26.902, 1, ${V100_GPU_1_UUID}, 00000000:02:00.0, 892, 877, 30.30, 150.00, 53, 52, 0, 8674, P0, Not Active, Not Active, Not Active
2026/07/20 00:58:27.004, 0, ${V100_GPU_0_UUID}, 00000000:01:00.0, 892, 877, 32.39, 150.00, 55, 54, 8, 8432, P0, Not Active, Not Active, Not Active
2026/07/20 00:58:27.014, 1, ${V100_GPU_1_UUID}, 00000000:02:00.0, 892, 877, 30.30, 150.00, 53, 52, 0, 8674, P0, Not Active, Not Active, Not Active
2026/07/20 00:58:27.124, 0, ${V100_GPU_0_UUID}, 00000000:01:00.0, 892, 877, 32.39, 150.00, 55, 54, 5, 8432, P0, Not Active, Not Active, Not Active
2026/07/20 00:58:27.139, 1, ${V100_GPU_1_UUID}, 00000000:02:00.0, 892, 877, 29.82, 150.00, 53, 52, 0, 8674, P0, Not Active, Not Active, Not Active
2026/07/20 00:58:27.229, 0, ${V100_GPU_0_UUID}, 00000000:01:00.0, 892, 877, 32.39, 150.00, 55, 54, 5, 8432, P0, Not Active, Not Active, Not Active
2026/07/20 00:58:27.235, 1, ${V100_GPU_1_UUID}, 00000000:02:00.0, 892, 877, 29.82, 150.00, 53, 52, 0, 8674, P0, Not Active, Not Active, Not Active
2026/07/20 00:58:27.331, 0, ${V100_GPU_0_UUID}, 00000000:01:00.0, 892, 877, 32.39, 150.00, 55, 54, 6, 8432, P0, Not Active, Not Active, Not Active
2026/07/20 00:58:27.343, 1, ${V100_GPU_1_UUID}, 00000000:02:00.0, 892, 877, 30.30, 150.00, 53, 52, 0, 8674, P0, Not Active, Not Active, Not Active
2026/07/20 00:58:27.431, 0, ${V100_GPU_0_UUID}, 00000000:01:00.0, 892, 877, 32.37, 150.00, 55, 54, 6, 8432, P0, Not Active, Not Active, Not Active
2026/07/20 00:58:27.436, 1, ${V100_GPU_1_UUID}, 00000000:02:00.0, 892, 877, 29.82, 150.00, 53, 52, 0, 8674, P0, Not Active, Not Active, Not Active
2026/07/20 00:58:27.546, 0, ${V100_GPU_0_UUID}, 00000000:01:00.0, 892, 877, 32.39, 150.00, 55, 54, 7, 8432, P0, Not Active, Not Active, Not Active
2026/07/20 00:58:27.554, 1, ${V100_GPU_1_UUID}, 00000000:02:00.0, 892, 877, 30.30, 150.00, 53, 52, 0, 8674, P0, Not Active, Not Active, Not Active
2026/07/20 00:58:27.644, 0, ${V100_GPU_0_UUID}, 00000000:01:00.0, 892, 877, 32.39, 150.00, 55, 54, 6, 8432, P0, Not Active, Not Active, Not Active
2026/07/20 00:58:27.653, 1, ${V100_GPU_1_UUID}, 00000000:02:00.0, 892, 877, 30.30, 150.00, 53, 52, 0, 8674, P0, Not Active, Not Active, Not Active
2026/07/20 00:58:27.756, 0, ${V100_GPU_0_UUID}, 00000000:01:00.0, 892, 877, 32.39, 150.00, 55, 54, 6, 8432, P0, Not Active, Not Active, Not Active
2026/07/20 00:58:27.762, 1, ${V100_GPU_1_UUID}, 00000000:02:00.0, 892, 877, 30.30, 150.00, 53, 52, 0, 8674, P0, Not Active, Not Active, Not Active
2026/07/20 00:58:27.845, 0, ${V100_GPU_0_UUID}, 00000000:01:00.0, 892, 877, 32.37, 150.00, 55, 54, 6, 8432, P0, Not Active, Not Active, Not Active
2026/07/20 00:58:27.851, 1, ${V100_GPU_1_UUID}, 00000000:02:00.0, 892, 877, 30.28, 150.00, 53, 52, 0, 8674, P0, Not Active, Not Active, Not Active
2026/07/20 00:58:27.940, 0, ${V100_GPU_0_UUID}, 00000000:01:00.0, 892, 877, 32.39, 150.00, 55, 54, 6, 8432, P0, Not Active, Not Active, Not Active
2026/07/20 00:58:27.948, 1, ${V100_GPU_1_UUID}, 00000000:02:00.0, 892, 877, 29.82, 150.00, 53, 52, 0, 8674, P0, Not Active, Not Active, Not Active
2026/07/20 00:58:28.062, 0, ${V100_GPU_0_UUID}, 00000000:01:00.0, 892, 877, 32.39, 150.00, 55, 54, 6, 8432, P0, Not Active, Not Active, Not Active
2026/07/20 00:58:28.069, 1, ${V100_GPU_1_UUID}, 00000000:02:00.0, 892, 877, 30.30, 150.00, 53, 52, 0, 8674, P0, Not Active, Not Active, Not Active
2026/07/20 00:58:28.181, 0, ${V100_GPU_0_UUID}, 00000000:01:00.0, 892, 877, 32.39, 150.00, 55, 54, 5, 8432, P0, Not Active, Not Active, Not Active
2026/07/20 00:58:28.187, 1, ${V100_GPU_1_UUID}, 00000000:02:00.0, 892, 877, 29.82, 150.00, 53, 52, 0, 8674, P0, Not Active, Not Active, Not Active
2026/07/20 00:58:28.286, 0, ${V100_GPU_0_UUID}, 00000000:01:00.0, 892, 877, 32.39, 150.00, 55, 54, 5, 8432, P0, Not Active, Not Active, Not Active
2026/07/20 00:58:28.299, 1, ${V100_GPU_1_UUID}, 00000000:02:00.0, 892, 877, 30.30, 150.00, 53, 52, 0, 8674, P0, Not Active, Not Active, Not Active
2026/07/20 00:58:28.394, 0, ${V100_GPU_0_UUID}, 00000000:01:00.0, 892, 877, 32.39, 150.00, 55, 54, 5, 8432, P0, Not Active, Not Active, Not Active
2026/07/20 00:58:28.403, 1, ${V100_GPU_1_UUID}, 00000000:02:00.0, 892, 877, 30.30, 150.00, 53, 52, 0, 8674, P0, Not Active, Not Active, Not Active
2026/07/20 00:58:28.507, 0, ${V100_GPU_0_UUID}, 00000000:01:00.0, 892, 877, 32.39, 150.00, 55, 54, 5, 8432, P0, Not Active, Not Active, Not Active
2026/07/20 00:58:28.521, 1, ${V100_GPU_1_UUID}, 00000000:02:00.0, 892, 877, 29.82, 150.00, 53, 52, 0, 8674, P0, Not Active, Not Active, Not Active
2026/07/20 00:58:28.618, 0, ${V100_GPU_0_UUID}, 00000000:01:00.0, 892, 877, 32.39, 150.00, 55, 54, 6, 8432, P0, Not Active, Not Active, Not Active
2026/07/20 00:58:28.632, 1, ${V100_GPU_1_UUID}, 00000000:02:00.0, 892, 877, 30.30, 150.00, 53, 52, 0, 8674, P0, Not Active, Not Active, Not Active
2026/07/20 00:58:28.748, 0, ${V100_GPU_0_UUID}, 00000000:01:00.0, 892, 877, 32.39, 150.00, 55, 54, 6, 8432, P0, Not Active, Not Active, Not Active
2026/07/20 00:58:28.756, 1, ${V100_GPU_1_UUID}, 00000000:02:00.0, 892, 877, 30.30, 150.00, 53, 52, 0, 8674, P0, Not Active, Not Active, Not Active
2026/07/20 00:58:28.850, 0, ${V100_GPU_0_UUID}, 00000000:01:00.0, 892, 877, 32.39, 150.00, 55, 54, 6, 8432, P0, Not Active, Not Active, Not Active
2026/07/20 00:58:28.860, 1, ${V100_GPU_1_UUID}, 00000000:02:00.0, 892, 877, 30.30, 150.00, 53, 52, 0, 8674, P0, Not Active, Not Active, Not Active
2026/07/20 00:58:28.947, 0, ${V100_GPU_0_UUID}, 00000000:01:00.0, 892, 877, 32.39, 150.00, 55, 54, 6, 8432, P0, Not Active, Not Active, Not Active
2026/07/20 00:58:28.954, 1, ${V100_GPU_1_UUID}, 00000000:02:00.0, 892, 877, 29.82, 150.00, 53, 52, 0, 8674, P0, Not Active, Not Active, Not Active
2026/07/20 00:58:29.071, 0, ${V100_GPU_0_UUID}, 00000000:01:00.0, 892, 877, 32.39, 150.00, 55, 54, 6, 8432, P0, Not Active, Not Active, Not Active
2026/07/20 00:58:29.079, 1, ${V100_GPU_1_UUID}, 00000000:02:00.0, 892, 877, 30.30, 150.00, 53, 52, 0, 8674, P0, Not Active, Not Active, Not Active
2026/07/20 00:58:29.175, 0, ${V100_GPU_0_UUID}, 00000000:01:00.0, 892, 877, 32.39, 150.00, 55, 54, 6, 8432, P0, Not Active, Not Active, Not Active
2026/07/20 00:58:29.185, 1, ${V100_GPU_1_UUID}, 00000000:02:00.0, 892, 877, 29.82, 150.00, 53, 52, 0, 8674, P0, Not Active, Not Active, Not Active
2026/07/20 00:58:29.301, 0, ${V100_GPU_0_UUID}, 00000000:01:00.0, 892, 877, 32.39, 150.00, 55, 54, 6, 8432, P0, Not Active, Not Active, Not Active
2026/07/20 00:58:29.308, 1, ${V100_GPU_1_UUID}, 00000000:02:00.0, 892, 877, 29.82, 150.00, 53, 52, 0, 8674, P0, Not Active, Not Active, Not Active
2026/07/20 00:58:29.410, 0, ${V100_GPU_0_UUID}, 00000000:01:00.0, 892, 877, 32.39, 150.00, 55, 54, 6, 8432, P0, Not Active, Not Active, Not Active
2026/07/20 00:58:29.423, 1, ${V100_GPU_1_UUID}, 00000000:02:00.0, 892, 877, 30.30, 150.00, 53, 52, 0, 8674, P0, Not Active, Not Active, Not Active
2026/07/20 00:58:29.535, 0, ${V100_GPU_0_UUID}, 00000000:01:00.0, 892, 877, 32.39, 150.00, 55, 54, 6, 8432, P0, Not Active, Not Active, Not Active
2026/07/20 00:58:29.544, 1, ${V100_GPU_1_UUID}, 00000000:02:00.0, 892, 877, 29.82, 150.00, 53, 52, 0, 8674, P0, Not Active, Not Active, Not Active
2026/07/20 00:58:29.645, 0, ${V100_GPU_0_UUID}, 00000000:01:00.0, 892, 877, 32.37, 150.00, 55, 54, 6, 8432, P0, Not Active, Not Active, Not Active
2026/07/20 00:58:29.650, 1, ${V100_GPU_1_UUID}, 00000000:02:00.0, 892, 877, 30.30, 150.00, 53, 52, 0, 8674, P0, Not Active, Not Active, Not Active
2026/07/20 00:58:29.754, 0, ${V100_GPU_0_UUID}, 00000000:01:00.0, 892, 877, 32.39, 150.00, 55, 54, 6, 8432, P0, Not Active, Not Active, Not Active
2026/07/20 00:58:29.767, 1, ${V100_GPU_1_UUID}, 00000000:02:00.0, 892, 877, 30.30, 150.00, 53, 52, 0, 8674, P0, Not Active, Not Active, Not Active
2026/07/20 00:58:29.884, 0, ${V100_GPU_0_UUID}, 00000000:01:00.0, 892, 877, 32.39, 150.00, 55, 54, 6, 8432, P0, Not Active, Not Active, Not Active
2026/07/20 00:58:29.891, 1, ${V100_GPU_1_UUID}, 00000000:02:00.0, 892, 877, 29.82, 150.00, 53, 52, 0, 8674, P0, Not Active, Not Active, Not Active
2026/07/20 00:58:29.977, 0, ${V100_GPU_0_UUID}, 00000000:01:00.0, 892, 877, 32.39, 150.00, 55, 54, 6, 8432, P0, Not Active, Not Active, Not Active
2026/07/20 00:58:29.983, 1, ${V100_GPU_1_UUID}, 00000000:02:00.0, 892, 877, 30.30, 150.00, 53, 52, 0, 8674, P0, Not Active, Not Active, Not Active
2026/07/20 00:58:30.086, 0, ${V100_GPU_0_UUID}, 00000000:01:00.0, 892, 877, 32.39, 150.00, 55, 54, 6, 8432, P0, Not Active, Not Active, Not Active
2026/07/20 00:58:30.097, 1, ${V100_GPU_1_UUID}, 00000000:02:00.0, 892, 877, 29.82, 150.00, 53, 52, 0, 8674, P0, Not Active, Not Active, Not Active
2026/07/20 00:58:30.206, 0, ${V100_GPU_0_UUID}, 00000000:01:00.0, 892, 877, 32.39, 150.00, 55, 54, 6, 8432, P0, Not Active, Not Active, Not Active
2026/07/20 00:58:30.218, 1, ${V100_GPU_1_UUID}, 00000000:02:00.0, 892, 877, 30.30, 150.00, 53, 52, 0, 8674, P0, Not Active, Not Active, Not Active
2026/07/20 00:58:30.322, 0, ${V100_GPU_0_UUID}, 00000000:01:00.0, 892, 877, 32.39, 150.00, 55, 54, 6, 8432, P0, Not Active, Not Active, Not Active
2026/07/20 00:58:30.335, 1, ${V100_GPU_1_UUID}, 00000000:02:00.0, 892, 877, 30.30, 150.00, 53, 52, 0, 8674, P0, Not Active, Not Active, Not Active
2026/07/20 00:58:30.451, 0, ${V100_GPU_0_UUID}, 00000000:01:00.0, 892, 877, 32.37, 150.00, 55, 54, 6, 8432, P0, Not Active, Not Active, Not Active
2026/07/20 00:58:30.457, 1, ${V100_GPU_1_UUID}, 00000000:02:00.0, 892, 877, 30.30, 150.00, 53, 52, 0, 8674, P0, Not Active, Not Active, Not Active
2026/07/20 00:58:30.554, 0, ${V100_GPU_0_UUID}, 00000000:01:00.0, 892, 877, 32.39, 150.00, 55, 54, 6, 8432, P0, Not Active, Not Active, Not Active
2026/07/20 00:58:30.566, 1, ${V100_GPU_1_UUID}, 00000000:02:00.0, 892, 877, 30.30, 150.00, 53, 52, 0, 8674, P0, Not Active, Not Active, Not Active
2026/07/20 00:58:30.684, 0, ${V100_GPU_0_UUID}, 00000000:01:00.0, 892, 877, 32.39, 150.00, 55, 54, 6, 8432, P0, Not Active, Not Active, Not Active
2026/07/20 00:58:30.691, 1, ${V100_GPU_1_UUID}, 00000000:02:00.0, 892, 877, 30.30, 150.00, 53, 52, 0, 8674, P0, Not Active, Not Active, Not Active
2026/07/20 00:58:30.790, 0, ${V100_GPU_0_UUID}, 00000000:01:00.0, 892, 877, 32.39, 150.00, 55, 54, 6, 8432, P0, Not Active, Not Active, Not Active
2026/07/20 00:58:30.801, 1, ${V100_GPU_1_UUID}, 00000000:02:00.0, 892, 877, 30.30, 150.00, 53, 52, 0, 8674, P0, Not Active, Not Active, Not Active
2026/07/20 00:58:30.917, 0, ${V100_GPU_0_UUID}, 00000000:01:00.0, 892, 877, 32.39, 150.00, 55, 54, 6, 8432, P0, Not Active, Not Active, Not Active
2026/07/20 00:58:30.924, 1, ${V100_GPU_1_UUID}, 00000000:02:00.0, 892, 877, 30.30, 150.00, 53, 52, 0, 8674, P0, Not Active, Not Active, Not Active
2026/07/20 00:58:31.021, 0, ${V100_GPU_0_UUID}, 00000000:01:00.0, 892, 877, 32.39, 150.00, 55, 54, 6, 8432, P0, Not Active, Not Active, Not Active
2026/07/20 00:58:31.033, 1, ${V100_GPU_1_UUID}, 00000000:02:00.0, 892, 877, 30.30, 150.00, 53, 52, 0, 8674, P0, Not Active, Not Active, Not Active
2026/07/20 00:58:31.136, 0, ${V100_GPU_0_UUID}, 00000000:01:00.0, 892, 877, 32.39, 150.00, 55, 54, 6, 8432, P0, Not Active, Not Active, Not Active
2026/07/20 00:58:31.142, 1, ${V100_GPU_1_UUID}, 00000000:02:00.0, 892, 877, 30.30, 150.00, 53, 52, 0, 8674, P0, Not Active, Not Active, Not Active
2026/07/20 00:58:31.240, 0, ${V100_GPU_0_UUID}, 00000000:01:00.0, 892, 877, 32.39, 150.00, 55, 54, 6, 8432, P0, Not Active, Not Active, Not Active
2026/07/20 00:58:31.251, 1, ${V100_GPU_1_UUID}, 00000000:02:00.0, 892, 877, 29.82, 150.00, 53, 52, 0, 8674, P0, Not Active, Not Active, Not Active
2026/07/20 00:58:31.356, 0, ${V100_GPU_0_UUID}, 00000000:01:00.0, 892, 877, 32.39, 150.00, 55, 54, 6, 8432, P0, Not Active, Not Active, Not Active
2026/07/20 00:58:31.369, 1, ${V100_GPU_1_UUID}, 00000000:02:00.0, 892, 877, 30.32, 150.00, 53, 52, 0, 8674, P0, Not Active, Not Active, Not Active
2026/07/20 00:58:31.487, 0, ${V100_GPU_0_UUID}, 00000000:01:00.0, 892, 877, 32.39, 150.00, 55, 54, 6, 8432, P0, Not Active, Not Active, Not Active
2026/07/20 00:58:31.495, 1, ${V100_GPU_1_UUID}, 00000000:02:00.0, 892, 877, 30.30, 150.00, 53, 52, 0, 8674, P0, Not Active, Not Active, Not Active
2026/07/20 00:58:31.588, 0, ${V100_GPU_0_UUID}, 00000000:01:00.0, 892, 877, 32.39, 150.00, 55, 54, 6, 8432, P0, Not Active, Not Active, Not Active
2026/07/20 00:58:31.593, 1, ${V100_GPU_1_UUID}, 00000000:02:00.0, 892, 877, 30.30, 150.00, 53, 52, 0, 8674, P0, Not Active, Not Active, Not Active
2026/07/20 00:58:31.695, 0, ${V100_GPU_0_UUID}, 00000000:01:00.0, 892, 877, 32.39, 150.00, 55, 54, 6, 8432, P0, Not Active, Not Active, Not Active
2026/07/20 00:58:31.709, 1, ${V100_GPU_1_UUID}, 00000000:02:00.0, 892, 877, 30.30, 150.00, 53, 52, 0, 8674, P0, Not Active, Not Active, Not Active
2026/07/20 00:58:31.826, 0, ${V100_GPU_0_UUID}, 00000000:01:00.0, 892, 877, 32.39, 150.00, 55, 54, 3, 8432, P0, Not Active, Not Active, Not Active
2026/07/20 00:58:31.834, 1, ${V100_GPU_1_UUID}, 00000000:02:00.0, 892, 877, 30.32, 150.00, 53, 52, 0, 8674, P0, Not Active, Not Active, Not Active
2026/07/20 00:58:31.927, 0, ${V100_GPU_0_UUID}, 00000000:01:00.0, 892, 877, 32.39, 150.00, 55, 54, 3, 8432, P0, Not Active, Not Active, Not Active
2026/07/20 00:58:31.936, 1, ${V100_GPU_1_UUID}, 00000000:02:00.0, 892, 877, 30.30, 150.00, 53, 52, 3, 8674, P0, Not Active, Not Active, Not Active
2026/07/20 00:58:32.021, 0, ${V100_GPU_0_UUID}, 00000000:01:00.0, 892, 877, 32.39, 150.00, 55, 54, 0, 8432, P0, Not Active, Not Active, Not Active
2026/07/20 00:58:32.027, 1, ${V100_GPU_1_UUID}, 00000000:02:00.0, 892, 877, 30.30, 150.00, 53, 52, 5, 8674, P0, Not Active, Not Active, Not Active
2026/07/20 00:58:32.136, 0, ${V100_GPU_0_UUID}, 00000000:01:00.0, 892, 877, 32.39, 150.00, 55, 54, 0, 8432, P0, Not Active, Not Active, Not Active
2026/07/20 00:58:32.146, 1, ${V100_GPU_1_UUID}, 00000000:02:00.0, 892, 877, 30.30, 150.00, 53, 52, 5, 8674, P0, Not Active, Not Active, Not Active
2026/07/20 00:58:32.255, 0, ${V100_GPU_0_UUID}, 00000000:01:00.0, 892, 877, 32.39, 150.00, 55, 54, 0, 8432, P0, Not Active, Not Active, Not Active
2026/07/20 00:58:32.264, 1, ${V100_GPU_1_UUID}, 00000000:02:00.0, 892, 877, 30.30, 150.00, 53, 52, 5, 8674, P0, Not Active, Not Active, Not Active
2026/07/20 00:58:32.370, 0, ${V100_GPU_0_UUID}, 00000000:01:00.0, 892, 877, 32.37, 150.00, 55, 54, 0, 8432, P0, Not Active, Not Active, Not Active
2026/07/20 00:58:32.377, 1, ${V100_GPU_1_UUID}, 00000000:02:00.0, 892, 877, 30.28, 150.00, 53, 52, 5, 8674, P0, Not Active, Not Active, Not Active
2026/07/20 00:58:32.483, 0, ${V100_GPU_0_UUID}, 00000000:01:00.0, 892, 877, 32.37, 150.00, 55, 54, 0, 8432, P0, Not Active, Not Active, Not Active
2026/07/20 00:58:32.490, 1, ${V100_GPU_1_UUID}, 00000000:02:00.0, 892, 877, 30.28, 150.00, 53, 52, 5, 8674, P0, Not Active, Not Active, Not Active
2026/07/20 00:58:32.573, 0, ${V100_GPU_0_UUID}, 00000000:01:00.0, 892, 877, 32.39, 150.00, 55, 54, 0, 8432, P0, Not Active, Not Active, Not Active
2026/07/20 00:58:32.578, 1, ${V100_GPU_1_UUID}, 00000000:02:00.0, 892, 877, 30.30, 150.00, 53, 52, 3, 8674, P0, Not Active, Not Active, Not Active
2026/07/20 00:58:32.661, 0, ${V100_GPU_0_UUID}, 00000000:01:00.0, 892, 877, 32.37, 150.00, 55, 54, 0, 8432, P0, Not Active, Not Active, Not Active
2026/07/20 00:58:32.667, 1, ${V100_GPU_1_UUID}, 00000000:02:00.0, 892, 877, 30.28, 150.00, 53, 52, 3, 8674, P0, Not Active, Not Active, Not Active
2026/07/20 00:58:32.750, 0, ${V100_GPU_0_UUID}, 00000000:01:00.0, 892, 877, 32.35, 150.00, 55, 54, 0, 8432, P0, Not Active, Not Active, Not Active
2026/07/20 00:58:32.756, 1, ${V100_GPU_1_UUID}, 00000000:02:00.0, 892, 877, 30.28, 150.00, 53, 52, 4, 8674, P0, Not Active, Not Active, Not Active
2026/07/20 00:58:32.839, 0, ${V100_GPU_0_UUID}, 00000000:01:00.0, 892, 877, 32.39, 150.00, 55, 54, 0, 8432, P0, Not Active, Not Active, Not Active
2026/07/20 00:58:32.845, 1, ${V100_GPU_1_UUID}, 00000000:02:00.0, 892, 877, 29.82, 150.00, 53, 52, 4, 8674, P0, Not Active, Not Active, Not Active
2026/07/20 00:58:32.956, 0, ${V100_GPU_0_UUID}, 00000000:01:00.0, 892, 877, 32.39, 150.00, 55, 54, 0, 8432, P0, Not Active, Not Active, Not Active
2026/07/20 00:58:32.967, 1, ${V100_GPU_1_UUID}, 00000000:02:00.0, 892, 877, 30.30, 150.00, 53, 52, 3, 8674, P0, Not Active, Not Active, Not Active
2026/07/20 00:58:33.073, 0, ${V100_GPU_0_UUID}, 00000000:01:00.0, 892, 877, 32.39, 150.00, 55, 54, 0, 8432, P0, Not Active, Not Active, Not Active
2026/07/20 00:58:33.200, 1, ${V100_GPU_1_UUID}, 00000000:02:00.0, 892, 877, 30.32, 150.00, 53, 52, 0, 8674, P0, Not Active, Not Active, Not Active
2026/07/20 00:58:33.318, 0, ${V100_GPU_0_UUID}, 00000000:01:00.0, 892, 877, 32.39, 150.00, 55, 54, 0, 8432, P0, Not Active, Not Active, Not Active
2026/07/20 00:58:33.324, 1, ${V100_GPU_1_UUID}, 00000000:02:00.0, 892, 877, 30.30, 150.00, 53, 52, 0, 8674, P0, Not Active, Not Active, Not Active
2026/07/20 00:58:33.409, 0, ${V100_GPU_0_UUID}, 00000000:01:00.0, 892, 877, 32.39, 150.00, 55, 54, 0, 8432, P0, Not Active, Not Active, Not Active
2026/07/20 00:58:33.415, 1, ${V100_GPU_1_UUID}, 00000000:02:00.0, 892, 877, 30.30, 150.00, 53, 52, 0, 8674, P0, Not Active, Not Active, Not Active
2026/07/20 00:58:33.512, 0, ${V100_GPU_0_UUID}, 00000000:01:00.0, 892, 877, 32.39, 150.00, 55, 54, 0, 8432, P0, Not Active, Not Active, Not Active
2026/07/20 00:58:33.524, 1, ${V100_GPU_1_UUID}, 00000000:02:00.0, 892, 877, 30.30, 150.00, 53, 52, 0, 8674, P0, Not Active, Not Active, Not Active
2026/07/20 00:58:33.643, 0, ${V100_GPU_0_UUID}, 00000000:01:00.0, 892, 877, 32.39, 150.00, 55, 54, 0, 8432, P0, Not Active, Not Active, Not Active
2026/07/20 00:58:33.651, 1, ${V100_GPU_1_UUID}, 00000000:02:00.0, 892, 877, 30.30, 150.00, 53, 52, 0, 8674, P0, Not Active, Not Active, Not Active
2026/07/20 00:58:33.751, 0, ${V100_GPU_0_UUID}, 00000000:01:00.0, 892, 877, 32.39, 150.00, 55, 54, 0, 8432, P0, Not Active, Not Active, Not Active
2026/07/20 00:58:33.762, 1, ${V100_GPU_1_UUID}, 00000000:02:00.0, 892, 877, 30.30, 150.00, 53, 52, 0, 8674, P0, Not Active, Not Active, Not Active
2026/07/20 00:58:33.850, 0, ${V100_GPU_0_UUID}, 00000000:01:00.0, 892, 877, 32.37, 150.00, 55, 54, 0, 8432, P0, Not Active, Not Active, Not Active
2026/07/20 00:58:33.856, 1, ${V100_GPU_1_UUID}, 00000000:02:00.0, 892, 877, 30.30, 150.00, 53, 52, 2, 8674, P0, Not Active, Not Active, Not Active
2026/07/20 00:58:33.938, 0, ${V100_GPU_0_UUID}, 00000000:01:00.0, 892, 877, 32.39, 150.00, 55, 54, 0, 8432, P0, Not Active, Not Active, Not Active
2026/07/20 00:58:33.944, 1, ${V100_GPU_1_UUID}, 00000000:02:00.0, 892, 877, 30.30, 150.00, 53, 52, 2, 8674, P0, Not Active, Not Active, Not Active
2026/07/20 00:58:34.055, 0, ${V100_GPU_0_UUID}, 00000000:01:00.0, 892, 877, 32.39, 150.00, 55, 54, 0, 8432, P0, Not Active, Not Active, Not Active
2026/07/20 00:58:34.062, 1, ${V100_GPU_1_UUID}, 00000000:02:00.0, 892, 877, 30.30, 150.00, 53, 52, 5, 8674, P0, Not Active, Not Active, Not Active
2026/07/20 00:58:34.148, 0, ${V100_GPU_0_UUID}, 00000000:01:00.0, 892, 877, 32.37, 150.00, 55, 54, 0, 8432, P0, Not Active, Not Active, Not Active
2026/07/20 00:58:34.153, 1, ${V100_GPU_1_UUID}, 00000000:02:00.0, 892, 877, 30.28, 150.00, 53, 52, 5, 8674, P0, Not Active, Not Active, Not Active
2026/07/20 00:58:34.256, 0, ${V100_GPU_0_UUID}, 00000000:01:00.0, 892, 877, 32.39, 150.00, 55, 54, 0, 8432, P0, Not Active, Not Active, Not Active
2026/07/20 00:58:34.267, 1, ${V100_GPU_1_UUID}, 00000000:02:00.0, 892, 877, 30.30, 150.00, 53, 52, 5, 8674, P0, Not Active, Not Active, Not Active
2026/07/20 00:58:34.376, 0, ${V100_GPU_0_UUID}, 00000000:01:00.0, 892, 877, 32.39, 150.00, 55, 54, 0, 8432, P0, Not Active, Not Active, Not Active
2026/07/20 00:58:34.388, 1, ${V100_GPU_1_UUID}, 00000000:02:00.0, 892, 877, 30.32, 150.00, 53, 52, 6, 8674, P0, Not Active, Not Active, Not Active
2026/07/20 00:58:34.499, 0, ${V100_GPU_0_UUID}, 00000000:01:00.0, 892, 877, 32.39, 150.00, 55, 54, 0, 8432, P0, Not Active, Not Active, Not Active
2026/07/20 00:58:34.508, 1, ${V100_GPU_1_UUID}, 00000000:02:00.0, 892, 877, 30.30, 150.00, 53, 52, 6, 8674, P0, Not Active, Not Active, Not Active
2026/07/20 00:58:34.621, 0, ${V100_GPU_0_UUID}, 00000000:01:00.0, 892, 877, 32.39, 150.00, 55, 54, 0, 8432, P0, Not Active, Not Active, Not Active
2026/07/20 00:58:34.630, 1, ${V100_GPU_1_UUID}, 00000000:02:00.0, 892, 877, 30.30, 150.00, 53, 52, 5, 8674, P0, Not Active, Not Active, Not Active
2026/07/20 00:58:34.718, 0, ${V100_GPU_0_UUID}, 00000000:01:00.0, 892, 877, 32.39, 150.00, 55, 54, 0, 8432, P0, Not Active, Not Active, Not Active
2026/07/20 00:58:34.725, 1, ${V100_GPU_1_UUID}, 00000000:02:00.0, 892, 877, 30.30, 150.00, 53, 52, 5, 8674, P0, Not Active, Not Active, Not Active
2026/07/20 00:58:34.810, 0, ${V100_GPU_0_UUID}, 00000000:01:00.0, 892, 877, 32.37, 150.00, 55, 54, 0, 8432, P0, Not Active, Not Active, Not Active
2026/07/20 00:58:34.815, 1, ${V100_GPU_1_UUID}, 00000000:02:00.0, 892, 877, 30.28, 150.00, 53, 52, 5, 8674, P0, Not Active, Not Active, Not Active
2026/07/20 00:58:34.899, 0, ${V100_GPU_0_UUID}, 00000000:01:00.0, 892, 877, 32.37, 150.00, 55, 54, 0, 8432, P0, Not Active, Not Active, Not Active
2026/07/20 00:58:34.904, 1, ${V100_GPU_1_UUID}, 00000000:02:00.0, 892, 877, 30.30, 150.00, 53, 52, 4, 8674, P0, Not Active, Not Active, Not Active
2026/07/20 00:58:34.988, 0, ${V100_GPU_0_UUID}, 00000000:01:00.0, 892, 877, 32.37, 150.00, 55, 54, 0, 8432, P0, Not Active, Not Active, Not Active
2026/07/20 00:58:34.994, 1, ${V100_GPU_1_UUID}, 00000000:02:00.0, 892, 877, 30.28, 150.00, 53, 52, 4, 8674, P0, Not Active, Not Active, Not Active
2026/07/20 00:58:35.108, 0, ${V100_GPU_0_UUID}, 00000000:01:00.0, 892, 877, 32.39, 150.00, 55, 54, 0, 8432, P0, Not Active, Not Active, Not Active
2026/07/20 00:58:35.116, 1, ${V100_GPU_1_UUID}, 00000000:02:00.0, 892, 877, 30.30, 150.00, 53, 52, 4, 8674, P0, Not Active, Not Active, Not Active
2026/07/20 00:58:35.202, 0, ${V100_GPU_0_UUID}, 00000000:01:00.0, 892, 877, 32.39, 150.00, 55, 54, 0, 8432, P0, Not Active, Not Active, Not Active
2026/07/20 00:58:35.207, 1, ${V100_GPU_1_UUID}, 00000000:02:00.0, 892, 877, 30.30, 150.00, 53, 52, 6, 8674, P0, Not Active, Not Active, Not Active
2026/07/20 00:58:35.308, 0, ${V100_GPU_0_UUID}, 00000000:01:00.0, 892, 877, 32.39, 150.00, 55, 54, 0, 8432, P0, Not Active, Not Active, Not Active
2026/07/20 00:58:35.316, 1, ${V100_GPU_1_UUID}, 00000000:02:00.0, 892, 877, 30.30, 150.00, 53, 52, 6, 8674, P0, Not Active, Not Active, Not Active
2026/07/20 00:58:35.414, 0, ${V100_GPU_0_UUID}, 00000000:01:00.0, 892, 877, 32.39, 150.00, 55, 54, 0, 8432, P0, Not Active, Not Active, Not Active
2026/07/20 00:58:35.423, 1, ${V100_GPU_1_UUID}, 00000000:02:00.0, 892, 877, 30.30, 150.00, 53, 52, 6, 8674, P0, Not Active, Not Active, Not Active
2026/07/20 00:58:35.521, 0, ${V100_GPU_0_UUID}, 00000000:01:00.0, 892, 877, 32.39, 150.00, 55, 54, 0, 8432, P0, Not Active, Not Active, Not Active
2026/07/20 00:58:35.530, 1, ${V100_GPU_1_UUID}, 00000000:02:00.0, 892, 877, 30.30, 150.00, 53, 52, 6, 8674, P0, Not Active, Not Active, Not Active
2026/07/20 00:58:35.631, 0, ${V100_GPU_0_UUID}, 00000000:01:00.0, 892, 877, 32.39, 150.00, 55, 54, 0, 8432, P0, Not Active, Not Active, Not Active
2026/07/20 00:58:35.641, 1, ${V100_GPU_1_UUID}, 00000000:02:00.0, 892, 877, 30.30, 150.00, 53, 52, 6, 8674, P0, Not Active, Not Active, Not Active
2026/07/20 00:58:35.758, 0, ${V100_GPU_0_UUID}, 00000000:01:00.0, 892, 877, 32.39, 150.00, 55, 54, 0, 8432, P0, Not Active, Not Active, Not Active
2026/07/20 00:58:35.766, 1, ${V100_GPU_1_UUID}, 00000000:02:00.0, 892, 877, 30.30, 150.00, 53, 52, 6, 8674, P0, Not Active, Not Active, Not Active
2026/07/20 00:58:35.850, 0, ${V100_GPU_0_UUID}, 00000000:01:00.0, 892, 877, 32.37, 150.00, 55, 54, 0, 8432, P0, Not Active, Not Active, Not Active
2026/07/20 00:58:35.856, 1, ${V100_GPU_1_UUID}, 00000000:02:00.0, 892, 877, 30.30, 150.00, 53, 52, 6, 8674, P0, Not Active, Not Active, Not Active
2026/07/20 00:58:35.960, 0, ${V100_GPU_0_UUID}, 00000000:01:00.0, 892, 877, 32.39, 150.00, 55, 54, 0, 8432, P0, Not Active, Not Active, Not Active
2026/07/20 00:58:35.970, 1, ${V100_GPU_1_UUID}, 00000000:02:00.0, 892, 877, 30.30, 150.00, 53, 52, 6, 8674, P0, Not Active, Not Active, Not Active
2026/07/20 00:58:36.078, 0, ${V100_GPU_0_UUID}, 00000000:01:00.0, 892, 877, 32.39, 150.00, 55, 54, 0, 8432, P0, Not Active, Not Active, Not Active
2026/07/20 00:58:36.093, 1, ${V100_GPU_1_UUID}, 00000000:02:00.0, 892, 877, 30.30, 150.00, 53, 52, 6, 8674, P0, Not Active, Not Active, Not Active
2026/07/20 00:58:36.207, 0, ${V100_GPU_0_UUID}, 00000000:01:00.0, 892, 877, 32.39, 150.00, 55, 54, 0, 8432, P0, Not Active, Not Active, Not Active
2026/07/20 00:58:36.215, 1, ${V100_GPU_1_UUID}, 00000000:02:00.0, 892, 877, 30.30, 150.00, 53, 52, 5, 8674, P0, Not Active, Not Active, Not Active
2026/07/20 00:58:36.320, 0, ${V100_GPU_0_UUID}, 00000000:01:00.0, 892, 877, 32.39, 150.00, 55, 54, 0, 8432, P0, Not Active, Not Active, Not Active
2026/07/20 00:58:36.331, 1, ${V100_GPU_1_UUID}, 00000000:02:00.0, 892, 877, 30.30, 150.00, 53, 52, 5, 8674, P0, Not Active, Not Active, Not Active
2026/07/20 00:58:36.440, 0, ${V100_GPU_0_UUID}, 00000000:01:00.0, 892, 877, 32.39, 150.00, 55, 54, 0, 8432, P0, Not Active, Not Active, Not Active
2026/07/20 00:58:36.451, 1, ${V100_GPU_1_UUID}, 00000000:02:00.0, 892, 877, 30.30, 150.00, 53, 52, 6, 8674, P0, Not Active, Not Active, Not Active
2026/07/20 00:58:36.563, 0, ${V100_GPU_0_UUID}, 00000000:01:00.0, 892, 877, 32.39, 150.00, 55, 54, 0, 8432, P0, Not Active, Not Active, Not Active
2026/07/20 00:58:36.573, 1, ${V100_GPU_1_UUID}, 00000000:02:00.0, 892, 877, 30.30, 150.00, 53, 52, 6, 8674, P0, Not Active, Not Active, Not Active
2026/07/20 00:58:36.677, 0, ${V100_GPU_0_UUID}, 00000000:01:00.0, 892, 877, 32.39, 150.00, 55, 54, 0, 8432, P0, Not Active, Not Active, Not Active
2026/07/20 00:58:36.690, 1, ${V100_GPU_1_UUID}, 00000000:02:00.0, 892, 877, 30.30, 150.00, 53, 52, 6, 8674, P0, Not Active, Not Active, Not Active
2026/07/20 00:58:36.800, 0, ${V100_GPU_0_UUID}, 00000000:01:00.0, 892, 877, 32.39, 150.00, 55, 54, 0, 8432, P0, Not Active, Not Active, Not Active
2026/07/20 00:58:36.807, 1, ${V100_GPU_1_UUID}, 00000000:02:00.0, 892, 877, 30.30, 150.00, 53, 52, 6, 8674, P0, Not Active, Not Active, Not Active
2026/07/20 00:58:36.897, 0, ${V100_GPU_0_UUID}, 00000000:01:00.0, 892, 877, 32.39, 150.00, 55, 54, 0, 8432, P0, Not Active, Not Active, Not Active
2026/07/20 00:58:36.905, 1, ${V100_GPU_1_UUID}, 00000000:02:00.0, 892, 877, 30.30, 150.00, 53, 52, 5, 8674, P0, Not Active, Not Active, Not Active
2026/07/20 00:58:37.008, 0, ${V100_GPU_0_UUID}, 00000000:01:00.0, 892, 877, 32.39, 150.00, 55, 54, 0, 8432, P0, Not Active, Not Active, Not Active
2026/07/20 00:58:37.015, 1, ${V100_GPU_1_UUID}, 00000000:02:00.0, 892, 877, 30.30, 150.00, 53, 52, 5, 8674, P0, Not Active, Not Active, Not Active
2026/07/20 00:58:37.121, 0, ${V100_GPU_0_UUID}, 00000000:01:00.0, 892, 877, 32.39, 150.00, 55, 54, 0, 8432, P0, Not Active, Not Active, Not Active
2026/07/20 00:58:37.131, 1, ${V100_GPU_1_UUID}, 00000000:02:00.0, 892, 877, 30.30, 150.00, 53, 52, 5, 8674, P0, Not Active, Not Active, Not Active
2026/07/20 00:58:37.221, 0, ${V100_GPU_0_UUID}, 00000000:01:00.0, 892, 877, 32.37, 150.00, 55, 54, 0, 8432, P0, Not Active, Not Active, Not Active
2026/07/20 00:58:37.226, 1, ${V100_GPU_1_UUID}, 00000000:02:00.0, 892, 877, 30.30, 150.00, 53, 52, 5, 8674, P0, Not Active, Not Active, Not Active
2026/07/20 00:58:37.330, 0, ${V100_GPU_0_UUID}, 00000000:01:00.0, 892, 877, 32.39, 150.00, 55, 54, 0, 8432, P0, Not Active, Not Active, Not Active
2026/07/20 00:58:37.343, 1, ${V100_GPU_1_UUID}, 00000000:02:00.0, 892, 877, 30.30, 150.00, 53, 52, 5, 8674, P0, Not Active, Not Active, Not Active
2026/07/20 00:58:37.461, 0, ${V100_GPU_0_UUID}, 00000000:01:00.0, 892, 877, 32.39, 150.00, 55, 54, 0, 8432, P0, Not Active, Not Active, Not Active
2026/07/20 00:58:37.469, 1, ${V100_GPU_1_UUID}, 00000000:02:00.0, 892, 877, 30.30, 150.00, 53, 52, 6, 8674, P0, Not Active, Not Active, Not Active
2026/07/20 00:58:37.563, 0, ${V100_GPU_0_UUID}, 00000000:01:00.0, 892, 877, 32.39, 150.00, 55, 54, 0, 8432, P0, Not Active, Not Active, Not Active
2026/07/20 00:58:37.572, 1, ${V100_GPU_1_UUID}, 00000000:02:00.0, 892, 877, 30.30, 150.00, 53, 52, 6, 8674, P0, Not Active, Not Active, Not Active
2026/07/20 00:58:37.689, 0, ${V100_GPU_0_UUID}, 00000000:01:00.0, 892, 877, 32.39, 150.00, 55, 54, 0, 8432, P0, Not Active, Not Active, Not Active
2026/07/20 00:58:37.695, 1, ${V100_GPU_1_UUID}, 00000000:02:00.0, 892, 877, 30.30, 150.00, 53, 52, 6, 8674, P0, Not Active, Not Active, Not Active
2026/07/20 00:58:37.779, 0, ${V100_GPU_0_UUID}, 00000000:01:00.0, 892, 877, 32.37, 150.00, 55, 54, 0, 8432, P0, Not Active, Not Active, Not Active
2026/07/20 00:58:37.784, 1, ${V100_GPU_1_UUID}, 00000000:02:00.0, 892, 877, 30.30, 150.00, 53, 52, 6, 8674, P0, Not Active, Not Active, Not Active
2026/07/20 00:58:37.867, 0, ${V100_GPU_0_UUID}, 00000000:01:00.0, 892, 877, 32.39, 150.00, 55, 54, 0, 8432, P0, Not Active, Not Active, Not Active
2026/07/20 00:58:37.874, 1, ${V100_GPU_1_UUID}, 00000000:02:00.0, 892, 877, 30.30, 150.00, 53, 52, 6, 8674, P0, Not Active, Not Active, Not Active
2026/07/20 00:58:37.988, 0, ${V100_GPU_0_UUID}, 00000000:01:00.0, 892, 877, 32.39, 150.00, 55, 54, 0, 8432, P0, Not Active, Not Active, Not Active
2026/07/20 00:58:37.994, 1, ${V100_GPU_1_UUID}, 00000000:02:00.0, 892, 877, 30.30, 150.00, 53, 52, 6, 8674, P0, Not Active, Not Active, Not Active
2026/07/20 00:58:38.088, 0, ${V100_GPU_0_UUID}, 00000000:01:00.0, 892, 877, 32.37, 150.00, 55, 54, 0, 8432, P0, Not Active, Not Active, Not Active
2026/07/20 00:58:38.094, 1, ${V100_GPU_1_UUID}, 00000000:02:00.0, 892, 877, 30.30, 150.00, 53, 52, 5, 8674, P0, Not Active, Not Active, Not Active
2026/07/20 00:58:38.205, 0, ${V100_GPU_0_UUID}, 00000000:01:00.0, 892, 877, 32.39, 150.00, 55, 54, 0, 8432, P0, Not Active, Not Active, Not Active
2026/07/20 00:58:38.216, 1, ${V100_GPU_1_UUID}, 00000000:02:00.0, 892, 877, 30.30, 150.00, 53, 52, 5, 8674, P0, Not Active, Not Active, Not Active
2026/07/20 00:58:38.311, 0, ${V100_GPU_0_UUID}, 00000000:01:00.0, 892, 877, 32.39, 150.00, 55, 54, 0, 8432, P0, Not Active, Not Active, Not Active
2026/07/20 00:58:38.317, 1, ${V100_GPU_1_UUID}, 00000000:02:00.0, 892, 877, 30.30, 150.00, 53, 52, 5, 8674, P0, Not Active, Not Active, Not Active
2026/07/20 00:58:38.405, 0, ${V100_GPU_0_UUID}, 00000000:01:00.0, 892, 877, 32.39, 150.00, 55, 54, 0, 8432, P0, Not Active, Not Active, Not Active
2026/07/20 00:58:38.412, 1, ${V100_GPU_1_UUID}, 00000000:02:00.0, 892, 877, 30.30, 150.00, 53, 52, 6, 8674, P0, Not Active, Not Active, Not Active
2026/07/20 00:58:38.526, 0, ${V100_GPU_0_UUID}, 00000000:01:00.0, 892, 877, 32.39, 150.00, 55, 54, 0, 8432, P0, Not Active, Not Active, Not Active
2026/07/20 00:58:38.534, 1, ${V100_GPU_1_UUID}, 00000000:02:00.0, 892, 877, 30.30, 150.00, 53, 52, 6, 8674, P0, Not Active, Not Active, Not Active
2026/07/20 00:58:38.623, 0, ${V100_GPU_0_UUID}, 00000000:01:00.0, 892, 877, 32.39, 150.00, 55, 54, 0, 8432, P0, Not Active, Not Active, Not Active
2026/07/20 00:58:38.628, 1, ${V100_GPU_1_UUID}, 00000000:02:00.0, 892, 877, 30.30, 150.00, 53, 52, 6, 8674, P0, Not Active, Not Active, Not Active
2026/07/20 00:58:38.731, 0, ${V100_GPU_0_UUID}, 00000000:01:00.0, 892, 877, 32.39, 150.00, 55, 54, 0, 8432, P0, Not Active, Not Active, Not Active
2026/07/20 00:58:38.742, 1, ${V100_GPU_1_UUID}, 00000000:02:00.0, 892, 877, 30.30, 150.00, 53, 52, 6, 8674, P0, Not Active, Not Active, Not Active
2026/07/20 00:58:38.828, 0, ${V100_GPU_0_UUID}, 00000000:01:00.0, 892, 877, 32.39, 150.00, 55, 54, 0, 8432, P0, Not Active, Not Active, Not Active
2026/07/20 00:58:38.834, 1, ${V100_GPU_1_UUID}, 00000000:02:00.0, 892, 877, 30.30, 150.00, 53, 52, 6, 8674, P0, Not Active, Not Active, Not Active
2026/07/20 00:58:38.949, 0, ${V100_GPU_0_UUID}, 00000000:01:00.0, 892, 877, 32.39, 150.00, 55, 54, 0, 8432, P0, Not Active, Not Active, Not Active
2026/07/20 00:58:38.957, 1, ${V100_GPU_1_UUID}, 00000000:02:00.0, 892, 877, 30.30, 150.00, 53, 52, 6, 8674, P0, Not Active, Not Active, Not Active
2026/07/20 00:58:39.056, 0, ${V100_GPU_0_UUID}, 00000000:01:00.0, 892, 877, 32.39, 150.00, 55, 54, 0, 8432, P0, Not Active, Not Active, Not Active
2026/07/20 00:58:39.067, 1, ${V100_GPU_1_UUID}, 00000000:02:00.0, 892, 877, 30.30, 150.00, 53, 52, 6, 8674, P0, Not Active, Not Active, Not Active
2026/07/20 00:58:39.153, 0, ${V100_GPU_0_UUID}, 00000000:01:00.0, 892, 877, 32.37, 150.00, 55, 54, 0, 8432, P0, Not Active, Not Active, Not Active
2026/07/20 00:58:39.159, 1, ${V100_GPU_1_UUID}, 00000000:02:00.0, 892, 877, 30.28, 150.00, 53, 52, 6, 8674, P0, Not Active, Not Active, Not Active
2026/07/20 00:58:39.258, 0, ${V100_GPU_0_UUID}, 00000000:01:00.0, 892, 877, 32.39, 150.00, 55, 54, 0, 8432, P0, Not Active, Not Active, Not Active
2026/07/20 00:58:39.270, 1, ${V100_GPU_1_UUID}, 00000000:02:00.0, 892, 877, 30.30, 150.00, 53, 52, 6, 8674, P0, Not Active, Not Active, Not Active
2026/07/20 00:58:39.373, 0, ${V100_GPU_0_UUID}, 00000000:01:00.0, 892, 877, 32.39, 150.00, 55, 54, 0, 8432, P0, Not Active, Not Active, Not Active
2026/07/20 00:58:39.385, 1, ${V100_GPU_1_UUID}, 00000000:02:00.0, 892, 877, 30.30, 150.00, 53, 52, 5, 8674, P0, Not Active, Not Active, Not Active
2026/07/20 00:58:39.497, 0, ${V100_GPU_0_UUID}, 00000000:01:00.0, 892, 877, 32.39, 150.00, 55, 54, 0, 8432, P0, Not Active, Not Active, Not Active
2026/07/20 00:58:39.505, 1, ${V100_GPU_1_UUID}, 00000000:02:00.0, 892, 877, 30.30, 150.00, 53, 52, 5, 8674, P0, Not Active, Not Active, Not Active
2026/07/20 00:58:39.599, 0, ${V100_GPU_0_UUID}, 00000000:01:00.0, 892, 877, 32.39, 150.00, 55, 54, 0, 8432, P0, Not Active, Not Active, Not Active
2026/07/20 00:58:39.609, 1, ${V100_GPU_1_UUID}, 00000000:02:00.0, 892, 877, 30.30, 150.00, 53, 52, 6, 8674, P0, Not Active, Not Active, Not Active
2026/07/20 00:58:39.726, 0, ${V100_GPU_0_UUID}, 00000000:01:00.0, 892, 877, 32.39, 150.00, 55, 54, 0, 8432, P0, Not Active, Not Active, Not Active
2026/07/20 00:58:39.735, 1, ${V100_GPU_1_UUID}, 00000000:02:00.0, 892, 877, 30.30, 150.00, 53, 52, 6, 8674, P0, Not Active, Not Active, Not Active
2026/07/20 00:58:39.843, 0, ${V100_GPU_0_UUID}, 00000000:01:00.0, 892, 877, 32.39, 150.00, 55, 54, 0, 8432, P0, Not Active, Not Active, Not Active
2026/07/20 00:58:39.852, 1, ${V100_GPU_1_UUID}, 00000000:02:00.0, 892, 877, 30.30, 150.00, 53, 52, 6, 8674, P0, Not Active, Not Active, Not Active
2026/07/20 00:58:39.955, 0, ${V100_GPU_0_UUID}, 00000000:01:00.0, 892, 877, 32.39, 150.00, 55, 54, 0, 8432, P0, Not Active, Not Active, Not Active
2026/07/20 00:58:39.965, 1, ${V100_GPU_1_UUID}, 00000000:02:00.0, 892, 877, 30.30, 150.00, 53, 52, 9, 8674, P0, Not Active, Not Active, Not Active
2026/07/20 00:58:40.050, 0, ${V100_GPU_0_UUID}, 00000000:01:00.0, 892, 877, 32.37, 150.00, 55, 54, 0, 8432, P0, Not Active, Not Active, Not Active
2026/07/20 00:58:40.056, 1, ${V100_GPU_1_UUID}, 00000000:02:00.0, 892, 877, 30.30, 150.00, 53, 52, 5, 8674, P0, Not Active, Not Active, Not Active
2026/07/20 00:58:40.237, 0, ${V100_GPU_0_UUID}, 00000000:01:00.0, 892, 877, 32.37, 150.00, 55, 54, 0, 8432, P0, Not Active, Not Active, Not Active
2026/07/20 00:58:40.242, 1, ${V100_GPU_1_UUID}, 00000000:02:00.0, 892, 877, 30.28, 150.00, 53, 52, 31, 8674, P0, Not Active, Not Active, Not Active
2026/07/20 00:58:40.325, 0, ${V100_GPU_0_UUID}, 00000000:01:00.0, 892, 877, 32.39, 150.00, 55, 54, 0, 8432, P0, Not Active, Not Active, Not Active
2026/07/20 00:58:40.330, 1, ${V100_GPU_1_UUID}, 00000000:02:00.0, 892, 877, 30.78, 150.00, 53, 52, 31, 8674, P0, Not Active, Not Active, Not Active
2026/07/20 00:58:40.420, 0, ${V100_GPU_0_UUID}, 00000000:01:00.0, 892, 877, 32.39, 150.00, 55, 54, 0, 8432, P0, Not Active, Not Active, Not Active
2026/07/20 00:58:40.428, 1, ${V100_GPU_1_UUID}, 00000000:02:00.0, 892, 877, 30.30, 150.00, 53, 52, 24, 8674, P0, Not Active, Not Active, Not Active
2026/07/20 00:58:40.516, 0, ${V100_GPU_0_UUID}, 00000000:01:00.0, 892, 877, 32.37, 150.00, 55, 54, 0, 8432, P0, Not Active, Not Active, Not Active
2026/07/20 00:58:40.522, 1, ${V100_GPU_1_UUID}, 00000000:02:00.0, 892, 877, 30.30, 150.00, 53, 52, 24, 8674, P0, Not Active, Not Active, Not Active
2026/07/20 00:58:40.606, 0, ${V100_GPU_0_UUID}, 00000000:01:00.0, 892, 877, 32.35, 150.00, 55, 54, 0, 8432, P0, Not Active, Not Active, Not Active
2026/07/20 00:58:40.611, 1, ${V100_GPU_1_UUID}, 00000000:02:00.0, 892, 877, 30.28, 150.00, 53, 52, 8, 8674, P0, Not Active, Not Active, Not Active
2026/07/20 00:58:40.695, 0, ${V100_GPU_0_UUID}, 00000000:01:00.0, 892, 877, 32.39, 150.00, 55, 54, 0, 8432, P0, Not Active, Not Active, Not Active
2026/07/20 00:58:40.701, 1, ${V100_GPU_1_UUID}, 00000000:02:00.0, 892, 877, 30.30, 150.00, 53, 52, 8, 8674, P0, Not Active, Not Active, Not Active
2026/07/20 00:58:40.805, 0, ${V100_GPU_0_UUID}, 00000000:01:00.0, 892, 877, 32.39, 150.00, 55, 54, 0, 8432, P0, Not Active, Not Active, Not Active
2026/07/20 00:58:40.818, 1, ${V100_GPU_1_UUID}, 00000000:02:00.0, 892, 877, 30.30, 150.00, 53, 52, 6, 8674, P0, Not Active, Not Active, Not Active
2026/07/20 00:58:40.913, 0, ${V100_GPU_0_UUID}, 00000000:01:00.0, 892, 877, 32.39, 150.00, 55, 54, 0, 8432, P0, Not Active, Not Active, Not Active
2026/07/20 00:58:40.920, 1, ${V100_GPU_1_UUID}, 00000000:02:00.0, 892, 877, 30.30, 150.00, 53, 52, 7, 8674, P0, Not Active, Not Active, Not Active
2026/07/20 00:58:41.003, 0, ${V100_GPU_0_UUID}, 00000000:01:00.0, 892, 877, 32.39, 150.00, 55, 54, 0, 8432, P0, Not Active, Not Active, Not Active
2026/07/20 00:58:41.010, 1, ${V100_GPU_1_UUID}, 00000000:02:00.0, 892, 877, 30.30, 150.00, 53, 52, 7, 8674, P0, Not Active, Not Active, Not Active
2026/07/20 00:58:41.119, 0, ${V100_GPU_0_UUID}, 00000000:01:00.0, 892, 877, 32.37, 150.00, 55, 54, 0, 8432, P0, Not Active, Not Active, Not Active
2026/07/20 00:58:41.125, 1, ${V100_GPU_1_UUID}, 00000000:02:00.0, 892, 877, 30.28, 150.00, 53, 52, 4, 8674, P0, Not Active, Not Active, Not Active
2026/07/20 00:58:41.210, 0, ${V100_GPU_0_UUID}, 00000000:01:00.0, 892, 877, 32.39, 150.00, 55, 54, 0, 8432, P0, Not Active, Not Active, Not Active
2026/07/20 00:58:41.217, 1, ${V100_GPU_1_UUID}, 00000000:02:00.0, 892, 877, 30.30, 150.00, 53, 52, 4, 8674, P0, Not Active, Not Active, Not Active
2026/07/20 00:58:41.302, 0, ${V100_GPU_0_UUID}, 00000000:01:00.0, 892, 877, 32.35, 150.00, 55, 54, 0, 8432, P0, Not Active, Not Active, Not Active
2026/07/20 00:58:41.308, 1, ${V100_GPU_1_UUID}, 00000000:02:00.0, 892, 877, 30.28, 150.00, 53, 52, 4, 8674, P0, Not Active, Not Active, Not Active
2026/07/20 00:58:41.395, 0, ${V100_GPU_0_UUID}, 00000000:01:00.0, 892, 877, 32.37, 150.00, 55, 54, 0, 8432, P0, Not Active, Not Active, Not Active
2026/07/20 00:58:41.401, 1, ${V100_GPU_1_UUID}, 00000000:02:00.0, 892, 877, 30.30, 150.00, 53, 52, 4, 8674, P0, Not Active, Not Active, Not Active
2026/07/20 00:58:41.500, 0, ${V100_GPU_0_UUID}, 00000000:01:00.0, 892, 877, 32.39, 150.00, 55, 54, 0, 8432, P0, Not Active, Not Active, Not Active
2026/07/20 00:58:41.506, 1, ${V100_GPU_1_UUID}, 00000000:02:00.0, 892, 877, 30.30, 150.00, 53, 52, 4, 8674, P0, Not Active, Not Active, Not Active
2026/07/20 00:58:41.591, 0, ${V100_GPU_0_UUID}, 00000000:01:00.0, 892, 877, 32.39, 150.00, 55, 54, 0, 8432, P0, Not Active, Not Active, Not Active
2026/07/20 00:58:41.596, 1, ${V100_GPU_1_UUID}, 00000000:02:00.0, 892, 877, 30.30, 150.00, 53, 52, 3, 8674, P0, Not Active, Not Active, Not Active
2026/07/20 00:58:41.706, 0, ${V100_GPU_0_UUID}, 00000000:01:00.0, 892, 877, 32.39, 150.00, 55, 54, 0, 8432, P0, Not Active, Not Active, Not Active
2026/07/20 00:58:41.714, 1, ${V100_GPU_1_UUID}, 00000000:02:00.0, 892, 877, 30.30, 150.00, 53, 52, 3, 8674, P0, Not Active, Not Active, Not Active
2026/07/20 00:58:41.828, 0, ${V100_GPU_0_UUID}, 00000000:01:00.0, 892, 877, 32.39, 150.00, 55, 54, 0, 8432, P0, Not Active, Not Active, Not Active
2026/07/20 00:58:41.834, 1, ${V100_GPU_1_UUID}, 00000000:02:00.0, 892, 877, 30.30, 150.00, 53, 52, 3, 8674, P0, Not Active, Not Active, Not Active
2026/07/20 00:58:41.918, 0, ${V100_GPU_0_UUID}, 00000000:01:00.0, 892, 877, 32.39, 150.00, 55, 54, 0, 8432, P0, Not Active, Not Active, Not Active
2026/07/20 00:58:41.924, 1, ${V100_GPU_1_UUID}, 00000000:02:00.0, 892, 877, 30.30, 150.00, 53, 52, 4, 8674, P0, Not Active, Not Active, Not Active
2026/07/20 00:58:42.008, 0, ${V100_GPU_0_UUID}, 00000000:01:00.0, 892, 877, 32.37, 150.00, 55, 54, 0, 8432, P0, Not Active, Not Active, Not Active
2026/07/20 00:58:42.015, 1, ${V100_GPU_1_UUID}, 00000000:02:00.0, 892, 877, 30.28, 150.00, 53, 52, 4, 8674, P0, Not Active, Not Active, Not Active
2026/07/20 00:58:42.133, 0, ${V100_GPU_0_UUID}, 00000000:01:00.0, 892, 877, 32.37, 150.00, 55, 54, 0, 8432, P0, Not Active, Not Active, Not Active
2026/07/20 00:58:42.140, 1, ${V100_GPU_1_UUID}, 00000000:02:00.0, 892, 877, 30.28, 150.00, 53, 52, 2, 8674, P0, Not Active, Not Active, Not Active
2026/07/20 00:58:42.223, 0, ${V100_GPU_0_UUID}, 00000000:01:00.0, 892, 877, 32.37, 150.00, 55, 54, 0, 8432, P0, Not Active, Not Active, Not Active
2026/07/20 00:58:42.229, 1, ${V100_GPU_1_UUID}, 00000000:02:00.0, 892, 877, 30.30, 150.00, 53, 52, 2, 8674, P0, Not Active, Not Active, Not Active
2026/07/20 00:58:42.316, 0, ${V100_GPU_0_UUID}, 00000000:01:00.0, 892, 877, 32.37, 150.00, 55, 54, 0, 8432, P0, Not Active, Not Active, Not Active
2026/07/20 00:58:42.322, 1, ${V100_GPU_1_UUID}, 00000000:02:00.0, 892, 877, 30.30, 150.00, 53, 52, 2, 8674, P0, Not Active, Not Active, Not Active
2026/07/20 00:58:42.406, 0, ${V100_GPU_0_UUID}, 00000000:01:00.0, 892, 877, 32.35, 150.00, 55, 54, 0, 8432, P0, Not Active, Not Active, Not Active
2026/07/20 00:58:42.414, 1, ${V100_GPU_1_UUID}, 00000000:02:00.0, 892, 877, 30.26, 150.00, 53, 52, 4, 8674, P0, Not Active, Not Active, Not Active
2026/07/20 00:58:42.499, 0, ${V100_GPU_0_UUID}, 00000000:01:00.0, 892, 877, 32.37, 150.00, 55, 54, 0, 8432, P0, Not Active, Not Active, Not Active
2026/07/20 00:58:42.506, 1, ${V100_GPU_1_UUID}, 00000000:02:00.0, 892, 877, 30.28, 150.00, 53, 52, 4, 8674, P0, Not Active, Not Active, Not Active
2026/07/20 00:58:42.604, 0, ${V100_GPU_0_UUID}, 00000000:01:00.0, 892, 877, 32.39, 150.00, 55, 54, 0, 8432, P0, Not Active, Not Active, Not Active
2026/07/20 00:58:42.610, 1, ${V100_GPU_1_UUID}, 00000000:02:00.0, 892, 877, 30.30, 150.00, 53, 52, 2, 8674, P0, Not Active, Not Active, Not Active
2026/07/20 00:58:42.695, 0, ${V100_GPU_0_UUID}, 00000000:01:00.0, 892, 877, 32.37, 150.00, 55, 54, 0, 8432, P0, Not Active, Not Active, Not Active
2026/07/20 00:58:42.700, 1, ${V100_GPU_1_UUID}, 00000000:02:00.0, 892, 877, 30.30, 150.00, 53, 52, 2, 8674, P0, Not Active, Not Active, Not Active
2026/07/20 00:58:42.790, 0, ${V100_GPU_0_UUID}, 00000000:01:00.0, 892, 877, 32.37, 150.00, 55, 54, 0, 8432, P0, Not Active, Not Active, Not Active
2026/07/20 00:58:42.798, 1, ${V100_GPU_1_UUID}, 00000000:02:00.0, 892, 877, 30.28, 150.00, 53, 52, 4, 8674, P0, Not Active, Not Active, Not Active
2026/07/20 00:58:43.213, 0, ${V100_GPU_0_UUID}, 00000000:01:00.0, 892, 877, 32.39, 150.00, 55, 54, 0, 8432, P0, Not Active, Not Active, Not Active
2026/07/20 00:58:43.222, 1, ${V100_GPU_1_UUID}, 00000000:02:00.0, 892, 877, 29.82, 150.00, 53, 52, 0, 8674, P0, Not Active, Not Active, Not Active
2026/07/20 00:58:43.332, 0, ${V100_GPU_0_UUID}, 00000000:01:00.0, 892, 877, 32.37, 150.00, 55, 54, 0, 8432, P0, Not Active, Not Active, Not Active
2026/07/20 00:58:43.338, 1, ${V100_GPU_1_UUID}, 00000000:02:00.0, 892, 877, 30.30, 150.00, 53, 52, 0, 8674, P0, Not Active, Not Active, Not Active
2026/07/20 00:58:43.451, 0, ${V100_GPU_0_UUID}, 00000000:01:00.0, 892, 877, 32.37, 150.00, 55, 54, 0, 8432, P0, Not Active, Not Active, Not Active
2026/07/20 00:58:43.458, 1, ${V100_GPU_1_UUID}, 00000000:02:00.0, 892, 877, 30.28, 150.00, 53, 52, 2, 8674, P0, Not Active, Not Active, Not Active
2026/07/20 00:58:43.593, 0, ${V100_GPU_0_UUID}, 00000000:01:00.0, 892, 877, 32.39, 150.00, 55, 54, 0, 8432, P0, Not Active, Not Active, Not Active
2026/07/20 00:58:43.599, 1, ${V100_GPU_1_UUID}, 00000000:02:00.0, 892, 877, 30.30, 150.00, 53, 52, 4, 8674, P0, Not Active, Not Active, Not Active
2026/07/20 00:58:43.692, 0, ${V100_GPU_0_UUID}, 00000000:01:00.0, 892, 877, 32.39, 150.00, 55, 54, 0, 8432, P0, Not Active, Not Active, Not Active
2026/07/20 00:58:43.702, 1, ${V100_GPU_1_UUID}, 00000000:02:00.0, 892, 877, 30.30, 150.00, 53, 52, 4, 8674, P0, Not Active, Not Active, Not Active
2026/07/20 00:58:43.819, 0, ${V100_GPU_0_UUID}, 00000000:01:00.0, 892, 877, 32.37, 150.00, 55, 54, 0, 8432, P0, Not Active, Not Active, Not Active
2026/07/20 00:58:43.825, 1, ${V100_GPU_1_UUID}, 00000000:02:00.0, 892, 877, 30.30, 150.00, 53, 52, 4, 8674, P0, Not Active, Not Active, Not Active
2026/07/20 00:58:43.913, 0, ${V100_GPU_0_UUID}, 00000000:01:00.0, 892, 877, 32.39, 150.00, 55, 54, 0, 8432, P0, Not Active, Not Active, Not Active
2026/07/20 00:58:43.920, 1, ${V100_GPU_1_UUID}, 00000000:02:00.0, 892, 877, 30.30, 150.00, 53, 52, 4, 8674, P0, Not Active, Not Active, Not Active
2026/07/20 00:58:44.036, 0, ${V100_GPU_0_UUID}, 00000000:01:00.0, 892, 877, 32.39, 150.00, 55, 54, 0, 8432, P0, Not Active, Not Active, Not Active
2026/07/20 00:58:44.043, 1, ${V100_GPU_1_UUID}, 00000000:02:00.0, 892, 877, 30.30, 150.00, 53, 52, 4, 8674, P0, Not Active, Not Active, Not Active
2026/07/20 00:58:44.126, 0, ${V100_GPU_0_UUID}, 00000000:01:00.0, 892, 877, 32.37, 150.00, 55, 54, 0, 8432, P0, Not Active, Not Active, Not Active
2026/07/20 00:58:44.132, 1, ${V100_GPU_1_UUID}, 00000000:02:00.0, 892, 877, 30.30, 150.00, 53, 52, 4, 8674, P0, Not Active, Not Active, Not Active
2026/07/20 00:58:44.228, 0, ${V100_GPU_0_UUID}, 00000000:01:00.0, 892, 877, 32.39, 150.00, 55, 54, 0, 8432, P0, Not Active, Not Active, Not Active
2026/07/20 00:58:44.240, 1, ${V100_GPU_1_UUID}, 00000000:02:00.0, 892, 877, 30.32, 150.00, 53, 52, 5, 8674, P0, Not Active, Not Active, Not Active
2026/07/20 00:58:44.333, 0, ${V100_GPU_0_UUID}, 00000000:01:00.0, 892, 877, 32.37, 150.00, 55, 54, 0, 8432, P0, Not Active, Not Active, Not Active
2026/07/20 00:58:44.340, 1, ${V100_GPU_1_UUID}, 00000000:02:00.0, 892, 877, 30.28, 150.00, 53, 52, 5, 8674, P0, Not Active, Not Active, Not Active
2026/07/20 00:58:44.426, 0, ${V100_GPU_0_UUID}, 00000000:01:00.0, 892, 877, 32.37, 150.00, 55, 54, 0, 8432, P0, Not Active, Not Active, Not Active
2026/07/20 00:58:44.431, 1, ${V100_GPU_1_UUID}, 00000000:02:00.0, 892, 877, 30.30, 150.00, 53, 52, 4, 8674, P0, Not Active, Not Active, Not Active
2026/07/20 00:58:44.515, 0, ${V100_GPU_0_UUID}, 00000000:01:00.0, 892, 877, 32.37, 150.00, 55, 54, 0, 8432, P0, Not Active, Not Active, Not Active
2026/07/20 00:58:44.521, 1, ${V100_GPU_1_UUID}, 00000000:02:00.0, 892, 877, 30.30, 150.00, 53, 52, 4, 8674, P0, Not Active, Not Active, Not Active
2026/07/20 00:58:44.622, 0, ${V100_GPU_0_UUID}, 00000000:01:00.0, 892, 877, 32.39, 150.00, 55, 54, 0, 8432, P0, Not Active, Not Active, Not Active
2026/07/20 00:58:44.631, 1, ${V100_GPU_1_UUID}, 00000000:02:00.0, 892, 877, 30.30, 150.00, 53, 52, 8, 8674, P0, Not Active, Not Active, Not Active
2026/07/20 00:58:44.737, 0, ${V100_GPU_0_UUID}, 00000000:01:00.0, 892, 877, 32.39, 150.00, 55, 54, 0, 8432, P0, Not Active, Not Active, Not Active
2026/07/20 00:58:44.746, 1, ${V100_GPU_1_UUID}, 00000000:02:00.0, 892, 877, 30.30, 150.00, 53, 52, 7, 8674, P0, Not Active, Not Active, Not Active
2026/07/20 00:58:44.849, 0, ${V100_GPU_0_UUID}, 00000000:01:00.0, 892, 877, 32.39, 150.00, 55, 54, 0, 8432, P0, Not Active, Not Active, Not Active
2026/07/20 00:58:44.860, 1, ${V100_GPU_1_UUID}, 00000000:02:00.0, 892, 877, 30.30, 150.00, 53, 52, 7, 8674, P0, Not Active, Not Active, Not Active
2026/07/20 00:58:44.972, 0, ${V100_GPU_0_UUID}, 00000000:01:00.0, 892, 877, 32.39, 150.00, 55, 54, 0, 8432, P0, Not Active, Not Active, Not Active
2026/07/20 00:58:44.980, 1, ${V100_GPU_1_UUID}, 00000000:02:00.0, 892, 877, 30.30, 150.00, 53, 52, 6, 8674, P0, Not Active, Not Active, Not Active
2026/07/20 00:58:45.090, 0, ${V100_GPU_0_UUID}, 00000000:01:00.0, 892, 877, 32.39, 150.00, 55, 54, 0, 8432, P0, Not Active, Not Active, Not Active
2026/07/20 00:58:45.106, 1, ${V100_GPU_1_UUID}, 00000000:02:00.0, 892, 877, 30.80, 150.00, 53, 52, 8, 8674, P0, Not Active, Not Active, Not Active
2026/07/20 00:58:45.205, 0, ${V100_GPU_0_UUID}, 00000000:01:00.0, 892, 877, 32.39, 150.00, 55, 54, 0, 8432, P0, Not Active, Not Active, Not Active
2026/07/20 00:58:45.215, 1, ${V100_GPU_1_UUID}, 00000000:02:00.0, 892, 877, 30.30, 150.00, 53, 52, 8, 8674, P0, Not Active, Not Active, Not Active
2026/07/20 00:58:45.327, 0, ${V100_GPU_0_UUID}, 00000000:01:00.0, 892, 877, 32.39, 150.00, 55, 54, 0, 8432, P0, Not Active, Not Active, Not Active
2026/07/20 00:58:45.333, 1, ${V100_GPU_1_UUID}, 00000000:02:00.0, 892, 877, 30.30, 150.00, 53, 52, 14, 8674, P0, Not Active, Not Active, Not Active
2026/07/20 00:58:45.417, 0, ${V100_GPU_0_UUID}, 00000000:01:00.0, 892, 877, 32.39, 150.00, 55, 54, 0, 8432, P0, Not Active, Not Active, Not Active
2026/07/20 00:58:45.423, 1, ${V100_GPU_1_UUID}, 00000000:02:00.0, 892, 877, 30.78, 150.00, 53, 52, 23, 8674, P0, Not Active, Not Active, Not Active
2026/07/20 00:58:45.532, 0, ${V100_GPU_0_UUID}, 00000000:01:00.0, 892, 877, 32.39, 150.00, 55, 54, 0, 8432, P0, Not Active, Not Active, Not Active
2026/07/20 00:58:45.541, 1, ${V100_GPU_1_UUID}, 00000000:02:00.0, 892, 877, 30.30, 150.00, 53, 52, 23, 8674, P0, Not Active, Not Active, Not Active
2026/07/20 00:58:45.641, 0, ${V100_GPU_0_UUID}, 00000000:01:00.0, 892, 877, 32.39, 150.00, 55, 54, 0, 8432, P0, Not Active, Not Active, Not Active
2026/07/20 00:58:45.653, 1, ${V100_GPU_1_UUID}, 00000000:02:00.0, 892, 877, 30.30, 150.00, 53, 52, 10, 8674, P0, Not Active, Not Active, Not Active
2026/07/20 00:58:45.774, 0, ${V100_GPU_0_UUID}, 00000000:01:00.0, 892, 877, 32.39, 150.00, 55, 54, 0, 8432, P0, Not Active, Not Active, Not Active
2026/07/20 00:58:45.780, 1, ${V100_GPU_1_UUID}, 00000000:02:00.0, 892, 877, 30.30, 150.00, 53, 52, 4, 8674, P0, Not Active, Not Active, Not Active
2026/07/20 00:58:45.877, 0, ${V100_GPU_0_UUID}, 00000000:01:00.0, 892, 877, 32.37, 150.00, 55, 54, 0, 8432, P0, Not Active, Not Active, Not Active
2026/07/20 00:58:45.884, 1, ${V100_GPU_1_UUID}, 00000000:02:00.0, 892, 877, 30.28, 150.00, 53, 52, 4, 8674, P0, Not Active, Not Active, Not Active
2026/07/20 00:58:45.989, 0, ${V100_GPU_0_UUID}, 00000000:01:00.0, 892, 877, 32.37, 150.00, 55, 54, 0, 8432, P0, Not Active, Not Active, Not Active
2026/07/20 00:58:45.995, 1, ${V100_GPU_1_UUID}, 00000000:02:00.0, 892, 877, 30.30, 150.00, 53, 52, 4, 8674, P0, Not Active, Not Active, Not Active
2026/07/20 00:58:46.083, 0, ${V100_GPU_0_UUID}, 00000000:01:00.0, 892, 877, 32.39, 150.00, 55, 54, 0, 8432, P0, Not Active, Not Active, Not Active
2026/07/20 00:58:46.088, 1, ${V100_GPU_1_UUID}, 00000000:02:00.0, 892, 877, 30.30, 150.00, 53, 52, 4, 8674, P0, Not Active, Not Active, Not Active
2026/07/20 00:58:46.197, 0, ${V100_GPU_0_UUID}, 00000000:01:00.0, 892, 877, 32.39, 150.00, 55, 54, 0, 8432, P0, Not Active, Not Active, Not Active
2026/07/20 00:58:46.208, 1, ${V100_GPU_1_UUID}, 00000000:02:00.0, 892, 877, 30.30, 150.00, 53, 52, 4, 8674, P0, Not Active, Not Active, Not Active
2026/07/20 00:58:46.317, 0, ${V100_GPU_0_UUID}, 00000000:01:00.0, 892, 877, 32.39, 150.00, 55, 54, 0, 8432, P0, Not Active, Not Active, Not Active
2026/07/20 00:58:46.328, 1, ${V100_GPU_1_UUID}, 00000000:02:00.0, 892, 877, 30.30, 150.00, 53, 52, 5, 8674, P0, Not Active, Not Active, Not Active
2026/07/20 00:58:46.419, 0, ${V100_GPU_0_UUID}, 00000000:01:00.0, 892, 877, 32.39, 150.00, 55, 54, 0, 8432, P0, Not Active, Not Active, Not Active
2026/07/20 00:58:46.428, 1, ${V100_GPU_1_UUID}, 00000000:02:00.0, 892, 877, 30.30, 150.00, 53, 52, 5, 8674, P0, Not Active, Not Active, Not Active
2026/07/20 00:58:46.543, 0, ${V100_GPU_0_UUID}, 00000000:01:00.0, 892, 877, 32.39, 150.00, 55, 54, 0, 8432, P0, Not Active, Not Active, Not Active
2026/07/20 00:58:46.551, 1, ${V100_GPU_1_UUID}, 00000000:02:00.0, 892, 877, 30.30, 150.00, 53, 52, 5, 8674, P0, Not Active, Not Active, Not Active
2026/07/20 00:58:46.658, 0, ${V100_GPU_0_UUID}, 00000000:01:00.0, 892, 877, 32.39, 150.00, 55, 54, 0, 8432, P0, Not Active, Not Active, Not Active
2026/07/20 00:58:46.665, 1, ${V100_GPU_1_UUID}, 00000000:02:00.0, 892, 877, 30.30, 150.00, 53, 52, 5, 8674, P0, Not Active, Not Active, Not Active
2026/07/20 00:58:46.761, 0, ${V100_GPU_0_UUID}, 00000000:01:00.0, 892, 877, 32.39, 150.00, 55, 54, 0, 8432, P0, Not Active, Not Active, Not Active
2026/07/20 00:58:46.772, 1, ${V100_GPU_1_UUID}, 00000000:02:00.0, 892, 877, 30.32, 150.00, 53, 52, 5, 8674, P0, Not Active, Not Active, Not Active
2026/07/20 00:58:46.862, 0, ${V100_GPU_0_UUID}, 00000000:01:00.0, 892, 877, 32.37, 150.00, 55, 54, 0, 8432, P0, Not Active, Not Active, Not Active
2026/07/20 00:58:46.867, 1, ${V100_GPU_1_UUID}, 00000000:02:00.0, 892, 877, 30.30, 150.00, 53, 52, 5, 8674, P0, Not Active, Not Active, Not Active
2026/07/20 00:58:46.950, 0, ${V100_GPU_0_UUID}, 00000000:01:00.0, 892, 877, 32.39, 150.00, 55, 54, 0, 8432, P0, Not Active, Not Active, Not Active
2026/07/20 00:58:46.956, 1, ${V100_GPU_1_UUID}, 00000000:02:00.0, 892, 877, 30.30, 150.00, 53, 52, 5, 8674, P0, Not Active, Not Active, Not Active
2026/07/20 00:58:47.039, 0, ${V100_GPU_0_UUID}, 00000000:01:00.0, 892, 877, 32.39, 150.00, 55, 54, 0, 8432, P0, Not Active, Not Active, Not Active
2026/07/20 00:58:47.045, 1, ${V100_GPU_1_UUID}, 00000000:02:00.0, 892, 877, 30.30, 150.00, 53, 52, 5, 8674, P0, Not Active, Not Active, Not Active
2026/07/20 00:58:47.137, 0, ${V100_GPU_0_UUID}, 00000000:01:00.0, 892, 877, 32.37, 150.00, 55, 54, 0, 8432, P0, Not Active, Not Active, Not Active
2026/07/20 00:58:47.143, 1, ${V100_GPU_1_UUID}, 00000000:02:00.0, 892, 877, 30.28, 150.00, 53, 52, 5, 8674, P0, Not Active, Not Active, Not Active
2026/07/20 00:58:47.238, 0, ${V100_GPU_0_UUID}, 00000000:01:00.0, 892, 877, 32.39, 150.00, 55, 54, 0, 8432, P0, Not Active, Not Active, Not Active
2026/07/20 00:58:47.245, 1, ${V100_GPU_1_UUID}, 00000000:02:00.0, 892, 877, 30.30, 150.00, 53, 52, 5, 8674, P0, Not Active, Not Active, Not Active
2026/07/20 00:58:47.359, 0, ${V100_GPU_0_UUID}, 00000000:01:00.0, 892, 877, 32.39, 150.00, 55, 54, 0, 8432, P0, Not Active, Not Active, Not Active
2026/07/20 00:58:47.366, 1, ${V100_GPU_1_UUID}, 00000000:02:00.0, 892, 877, 30.30, 150.00, 53, 52, 5, 8674, P0, Not Active, Not Active, Not Active
2026/07/20 00:58:47.475, 0, ${V100_GPU_0_UUID}, 00000000:01:00.0, 892, 877, 32.37, 150.00, 55, 54, 0, 8432, P0, Not Active, Not Active, Not Active
2026/07/20 00:58:47.481, 1, ${V100_GPU_1_UUID}, 00000000:02:00.0, 892, 877, 30.28, 150.00, 53, 52, 5, 8674, P0, Not Active, Not Active, Not Active
2026/07/20 00:58:47.609, 0, ${V100_GPU_0_UUID}, 00000000:01:00.0, 892, 877, 32.39, 150.00, 55, 54, 0, 8432, P0, Not Active, Not Active, Not Active
2026/07/20 00:58:47.616, 1, ${V100_GPU_1_UUID}, 00000000:02:00.0, 892, 877, 30.30, 150.00, 53, 52, 5, 8674, P0, Not Active, Not Active, Not Active
2026/07/20 00:58:47.703, 0, ${V100_GPU_0_UUID}, 00000000:01:00.0, 892, 877, 32.39, 150.00, 55, 54, 0, 8432, P0, Not Active, Not Active, Not Active
2026/07/20 00:58:47.710, 1, ${V100_GPU_1_UUID}, 00000000:02:00.0, 892, 877, 30.30, 150.00, 53, 52, 5, 8674, P0, Not Active, Not Active, Not Active
2026/07/20 00:58:47.816, 0, ${V100_GPU_0_UUID}, 00000000:01:00.0, 892, 877, 32.39, 150.00, 55, 54, 0, 8432, P0, Not Active, Not Active, Not Active
2026/07/20 00:58:47.827, 1, ${V100_GPU_1_UUID}, 00000000:02:00.0, 892, 877, 30.30, 150.00, 53, 52, 10, 8674, P0, Not Active, Not Active, Not Active
2026/07/20 00:58:47.923, 0, ${V100_GPU_0_UUID}, 00000000:01:00.0, 892, 877, 32.39, 150.00, 55, 54, 0, 8432, P0, Not Active, Not Active, Not Active
2026/07/20 00:58:47.933, 1, ${V100_GPU_1_UUID}, 00000000:02:00.0, 892, 877, 30.32, 150.00, 53, 52, 8, 8674, P0, Not Active, Not Active, Not Active
2026/07/20 00:58:48.050, 0, ${V100_GPU_0_UUID}, 00000000:01:00.0, 892, 877, 32.37, 150.00, 55, 54, 0, 8432, P0, Not Active, Not Active, Not Active
2026/07/20 00:58:48.056, 1, ${V100_GPU_1_UUID}, 00000000:02:00.0, 892, 877, 30.28, 150.00, 53, 52, 8, 8674, P0, Not Active, Not Active, Not Active
2026/07/20 00:58:48.143, 0, ${V100_GPU_0_UUID}, 00000000:01:00.0, 892, 877, 32.39, 150.00, 55, 54, 0, 8432, P0, Not Active, Not Active, Not Active
2026/07/20 00:58:48.152, 1, ${V100_GPU_1_UUID}, 00000000:02:00.0, 892, 877, 30.30, 150.00, 53, 52, 9, 8674, P0, Not Active, Not Active, Not Active
2026/07/20 00:58:48.261, 0, ${V100_GPU_0_UUID}, 00000000:01:00.0, 892, 877, 32.39, 150.00, 55, 54, 0, 8432, P0, Not Active, Not Active, Not Active
2026/07/20 00:58:48.271, 1, ${V100_GPU_1_UUID}, 00000000:02:00.0, 892, 877, 30.32, 150.00, 53, 52, 14, 8674, P0, Not Active, Not Active, Not Active
2026/07/20 00:58:48.395, 0, ${V100_GPU_0_UUID}, 00000000:01:00.0, 892, 877, 32.39, 150.00, 55, 54, 0, 8432, P0, Not Active, Not Active, Not Active
2026/07/20 00:58:48.402, 1, ${V100_GPU_1_UUID}, 00000000:02:00.0, 892, 877, 30.30, 150.00, 53, 52, 14, 8674, P0, Not Active, Not Active, Not Active
2026/07/20 00:58:48.490, 0, ${V100_GPU_0_UUID}, 00000000:01:00.0, 892, 877, 32.37, 150.00, 55, 54, 0, 8432, P0, Not Active, Not Active, Not Active
2026/07/20 00:58:48.496, 1, ${V100_GPU_1_UUID}, 00000000:02:00.0, 892, 877, 30.28, 150.00, 53, 52, 11, 8674, P0, Not Active, Not Active, Not Active
2026/07/20 00:58:48.582, 0, ${V100_GPU_0_UUID}, 00000000:01:00.0, 892, 877, 32.39, 150.00, 55, 54, 0, 8432, P0, Not Active, Not Active, Not Active
2026/07/20 00:58:48.587, 1, ${V100_GPU_1_UUID}, 00000000:02:00.0, 892, 877, 30.30, 150.00, 53, 52, 14, 8674, P0, Not Active, Not Active, Not Active
2026/07/20 00:58:48.674, 0, ${V100_GPU_0_UUID}, 00000000:01:00.0, 892, 877, 32.37, 150.00, 55, 54, 0, 8432, P0, Not Active, Not Active, Not Active
2026/07/20 00:58:48.679, 1, ${V100_GPU_1_UUID}, 00000000:02:00.0, 892, 877, 30.30, 150.00, 53, 52, 14, 8674, P0, Not Active, Not Active, Not Active
2026/07/20 00:58:48.766, 0, ${V100_GPU_0_UUID}, 00000000:01:00.0, 892, 877, 32.41, 150.00, 55, 54, 0, 8432, P0, Not Active, Not Active, Not Active
2026/07/20 00:58:48.773, 1, ${V100_GPU_1_UUID}, 00000000:02:00.0, 892, 877, 31.28, 150.00, 53, 52, 20, 8674, P0, Not Active, Not Active, Not Active
2026/07/20 00:58:48.857, 0, ${V100_GPU_0_UUID}, 00000000:01:00.0, 892, 877, 32.41, 150.00, 55, 54, 0, 8432, P0, Not Active, Not Active, Not Active
2026/07/20 00:58:48.862, 1, ${V100_GPU_1_UUID}, 00000000:02:00.0, 892, 877, 31.28, 150.00, 53, 52, 20, 8674, P0, Not Active, Not Active, Not Active
2026/07/20 00:58:48.946, 0, ${V100_GPU_0_UUID}, 00000000:01:00.0, 892, 877, 32.41, 150.00, 55, 54, 0, 8432, P0, Not Active, Not Active, Not Active
2026/07/20 00:58:48.953, 1, ${V100_GPU_1_UUID}, 00000000:02:00.0, 892, 877, 31.28, 150.00, 53, 52, 97, 8674, P0, Not Active, Not Active, Not Active
2026/07/20 00:58:49.036, 0, ${V100_GPU_0_UUID}, 00000000:01:00.0, 892, 877, 32.41, 150.00, 55, 54, 0, 8432, P0, Not Active, Not Active, Not Active
2026/07/20 00:58:49.042, 1, ${V100_GPU_1_UUID}, 00000000:02:00.0, 892, 877, 31.28, 150.00, 53, 52, 97, 8674, P0, Not Active, Not Active, Not Active
2026/07/20 00:58:49.125, 0, ${V100_GPU_0_UUID}, 00000000:01:00.0, 892, 877, 32.41, 150.00, 55, 54, 0, 8432, P0, Not Active, Not Active, Not Active
2026/07/20 00:58:49.130, 1, ${V100_GPU_1_UUID}, 00000000:02:00.0, 892, 877, 31.28, 150.00, 53, 52, 98, 8674, P0, Not Active, Not Active, Not Active
2026/07/20 00:58:49.213, 0, ${V100_GPU_0_UUID}, 00000000:01:00.0, 892, 877, 32.39, 150.00, 55, 54, 0, 8432, P0, Not Active, Not Active, Not Active
2026/07/20 00:58:49.219, 1, ${V100_GPU_1_UUID}, 00000000:02:00.0, 892, 877, 30.30, 150.00, 53, 52, 98, 8674, P0, Not Active, Not Active, Not Active
2026/07/20 00:58:49.302, 0, ${V100_GPU_0_UUID}, 00000000:01:00.0, 892, 877, 32.37, 150.00, 55, 54, 0, 8432, P0, Not Active, Not Active, Not Active
2026/07/20 00:58:49.308, 1, ${V100_GPU_1_UUID}, 00000000:02:00.0, 892, 877, 30.30, 150.00, 53, 52, 68, 8674, P0, Not Active, Not Active, Not Active
2026/07/20 00:58:49.392, 0, ${V100_GPU_0_UUID}, 00000000:01:00.0, 892, 877, 32.37, 150.00, 55, 54, 0, 8432, P0, Not Active, Not Active, Not Active
2026/07/20 00:58:49.399, 1, ${V100_GPU_1_UUID}, 00000000:02:00.0, 892, 877, 30.30, 150.00, 53, 52, 68, 8674, P0, Not Active, Not Active, Not Active
2026/07/20 00:58:49.483, 0, ${V100_GPU_0_UUID}, 00000000:01:00.0, 892, 877, 32.37, 150.00, 55, 54, 0, 8432, P0, Not Active, Not Active, Not Active
2026/07/20 00:58:49.489, 1, ${V100_GPU_1_UUID}, 00000000:02:00.0, 892, 877, 30.28, 150.00, 53, 52, 0, 8674, P0, Not Active, Not Active, Not Active
2026/07/20 00:58:49.571, 0, ${V100_GPU_0_UUID}, 00000000:01:00.0, 892, 877, 32.37, 150.00, 55, 54, 0, 8432, P0, Not Active, Not Active, Not Active
2026/07/20 00:58:49.577, 1, ${V100_GPU_1_UUID}, 00000000:02:00.0, 892, 877, 30.28, 150.00, 53, 52, 0, 8674, P0, Not Active, Not Active, Not Active
2026/07/20 00:58:49.687, 0, ${V100_GPU_0_UUID}, 00000000:01:00.0, 892, 877, 32.37, 150.00, 55, 54, 0, 8432, P0, Not Active, Not Active, Not Active
2026/07/20 00:58:49.696, 1, ${V100_GPU_1_UUID}, 00000000:02:00.0, 892, 877, 30.30, 150.00, 53, 52, 0, 8674, P0, Not Active, Not Active, Not Active
2026/07/20 00:58:49.780, 0, ${V100_GPU_0_UUID}, 00000000:01:00.0, 892, 877, 32.37, 150.00, 55, 54, 0, 8432, P0, Not Active, Not Active, Not Active
2026/07/20 00:58:49.786, 1, ${V100_GPU_1_UUID}, 00000000:02:00.0, 892, 877, 30.28, 150.00, 53, 52, 0, 8674, P0, Not Active, Not Active, Not Active
2026/07/20 00:58:49.868, 0, ${V100_GPU_0_UUID}, 00000000:01:00.0, 892, 877, 32.37, 150.00, 55, 54, 0, 8432, P0, Not Active, Not Active, Not Active
2026/07/20 00:58:49.876, 1, ${V100_GPU_1_UUID}, 00000000:02:00.0, 892, 877, 30.28, 150.00, 53, 52, 0, 8674, P0, Not Active, Not Active, Not Active
2026/07/20 00:58:49.959, 0, ${V100_GPU_0_UUID}, 00000000:01:00.0, 892, 877, 32.85, 150.00, 55, 54, 0, 10336, P0, Not Active, Not Active, Not Active
2026/07/20 00:58:49.966, 1, ${V100_GPU_1_UUID}, 00000000:02:00.0, 892, 877, 30.28, 150.00, 53, 52, 0, 10530, P0, Not Active, Not Active, Not Active
2026/07/20 00:58:50.052, 0, ${V100_GPU_0_UUID}, 00000000:01:00.0, 892, 877, 32.37, 150.00, 55, 54, 2, 10676, P0, Not Active, Not Active, Not Active
2026/07/20 00:58:50.058, 1, ${V100_GPU_1_UUID}, 00000000:02:00.0, 892, 877, 30.28, 150.00, 53, 52, 0, 11282, P0, Not Active, Not Active, Not Active
2026/07/20 00:58:50.142, 0, ${V100_GPU_0_UUID}, 00000000:01:00.0, 892, 877, 32.37, 150.00, 55, 54, 2, 10676, P0, Not Active, Not Active, Not Active
2026/07/20 00:58:50.147, 1, ${V100_GPU_1_UUID}, 00000000:02:00.0, 892, 877, 30.28, 150.00, 53, 52, 2, 11282, P0, Not Active, Not Active, Not Active
2026/07/20 00:58:50.260, 0, ${V100_GPU_0_UUID}, 00000000:01:00.0, 892, 877, 32.39, 150.00, 55, 54, 0, 10676, P0, Not Active, Not Active, Not Active
2026/07/20 00:58:50.267, 1, ${V100_GPU_1_UUID}, 00000000:02:00.0, 892, 877, 30.30, 150.00, 53, 52, 0, 11282, P0, Not Active, Not Active, Not Active
2026/07/20 00:58:50.366, 0, ${V100_GPU_0_UUID}, 00000000:01:00.0, 892, 877, 32.39, 150.00, 55, 54, 0, 10676, P0, Not Active, Not Active, Not Active
2026/07/20 00:58:50.378, 1, ${V100_GPU_1_UUID}, 00000000:02:00.0, 892, 877, 30.30, 150.00, 53, 52, 0, 11282, P0, Not Active, Not Active, Not Active
2026/07/20 00:58:50.490, 0, ${V100_GPU_0_UUID}, 00000000:01:00.0, 892, 877, 32.37, 150.00, 55, 54, 0, 10678, P0, Not Active, Not Active, Not Active
2026/07/20 00:58:50.501, 1, ${V100_GPU_1_UUID}, 00000000:02:00.0, 892, 877, 30.30, 150.00, 53, 52, 0, 11282, P0, Not Active, Not Active, Not Active
2026/07/20 00:58:50.600, 0, ${V100_GPU_0_UUID}, 00000000:01:00.0, 892, 877, 32.37, 150.00, 55, 54, 1, 10678, P0, Not Active, Not Active, Not Active
2026/07/20 00:58:50.606, 1, ${V100_GPU_1_UUID}, 00000000:02:00.0, 892, 877, 30.28, 150.00, 53, 52, 0, 11282, P0, Not Active, Not Active, Not Active
2026/07/20 00:58:50.687, 0, ${V100_GPU_0_UUID}, 00000000:01:00.0, 892, 877, 32.37, 150.00, 55, 54, 1, 10678, P0, Not Active, Not Active, Not Active
2026/07/20 00:58:50.693, 1, ${V100_GPU_1_UUID}, 00000000:02:00.0, 892, 877, 30.28, 150.00, 53, 52, 0, 11282, P0, Not Active, Not Active, Not Active
2026/07/20 00:58:50.784, 0, ${V100_GPU_0_UUID}, 00000000:01:00.0, 892, 877, 32.39, 150.00, 55, 54, 0, 10778, P0, Not Active, Not Active, Not Active
2026/07/20 00:58:50.793, 1, ${V100_GPU_1_UUID}, 00000000:02:00.0, 892, 877, 30.30, 150.00, 53, 52, 0, 11282, P0, Not Active, Not Active, Not Active
2026/07/20 00:58:50.881, 0, ${V100_GPU_0_UUID}, 00000000:01:00.0, 892, 877, 69.97, 150.00, 55, 54, 13, 10966, P0, Not Active, Not Active, Not Active
2026/07/20 00:58:50.887, 1, ${V100_GPU_1_UUID}, 00000000:02:00.0, 892, 877, 30.16, 150.00, 53, 52, 0, 11282, P0, Not Active, Not Active, Not Active
2026/07/20 00:58:50.970, 0, ${V100_GPU_0_UUID}, 00000000:01:00.0, 892, 877, 132.34, 150.00, 56, 57, 13, 10966, P0, Not Active, Not Active, Not Active
2026/07/20 00:58:50.975, 1, ${V100_GPU_1_UUID}, 00000000:02:00.0, 892, 877, 30.02, 150.00, 53, 52, 0, 11284, P0, Not Active, Not Active, Not Active
2026/07/20 00:58:51.058, 0, ${V100_GPU_0_UUID}, 00000000:01:00.0, 892, 877, 132.73, 150.00, 57, 59, 96, 10966, P0, Not Active, Not Active, Not Active
2026/07/20 00:58:51.072, 1, ${V100_GPU_1_UUID}, 00000000:02:00.0, 892, 877, 30.00, 150.00, 53, 52, 0, 11284, P0, Not Active, Not Active, Not Active
2026/07/20 00:58:51.155, 0, ${V100_GPU_0_UUID}, 00000000:01:00.0, 892, 877, 136.04, 150.00, 58, 59, 96, 10966, P0, Not Active, Not Active, Not Active
2026/07/20 00:58:51.173, 1, ${V100_GPU_1_UUID}, 00000000:02:00.0, 892, 877, 30.00, 150.00, 53, 52, 0, 11284, P0, Not Active, Not Active, Not Active
2026/07/20 00:58:51.254, 0, ${V100_GPU_0_UUID}, 00000000:01:00.0, 892, 877, 136.99, 150.00, 58, 59, 100, 10966, P0, Not Active, Not Active, Not Active
2026/07/20 00:58:51.260, 1, ${V100_GPU_1_UUID}, 00000000:02:00.0, 892, 877, 30.02, 150.00, 53, 52, 0, 11284, P0, Not Active, Not Active, Not Active
2026/07/20 00:58:51.343, 0, ${V100_GPU_0_UUID}, 00000000:01:00.0, 892, 877, 35.47, 150.00, 57, 58, 100, 10966, P0, Not Active, Not Active, Not Active
2026/07/20 00:58:51.350, 1, ${V100_GPU_1_UUID}, 00000000:02:00.0, 892, 877, 113.82, 150.00, 53, 52, 0, 11572, P0, Not Active, Not Active, Not Active
2026/07/20 00:58:51.433, 0, ${V100_GPU_0_UUID}, 00000000:01:00.0, 892, 877, 32.54, 150.00, 56, 56, 50, 10966, P0, Not Active, Not Active, Not Active
2026/07/20 00:58:51.439, 1, ${V100_GPU_1_UUID}, 00000000:02:00.0, 892, 877, 142.64, 150.00, 55, 56, 66, 11572, P0, Not Active, Not Active, Not Active
2026/07/20 00:58:51.535, 0, ${V100_GPU_0_UUID}, 00000000:01:00.0, 892, 877, 32.56, 150.00, 56, 55, 50, 10966, P0, Not Active, Not Active, Not Active
2026/07/20 00:58:51.541, 1, ${V100_GPU_1_UUID}, 00000000:02:00.0, 892, 877, 138.20, 150.00, 56, 57, 66, 11572, P0, Not Active, Not Active, Not Active
2026/07/20 00:58:51.635, 0, ${V100_GPU_0_UUID}, 00000000:01:00.0, 892, 877, 32.56, 150.00, 56, 55, 0, 10966, P0, Not Active, Not Active, Not Active
2026/07/20 00:58:51.642, 1, ${V100_GPU_1_UUID}, 00000000:02:00.0, 892, 877, 139.52, 150.00, 56, 57, 100, 11572, P0, Not Active, Not Active, Not Active
2026/07/20 00:58:51.747, 0, ${V100_GPU_0_UUID}, 00000000:01:00.0, 892, 877, 123.42, 150.00, 56, 56, 0, 10966, P0, Not Active, Not Active, Not Active
2026/07/20 00:58:51.757, 1, ${V100_GPU_1_UUID}, 00000000:02:00.0, 892, 877, 41.43, 150.00, 56, 58, 100, 11572, P0, Not Active, Not Active, Not Active
2026/07/20 00:58:51.841, 0, ${V100_GPU_0_UUID}, 00000000:01:00.0, 892, 877, 135.00, 150.00, 57, 59, 0, 10966, P0, Not Active, Not Active, Not Active
2026/07/20 00:58:51.857, 1, ${V100_GPU_1_UUID}, 00000000:02:00.0, 892, 877, 30.50, 150.00, 55, 55, 77, 11572, P0, Not Active, Not Active, Not Active
2026/07/20 00:58:51.940, 0, ${V100_GPU_0_UUID}, 00000000:01:00.0, 892, 877, 136.42, 150.00, 58, 59, 97, 10966, P0, Not Active, Not Active, Not Active
2026/07/20 00:58:51.957, 1, ${V100_GPU_1_UUID}, 00000000:02:00.0, 892, 877, 30.47, 150.00, 54, 53, 0, 11572, P0, Not Active, Not Active, Not Active
2026/07/20 00:58:52.039, 0, ${V100_GPU_0_UUID}, 00000000:01:00.0, 892, 877, 132.34, 150.00, 58, 60, 97, 10966, P0, Not Active, Not Active, Not Active
2026/07/20 00:58:52.045, 1, ${V100_GPU_1_UUID}, 00000000:02:00.0, 892, 877, 30.47, 150.00, 54, 53, 0, 11572, P0, Not Active, Not Active, Not Active
2026/07/20 00:58:52.127, 0, ${V100_GPU_0_UUID}, 00000000:01:00.0, 892, 877, 133.20, 150.00, 58, 60, 100, 10966, P0, Not Active, Not Active, Not Active
2026/07/20 00:58:52.140, 1, ${V100_GPU_1_UUID}, 00000000:02:00.0, 892, 877, 30.47, 150.00, 54, 53, 0, 11572, P0, Not Active, Not Active, Not Active
2026/07/20 00:58:52.223, 0, ${V100_GPU_0_UUID}, 00000000:01:00.0, 892, 877, 34.43, 150.00, 58, 58, 68, 10966, P0, Not Active, Not Active, Not Active
2026/07/20 00:58:52.229, 1, ${V100_GPU_1_UUID}, 00000000:02:00.0, 892, 877, 139.05, 150.00, 55, 55, 0, 11572, P0, Not Active, Not Active, Not Active
2026/07/20 00:58:52.320, 0, ${V100_GPU_0_UUID}, 00000000:01:00.0, 892, 877, 32.54, 150.00, 57, 56, 68, 10966, P0, Not Active, Not Active, Not Active
2026/07/20 00:58:52.327, 1, ${V100_GPU_1_UUID}, 00000000:02:00.0, 892, 877, 140.85, 150.00, 56, 57, 61, 11572, P0, Not Active, Not Active, Not Active
2026/07/20 00:58:52.421, 0, ${V100_GPU_0_UUID}, 00000000:01:00.0, 892, 877, 32.56, 150.00, 56, 55, 0, 10966, P0, Not Active, Not Active, Not Active
2026/07/20 00:58:52.427, 1, ${V100_GPU_1_UUID}, 00000000:02:00.0, 892, 877, 141.31, 150.00, 57, 58, 100, 11572, P0, Not Active, Not Active, Not Active
2026/07/20 00:58:52.522, 0, ${V100_GPU_0_UUID}, 00000000:01:00.0, 892, 877, 133.06, 150.00, 58, 59, 0, 10966, P0, Not Active, Not Active, Not Active
2026/07/20 00:58:52.528, 1, ${V100_GPU_1_UUID}, 00000000:02:00.0, 892, 877, 142.32, 150.00, 57, 58, 100, 11572, P0, Not Active, Not Active, Not Active
2026/07/20 00:58:52.625, 0, ${V100_GPU_0_UUID}, 00000000:01:00.0, 892, 877, 131.78, 150.00, 58, 59, 75, 10966, P0, Not Active, Not Active, Not Active
2026/07/20 00:58:52.644, 1, ${V100_GPU_1_UUID}, 00000000:02:00.0, 892, 877, 31.90, 150.00, 56, 58, 86, 11572, P0, Not Active, Not Active, Not Active
2026/07/20 00:58:52.727, 0, ${V100_GPU_0_UUID}, 00000000:01:00.0, 892, 877, 130.83, 150.00, 59, 60, 100, 10966, P0, Not Active, Not Active, Not Active
2026/07/20 00:58:52.744, 1, ${V100_GPU_1_UUID}, 00000000:02:00.0, 892, 877, 30.45, 150.00, 55, 54, 86, 11572, P0, Not Active, Not Active, Not Active
2026/07/20 00:58:52.827, 0, ${V100_GPU_0_UUID}, 00000000:01:00.0, 892, 877, 129.02, 150.00, 59, 60, 100, 10966, P0, Not Active, Not Active, Not Active
2026/07/20 00:58:52.843, 1, ${V100_GPU_1_UUID}, 00000000:02:00.0, 892, 877, 30.47, 150.00, 54, 53, 0, 11572, P0, Not Active, Not Active, Not Active
2026/07/20 00:58:52.926, 0, ${V100_GPU_0_UUID}, 00000000:01:00.0, 892, 877, 40.17, 150.00, 58, 59, 100, 10966, P0, Not Active, Not Active, Not Active
2026/07/20 00:58:52.934, 1, ${V100_GPU_1_UUID}, 00000000:02:00.0, 892, 877, 136.21, 150.00, 55, 55, 28, 11572, P0, Not Active, Not Active, Not Active
2026/07/20 00:58:53.029, 0, ${V100_GPU_0_UUID}, 00000000:01:00.0, 892, 877, 33.04, 150.00, 57, 56, 100, 10966, P0, Not Active, Not Active, Not Active
2026/07/20 00:58:53.037, 1, ${V100_GPU_1_UUID}, 00000000:02:00.0, 892, 877, 142.93, 150.00, 56, 57, 28, 11572, P0, Not Active, Not Active, Not Active
2026/07/20 00:58:53.146, 0, ${V100_GPU_0_UUID}, 00000000:01:00.0, 892, 877, 115.60, 150.00, 57, 57, 1, 10966, P0, Not Active, Not Active, Not Active
2026/07/20 00:58:53.166, 1, ${V100_GPU_1_UUID}, 00000000:02:00.0, 892, 877, 139.05, 150.00, 57, 58, 100, 11572, P0, Not Active, Not Active, Not Active
2026/07/20 00:58:53.249, 0, ${V100_GPU_0_UUID}, 00000000:01:00.0, 892, 877, 130.33, 150.00, 58, 59, 58, 10966, P0, Not Active, Not Active, Not Active
2026/07/20 00:58:53.267, 1, ${V100_GPU_1_UUID}, 00000000:02:00.0, 892, 877, 140.45, 150.00, 57, 58, 100, 11572, P0, Not Active, Not Active, Not Active
2026/07/20 00:58:53.350, 0, ${V100_GPU_0_UUID}, 00000000:01:00.0, 892, 877, 127.04, 150.00, 59, 60, 58, 10966, P0, Not Active, Not Active, Not Active
2026/07/20 00:58:53.368, 1, ${V100_GPU_1_UUID}, 00000000:02:00.0, 892, 877, 35.24, 150.00, 57, 58, 100, 11572, P0, Not Active, Not Active, Not Active
2026/07/20 00:58:53.451, 0, ${V100_GPU_0_UUID}, 00000000:01:00.0, 892, 877, 134.53, 150.00, 59, 60, 100, 10966, P0, Not Active, Not Active, Not Active
2026/07/20 00:58:53.469, 1, ${V100_GPU_1_UUID}, 00000000:02:00.0, 892, 877, 30.95, 150.00, 55, 55, 29, 11572, P0, Not Active, Not Active, Not Active
2026/07/20 00:58:53.552, 0, ${V100_GPU_0_UUID}, 00000000:01:00.0, 892, 877, 131.78, 150.00, 59, 61, 100, 10966, P0, Not Active, Not Active, Not Active
2026/07/20 00:58:53.570, 1, ${V100_GPU_1_UUID}, 00000000:02:00.0, 892, 877, 30.47, 150.00, 55, 54, 29, 11572, P0, Not Active, Not Active, Not Active
2026/07/20 00:58:53.652, 0, ${V100_GPU_0_UUID}, 00000000:01:00.0, 892, 877, 34.93, 150.00, 58, 59, 100, 10966, P0, Not Active, Not Active, Not Active
2026/07/20 00:58:53.659, 1, ${V100_GPU_1_UUID}, 00000000:02:00.0, 892, 877, 131.57, 150.00, 56, 56, 8, 11572, P0, Not Active, Not Active, Not Active
2026/07/20 00:58:53.749, 0, ${V100_GPU_0_UUID}, 00000000:01:00.0, 892, 877, 33.00, 150.00, 57, 57, 21, 10966, P0, Not Active, Not Active, Not Active
2026/07/20 00:58:53.755, 1, ${V100_GPU_1_UUID}, 00000000:02:00.0, 892, 877, 134.32, 150.00, 57, 58, 8, 11572, P0, Not Active, Not Active, Not Active
2026/07/20 00:58:53.850, 0, ${V100_GPU_0_UUID}, 00000000:01:00.0, 892, 877, 33.06, 150.00, 57, 56, 21, 10966, P0, Not Active, Not Active, Not Active
2026/07/20 00:58:53.856, 1, ${V100_GPU_1_UUID}, 00000000:02:00.0, 892, 877, 132.13, 150.00, 57, 59, 99, 11572, P0, Not Active, Not Active, Not Active
2026/07/20 00:58:53.952, 0, ${V100_GPU_0_UUID}, 00000000:01:00.0, 892, 877, 33.00, 150.00, 57, 56, 0, 10966, P0, Not Active, Not Active, Not Active
2026/07/20 00:58:53.959, 1, ${V100_GPU_1_UUID}, 00000000:02:00.0, 892, 877, 140.00, 150.00, 58, 59, 99, 11572, P0, Not Active, Not Active, Not Active
2026/07/20 00:58:54.056, 0, ${V100_GPU_0_UUID}, 00000000:01:00.0, 892, 877, 32.74, 150.00, 57, 56, 0, 10966, P0, Not Active, Not Active, Not Active
2026/07/20 00:58:54.061, 1, ${V100_GPU_1_UUID}, 00000000:02:00.0, 892, 877, 55.57, 150.00, 57, 59, 99, 11572, P0, Not Active, Not Active, Not Active
2026/07/20 00:58:54.147, 0, ${V100_GPU_0_UUID}, 00000000:01:00.0, 892, 877, 32.85, 150.00, 57, 56, 0, 10966, P0, Not Active, Not Active, Not Active
2026/07/20 00:58:54.152, 1, ${V100_GPU_1_UUID}, 00000000:02:00.0, 892, 877, 31.24, 150.00, 56, 58, 56, 11572, P0, Not Active, Not Active, Not Active
2026/07/20 00:58:54.235, 0, ${V100_GPU_0_UUID}, 00000000:01:00.0, 892, 877, 32.85, 150.00, 56, 56, 0, 10966, P0, Not Active, Not Active, Not Active
2026/07/20 00:58:54.242, 1, ${V100_GPU_1_UUID}, 00000000:02:00.0, 892, 877, 30.76, 150.00, 55, 55, 56, 11572, P0, Not Active, Not Active, Not Active
2026/07/20 00:58:54.325, 0, ${V100_GPU_0_UUID}, 00000000:01:00.0, 892, 877, 126.27, 150.00, 58, 57, 0, 10966, P0, Not Active, Not Active, Not Active
2026/07/20 00:58:54.334, 1, ${V100_GPU_1_UUID}, 00000000:02:00.0, 892, 877, 30.97, 150.00, 55, 54, 0, 11572, P0, Not Active, Not Active, Not Active
2026/07/20 00:58:54.419, 0, ${V100_GPU_0_UUID}, 00000000:01:00.0, 892, 877, 133.58, 150.00, 58, 60, 76, 10966, P0, Not Active, Not Active, Not Active
2026/07/20 00:58:54.435, 1, ${V100_GPU_1_UUID}, 00000000:02:00.0, 892, 877, 30.50, 150.00, 55, 54, 0, 11572, P0, Not Active, Not Active, Not Active
2026/07/20 00:58:54.518, 0, ${V100_GPU_0_UUID}, 00000000:01:00.0, 892, 877, 132.25, 150.00, 59, 60, 76, 10966, P0, Not Active, Not Active, Not Active
2026/07/20 00:58:54.536, 1, ${V100_GPU_1_UUID}, 00000000:02:00.0, 892, 877, 30.47, 150.00, 55, 54, 0, 11572, P0, Not Active, Not Active, Not Active
2026/07/20 00:58:54.618, 0, ${V100_GPU_0_UUID}, 00000000:01:00.0, 892, 877, 126.18, 150.00, 59, 60, 100, 10966, P0, Not Active, Not Active, Not Active
2026/07/20 00:58:54.638, 1, ${V100_GPU_1_UUID}, 00000000:02:00.0, 892, 877, 30.51, 150.00, 54, 54, 0, 11572, P0, Not Active, Not Active, Not Active
2026/07/20 00:58:54.719, 0, ${V100_GPU_0_UUID}, 00000000:01:00.0, 892, 877, 123.42, 150.00, 59, 61, 100, 10966, P0, Not Active, Not Active, Not Active
2026/07/20 00:58:54.739, 1, ${V100_GPU_1_UUID}, 00000000:02:00.0, 892, 877, 30.47, 150.00, 54, 53, 0, 11572, P0, Not Active, Not Active, Not Active
2026/07/20 00:58:54.823, 0, ${V100_GPU_0_UUID}, 00000000:01:00.0, 892, 877, 34.02, 150.00, 58, 59, 100, 10966, P0, Not Active, Not Active, Not Active
2026/07/20 00:58:54.829, 1, ${V100_GPU_1_UUID}, 00000000:02:00.0, 892, 877, 138.29, 150.00, 56, 56, 22, 11572, P0, Not Active, Not Active, Not Active
2026/07/20 00:58:54.918, 0, ${V100_GPU_0_UUID}, 00000000:01:00.0, 892, 877, 33.06, 150.00, 58, 57, 7, 10966, P0, Not Active, Not Active, Not Active
2026/07/20 00:58:54.925, 1, ${V100_GPU_1_UUID}, 00000000:02:00.0, 892, 877, 132.83, 150.00, 57, 58, 22, 11572, P0, Not Active, Not Active, Not Active
2026/07/20 00:58:55.017, 0, ${V100_GPU_0_UUID}, 00000000:01:00.0, 892, 877, 126.01, 150.00, 59, 60, 7, 10966, P0, Not Active, Not Active, Not Active
2026/07/20 00:58:55.022, 1, ${V100_GPU_1_UUID}, 00000000:02:00.0, 892, 877, 133.61, 150.00, 57, 58, 100, 11572, P0, Not Active, Not Active, Not Active
2026/07/20 00:58:55.118, 0, ${V100_GPU_0_UUID}, 00000000:01:00.0, 892, 877, 123.66, 150.00, 59, 61, 92, 10966, P0, Not Active, Not Active, Not Active
2026/07/20 00:58:55.123, 1, ${V100_GPU_1_UUID}, 00000000:02:00.0, 892, 877, 141.01, 150.00, 58, 59, 100, 11572, P0, Not Active, Not Active, Not Active
2026/07/20 00:58:55.219, 0, ${V100_GPU_0_UUID}, 00000000:01:00.0, 892, 877, 134.44, 150.00, 59, 61, 92, 10966, P0, Not Active, Not Active, Not Active
2026/07/20 00:58:55.224, 1, ${V100_GPU_1_UUID}, 00000000:02:00.0, 892, 877, 46.63, 150.00, 58, 59, 100, 11572, P0, Not Active, Not Active, Not Active
2026/07/20 00:58:55.308, 0, ${V100_GPU_0_UUID}, 00000000:01:00.0, 892, 877, 133.67, 150.00, 60, 61, 100, 10966, P0, Not Active, Not Active, Not Active
2026/07/20 00:58:55.321, 1, ${V100_GPU_1_UUID}, 00000000:02:00.0, 892, 877, 30.97, 150.00, 56, 59, 43, 11572, P0, Not Active, Not Active, Not Active
2026/07/20 00:58:55.403, 0, ${V100_GPU_0_UUID}, 00000000:01:00.0, 892, 877, 131.39, 150.00, 60, 61, 100, 10966, P0, Not Active, Not Active, Not Active
2026/07/20 00:58:55.408, 1, ${V100_GPU_1_UUID}, 00000000:02:00.0, 892, 877, 39.52, 150.00, 55, 55, 43, 11572, P0, Not Active, Not Active, Not Active
2026/07/20 00:58:55.497, 0, ${V100_GPU_0_UUID}, 00000000:01:00.0, 892, 877, 33.52, 150.00, 58, 59, 96, 10966, P0, Not Active, Not Active, Not Active
2026/07/20 00:58:55.504, 1, ${V100_GPU_1_UUID}, 00000000:02:00.0, 892, 877, 140.09, 150.00, 57, 58, 34, 11572, P0, Not Active, Not Active, Not Active
2026/07/20 00:58:55.608, 0, ${V100_GPU_0_UUID}, 00000000:01:00.0, 892, 877, 129.01, 150.00, 59, 58, 5, 10966, P0, Not Active, Not Active, Not Active
2026/07/20 00:58:55.623, 1, ${V100_GPU_1_UUID}, 00000000:02:00.0, 892, 877, 140.64, 150.00, 58, 59, 34, 11572, P0, Not Active, Not Active, Not Active
2026/07/20 00:58:55.704, 0, ${V100_GPU_0_UUID}, 00000000:01:00.0, 892, 877, 128.36, 150.00, 59, 60, 5, 10966, P0, Not Active, Not Active, Not Active
2026/07/20 00:58:55.710, 1, ${V100_GPU_1_UUID}, 00000000:02:00.0, 892, 877, 136.04, 150.00, 58, 59, 100, 11572, P0, Not Active, Not Active, Not Active
2026/07/20 00:58:55.803, 0, ${V100_GPU_0_UUID}, 00000000:01:00.0, 892, 877, 131.56, 150.00, 60, 61, 100, 10966, P0, Not Active, Not Active, Not Active
2026/07/20 00:58:55.809, 1, ${V100_GPU_1_UUID}, 00000000:02:00.0, 892, 877, 139.04, 150.00, 58, 59, 100, 11572, P0, Not Active, Not Active, Not Active
2026/07/20 00:58:55.905, 0, ${V100_GPU_0_UUID}, 00000000:01:00.0, 892, 877, 131.31, 150.00, 60, 62, 100, 10966, P0, Not Active, Not Active, Not Active
2026/07/20 00:58:55.910, 1, ${V100_GPU_1_UUID}, 00000000:02:00.0, 892, 877, 32.85, 150.00, 57, 59, 100, 11572, P0, Not Active, Not Active, Not Active
2026/07/20 00:58:55.993, 0, ${V100_GPU_0_UUID}, 00000000:01:00.0, 892, 877, 133.67, 150.00, 60, 62, 100, 10966, P0, Not Active, Not Active, Not Active
2026/07/20 00:58:56.006, 1, ${V100_GPU_1_UUID}, 00000000:02:00.0, 892, 877, 30.93, 150.00, 56, 56, 35, 11572, P0, Not Active, Not Active, Not Active
2026/07/20 00:58:56.092, 0, ${V100_GPU_0_UUID}, 00000000:01:00.0, 892, 877, 42.53, 150.00, 59, 60, 86, 10966, P0, Not Active, Not Active, Not Active
2026/07/20 00:58:56.099, 1, ${V100_GPU_1_UUID}, 00000000:02:00.0, 892, 877, 131.57, 150.00, 57, 56, 35, 11572, P0, Not Active, Not Active, Not Active
2026/07/20 00:58:56.195, 0, ${V100_GPU_0_UUID}, 00000000:01:00.0, 892, 877, 33.52, 150.00, 58, 58, 86, 10966, P0, Not Active, Not Active, Not Active
2026/07/20 00:58:56.204, 1, ${V100_GPU_1_UUID}, 00000000:02:00.0, 892, 877, 134.50, 150.00, 58, 58, 43, 11572, P0, Not Active, Not Active, Not Active
2026/07/20 00:58:56.296, 0, ${V100_GPU_0_UUID}, 00000000:01:00.0, 892, 877, 111.13, 150.00, 59, 60, 23, 10966, P0, Not Active, Not Active, Not Active
2026/07/20 00:58:56.310, 1, ${V100_GPU_1_UUID}, 00000000:02:00.0, 892, 877, 144.29, 150.00, 58, 59, 100, 11572, P0, Not Active, Not Active, Not Active
2026/07/20 00:58:56.392, 0, ${V100_GPU_0_UUID}, 00000000:01:00.0, 892, 877, 120.85, 150.00, 60, 61, 23, 10966, P0, Not Active, Not Active, Not Active
2026/07/20 00:58:56.410, 1, ${V100_GPU_1_UUID}, 00000000:02:00.0, 892, 877, 134.92, 150.00, 58, 60, 100, 11572, P0, Not Active, Not Active, Not Active
2026/07/20 00:58:56.492, 0, ${V100_GPU_0_UUID}, 00000000:01:00.0, 892, 877, 126.18, 150.00, 60, 62, 100, 10966, P0, Not Active, Not Active, Not Active
2026/07/20 00:58:56.511, 1, ${V100_GPU_1_UUID}, 00000000:02:00.0, 892, 877, 118.54, 150.00, 59, 60, 100, 11572, P0, Not Active, Not Active, Not Active
2026/07/20 00:58:56.593, 0, ${V100_GPU_0_UUID}, 00000000:01:00.0, 892, 877, 130.45, 150.00, 60, 62, 100, 10966, P0, Not Active, Not Active, Not Active
2026/07/20 00:58:56.610, 1, ${V100_GPU_1_UUID}, 00000000:02:00.0, 892, 877, 31.43, 150.00, 57, 59, 100, 11572, P0, Not Active, Not Active, Not Active
2026/07/20 00:58:56.694, 0, ${V100_GPU_0_UUID}, 00000000:01:00.0, 892, 877, 127.60, 150.00, 60, 62, 100, 10966, P0, Not Active, Not Active, Not Active
2026/07/20 00:58:56.712, 1, ${V100_GPU_1_UUID}, 00000000:02:00.0, 892, 877, 31.45, 150.00, 56, 55, 30, 11572, P0, Not Active, Not Active, Not Active
2026/07/20 00:58:56.796, 0, ${V100_GPU_0_UUID}, 00000000:01:00.0, 892, 877, 33.99, 150.00, 59, 60, 71, 10966, P0, Not Active, Not Active, Not Active
2026/07/20 00:58:56.802, 1, ${V100_GPU_1_UUID}, 00000000:02:00.0, 892, 877, 140.00, 150.00, 57, 59, 58, 11572, P0, Not Active, Not Active, Not Active
2026/07/20 00:58:56.890, 0, ${V100_GPU_0_UUID}, 00000000:01:00.0, 892, 877, 127.42, 150.00, 59, 60, 71, 10966, P0, Not Active, Not Active, Not Active
2026/07/20 00:58:56.896, 1, ${V100_GPU_1_UUID}, 00000000:02:00.0, 892, 877, 132.20, 150.00, 58, 59, 58, 11572, P0, Not Active, Not Active, Not Active
2026/07/20 00:58:56.991, 0, ${V100_GPU_0_UUID}, 00000000:01:00.0, 892, 877, 135.32, 150.00, 60, 61, 54, 10966, P0, Not Active, Not Active, Not Active
2026/07/20 00:58:56.997, 1, ${V100_GPU_1_UUID}, 00000000:02:00.0, 892, 877, 138.30, 150.00, 59, 60, 100, 11572, P0, Not Active, Not Active, Not Active
2026/07/20 00:58:57.092, 0, ${V100_GPU_0_UUID}, 00000000:01:00.0, 892, 877, 132.59, 150.00, 60, 62, 54, 10966, P0, Not Active, Not Active, Not Active
2026/07/20 00:58:57.098, 1, ${V100_GPU_1_UUID}, 00000000:02:00.0, 892, 877, 142.05, 150.00, 59, 60, 100, 11572, P0, Not Active, Not Active, Not Active
2026/07/20 00:58:57.195, 0, ${V100_GPU_0_UUID}, 00000000:01:00.0, 892, 877, 130.65, 150.00, 61, 62, 100, 10966, P0, Not Active, Not Active, Not Active
2026/07/20 00:58:57.200, 1, ${V100_GPU_1_UUID}, 00000000:02:00.0, 892, 877, 48.44, 150.00, 59, 60, 100, 11572, P0, Not Active, Not Active, Not Active
2026/07/20 00:58:57.283, 0, ${V100_GPU_0_UUID}, 00000000:01:00.0, 892, 877, 129.97, 150.00, 61, 62, 100, 10966, P0, Not Active, Not Active, Not Active
2026/07/20 00:58:57.296, 1, ${V100_GPU_1_UUID}, 00000000:02:00.0, 892, 877, 31.43, 150.00, 57, 57, 100, 11572, P0, Not Active, Not Active, Not Active
2026/07/20 00:58:57.381, 0, ${V100_GPU_0_UUID}, 00000000:01:00.0, 892, 877, 36.81, 150.00, 60, 61, 100, 10966, P0, Not Active, Not Active, Not Active
2026/07/20 00:58:57.387, 1, ${V100_GPU_1_UUID}, 00000000:02:00.0, 892, 877, 136.68, 150.00, 58, 57, 20, 11572, P0, Not Active, Not Active, Not Active
2026/07/20 00:58:57.503, 0, ${V100_GPU_0_UUID}, 00000000:01:00.0, 892, 877, 123.83, 150.00, 60, 60, 44, 10966, P0, Not Active, Not Active, Not Active
2026/07/20 00:58:57.518, 1, ${V100_GPU_1_UUID}, 00000000:02:00.0, 892, 877, 131.73, 150.00, 59, 59, 85, 11572, P0, Not Active, Not Active, Not Active
2026/07/20 00:58:57.601, 0, ${V100_GPU_0_UUID}, 00000000:01:00.0, 892, 877, 134.00, 150.00, 60, 62, 77, 10966, P0, Not Active, Not Active, Not Active
2026/07/20 00:58:57.620, 1, ${V100_GPU_1_UUID}, 00000000:02:00.0, 892, 877, 128.63, 150.00, 59, 60, 85, 11572, P0, Not Active, Not Active, Not Active
2026/07/20 00:58:57.702, 0, ${V100_GPU_0_UUID}, 00000000:01:00.0, 892, 877, 134.76, 150.00, 61, 62, 77, 10966, P0, Not Active, Not Active, Not Active
2026/07/20 00:58:57.721, 1, ${V100_GPU_1_UUID}, 00000000:02:00.0, 892, 877, 132.76, 150.00, 59, 60, 100, 11572, P0, Not Active, Not Active, Not Active
2026/07/20 00:58:57.803, 0, ${V100_GPU_0_UUID}, 00000000:01:00.0, 892, 877, 134.65, 150.00, 61, 62, 100, 10966, P0, Not Active, Not Active, Not Active
2026/07/20 00:58:57.821, 1, ${V100_GPU_1_UUID}, 00000000:02:00.0, 892, 877, 75.25, 150.00, 59, 61, 95, 11572, P0, Not Active, Not Active, Not Active
2026/07/20 00:58:57.903, 0, ${V100_GPU_0_UUID}, 00000000:01:00.0, 892, 877, 128.08, 150.00, 61, 63, 100, 10966, P0, Not Active, Not Active, Not Active
2026/07/20 00:58:57.922, 1, ${V100_GPU_1_UUID}, 00000000:02:00.0, 892, 877, 31.43, 150.00, 57, 57, 95, 11572, P0, Not Active, Not Active, Not Active
2026/07/20 00:58:58.006, 0, ${V100_GPU_0_UUID}, 00000000:01:00.0, 892, 877, 45.83, 150.00, 61, 62, 100, 10966, P0, Not Active, Not Active, Not Active
2026/07/20 00:58:58.012, 1, ${V100_GPU_1_UUID}, 00000000:02:00.0, 892, 877, 127.23, 150.00, 58, 57, 4, 11572, P0, Not Active, Not Active, Not Active
2026/07/20 00:58:58.105, 0, ${V100_GPU_0_UUID}, 00000000:01:00.0, 892, 877, 106.72, 150.00, 59, 60, 33, 10966, P0, Not Active, Not Active, Not Active
2026/07/20 00:58:58.122, 1, ${V100_GPU_1_UUID}, 00000000:02:00.0, 892, 877, 142.61, 150.00, 59, 59, 4, 11572, P0, Not Active, Not Active, Not Active
2026/07/20 00:58:58.205, 0, ${V100_GPU_0_UUID}, 00000000:01:00.0, 892, 877, 129.68, 150.00, 61, 62, 33, 10966, P0, Not Active, Not Active, Not Active
2026/07/20 00:58:58.224, 1, ${V100_GPU_1_UUID}, 00000000:02:00.0, 892, 877, 136.42, 150.00, 59, 60, 100, 11572, P0, Not Active, Not Active, Not Active
2026/07/20 00:58:58.306, 0, ${V100_GPU_0_UUID}, 00000000:01:00.0, 892, 877, 132.32, 150.00, 61, 62, 100, 10966, P0, Not Active, Not Active, Not Active
2026/07/20 00:58:58.326, 1, ${V100_GPU_1_UUID}, 00000000:02:00.0, 892, 877, 139.14, 150.00, 59, 60, 100, 11572, P0, Not Active, Not Active, Not Active
2026/07/20 00:58:58.408, 0, ${V100_GPU_0_UUID}, 00000000:01:00.0, 892, 877, 131.56, 150.00, 61, 63, 100, 10966, P0, Not Active, Not Active, Not Active
2026/07/20 00:58:58.426, 1, ${V100_GPU_1_UUID}, 00000000:02:00.0, 892, 877, 138.20, 150.00, 59, 61, 100, 11572, P0, Not Active, Not Active, Not Active
2026/07/20 00:58:58.524, 0, ${V100_GPU_0_UUID}, 00000000:01:00.0, 892, 877, 134.53, 150.00, 61, 63, 100, 10966, P0, Not Active, Not Active, Not Active
2026/07/20 00:58:58.530, 1, ${V100_GPU_1_UUID}, 00000000:02:00.0, 892, 877, 31.90, 150.00, 58, 61, 80, 11572, P0, Not Active, Not Active, Not Active
2026/07/20 00:58:58.613, 0, ${V100_GPU_0_UUID}, 00000000:01:00.0, 892, 877, 67.21, 150.00, 61, 63, 98, 10966, P0, Not Active, Not Active, Not Active
2026/07/20 00:58:58.628, 1, ${V100_GPU_1_UUID}, 00000000:02:00.0, 892, 877, 131.39, 150.00, 58, 57, 80, 11572, P0, Not Active, Not Active, Not Active
2026/07/20 00:58:58.728, 0, ${V100_GPU_0_UUID}, 00000000:01:00.0, 892, 877, 90.93, 150.00, 60, 60, 98, 10966, P0, Not Active, Not Active, Not Active
2026/07/20 00:58:58.735, 1, ${V100_GPU_1_UUID}, 00000000:02:00.0, 892, 877, 136.14, 150.00, 59, 60, 30, 11572, P0, Not Active, Not Active, Not Active
2026/07/20 00:58:58.827, 0, ${V100_GPU_0_UUID}, 00000000:01:00.0, 892, 877, 125.63, 150.00, 61, 62, 39, 10966, P0, Not Active, Not Active, Not Active
2026/07/20 00:58:58.832, 1, ${V100_GPU_1_UUID}, 00000000:02:00.0, 892, 877, 136.42, 150.00, 59, 60, 100, 11572, P0, Not Active, Not Active, Not Active
2026/07/20 00:58:58.928, 0, ${V100_GPU_0_UUID}, 00000000:01:00.0, 892, 877, 125.63, 150.00, 61, 63, 39, 10966, P0, Not Active, Not Active, Not Active
2026/07/20 00:58:58.933, 1, ${V100_GPU_1_UUID}, 00000000:02:00.0, 892, 877, 137.36, 150.00, 59, 61, 100, 11572, P0, Not Active, Not Active, Not Active
2026/07/20 00:58:59.028, 0, ${V100_GPU_0_UUID}, 00000000:01:00.0, 892, 877, 126.01, 150.00, 61, 63, 100, 10966, P0, Not Active, Not Active, Not Active
2026/07/20 00:58:59.033, 1, ${V100_GPU_1_UUID}, 00000000:02:00.0, 892, 877, 140.45, 150.00, 60, 61, 100, 11572, P0, Not Active, Not Active, Not Active
2026/07/20 00:58:59.129, 0, ${V100_GPU_0_UUID}, 00000000:01:00.0, 892, 877, 126.18, 150.00, 61, 63, 100, 10966, P0, Not Active, Not Active, Not Active
2026/07/20 00:58:59.135, 1, ${V100_GPU_1_UUID}, 00000000:02:00.0, 892, 877, 35.21, 150.00, 59, 61, 100, 11572, P0, Not Active, Not Active, Not Active
2026/07/20 00:58:59.217, 0, ${V100_GPU_0_UUID}, 00000000:01:00.0, 892, 877, 123.89, 150.00, 62, 63, 100, 10966, P0, Not Active, Not Active, Not Active
2026/07/20 00:58:59.232, 1, ${V100_GPU_1_UUID}, 00000000:02:00.0, 892, 877, 31.45, 150.00, 58, 57, 58, 11572, P0, Not Active, Not Active, Not Active
2026/07/20 00:58:59.316, 0, ${V100_GPU_0_UUID}, 00000000:01:00.0, 892, 877, 34.49, 150.00, 60, 62, 71, 10966, P0, Not Active, Not Active, Not Active
2026/07/20 00:58:59.323, 1, ${V100_GPU_1_UUID}, 00000000:02:00.0, 892, 877, 134.41, 150.00, 59, 60, 58, 11572, P0, Not Active, Not Active, Not Active
2026/07/20 00:58:59.407, 0, ${V100_GPU_0_UUID}, 00000000:01:00.0, 892, 877, 127.60, 150.00, 61, 62, 71, 10966, P0, Not Active, Not Active, Not Active
2026/07/20 00:58:59.415, 1, ${V100_GPU_1_UUID}, 00000000:02:00.0, 892, 877, 133.79, 150.00, 59, 61, 57, 11572, P0, Not Active, Not Active, Not Active
2026/07/20 00:58:59.510, 0, ${V100_GPU_0_UUID}, 00000000:01:00.0, 892, 877, 132.21, 150.00, 61, 63, 64, 10966, P0, Not Active, Not Active, Not Active
2026/07/20 00:58:59.516, 1, ${V100_GPU_1_UUID}, 00000000:02:00.0, 892, 877, 134.55, 150.00, 60, 61, 100, 11572, P0, Not Active, Not Active, Not Active
2026/07/20 00:58:59.609, 0, ${V100_GPU_0_UUID}, 00000000:01:00.0, 892, 877, 136.82, 150.00, 62, 63, 64, 10966, P0, Not Active, Not Active, Not Active
2026/07/20 00:58:59.617, 1, ${V100_GPU_1_UUID}, 00000000:02:00.0, 892, 877, 133.23, 150.00, 60, 61, 100, 11572, P0, Not Active, Not Active, Not Active
2026/07/20 00:58:59.711, 0, ${V100_GPU_0_UUID}, 00000000:01:00.0, 892, 877, 135.41, 150.00, 62, 63, 100, 10966, P0, Not Active, Not Active, Not Active
2026/07/20 00:58:59.718, 1, ${V100_GPU_1_UUID}, 00000000:02:00.0, 892, 877, 117.52, 150.00, 60, 61, 100, 11572, P0, Not Active, Not Active, Not Active
2026/07/20 00:58:59.812, 0, ${V100_GPU_0_UUID}, 00000000:01:00.0, 892, 877, 137.94, 150.00, 62, 64, 100, 10966, P0, Not Active, Not Active, Not Active
2026/07/20 00:58:59.818, 1, ${V100_GPU_1_UUID}, 00000000:02:00.0, 892, 877, 31.92, 150.00, 58, 61, 100, 11572, P0, Not Active, Not Active, Not Active
2026/07/20 00:58:59.903, 0, ${V100_GPU_0_UUID}, 00000000:01:00.0, 892, 877, 42.97, 150.00, 61, 62, 100, 10966, P0, Not Active, Not Active, Not Active
2026/07/20 00:58:59.908, 1, ${V100_GPU_1_UUID}, 00000000:02:00.0, 892, 877, 134.23, 150.00, 58, 58, 34, 11572, P0, Not Active, Not Active, Not Active
2026/07/20 00:59:00.000, 0, ${V100_GPU_0_UUID}, 00000000:01:00.0, 892, 877, 126.01, 150.00, 61, 61, 49, 10966, P0, Not Active, Not Active, Not Active
2026/07/20 00:59:00.006, 1, ${V100_GPU_1_UUID}, 00000000:02:00.0, 892, 877, 139.61, 150.00, 59, 60, 80, 11572, P0, Not Active, Not Active, Not Active
2026/07/20 00:59:00.100, 0, ${V100_GPU_0_UUID}, 00000000:01:00.0, 892, 877, 131.56, 150.00, 61, 63, 49, 10966, P0, Not Active, Not Active, Not Active
2026/07/20 00:59:00.106, 1, ${V100_GPU_1_UUID}, 00000000:02:00.0, 892, 877, 141.01, 150.00, 60, 61, 80, 11572, P0, Not Active, Not Active, Not Active
2026/07/20 00:59:00.200, 0, ${V100_GPU_0_UUID}, 00000000:01:00.0, 892, 877, 129.21, 150.00, 62, 63, 95, 10966, P0, Not Active, Not Active, Not Active
2026/07/20 00:59:00.205, 1, ${V100_GPU_1_UUID}, 00000000:02:00.0, 892, 877, 138.57, 150.00, 60, 61, 100, 11572, P0, Not Active, Not Active, Not Active
2026/07/20 00:59:00.300, 0, ${V100_GPU_0_UUID}, 00000000:01:00.0, 892, 877, 128.83, 150.00, 62, 64, 100, 10966, P0, Not Active, Not Active, Not Active
2026/07/20 00:59:00.306, 1, ${V100_GPU_1_UUID}, 00000000:02:00.0, 892, 877, 136.70, 150.00, 60, 61, 100, 11572, P0, Not Active, Not Active, Not Active
2026/07/20 00:59:00.401, 0, ${V100_GPU_0_UUID}, 00000000:01:00.0, 892, 877, 127.13, 150.00, 62, 64, 100, 10966, P0, Not Active, Not Active, Not Active
2026/07/20 00:59:00.407, 1, ${V100_GPU_1_UUID}, 00000000:02:00.0, 892, 877, 32.83, 150.00, 59, 61, 100, 11572, P0, Not Active, Not Active, Not Active
2026/07/20 00:59:00.510, 0, ${V100_GPU_0_UUID}, 00000000:01:00.0, 892, 877, 65.31, 150.00, 62, 64, 100, 10966, P0, Not Active, Not Active, Not Active
2026/07/20 00:59:00.521, 1, ${V100_GPU_1_UUID}, 00000000:02:00.0, 892, 877, 110.50, 150.00, 58, 58, 25, 11572, P0, Not Active, Not Active, Not Active
2026/07/20 00:59:00.607, 0, ${V100_GPU_0_UUID}, 00000000:01:00.0, 892, 877, 108.53, 150.00, 61, 62, 100, 10966, P0, Not Active, Not Active, Not Active
2026/07/20 00:59:00.621, 1, ${V100_GPU_1_UUID}, 00000000:02:00.0, 892, 877, 131.82, 150.00, 60, 61, 25, 11572, P0, Not Active, Not Active, Not Active
2026/07/20 00:59:00.709, 0, ${V100_GPU_0_UUID}, 00000000:01:00.0, 892, 877, 126.48, 150.00, 62, 63, 47, 10966, P0, Not Active, Not Active, Not Active
2026/07/20 00:59:00.724, 1, ${V100_GPU_1_UUID}, 00000000:02:00.0, 892, 877, 132.67, 150.00, 60, 61, 100, 11572, P0, Not Active, Not Active, Not Active
2026/07/20 00:59:00.810, 0, ${V100_GPU_0_UUID}, 00000000:01:00.0, 892, 877, 133.44, 150.00, 62, 64, 100, 10966, P0, Not Active, Not Active, Not Active
2026/07/20 00:59:00.825, 1, ${V100_GPU_1_UUID}, 00000000:02:00.0, 892, 877, 139.61, 150.00, 60, 62, 100, 11572, P0, Not Active, Not Active, Not Active
2026/07/20 00:59:00.911, 0, ${V100_GPU_0_UUID}, 00000000:01:00.0, 892, 877, 130.71, 150.00, 62, 64, 100, 10966, P0, Not Active, Not Active, Not Active
2026/07/20 00:59:00.926, 1, ${V100_GPU_1_UUID}, 00000000:02:00.0, 892, 877, 137.73, 150.00, 60, 62, 100, 11572, P0, Not Active, Not Active, Not Active
2026/07/20 00:59:01.013, 0, ${V100_GPU_0_UUID}, 00000000:01:00.0, 892, 877, 125.45, 150.00, 62, 64, 100, 10966, P0, Not Active, Not Active, Not Active
2026/07/20 00:59:01.028, 1, ${V100_GPU_1_UUID}, 00000000:02:00.0, 892, 877, 46.57, 150.00, 60, 62, 88, 11572, P0, Not Active, Not Active, Not Active
2026/07/20 00:59:01.110, 0, ${V100_GPU_0_UUID}, 00000000:01:00.0, 892, 877, 113.61, 150.00, 62, 64, 100, 10966, P0, Not Active, Not Active, Not Active
2026/07/20 00:59:01.116, 1, ${V100_GPU_1_UUID}, 00000000:02:00.0, 892, 877, 31.47, 150.00, 58, 60, 88, 11572, P0, Not Active, Not Active, Not Active
2026/07/20 00:59:01.206, 0, ${V100_GPU_0_UUID}, 00000000:01:00.0, 892, 877, 34.49, 150.00, 61, 62, 97, 10966, P0, Not Active, Not Active, Not Active
2026/07/20 00:59:01.212, 1, ${V100_GPU_1_UUID}, 00000000:02:00.0, 892, 877, 101.29, 150.00, 59, 60, 36, 11572, P0, Not Active, Not Active, Not Active
2026/07/20 00:59:01.296, 0, ${V100_GPU_0_UUID}, 00000000:01:00.0, 892, 877, 112.38, 150.00, 62, 63, 56, 10966, P0, Not Active, Not Active, Not Active
2026/07/20 00:59:01.314, 1, ${V100_GPU_1_UUID}, 00000000:02:00.0, 892, 877, 104.31, 150.00, 60, 61, 36, 11572, P0, Not Active, Not Active, Not Active
2026/07/20 00:59:01.397, 0, ${V100_GPU_0_UUID}, 00000000:01:00.0, 892, 877, 133.82, 150.00, 62, 64, 56, 10966, P0, Not Active, Not Active, Not Active
2026/07/20 00:59:01.403, 1, ${V100_GPU_1_UUID}, 00000000:02:00.0, 892, 877, 122.86, 150.00, 60, 62, 100, 11572, P0, Not Active, Not Active, Not Active
2026/07/20 00:59:01.498, 0, ${V100_GPU_0_UUID}, 00000000:01:00.0, 892, 877, 132.50, 150.00, 62, 64, 100, 10966, P0, Not Active, Not Active, Not Active
2026/07/20 00:59:01.504, 1, ${V100_GPU_1_UUID}, 00000000:02:00.0, 892, 877, 125.98, 150.00, 60, 62, 100, 11572, P0, Not Active, Not Active, Not Active
2026/07/20 00:59:01.599, 0, ${V100_GPU_0_UUID}, 00000000:01:00.0, 892, 877, 129.68, 150.00, 63, 64, 100, 10966, P0, Not Active, Not Active, Not Active
2026/07/20 00:59:01.604, 1, ${V100_GPU_1_UUID}, 00000000:02:00.0, 892, 877, 128.16, 150.00, 61, 62, 100, 11572, P0, Not Active, Not Active, Not Active
2026/07/20 00:59:01.700, 0, ${V100_GPU_0_UUID}, 00000000:01:00.0, 892, 877, 131.78, 150.00, 63, 64, 100, 10966, P0, Not Active, Not Active, Not Active
2026/07/20 00:59:01.707, 1, ${V100_GPU_1_UUID}, 00000000:02:00.0, 892, 877, 32.38, 150.00, 59, 62, 67, 11572, P0, Not Active, Not Active, Not Active
2026/07/20 00:59:01.789, 0, ${V100_GPU_0_UUID}, 00000000:01:00.0, 892, 877, 43.45, 150.00, 62, 63, 100, 10966, P0, Not Active, Not Active, Not Active
2026/07/20 00:59:01.796, 1, ${V100_GPU_1_UUID}, 00000000:02:00.0, 892, 877, 126.28, 150.00, 59, 59, 67, 11572, P0, Not Active, Not Active, Not Active
2026/07/20 00:59:01.879, 0, ${V100_GPU_0_UUID}, 00000000:01:00.0, 892, 877, 128.36, 150.00, 62, 62, 68, 10966, P0, Not Active, Not Active, Not Active
2026/07/20 00:59:01.885, 1, ${V100_GPU_1_UUID}, 00000000:02:00.0, 892, 877, 139.98, 150.00, 60, 61, 62, 11572, P0, Not Active, Not Active, Not Active
2026/07/20 00:59:01.981, 0, ${V100_GPU_0_UUID}, 00000000:01:00.0, 892, 877, 129.68, 150.00, 62, 64, 68, 10966, P0, Not Active, Not Active, Not Active
2026/07/20 00:59:01.986, 1, ${V100_GPU_1_UUID}, 00000000:02:00.0, 892, 877, 136.33, 150.00, 60, 62, 62, 11572, P0, Not Active, Not Active, Not Active
2026/07/20 00:59:02.081, 0, ${V100_GPU_0_UUID}, 00000000:01:00.0, 892, 877, 133.82, 150.00, 62, 64, 89, 10966, P0, Not Active, Not Active, Not Active
2026/07/20 00:59:02.086, 1, ${V100_GPU_1_UUID}, 00000000:02:00.0, 892, 877, 133.70, 150.00, 61, 62, 100, 11572, P0, Not Active, Not Active, Not Active
2026/07/20 00:59:02.182, 0, ${V100_GPU_0_UUID}, 00000000:01:00.0, 892, 877, 127.42, 150.00, 63, 64, 100, 10966, P0, Not Active, Not Active, Not Active
2026/07/20 00:59:02.187, 1, ${V100_GPU_1_UUID}, 00000000:02:00.0, 892, 877, 135.86, 150.00, 60, 62, 100, 11572, P0, Not Active, Not Active, Not Active
2026/07/20 00:59:02.269, 0, ${V100_GPU_0_UUID}, 00000000:01:00.0, 892, 877, 126.57, 150.00, 63, 65, 100, 10966, P0, Not Active, Not Active, Not Active
2026/07/20 00:59:02.284, 1, ${V100_GPU_1_UUID}, 00000000:02:00.0, 892, 877, 91.22, 150.00, 60, 62, 100, 11572, P0, Not Active, Not Active, Not Active
2026/07/20 00:59:02.367, 0, ${V100_GPU_0_UUID}, 00000000:01:00.0, 892, 877, 38.24, 150.00, 62, 63, 100, 10966, P0, Not Active, Not Active, Not Active
2026/07/20 00:59:02.433, 1, ${V100_GPU_1_UUID}, 00000000:02:00.0, 892, 877, 139.43, 150.00, 60, 60, 44, 11572, P0, Not Active, Not Active, Not Active
2026/07/20 00:59:02.528, 0, ${V100_GPU_0_UUID}, 00000000:01:00.0, 892, 877, 131.18, 150.00, 62, 64, 61, 10966, P0, Not Active, Not Active, Not Active
2026/07/20 00:59:02.534, 1, ${V100_GPU_1_UUID}, 00000000:02:00.0, 892, 877, 134.17, 150.00, 60, 62, 91, 11572, P0, Not Active, Not Active, Not Active
2026/07/20 00:59:02.629, 0, ${V100_GPU_0_UUID}, 00000000:01:00.0, 892, 877, 126.95, 150.00, 63, 64, 61, 10966, P0, Not Active, Not Active, Not Active
2026/07/20 00:59:02.635, 1, ${V100_GPU_1_UUID}, 00000000:02:00.0, 892, 877, 142.05, 150.00, 61, 62, 91, 11572, P0, Not Active, Not Active, Not Active
2026/07/20 00:59:02.730, 0, ${V100_GPU_0_UUID}, 00000000:01:00.0, 892, 877, 132.03, 150.00, 63, 65, 100, 10966, P0, Not Active, Not Active, Not Active
2026/07/20 00:59:02.736, 1, ${V100_GPU_1_UUID}, 00000000:02:00.0, 892, 877, 135.01, 150.00, 61, 62, 100, 11572, P0, Not Active, Not Active, Not Active
2026/07/20 00:59:02.830, 0, ${V100_GPU_0_UUID}, 00000000:01:00.0, 892, 877, 132.03, 150.00, 63, 65, 100, 10966, P0, Not Active, Not Active, Not Active
2026/07/20 00:59:02.836, 1, ${V100_GPU_1_UUID}, 00000000:02:00.0, 892, 877, 138.30, 150.00, 61, 62, 100, 11572, P0, Not Active, Not Active, Not Active
2026/07/20 00:59:02.932, 0, ${V100_GPU_0_UUID}, 00000000:01:00.0, 892, 877, 131.69, 150.00, 63, 65, 100, 10966, P0, Not Active, Not Active, Not Active
2026/07/20 00:59:02.938, 1, ${V100_GPU_1_UUID}, 00000000:02:00.0, 892, 877, 41.37, 150.00, 60, 63, 100, 11572, P0, Not Active, Not Active, Not Active
2026/07/20 00:59:03.021, 0, ${V100_GPU_0_UUID}, 00000000:01:00.0, 892, 877, 64.36, 150.00, 63, 65, 100, 10966, P0, Not Active, Not Active, Not Active
2026/07/20 00:59:03.036, 1, ${V100_GPU_1_UUID}, 00000000:02:00.0, 892, 877, 131.01, 150.00, 60, 59, 37, 11572, P0, Not Active, Not Active, Not Active
2026/07/20 00:59:03.132, 0, ${V100_GPU_0_UUID}, 00000000:01:00.0, 892, 877, 124.69, 150.00, 63, 63, 100, 10966, P0, Not Active, Not Active, Not Active
2026/07/20 00:59:03.139, 1, ${V100_GPU_1_UUID}, 00000000:02:00.0, 892, 877, 137.26, 150.00, 60, 62, 37, 11572, P0, Not Active, Not Active, Not Active
2026/07/20 00:59:03.237, 0, ${V100_GPU_0_UUID}, 00000000:01:00.0, 892, 877, 132.97, 150.00, 63, 65, 62, 10966, P0, Not Active, Not Active, Not Active
2026/07/20 00:59:03.243, 1, ${V100_GPU_1_UUID}, 00000000:02:00.0, 892, 877, 132.76, 150.00, 61, 62, 100, 11572, P0, Not Active, Not Active, Not Active
2026/07/20 00:59:03.336, 0, ${V100_GPU_0_UUID}, 00000000:01:00.0, 892, 877, 130.15, 150.00, 63, 65, 62, 10966, P0, Not Active, Not Active, Not Active
2026/07/20 00:59:03.341, 1, ${V100_GPU_1_UUID}, 00000000:02:00.0, 892, 877, 136.89, 150.00, 61, 62, 100, 11572, P0, Not Active, Not Active, Not Active
2026/07/20 00:59:03.437, 0, ${V100_GPU_0_UUID}, 00000000:01:00.0, 892, 877, 130.71, 150.00, 63, 65, 100, 10966, P0, Not Active, Not Active, Not Active
2026/07/20 00:59:03.443, 1, ${V100_GPU_1_UUID}, 00000000:02:00.0, 892, 877, 134.55, 150.00, 61, 63, 100, 11572, P0, Not Active, Not Active, Not Active
2026/07/20 00:59:03.538, 0, ${V100_GPU_0_UUID}, 00000000:01:00.0, 892, 877, 131.45, 150.00, 63, 65, 100, 10966, P0, Not Active, Not Active, Not Active
2026/07/20 00:59:03.544, 1, ${V100_GPU_1_UUID}, 00000000:02:00.0, 892, 877, 77.57, 150.00, 61, 63, 96, 11572, P0, Not Active, Not Active, Not Active
2026/07/20 00:59:03.638, 0, ${V100_GPU_0_UUID}, 00000000:01:00.0, 892, 877, 118.76, 150.00, 63, 65, 100, 10966, P0, Not Active, Not Active, Not Active
2026/07/20 00:59:03.644, 1, ${V100_GPU_1_UUID}, 00000000:02:00.0, 892, 877, 31.90, 150.00, 59, 63, 96, 11572, P0, Not Active, Not Active, Not Active
2026/07/20 00:59:03.727, 0, ${V100_GPU_0_UUID}, 00000000:01:00.0, 892, 877, 103.22, 150.00, 62, 63, 84, 10966, P0, Not Active, Not Active, Not Active
2026/07/20 00:59:03.738, 1, ${V100_GPU_1_UUID}, 00000000:02:00.0, 892, 877, 113.99, 150.00, 60, 62, 43, 11572, P0, Not Active, Not Active, Not Active
2026/07/20 00:59:03.821, 0, ${V100_GPU_0_UUID}, 00000000:01:00.0, 892, 877, 108.06, 150.00, 63, 65, 84, 10966, P0, Not Active, Not Active, Not Active
2026/07/20 00:59:03.827, 1, ${V100_GPU_1_UUID}, 00000000:02:00.0, 892, 877, 115.25, 150.00, 61, 62, 43, 11572, P0, Not Active, Not Active, Not Active
2026/07/20 00:59:03.920, 0, ${V100_GPU_0_UUID}, 00000000:01:00.0, 892, 877, 115.37, 150.00, 63, 65, 77, 10966, P0, Not Active, Not Active, Not Active
2026/07/20 00:59:03.927, 1, ${V100_GPU_1_UUID}, 00000000:02:00.0, 892, 877, 125.43, 150.00, 61, 63, 100, 11572, P0, Not Active, Not Active, Not Active
2026/07/20 00:59:04.022, 0, ${V100_GPU_0_UUID}, 00000000:01:00.0, 892, 877, 122.34, 150.00, 63, 65, 100, 10966, P0, Not Active, Not Active, Not Active
2026/07/20 00:59:04.028, 1, ${V100_GPU_1_UUID}, 00000000:02:00.0, 892, 877, 135.85, 150.00, 61, 63, 100, 11572, P0, Not Active, Not Active, Not Active
2026/07/20 00:59:04.123, 0, ${V100_GPU_0_UUID}, 00000000:01:00.0, 892, 877, 133.35, 150.00, 64, 65, 100, 10966, P0, Not Active, Not Active, Not Active
2026/07/20 00:59:04.129, 1, ${V100_GPU_1_UUID}, 00000000:02:00.0, 892, 877, 139.80, 150.00, 61, 63, 100, 11572, P0, Not Active, Not Active, Not Active
2026/07/20 00:59:04.223, 0, ${V100_GPU_0_UUID}, 00000000:01:00.0, 892, 877, 127.13, 150.00, 63, 65, 100, 10966, P0, Not Active, Not Active, Not Active
2026/07/20 00:59:04.230, 1, ${V100_GPU_1_UUID}, 00000000:02:00.0, 892, 877, 34.26, 150.00, 60, 63, 75, 11572, P0, Not Active, Not Active, Not Active
2026/07/20 00:59:04.312, 0, ${V100_GPU_0_UUID}, 00000000:01:00.0, 892, 877, 46.78, 150.00, 63, 64, 100, 10966, P0, Not Active, Not Active, Not Active
2026/07/20 00:59:04.318, 1, ${V100_GPU_1_UUID}, 00000000:02:00.0, 892, 877, 132.04, 150.00, 60, 60, 75, 11572, P0, Not Active, Not Active, Not Active
2026/07/20 00:59:04.401, 0, ${V100_GPU_0_UUID}, 00000000:01:00.0, 892, 877, 130.24, 150.00, 63, 64, 64, 10966, P0, Not Active, Not Active, Not Active
2026/07/20 00:59:04.409, 1, ${V100_GPU_1_UUID}, 00000000:02:00.0, 892, 877, 136.80, 150.00, 61, 62, 63, 11572, P0, Not Active, Not Active, Not Active
2026/07/20 00:59:04.506, 0, ${V100_GPU_0_UUID}, 00000000:01:00.0, 892, 877, 126.48, 150.00, 63, 65, 64, 10966, P0, Not Active, Not Active, Not Active
2026/07/20 00:59:04.511, 1, ${V100_GPU_1_UUID}, 00000000:02:00.0, 892, 877, 135.01, 150.00, 61, 63, 63, 11572, P0, Not Active, Not Active, Not Active
2026/07/20 00:59:04.605, 0, ${V100_GPU_0_UUID}, 00000000:01:00.0, 892, 877, 124.86, 150.00, 63, 65, 94, 10966, P0, Not Active, Not Active, Not Active
2026/07/20 00:59:04.610, 1, ${V100_GPU_1_UUID}, 00000000:02:00.0, 892, 877, 136.80, 150.00, 61, 63, 100, 11572, P0, Not Active, Not Active, Not Active
2026/07/20 00:59:04.706, 0, ${V100_GPU_0_UUID}, 00000000:01:00.0, 892, 877, 124.09, 150.00, 63, 65, 100, 10966, P0, Not Active, Not Active, Not Active
2026/07/20 00:59:04.712, 1, ${V100_GPU_1_UUID}, 00000000:02:00.0, 892, 877, 122.52, 150.00, 61, 64, 100, 11572, P0, Not Active, Not Active, Not Active
2026/07/20 00:59:04.805, 0, ${V100_GPU_0_UUID}, 00000000:01:00.0, 892, 877, 114.66, 150.00, 64, 66, 100, 10966, P0, Not Active, Not Active, Not Active
2026/07/20 00:59:04.810, 1, ${V100_GPU_1_UUID}, 00000000:02:00.0, 892, 877, 119.95, 150.00, 62, 64, 100, 11572, P0, Not Active, Not Active, Not Active
2026/07/20 00:59:04.892, 0, ${V100_GPU_0_UUID}, 00000000:01:00.0, 892, 877, 121.61, 150.00, 64, 66, 100, 10966, P0, Not Active, Not Active, Not Active
2026/07/20 00:59:04.900, 1, ${V100_GPU_1_UUID}, 00000000:02:00.0, 892, 877, 32.42, 150.00, 60, 62, 59, 11572, P0, Not Active, Not Active, Not Active
2026/07/20 00:59:04.981, 0, ${V100_GPU_0_UUID}, 00000000:01:00.0, 892, 877, 37.28, 150.00, 63, 64, 100, 10966, P0, Not Active, Not Active, Not Active
2026/07/20 00:59:04.987, 1, ${V100_GPU_1_UUID}, 00000000:02:00.0, 892, 877, 133.85, 150.00, 60, 61, 59, 11572, P0, Not Active, Not Active, Not Active
2026/07/20 00:59:05.071, 0, ${V100_GPU_0_UUID}, 00000000:01:00.0, 892, 877, 131.56, 150.00, 63, 65, 66, 10966, P0, Not Active, Not Active, Not Active
2026/07/20 00:59:05.079, 1, ${V100_GPU_1_UUID}, 00000000:02:00.0, 892, 877, 136.42, 150.00, 61, 63, 78, 11572, P0, Not Active, Not Active, Not Active
2026/07/20 00:59:05.174, 0, ${V100_GPU_0_UUID}, 00000000:01:00.0, 892, 877, 126.78, 150.00, 64, 65, 66, 10966, P0, Not Active, Not Active, Not Active
2026/07/20 00:59:05.180, 1, ${V100_GPU_1_UUID}, 00000000:02:00.0, 892, 877, 139.04, 150.00, 61, 63, 78, 11572, P0, Not Active, Not Active, Not Active
2026/07/20 00:59:05.274, 0, ${V100_GPU_0_UUID}, 00000000:01:00.0, 892, 877, 128.74, 150.00, 64, 66, 100, 10966, P0, Not Active, Not Active, Not Active
2026/07/20 00:59:05.279, 1, ${V100_GPU_1_UUID}, 00000000:02:00.0, 892, 877, 139.98, 150.00, 62, 63, 100, 11572, P0, Not Active, Not Active, Not Active
2026/07/20 00:59:05.374, 0, ${V100_GPU_0_UUID}, 00000000:01:00.0, 892, 877, 129.39, 150.00, 64, 66, 100, 10966, P0, Not Active, Not Active, Not Active
2026/07/20 00:59:05.380, 1, ${V100_GPU_1_UUID}, 00000000:02:00.0, 892, 877, 134.55, 150.00, 62, 63, 100, 11572, P0, Not Active, Not Active, Not Active
2026/07/20 00:59:05.474, 0, ${V100_GPU_0_UUID}, 00000000:01:00.0, 892, 877, 128.62, 150.00, 64, 66, 100, 10966, P0, Not Active, Not Active, Not Active
2026/07/20 00:59:05.480, 1, ${V100_GPU_1_UUID}, 00000000:02:00.0, 892, 877, 90.62, 150.00, 62, 63, 100, 11572, P0, Not Active, Not Active, Not Active
2026/07/20 00:59:05.575, 0, ${V100_GPU_0_UUID}, 00000000:01:00.0, 892, 877, 127.13, 150.00, 64, 65, 100, 10966, P0, Not Active, Not Active, Not Active
2026/07/20 00:59:05.580, 1, ${V100_GPU_1_UUID}, 00000000:02:00.0, 892, 877, 32.85, 150.00, 60, 63, 47, 11572, P0, Not Active, Not Active, Not Active
2026/07/20 00:59:05.663, 0, ${V100_GPU_0_UUID}, 00000000:01:00.0, 892, 877, 124.47, 150.00, 63, 64, 100, 10966, P0, Not Active, Not Active, Not Active
2026/07/20 00:59:05.678, 1, ${V100_GPU_1_UUID}, 00000000:02:00.0, 892, 877, 131.82, 150.00, 61, 62, 47, 11572, P0, Not Active, Not Active, Not Active
2026/07/20 00:59:05.776, 0, ${V100_GPU_0_UUID}, 00000000:01:00.0, 892, 877, 126.65, 150.00, 64, 65, 67, 10966, P0, Not Active, Not Active, Not Active
2026/07/20 00:59:05.782, 1, ${V100_GPU_1_UUID}, 00000000:02:00.0, 892, 877, 116.50, 150.00, 61, 63, 96, 11572, P0, Not Active, Not Active, Not Active
2026/07/20 00:59:05.874, 0, ${V100_GPU_0_UUID}, 00000000:01:00.0, 892, 877, 121.40, 150.00, 64, 65, 100, 10966, P0, Not Active, Not Active, Not Active
2026/07/20 00:59:05.881, 1, ${V100_GPU_1_UUID}, 00000000:02:00.0, 892, 877, 98.92, 150.00, 62, 63, 96, 11572, P0, Not Active, Not Active, Not Active
2026/07/20 00:59:05.978, 0, ${V100_GPU_0_UUID}, 00000000:01:00.0, 892, 877, 107.91, 150.00, 64, 66, 100, 10966, P0, Not Active, Not Active, Not Active
2026/07/20 00:59:05.983, 1, ${V100_GPU_1_UUID}, 00000000:02:00.0, 892, 877, 121.12, 150.00, 62, 63, 100, 11572, P0, Not Active, Not Active, Not Active
2026/07/20 00:59:06.080, 0, ${V100_GPU_0_UUID}, 00000000:01:00.0, 892, 877, 114.50, 150.00, 64, 66, 100, 10966, P0, Not Active, Not Active, Not Active
2026/07/20 00:59:06.085, 1, ${V100_GPU_1_UUID}, 00000000:02:00.0, 892, 877, 136.51, 150.00, 62, 64, 100, 11572, P0, Not Active, Not Active, Not Active
2026/07/20 00:59:06.180, 0, ${V100_GPU_0_UUID}, 00000000:01:00.0, 892, 877, 122.95, 150.00, 64, 66, 100, 10966, P0, Not Active, Not Active, Not Active
2026/07/20 00:59:06.185, 1, ${V100_GPU_1_UUID}, 00000000:02:00.0, 892, 877, 33.83, 150.00, 61, 64, 100, 11572, P0, Not Active, Not Active, Not Active
2026/07/20 00:59:06.268, 0, ${V100_GPU_0_UUID}, 00000000:01:00.0, 892, 877, 38.26, 150.00, 64, 65, 100, 10966, P0, Not Active, Not Active, Not Active
2026/07/20 00:59:06.275, 1, ${V100_GPU_1_UUID}, 00000000:02:00.0, 892, 877, 130.62, 150.00, 61, 61, 44, 11572, P0, Not Active, Not Active, Not Active
2026/07/20 00:59:06.360, 0, ${V100_GPU_0_UUID}, 00000000:01:00.0, 892, 877, 134.47, 150.00, 64, 65, 100, 10966, P0, Not Active, Not Active, Not Active
2026/07/20 00:59:06.367, 1, ${V100_GPU_1_UUID}, 00000000:02:00.0, 892, 877, 135.67, 150.00, 62, 63, 44, 11572, P0, Not Active, Not Active, Not Active
2026/07/20 00:59:06.463, 0, ${V100_GPU_0_UUID}, 00000000:01:00.0, 892, 877, 132.97, 150.00, 64, 66, 67, 10966, P0, Not Active, Not Active, Not Active
2026/07/20 00:59:06.468, 1, ${V100_GPU_1_UUID}, 00000000:02:00.0, 892, 877, 136.33, 150.00, 62, 64, 100, 11572, P0, Not Active, Not Active, Not Active
2026/07/20 00:59:06.563, 0, ${V100_GPU_0_UUID}, 00000000:01:00.0, 892, 877, 134.47, 150.00, 64, 66, 100, 10966, P0, Not Active, Not Active, Not Active
2026/07/20 00:59:06.569, 1, ${V100_GPU_1_UUID}, 00000000:02:00.0, 892, 877, 135.01, 150.00, 62, 63, 100, 11572, P0, Not Active, Not Active, Not Active
2026/07/20 00:59:06.663, 0, ${V100_GPU_0_UUID}, 00000000:01:00.0, 892, 877, 133.80, 150.00, 64, 66, 100, 10966, P0, Not Active, Not Active, Not Active
2026/07/20 00:59:06.669, 1, ${V100_GPU_1_UUID}, 00000000:02:00.0, 892, 877, 126.19, 150.00, 62, 64, 100, 11572, P0, Not Active, Not Active, Not Active
2026/07/20 00:59:06.764, 0, ${V100_GPU_0_UUID}, 00000000:01:00.0, 892, 877, 127.98, 150.00, 64, 66, 100, 10966, P0, Not Active, Not Active, Not Active
2026/07/20 00:59:06.771, 1, ${V100_GPU_1_UUID}, 00000000:02:00.0, 892, 877, 107.65, 150.00, 62, 64, 100, 11572, P0, Not Active, Not Active, Not Active
2026/07/20 00:59:06.867, 0, ${V100_GPU_0_UUID}, 00000000:01:00.0, 892, 877, 120.18, 150.00, 64, 66, 100, 10966, P0, Not Active, Not Active, Not Active
2026/07/20 00:59:06.873, 1, ${V100_GPU_1_UUID}, 00000000:02:00.0, 892, 877, 32.38, 150.00, 61, 64, 100, 11572, P0, Not Active, Not Active, Not Active
2026/07/20 00:59:06.956, 0, ${V100_GPU_0_UUID}, 00000000:01:00.0, 892, 877, 47.23, 150.00, 63, 64, 100, 10966, P0, Not Active, Not Active, Not Active
2026/07/20 00:59:06.963, 1, ${V100_GPU_1_UUID}, 00000000:02:00.0, 892, 877, 118.94, 150.00, 61, 63, 44, 11572, P0, Not Active, Not Active, Not Active
2026/07/20 00:59:07.048, 0, ${V100_GPU_0_UUID}, 00000000:01:00.0, 892, 877, 115.37, 150.00, 64, 66, 59, 10966, P0, Not Active, Not Active, Not Active
2026/07/20 00:59:07.054, 1, ${V100_GPU_1_UUID}, 00000000:02:00.0, 892, 877, 129.36, 150.00, 62, 63, 44, 11572, P0, Not Active, Not Active, Not Active
2026/07/20 00:59:07.149, 0, ${V100_GPU_0_UUID}, 00000000:01:00.0, 892, 877, 132.03, 150.00, 64, 66, 59, 10966, P0, Not Active, Not Active, Not Active
2026/07/20 00:59:07.154, 1, ${V100_GPU_1_UUID}, 00000000:02:00.0, 892, 877, 137.45, 150.00, 62, 64, 100, 11572, P0, Not Active, Not Active, Not Active
2026/07/20 00:59:07.250, 0, ${V100_GPU_0_UUID}, 00000000:01:00.0, 892, 877, 127.89, 150.00, 64, 66, 100, 10966, P0, Not Active, Not Active, Not Active
2026/07/20 00:59:07.256, 1, ${V100_GPU_1_UUID}, 00000000:02:00.0, 892, 877, 135.95, 150.00, 62, 64, 100, 11572, P0, Not Active, Not Active, Not Active
2026/07/20 00:59:07.351, 0, ${V100_GPU_0_UUID}, 00000000:01:00.0, 892, 877, 134.85, 150.00, 65, 66, 100, 10966, P0, Not Active, Not Active, Not Active
2026/07/20 00:59:07.357, 1, ${V100_GPU_1_UUID}, 00000000:02:00.0, 892, 877, 136.42, 150.00, 62, 64, 100, 11572, P0, Not Active, Not Active, Not Active
2026/07/20 00:59:07.451, 0, ${V100_GPU_0_UUID}, 00000000:01:00.0, 892, 877, 134.56, 150.00, 65, 66, 100, 10966, P0, Not Active, Not Active, Not Active
2026/07/20 00:59:07.457, 1, ${V100_GPU_1_UUID}, 00000000:02:00.0, 892, 877, 56.91, 150.00, 62, 64, 100, 11572, P0, Not Active, Not Active, Not Active
2026/07/20 00:59:07.549, 0, ${V100_GPU_0_UUID}, 00000000:01:00.0, 892, 877, 121.92, 150.00, 64, 66, 100, 10966, P0, Not Active, Not Active, Not Active
2026/07/20 00:59:07.557, 1, ${V100_GPU_1_UUID}, 00000000:02:00.0, 892, 877, 37.17, 150.00, 61, 60, 100, 11572, P0, Not Active, Not Active, Not Active
2026/07/20 00:59:07.640, 0, ${V100_GPU_0_UUID}, 00000000:01:00.0, 892, 877, 124.94, 150.00, 64, 64, 100, 10966, P0, Not Active, Not Active, Not Active
2026/07/20 00:59:07.657, 1, ${V100_GPU_1_UUID}, 00000000:02:00.0, 892, 877, 127.22, 150.00, 62, 63, 37, 11572, P0, Not Active, Not Active, Not Active
2026/07/20 00:59:07.752, 0, ${V100_GPU_0_UUID}, 00000000:01:00.0, 892, 877, 128.92, 150.00, 64, 66, 65, 10966, P0, Not Active, Not Active, Not Active
2026/07/20 00:59:07.759, 1, ${V100_GPU_1_UUID}, 00000000:02:00.0, 892, 877, 105.84, 150.00, 62, 64, 100, 11572, P0, Not Active, Not Active, Not Active
2026/07/20 00:59:07.854, 0, ${V100_GPU_0_UUID}, 00000000:01:00.0, 892, 877, 112.70, 150.00, 64, 67, 65, 10966, P0, Not Active, Not Active, Not Active
2026/07/20 00:59:07.860, 1, ${V100_GPU_1_UUID}, 00000000:02:00.0, 892, 877, 119.79, 150.00, 62, 64, 100, 11572, P0, Not Active, Not Active, Not Active
2026/07/20 00:59:07.956, 0, ${V100_GPU_0_UUID}, 00000000:01:00.0, 892, 877, 114.97, 150.00, 65, 67, 100, 10966, P0, Not Active, Not Active, Not Active
2026/07/20 00:59:07.962, 1, ${V100_GPU_1_UUID}, 00000000:02:00.0, 892, 877, 134.26, 150.00, 62, 64, 100, 11572, P0, Not Active, Not Active, Not Active
2026/07/20 00:59:08.060, 0, ${V100_GPU_0_UUID}, 00000000:01:00.0, 892, 877, 121.40, 150.00, 65, 67, 100, 10966, P0, Not Active, Not Active, Not Active
2026/07/20 00:59:08.065, 1, ${V100_GPU_1_UUID}, 00000000:02:00.0, 892, 877, 134.26, 150.00, 63, 64, 100, 11572, P0, Not Active, Not Active, Not Active
2026/07/20 00:59:08.158, 0, ${V100_GPU_0_UUID}, 00000000:01:00.0, 892, 877, 131.69, 150.00, 65, 67, 100, 10966, P0, Not Active, Not Active, Not Active
2026/07/20 00:59:08.165, 1, ${V100_GPU_1_UUID}, 00000000:02:00.0, 892, 877, 38.04, 150.00, 61, 64, 100, 11572, P0, Not Active, Not Active, Not Active
2026/07/20 00:59:08.248, 0, ${V100_GPU_0_UUID}, 00000000:01:00.0, 892, 877, 52.53, 150.00, 65, 66, 100, 10966, P0, Not Active, Not Active, Not Active
2026/07/20 00:59:08.255, 1, ${V100_GPU_1_UUID}, 00000000:02:00.0, 892, 877, 124.86, 150.00, 61, 62, 100, 11572, P0, Not Active, Not Active, Not Active
2026/07/20 00:59:08.337, 0, ${V100_GPU_0_UUID}, 00000000:01:00.0, 892, 877, 129.86, 150.00, 64, 65, 100, 10966, P0, Not Active, Not Active, Not Active
2026/07/20 00:59:08.342, 1, ${V100_GPU_1_UUID}, 00000000:02:00.0, 892, 877, 134.45, 150.00, 62, 63, 42, 11572, P0, Not Active, Not Active, Not Active
2026/07/20 00:59:08.440, 0, ${V100_GPU_0_UUID}, 00000000:01:00.0, 892, 877, 128.41, 150.00, 65, 66, 69, 10966, P0, Not Active, Not Active, Not Active
2026/07/20 00:59:08.445, 1, ${V100_GPU_1_UUID}, 00000000:02:00.0, 892, 877, 125.81, 150.00, 62, 64, 100, 11572, P0, Not Active, Not Active, Not Active
2026/07/20 00:59:08.536, 0, ${V100_GPU_0_UUID}, 00000000:01:00.0, 892, 877, 129.86, 150.00, 65, 67, 69, 10966, P0, Not Active, Not Active, Not Active
2026/07/20 00:59:08.544, 1, ${V100_GPU_1_UUID}, 00000000:02:00.0, 892, 877, 97.17, 150.00, 62, 64, 100, 11572, P0, Not Active, Not Active, Not Active
2026/07/20 00:59:08.639, 0, ${V100_GPU_0_UUID}, 00000000:01:00.0, 892, 877, 109.79, 150.00, 65, 67, 100, 10966, P0, Not Active, Not Active, Not Active
2026/07/20 00:59:08.645, 1, ${V100_GPU_1_UUID}, 00000000:02:00.0, 892, 877, 122.52, 150.00, 63, 64, 100, 11572, P0, Not Active, Not Active, Not Active
2026/07/20 00:59:08.741, 0, ${V100_GPU_0_UUID}, 00000000:01:00.0, 892, 877, 114.89, 150.00, 65, 67, 100, 10966, P0, Not Active, Not Active, Not Active
2026/07/20 00:59:08.748, 1, ${V100_GPU_1_UUID}, 00000000:02:00.0, 892, 877, 141.67, 150.00, 63, 65, 100, 11572, P0, Not Active, Not Active, Not Active
2026/07/20 00:59:08.843, 0, ${V100_GPU_0_UUID}, 00000000:01:00.0, 892, 877, 125.23, 150.00, 65, 67, 100, 10966, P0, Not Active, Not Active, Not Active
2026/07/20 00:59:08.850, 1, ${V100_GPU_1_UUID}, 00000000:02:00.0, 892, 877, 35.71, 150.00, 62, 64, 100, 11572, P0, Not Active, Not Active, Not Active
2026/07/20 00:59:08.933, 0, ${V100_GPU_0_UUID}, 00000000:01:00.0, 892, 877, 41.57, 150.00, 65, 66, 100, 10966, P0, Not Active, Not Active, Not Active
2026/07/20 00:59:08.938, 1, ${V100_GPU_1_UUID}, 00000000:02:00.0, 892, 877, 135.18, 150.00, 61, 62, 45, 11572, P0, Not Active, Not Active, Not Active
2026/07/20 00:59:09.023, 0, ${V100_GPU_0_UUID}, 00000000:01:00.0, 892, 877, 134.38, 150.00, 65, 66, 100, 10966, P0, Not Active, Not Active, Not Active
2026/07/20 00:59:09.029, 1, ${V100_GPU_1_UUID}, 00000000:02:00.0, 892, 877, 135.11, 150.00, 62, 64, 45, 11572, P0, Not Active, Not Active, Not Active
2026/07/20 00:59:09.126, 0, ${V100_GPU_0_UUID}, 00000000:01:00.0, 892, 877, 131.18, 150.00, 65, 67, 70, 10966, P0, Not Active, Not Active, Not Active
2026/07/20 00:59:09.131, 1, ${V100_GPU_1_UUID}, 00000000:02:00.0, 892, 877, 129.86, 150.00, 62, 64, 100, 11572, P0, Not Active, Not Active, Not Active
2026/07/20 00:59:09.227, 0, ${V100_GPU_0_UUID}, 00000000:01:00.0, 892, 877, 127.21, 150.00, 65, 67, 70, 10966, P0, Not Active, Not Active, Not Active
2026/07/20 00:59:09.232, 1, ${V100_GPU_1_UUID}, 00000000:02:00.0, 892, 877, 115.56, 150.00, 63, 64, 100, 11572, P0, Not Active, Not Active, Not Active
2026/07/20 00:59:09.324, 0, ${V100_GPU_0_UUID}, 00000000:01:00.0, 892, 877, 126.10, 150.00, 65, 67, 100, 10966, P0, Not Active, Not Active, Not Active
2026/07/20 00:59:09.331, 1, ${V100_GPU_1_UUID}, 00000000:02:00.0, 892, 877, 118.38, 150.00, 63, 65, 100, 11572, P0, Not Active, Not Active, Not Active
2026/07/20 00:59:09.428, 0, ${V100_GPU_0_UUID}, 00000000:01:00.0, 892, 877, 94.39, 150.00, 65, 67, 100, 10966, P0, Not Active, Not Active, Not Active
2026/07/20 00:59:09.433, 1, ${V100_GPU_1_UUID}, 00000000:02:00.0, 892, 877, 128.63, 150.00, 63, 64, 100, 11572, P0, Not Active, Not Active, Not Active
2026/07/20 00:59:09.531, 0, ${V100_GPU_0_UUID}, 00000000:01:00.0, 892, 877, 116.39, 150.00, 65, 67, 100, 10966, P0, Not Active, Not Active, Not Active
2026/07/20 00:59:09.536, 1, ${V100_GPU_1_UUID}, 00000000:02:00.0, 892, 877, 33.83, 150.00, 62, 65, 100, 11572, P0, Not Active, Not Active, Not Active
2026/07/20 00:59:09.618, 0, ${V100_GPU_0_UUID}, 00000000:01:00.0, 892, 877, 37.76, 150.00, 64, 66, 100, 10966, P0, Not Active, Not Active, Not Active
2026/07/20 00:59:09.624, 1, ${V100_GPU_1_UUID}, 00000000:02:00.0, 892, 877, 135.74, 150.00, 62, 62, 48, 11572, P0, Not Active, Not Active, Not Active
2026/07/20 00:59:09.711, 0, ${V100_GPU_0_UUID}, 00000000:01:00.0, 892, 877, 129.77, 150.00, 65, 66, 100, 10966, P0, Not Active, Not Active, Not Active
2026/07/20 00:59:09.718, 1, ${V100_GPU_1_UUID}, 00000000:02:00.0, 892, 877, 134.26, 150.00, 63, 64, 48, 11572, P0, Not Active, Not Active, Not Active
2026/07/20 00:59:09.813, 0, ${V100_GPU_0_UUID}, 00000000:01:00.0, 892, 877, 137.19, 150.00, 65, 67, 66, 10966, P0, Not Active, Not Active, Not Active
2026/07/20 00:59:09.819, 1, ${V100_GPU_1_UUID}, 00000000:02:00.0, 892, 877, 141.95, 150.00, 63, 64, 100, 11572, P0, Not Active, Not Active, Not Active
2026/07/20 00:59:09.914, 0, ${V100_GPU_0_UUID}, 00000000:01:00.0, 892, 877, 132.01, 150.00, 65, 67, 100, 10966, P0, Not Active, Not Active, Not Active
2026/07/20 00:59:09.920, 1, ${V100_GPU_1_UUID}, 00000000:02:00.0, 892, 877, 124.40, 150.00, 63, 65, 100, 11572, P0, Not Active, Not Active, Not Active
2026/07/20 00:59:10.014, 0, ${V100_GPU_0_UUID}, 00000000:01:00.0, 892, 877, 130.71, 150.00, 65, 67, 100, 10966, P0, Not Active, Not Active, Not Active
2026/07/20 00:59:10.019, 1, ${V100_GPU_1_UUID}, 00000000:02:00.0, 892, 877, 87.26, 150.00, 63, 65, 100, 11572, P0, Not Active, Not Active, Not Active
2026/07/20 00:59:10.116, 0, ${V100_GPU_0_UUID}, 00000000:01:00.0, 892, 877, 103.35, 150.00, 65, 68, 100, 10966, P0, Not Active, Not Active, Not Active
2026/07/20 00:59:10.122, 1, ${V100_GPU_1_UUID}, 00000000:02:00.0, 892, 877, 122.14, 150.00, 63, 65, 100, 11572, P0, Not Active, Not Active, Not Active
2026/07/20 00:59:10.217, 0, ${V100_GPU_0_UUID}, 00000000:01:00.0, 892, 877, 116.39, 150.00, 66, 67, 100, 10966, P0, Not Active, Not Active, Not Active
2026/07/20 00:59:10.223, 1, ${V100_GPU_1_UUID}, 00000000:02:00.0, 892, 877, 33.83, 150.00, 62, 66, 100, 11572, P0, Not Active, Not Active, Not Active
2026/07/20 00:59:10.307, 0, ${V100_GPU_0_UUID}, 00000000:01:00.0, 892, 877, 37.79, 150.00, 64, 65, 100, 10966, P0, Not Active, Not Active, Not Active
2026/07/20 00:59:10.312, 1, ${V100_GPU_1_UUID}, 00000000:02:00.0, 892, 877, 137.63, 150.00, 62, 63, 45, 11572, P0, Not Active, Not Active, Not Active
2026/07/20 00:59:10.400, 0, ${V100_GPU_0_UUID}, 00000000:01:00.0, 892, 877, 122.81, 150.00, 65, 67, 100, 10966, P0, Not Active, Not Active, Not Active
2026/07/20 00:59:10.405, 1, ${V100_GPU_1_UUID}, 00000000:02:00.0, 892, 877, 133.70, 150.00, 63, 64, 45, 11572, P0, Not Active, Not Active, Not Active
2026/07/20 00:59:10.499, 0, ${V100_GPU_0_UUID}, 00000000:01:00.0, 892, 877, 133.06, 150.00, 65, 67, 70, 10966, P0, Not Active, Not Active, Not Active
2026/07/20 00:59:10.505, 1, ${V100_GPU_1_UUID}, 00000000:02:00.0, 892, 877, 137.36, 150.00, 63, 65, 100, 11572, P0, Not Active, Not Active, Not Active
2026/07/20 00:59:10.601, 0, ${V100_GPU_0_UUID}, 00000000:01:00.0, 892, 877, 131.07, 150.00, 65, 67, 100, 10966, P0, Not Active, Not Active, Not Active
2026/07/20 00:59:10.606, 1, ${V100_GPU_1_UUID}, 00000000:02:00.0, 892, 877, 123.55, 150.00, 63, 65, 100, 11572, P0, Not Active, Not Active, Not Active
2026/07/20 00:59:10.698, 0, ${V100_GPU_0_UUID}, 00000000:01:00.0, 892, 877, 125.63, 150.00, 65, 67, 100, 10966, P0, Not Active, Not Active, Not Active
2026/07/20 00:59:10.705, 1, ${V100_GPU_1_UUID}, 00000000:02:00.0, 892, 877, 121.20, 150.00, 63, 65, 100, 11572, P0, Not Active, Not Active, Not Active
2026/07/20 00:59:10.789, 0, ${V100_GPU_0_UUID}, 00000000:01:00.0, 892, 877, 86.20, 150.00, 65, 68, 100, 10966, P0, Not Active, Not Active, Not Active
2026/07/20 00:59:10.805, 1, ${V100_GPU_1_UUID}, 00000000:02:00.0, 892, 877, 139.89, 150.00, 63, 65, 100, 11572, P0, Not Active, Not Active, Not Active
2026/07/20 00:59:10.887, 0, ${V100_GPU_0_UUID}, 00000000:01:00.0, 892, 877, 129.32, 150.00, 66, 67, 100, 10966, P0, Not Active, Not Active, Not Active
2026/07/20 00:59:10.894, 1, ${V100_GPU_1_UUID}, 00000000:02:00.0, 892, 877, 38.09, 150.00, 62, 65, 100, 11572, P0, Not Active, Not Active, Not Active
2026/07/20 00:59:10.976, 0, ${V100_GPU_0_UUID}, 00000000:01:00.0, 892, 877, 45.35, 150.00, 65, 66, 100, 10966, P0, Not Active, Not Active, Not Active
2026/07/20 00:59:10.982, 1, ${V100_GPU_1_UUID}, 00000000:02:00.0, 892, 877, 126.75, 150.00, 62, 63, 47, 11572, P0, Not Active, Not Active, Not Active
2026/07/20 00:59:11.065, 0, ${V100_GPU_0_UUID}, 00000000:01:00.0, 892, 877, 131.56, 150.00, 65, 67, 100, 10966, P0, Not Active, Not Active, Not Active
2026/07/20 00:59:11.071, 1, ${V100_GPU_1_UUID}, 00000000:02:00.0, 892, 877, 133.70, 150.00, 63, 65, 47, 11572, P0, Not Active, Not Active, Not Active
2026/07/20 00:59:11.164, 0, ${V100_GPU_0_UUID}, 00000000:01:00.0, 892, 877, 133.71, 150.00, 65, 67, 73, 10966, P0, Not Active, Not Active, Not Active
2026/07/20 00:59:11.169, 1, ${V100_GPU_1_UUID}, 00000000:02:00.0, 892, 877, 112.27, 150.00, 63, 65, 100, 11572, P0, Not Active, Not Active, Not Active
2026/07/20 00:59:11.262, 0, ${V100_GPU_0_UUID}, 00000000:01:00.0, 892, 877, 129.21, 150.00, 65, 67, 100, 10966, P0, Not Active, Not Active, Not Active
2026/07/20 00:59:11.269, 1, ${V100_GPU_1_UUID}, 00000000:02:00.0, 892, 877, 123.93, 150.00, 63, 65, 100, 11572, P0, Not Active, Not Active, Not Active
2026/07/20 00:59:11.351, 0, ${V100_GPU_0_UUID}, 00000000:01:00.0, 892, 877, 82.83, 150.00, 66, 68, 100, 10966, P0, Not Active, Not Active, Not Active
2026/07/20 00:59:11.368, 1, ${V100_GPU_1_UUID}, 00000000:02:00.0, 892, 877, 134.26, 150.00, 63, 65, 100, 11572, P0, Not Active, Not Active, Not Active
2026/07/20 00:59:11.454, 0, ${V100_GPU_0_UUID}, 00000000:01:00.0, 892, 877, 118.66, 150.00, 66, 68, 100, 10966, P0, Not Active, Not Active, Not Active
2026/07/20 00:59:11.470, 1, ${V100_GPU_1_UUID}, 00000000:02:00.0, 892, 877, 139.33, 150.00, 63, 66, 100, 11572, P0, Not Active, Not Active, Not Active
2026/07/20 00:59:11.554, 0, ${V100_GPU_0_UUID}, 00000000:01:00.0, 892, 877, 133.60, 150.00, 66, 68, 100, 10966, P0, Not Active, Not Active, Not Active
2026/07/20 00:59:11.571, 1, ${V100_GPU_1_UUID}, 00000000:02:00.0, 892, 877, 55.05, 150.00, 63, 65, 100, 11572, P0, Not Active, Not Active, Not Active
2026/07/20 00:59:11.654, 0, ${V100_GPU_0_UUID}, 00000000:01:00.0, 892, 877, 55.32, 150.00, 66, 68, 100, 10966, P0, Not Active, Not Active, Not Active
2026/07/20 00:59:11.663, 1, ${V100_GPU_1_UUID}, 00000000:02:00.0, 892, 877, 126.28, 150.00, 62, 62, 51, 11572, P0, Not Active, Not Active, Not Active
2026/07/20 00:59:11.748, 0, ${V100_GPU_0_UUID}, 00000000:01:00.0, 892, 877, 134.94, 150.00, 65, 67, 100, 10966, P0, Not Active, Not Active, Not Active
2026/07/20 00:59:11.754, 1, ${V100_GPU_1_UUID}, 00000000:02:00.0, 892, 877, 120.26, 150.00, 63, 64, 51, 11572, P0, Not Active, Not Active, Not Active
2026/07/20 00:59:11.837, 0, ${V100_GPU_0_UUID}, 00000000:01:00.0, 892, 877, 135.41, 150.00, 66, 67, 70, 10966, P0, Not Active, Not Active, Not Active
2026/07/20 00:59:11.853, 1, ${V100_GPU_1_UUID}, 00000000:02:00.0, 892, 877, 116.97, 150.00, 63, 65, 100, 11572, P0, Not Active, Not Active, Not Active
2026/07/20 00:59:11.936, 0, ${V100_GPU_0_UUID}, 00000000:01:00.0, 892, 877, 117.56, 150.00, 66, 68, 100, 10966, P0, Not Active, Not Active, Not Active
2026/07/20 00:59:11.950, 1, ${V100_GPU_1_UUID}, 00000000:02:00.0, 892, 877, 137.92, 150.00, 63, 65, 100, 11572, P0, Not Active, Not Active, Not Active
2026/07/20 00:59:12.033, 0, ${V100_GPU_0_UUID}, 00000000:01:00.0, 892, 877, 119.60, 150.00, 66, 68, 100, 10966, P0, Not Active, Not Active, Not Active
2026/07/20 00:59:12.038, 1, ${V100_GPU_1_UUID}, 00000000:02:00.0, 892, 877, 141.21, 150.00, 63, 66, 100, 11572, P0, Not Active, Not Active, Not Active
2026/07/20 00:59:12.136, 0, ${V100_GPU_0_UUID}, 00000000:01:00.0, 892, 877, 132.50, 150.00, 66, 68, 100, 10966, P0, Not Active, Not Active, Not Active
2026/07/20 00:59:12.141, 1, ${V100_GPU_1_UUID}, 00000000:02:00.0, 892, 877, 140.08, 150.00, 63, 66, 100, 11572, P0, Not Active, Not Active, Not Active
2026/07/20 00:59:12.235, 0, ${V100_GPU_0_UUID}, 00000000:01:00.0, 892, 877, 131.54, 150.00, 66, 68, 100, 10966, P0, Not Active, Not Active, Not Active
2026/07/20 00:59:12.240, 1, ${V100_GPU_1_UUID}, 00000000:02:00.0, 892, 877, 118.46, 150.00, 63, 65, 100, 11572, P0, Not Active, Not Active, Not Active
2026/07/20 00:59:12.332, 0, ${V100_GPU_0_UUID}, 00000000:01:00.0, 892, 877, 123.34, 150.00, 66, 68, 100, 10966, P0, Not Active, Not Active, Not Active
2026/07/20 00:59:12.338, 1, ${V100_GPU_1_UUID}, 00000000:02:00.0, 892, 877, 32.88, 150.00, 62, 64, 63, 11572, P0, Not Active, Not Active, Not Active
2026/07/20 00:59:12.421, 0, ${V100_GPU_0_UUID}, 00000000:01:00.0, 892, 877, 126.18, 150.00, 65, 66, 66, 10966, P0, Not Active, Not Active, Not Active
2026/07/20 00:59:12.437, 1, ${V100_GPU_1_UUID}, 00000000:02:00.0, 892, 877, 92.04, 150.00, 63, 65, 63, 11572, P0, Not Active, Not Active, Not Active
2026/07/20 00:59:12.519, 0, ${V100_GPU_0_UUID}, 00000000:01:00.0, 892, 877, 91.15, 150.00, 66, 68, 66, 10966, P0, Not Active, Not Active, Not Active
2026/07/20 00:59:12.524, 1, ${V100_GPU_1_UUID}, 00000000:02:00.0, 892, 877, 127.31, 150.00, 63, 65, 84, 11572, P0, Not Active, Not Active, Not Active
2026/07/20 00:59:12.619, 0, ${V100_GPU_0_UUID}, 00000000:01:00.0, 892, 877, 118.58, 150.00, 66, 68, 100, 10966, P0, Not Active, Not Active, Not Active
2026/07/20 00:59:12.625, 1, ${V100_GPU_1_UUID}, 00000000:02:00.0, 892, 877, 142.51, 150.00, 64, 65, 84, 11572, P0, Not Active, Not Active, Not Active
2026/07/20 00:59:12.720, 0, ${V100_GPU_0_UUID}, 00000000:01:00.0, 892, 877, 130.62, 150.00, 66, 68, 100, 10966, P0, Not Active, Not Active, Not Active
2026/07/20 00:59:12.725, 1, ${V100_GPU_1_UUID}, 00000000:02:00.0, 892, 877, 134.08, 150.00, 63, 66, 100, 11572, P0, Not Active, Not Active, Not Active
2026/07/20 00:59:12.821, 0, ${V100_GPU_0_UUID}, 00000000:01:00.0, 892, 877, 133.80, 150.00, 66, 68, 100, 10966, P0, Not Active, Not Active, Not Active
2026/07/20 00:59:12.826, 1, ${V100_GPU_1_UUID}, 00000000:02:00.0, 892, 877, 123.85, 150.00, 63, 65, 100, 11572, P0, Not Active, Not Active, Not Active
2026/07/20 00:59:12.919, 0, ${V100_GPU_0_UUID}, 00000000:01:00.0, 892, 877, 125.63, 150.00, 66, 68, 100, 10966, P0, Not Active, Not Active, Not Active
2026/07/20 00:59:12.925, 1, ${V100_GPU_1_UUID}, 00000000:02:00.0, 892, 877, 107.25, 150.00, 64, 66, 100, 11572, P0, Not Active, Not Active, Not Active
2026/07/20 00:59:13.022, 0, ${V100_GPU_0_UUID}, 00000000:01:00.0, 892, 877, 88.74, 150.00, 66, 69, 100, 10966, P0, Not Active, Not Active, Not Active
2026/07/20 00:59:13.027, 1, ${V100_GPU_1_UUID}, 00000000:02:00.0, 892, 877, 33.42, 150.00, 62, 66, 84, 11572, P0, Not Active, Not Active, Not Active
2026/07/20 00:59:13.110, 0, ${V100_GPU_0_UUID}, 00000000:01:00.0, 892, 877, 108.06, 150.00, 65, 67, 75, 10966, P0, Not Active, Not Active, Not Active
2026/07/20 00:59:13.119, 1, ${V100_GPU_1_UUID}, 00000000:02:00.0, 892, 877, 125.90, 150.00, 63, 64, 84, 11572, P0, Not Active, Not Active, Not Active
2026/07/20 00:59:13.204, 0, ${V100_GPU_0_UUID}, 00000000:01:00.0, 892, 877, 113.95, 150.00, 66, 68, 75, 10966, P0, Not Active, Not Active, Not Active
2026/07/20 00:59:13.209, 1, ${V100_GPU_1_UUID}, 00000000:02:00.0, 892, 877, 140.27, 150.00, 63, 65, 61, 11572, P0, Not Active, Not Active, Not Active
2026/07/20 00:59:13.306, 0, ${V100_GPU_0_UUID}, 00000000:01:00.0, 892, 877, 127.89, 150.00, 66, 68, 100, 10966, P0, Not Active, Not Active, Not Active
2026/07/20 00:59:13.312, 1, ${V100_GPU_1_UUID}, 00000000:02:00.0, 892, 877, 139.14, 150.00, 63, 66, 100, 11572, P0, Not Active, Not Active, Not Active
2026/07/20 00:59:13.406, 0, ${V100_GPU_0_UUID}, 00000000:01:00.0, 892, 877, 132.10, 150.00, 66, 68, 100, 10966, P0, Not Active, Not Active, Not Active
2026/07/20 00:59:13.412, 1, ${V100_GPU_1_UUID}, 00000000:02:00.0, 892, 877, 123.08, 150.00, 63, 65, 100, 11572, P0, Not Active, Not Active, Not Active
2026/07/20 00:59:13.504, 0, ${V100_GPU_0_UUID}, 00000000:01:00.0, 892, 877, 127.98, 150.00, 66, 68, 100, 10966, P0, Not Active, Not Active, Not Active
2026/07/20 00:59:13.510, 1, ${V100_GPU_1_UUID}, 00000000:02:00.0, 892, 877, 117.91, 150.00, 64, 66, 100, 11572, P0, Not Active, Not Active, Not Active
2026/07/20 00:59:13.608, 0, ${V100_GPU_0_UUID}, 00000000:01:00.0, 892, 877, 109.87, 150.00, 66, 69, 100, 10966, P0, Not Active, Not Active, Not Active
2026/07/20 00:59:13.613, 1, ${V100_GPU_1_UUID}, 00000000:02:00.0, 892, 877, 132.11, 150.00, 64, 66, 100, 11572, P0, Not Active, Not Active, Not Active
2026/07/20 00:59:13.710, 0, ${V100_GPU_0_UUID}, 00000000:01:00.0, 892, 877, 115.36, 150.00, 66, 69, 100, 10966, P0, Not Active, Not Active, Not Active
2026/07/20 00:59:13.716, 1, ${V100_GPU_1_UUID}, 00000000:02:00.0, 892, 877, 36.21, 150.00, 63, 66, 100, 11572, P0, Not Active, Not Active, Not Active
2026/07/20 00:59:13.801, 0, ${V100_GPU_0_UUID}, 00000000:01:00.0, 892, 877, 38.24, 150.00, 65, 67, 87, 10966, P0, Not Active, Not Active, Not Active
2026/07/20 00:59:13.806, 1, ${V100_GPU_1_UUID}, 00000000:02:00.0, 892, 877, 134.79, 150.00, 63, 64, 100, 11572, P0, Not Active, Not Active, Not Active
2026/07/20 00:59:13.889, 0, ${V100_GPU_0_UUID}, 00000000:01:00.0, 892, 877, 125.07, 150.00, 66, 67, 87, 10966, P0, Not Active, Not Active, Not Active
2026/07/20 00:59:13.894, 1, ${V100_GPU_1_UUID}, 00000000:02:00.0, 892, 877, 136.98, 150.00, 63, 66, 53, 11572, P0, Not Active, Not Active, Not Active
2026/07/20 00:59:13.990, 0, ${V100_GPU_0_UUID}, 00000000:01:00.0, 892, 877, 130.04, 150.00, 66, 68, 84, 10966, P0, Not Active, Not Active, Not Active
2026/07/20 00:59:13.995, 1, ${V100_GPU_1_UUID}, 00000000:02:00.0, 892, 877, 123.38, 150.00, 63, 66, 100, 11572, P0, Not Active, Not Active, Not Active
2026/07/20 00:59:14.088, 0, ${V100_GPU_0_UUID}, 00000000:01:00.0, 892, 877, 129.86, 150.00, 66, 68, 84, 10966, P0, Not Active, Not Active, Not Active
2026/07/20 00:59:14.095, 1, ${V100_GPU_1_UUID}, 00000000:02:00.0, 892, 877, 115.64, 150.00, 64, 66, 100, 11572, P0, Not Active, Not Active, Not Active
2026/07/20 00:59:14.191, 0, ${V100_GPU_0_UUID}, 00000000:01:00.0, 892, 877, 98.63, 150.00, 66, 69, 100, 10966, P0, Not Active, Not Active, Not Active
2026/07/20 00:59:14.196, 1, ${V100_GPU_1_UUID}, 00000000:02:00.0, 892, 877, 128.54, 150.00, 64, 65, 100, 11572, P0, Not Active, Not Active, Not Active
2026/07/20 00:59:14.294, 0, ${V100_GPU_0_UUID}, 00000000:01:00.0, 892, 877, 116.70, 150.00, 66, 69, 100, 10966, P0, Not Active, Not Active, Not Active
2026/07/20 00:59:14.299, 1, ${V100_GPU_1_UUID}, 00000000:02:00.0, 892, 877, 139.99, 150.00, 64, 66, 100, 11572, P0, Not Active, Not Active, Not Active
2026/07/20 00:59:14.395, 0, ${V100_GPU_0_UUID}, 00000000:01:00.0, 892, 877, 133.60, 150.00, 67, 68, 100, 10966, P0, Not Active, Not Active, Not Active
2026/07/20 00:59:14.401, 1, ${V100_GPU_1_UUID}, 00000000:02:00.0, 892, 877, 52.20, 150.00, 63, 66, 100, 11572, P0, Not Active, Not Active, Not Active
2026/07/20 00:59:14.488, 0, ${V100_GPU_0_UUID}, 00000000:01:00.0, 892, 877, 59.12, 150.00, 66, 68, 100, 10966, P0, Not Active, Not Active, Not Active
2026/07/20 00:59:14.494, 1, ${V100_GPU_1_UUID}, 00000000:02:00.0, 892, 877, 115.01, 150.00, 63, 63, 100, 11572, P0, Not Active, Not Active, Not Active
2026/07/20 00:59:14.575, 0, ${V100_GPU_0_UUID}, 00000000:01:00.0, 892, 877, 132.10, 150.00, 66, 67, 100, 10966, P0, Not Active, Not Active, Not Active
2026/07/20 00:59:14.581, 1, ${V100_GPU_1_UUID}, 00000000:02:00.0, 892, 877, 117.36, 150.00, 63, 66, 48, 11572, P0, Not Active, Not Active, Not Active
2026/07/20 00:59:14.671, 0, ${V100_GPU_0_UUID}, 00000000:01:00.0, 892, 877, 124.69, 150.00, 66, 68, 74, 10966, P0, Not Active, Not Active, Not Active
2026/07/20 00:59:14.678, 1, ${V100_GPU_1_UUID}, 00000000:02:00.0, 892, 877, 123.46, 150.00, 64, 66, 100, 11572, P0, Not Active, Not Active, Not Active
2026/07/20 00:59:14.760, 0, ${V100_GPU_0_UUID}, 00000000:01:00.0, 892, 877, 86.14, 150.00, 66, 69, 74, 10966, P0, Not Active, Not Active, Not Active
2026/07/20 00:59:14.776, 1, ${V100_GPU_1_UUID}, 00000000:02:00.0, 892, 877, 142.05, 150.00, 64, 66, 100, 11572, P0, Not Active, Not Active, Not Active
2026/07/20 00:59:14.858, 0, ${V100_GPU_0_UUID}, 00000000:01:00.0, 892, 877, 135.69, 150.00, 67, 69, 100, 10966, P0, Not Active, Not Active, Not Active
2026/07/20 00:59:14.864, 1, ${V100_GPU_1_UUID}, 00000000:02:00.0, 892, 877, 137.73, 150.00, 64, 66, 100, 11572, P0, Not Active, Not Active, Not Active
2026/07/20 00:59:14.959, 0, ${V100_GPU_0_UUID}, 00000000:01:00.0, 892, 877, 135.50, 150.00, 66, 68, 100, 10966, P0, Not Active, Not Active, Not Active
2026/07/20 00:59:14.965, 1, ${V100_GPU_1_UUID}, 00000000:02:00.0, 892, 877, 102.15, 150.00, 64, 66, 100, 11572, P0, Not Active, Not Active, Not Active
2026/07/20 00:59:15.056, 0, ${V100_GPU_0_UUID}, 00000000:01:00.0, 892, 877, 125.07, 150.00, 66, 68, 100, 10966, P0, Not Active, Not Active, Not Active
2026/07/20 00:59:15.063, 1, ${V100_GPU_1_UUID}, 00000000:02:00.0, 892, 877, 125.81, 150.00, 64, 66, 100, 11572, P0, Not Active, Not Active, Not Active
2026/07/20 00:59:15.145, 0, ${V100_GPU_0_UUID}, 00000000:01:00.0, 892, 877, 114.01, 150.00, 67, 69, 100, 10966, P0, Not Active, Not Active, Not Active
2026/07/20 00:59:15.160, 1, ${V100_GPU_1_UUID}, 00000000:02:00.0, 892, 877, 34.38, 150.00, 63, 67, 100, 11572, P0, Not Active, Not Active, Not Active
2026/07/20 00:59:15.243, 0, ${V100_GPU_0_UUID}, 00000000:01:00.0, 892, 877, 37.76, 150.00, 66, 67, 100, 10966, P0, Not Active, Not Active, Not Active
2026/07/20 00:59:15.250, 1, ${V100_GPU_1_UUID}, 00000000:02:00.0, 892, 877, 129.36, 150.00, 63, 64, 61, 11572, P0, Not Active, Not Active, Not Active
2026/07/20 00:59:15.344, 0, ${V100_GPU_0_UUID}, 00000000:01:00.0, 892, 877, 116.23, 150.00, 66, 68, 70, 10966, P0, Not Active, Not Active, Not Active
2026/07/20 00:59:15.350, 1, ${V100_GPU_1_UUID}, 00000000:02:00.0, 892, 877, 136.98, 150.00, 64, 66, 90, 11572, P0, Not Active, Not Active, Not Active
2026/07/20 00:59:15.443, 0, ${V100_GPU_0_UUID}, 00000000:01:00.0, 892, 877, 129.86, 150.00, 66, 69, 70, 10966, P0, Not Active, Not Active, Not Active
2026/07/20 00:59:15.448, 1, ${V100_GPU_1_UUID}, 00000000:02:00.0, 892, 877, 129.39, 150.00, 64, 66, 90, 11572, P0, Not Active, Not Active, Not Active
2026/07/20 00:59:15.544, 0, ${V100_GPU_0_UUID}, 00000000:01:00.0, 892, 877, 131.65, 150.00, 66, 69, 100, 10966, P0, Not Active, Not Active, Not Active
2026/07/20 00:59:15.549, 1, ${V100_GPU_1_UUID}, 00000000:02:00.0, 892, 877, 81.71, 150.00, 64, 66, 100, 11572, P0, Not Active, Not Active, Not Active
2026/07/20 00:59:15.643, 0, ${V100_GPU_0_UUID}, 00000000:01:00.0, 892, 877, 112.00, 150.00, 66, 68, 100, 10966, P0, Not Active, Not Active, Not Active
2026/07/20 00:59:15.650, 1, ${V100_GPU_1_UUID}, 00000000:02:00.0, 892, 877, 121.20, 150.00, 64, 66, 100, 11572, P0, Not Active, Not Active, Not Active
2026/07/20 00:59:15.746, 0, ${V100_GPU_0_UUID}, 00000000:01:00.0, 892, 877, 115.29, 150.00, 67, 69, 100, 10966, P0, Not Active, Not Active, Not Active
2026/07/20 00:59:15.753, 1, ${V100_GPU_1_UUID}, 00000000:02:00.0, 892, 877, 136.42, 150.00, 64, 66, 100, 11572, P0, Not Active, Not Active, Not Active
2026/07/20 00:59:15.846, 0, ${V100_GPU_0_UUID}, 00000000:01:00.0, 892, 877, 135.96, 150.00, 67, 69, 100, 10966, P0, Not Active, Not Active, Not Active
2026/07/20 00:59:15.852, 1, ${V100_GPU_1_UUID}, 00000000:02:00.0, 892, 877, 53.15, 150.00, 64, 67, 92, 11572, P0, Not Active, Not Active, Not Active
2026/07/20 00:59:15.938, 0, ${V100_GPU_0_UUID}, 00000000:01:00.0, 892, 877, 64.31, 150.00, 67, 69, 100, 10966, P0, Not Active, Not Active, Not Active
2026/07/20 00:59:15.946, 1, ${V100_GPU_1_UUID}, 00000000:02:00.0, 892, 877, 118.24, 150.00, 62, 64, 92, 11572, P0, Not Active, Not Active, Not Active
2026/07/20 00:59:16.029, 0, ${V100_GPU_0_UUID}, 00000000:01:00.0, 892, 877, 135.78, 150.00, 66, 68, 77, 10966, P0, Not Active, Not Active, Not Active
2026/07/20 00:59:16.034, 1, ${V100_GPU_1_UUID}, 00000000:02:00.0, 892, 877, 121.50, 150.00, 64, 66, 55, 11572, P0, Not Active, Not Active, Not Active
2026/07/20 00:59:16.127, 0, ${V100_GPU_0_UUID}, 00000000:01:00.0, 892, 877, 131.09, 150.00, 66, 68, 77, 10966, P0, Not Active, Not Active, Not Active
2026/07/20 00:59:16.134, 1, ${V100_GPU_1_UUID}, 00000000:02:00.0, 892, 877, 117.83, 150.00, 64, 66, 55, 11572, P0, Not Active, Not Active, Not Active
2026/07/20 00:59:16.234, 0, ${V100_GPU_0_UUID}, 00000000:01:00.0, 892, 877, 118.97, 150.00, 66, 69, 100, 10966, P0, Not Active, Not Active, Not Active
2026/07/20 00:59:16.249, 1, ${V100_GPU_1_UUID}, 00000000:02:00.0, 892, 877, 139.04, 150.00, 64, 67, 100, 11572, P0, Not Active, Not Active, Not Active
2026/07/20 00:59:16.333, 0, ${V100_GPU_0_UUID}, 00000000:01:00.0, 892, 877, 113.95, 150.00, 67, 69, 100, 10966, P0, Not Active, Not Active, Not Active
2026/07/20 00:59:16.351, 1, ${V100_GPU_1_UUID}, 00000000:02:00.0, 892, 877, 142.81, 150.00, 64, 66, 100, 11572, P0, Not Active, Not Active, Not Active
2026/07/20 00:59:16.435, 0, ${V100_GPU_0_UUID}, 00000000:01:00.0, 892, 877, 130.62, 150.00, 67, 69, 100, 10966, P0, Not Active, Not Active, Not Active
2026/07/20 00:59:16.455, 1, ${V100_GPU_1_UUID}, 00000000:02:00.0, 892, 877, 137.45, 150.00, 64, 66, 100, 11572, P0, Not Active, Not Active, Not Active
2026/07/20 00:59:16.537, 0, ${V100_GPU_0_UUID}, 00000000:01:00.0, 892, 877, 132.50, 150.00, 67, 69, 100, 10966, P0, Not Active, Not Active, Not Active
2026/07/20 00:59:16.556, 1, ${V100_GPU_1_UUID}, 00000000:02:00.0, 892, 877, 95.62, 150.00, 64, 66, 100, 11572, P0, Not Active, Not Active, Not Active
2026/07/20 00:59:16.638, 0, ${V100_GPU_0_UUID}, 00000000:01:00.0, 892, 877, 125.62, 150.00, 67, 69, 100, 10966, P0, Not Active, Not Active, Not Active
2026/07/20 00:59:16.655, 1, ${V100_GPU_1_UUID}, 00000000:02:00.0, 892, 877, 50.00, 150.00, 63, 64, 100, 11572, P0, Not Active, Not Active, Not Active
2026/07/20 00:59:16.738, 0, ${V100_GPU_0_UUID}, 00000000:01:00.0, 892, 877, 130.33, 150.00, 66, 68, 100, 10966, P0, Not Active, Not Active, Not Active
2026/07/20 00:59:16.743, 1, ${V100_GPU_1_UUID}, 00000000:02:00.0, 892, 877, 105.44, 150.00, 64, 66, 53, 11572, P0, Not Active, Not Active, Not Active
2026/07/20 00:59:16.838, 0, ${V100_GPU_0_UUID}, 00000000:01:00.0, 892, 877, 114.35, 150.00, 66, 68, 76, 10966, P0, Not Active, Not Active, Not Active
2026/07/20 00:59:16.844, 1, ${V100_GPU_1_UUID}, 00000000:02:00.0, 892, 877, 129.10, 150.00, 64, 66, 100, 11572, P0, Not Active, Not Active, Not Active
2026/07/20 00:59:16.940, 0, ${V100_GPU_0_UUID}, 00000000:01:00.0, 892, 877, 94.05, 150.00, 67, 70, 76, 10966, P0, Not Active, Not Active, Not Active
2026/07/20 00:59:16.958, 1, ${V100_GPU_1_UUID}, 00000000:02:00.0, 892, 877, 138.20, 150.00, 64, 67, 100, 11572, P0, Not Active, Not Active, Not Active
2026/07/20 00:59:17.040, 0, ${V100_GPU_0_UUID}, 00000000:01:00.0, 892, 877, 136.26, 150.00, 67, 69, 100, 10966, P0, Not Active, Not Active, Not Active
2026/07/20 00:59:17.046, 1, ${V100_GPU_1_UUID}, 00000000:02:00.0, 892, 877, 134.64, 150.00, 64, 67, 100, 11572, P0, Not Active, Not Active, Not Active
2026/07/20 00:59:17.141, 0, ${V100_GPU_0_UUID}, 00000000:01:00.0, 892, 877, 131.18, 150.00, 67, 69, 100, 10966, P0, Not Active, Not Active, Not Active
2026/07/20 00:59:17.146, 1, ${V100_GPU_1_UUID}, 00000000:02:00.0, 892, 877, 93.80, 150.00, 64, 66, 100, 11572, P0, Not Active, Not Active, Not Active
2026/07/20 00:59:17.241, 0, ${V100_GPU_0_UUID}, 00000000:01:00.0, 892, 877, 118.19, 150.00, 67, 70, 100, 10966, P0, Not Active, Not Active, Not Active
2026/07/20 00:59:17.246, 1, ${V100_GPU_1_UUID}, 00000000:02:00.0, 892, 877, 124.79, 150.00, 64, 66, 100, 11572, P0, Not Active, Not Active, Not Active
2026/07/20 00:59:17.344, 0, ${V100_GPU_0_UUID}, 00000000:01:00.0, 892, 877, 97.67, 150.00, 67, 70, 100, 10966, P0, Not Active, Not Active, Not Active
2026/07/20 00:59:17.361, 1, ${V100_GPU_1_UUID}, 00000000:02:00.0, 892, 877, 34.88, 150.00, 63, 66, 100, 11572, P0, Not Active, Not Active, Not Active
2026/07/20 00:59:17.444, 0, ${V100_GPU_0_UUID}, 00000000:01:00.0, 892, 877, 82.36, 150.00, 66, 68, 100, 10966, P0, Not Active, Not Active, Not Active
2026/07/20 00:59:17.449, 1, ${V100_GPU_1_UUID}, 00000000:02:00.0, 892, 877, 124.87, 150.00, 64, 65, 66, 11572, P0, Not Active, Not Active, Not Active
2026/07/20 00:59:17.546, 0, ${V100_GPU_0_UUID}, 00000000:01:00.0, 892, 877, 87.08, 150.00, 67, 69, 75, 10966, P0, Not Active, Not Active, Not Active
2026/07/20 00:59:17.562, 1, ${V100_GPU_1_UUID}, 00000000:02:00.0, 892, 877, 141.49, 150.00, 64, 66, 86, 11572, P0, Not Active, Not Active, Not Active
2026/07/20 00:59:17.645, 0, ${V100_GPU_0_UUID}, 00000000:01:00.0, 892, 877, 136.72, 150.00, 67, 69, 75, 10966, P0, Not Active, Not Active, Not Active
2026/07/20 00:59:17.651, 1, ${V100_GPU_1_UUID}, 00000000:02:00.0, 892, 877, 134.17, 150.00, 64, 66, 86, 11572, P0, Not Active, Not Active, Not Active
2026/07/20 00:59:17.744, 0, ${V100_GPU_0_UUID}, 00000000:01:00.0, 892, 877, 130.80, 150.00, 67, 69, 100, 10966, P0, Not Active, Not Active, Not Active
2026/07/20 00:59:17.750, 1, ${V100_GPU_1_UUID}, 00000000:02:00.0, 892, 877, 94.27, 150.00, 64, 67, 100, 11572, P0, Not Active, Not Active, Not Active
2026/07/20 00:59:17.846, 0, ${V100_GPU_0_UUID}, 00000000:01:00.0, 892, 877, 116.70, 150.00, 67, 70, 100, 10966, P0, Not Active, Not Active, Not Active
2026/07/20 00:59:17.852, 1, ${V100_GPU_1_UUID}, 00000000:02:00.0, 892, 877, 127.60, 150.00, 65, 67, 100, 11572, P0, Not Active, Not Active, Not Active
2026/07/20 00:59:17.950, 0, ${V100_GPU_0_UUID}, 00000000:01:00.0, 892, 877, 103.35, 150.00, 67, 70, 100, 10966, P0, Not Active, Not Active, Not Active
2026/07/20 00:59:17.966, 1, ${V100_GPU_1_UUID}, 00000000:02:00.0, 892, 877, 138.30, 150.00, 65, 67, 100, 11572, P0, Not Active, Not Active, Not Active
2026/07/20 00:59:18.049, 0, ${V100_GPU_0_UUID}, 00000000:01:00.0, 892, 877, 133.91, 150.00, 67, 69, 100, 10966, P0, Not Active, Not Active, Not Active
2026/07/20 00:59:18.054, 1, ${V100_GPU_1_UUID}, 00000000:02:00.0, 892, 877, 60.23, 150.00, 64, 67, 100, 11572, P0, Not Active, Not Active, Not Active
2026/07/20 00:59:18.149, 0, ${V100_GPU_0_UUID}, 00000000:01:00.0, 892, 877, 55.83, 150.00, 67, 69, 100, 10966, P0, Not Active, Not Active, Not Active
2026/07/20 00:59:18.154, 1, ${V100_GPU_1_UUID}, 00000000:02:00.0, 892, 877, 128.17, 150.00, 63, 64, 100, 11572, P0, Not Active, Not Active, Not Active
2026/07/20 00:59:18.249, 0, ${V100_GPU_0_UUID}, 00000000:01:00.0, 892, 877, 132.21, 150.00, 67, 68, 84, 10966, P0, Not Active, Not Active, Not Active
2026/07/20 00:59:18.254, 1, ${V100_GPU_1_UUID}, 00000000:02:00.0, 892, 877, 135.39, 150.00, 64, 66, 53, 11572, P0, Not Active, Not Active, Not Active
2026/07/20 00:59:18.351, 0, ${V100_GPU_0_UUID}, 00000000:01:00.0, 892, 877, 134.38, 150.00, 67, 69, 87, 10966, P0, Not Active, Not Active, Not Active
2026/07/20 00:59:18.356, 1, ${V100_GPU_1_UUID}, 00000000:02:00.0, 892, 877, 114.31, 150.00, 64, 66, 53, 11572, P0, Not Active, Not Active, Not Active
2026/07/20 00:59:18.452, 0, ${V100_GPU_0_UUID}, 00000000:01:00.0, 892, 877, 98.29, 150.00, 67, 70, 87, 10966, P0, Not Active, Not Active, Not Active
2026/07/20 00:59:18.457, 1, ${V100_GPU_1_UUID}, 00000000:02:00.0, 892, 877, 131.82, 150.00, 65, 66, 100, 11572, P0, Not Active, Not Active, Not Active
2026/07/20 00:59:18.555, 0, ${V100_GPU_0_UUID}, 00000000:01:00.0, 892, 877, 113.88, 150.00, 67, 70, 100, 10966, P0, Not Active, Not Active, Not Active
2026/07/20 00:59:18.572, 1, ${V100_GPU_1_UUID}, 00000000:02:00.0, 892, 877, 137.55, 150.00, 65, 67, 100, 11572, P0, Not Active, Not Active, Not Active
2026/07/20 00:59:18.655, 0, ${V100_GPU_0_UUID}, 00000000:01:00.0, 892, 877, 137.47, 150.00, 67, 69, 100, 10966, P0, Not Active, Not Active, Not Active
2026/07/20 00:59:18.660, 1, ${V100_GPU_1_UUID}, 00000000:02:00.0, 892, 877, 126.11, 150.00, 64, 67, 100, 11572, P0, Not Active, Not Active, Not Active
2026/07/20 00:59:18.753, 0, ${V100_GPU_0_UUID}, 00000000:01:00.0, 892, 877, 126.18, 150.00, 67, 69, 100, 10966, P0, Not Active, Not Active, Not Active
2026/07/20 00:59:18.759, 1, ${V100_GPU_1_UUID}, 00000000:02:00.0, 892, 877, 116.89, 150.00, 65, 67, 100, 11572, P0, Not Active, Not Active, Not Active
2026/07/20 00:59:18.859, 0, ${V100_GPU_0_UUID}, 00000000:01:00.0, 892, 877, 101.88, 150.00, 67, 70, 100, 10966, P0, Not Active, Not Active, Not Active
2026/07/20 00:59:18.872, 1, ${V100_GPU_1_UUID}, 00000000:02:00.0, 892, 877, 33.81, 150.00, 63, 67, 100, 11572, P0, Not Active, Not Active, Not Active
2026/07/20 00:59:18.954, 0, ${V100_GPU_0_UUID}, 00000000:01:00.0, 892, 877, 115.44, 150.00, 67, 67, 100, 10966, P0, Not Active, Not Active, Not Active
2026/07/20 00:59:18.960, 1, ${V100_GPU_1_UUID}, 00000000:02:00.0, 892, 877, 118.30, 150.00, 64, 66, 52, 11572, P0, Not Active, Not Active, Not Active
2026/07/20 00:59:19.058, 0, ${V100_GPU_0_UUID}, 00000000:01:00.0, 892, 877, 78.68, 150.00, 67, 70, 76, 10966, P0, Not Active, Not Active, Not Active
2026/07/20 00:59:19.063, 1, ${V100_GPU_1_UUID}, 00000000:02:00.0, 892, 877, 138.67, 150.00, 65, 66, 98, 11572, P0, Not Active, Not Active, Not Active
2026/07/20 00:59:19.161, 0, ${V100_GPU_0_UUID}, 00000000:01:00.0, 892, 877, 115.76, 150.00, 67, 70, 100, 10966, P0, Not Active, Not Active, Not Active
2026/07/20 00:59:19.178, 1, ${V100_GPU_1_UUID}, 00000000:02:00.0, 892, 877, 141.21, 150.00, 64, 67, 98, 11572, P0, Not Active, Not Active, Not Active
2026/07/20 00:59:19.260, 0, ${V100_GPU_0_UUID}, 00000000:01:00.0, 892, 877, 130.71, 150.00, 67, 70, 100, 10966, P0, Not Active, Not Active, Not Active
2026/07/20 00:59:19.266, 1, ${V100_GPU_1_UUID}, 00000000:02:00.0, 892, 877, 90.91, 150.00, 64, 67, 100, 11572, P0, Not Active, Not Active, Not Active
2026/07/20 00:59:19.360, 0, ${V100_GPU_0_UUID}, 00000000:01:00.0, 892, 877, 134.38, 150.00, 67, 70, 100, 10966, P0, Not Active, Not Active, Not Active
2026/07/20 00:59:19.395, 1, ${V100_GPU_1_UUID}, 00000000:02:00.0, 892, 877, 117.44, 150.00, 65, 67, 100, 11572, P0, Not Active, Not Active, Not Active
2026/07/20 00:59:19.481, 0, ${V100_GPU_0_UUID}, 00000000:01:00.0, 892, 877, 105.56, 150.00, 67, 70, 100, 10966, P0, Not Active, Not Active, Not Active
2026/07/20 00:59:19.487, 1, ${V100_GPU_1_UUID}, 00000000:02:00.0, 892, 877, 138.11, 150.00, 65, 67, 100, 11572, P0, Not Active, Not Active, Not Active
2026/07/20 00:59:19.584, 0, ${V100_GPU_0_UUID}, 00000000:01:00.0, 892, 877, 116.70, 150.00, 67, 70, 100, 10966, P0, Not Active, Not Active, Not Active
2026/07/20 00:59:19.593, 1, ${V100_GPU_1_UUID}, 00000000:02:00.0, 892, 877, 39.97, 150.00, 64, 67, 100, 11572, P0, Not Active, Not Active, Not Active
2026/07/20 00:59:19.675, 0, ${V100_GPU_0_UUID}, 00000000:01:00.0, 892, 877, 41.54, 150.00, 67, 68, 100, 10966, P0, Not Active, Not Active, Not Active
2026/07/20 00:59:19.682, 1, ${V100_GPU_1_UUID}, 00000000:02:00.0, 892, 877, 140.75, 150.00, 64, 65, 100, 11572, P0, Not Active, Not Active, Not Active
2026/07/20 00:59:19.767, 0, ${V100_GPU_0_UUID}, 00000000:01:00.0, 892, 877, 127.13, 150.00, 67, 69, 75, 10966, P0, Not Active, Not Active, Not Active
2026/07/20 00:59:19.774, 1, ${V100_GPU_1_UUID}, 00000000:02:00.0, 892, 877, 134.73, 150.00, 64, 66, 53, 11572, P0, Not Active, Not Active, Not Active
2026/07/20 00:59:19.868, 0, ${V100_GPU_0_UUID}, 00000000:01:00.0, 892, 877, 134.00, 150.00, 67, 70, 100, 10966, P0, Not Active, Not Active, Not Active
2026/07/20 00:59:19.876, 1, ${V100_GPU_1_UUID}, 00000000:02:00.0, 892, 877, 107.25, 150.00, 65, 67, 53, 11572, P0, Not Active, Not Active, Not Active
2026/07/20 00:59:19.968, 0, ${V100_GPU_0_UUID}, 00000000:01:00.0, 892, 877, 113.95, 150.00, 67, 70, 100, 10966, P0, Not Active, Not Active, Not Active
2026/07/20 00:59:19.974, 1, ${V100_GPU_1_UUID}, 00000000:02:00.0, 892, 877, 130.88, 150.00, 65, 66, 100, 11572, P0, Not Active, Not Active, Not Active
2026/07/20 00:59:20.070, 0, ${V100_GPU_0_UUID}, 00000000:01:00.0, 892, 877, 115.76, 150.00, 67, 70, 100, 10966, P0, Not Active, Not Active, Not Active
2026/07/20 00:59:20.077, 1, ${V100_GPU_1_UUID}, 00000000:02:00.0, 892, 877, 143.08, 150.00, 65, 67, 100, 11572, P0, Not Active, Not Active, Not Active
2026/07/20 00:59:20.171, 0, ${V100_GPU_0_UUID}, 00000000:01:00.0, 892, 877, 133.33, 150.00, 68, 70, 100, 10966, P0, Not Active, Not Active, Not Active
2026/07/20 00:59:20.179, 1, ${V100_GPU_1_UUID}, 00000000:02:00.0, 892, 877, 119.16, 150.00, 65, 67, 100, 11572, P0, Not Active, Not Active, Not Active
2026/07/20 00:59:20.264, 0, ${V100_GPU_0_UUID}, 00000000:01:00.0, 892, 877, 132.50, 150.00, 67, 70, 100, 10966, P0, Not Active, Not Active, Not Active
2026/07/20 00:59:20.280, 1, ${V100_GPU_1_UUID}, 00000000:02:00.0, 892, 877, 117.83, 150.00, 65, 67, 100, 11572, P0, Not Active, Not Active, Not Active
2026/07/20 00:59:20.372, 0, ${V100_GPU_0_UUID}, 00000000:01:00.0, 892, 877, 83.56, 150.00, 67, 70, 100, 10966, P0, Not Active, Not Active, Not Active
2026/07/20 00:59:20.381, 1, ${V100_GPU_1_UUID}, 00000000:02:00.0, 892, 877, 34.35, 150.00, 64, 67, 100, 11572, P0, Not Active, Not Active, Not Active
2026/07/20 00:59:20.463, 0, ${V100_GPU_0_UUID}, 00000000:01:00.0, 892, 877, 121.40, 150.00, 67, 68, 100, 10966, P0, Not Active, Not Active, Not Active
2026/07/20 00:59:20.479, 1, ${V100_GPU_1_UUID}, 00000000:02:00.0, 892, 877, 119.24, 150.00, 64, 66, 54, 11572, P0, Not Active, Not Active, Not Active
2026/07/20 00:59:20.573, 0, ${V100_GPU_0_UUID}, 00000000:01:00.0, 892, 877, 81.89, 150.00, 67, 70, 77, 10966, P0, Not Active, Not Active, Not Active
2026/07/20 00:59:20.581, 1, ${V100_GPU_1_UUID}, 00000000:02:00.0, 892, 877, 135.95, 150.00, 65, 66, 97, 11572, P0, Not Active, Not Active, Not Active
2026/07/20 00:59:20.675, 0, ${V100_GPU_0_UUID}, 00000000:01:00.0, 892, 877, 121.01, 150.00, 68, 70, 77, 10966, P0, Not Active, Not Active, Not Active
2026/07/20 00:59:20.684, 1, ${V100_GPU_1_UUID}, 00000000:02:00.0, 892, 877, 129.48, 150.00, 65, 67, 97, 11572, P0, Not Active, Not Active, Not Active
2026/07/20 00:59:20.774, 0, ${V100_GPU_0_UUID}, 00000000:01:00.0, 892, 877, 130.33, 150.00, 68, 70, 100, 10966, P0, Not Active, Not Active, Not Active
2026/07/20 00:59:20.785, 1, ${V100_GPU_1_UUID}, 00000000:02:00.0, 892, 877, 98.04, 150.00, 65, 67, 100, 11572, P0, Not Active, Not Active, Not Active
2026/07/20 00:59:20.874, 0, ${V100_GPU_0_UUID}, 00000000:01:00.0, 892, 877, 113.95, 150.00, 67, 69, 100, 10966, P0, Not Active, Not Active, Not Active
2026/07/20 00:59:20.882, 1, ${V100_GPU_1_UUID}, 00000000:02:00.0, 892, 877, 127.98, 150.00, 65, 67, 100, 11572, P0, Not Active, Not Active, Not Active
2026/07/20 00:59:20.977, 0, ${V100_GPU_0_UUID}, 00000000:01:00.0, 892, 877, 114.82, 150.00, 68, 70, 100, 10966, P0, Not Active, Not Active, Not Active
2026/07/20 00:59:20.985, 1, ${V100_GPU_1_UUID}, 00000000:02:00.0, 892, 877, 142.24, 150.00, 65, 68, 100, 11572, P0, Not Active, Not Active, Not Active
2026/07/20 00:59:21.078, 0, ${V100_GPU_0_UUID}, 00000000:01:00.0, 892, 877, 133.89, 150.00, 68, 70, 100, 10966, P0, Not Active, Not Active, Not Active
2026/07/20 00:59:21.087, 1, ${V100_GPU_1_UUID}, 00000000:02:00.0, 892, 877, 116.03, 150.00, 65, 68, 100, 11572, P0, Not Active, Not Active, Not Active
2026/07/20 00:59:21.172, 0, ${V100_GPU_0_UUID}, 00000000:01:00.0, 892, 877, 67.60, 150.00, 68, 70, 100, 10966, P0, Not Active, Not Active, Not Active
2026/07/20 00:59:21.188, 1, ${V100_GPU_1_UUID}, 00000000:02:00.0, 892, 877, 121.94, 150.00, 64, 64, 100, 11572, P0, Not Active, Not Active, Not Active
2026/07/20 00:59:21.277, 0, ${V100_GPU_0_UUID}, 00000000:01:00.0, 892, 877, 133.51, 150.00, 67, 69, 82, 10966, P0, Not Active, Not Active, Not Active
2026/07/20 00:59:21.289, 1, ${V100_GPU_1_UUID}, 00000000:02:00.0, 892, 877, 104.36, 150.00, 64, 66, 54, 11572, P0, Not Active, Not Active, Not Active
2026/07/20 00:59:21.375, 0, ${V100_GPU_0_UUID}, 00000000:01:00.0, 892, 877, 129.39, 150.00, 67, 69, 89, 10966, P0, Not Active, Not Active, Not Active
2026/07/20 00:59:21.389, 1, ${V100_GPU_1_UUID}, 00000000:02:00.0, 892, 877, 118.77, 150.00, 65, 67, 54, 11572, P0, Not Active, Not Active, Not Active
2026/07/20 00:59:21.481, 0, ${V100_GPU_0_UUID}, 00000000:01:00.0, 892, 877, 114.43, 150.00, 68, 71, 89, 10966, P0, Not Active, Not Active, Not Active
2026/07/20 00:59:21.490, 1, ${V100_GPU_1_UUID}, 00000000:02:00.0, 892, 877, 136.32, 150.00, 65, 67, 100, 11572, P0, Not Active, Not Active, Not Active
2026/07/20 00:59:21.583, 0, ${V100_GPU_0_UUID}, 00000000:01:00.0, 892, 877, 129.30, 150.00, 68, 70, 100, 10966, P0, Not Active, Not Active, Not Active
2026/07/20 00:59:21.593, 1, ${V100_GPU_1_UUID}, 00000000:02:00.0, 892, 877, 139.23, 150.00, 65, 66, 100, 11572, P0, Not Active, Not Active, Not Active
2026/07/20 00:59:21.707, 0, ${V100_GPU_0_UUID}, 00000000:01:00.0, 892, 877, 135.78, 150.00, 68, 70, 100, 10966, P0, Not Active, Not Active, Not Active
2026/07/20 00:59:21.714, 1, ${V100_GPU_1_UUID}, 00000000:02:00.0, 892, 877, 121.12, 150.00, 65, 67, 100, 11572, P0, Not Active, Not Active, Not Active
2026/07/20 00:59:21.809, 0, ${V100_GPU_0_UUID}, 00000000:01:00.0, 892, 877, 131.56, 150.00, 68, 70, 100, 10966, P0, Not Active, Not Active, Not Active
2026/07/20 00:59:21.814, 1, ${V100_GPU_1_UUID}, 00000000:02:00.0, 892, 877, 121.12, 150.00, 65, 68, 100, 11572, P0, Not Active, Not Active, Not Active
2026/07/20 00:59:21.898, 0, ${V100_GPU_0_UUID}, 00000000:01:00.0, 892, 877, 114.49, 150.00, 68, 71, 100, 10966, P0, Not Active, Not Active, Not Active
2026/07/20 00:59:21.913, 1, ${V100_GPU_1_UUID}, 00000000:02:00.0, 892, 877, 35.76, 150.00, 64, 68, 100, 11572, P0, Not Active, Not Active, Not Active
2026/07/20 00:59:21.995, 0, ${V100_GPU_0_UUID}, 00000000:01:00.0, 892, 877, 39.16, 150.00, 67, 69, 100, 10966, P0, Not Active, Not Active, Not Active
2026/07/20 00:59:22.002, 1, ${V100_GPU_1_UUID}, 00000000:02:00.0, 892, 877, 138.30, 150.00, 64, 65, 65, 11572, P0, Not Active, Not Active, Not Active
2026/07/20 00:59:22.095, 0, ${V100_GPU_0_UUID}, 00000000:01:00.0, 892, 877, 116.31, 150.00, 68, 70, 76, 10966, P0, Not Active, Not Active, Not Active
2026/07/20 00:59:22.101, 1, ${V100_GPU_1_UUID}, 00000000:02:00.0, 892, 877, 134.26, 150.00, 65, 66, 84, 11572, P0, Not Active, Not Active, Not Active
2026/07/20 00:59:22.196, 0, ${V100_GPU_0_UUID}, 00000000:01:00.0, 892, 877, 136.63, 150.00, 68, 70, 76, 10966, P0, Not Active, Not Active, Not Active
2026/07/20 00:59:22.202, 1, ${V100_GPU_1_UUID}, 00000000:02:00.0, 892, 877, 85.79, 150.00, 64, 67, 84, 11572, P0, Not Active, Not Active, Not Active
2026/07/20 00:59:22.297, 0, ${V100_GPU_0_UUID}, 00000000:01:00.0, 892, 877, 128.19, 150.00, 67, 70, 100, 10966, P0, Not Active, Not Active, Not Active
2026/07/20 00:59:22.303, 1, ${V100_GPU_1_UUID}, 00000000:02:00.0, 892, 877, 122.05, 150.00, 65, 67, 100, 11572, P0, Not Active, Not Active, Not Active
2026/07/20 00:59:22.398, 0, ${V100_GPU_0_UUID}, 00000000:01:00.0, 892, 877, 113.95, 150.00, 68, 71, 100, 10966, P0, Not Active, Not Active, Not Active
2026/07/20 00:59:22.404, 1, ${V100_GPU_1_UUID}, 00000000:02:00.0, 892, 877, 138.77, 150.00, 65, 67, 100, 11572, P0, Not Active, Not Active, Not Active
2026/07/20 00:59:22.499, 0, ${V100_GPU_0_UUID}, 00000000:01:00.0, 892, 877, 138.41, 150.00, 68, 70, 100, 10966, P0, Not Active, Not Active, Not Active
2026/07/20 00:59:22.505, 1, ${V100_GPU_1_UUID}, 00000000:02:00.0, 892, 877, 124.40, 150.00, 65, 67, 100, 11572, P0, Not Active, Not Active, Not Active
2026/07/20 00:59:22.598, 0, ${V100_GPU_0_UUID}, 00000000:01:00.0, 892, 877, 134.85, 150.00, 68, 70, 100, 10966, P0, Not Active, Not Active, Not Active
2026/07/20 00:59:22.603, 1, ${V100_GPU_1_UUID}, 00000000:02:00.0, 892, 877, 116.89, 150.00, 65, 67, 100, 11572, P0, Not Active, Not Active, Not Active
2026/07/20 00:59:22.701, 0, ${V100_GPU_0_UUID}, 00000000:01:00.0, 892, 877, 76.51, 150.00, 68, 71, 100, 10966, P0, Not Active, Not Active, Not Active
2026/07/20 00:59:22.707, 1, ${V100_GPU_1_UUID}, 00000000:02:00.0, 892, 877, 34.35, 150.00, 64, 68, 100, 11572, P0, Not Active, Not Active, Not Active
2026/07/20 00:59:22.794, 0, ${V100_GPU_0_UUID}, 00000000:01:00.0, 892, 877, 110.74, 150.00, 67, 68, 100, 10966, P0, Not Active, Not Active, Not Active
2026/07/20 00:59:22.800, 1, ${V100_GPU_1_UUID}, 00000000:02:00.0, 892, 877, 125.34, 150.00, 65, 66, 54, 11572, P0, Not Active, Not Active, Not Active
2026/07/20 00:59:22.883, 0, ${V100_GPU_0_UUID}, 00000000:01:00.0, 892, 877, 113.88, 150.00, 68, 70, 77, 10966, P0, Not Active, Not Active, Not Active
2026/07/20 00:59:22.889, 1, ${V100_GPU_1_UUID}, 00000000:02:00.0, 892, 877, 142.24, 150.00, 65, 67, 54, 11572, P0, Not Active, Not Active, Not Active
2026/07/20 00:59:22.984, 0, ${V100_GPU_0_UUID}, 00000000:01:00.0, 892, 877, 132.86, 150.00, 68, 70, 77, 10966, P0, Not Active, Not Active, Not Active
2026/07/20 00:59:22.990, 1, ${V100_GPU_1_UUID}, 00000000:02:00.0, 892, 877, 98.92, 150.00, 65, 67, 100, 11572, P0, Not Active, Not Active, Not Active
2026/07/20 00:59:23.081, 0, ${V100_GPU_0_UUID}, 00000000:01:00.0, 892, 877, 127.89, 150.00, 68, 70, 100, 10966, P0, Not Active, Not Active, Not Active
2026/07/20 00:59:23.088, 1, ${V100_GPU_1_UUID}, 00000000:02:00.0, 892, 877, 128.45, 150.00, 65, 67, 100, 11572, P0, Not Active, Not Active, Not Active
2026/07/20 00:59:23.169, 0, ${V100_GPU_0_UUID}, 00000000:01:00.0, 892, 877, 113.95, 150.00, 68, 71, 100, 10966, P0, Not Active, Not Active, Not Active
2026/07/20 00:59:23.186, 1, ${V100_GPU_1_UUID}, 00000000:02:00.0, 892, 877, 138.49, 150.00, 65, 67, 100, 11572, P0, Not Active, Not Active, Not Active
2026/07/20 00:59:23.269, 0, ${V100_GPU_0_UUID}, 00000000:01:00.0, 892, 877, 134.18, 150.00, 68, 70, 100, 10966, P0, Not Active, Not Active, Not Active
2026/07/20 00:59:23.275, 1, ${V100_GPU_1_UUID}, 00000000:02:00.0, 892, 877, 93.33, 150.00, 65, 68, 100, 11572, P0, Not Active, Not Active, Not Active
2026/07/20 00:59:23.368, 0, ${V100_GPU_0_UUID}, 00000000:01:00.0, 892, 877, 124.77, 150.00, 68, 70, 100, 10966, P0, Not Active, Not Active, Not Active
2026/07/20 00:59:23.443, 1, ${V100_GPU_1_UUID}, 00000000:02:00.0, 892, 877, 48.95, 150.00, 65, 68, 91, 11572, P0, Not Active, Not Active, Not Active
2026/07/20 00:59:23.539, 0, ${V100_GPU_0_UUID}, 00000000:01:00.0, 892, 877, 49.13, 150.00, 68, 69, 100, 10966, P0, Not Active, Not Active, Not Active
2026/07/20 00:59:23.548, 1, ${V100_GPU_1_UUID}, 00000000:02:00.0, 892, 877, 140.66, 150.00, 64, 66, 91, 11572, P0, Not Active, Not Active, Not Active
2026/07/20 00:59:23.641, 0, ${V100_GPU_0_UUID}, 00000000:01:00.0, 892, 877, 122.89, 150.00, 68, 70, 78, 10966, P0, Not Active, Not Active, Not Active
2026/07/20 00:59:23.647, 1, ${V100_GPU_1_UUID}, 00000000:02:00.0, 892, 877, 131.82, 150.00, 65, 67, 63, 11572, P0, Not Active, Not Active, Not Active
2026/07/20 00:59:23.742, 0, ${V100_GPU_0_UUID}, 00000000:01:00.0, 892, 877, 134.38, 150.00, 68, 70, 100, 10966, P0, Not Active, Not Active, Not Active
2026/07/20 00:59:23.749, 1, ${V100_GPU_1_UUID}, 00000000:02:00.0, 892, 877, 117.75, 150.00, 65, 67, 63, 11572, P0, Not Active, Not Active, Not Active
2026/07/20 00:59:23.848, 0, ${V100_GPU_0_UUID}, 00000000:01:00.0, 892, 877, 113.41, 150.00, 68, 70, 100, 10966, P0, Not Active, Not Active, Not Active
2026/07/20 00:59:23.861, 1, ${V100_GPU_1_UUID}, 00000000:02:00.0, 892, 877, 144.46, 150.00, 65, 67, 100, 11572, P0, Not Active, Not Active, Not Active
2026/07/20 00:59:23.946, 0, ${V100_GPU_0_UUID}, 00000000:01:00.0, 892, 877, 117.64, 150.00, 68, 71, 100, 10966, P0, Not Active, Not Active, Not Active
2026/07/20 00:59:23.952, 1, ${V100_GPU_1_UUID}, 00000000:02:00.0, 892, 877, 140.54, 150.00, 65, 68, 100, 11572, P0, Not Active, Not Active, Not Active
2026/07/20 00:59:24.050, 0, ${V100_GPU_0_UUID}, 00000000:01:00.0, 892, 877, 131.83, 150.00, 68, 70, 100, 10966, P0, Not Active, Not Active, Not Active
2026/07/20 00:59:24.066, 1, ${V100_GPU_1_UUID}, 00000000:02:00.0, 892, 877, 80.71, 150.00, 65, 68, 100, 11572, P0, Not Active, Not Active, Not Active
2026/07/20 00:59:24.150, 0, ${V100_GPU_0_UUID}, 00000000:01:00.0, 892, 877, 124.99, 150.00, 68, 70, 100, 10966, P0, Not Active, Not Active, Not Active
2026/07/20 00:59:24.168, 1, ${V100_GPU_1_UUID}, 00000000:02:00.0, 892, 877, 124.23, 150.00, 66, 67, 100, 11572, P0, Not Active, Not Active, Not Active
2026/07/20 00:59:24.251, 0, ${V100_GPU_0_UUID}, 00000000:01:00.0, 892, 877, 114.33, 150.00, 68, 71, 100, 10966, P0, Not Active, Not Active, Not Active
2026/07/20 00:59:24.269, 1, ${V100_GPU_1_UUID}, 00000000:02:00.0, 892, 877, 36.24, 150.00, 64, 68, 100, 11572, P0, Not Active, Not Active, Not Active
2026/07/20 00:59:24.357, 0, ${V100_GPU_0_UUID}, 00000000:01:00.0, 892, 877, 38.21, 150.00, 67, 70, 100, 10966, P0, Not Active, Not Active, Not Active
2026/07/20 00:59:24.362, 1, ${V100_GPU_1_UUID}, 00000000:02:00.0, 892, 877, 130.77, 150.00, 65, 66, 56, 11572, P0, Not Active, Not Active, Not Active
2026/07/20 00:59:24.461, 0, ${V100_GPU_0_UUID}, 00000000:01:00.0, 892, 877, 115.37, 150.00, 68, 70, 71, 10966, P0, Not Active, Not Active, Not Active
2026/07/20 00:59:24.473, 1, ${V100_GPU_1_UUID}, 00000000:02:00.0, 892, 877, 141.11, 150.00, 65, 67, 98, 11572, P0, Not Active, Not Active, Not Active
2026/07/20 00:59:24.565, 0, ${V100_GPU_0_UUID}, 00000000:01:00.0, 892, 877, 132.57, 150.00, 68, 71, 71, 10966, P0, Not Active, Not Active, Not Active
2026/07/20 00:59:24.573, 1, ${V100_GPU_1_UUID}, 00000000:02:00.0, 892, 877, 81.07, 150.00, 65, 68, 98, 11572, P0, Not Active, Not Active, Not Active
2026/07/20 00:59:24.658, 0, ${V100_GPU_0_UUID}, 00000000:01:00.0, 892, 877, 125.46, 150.00, 68, 70, 100, 10966, P0, Not Active, Not Active, Not Active
2026/07/20 00:59:24.672, 1, ${V100_GPU_1_UUID}, 00000000:02:00.0, 892, 877, 121.97, 150.00, 65, 67, 100, 11572, P0, Not Active, Not Active, Not Active
2026/07/20 00:59:24.760, 0, ${V100_GPU_0_UUID}, 00000000:01:00.0, 892, 877, 114.35, 150.00, 68, 71, 100, 10966, P0, Not Active, Not Active, Not Active
2026/07/20 00:59:24.774, 1, ${V100_GPU_1_UUID}, 00000000:02:00.0, 892, 877, 137.64, 150.00, 65, 68, 100, 11572, P0, Not Active, Not Active, Not Active
2026/07/20 00:59:24.864, 0, ${V100_GPU_0_UUID}, 00000000:01:00.0, 892, 877, 133.24, 150.00, 68, 71, 100, 10966, P0, Not Active, Not Active, Not Active
2026/07/20 00:59:24.875, 1, ${V100_GPU_1_UUID}, 00000000:02:00.0, 892, 877, 117.91, 150.00, 65, 68, 100, 11572, P0, Not Active, Not Active, Not Active
2026/07/20 00:59:24.962, 0, ${V100_GPU_0_UUID}, 00000000:01:00.0, 892, 877, 127.89, 150.00, 68, 70, 100, 10966, P0, Not Active, Not Active, Not Active
2026/07/20 00:59:24.976, 1, ${V100_GPU_1_UUID}, 00000000:02:00.0, 892, 877, 117.83, 150.00, 65, 68, 100, 11572, P0, Not Active, Not Active, Not Active
2026/07/20 00:59:25.067, 0, ${V100_GPU_0_UUID}, 00000000:01:00.0, 892, 877, 114.49, 150.00, 68, 71, 100, 10966, P0, Not Active, Not Active, Not Active
2026/07/20 00:59:25.075, 1, ${V100_GPU_1_UUID}, 00000000:02:00.0, 892, 877, 35.31, 150.00, 64, 68, 100, 11572, P0, Not Active, Not Active, Not Active
2026/07/20 00:59:25.159, 0, ${V100_GPU_0_UUID}, 00000000:01:00.0, 892, 877, 59.48, 150.00, 67, 70, 100, 10966, P0, Not Active, Not Active, Not Active
2026/07/20 00:59:25.167, 1, ${V100_GPU_1_UUID}, 00000000:02:00.0, 892, 877, 139.33, 150.00, 65, 66, 48, 11572, P0, Not Active, Not Active, Not Active
2026/07/20 00:59:25.256, 0, ${V100_GPU_0_UUID}, 00000000:01:00.0, 892, 877, 116.31, 150.00, 68, 70, 77, 10966, P0, Not Active, Not Active, Not Active
2026/07/20 00:59:25.261, 1, ${V100_GPU_1_UUID}, 00000000:02:00.0, 892, 877, 141.95, 150.00, 65, 67, 48, 11572, P0, Not Active, Not Active, Not Active
2026/07/20 00:59:25.356, 0, ${V100_GPU_0_UUID}, 00000000:01:00.0, 892, 877, 131.65, 150.00, 68, 70, 77, 10966, P0, Not Active, Not Active, Not Active
2026/07/20 00:59:25.361, 1, ${V100_GPU_1_UUID}, 00000000:02:00.0, 892, 877, 90.09, 150.00, 65, 68, 100, 11572, P0, Not Active, Not Active, Not Active
2026/07/20 00:59:25.461, 0, ${V100_GPU_0_UUID}, 00000000:01:00.0, 892, 877, 115.76, 150.00, 68, 70, 100, 10966, P0, Not Active, Not Active, Not Active
2026/07/20 00:59:25.467, 1, ${V100_GPU_1_UUID}, 00000000:02:00.0, 892, 877, 127.60, 150.00, 65, 67, 100, 11572, P0, Not Active, Not Active, Not Active
2026/07/20 00:59:25.562, 0, ${V100_GPU_0_UUID}, 00000000:01:00.0, 892, 877, 115.37, 150.00, 69, 71, 100, 10966, P0, Not Active, Not Active, Not Active
2026/07/20 00:59:25.567, 1, ${V100_GPU_1_UUID}, 00000000:02:00.0, 892, 877, 139.80, 150.00, 65, 67, 100, 11572, P0, Not Active, Not Active, Not Active
2026/07/20 00:59:25.664, 0, ${V100_GPU_0_UUID}, 00000000:01:00.0, 892, 877, 137.29, 150.00, 69, 71, 100, 10966, P0, Not Active, Not Active, Not Active
2026/07/20 00:59:25.669, 1, ${V100_GPU_1_UUID}, 00000000:02:00.0, 892, 877, 85.85, 150.00, 65, 68, 100, 11572, P0, Not Active, Not Active, Not Active
2026/07/20 00:59:25.763, 0, ${V100_GPU_0_UUID}, 00000000:01:00.0, 892, 877, 124.99, 150.00, 68, 70, 100, 10966, P0, Not Active, Not Active, Not Active
2026/07/20 00:59:25.768, 1, ${V100_GPU_1_UUID}, 00000000:02:00.0, 892, 877, 132.29, 150.00, 66, 67, 100, 11572, P0, Not Active, Not Active, Not Active
2026/07/20 00:59:25.856, 0, ${V100_GPU_0_UUID}, 00000000:01:00.0, 892, 877, 116.23, 150.00, 69, 71, 100, 10966, P0, Not Active, Not Active, Not Active
2026/07/20 00:59:25.864, 1, ${V100_GPU_1_UUID}, 00000000:02:00.0, 892, 877, 42.35, 150.00, 65, 68, 98, 11572, P0, Not Active, Not Active, Not Active
2026/07/20 00:59:25.946, 0, ${V100_GPU_0_UUID}, 00000000:01:00.0, 892, 877, 45.77, 150.00, 68, 70, 91, 10966, P0, Not Active, Not Active, Not Active
2026/07/20 00:59:25.954, 1, ${V100_GPU_1_UUID}, 00000000:02:00.0, 892, 877, 132.81, 150.00, 64, 65, 98, 11572, P0, Not Active, Not Active, Not Active
2026/07/20 00:59:26.036, 0, ${V100_GPU_0_UUID}, 00000000:01:00.0, 892, 877, 134.07, 150.00, 68, 70, 91, 10966, P0, Not Active, Not Active, Not Active
2026/07/20 00:59:26.049, 1, ${V100_GPU_1_UUID}, 00000000:02:00.0, 892, 877, 106.31, 150.00, 65, 66, 54, 11572, P0, Not Active, Not Active, Not Active
2026/07/20 00:59:26.131, 0, ${V100_GPU_0_UUID}, 00000000:01:00.0, 892, 877, 135.69, 150.00, 68, 70, 84, 10966, P0, Not Active, Not Active, Not Active
2026/07/20 00:59:26.149, 1, ${V100_GPU_1_UUID}, 00000000:02:00.0, 892, 877, 120.26, 150.00, 65, 68, 54, 11572, P0, Not Active, Not Active, Not Active
2026/07/20 00:59:26.235, 0, ${V100_GPU_0_UUID}, 00000000:01:00.0, 892, 877, 103.28, 150.00, 68, 72, 84, 10966, P0, Not Active, Not Active, Not Active
2026/07/20 00:59:26.249, 1, ${V100_GPU_1_UUID}, 00000000:02:00.0, 892, 877, 142.06, 150.00, 65, 67, 100, 11572, P0, Not Active, Not Active, Not Active
2026/07/20 00:59:26.339, 0, ${V100_GPU_0_UUID}, 00000000:01:00.0, 892, 877, 128.07, 150.00, 69, 71, 100, 10966, P0, Not Active, Not Active, Not Active
2026/07/20 00:59:26.351, 1, ${V100_GPU_1_UUID}, 00000000:02:00.0, 892, 877, 123.16, 150.00, 65, 68, 100, 11572, P0, Not Active, Not Active, Not Active
2026/07/20 00:59:26.446, 0, ${V100_GPU_0_UUID}, 00000000:01:00.0, 892, 877, 134.85, 150.00, 68, 71, 100, 10966, P0, Not Active, Not Active, Not Active
2026/07/20 00:59:26.452, 1, ${V100_GPU_1_UUID}, 00000000:02:00.0, 892, 877, 118.30, 150.00, 66, 68, 100, 11572, P0, Not Active, Not Active, Not Active
2026/07/20 00:59:26.540, 0, ${V100_GPU_0_UUID}, 00000000:01:00.0, 892, 877, 92.16, 150.00, 68, 72, 100, 10966, P0, Not Active, Not Active, Not Active
2026/07/20 00:59:26.551, 1, ${V100_GPU_1_UUID}, 00000000:02:00.0, 892, 877, 135.29, 150.00, 66, 68, 100, 11572, P0, Not Active, Not Active, Not Active
2026/07/20 00:59:26.642, 0, ${V100_GPU_0_UUID}, 00000000:01:00.0, 892, 877, 125.24, 150.00, 69, 71, 100, 10966, P0, Not Active, Not Active, Not Active
2026/07/20 00:59:26.654, 1, ${V100_GPU_1_UUID}, 00000000:02:00.0, 892, 877, 64.45, 150.00, 65, 68, 100, 11572, P0, Not Active, Not Active, Not Active
2026/07/20 00:59:26.742, 0, ${V100_GPU_0_UUID}, 00000000:01:00.0, 892, 877, 61.90, 150.00, 68, 71, 100, 10966, P0, Not Active, Not Active, Not Active
2026/07/20 00:59:26.752, 1, ${V100_GPU_1_UUID}, 00000000:02:00.0, 892, 877, 133.10, 150.00, 64, 65, 76, 11572, P0, Not Active, Not Active, Not Active
2026/07/20 00:59:26.845, 0, ${V100_GPU_0_UUID}, 00000000:01:00.0, 892, 877, 138.51, 150.00, 68, 70, 76, 10966, P0, Not Active, Not Active, Not Active
2026/07/20 00:59:26.856, 1, ${V100_GPU_1_UUID}, 00000000:02:00.0, 892, 877, 91.57, 150.00, 65, 68, 75, 11572, P0, Not Active, Not Active, Not Active
2026/07/20 00:59:26.942, 0, ${V100_GPU_0_UUID}, 00000000:01:00.0, 892, 877, 127.89, 150.00, 68, 71, 100, 10966, P0, Not Active, Not Active, Not Active
2026/07/20 00:59:26.956, 1, ${V100_GPU_1_UUID}, 00000000:02:00.0, 892, 877, 120.65, 150.00, 66, 68, 75, 11572, P0, Not Active, Not Active, Not Active
2026/07/20 00:59:27.046, 0, ${V100_GPU_0_UUID}, 00000000:01:00.0, 892, 877, 114.82, 150.00, 68, 72, 100, 10966, P0, Not Active, Not Active, Not Active
2026/07/20 00:59:27.056, 1, ${V100_GPU_1_UUID}, 00000000:02:00.0, 892, 877, 135.01, 150.00, 65, 68, 100, 11572, P0, Not Active, Not Active, Not Active
2026/07/20 00:59:27.146, 0, ${V100_GPU_0_UUID}, 00000000:01:00.0, 892, 877, 140.11, 150.00, 69, 71, 100, 10966, P0, Not Active, Not Active, Not Active
2026/07/20 00:59:27.159, 1, ${V100_GPU_1_UUID}, 00000000:02:00.0, 892, 877, 90.03, 150.00, 65, 69, 100, 11572, P0, Not Active, Not Active, Not Active
2026/07/20 00:59:27.242, 0, ${V100_GPU_0_UUID}, 00000000:01:00.0, 892, 877, 129.68, 150.00, 69, 71, 100, 10966, P0, Not Active, Not Active, Not Active
2026/07/20 00:59:27.259, 1, ${V100_GPU_1_UUID}, 00000000:02:00.0, 892, 877, 120.18, 150.00, 66, 68, 100, 11572, P0, Not Active, Not Active, Not Active
2026/07/20 00:59:27.346, 0, ${V100_GPU_0_UUID}, 00000000:01:00.0, 892, 877, 114.43, 150.00, 69, 72, 100, 10966, P0, Not Active, Not Active, Not Active
2026/07/20 00:59:27.359, 1, ${V100_GPU_1_UUID}, 00000000:02:00.0, 892, 877, 135.48, 150.00, 66, 68, 100, 11572, P0, Not Active, Not Active, Not Active
2026/07/20 00:59:27.448, 0, ${V100_GPU_0_UUID}, 00000000:01:00.0, 892, 877, 135.68, 150.00, 69, 71, 100, 10966, P0, Not Active, Not Active, Not Active
2026/07/20 00:59:27.463, 1, ${V100_GPU_1_UUID}, 00000000:02:00.0, 892, 877, 109.21, 150.00, 65, 68, 100, 11572, P0, Not Active, Not Active, Not Active
2026/07/20 00:59:27.545, 0, ${V100_GPU_0_UUID}, 00000000:01:00.0, 892, 877, 85.18, 150.00, 68, 71, 100, 10966, P0, Not Active, Not Active, Not Active
2026/07/20 00:59:27.562, 1, ${V100_GPU_1_UUID}, 00000000:02:00.0, 892, 877, 102.16, 150.00, 64, 66, 64, 11572, P0, Not Active, Not Active, Not Active
2026/07/20 00:59:27.644, 0, ${V100_GPU_0_UUID}, 00000000:01:00.0, 892, 877, 134.85, 150.00, 68, 70, 72, 10966, P0, Not Active, Not Active, Not Active
2026/07/20 00:59:27.665, 1, ${V100_GPU_1_UUID}, 00000000:02:00.0, 892, 877, 96.63, 150.00, 65, 68, 64, 11572, P0, Not Active, Not Active, Not Active
2026/07/20 00:59:27.747, 0, ${V100_GPU_0_UUID}, 00000000:01:00.0, 892, 877, 115.37, 150.00, 68, 70, 72, 10966, P0, Not Active, Not Active, Not Active
2026/07/20 00:59:27.761, 1, ${V100_GPU_1_UUID}, 00000000:02:00.0, 892, 877, 132.29, 150.00, 66, 67, 88, 11572, P0, Not Active, Not Active, Not Active
2026/07/20 00:59:27.849, 0, ${V100_GPU_0_UUID}, 00000000:01:00.0, 892, 877, 116.23, 150.00, 69, 71, 100, 10966, P0, Not Active, Not Active, Not Active
2026/07/20 00:59:27.867, 1, ${V100_GPU_1_UUID}, 00000000:02:00.0, 892, 877, 139.70, 150.00, 65, 68, 100, 11572, P0, Not Active, Not Active, Not Active
2026/07/20 00:59:27.951, 0, ${V100_GPU_0_UUID}, 00000000:01:00.0, 892, 877, 137.66, 150.00, 69, 71, 100, 10966, P0, Not Active, Not Active, Not Active
2026/07/20 00:59:27.970, 1, ${V100_GPU_1_UUID}, 00000000:02:00.0, 892, 877, 87.26, 150.00, 66, 68, 100, 11572, P0, Not Active, Not Active, Not Active
2026/07/20 00:59:28.052, 0, ${V100_GPU_0_UUID}, 00000000:01:00.0, 892, 877, 107.37, 150.00, 68, 70, 100, 10966, P0, Not Active, Not Active, Not Active
2026/07/20 00:59:28.065, 1, ${V100_GPU_1_UUID}, 00000000:02:00.0, 892, 877, 132.20, 150.00, 66, 68, 100, 11572, P0, Not Active, Not Active, Not Active
2026/07/20 00:59:28.150, 0, ${V100_GPU_0_UUID}, 00000000:01:00.0, 892, 877, 120.46, 150.00, 69, 71, 100, 10966, P0, Not Active, Not Active, Not Active
2026/07/20 00:59:28.156, 1, ${V100_GPU_1_UUID}, 00000000:02:00.0, 892, 877, 142.05, 150.00, 65, 68, 100, 11572, P0, Not Active, Not Active, Not Active
2026/07/20 00:59:28.252, 0, ${V100_GPU_0_UUID}, 00000000:01:00.0, 892, 877, 134.94, 150.00, 69, 71, 100, 10966, P0, Not Active, Not Active, Not Active
2026/07/20 00:59:28.257, 1, ${V100_GPU_1_UUID}, 00000000:02:00.0, 892, 877, 109.53, 150.00, 66, 68, 100, 11572, P0, Not Active, Not Active, Not Active
2026/07/20 00:59:28.352, 0, ${V100_GPU_0_UUID}, 00000000:01:00.0, 892, 877, 74.60, 150.00, 68, 72, 100, 10966, P0, Not Active, Not Active, Not Active
2026/07/20 00:59:28.358, 1, ${V100_GPU_1_UUID}, 00000000:02:00.0, 892, 877, 34.35, 150.00, 64, 69, 100, 11572, P0, Not Active, Not Active, Not Active
2026/07/20 00:59:28.443, 0, ${V100_GPU_0_UUID}, 00000000:01:00.0, 892, 877, 109.32, 150.00, 68, 70, 100, 10966, P0, Not Active, Not Active, Not Active
2026/07/20 00:59:28.452, 1, ${V100_GPU_1_UUID}, 00000000:02:00.0, 892, 877, 127.31, 150.00, 65, 67, 57, 11572, P0, Not Active, Not Active, Not Active
2026/07/20 00:59:28.536, 0, ${V100_GPU_0_UUID}, 00000000:01:00.0, 892, 877, 115.29, 150.00, 69, 71, 75, 10966, P0, Not Active, Not Active, Not Active
2026/07/20 00:59:28.542, 1, ${V100_GPU_1_UUID}, 00000000:02:00.0, 892, 877, 142.51, 150.00, 65, 68, 91, 11572, P0, Not Active, Not Active, Not Active
2026/07/20 00:59:28.634, 0, ${V100_GPU_0_UUID}, 00000000:01:00.0, 892, 877, 131.65, 150.00, 69, 71, 100, 10966, P0, Not Active, Not Active, Not Active
2026/07/20 00:59:28.642, 1, ${V100_GPU_1_UUID}, 00000000:02:00.0, 892, 877, 98.85, 150.00, 66, 68, 91, 11572, P0, Not Active, Not Active, Not Active
2026/07/20 00:59:28.732, 0, ${V100_GPU_0_UUID}, 00000000:01:00.0, 892, 877, 98.16, 150.00, 69, 72, 100, 10966, P0, Not Active, Not Active, Not Active
2026/07/20 00:59:28.738, 1, ${V100_GPU_1_UUID}, 00000000:02:00.0, 892, 877, 135.01, 150.00, 66, 68, 100, 11572, P0, Not Active, Not Active, Not Active
2026/07/20 00:59:28.835, 0, ${V100_GPU_0_UUID}, 00000000:01:00.0, 892, 877, 116.70, 150.00, 69, 72, 100, 10966, P0, Not Active, Not Active, Not Active
2026/07/20 00:59:28.845, 1, ${V100_GPU_1_UUID}, 00000000:02:00.0, 892, 877, 140.17, 150.00, 66, 69, 100, 11572, P0, Not Active, Not Active, Not Active
2026/07/20 00:59:28.935, 0, ${V100_GPU_0_UUID}, 00000000:01:00.0, 892, 877, 131.09, 150.00, 69, 71, 100, 10966, P0, Not Active, Not Active, Not Active
2026/07/20 00:59:28.948, 1, ${V100_GPU_1_UUID}, 00000000:02:00.0, 892, 877, 116.81, 150.00, 66, 69, 100, 11572, P0, Not Active, Not Active, Not Active
2026/07/20 00:59:29.035, 0, ${V100_GPU_0_UUID}, 00000000:01:00.0, 892, 877, 88.79, 150.00, 69, 72, 100, 10966, P0, Not Active, Not Active, Not Active
2026/07/20 00:59:29.044, 1, ${V100_GPU_1_UUID}, 00000000:02:00.0, 892, 877, 136.89, 150.00, 66, 69, 100, 11572, P0, Not Active, Not Active, Not Active
2026/07/20 00:59:29.135, 0, ${V100_GPU_0_UUID}, 00000000:01:00.0, 892, 877, 117.49, 150.00, 69, 72, 100, 10966, P0, Not Active, Not Active, Not Active
2026/07/20 00:59:29.151, 1, ${V100_GPU_1_UUID}, 00000000:02:00.0, 892, 877, 48.47, 150.00, 65, 68, 100, 11572, P0, Not Active, Not Active, Not Active
2026/07/20 00:59:29.233, 0, ${V100_GPU_0_UUID}, 00000000:01:00.0, 892, 877, 55.32, 150.00, 69, 70, 100, 10966, P0, Not Active, Not Active, Not Active
2026/07/20 00:59:29.238, 1, ${V100_GPU_1_UUID}, 00000000:02:00.0, 892, 877, 131.78, 150.00, 65, 66, 56, 11572, P0, Not Active, Not Active, Not Active
2026/07/20 00:59:29.337, 0, ${V100_GPU_0_UUID}, 00000000:01:00.0, 892, 877, 121.18, 150.00, 69, 71, 76, 10966, P0, Not Active, Not Active, Not Active
2026/07/20 00:59:29.356, 1, ${V100_GPU_1_UUID}, 00000000:02:00.0, 892, 877, 121.75, 150.00, 65, 68, 56, 11572, P0, Not Active, Not Active, Not Active
2026/07/20 00:59:29.439, 0, ${V100_GPU_0_UUID}, 00000000:01:00.0, 892, 877, 127.89, 150.00, 69, 71, 76, 10966, P0, Not Active, Not Active, Not Active
2026/07/20 00:59:29.458, 1, ${V100_GPU_1_UUID}, 00000000:02:00.0, 892, 877, 119.16, 150.00, 66, 68, 94, 11572, P0, Not Active, Not Active, Not Active
2026/07/20 00:59:29.542, 0, ${V100_GPU_0_UUID}, 00000000:01:00.0, 892, 877, 89.26, 150.00, 69, 72, 100, 10966, P0, Not Active, Not Active, Not Active
2026/07/20 00:59:29.559, 1, ${V100_GPU_1_UUID}, 00000000:02:00.0, 892, 877, 138.77, 150.00, 66, 68, 100, 11572, P0, Not Active, Not Active, Not Active
2026/07/20 00:59:29.641, 0, ${V100_GPU_0_UUID}, 00000000:01:00.0, 892, 877, 135.68, 150.00, 69, 71, 100, 10966, P0, Not Active, Not Active, Not Active
2026/07/20 00:59:29.647, 1, ${V100_GPU_1_UUID}, 00000000:02:00.0, 892, 877, 83.60, 150.00, 65, 68, 100, 11572, P0, Not Active, Not Active, Not Active
2026/07/20 00:59:29.734, 0, ${V100_GPU_0_UUID}, 00000000:01:00.0, 892, 877, 120.85, 150.00, 69, 72, 100, 10966, P0, Not Active, Not Active, Not Active
2026/07/20 00:59:29.742, 1, ${V100_GPU_1_UUID}, 00000000:02:00.0, 892, 877, 122.91, 150.00, 66, 69, 100, 11572, P0, Not Active, Not Active, Not Active
2026/07/20 00:59:29.837, 0, ${V100_GPU_0_UUID}, 00000000:01:00.0, 892, 877, 114.82, 150.00, 69, 72, 100, 10966, P0, Not Active, Not Active, Not Active
2026/07/20 00:59:29.845, 1, ${V100_GPU_1_UUID}, 00000000:02:00.0, 892, 877, 140.17, 150.00, 66, 68, 100, 11572, P0, Not Active, Not Active, Not Active
2026/07/20 00:59:29.939, 0, ${V100_GPU_0_UUID}, 00000000:01:00.0, 892, 877, 137.29, 150.00, 69, 72, 100, 10966, P0, Not Active, Not Active, Not Active
2026/07/20 00:59:29.948, 1, ${V100_GPU_1_UUID}, 00000000:02:00.0, 892, 877, 80.71, 150.00, 66, 69, 100, 11572, P0, Not Active, Not Active, Not Active
2026/07/20 00:59:30.038, 0, ${V100_GPU_0_UUID}, 00000000:01:00.0, 892, 877, 114.01, 150.00, 69, 72, 100, 10966, P0, Not Active, Not Active, Not Active
2026/07/20 00:59:30.048, 1, ${V100_GPU_1_UUID}, 00000000:02:00.0, 892, 877, 34.26, 150.00, 64, 69, 58, 11572, P0, Not Active, Not Active, Not Active
2026/07/20 00:59:30.130, 0, ${V100_GPU_0_UUID}, 00000000:01:00.0, 892, 877, 128.36, 150.00, 68, 70, 100, 10966, P0, Not Active, Not Active, Not Active
2026/07/20 00:59:30.136, 1, ${V100_GPU_1_UUID}, 00000000:02:00.0, 892, 877, 120.18, 150.00, 65, 67, 58, 11572, P0, Not Active, Not Active, Not Active
2026/07/20 00:59:30.218, 0, ${V100_GPU_0_UUID}, 00000000:01:00.0, 892, 877, 114.43, 150.00, 69, 72, 76, 10966, P0, Not Active, Not Active, Not Active
2026/07/20 00:59:30.233, 1, ${V100_GPU_1_UUID}, 00000000:02:00.0, 892, 877, 143.37, 150.00, 66, 68, 93, 11572, P0, Not Active, Not Active, Not Active
2026/07/20 00:59:30.318, 0, ${V100_GPU_0_UUID}, 00000000:01:00.0, 892, 877, 138.98, 150.00, 69, 71, 76, 10966, P0, Not Active, Not Active, Not Active
2026/07/20 00:59:30.336, 1, ${V100_GPU_1_UUID}, 00000000:02:00.0, 892, 877, 72.84, 150.00, 65, 69, 93, 11572, P0, Not Active, Not Active, Not Active
2026/07/20 00:59:30.417, 0, ${V100_GPU_0_UUID}, 00000000:01:00.0, 892, 877, 115.76, 150.00, 69, 72, 100, 10966, P0, Not Active, Not Active, Not Active
2026/07/20 00:59:30.423, 1, ${V100_GPU_1_UUID}, 00000000:02:00.0, 892, 877, 126.11, 150.00, 66, 68, 100, 11572, P0, Not Active, Not Active, Not Active
2026/07/20 00:59:30.520, 0, ${V100_GPU_0_UUID}, 00000000:01:00.0, 892, 877, 115.37, 150.00, 69, 72, 100, 10966, P0, Not Active, Not Active, Not Active
2026/07/20 00:59:30.526, 1, ${V100_GPU_1_UUID}, 00000000:02:00.0, 892, 877, 134.64, 150.00, 66, 69, 100, 11572, P0, Not Active, Not Active, Not Active
2026/07/20 00:59:30.618, 0, ${V100_GPU_0_UUID}, 00000000:01:00.0, 892, 877, 134.94, 150.00, 69, 72, 100, 10966, P0, Not Active, Not Active, Not Active
2026/07/20 00:59:30.624, 1, ${V100_GPU_1_UUID}, 00000000:02:00.0, 892, 877, 102.55, 150.00, 66, 69, 100, 11572, P0, Not Active, Not Active, Not Active
2026/07/20 00:59:30.719, 0, ${V100_GPU_0_UUID}, 00000000:01:00.0, 892, 877, 94.93, 150.00, 69, 72, 100, 10966, P0, Not Active, Not Active, Not Active
2026/07/20 00:59:30.724, 1, ${V100_GPU_1_UUID}, 00000000:02:00.0, 892, 877, 134.45, 150.00, 66, 68, 100, 11572, P0, Not Active, Not Active, Not Active
2026/07/20 00:59:30.821, 0, ${V100_GPU_0_UUID}, 00000000:01:00.0, 892, 877, 117.81, 150.00, 69, 72, 100, 10966, P0, Not Active, Not Active, Not Active
2026/07/20 00:59:30.827, 1, ${V100_GPU_1_UUID}, 00000000:02:00.0, 892, 877, 55.09, 150.00, 66, 68, 100, 11572, P0, Not Active, Not Active, Not Active
2026/07/20 00:59:30.915, 0, ${V100_GPU_0_UUID}, 00000000:01:00.0, 892, 877, 56.71, 150.00, 69, 71, 100, 10966, P0, Not Active, Not Active, Not Active
2026/07/20 00:59:30.921, 1, ${V100_GPU_1_UUID}, 00000000:02:00.0, 892, 877, 126.67, 150.00, 64, 67, 62, 11572, P0, Not Active, Not Active, Not Active
2026/07/20 00:59:31.003, 0, ${V100_GPU_0_UUID}, 00000000:01:00.0, 892, 877, 132.59, 150.00, 69, 70, 100, 10966, P0, Not Active, Not Active, Not Active
2026/07/20 00:59:31.009, 1, ${V100_GPU_1_UUID}, 00000000:02:00.0, 892, 877, 98.51, 150.00, 65, 68, 62, 11572, P0, Not Active, Not Active, Not Active
2026/07/20 00:59:31.100, 0, ${V100_GPU_0_UUID}, 00000000:01:00.0, 892, 877, 94.93, 150.00, 69, 72, 73, 10966, P0, Not Active, Not Active, Not Active
2026/07/20 00:59:31.106, 1, ${V100_GPU_1_UUID}, 00000000:02:00.0, 892, 877, 133.14, 150.00, 66, 68, 89, 11572, P0, Not Active, Not Active, Not Active
2026/07/20 00:59:31.202, 0, ${V100_GPU_0_UUID}, 00000000:01:00.0, 892, 877, 117.72, 150.00, 69, 72, 100, 10966, P0, Not Active, Not Active, Not Active
2026/07/20 00:59:31.210, 1, ${V100_GPU_1_UUID}, 00000000:02:00.0, 892, 877, 133.61, 150.00, 66, 69, 100, 11572, P0, Not Active, Not Active, Not Active
2026/07/20 00:59:31.302, 0, ${V100_GPU_0_UUID}, 00000000:01:00.0, 892, 877, 138.60, 150.00, 69, 71, 100, 10966, P0, Not Active, Not Active, Not Active
2026/07/20 00:59:31.312, 1, ${V100_GPU_1_UUID}, 00000000:02:00.0, 892, 877, 117.36, 150.00, 66, 69, 100, 11572, P0, Not Active, Not Active, Not Active
2026/07/20 00:59:31.401, 0, ${V100_GPU_0_UUID}, 00000000:01:00.0, 892, 877, 79.05, 150.00, 69, 72, 100, 10966, P0, Not Active, Not Active, Not Active
2026/07/20 00:59:31.412, 1, ${V100_GPU_1_UUID}, 00000000:02:00.0, 892, 877, 141.21, 150.00, 66, 69, 100, 11572, P0, Not Active, Not Active, Not Active
2026/07/20 00:59:31.505, 0, ${V100_GPU_0_UUID}, 00000000:01:00.0, 892, 877, 121.95, 150.00, 69, 72, 100, 10966, P0, Not Active, Not Active, Not Active
2026/07/20 00:59:31.514, 1, ${V100_GPU_1_UUID}, 00000000:02:00.0, 892, 877, 130.97, 150.00, 66, 69, 100, 11572, P0, Not Active, Not Active, Not Active
2026/07/20 00:59:31.602, 0, ${V100_GPU_0_UUID}, 00000000:01:00.0, 892, 877, 134.76, 150.00, 69, 72, 100, 10966, P0, Not Active, Not Active, Not Active
2026/07/20 00:59:31.614, 1, ${V100_GPU_1_UUID}, 00000000:02:00.0, 892, 877, 117.36, 150.00, 66, 68, 100, 11572, P0, Not Active, Not Active, Not Active
2026/07/20 00:59:31.703, 0, ${V100_GPU_0_UUID}, 00000000:01:00.0, 892, 877, 114.89, 150.00, 69, 73, 100, 10966, P0, Not Active, Not Active, Not Active
2026/07/20 00:59:31.714, 1, ${V100_GPU_1_UUID}, 00000000:02:00.0, 892, 877, 35.78, 150.00, 65, 69, 70, 11572, P0, Not Active, Not Active, Not Active
2026/07/20 00:59:31.797, 0, ${V100_GPU_0_UUID}, 00000000:01:00.0, 892, 877, 56.51, 150.00, 68, 70, 100, 10966, P0, Not Active, Not Active, Not Active
2026/07/20 00:59:31.806, 1, ${V100_GPU_1_UUID}, 00000000:02:00.0, 892, 877, 139.05, 150.00, 65, 66, 70, 11572, P0, Not Active, Not Active, Not Active
2026/07/20 00:59:31.890, 0, ${V100_GPU_0_UUID}, 00000000:01:00.0, 892, 877, 117.96, 150.00, 69, 71, 78, 10966, P0, Not Active, Not Active, Not Active
2026/07/20 00:59:31.896, 1, ${V100_GPU_1_UUID}, 00000000:02:00.0, 892, 877, 118.93, 150.00, 65, 68, 79, 11572, P0, Not Active, Not Active, Not Active
2026/07/20 00:59:31.980, 0, ${V100_GPU_0_UUID}, 00000000:01:00.0, 892, 877, 129.21, 150.00, 69, 71, 78, 10966, P0, Not Active, Not Active, Not Active
2026/07/20 00:59:31.996, 1, ${V100_GPU_1_UUID}, 00000000:02:00.0, 892, 877, 118.77, 150.00, 66, 68, 79, 11572, P0, Not Active, Not Active, Not Active
2026/07/20 00:59:32.085, 0, ${V100_GPU_0_UUID}, 00000000:01:00.0, 892, 877, 105.63, 150.00, 69, 73, 100, 10966, P0, Not Active, Not Active, Not Active
2026/07/20 00:59:32.095, 1, ${V100_GPU_1_UUID}, 00000000:02:00.0, 892, 877, 138.77, 150.00, 66, 68, 100, 11572, P0, Not Active, Not Active, Not Active
2026/07/20 00:59:32.187, 0, ${V100_GPU_0_UUID}, 00000000:01:00.0, 892, 877, 131.92, 150.00, 69, 72, 100, 10966, P0, Not Active, Not Active, Not Active
2026/07/20 00:59:32.197, 1, ${V100_GPU_1_UUID}, 00000000:02:00.0, 892, 877, 68.63, 150.00, 66, 69, 100, 11572, P0, Not Active, Not Active, Not Active
2026/07/20 00:59:32.283, 0, ${V100_GPU_0_UUID}, 00000000:01:00.0, 892, 877, 132.03, 150.00, 69, 71, 100, 10966, P0, Not Active, Not Active, Not Active
2026/07/20 00:59:32.296, 1, ${V100_GPU_1_UUID}, 00000000:02:00.0, 892, 877, 122.44, 150.00, 66, 69, 100, 11572, P0, Not Active, Not Active, Not Active
2026/07/20 00:59:32.386, 0, ${V100_GPU_0_UUID}, 00000000:01:00.0, 892, 877, 115.37, 150.00, 69, 72, 100, 10966, P0, Not Active, Not Active, Not Active
2026/07/20 00:59:32.396, 1, ${V100_GPU_1_UUID}, 00000000:02:00.0, 892, 877, 138.30, 150.00, 66, 69, 100, 11572, P0, Not Active, Not Active, Not Active
2026/07/20 00:59:32.487, 0, ${V100_GPU_0_UUID}, 00000000:01:00.0, 892, 877, 135.41, 150.00, 69, 72, 100, 10966, P0, Not Active, Not Active, Not Active
2026/07/20 00:59:32.498, 1, ${V100_GPU_1_UUID}, 00000000:02:00.0, 892, 877, 98.85, 150.00, 66, 69, 100, 11572, P0, Not Active, Not Active, Not Active
2026/07/20 00:59:32.587, 0, ${V100_GPU_0_UUID}, 00000000:01:00.0, 892, 877, 104.66, 150.00, 69, 71, 100, 10966, P0, Not Active, Not Active, Not Active
2026/07/20 00:59:32.593, 1, ${V100_GPU_1_UUID}, 00000000:02:00.0, 892, 877, 34.31, 150.00, 65, 69, 83, 11572, P0, Not Active, Not Active, Not Active
2026/07/20 00:59:32.676, 0, ${V100_GPU_0_UUID}, 00000000:01:00.0, 892, 877, 114.43, 150.00, 69, 71, 100, 10966, P0, Not Active, Not Active, Not Active
2026/07/20 00:59:32.681, 1, ${V100_GPU_1_UUID}, 00000000:02:00.0, 892, 877, 122.52, 150.00, 66, 67, 83, 11572, P0, Not Active, Not Active, Not Active
2026/07/20 00:59:32.768, 0, ${V100_GPU_0_UUID}, 00000000:01:00.0, 892, 877, 114.89, 150.00, 69, 72, 75, 10966, P0, Not Active, Not Active, Not Active
2026/07/20 00:59:32.778, 1, ${V100_GPU_1_UUID}, 00000000:02:00.0, 892, 877, 136.04, 150.00, 66, 68, 69, 11572, P0, Not Active, Not Active, Not Active
2026/07/20 00:59:32.868, 0, ${V100_GPU_0_UUID}, 00000000:01:00.0, 892, 877, 131.09, 150.00, 69, 72, 100, 10966, P0, Not Active, Not Active, Not Active
2026/07/20 00:59:32.881, 1, ${V100_GPU_1_UUID}, 00000000:02:00.0, 892, 877, 110.00, 150.00, 66, 68, 69, 11572, P0, Not Active, Not Active, Not Active
2026/07/20 00:59:32.968, 0, ${V100_GPU_0_UUID}, 00000000:01:00.0, 892, 877, 93.45, 150.00, 69, 72, 100, 10966, P0, Not Active, Not Active, Not Active
2026/07/20 00:59:32.974, 1, ${V100_GPU_1_UUID}, 00000000:02:00.0, 892, 877, 141.48, 150.00, 66, 68, 100, 11572, P0, Not Active, Not Active, Not Active
2026/07/20 00:59:33.070, 0, ${V100_GPU_0_UUID}, 00000000:01:00.0, 892, 877, 117.33, 150.00, 69, 72, 100, 10966, P0, Not Active, Not Active, Not Active
2026/07/20 00:59:33.080, 1, ${V100_GPU_1_UUID}, 00000000:02:00.0, 892, 877, 135.48, 150.00, 66, 68, 100, 11572, P0, Not Active, Not Active, Not Active
2026/07/20 00:59:33.169, 0, ${V100_GPU_0_UUID}, 00000000:01:00.0, 892, 877, 134.38, 150.00, 69, 72, 100, 10966, P0, Not Active, Not Active, Not Active
2026/07/20 00:59:33.181, 1, ${V100_GPU_1_UUID}, 00000000:02:00.0, 892, 877, 117.36, 150.00, 66, 68, 100, 11572, P0, Not Active, Not Active, Not Active
2026/07/20 00:59:33.269, 0, ${V100_GPU_0_UUID}, 00000000:01:00.0, 892, 877, 86.55, 150.00, 69, 73, 100, 10966, P0, Not Active, Not Active, Not Active
2026/07/20 00:59:33.281, 1, ${V100_GPU_1_UUID}, 00000000:02:00.0, 892, 877, 140.36, 150.00, 66, 69, 100, 11572, P0, Not Active, Not Active, Not Active
2026/07/20 00:59:33.371, 0, ${V100_GPU_0_UUID}, 00000000:01:00.0, 892, 877, 127.47, 150.00, 70, 72, 100, 10966, P0, Not Active, Not Active, Not Active
2026/07/20 00:59:33.381, 1, ${V100_GPU_1_UUID}, 00000000:02:00.0, 892, 877, 98.45, 150.00, 66, 69, 100, 11572, P0, Not Active, Not Active, Not Active
2026/07/20 00:59:33.465, 0, ${V100_GPU_0_UUID}, 00000000:01:00.0, 892, 877, 92.78, 150.00, 69, 72, 100, 10966, P0, Not Active, Not Active, Not Active
2026/07/20 00:59:33.483, 1, ${V100_GPU_1_UUID}, 00000000:02:00.0, 892, 877, 97.63, 150.00, 65, 66, 97, 11572, P0, Not Active, Not Active, Not Active
2026/07/20 00:59:33.565, 0, ${V100_GPU_0_UUID}, 00000000:01:00.0, 892, 877, 137.10, 150.00, 69, 71, 77, 10966, P0, Not Active, Not Active, Not Active
2026/07/20 00:59:33.582, 1, ${V100_GPU_1_UUID}, 00000000:02:00.0, 892, 877, 117.83, 150.00, 66, 68, 53, 11572, P0, Not Active, Not Active, Not Active
2026/07/20 00:59:33.670, 0, ${V100_GPU_0_UUID}, 00000000:01:00.0, 892, 877, 94.33, 150.00, 69, 72, 77, 10966, P0, Not Active, Not Active, Not Active
2026/07/20 00:59:33.677, 1, ${V100_GPU_1_UUID}, 00000000:02:00.0, 892, 877, 142.22, 150.00, 66, 68, 53, 11572, P0, Not Active, Not Active, Not Active
2026/07/20 00:59:33.772, 0, ${V100_GPU_0_UUID}, 00000000:01:00.0, 892, 877, 117.88, 150.00, 69, 72, 100, 10966, P0, Not Active, Not Active, Not Active
2026/07/20 00:59:33.782, 1, ${V100_GPU_1_UUID}, 00000000:02:00.0, 892, 877, 129.10, 150.00, 66, 68, 100, 11572, P0, Not Active, Not Active, Not Active
2026/07/20 00:59:33.870, 0, ${V100_GPU_0_UUID}, 00000000:01:00.0, 892, 877, 132.50, 150.00, 69, 72, 100, 10966, P0, Not Active, Not Active, Not Active
2026/07/20 00:59:33.884, 1, ${V100_GPU_1_UUID}, 00000000:02:00.0, 892, 877, 118.30, 150.00, 66, 68, 100, 11572, P0, Not Active, Not Active, Not Active
2026/07/20 00:59:33.973, 0, ${V100_GPU_0_UUID}, 00000000:01:00.0, 892, 877, 99.10, 150.00, 69, 73, 100, 10966, P0, Not Active, Not Active, Not Active
2026/07/20 00:59:33.982, 1, ${V100_GPU_1_UUID}, 00000000:02:00.0, 892, 877, 140.55, 150.00, 66, 68, 100, 11572, P0, Not Active, Not Active, Not Active
2026/07/20 00:59:34.074, 0, ${V100_GPU_0_UUID}, 00000000:01:00.0, 892, 877, 130.21, 150.00, 70, 72, 100, 10966, P0, Not Active, Not Active, Not Active
2026/07/20 00:59:34.085, 1, ${V100_GPU_1_UUID}, 00000000:02:00.0, 892, 877, 70.47, 150.00, 66, 69, 100, 11572, P0, Not Active, Not Active, Not Active
2026/07/20 00:59:34.168, 0, ${V100_GPU_0_UUID}, 00000000:01:00.0, 892, 877, 131.56, 150.00, 69, 72, 100, 10966, P0, Not Active, Not Active, Not Active
2026/07/20 00:59:34.183, 1, ${V100_GPU_1_UUID}, 00000000:02:00.0, 892, 877, 122.44, 150.00, 66, 69, 100, 11572, P0, Not Active, Not Active, Not Active
2026/07/20 00:59:34.274, 0, ${V100_GPU_0_UUID}, 00000000:01:00.0, 892, 877, 115.75, 150.00, 70, 73, 100, 10966, P0, Not Active, Not Active, Not Active
2026/07/20 00:59:34.286, 1, ${V100_GPU_1_UUID}, 00000000:02:00.0, 892, 877, 42.32, 150.00, 65, 69, 100, 11572, P0, Not Active, Not Active, Not Active
2026/07/20 00:59:34.368, 0, ${V100_GPU_0_UUID}, 00000000:01:00.0, 892, 877, 44.85, 150.00, 69, 71, 100, 10966, P0, Not Active, Not Active, Not Active
2026/07/20 00:59:34.376, 1, ${V100_GPU_1_UUID}, 00000000:02:00.0, 892, 877, 132.72, 150.00, 65, 66, 100, 11572, P0, Not Active, Not Active, Not Active
2026/07/20 00:59:34.459, 0, ${V100_GPU_0_UUID}, 00000000:01:00.0, 892, 877, 134.94, 150.00, 69, 71, 77, 10966, P0, Not Active, Not Active, Not Active
2026/07/20 00:59:34.466, 1, ${V100_GPU_1_UUID}, 00000000:02:00.0, 892, 877, 71.46, 150.00, 66, 68, 52, 11572, P0, Not Active, Not Active, Not Active
2026/07/20 00:59:34.554, 0, ${V100_GPU_0_UUID}, 00000000:01:00.0, 892, 877, 116.15, 150.00, 69, 73, 97, 10966, P0, Not Active, Not Active, Not Active
2026/07/20 00:59:34.562, 1, ${V100_GPU_1_UUID}, 00000000:02:00.0, 892, 877, 127.13, 150.00, 66, 68, 100, 11572, P0, Not Active, Not Active, Not Active
2026/07/20 00:59:34.656, 0, ${V100_GPU_0_UUID}, 00000000:01:00.0, 892, 877, 116.31, 150.00, 70, 72, 97, 10966, P0, Not Active, Not Active, Not Active
2026/07/20 00:59:34.664, 1, ${V100_GPU_1_UUID}, 00000000:02:00.0, 892, 877, 138.76, 150.00, 66, 68, 100, 11572, P0, Not Active, Not Active, Not Active
2026/07/20 00:59:34.756, 0, ${V100_GPU_0_UUID}, 00000000:01:00.0, 892, 877, 138.13, 150.00, 70, 72, 100, 10966, P0, Not Active, Not Active, Not Active
2026/07/20 00:59:34.766, 1, ${V100_GPU_1_UUID}, 00000000:02:00.0, 892, 877, 117.75, 150.00, 66, 69, 100, 11572, P0, Not Active, Not Active, Not Active
2026/07/20 00:59:34.854, 0, ${V100_GPU_0_UUID}, 00000000:01:00.0, 892, 877, 83.72, 150.00, 69, 73, 100, 10966, P0, Not Active, Not Active, Not Active
2026/07/20 00:59:34.865, 1, ${V100_GPU_1_UUID}, 00000000:02:00.0, 892, 877, 137.45, 150.00, 66, 69, 100, 11572, P0, Not Active, Not Active, Not Active
2026/07/20 00:59:34.957, 0, ${V100_GPU_0_UUID}, 00000000:01:00.0, 892, 877, 125.11, 150.00, 70, 72, 100, 10966, P0, Not Active, Not Active, Not Active
2026/07/20 00:59:34.967, 1, ${V100_GPU_1_UUID}, 00000000:02:00.0, 892, 877, 107.25, 150.00, 66, 69, 100, 11572, P0, Not Active, Not Active, Not Active
2026/07/20 00:59:35.050, 0, ${V100_GPU_0_UUID}, 00000000:01:00.0, 892, 877, 126.01, 150.00, 70, 72, 100, 10966, P0, Not Active, Not Active, Not Active
2026/07/20 00:59:35.066, 1, ${V100_GPU_1_UUID}, 00000000:02:00.0, 892, 877, 118.85, 150.00, 66, 68, 100, 11572, P0, Not Active, Not Active, Not Active
2026/07/20 00:59:35.157, 0, ${V100_GPU_0_UUID}, 00000000:01:00.0, 892, 877, 115.28, 150.00, 70, 73, 100, 10966, P0, Not Active, Not Active, Not Active
2026/07/20 00:59:35.167, 1, ${V100_GPU_1_UUID}, 00000000:02:00.0, 892, 877, 39.02, 150.00, 65, 69, 100, 11572, P0, Not Active, Not Active, Not Active
2026/07/20 00:59:35.250, 0, ${V100_GPU_0_UUID}, 00000000:01:00.0, 892, 877, 44.40, 150.00, 69, 71, 100, 10966, P0, Not Active, Not Active, Not Active
2026/07/20 00:59:35.258, 1, ${V100_GPU_1_UUID}, 00000000:02:00.0, 892, 877, 135.94, 150.00, 65, 68, 49, 11572, P0, Not Active, Not Active, Not Active
2026/07/20 00:59:35.340, 0, ${V100_GPU_0_UUID}, 00000000:01:00.0, 892, 877, 131.36, 150.00, 70, 72, 100, 10966, P0, Not Active, Not Active, Not Active
2026/07/20 00:59:35.347, 1, ${V100_GPU_1_UUID}, 00000000:02:00.0, 892, 877, 72.41, 150.00, 66, 68, 49, 11572, P0, Not Active, Not Active, Not Active
2026/07/20 00:59:35.436, 0, ${V100_GPU_0_UUID}, 00000000:01:00.0, 892, 877, 126.69, 150.00, 69, 72, 77, 10966, P0, Not Active, Not Active, Not Active
2026/07/20 00:59:35.447, 1, ${V100_GPU_1_UUID}, 00000000:02:00.0, 892, 877, 125.64, 150.00, 66, 68, 100, 11572, P0, Not Active, Not Active, Not Active
2026/07/20 00:59:35.539, 0, ${V100_GPU_0_UUID}, 00000000:01:00.0, 892, 877, 115.84, 150.00, 70, 73, 77, 10966, P0, Not Active, Not Active, Not Active
2026/07/20 00:59:35.548, 1, ${V100_GPU_1_UUID}, 00000000:02:00.0, 892, 877, 136.80, 150.00, 66, 69, 100, 11572, P0, Not Active, Not Active, Not Active
2026/07/20 00:59:35.639, 0, ${V100_GPU_0_UUID}, 00000000:01:00.0, 892, 877, 132.03, 150.00, 70, 72, 100, 10966, P0, Not Active, Not Active, Not Active
2026/07/20 00:59:35.649, 1, ${V100_GPU_1_UUID}, 00000000:02:00.0, 892, 877, 117.36, 150.00, 66, 69, 100, 11572, P0, Not Active, Not Active, Not Active
2026/07/20 00:59:35.738, 0, ${V100_GPU_0_UUID}, 00000000:01:00.0, 892, 877, 73.95, 150.00, 70, 73, 100, 10966, P0, Not Active, Not Active, Not Active
2026/07/20 00:59:35.747, 1, ${V100_GPU_1_UUID}, 00000000:02:00.0, 892, 877, 139.14, 150.00, 66, 69, 100, 11572, P0, Not Active, Not Active, Not Active
2026/07/20 00:59:35.839, 0, ${V100_GPU_0_UUID}, 00000000:01:00.0, 892, 877, 121.98, 150.00, 70, 73, 100, 10966, P0, Not Active, Not Active, Not Active
2026/07/20 00:59:35.850, 1, ${V100_GPU_1_UUID}, 00000000:02:00.0, 892, 877, 100.87, 150.00, 66, 69, 100, 11572, P0, Not Active, Not Active, Not Active
2026/07/20 00:59:35.933, 0, ${V100_GPU_0_UUID}, 00000000:01:00.0, 892, 877, 132.50, 150.00, 70, 72, 100, 10966, P0, Not Active, Not Active, Not Active
2026/07/20 00:59:35.950, 1, ${V100_GPU_1_UUID}, 00000000:02:00.0, 892, 877, 119.71, 150.00, 67, 69, 100, 11572, P0, Not Active, Not Active, Not Active
2026/07/20 00:59:36.039, 0, ${V100_GPU_0_UUID}, 00000000:01:00.0, 892, 877, 115.28, 150.00, 70, 73, 100, 10966, P0, Not Active, Not Active, Not Active
2026/07/20 00:59:36.051, 1, ${V100_GPU_1_UUID}, 00000000:02:00.0, 892, 877, 39.97, 150.00, 66, 69, 100, 11572, P0, Not Active, Not Active, Not Active
2026/07/20 00:59:36.133, 0, ${V100_GPU_0_UUID}, 00000000:01:00.0, 892, 877, 42.97, 150.00, 69, 71, 100, 10966, P0, Not Active, Not Active, Not Active
2026/07/20 00:59:36.141, 1, ${V100_GPU_1_UUID}, 00000000:02:00.0, 892, 877, 139.71, 150.00, 66, 66, 67, 11572, P0, Not Active, Not Active, Not Active
2026/07/20 00:59:36.223, 0, ${V100_GPU_0_UUID}, 00000000:01:00.0, 892, 877, 129.10, 150.00, 70, 72, 77, 10966, P0, Not Active, Not Active, Not Active
2026/07/20 00:59:36.232, 1, ${V100_GPU_1_UUID}, 00000000:02:00.0, 892, 877, 70.57, 150.00, 66, 68, 67, 11572, P0, Not Active, Not Active, Not Active
2026/07/20 00:59:36.323, 0, ${V100_GPU_0_UUID}, 00000000:01:00.0, 892, 877, 127.72, 150.00, 69, 72, 77, 10966, P0, Not Active, Not Active, Not Active
2026/07/20 00:59:36.331, 1, ${V100_GPU_1_UUID}, 00000000:02:00.0, 892, 877, 123.76, 150.00, 66, 68, 85, 11572, P0, Not Active, Not Active, Not Active
2026/07/20 00:59:36.423, 0, ${V100_GPU_0_UUID}, 00000000:01:00.0, 892, 877, 115.37, 150.00, 70, 73, 100, 10966, P0, Not Active, Not Active, Not Active
2026/07/20 00:59:36.431, 1, ${V100_GPU_1_UUID}, 00000000:02:00.0, 892, 877, 138.76, 150.00, 66, 69, 100, 11572, P0, Not Active, Not Active, Not Active
2026/07/20 00:59:36.524, 0, ${V100_GPU_0_UUID}, 00000000:01:00.0, 892, 877, 133.53, 150.00, 70, 72, 100, 10966, P0, Not Active, Not Active, Not Active
2026/07/20 00:59:36.532, 1, ${V100_GPU_1_UUID}, 00000000:02:00.0, 892, 877, 117.36, 150.00, 66, 69, 100, 11572, P0, Not Active, Not Active, Not Active
2026/07/20 00:59:36.622, 0, ${V100_GPU_0_UUID}, 00000000:01:00.0, 892, 877, 74.90, 150.00, 69, 73, 100, 10966, P0, Not Active, Not Active, Not Active
2026/07/20 00:59:36.630, 1, ${V100_GPU_1_UUID}, 00000000:02:00.0, 892, 877, 137.26, 150.00, 66, 69, 100, 11572, P0, Not Active, Not Active, Not Active
2026/07/20 00:59:36.724, 0, ${V100_GPU_0_UUID}, 00000000:01:00.0, 892, 877, 121.98, 150.00, 70, 72, 100, 10966, P0, Not Active, Not Active, Not Active
2026/07/20 00:59:36.734, 1, ${V100_GPU_1_UUID}, 00000000:02:00.0, 892, 877, 93.93, 150.00, 66, 69, 100, 11572, P0, Not Active, Not Active, Not Active
2026/07/20 00:59:36.817, 0, ${V100_GPU_0_UUID}, 00000000:01:00.0, 892, 877, 128.36, 150.00, 70, 72, 100, 10966, P0, Not Active, Not Active, Not Active
2026/07/20 00:59:36.833, 1, ${V100_GPU_1_UUID}, 00000000:02:00.0, 892, 877, 120.18, 150.00, 66, 69, 100, 11572, P0, Not Active, Not Active, Not Active
2026/07/20 00:59:36.924, 0, ${V100_GPU_0_UUID}, 00000000:01:00.0, 892, 877, 115.20, 150.00, 70, 73, 100, 10966, P0, Not Active, Not Active, Not Active
2026/07/20 00:59:36.934, 1, ${V100_GPU_1_UUID}, 00000000:02:00.0, 892, 877, 42.32, 150.00, 66, 69, 96, 11572, P0, Not Active, Not Active, Not Active
2026/07/20 00:59:37.016, 0, ${V100_GPU_0_UUID}, 00000000:01:00.0, 892, 877, 44.85, 150.00, 69, 71, 100, 10966, P0, Not Active, Not Active, Not Active
2026/07/20 00:59:37.025, 1, ${V100_GPU_1_UUID}, 00000000:02:00.0, 892, 877, 137.07, 150.00, 65, 66, 96, 11572, P0, Not Active, Not Active, Not Active
2026/07/20 00:59:37.108, 0, ${V100_GPU_0_UUID}, 00000000:01:00.0, 892, 877, 132.97, 150.00, 70, 72, 77, 10966, P0, Not Active, Not Active, Not Active
2026/07/20 00:59:37.113, 1, ${V100_GPU_1_UUID}, 00000000:02:00.0, 892, 877, 73.36, 150.00, 66, 69, 56, 11572, P0, Not Active, Not Active, Not Active
2026/07/20 00:59:37.204, 0, ${V100_GPU_0_UUID}, 00000000:01:00.0, 892, 877, 121.23, 150.00, 69, 73, 77, 10966, P0, Not Active, Not Active, Not Active
2026/07/20 00:59:37.212, 1, ${V100_GPU_1_UUID}, 00000000:02:00.0, 892, 877, 126.19, 150.00, 66, 68, 56, 11572, P0, Not Active, Not Active, Not Active
2026/07/20 00:59:37.308, 0, ${V100_GPU_0_UUID}, 00000000:01:00.0, 892, 877, 116.39, 150.00, 70, 73, 100, 10966, P0, Not Active, Not Active, Not Active
2026/07/20 00:59:37.314, 1, ${V100_GPU_1_UUID}, 00000000:02:00.0, 892, 877, 129.86, 150.00, 66, 69, 100, 11572, P0, Not Active, Not Active, Not Active
2026/07/20 00:59:37.407, 0, ${V100_GPU_0_UUID}, 00000000:01:00.0, 892, 877, 137.10, 150.00, 70, 72, 100, 10966, P0, Not Active, Not Active, Not Active
2026/07/20 00:59:37.415, 1, ${V100_GPU_1_UUID}, 00000000:02:00.0, 892, 877, 118.30, 150.00, 66, 69, 100, 11572, P0, Not Active, Not Active, Not Active
2026/07/20 00:59:37.506, 0, ${V100_GPU_0_UUID}, 00000000:01:00.0, 892, 877, 93.98, 150.00, 70, 73, 100, 10966, P0, Not Active, Not Active, Not Active
2026/07/20 00:59:37.514, 1, ${V100_GPU_1_UUID}, 00000000:02:00.0, 892, 877, 144.12, 150.00, 67, 68, 100, 11572, P0, Not Active, Not Active, Not Active
2026/07/20 00:59:37.609, 0, ${V100_GPU_0_UUID}, 00000000:01:00.0, 892, 877, 129.65, 150.00, 70, 73, 100, 10966, P0, Not Active, Not Active, Not Active
2026/07/20 00:59:37.616, 1, ${V100_GPU_1_UUID}, 00000000:02:00.0, 892, 877, 67.72, 150.00, 66, 70, 100, 11572, P0, Not Active, Not Active, Not Active
2026/07/20 00:59:37.703, 0, ${V100_GPU_0_UUID}, 00000000:01:00.0, 892, 877, 126.78, 150.00, 70, 72, 100, 10966, P0, Not Active, Not Active, Not Active
2026/07/20 00:59:37.716, 1, ${V100_GPU_1_UUID}, 00000000:02:00.0, 892, 877, 123.38, 150.00, 67, 70, 100, 11572, P0, Not Active, Not Active, Not Active
2026/07/20 00:59:37.808, 0, ${V100_GPU_0_UUID}, 00000000:01:00.0, 892, 877, 115.99, 150.00, 70, 73, 100, 10966, P0, Not Active, Not Active, Not Active
2026/07/20 00:59:37.816, 1, ${V100_GPU_1_UUID}, 00000000:02:00.0, 892, 877, 52.24, 150.00, 66, 70, 100, 11572, P0, Not Active, Not Active, Not Active
2026/07/20 00:59:37.899, 0, ${V100_GPU_0_UUID}, 00000000:01:00.0, 892, 877, 52.90, 150.00, 70, 72, 90, 10966, P0, Not Active, Not Active, Not Active
2026/07/20 00:59:37.908, 1, ${V100_GPU_1_UUID}, 00000000:02:00.0, 892, 877, 132.16, 150.00, 65, 66, 100, 11572, P0, Not Active, Not Active, Not Active
2026/07/20 00:59:37.990, 0, ${V100_GPU_0_UUID}, 00000000:01:00.0, 892, 877, 37.31, 150.00, 69, 70, 90, 10966, P0, Not Active, Not Active, Not Active
2026/07/20 00:59:37.995, 1, ${V100_GPU_1_UUID}, 00000000:02:00.0, 892, 877, 111.92, 150.00, 66, 69, 52, 11572, P0, Not Active, Not Active, Not Active
2026/07/20 00:59:38.088, 0, ${V100_GPU_0_UUID}, 00000000:01:00.0, 892, 877, 37.21, 150.00, 68, 68, 0, 10966, P0, Not Active, Not Active, Not Active
2026/07/20 00:59:38.094, 1, ${V100_GPU_1_UUID}, 00000000:02:00.0, 892, 877, 143.49, 150.00, 66, 68, 100, 11572, P0, Not Active, Not Active, Not Active
2026/07/20 00:59:38.189, 0, ${V100_GPU_0_UUID}, 00000000:01:00.0, 892, 877, 36.93, 150.00, 68, 67, 0, 10966, P0, Not Active, Not Active, Not Active
2026/07/20 00:59:38.194, 1, ${V100_GPU_1_UUID}, 00000000:02:00.0, 892, 877, 116.98, 150.00, 66, 69, 100, 11572, P0, Not Active, Not Active, Not Active
2026/07/20 00:59:38.286, 0, ${V100_GPU_0_UUID}, 00000000:01:00.0, 892, 877, 36.81, 150.00, 67, 67, 0, 10966, P0, Not Active, Not Active, Not Active
2026/07/20 00:59:38.292, 1, ${V100_GPU_1_UUID}, 00000000:02:00.0, 892, 877, 122.11, 150.00, 67, 69, 100, 11572, P0, Not Active, Not Active, Not Active
2026/07/20 00:59:38.375, 0, ${V100_GPU_0_UUID}, 00000000:01:00.0, 892, 877, 36.78, 150.00, 67, 67, 0, 10966, P0, Not Active, Not Active, Not Active
2026/07/20 00:59:38.381, 1, ${V100_GPU_1_UUID}, 00000000:02:00.0, 892, 877, 134.14, 150.00, 66, 70, 100, 11572, P0, Not Active, Not Active, Not Active
2026/07/20 00:59:38.470, 0, ${V100_GPU_0_UUID}, 00000000:01:00.0, 892, 877, 36.83, 150.00, 67, 67, 0, 10966, P0, Not Active, Not Active, Not Active
2026/07/20 00:59:38.475, 1, ${V100_GPU_1_UUID}, 00000000:02:00.0, 892, 877, 117.93, 150.00, 66, 70, 100, 11572, P0, Not Active, Not Active, Not Active
2026/07/20 00:59:38.569, 0, ${V100_GPU_0_UUID}, 00000000:01:00.0, 892, 877, 36.76, 150.00, 67, 67, 0, 10966, P0, Not Active, Not Active, Not Active
2026/07/20 00:59:38.575, 1, ${V100_GPU_1_UUID}, 00000000:02:00.0, 892, 877, 143.39, 150.00, 67, 70, 100, 11572, P0, Not Active, Not Active, Not Active
2026/07/20 00:59:38.671, 0, ${V100_GPU_0_UUID}, 00000000:01:00.0, 892, 877, 36.88, 150.00, 67, 66, 0, 10966, P0, Not Active, Not Active, Not Active
2026/07/20 00:59:38.676, 1, ${V100_GPU_1_UUID}, 00000000:02:00.0, 892, 877, 67.75, 150.00, 66, 69, 100, 11572, P0, Not Active, Not Active, Not Active
2026/07/20 00:59:38.768, 0, ${V100_GPU_0_UUID}, 00000000:01:00.0, 892, 877, 136.42, 150.00, 68, 69, 13, 10966, P0, Not Active, Not Active, Not Active
2026/07/20 00:59:38.781, 1, ${V100_GPU_1_UUID}, 00000000:02:00.0, 892, 877, 34.21, 150.00, 65, 67, 67, 11572, P0, Not Active, Not Active, Not Active
2026/07/20 00:59:38.863, 0, ${V100_GPU_0_UUID}, 00000000:01:00.0, 892, 877, 138.13, 150.00, 69, 71, 13, 10966, P0, Not Active, Not Active, Not Active
2026/07/20 00:59:38.882, 1, ${V100_GPU_1_UUID}, 00000000:02:00.0, 892, 877, 33.76, 150.00, 64, 65, 67, 11572, P0, Not Active, Not Active, Not Active
2026/07/20 00:59:38.964, 0, ${V100_GPU_0_UUID}, 00000000:01:00.0, 892, 877, 139.45, 150.00, 69, 72, 100, 10966, P0, Not Active, Not Active, Not Active
2026/07/20 00:59:38.981, 1, ${V100_GPU_1_UUID}, 00000000:02:00.0, 892, 877, 33.76, 150.00, 64, 64, 0, 11572, P0, Not Active, Not Active, Not Active
2026/07/20 00:59:39.063, 0, ${V100_GPU_0_UUID}, 00000000:01:00.0, 892, 877, 137.09, 150.00, 70, 72, 100, 10966, P0, Not Active, Not Active, Not Active
2026/07/20 00:59:39.081, 1, ${V100_GPU_1_UUID}, 00000000:02:00.0, 892, 877, 33.74, 150.00, 64, 63, 0, 11572, P0, Not Active, Not Active, Not Active
2026/07/20 00:59:39.162, 0, ${V100_GPU_0_UUID}, 00000000:01:00.0, 892, 877, 51.47, 150.00, 69, 70, 100, 10966, P0, Not Active, Not Active, Not Active
2026/07/20 00:59:39.170, 1, ${V100_GPU_1_UUID}, 00000000:02:00.0, 892, 877, 131.30, 150.00, 64, 64, 0, 11572, P0, Not Active, Not Active, Not Active
2026/07/20 00:59:39.253, 0, ${V100_GPU_0_UUID}, 00000000:01:00.0, 892, 877, 138.41, 150.00, 70, 72, 81, 10966, P0, Not Active, Not Active, Not Active
2026/07/20 00:59:39.261, 1, ${V100_GPU_1_UUID}, 00000000:02:00.0, 892, 877, 143.53, 150.00, 66, 67, 71, 11572, P0, Not Active, Not Active, Not Active
2026/07/20 00:59:39.354, 0, ${V100_GPU_0_UUID}, 00000000:01:00.0, 892, 877, 135.60, 150.00, 70, 72, 81, 10966, P0, Not Active, Not Active, Not Active
2026/07/20 00:59:39.362, 1, ${V100_GPU_1_UUID}, 00000000:02:00.0, 892, 877, 142.96, 150.00, 66, 68, 71, 11572, P0, Not Active, Not Active, Not Active
2026/07/20 00:59:39.455, 0, ${V100_GPU_0_UUID}, 00000000:01:00.0, 892, 877, 135.41, 150.00, 70, 72, 100, 10966, P0, Not Active, Not Active, Not Active
2026/07/20 00:59:39.462, 1, ${V100_GPU_1_UUID}, 00000000:02:00.0, 892, 877, 146.33, 150.00, 67, 69, 100, 11572, P0, Not Active, Not Active, Not Active
2026/07/20 00:59:39.555, 0, ${V100_GPU_0_UUID}, 00000000:01:00.0, 892, 877, 137.76, 150.00, 70, 72, 100, 10966, P0, Not Active, Not Active, Not Active
2026/07/20 00:59:39.564, 1, ${V100_GPU_1_UUID}, 00000000:02:00.0, 892, 877, 48.88, 150.00, 66, 69, 100, 11572, P0, Not Active, Not Active, Not Active
2026/07/20 00:59:39.645, 0, ${V100_GPU_0_UUID}, 00000000:01:00.0, 892, 877, 47.19, 150.00, 69, 71, 100, 10966, P0, Not Active, Not Active, Not Active
2026/07/20 00:59:39.653, 1, ${V100_GPU_1_UUID}, 00000000:02:00.0, 892, 877, 136.97, 150.00, 66, 68, 68, 11572, P0, Not Active, Not Active, Not Active
2026/07/20 00:59:39.735, 0, ${V100_GPU_0_UUID}, 00000000:01:00.0, 892, 877, 131.38, 150.00, 70, 72, 80, 10966, P0, Not Active, Not Active, Not Active
2026/07/20 00:59:39.743, 1, ${V100_GPU_1_UUID}, 00000000:02:00.0, 892, 877, 140.72, 150.00, 66, 68, 68, 11572, P0, Not Active, Not Active, Not Active
2026/07/20 00:59:39.835, 0, ${V100_GPU_0_UUID}, 00000000:01:00.0, 892, 877, 132.79, 150.00, 70, 72, 80, 10966, P0, Not Active, Not Active, Not Active
2026/07/20 00:59:39.843, 1, ${V100_GPU_1_UUID}, 00000000:02:00.0, 892, 877, 137.36, 150.00, 67, 68, 85, 11572, P0, Not Active, Not Active, Not Active
2026/07/20 00:59:39.936, 0, ${V100_GPU_0_UUID}, 00000000:01:00.0, 892, 877, 137.29, 150.00, 70, 72, 100, 10966, P0, Not Active, Not Active, Not Active
2026/07/20 00:59:39.943, 1, ${V100_GPU_1_UUID}, 00000000:02:00.0, 892, 877, 139.42, 150.00, 67, 69, 100, 11572, P0, Not Active, Not Active, Not Active
2026/07/20 00:59:40.035, 0, ${V100_GPU_0_UUID}, 00000000:01:00.0, 892, 877, 134.94, 150.00, 70, 73, 100, 10966, P0, Not Active, Not Active, Not Active
2026/07/20 00:59:40.044, 1, ${V100_GPU_1_UUID}, 00000000:02:00.0, 892, 877, 63.94, 150.00, 67, 69, 100, 11572, P0, Not Active, Not Active, Not Active
2026/07/20 00:59:40.133, 0, ${V100_GPU_0_UUID}, 00000000:01:00.0, 892, 877, 61.85, 150.00, 70, 73, 100, 10966, P0, Not Active, Not Active, Not Active
2026/07/20 00:59:40.140, 1, ${V100_GPU_1_UUID}, 00000000:02:00.0, 892, 877, 128.47, 150.00, 65, 66, 64, 11572, P0, Not Active, Not Active, Not Active
2026/07/20 00:59:40.234, 0, ${V100_GPU_0_UUID}, 00000000:01:00.0, 892, 877, 129.04, 150.00, 70, 72, 79, 10966, P0, Not Active, Not Active, Not Active
2026/07/20 00:59:40.245, 1, ${V100_GPU_1_UUID}, 00000000:02:00.0, 892, 877, 138.57, 150.00, 67, 68, 64, 11572, P0, Not Active, Not Active, Not Active
2026/07/20 00:59:40.336, 0, ${V100_GPU_0_UUID}, 00000000:01:00.0, 892, 877, 135.13, 150.00, 70, 72, 79, 10966, P0, Not Active, Not Active, Not Active
2026/07/20 00:59:40.345, 1, ${V100_GPU_1_UUID}, 00000000:02:00.0, 892, 877, 145.40, 150.00, 67, 68, 87, 11572, P0, Not Active, Not Active, Not Active
2026/07/20 00:59:40.437, 0, ${V100_GPU_0_UUID}, 00000000:01:00.0, 892, 877, 136.45, 150.00, 70, 73, 100, 10966, P0, Not Active, Not Active, Not Active
2026/07/20 00:59:40.445, 1, ${V100_GPU_1_UUID}, 00000000:02:00.0, 892, 877, 138.01, 150.00, 67, 69, 100, 11572, P0, Not Active, Not Active, Not Active
2026/07/20 00:59:40.538, 0, ${V100_GPU_0_UUID}, 00000000:01:00.0, 892, 877, 135.13, 150.00, 71, 73, 100, 10966, P0, Not Active, Not Active, Not Active
2026/07/20 00:59:40.546, 1, ${V100_GPU_1_UUID}, 00000000:02:00.0, 892, 877, 106.31, 150.00, 67, 69, 100, 11572, P0, Not Active, Not Active, Not Active
2026/07/20 00:59:40.638, 0, ${V100_GPU_0_UUID}, 00000000:01:00.0, 892, 877, 63.28, 150.00, 70, 73, 100, 10966, P0, Not Active, Not Active, Not Active
2026/07/20 00:59:40.644, 1, ${V100_GPU_1_UUID}, 00000000:02:00.0, 892, 877, 134.99, 150.00, 66, 68, 72, 11572, P0, Not Active, Not Active, Not Active
2026/07/20 00:59:40.738, 0, ${V100_GPU_0_UUID}, 00000000:01:00.0, 892, 877, 137.29, 150.00, 70, 72, 74, 10966, P0, Not Active, Not Active, Not Active
2026/07/20 00:59:40.747, 1, ${V100_GPU_1_UUID}, 00000000:02:00.0, 892, 877, 141.76, 150.00, 67, 68, 72, 11572, P0, Not Active, Not Active, Not Active
2026/07/20 00:59:40.837, 0, ${V100_GPU_0_UUID}, 00000000:01:00.0, 892, 877, 123.58, 150.00, 70, 72, 74, 10966, P0, Not Active, Not Active, Not Active
2026/07/20 00:59:40.847, 1, ${V100_GPU_1_UUID}, 00000000:02:00.0, 892, 877, 140.82, 150.00, 67, 68, 84, 11572, P0, Not Active, Not Active, Not Active
2026/07/20 00:59:40.938, 0, ${V100_GPU_0_UUID}, 00000000:01:00.0, 892, 877, 132.79, 150.00, 70, 73, 100, 10966, P0, Not Active, Not Active, Not Active
2026/07/20 00:59:40.948, 1, ${V100_GPU_1_UUID}, 00000000:02:00.0, 892, 877, 144.56, 150.00, 67, 69, 100, 11572, P0, Not Active, Not Active, Not Active
2026/07/20 00:59:41.039, 0, ${V100_GPU_0_UUID}, 00000000:01:00.0, 892, 877, 129.04, 150.00, 71, 73, 100, 10966, P0, Not Active, Not Active, Not Active
2026/07/20 00:59:41.047, 1, ${V100_GPU_1_UUID}, 00000000:02:00.0, 892, 877, 136.80, 150.00, 67, 69, 100, 11572, P0, Not Active, Not Active, Not Active
2026/07/20 00:59:41.140, 0, ${V100_GPU_0_UUID}, 00000000:01:00.0, 892, 877, 139.07, 150.00, 71, 73, 100, 10966, P0, Not Active, Not Active, Not Active
2026/07/20 00:59:41.149, 1, ${V100_GPU_1_UUID}, 00000000:02:00.0, 892, 877, 59.44, 150.00, 65, 68, 79, 11572, P0, Not Active, Not Active, Not Active
2026/07/20 00:59:41.231, 0, ${V100_GPU_0_UUID}, 00000000:01:00.0, 892, 877, 137.85, 150.00, 70, 72, 76, 10966, P0, Not Active, Not Active, Not Active
2026/07/20 00:59:41.249, 1, ${V100_GPU_1_UUID}, 00000000:02:00.0, 892, 877, 138.01, 150.00, 67, 68, 79, 11572, P0, Not Active, Not Active, Not Active
2026/07/20 00:59:41.339, 0, ${V100_GPU_0_UUID}, 00000000:01:00.0, 892, 877, 131.20, 150.00, 70, 73, 76, 10966, P0, Not Active, Not Active, Not Active
2026/07/20 00:59:41.349, 1, ${V100_GPU_1_UUID}, 00000000:02:00.0, 892, 877, 143.53, 150.00, 67, 68, 73, 11572, P0, Not Active, Not Active, Not Active
2026/07/20 00:59:41.440, 0, ${V100_GPU_0_UUID}, 00000000:01:00.0, 892, 877, 140.10, 150.00, 71, 73, 100, 10966, P0, Not Active, Not Active, Not Active
2026/07/20 00:59:41.450, 1, ${V100_GPU_1_UUID}, 00000000:02:00.0, 892, 877, 139.04, 150.00, 67, 69, 100, 11572, P0, Not Active, Not Active, Not Active
2026/07/20 00:59:41.540, 0, ${V100_GPU_0_UUID}, 00000000:01:00.0, 892, 877, 132.32, 150.00, 71, 73, 100, 10966, P0, Not Active, Not Active, Not Active
2026/07/20 00:59:41.550, 1, ${V100_GPU_1_UUID}, 00000000:02:00.0, 892, 877, 141.19, 150.00, 67, 69, 100, 11572, P0, Not Active, Not Active, Not Active
2026/07/20 00:59:41.641, 0, ${V100_GPU_0_UUID}, 00000000:01:00.0, 892, 877, 120.89, 150.00, 71, 73, 100, 10966, P0, Not Active, Not Active, Not Active
2026/07/20 00:59:41.652, 1, ${V100_GPU_1_UUID}, 00000000:02:00.0, 892, 877, 35.17, 150.00, 66, 69, 93, 11572, P0, Not Active, Not Active, Not Active
2026/07/20 00:59:41.733, 0, ${V100_GPU_0_UUID}, 00000000:01:00.0, 892, 877, 129.12, 150.00, 70, 71, 100, 10966, P0, Not Active, Not Active, Not Active
2026/07/20 00:59:41.750, 1, ${V100_GPU_1_UUID}, 00000000:02:00.0, 892, 877, 139.79, 150.00, 67, 68, 93, 11572, P0, Not Active, Not Active, Not Active
2026/07/20 00:59:41.841, 0, ${V100_GPU_0_UUID}, 00000000:01:00.0, 892, 877, 137.85, 150.00, 70, 73, 78, 10966, P0, Not Active, Not Active, Not Active
2026/07/20 00:59:41.851, 1, ${V100_GPU_1_UUID}, 00000000:02:00.0, 892, 877, 136.14, 150.00, 67, 69, 60, 11572, P0, Not Active, Not Active, Not Active
2026/07/20 00:59:41.941, 0, ${V100_GPU_0_UUID}, 00000000:01:00.0, 892, 877, 133.63, 150.00, 71, 73, 100, 10966, P0, Not Active, Not Active, Not Active
2026/07/20 00:59:41.952, 1, ${V100_GPU_1_UUID}, 00000000:02:00.0, 892, 877, 140.35, 150.00, 67, 69, 100, 11572, P0, Not Active, Not Active, Not Active
2026/07/20 00:59:42.043, 0, ${V100_GPU_0_UUID}, 00000000:01:00.0, 892, 877, 137.85, 150.00, 71, 73, 100, 10966, P0, Not Active, Not Active, Not Active
2026/07/20 00:59:42.053, 1, ${V100_GPU_1_UUID}, 00000000:02:00.0, 892, 877, 138.95, 150.00, 67, 69, 100, 11572, P0, Not Active, Not Active, Not Active
2026/07/20 00:59:42.142, 0, ${V100_GPU_0_UUID}, 00000000:01:00.0, 892, 877, 132.46, 150.00, 71, 73, 100, 10966, P0, Not Active, Not Active, Not Active
2026/07/20 00:59:42.153, 1, ${V100_GPU_1_UUID}, 00000000:02:00.0, 892, 877, 42.26, 150.00, 67, 69, 100, 11572, P0, Not Active, Not Active, Not Active
2026/07/20 00:59:42.234, 0, ${V100_GPU_0_UUID}, 00000000:01:00.0, 892, 877, 52.36, 150.00, 70, 71, 100, 10966, P0, Not Active, Not Active, Not Active
2026/07/20 00:59:42.242, 1, ${V100_GPU_1_UUID}, 00000000:02:00.0, 892, 877, 134.15, 150.00, 66, 67, 100, 11572, P0, Not Active, Not Active, Not Active
2026/07/20 00:59:42.324, 0, ${V100_GPU_0_UUID}, 00000000:01:00.0, 892, 877, 129.12, 150.00, 71, 72, 78, 10966, P0, Not Active, Not Active, Not Active
2026/07/20 00:59:42.333, 1, ${V100_GPU_1_UUID}, 00000000:02:00.0, 892, 877, 141.29, 150.00, 67, 69, 55, 11572, P0, Not Active, Not Active, Not Active
2026/07/20 00:59:42.423, 0, ${V100_GPU_0_UUID}, 00000000:01:00.0, 892, 877, 135.04, 150.00, 71, 73, 100, 10966, P0, Not Active, Not Active, Not Active
2026/07/20 00:59:42.432, 1, ${V100_GPU_1_UUID}, 00000000:02:00.0, 892, 877, 146.23, 150.00, 67, 69, 100, 11572, P0, Not Active, Not Active, Not Active
2026/07/20 00:59:42.524, 0, ${V100_GPU_0_UUID}, 00000000:01:00.0, 892, 877, 127.81, 150.00, 71, 73, 100, 10966, P0, Not Active, Not Active, Not Active
2026/07/20 00:59:42.533, 1, ${V100_GPU_1_UUID}, 00000000:02:00.0, 892, 877, 138.11, 150.00, 67, 69, 100, 11572, P0, Not Active, Not Active, Not Active
2026/07/20 00:59:42.624, 0, ${V100_GPU_0_UUID}, 00000000:01:00.0, 892, 877, 134.57, 150.00, 71, 73, 100, 10966, P0, Not Active, Not Active, Not Active
2026/07/20 00:59:42.633, 1, ${V100_GPU_1_UUID}, 00000000:02:00.0, 892, 877, 122.83, 150.00, 67, 69, 100, 11572, P0, Not Active, Not Active, Not Active
2026/07/20 00:59:42.725, 0, ${V100_GPU_0_UUID}, 00000000:01:00.0, 892, 877, 121.92, 150.00, 71, 73, 100, 10966, P0, Not Active, Not Active, Not Active
2026/07/20 00:59:42.735, 1, ${V100_GPU_1_UUID}, 00000000:02:00.0, 892, 877, 68.90, 150.00, 66, 68, 100, 11572, P0, Not Active, Not Active, Not Active
2026/07/20 00:59:42.818, 0, ${V100_GPU_0_UUID}, 00000000:01:00.0, 892, 877, 137.94, 150.00, 70, 72, 85, 10966, P0, Not Active, Not Active, Not Active
2026/07/20 00:59:42.835, 1, ${V100_GPU_1_UUID}, 00000000:02:00.0, 892, 877, 140.72, 150.00, 67, 68, 56, 11572, P0, Not Active, Not Active, Not Active
2026/07/20 00:59:42.925, 0, ${V100_GPU_0_UUID}, 00000000:01:00.0, 892, 877, 138.79, 150.00, 71, 73, 90, 10966, P0, Not Active, Not Active, Not Active
2026/07/20 00:59:42.934, 1, ${V100_GPU_1_UUID}, 00000000:02:00.0, 892, 877, 138.48, 150.00, 67, 69, 100, 11572, P0, Not Active, Not Active, Not Active
2026/07/20 00:59:43.025, 0, ${V100_GPU_0_UUID}, 00000000:01:00.0, 892, 877, 130.82, 150.00, 71, 73, 90, 10966, P0, Not Active, Not Active, Not Active
2026/07/20 00:59:43.036, 1, ${V100_GPU_1_UUID}, 00000000:02:00.0, 892, 877, 144.46, 150.00, 67, 69, 100, 11572, P0, Not Active, Not Active, Not Active
2026/07/20 00:59:43.126, 0, ${V100_GPU_0_UUID}, 00000000:01:00.0, 892, 877, 137.38, 150.00, 71, 73, 100, 10966, P0, Not Active, Not Active, Not Active
2026/07/20 00:59:43.136, 1, ${V100_GPU_1_UUID}, 00000000:02:00.0, 892, 877, 138.11, 150.00, 67, 69, 100, 11572, P0, Not Active, Not Active, Not Active
2026/07/20 00:59:43.226, 0, ${V100_GPU_0_UUID}, 00000000:01:00.0, 892, 877, 139.93, 150.00, 71, 73, 100, 10966, P0, Not Active, Not Active, Not Active
2026/07/20 00:59:43.237, 1, ${V100_GPU_1_UUID}, 00000000:02:00.0, 892, 877, 38.02, 150.00, 67, 69, 100, 11572, P0, Not Active, Not Active, Not Active
2026/07/20 00:59:43.319, 0, ${V100_GPU_0_UUID}, 00000000:01:00.0, 892, 877, 84.19, 150.00, 70, 72, 100, 10966, P0, Not Active, Not Active, Not Active
2026/07/20 00:59:43.329, 1, ${V100_GPU_1_UUID}, 00000000:02:00.0, 892, 877, 142.98, 150.00, 66, 67, 53, 11572, P0, Not Active, Not Active, Not Active
2026/07/20 00:59:43.411, 0, ${V100_GPU_0_UUID}, 00000000:01:00.0, 892, 877, 132.41, 150.00, 71, 73, 100, 10966, P0, Not Active, Not Active, Not Active
2026/07/20 00:59:43.417, 1, ${V100_GPU_1_UUID}, 00000000:02:00.0, 892, 877, 143.26, 150.00, 67, 69, 53, 11572, P0, Not Active, Not Active, Not Active
2026/07/20 00:59:43.507, 0, ${V100_GPU_0_UUID}, 00000000:01:00.0, 892, 877, 132.70, 150.00, 71, 73, 77, 10966, P0, Not Active, Not Active, Not Active
2026/07/20 00:59:43.517, 1, ${V100_GPU_1_UUID}, 00000000:02:00.0, 892, 877, 145.30, 150.00, 67, 69, 100, 11572, P0, Not Active, Not Active, Not Active
2026/07/20 00:59:43.608, 0, ${V100_GPU_0_UUID}, 00000000:01:00.0, 892, 877, 132.32, 150.00, 71, 73, 100, 10966, P0, Not Active, Not Active, Not Active
2026/07/20 00:59:43.617, 1, ${V100_GPU_1_UUID}, 00000000:02:00.0, 892, 877, 143.63, 150.00, 67, 69, 100, 11572, P0, Not Active, Not Active, Not Active
2026/07/20 00:59:43.708, 0, ${V100_GPU_0_UUID}, 00000000:01:00.0, 892, 877, 125.76, 150.00, 71, 74, 100, 10966, P0, Not Active, Not Active, Not Active
2026/07/20 00:59:43.718, 1, ${V100_GPU_1_UUID}, 00000000:02:00.0, 892, 877, 134.36, 150.00, 68, 69, 100, 11572, P0, Not Active, Not Active, Not Active
2026/07/20 00:59:43.808, 0, ${V100_GPU_0_UUID}, 00000000:01:00.0, 892, 877, 131.22, 150.00, 71, 73, 100, 10966, P0, Not Active, Not Active, Not Active
2026/07/20 00:59:43.819, 1, ${V100_GPU_1_UUID}, 00000000:02:00.0, 892, 877, 34.71, 150.00, 66, 69, 79, 11572, P0, Not Active, Not Active, Not Active
2026/07/20 00:59:43.901, 0, ${V100_GPU_0_UUID}, 00000000:01:00.0, 892, 877, 137.29, 150.00, 71, 72, 100, 10966, P0, Not Active, Not Active, Not Active
2026/07/20 00:59:43.920, 1, ${V100_GPU_1_UUID}, 00000000:02:00.0, 892, 877, 133.80, 150.00, 67, 68, 79, 11572, P0, Not Active, Not Active, Not Active
2026/07/20 00:59:44.009, 0, ${V100_GPU_0_UUID}, 00000000:01:00.0, 892, 877, 139.16, 150.00, 71, 73, 79, 10966, P0, Not Active, Not Active, Not Active
2026/07/20 00:59:44.020, 1, ${V100_GPU_1_UUID}, 00000000:02:00.0, 892, 877, 137.92, 150.00, 67, 69, 75, 11572, P0, Not Active, Not Active, Not Active
2026/07/20 00:59:44.109, 0, ${V100_GPU_0_UUID}, 00000000:01:00.0, 892, 877, 138.13, 150.00, 71, 73, 100, 10966, P0, Not Active, Not Active, Not Active
2026/07/20 00:59:44.121, 1, ${V100_GPU_1_UUID}, 00000000:02:00.0, 892, 877, 141.29, 150.00, 67, 69, 100, 11572, P0, Not Active, Not Active, Not Active
2026/07/20 00:59:44.211, 0, ${V100_GPU_0_UUID}, 00000000:01:00.0, 892, 877, 140.10, 150.00, 71, 74, 100, 10966, P0, Not Active, Not Active, Not Active
2026/07/20 00:59:44.221, 1, ${V100_GPU_1_UUID}, 00000000:02:00.0, 892, 877, 145.30, 150.00, 68, 70, 100, 11572, P0, Not Active, Not Active, Not Active
2026/07/20 00:59:44.311, 0, ${V100_GPU_0_UUID}, 00000000:01:00.0, 892, 877, 139.83, 150.00, 71, 73, 100, 10966, P0, Not Active, Not Active, Not Active
2026/07/20 00:59:44.323, 1, ${V100_GPU_1_UUID}, 00000000:02:00.0, 892, 877, 47.46, 150.00, 67, 69, 100, 11572, P0, Not Active, Not Active, Not Active
2026/07/20 00:59:44.405, 0, ${V100_GPU_0_UUID}, 00000000:01:00.0, 892, 877, 43.90, 150.00, 70, 72, 100, 10966, P0, Not Active, Not Active, Not Active
2026/07/20 00:59:44.412, 1, ${V100_GPU_1_UUID}, 00000000:02:00.0, 892, 877, 137.17, 150.00, 67, 67, 100, 11572, P0, Not Active, Not Active, Not Active
2026/07/20 00:59:44.496, 0, ${V100_GPU_0_UUID}, 00000000:01:00.0, 892, 877, 124.52, 150.00, 71, 73, 78, 10966, P0, Not Active, Not Active, Not Active
2026/07/20 00:59:44.502, 1, ${V100_GPU_1_UUID}, 00000000:02:00.0, 892, 877, 138.67, 150.00, 67, 69, 56, 11572, P0, Not Active, Not Active, Not Active
2026/07/20 00:59:44.594, 0, ${V100_GPU_0_UUID}, 00000000:01:00.0, 892, 877, 125.76, 150.00, 71, 73, 100, 10966, P0, Not Active, Not Active, Not Active
2026/07/20 00:59:44.613, 1, ${V100_GPU_1_UUID}, 00000000:02:00.0, 892, 877, 145.97, 150.00, 67, 69, 100, 11572, P0, Not Active, Not Active, Not Active
2026/07/20 00:59:44.697, 0, ${V100_GPU_0_UUID}, 00000000:01:00.0, 892, 877, 124.90, 150.00, 71, 74, 100, 10966, P0, Not Active, Not Active, Not Active
2026/07/20 00:59:44.703, 1, ${V100_GPU_1_UUID}, 00000000:02:00.0, 892, 877, 143.26, 150.00, 67, 69, 100, 11572, P0, Not Active, Not Active, Not Active
2026/07/20 00:59:44.792, 0, ${V100_GPU_0_UUID}, 00000000:01:00.0, 892, 877, 126.31, 150.00, 71, 74, 100, 10966, P0, Not Active, Not Active, Not Active
2026/07/20 00:59:44.803, 1, ${V100_GPU_1_UUID}, 00000000:02:00.0, 892, 877, 140.45, 150.00, 68, 69, 100, 11572, P0, Not Active, Not Active, Not Active
2026/07/20 00:59:44.892, 0, ${V100_GPU_0_UUID}, 00000000:01:00.0, 892, 877, 126.01, 150.00, 71, 74, 100, 10966, P0, Not Active, Not Active, Not Active
2026/07/20 00:59:44.904, 1, ${V100_GPU_1_UUID}, 00000000:02:00.0, 892, 877, 36.69, 150.00, 66, 69, 100, 11572, P0, Not Active, Not Active, Not Active
2026/07/20 00:59:44.986, 0, ${V100_GPU_0_UUID}, 00000000:01:00.0, 892, 877, 113.95, 150.00, 70, 72, 99, 10966, P0, Not Active, Not Active, Not Active
2026/07/20 00:59:44.999, 1, ${V100_GPU_1_UUID}, 00000000:02:00.0, 892, 877, 116.58, 150.00, 67, 68, 55, 11572, P0, Not Active, Not Active, Not Active
2026/07/20 00:59:45.092, 0, ${V100_GPU_0_UUID}, 00000000:01:00.0, 892, 877, 130.06, 150.00, 71, 73, 76, 10966, P0, Not Active, Not Active, Not Active
2026/07/20 00:59:45.104, 1, ${V100_GPU_1_UUID}, 00000000:02:00.0, 892, 877, 115.40, 150.00, 67, 69, 55, 11572, P0, Not Active, Not Active, Not Active
2026/07/20 00:59:45.193, 0, ${V100_GPU_0_UUID}, 00000000:01:00.0, 892, 877, 134.29, 150.00, 71, 74, 76, 10966, P0, Not Active, Not Active, Not Active
2026/07/20 00:59:45.203, 1, ${V100_GPU_1_UUID}, 00000000:02:00.0, 892, 877, 115.95, 150.00, 67, 70, 100, 11572, P0, Not Active, Not Active, Not Active
2026/07/20 00:59:45.292, 0, ${V100_GPU_0_UUID}, 00000000:01:00.0, 892, 877, 136.91, 150.00, 71, 74, 100, 10966, P0, Not Active, Not Active, Not Active
2026/07/20 00:59:45.304, 1, ${V100_GPU_1_UUID}, 00000000:02:00.0, 892, 877, 117.44, 150.00, 67, 70, 100, 11572, P0, Not Active, Not Active, Not Active
2026/07/20 00:59:45.394, 0, ${V100_GPU_0_UUID}, 00000000:01:00.0, 892, 877, 137.48, 150.00, 71, 74, 100, 10966, P0, Not Active, Not Active, Not Active
2026/07/20 00:59:45.404, 1, ${V100_GPU_1_UUID}, 00000000:02:00.0, 892, 877, 114.46, 150.00, 68, 69, 100, 11572, P0, Not Active, Not Active, Not Active
2026/07/20 00:59:45.494, 0, ${V100_GPU_0_UUID}, 00000000:01:00.0, 892, 877, 135.29, 150.00, 71, 74, 100, 10966, P0, Not Active, Not Active, Not Active
2026/07/20 00:59:45.505, 1, ${V100_GPU_1_UUID}, 00000000:02:00.0, 892, 877, 57.50, 150.00, 66, 70, 81, 11572, P0, Not Active, Not Active, Not Active
2026/07/20 00:59:45.587, 0, ${V100_GPU_0_UUID}, 00000000:01:00.0, 892, 877, 137.85, 150.00, 71, 73, 100, 10966, P0, Not Active, Not Active, Not Active
2026/07/20 00:59:45.605, 1, ${V100_GPU_1_UUID}, 00000000:02:00.0, 892, 877, 136.05, 150.00, 67, 68, 81, 11572, P0, Not Active, Not Active, Not Active
2026/07/20 00:59:45.694, 0, ${V100_GPU_0_UUID}, 00000000:01:00.0, 892, 877, 137.38, 150.00, 71, 74, 79, 10966, P0, Not Active, Not Active, Not Active
2026/07/20 00:59:45.706, 1, ${V100_GPU_1_UUID}, 00000000:02:00.0, 892, 877, 134.27, 150.00, 67, 69, 72, 11572, P0, Not Active, Not Active, Not Active
2026/07/20 00:59:45.794, 0, ${V100_GPU_0_UUID}, 00000000:01:00.0, 892, 877, 135.04, 150.00, 71, 73, 100, 10966, P0, Not Active, Not Active, Not Active
2026/07/20 00:59:45.806, 1, ${V100_GPU_1_UUID}, 00000000:02:00.0, 892, 877, 134.83, 150.00, 67, 70, 100, 11572, P0, Not Active, Not Active, Not Active
2026/07/20 00:59:45.894, 0, ${V100_GPU_0_UUID}, 00000000:01:00.0, 892, 877, 134.76, 150.00, 71, 74, 100, 10966, P0, Not Active, Not Active, Not Active
2026/07/20 00:59:45.906, 1, ${V100_GPU_1_UUID}, 00000000:02:00.0, 892, 877, 139.04, 150.00, 68, 70, 100, 11572, P0, Not Active, Not Active, Not Active
2026/07/20 00:59:45.995, 0, ${V100_GPU_0_UUID}, 00000000:01:00.0, 892, 877, 133.71, 150.00, 71, 74, 100, 10966, P0, Not Active, Not Active, Not Active
2026/07/20 00:59:46.006, 1, ${V100_GPU_1_UUID}, 00000000:02:00.0, 892, 877, 64.37, 150.00, 68, 70, 100, 11572, P0, Not Active, Not Active, Not Active
2026/07/20 00:59:46.095, 0, ${V100_GPU_0_UUID}, 00000000:01:00.0, 892, 877, 51.44, 150.00, 71, 72, 100, 10966, P0, Not Active, Not Active, Not Active
2026/07/20 00:59:46.100, 1, ${V100_GPU_1_UUID}, 00000000:02:00.0, 892, 877, 140.74, 150.00, 66, 68, 100, 11572, P0, Not Active, Not Active, Not Active
2026/07/20 00:59:46.197, 0, ${V100_GPU_0_UUID}, 00000000:01:00.0, 892, 877, 113.01, 150.00, 71, 73, 80, 10966, P0, Not Active, Not Active, Not Active
2026/07/20 00:59:46.207, 1, ${V100_GPU_1_UUID}, 00000000:02:00.0, 892, 877, 141.38, 150.00, 67, 69, 56, 11572, P0, Not Active, Not Active, Not Active
2026/07/20 00:59:46.298, 0, ${V100_GPU_0_UUID}, 00000000:01:00.0, 892, 877, 124.05, 150.00, 71, 74, 98, 10966, P0, Not Active, Not Active, Not Active
2026/07/20 00:59:46.308, 1, ${V100_GPU_1_UUID}, 00000000:02:00.0, 892, 877, 140.08, 150.00, 67, 69, 100, 11572, P0, Not Active, Not Active, Not Active
2026/07/20 00:59:46.399, 0, ${V100_GPU_0_UUID}, 00000000:01:00.0, 892, 877, 128.19, 150.00, 71, 74, 98, 10966, P0, Not Active, Not Active, Not Active
2026/07/20 00:59:46.408, 1, ${V100_GPU_1_UUID}, 00000000:02:00.0, 892, 877, 136.42, 150.00, 68, 70, 100, 11572, P0, Not Active, Not Active, Not Active
2026/07/20 00:59:46.500, 0, ${V100_GPU_0_UUID}, 00000000:01:00.0, 892, 877, 131.67, 150.00, 71, 74, 100, 10966, P0, Not Active, Not Active, Not Active
2026/07/20 00:59:46.508, 1, ${V100_GPU_1_UUID}, 00000000:02:00.0, 892, 877, 136.51, 150.00, 68, 70, 100, 11572, P0, Not Active, Not Active, Not Active
2026/07/20 00:59:46.601, 0, ${V100_GPU_0_UUID}, 00000000:01:00.0, 892, 877, 141.44, 150.00, 71, 74, 100, 10966, P0, Not Active, Not Active, Not Active
2026/07/20 00:59:46.610, 1, ${V100_GPU_1_UUID}, 00000000:02:00.0, 892, 877, 39.92, 150.00, 67, 69, 100, 11572, P0, Not Active, Not Active, Not Active
2026/07/20 00:59:46.692, 0, ${V100_GPU_0_UUID}, 00000000:01:00.0, 892, 877, 64.53, 150.00, 71, 72, 100, 10966, P0, Not Active, Not Active, Not Active
2026/07/20 00:59:46.698, 1, ${V100_GPU_1_UUID}, 00000000:02:00.0, 892, 877, 139.05, 150.00, 67, 68, 67, 11572, P0, Not Active, Not Active, Not Active
2026/07/20 00:59:46.782, 0, ${V100_GPU_0_UUID}, 00000000:01:00.0, 892, 877, 102.74, 150.00, 71, 74, 78, 10966, P0, Not Active, Not Active, Not Active
2026/07/20 00:59:46.789, 1, ${V100_GPU_1_UUID}, 00000000:02:00.0, 892, 877, 141.95, 150.00, 67, 69, 89, 11572, P0, Not Active, Not Active, Not Active
2026/07/20 00:59:46.882, 0, ${V100_GPU_0_UUID}, 00000000:01:00.0, 892, 877, 121.70, 150.00, 71, 74, 78, 10966, P0, Not Active, Not Active, Not Active
2026/07/20 00:59:46.889, 1, ${V100_GPU_1_UUID}, 00000000:02:00.0, 892, 877, 145.40, 150.00, 68, 69, 89, 11572, P0, Not Active, Not Active, Not Active
2026/07/20 00:59:46.983, 0, ${V100_GPU_0_UUID}, 00000000:01:00.0, 892, 877, 126.78, 150.00, 71, 74, 100, 10966, P0, Not Active, Not Active, Not Active
2026/07/20 00:59:46.990, 1, ${V100_GPU_1_UUID}, 00000000:02:00.0, 892, 877, 141.01, 150.00, 68, 70, 100, 11572, P0, Not Active, Not Active, Not Active
2026/07/20 00:59:47.083, 0, ${V100_GPU_0_UUID}, 00000000:01:00.0, 892, 877, 131.85, 150.00, 72, 74, 100, 10966, P0, Not Active, Not Active, Not Active
2026/07/20 00:59:47.090, 1, ${V100_GPU_1_UUID}, 00000000:02:00.0, 892, 877, 136.61, 150.00, 68, 70, 100, 11572, P0, Not Active, Not Active, Not Active
2026/07/20 00:59:47.184, 0, ${V100_GPU_0_UUID}, 00000000:01:00.0, 892, 877, 140.30, 150.00, 72, 74, 100, 10966, P0, Not Active, Not Active, Not Active
2026/07/20 00:59:47.191, 1, ${V100_GPU_1_UUID}, 00000000:02:00.0, 892, 877, 41.34, 150.00, 67, 70, 100, 11572, P0, Not Active, Not Active, Not Active
2026/07/20 00:59:47.273, 0, ${V100_GPU_0_UUID}, 00000000:01:00.0, 892, 877, 41.99, 150.00, 71, 72, 100, 10966, P0, Not Active, Not Active, Not Active
2026/07/20 00:59:47.280, 1, ${V100_GPU_1_UUID}, 00000000:02:00.0, 892, 877, 134.90, 150.00, 67, 67, 100, 11572, P0, Not Active, Not Active, Not Active
2026/07/20 00:59:47.363, 0, ${V100_GPU_0_UUID}, 00000000:01:00.0, 892, 877, 123.11, 150.00, 71, 73, 75, 10966, P0, Not Active, Not Active, Not Active
2026/07/20 00:59:47.372, 1, ${V100_GPU_1_UUID}, 00000000:02:00.0, 892, 877, 143.16, 150.00, 67, 69, 55, 11572, P0, Not Active, Not Active, Not Active
2026/07/20 00:59:47.466, 0, ${V100_GPU_0_UUID}, 00000000:01:00.0, 892, 877, 128.66, 150.00, 71, 74, 100, 10966, P0, Not Active, Not Active, Not Active
2026/07/20 00:59:47.473, 1, ${V100_GPU_1_UUID}, 00000000:02:00.0, 892, 877, 139.23, 150.00, 68, 69, 100, 11572, P0, Not Active, Not Active, Not Active
2026/07/20 00:59:47.565, 0, ${V100_GPU_0_UUID}, 00000000:01:00.0, 892, 877, 139.63, 150.00, 71, 74, 100, 10966, P0, Not Active, Not Active, Not Active
2026/07/20 00:59:47.573, 1, ${V100_GPU_1_UUID}, 00000000:02:00.0, 892, 877, 139.70, 150.00, 68, 70, 100, 11572, P0, Not Active, Not Active, Not Active
2026/07/20 00:59:47.667, 0, ${V100_GPU_0_UUID}, 00000000:01:00.0, 892, 877, 136.35, 150.00, 72, 74, 100, 10966, P0, Not Active, Not Active, Not Active
2026/07/20 00:59:47.673, 1, ${V100_GPU_1_UUID}, 00000000:02:00.0, 892, 877, 142.22, 150.00, 68, 70, 100, 11572, P0, Not Active, Not Active, Not Active
2026/07/20 00:59:47.766, 0, ${V100_GPU_0_UUID}, 00000000:01:00.0, 892, 877, 132.84, 150.00, 72, 74, 100, 10966, P0, Not Active, Not Active, Not Active
2026/07/20 00:59:47.774, 1, ${V100_GPU_1_UUID}, 00000000:02:00.0, 892, 877, 47.90, 150.00, 67, 70, 100, 11572, P0, Not Active, Not Active, Not Active
2026/07/20 00:59:47.855, 0, ${V100_GPU_0_UUID}, 00000000:01:00.0, 892, 877, 48.59, 150.00, 71, 72, 100, 10966, P0, Not Active, Not Active, Not Active
2026/07/20 00:59:47.862, 1, ${V100_GPU_1_UUID}, 00000000:02:00.0, 892, 877, 128.94, 150.00, 67, 67, 68, 11572, P0, Not Active, Not Active, Not Active
2026/07/20 00:59:47.945, 0, ${V100_GPU_0_UUID}, 00000000:01:00.0, 892, 877, 131.94, 150.00, 71, 73, 79, 10966, P0, Not Active, Not Active, Not Active
2026/07/20 00:59:47.954, 1, ${V100_GPU_1_UUID}, 00000000:02:00.0, 892, 877, 143.35, 150.00, 67, 69, 68, 11572, P0, Not Active, Not Active, Not Active
2026/07/20 00:59:48.049, 0, ${V100_GPU_0_UUID}, 00000000:01:00.0, 892, 877, 139.72, 150.00, 71, 74, 79, 10966, P0, Not Active, Not Active, Not Active
2026/07/20 00:59:48.055, 1, ${V100_GPU_1_UUID}, 00000000:02:00.0, 892, 877, 139.98, 150.00, 68, 70, 84, 11572, P0, Not Active, Not Active, Not Active
2026/07/20 00:59:48.149, 0, ${V100_GPU_0_UUID}, 00000000:01:00.0, 892, 877, 135.98, 150.00, 72, 74, 100, 10966, P0, Not Active, Not Active, Not Active
2026/07/20 00:59:48.155, 1, ${V100_GPU_1_UUID}, 00000000:02:00.0, 892, 877, 142.32, 150.00, 68, 70, 100, 11572, P0, Not Active, Not Active, Not Active
2026/07/20 00:59:48.252, 0, ${V100_GPU_0_UUID}, 00000000:01:00.0, 892, 877, 138.22, 150.00, 72, 74, 100, 10966, P0, Not Active, Not Active, Not Active
2026/07/20 00:59:48.257, 1, ${V100_GPU_1_UUID}, 00000000:02:00.0, 892, 877, 141.56, 150.00, 68, 70, 100, 11572, P0, Not Active, Not Active, Not Active
2026/07/20 00:59:48.351, 0, ${V100_GPU_0_UUID}, 00000000:01:00.0, 892, 877, 136.72, 150.00, 72, 74, 100, 10966, P0, Not Active, Not Active, Not Active
2026/07/20 00:59:48.357, 1, ${V100_GPU_1_UUID}, 00000000:02:00.0, 892, 877, 64.37, 150.00, 67, 70, 100, 11572, P0, Not Active, Not Active, Not Active
2026/07/20 00:59:48.449, 0, ${V100_GPU_0_UUID}, 00000000:01:00.0, 892, 877, 51.95, 150.00, 71, 72, 85, 10966, P0, Not Active, Not Active, Not Active
2026/07/20 00:59:48.454, 1, ${V100_GPU_1_UUID}, 00000000:02:00.0, 892, 877, 141.78, 150.00, 67, 68, 100, 11572, P0, Not Active, Not Active, Not Active
2026/07/20 00:59:48.552, 0, ${V100_GPU_0_UUID}, 00000000:01:00.0, 892, 877, 122.64, 150.00, 71, 74, 85, 10966, P0, Not Active, Not Active, Not Active
2026/07/20 00:59:48.558, 1, ${V100_GPU_1_UUID}, 00000000:02:00.0, 892, 877, 138.67, 150.00, 68, 69, 56, 11572, P0, Not Active, Not Active, Not Active
2026/07/20 00:59:48.654, 0, ${V100_GPU_0_UUID}, 00000000:01:00.0, 892, 877, 129.51, 150.00, 72, 74, 93, 10966, P0, Not Active, Not Active, Not Active
2026/07/20 00:59:48.660, 1, ${V100_GPU_1_UUID}, 00000000:02:00.0, 892, 877, 143.45, 150.00, 68, 69, 100, 11572, P0, Not Active, Not Active, Not Active
2026/07/20 00:59:48.754, 0, ${V100_GPU_0_UUID}, 00000000:01:00.0, 892, 877, 139.16, 150.00, 72, 74, 93, 10966, P0, Not Active, Not Active, Not Active
2026/07/20 00:59:48.760, 1, ${V100_GPU_1_UUID}, 00000000:02:00.0, 892, 877, 141.38, 150.00, 68, 70, 100, 11572, P0, Not Active, Not Active, Not Active
2026/07/20 00:59:48.855, 0, ${V100_GPU_0_UUID}, 00000000:01:00.0, 892, 877, 132.32, 150.00, 72, 74, 100, 10966, P0, Not Active, Not Active, Not Active
2026/07/20 00:59:48.860, 1, ${V100_GPU_1_UUID}, 00000000:02:00.0, 892, 877, 143.16, 150.00, 68, 70, 100, 11572, P0, Not Active, Not Active, Not Active
2026/07/20 00:59:48.957, 0, ${V100_GPU_0_UUID}, 00000000:01:00.0, 892, 877, 136.53, 150.00, 72, 74, 100, 10966, P0, Not Active, Not Active, Not Active
2026/07/20 00:59:48.963, 1, ${V100_GPU_1_UUID}, 00000000:02:00.0, 892, 877, 60.62, 150.00, 67, 70, 100, 11572, P0, Not Active, Not Active, Not Active
2026/07/20 00:59:49.054, 0, ${V100_GPU_0_UUID}, 00000000:01:00.0, 892, 877, 49.57, 150.00, 71, 74, 100, 10966, P0, Not Active, Not Active, Not Active
2026/07/20 00:59:49.060, 1, ${V100_GPU_1_UUID}, 00000000:02:00.0, 892, 877, 138.67, 150.00, 67, 70, 83, 11572, P0, Not Active, Not Active, Not Active
2026/07/20 00:59:49.157, 0, ${V100_GPU_0_UUID}, 00000000:01:00.0, 892, 877, 121.70, 150.00, 71, 74, 79, 10966, P0, Not Active, Not Active, Not Active
2026/07/20 00:59:49.163, 1, ${V100_GPU_1_UUID}, 00000000:02:00.0, 892, 877, 139.61, 150.00, 68, 69, 72, 11572, P0, Not Active, Not Active, Not Active
2026/07/20 00:59:49.258, 0, ${V100_GPU_0_UUID}, 00000000:01:00.0, 892, 877, 130.53, 150.00, 72, 74, 79, 10966, P0, Not Active, Not Active, Not Active
2026/07/20 00:59:49.265, 1, ${V100_GPU_1_UUID}, 00000000:02:00.0, 892, 877, 143.92, 150.00, 68, 70, 72, 11572, P0, Not Active, Not Active, Not Active
2026/07/20 00:59:49.361, 0, ${V100_GPU_0_UUID}, 00000000:01:00.0, 892, 877, 126.69, 150.00, 72, 74, 100, 10966, P0, Not Active, Not Active, Not Active
2026/07/20 00:59:49.378, 1, ${V100_GPU_1_UUID}, 00000000:02:00.0, 892, 877, 138.67, 150.00, 68, 70, 100, 11572, P0, Not Active, Not Active, Not Active
2026/07/20 00:59:49.461, 0, ${V100_GPU_0_UUID}, 00000000:01:00.0, 892, 877, 140.10, 150.00, 72, 74, 100, 10966, P0, Not Active, Not Active, Not Active
2026/07/20 00:59:49.479, 1, ${V100_GPU_1_UUID}, 00000000:02:00.0, 892, 877, 144.93, 150.00, 68, 70, 100, 11572, P0, Not Active, Not Active, Not Active
2026/07/20 00:59:49.562, 0, ${V100_GPU_0_UUID}, 00000000:01:00.0, 892, 877, 133.51, 150.00, 72, 74, 100, 10966, P0, Not Active, Not Active, Not Active
2026/07/20 00:59:49.580, 1, ${V100_GPU_1_UUID}, 00000000:02:00.0, 892, 877, 55.88, 150.00, 68, 70, 100, 11572, P0, Not Active, Not Active, Not Active
2026/07/20 00:59:49.661, 0, ${V100_GPU_0_UUID}, 00000000:01:00.0, 892, 877, 51.00, 150.00, 71, 73, 100, 10966, P0, Not Active, Not Active, Not Active
2026/07/20 00:59:49.668, 1, ${V100_GPU_1_UUID}, 00000000:02:00.0, 892, 877, 140.66, 150.00, 67, 68, 55, 11572, P0, Not Active, Not Active, Not Active
2026/07/20 00:59:49.763, 0, ${V100_GPU_0_UUID}, 00000000:01:00.0, 892, 877, 121.23, 150.00, 71, 74, 100, 10966, P0, Not Active, Not Active, Not Active
2026/07/20 00:59:49.779, 1, ${V100_GPU_1_UUID}, 00000000:02:00.0, 892, 877, 136.51, 150.00, 67, 69, 55, 11572, P0, Not Active, Not Active, Not Active
2026/07/20 00:59:49.864, 0, ${V100_GPU_0_UUID}, 00000000:01:00.0, 892, 877, 132.32, 150.00, 72, 74, 75, 10966, P0, Not Active, Not Active, Not Active
2026/07/20 00:59:49.879, 1, ${V100_GPU_1_UUID}, 00000000:02:00.0, 892, 877, 139.04, 150.00, 68, 70, 100, 11572, P0, Not Active, Not Active, Not Active
2026/07/20 00:59:49.964, 0, ${V100_GPU_0_UUID}, 00000000:01:00.0, 892, 877, 137.85, 150.00, 72, 74, 100, 10966, P0, Not Active, Not Active, Not Active
2026/07/20 00:59:49.980, 1, ${V100_GPU_1_UUID}, 00000000:02:00.0, 892, 877, 143.06, 150.00, 68, 70, 100, 11572, P0, Not Active, Not Active, Not Active
2026/07/20 00:59:50.065, 0, ${V100_GPU_0_UUID}, 00000000:01:00.0, 892, 877, 137.38, 150.00, 72, 74, 100, 10966, P0, Not Active, Not Active, Not Active
2026/07/20 00:59:50.081, 1, ${V100_GPU_1_UUID}, 00000000:02:00.0, 892, 877, 138.11, 150.00, 68, 70, 100, 11572, P0, Not Active, Not Active, Not Active
2026/07/20 00:59:50.166, 0, ${V100_GPU_0_UUID}, 00000000:01:00.0, 892, 877, 140.38, 150.00, 72, 74, 100, 10966, P0, Not Active, Not Active, Not Active
2026/07/20 00:59:50.181, 1, ${V100_GPU_1_UUID}, 00000000:02:00.0, 892, 877, 102.22, 150.00, 68, 70, 100, 11572, P0, Not Active, Not Active, Not Active
2026/07/20 00:59:50.264, 0, ${V100_GPU_0_UUID}, 00000000:01:00.0, 892, 877, 68.03, 150.00, 72, 74, 100, 10966, P0, Not Active, Not Active, Not Active
2026/07/20 00:59:50.279, 1, ${V100_GPU_1_UUID}, 00000000:02:00.0, 892, 877, 115.40, 150.00, 67, 70, 100, 11572, P0, Not Active, Not Active, Not Active
2026/07/20 00:59:50.362, 0, ${V100_GPU_0_UUID}, 00000000:01:00.0, 892, 877, 132.41, 150.00, 72, 74, 80, 10966, P0, Not Active, Not Active, Not Active
2026/07/20 00:59:50.381, 1, ${V100_GPU_1_UUID}, 00000000:02:00.0, 892, 877, 145.23, 150.00, 67, 69, 52, 11572, P0, Not Active, Not Active, Not Active
2026/07/20 00:59:50.467, 0, ${V100_GPU_0_UUID}, 00000000:01:00.0, 892, 877, 133.82, 150.00, 72, 74, 99, 10966, P0, Not Active, Not Active, Not Active
2026/07/20 00:59:50.482, 1, ${V100_GPU_1_UUID}, 00000000:02:00.0, 892, 877, 139.32, 150.00, 67, 69, 52, 11572, P0, Not Active, Not Active, Not Active
2026/07/20 00:59:50.568, 0, ${V100_GPU_0_UUID}, 00000000:01:00.0, 892, 877, 133.91, 150.00, 72, 74, 99, 10966, P0, Not Active, Not Active, Not Active
2026/07/20 00:59:50.582, 1, ${V100_GPU_1_UUID}, 00000000:02:00.0, 892, 877, 129.59, 150.00, 68, 70, 100, 11572, P0, Not Active, Not Active, Not Active
2026/07/20 00:59:50.665, 0, ${V100_GPU_0_UUID}, 00000000:01:00.0, 892, 877, 136.26, 150.00, 72, 74, 100, 10966, P0, Not Active, Not Active, Not Active
2026/07/20 00:59:50.682, 1, ${V100_GPU_1_UUID}, 00000000:02:00.0, 892, 877, 114.07, 150.00, 68, 70, 100, 11572, P0, Not Active, Not Active, Not Active
2026/07/20 00:59:50.770, 0, ${V100_GPU_0_UUID}, 00000000:01:00.0, 892, 877, 134.66, 150.00, 72, 75, 100, 10966, P0, Not Active, Not Active, Not Active
2026/07/20 00:59:50.783, 1, ${V100_GPU_1_UUID}, 00000000:02:00.0, 892, 877, 122.91, 150.00, 68, 70, 100, 11572, P0, Not Active, Not Active, Not Active
2026/07/20 00:59:50.872, 0, ${V100_GPU_0_UUID}, 00000000:01:00.0, 892, 877, 129.32, 150.00, 72, 74, 100, 10966, P0, Not Active, Not Active, Not Active
2026/07/20 00:59:50.883, 1, ${V100_GPU_1_UUID}, 00000000:02:00.0, 892, 877, 53.15, 150.00, 66, 70, 85, 11572, P0, Not Active, Not Active, Not Active
2026/07/20 00:59:50.965, 0, ${V100_GPU_0_UUID}, 00000000:01:00.0, 892, 877, 139.35, 150.00, 72, 73, 78, 10966, P0, Not Active, Not Active, Not Active
2026/07/20 00:59:50.983, 1, ${V100_GPU_1_UUID}, 00000000:02:00.0, 892, 877, 129.21, 150.00, 67, 69, 85, 11572, P0, Not Active, Not Active, Not Active
2026/07/20 00:59:51.070, 0, ${V100_GPU_0_UUID}, 00000000:01:00.0, 892, 877, 140.11, 150.00, 72, 74, 78, 10966, P0, Not Active, Not Active, Not Active
2026/07/20 00:59:51.084, 1, ${V100_GPU_1_UUID}, 00000000:02:00.0, 892, 877, 120.95, 150.00, 67, 70, 72, 11572, P0, Not Active, Not Active, Not Active
2026/07/20 00:59:51.173, 0, ${V100_GPU_0_UUID}, 00000000:01:00.0, 892, 877, 136.91, 150.00, 72, 74, 100, 10966, P0, Not Active, Not Active, Not Active
2026/07/20 00:59:51.184, 1, ${V100_GPU_1_UUID}, 00000000:02:00.0, 892, 877, 107.18, 150.00, 68, 70, 100, 11572, P0, Not Active, Not Active, Not Active
2026/07/20 00:59:51.274, 0, ${V100_GPU_0_UUID}, 00000000:01:00.0, 892, 877, 135.98, 150.00, 72, 74, 100, 10966, P0, Not Active, Not Active, Not Active
2026/07/20 00:59:51.284, 1, ${V100_GPU_1_UUID}, 00000000:02:00.0, 892, 877, 126.58, 150.00, 68, 70, 100, 11572, P0, Not Active, Not Active, Not Active
2026/07/20 00:59:51.377, 0, ${V100_GPU_0_UUID}, 00000000:01:00.0, 892, 877, 119.27, 150.00, 72, 75, 100, 10966, P0, Not Active, Not Active, Not Active
2026/07/20 00:59:51.382, 1, ${V100_GPU_1_UUID}, 00000000:02:00.0, 892, 877, 139.79, 150.00, 68, 70, 100, 11572, P0, Not Active, Not Active, Not Active
2026/07/20 00:59:51.478, 0, ${V100_GPU_0_UUID}, 00000000:01:00.0, 892, 877, 102.76, 150.00, 72, 75, 100, 10966, P0, Not Active, Not Active, Not Active
2026/07/20 00:59:51.486, 1, ${V100_GPU_1_UUID}, 00000000:02:00.0, 892, 877, 36.21, 150.00, 67, 70, 100, 11572, P0, Not Active, Not Active, Not Active
2026/07/20 00:59:51.568, 0, ${V100_GPU_0_UUID}, 00000000:01:00.0, 892, 877, 128.36, 150.00, 71, 73, 100, 10966, P0, Not Active, Not Active, Not Active
2026/07/20 00:59:51.583, 1, ${V100_GPU_1_UUID}, 00000000:02:00.0, 892, 877, 108.59, 150.00, 67, 69, 57, 11572, P0, Not Active, Not Active, Not Active
2026/07/20 00:59:51.676, 0, ${V100_GPU_0_UUID}, 00000000:01:00.0, 892, 877, 135.51, 150.00, 71, 74, 79, 10966, P0, Not Active, Not Active, Not Active
2026/07/20 00:59:51.685, 1, ${V100_GPU_1_UUID}, 00000000:02:00.0, 892, 877, 126.96, 150.00, 68, 70, 98, 11572, P0, Not Active, Not Active, Not Active
2026/07/20 00:59:51.780, 0, ${V100_GPU_0_UUID}, 00000000:01:00.0, 892, 877, 125.37, 150.00, 72, 75, 79, 10966, P0, Not Active, Not Active, Not Active
2026/07/20 00:59:51.785, 1, ${V100_GPU_1_UUID}, 00000000:02:00.0, 892, 877, 147.17, 150.00, 68, 70, 98, 11572, P0, Not Active, Not Active, Not Active
2026/07/20 00:59:51.880, 0, ${V100_GPU_0_UUID}, 00000000:01:00.0, 892, 877, 107.84, 150.00, 72, 75, 100, 10966, P0, Not Active, Not Active, Not Active
2026/07/20 00:59:51.887, 1, ${V100_GPU_1_UUID}, 00000000:02:00.0, 892, 877, 144.10, 150.00, 68, 70, 100, 11572, P0, Not Active, Not Active, Not Active
2026/07/20 00:59:51.981, 0, ${V100_GPU_0_UUID}, 00000000:01:00.0, 892, 877, 124.43, 150.00, 72, 75, 100, 10966, P0, Not Active, Not Active, Not Active
2026/07/20 00:59:51.988, 1, ${V100_GPU_1_UUID}, 00000000:02:00.0, 892, 877, 136.61, 150.00, 68, 70, 100, 11572, P0, Not Active, Not Active, Not Active
2026/07/20 00:59:52.083, 0, ${V100_GPU_0_UUID}, 00000000:01:00.0, 892, 877, 139.64, 150.00, 72, 75, 100, 10966, P0, Not Active, Not Active, Not Active
2026/07/20 00:59:52.088, 1, ${V100_GPU_1_UUID}, 00000000:02:00.0, 892, 877, 51.25, 150.00, 68, 70, 100, 11572, P0, Not Active, Not Active, Not Active
2026/07/20 00:59:52.170, 0, ${V100_GPU_0_UUID}, 00000000:01:00.0, 892, 877, 48.11, 150.00, 71, 74, 100, 10966, P0, Not Active, Not Active, Not Active
2026/07/20 00:59:52.177, 1, ${V100_GPU_1_UUID}, 00000000:02:00.0, 892, 877, 131.30, 150.00, 67, 70, 55, 11572, P0, Not Active, Not Active, Not Active
2026/07/20 00:59:52.259, 0, ${V100_GPU_0_UUID}, 00000000:01:00.0, 892, 877, 137.29, 150.00, 72, 74, 100, 10966, P0, Not Active, Not Active, Not Active
2026/07/20 00:59:52.268, 1, ${V100_GPU_1_UUID}, 00000000:02:00.0, 892, 877, 135.86, 150.00, 67, 69, 55, 11572, P0, Not Active, Not Active, Not Active
2026/07/20 00:59:52.362, 0, ${V100_GPU_0_UUID}, 00000000:01:00.0, 892, 877, 137.48, 150.00, 72, 74, 75, 10966, P0, Not Active, Not Active, Not Active
2026/07/20 00:59:52.368, 1, ${V100_GPU_1_UUID}, 00000000:02:00.0, 892, 877, 138.11, 150.00, 68, 70, 100, 11572, P0, Not Active, Not Active, Not Active
2026/07/20 00:59:52.463, 0, ${V100_GPU_0_UUID}, 00000000:01:00.0, 892, 877, 137.29, 150.00, 72, 74, 75, 10966, P0, Not Active, Not Active, Not Active
2026/07/20 00:59:52.469, 1, ${V100_GPU_1_UUID}, 00000000:02:00.0, 892, 877, 130.33, 150.00, 68, 70, 100, 11572, P0, Not Active, Not Active, Not Active
2026/07/20 00:59:52.560, 0, ${V100_GPU_0_UUID}, 00000000:01:00.0, 892, 877, 131.56, 150.00, 72, 74, 100, 10966, P0, Not Active, Not Active, Not Active
2026/07/20 00:59:52.568, 1, ${V100_GPU_1_UUID}, 00000000:02:00.0, 892, 877, 94.21, 150.00, 68, 70, 100, 11572, P0, Not Active, Not Active, Not Active
2026/07/20 00:59:52.664, 0, ${V100_GPU_0_UUID}, 00000000:01:00.0, 892, 877, 121.70, 150.00, 72, 74, 100, 10966, P0, Not Active, Not Active, Not Active
2026/07/20 00:59:52.670, 1, ${V100_GPU_1_UUID}, 00000000:02:00.0, 892, 877, 123.85, 150.00, 68, 71, 100, 11572, P0, Not Active, Not Active, Not Active
2026/07/20 00:59:52.767, 0, ${V100_GPU_0_UUID}, 00000000:01:00.0, 892, 877, 104.12, 150.00, 72, 75, 100, 10966, P0, Not Active, Not Active, Not Active
2026/07/20 00:59:52.772, 1, ${V100_GPU_1_UUID}, 00000000:02:00.0, 892, 877, 35.71, 150.00, 67, 70, 100, 11572, P0, Not Active, Not Active, Not Active
2026/07/20 00:59:52.855, 0, ${V100_GPU_0_UUID}, 00000000:01:00.0, 892, 877, 130.62, 150.00, 72, 73, 92, 10966, P0, Not Active, Not Active, Not Active
2026/07/20 00:59:52.869, 1, ${V100_GPU_1_UUID}, 00000000:02:00.0, 892, 877, 123.85, 150.00, 67, 69, 53, 11572, P0, Not Active, Not Active, Not Active
2026/07/20 00:59:52.951, 0, ${V100_GPU_0_UUID}, 00000000:01:00.0, 892, 877, 133.07, 150.00, 72, 74, 92, 10966, P0, Not Active, Not Active, Not Active
2026/07/20 00:59:52.970, 1, ${V100_GPU_1_UUID}, 00000000:02:00.0, 892, 877, 139.51, 150.00, 68, 70, 53, 11572, P0, Not Active, Not Active, Not Active
2026/07/20 00:59:53.053, 0, ${V100_GPU_0_UUID}, 00000000:01:00.0, 892, 877, 109.32, 150.00, 72, 75, 86, 10966, P0, Not Active, Not Active, Not Active
2026/07/20 00:59:53.068, 1, ${V100_GPU_1_UUID}, 00000000:02:00.0, 892, 877, 145.97, 150.00, 68, 70, 100, 11572, P0, Not Active, Not Active, Not Active
2026/07/20 00:59:53.151, 0, ${V100_GPU_0_UUID}, 00000000:01:00.0, 892, 877, 127.34, 150.00, 72, 75, 100, 10966, P0, Not Active, Not Active, Not Active
2026/07/20 00:59:53.157, 1, ${V100_GPU_1_UUID}, 00000000:02:00.0, 892, 877, 141.48, 150.00, 68, 70, 100, 11572, P0, Not Active, Not Active, Not Active
2026/07/20 00:59:53.253, 0, ${V100_GPU_0_UUID}, 00000000:01:00.0, 892, 877, 132.32, 150.00, 72, 74, 100, 10966, P0, Not Active, Not Active, Not Active
2026/07/20 00:59:53.270, 1, ${V100_GPU_1_UUID}, 00000000:02:00.0, 892, 877, 139.98, 150.00, 68, 70, 100, 11572, P0, Not Active, Not Active, Not Active
2026/07/20 00:59:53.354, 0, ${V100_GPU_0_UUID}, 00000000:01:00.0, 892, 877, 133.15, 150.00, 72, 75, 100, 10966, P0, Not Active, Not Active, Not Active
2026/07/20 00:59:53.373, 1, ${V100_GPU_1_UUID}, 00000000:02:00.0, 892, 877, 74.15, 150.00, 68, 70, 100, 11572, P0, Not Active, Not Active, Not Active
2026/07/20 00:59:53.455, 0, ${V100_GPU_0_UUID}, 00000000:01:00.0, 892, 877, 58.61, 150.00, 72, 75, 100, 10966, P0, Not Active, Not Active, Not Active
2026/07/20 00:59:53.463, 1, ${V100_GPU_1_UUID}, 00000000:02:00.0, 892, 877, 133.96, 150.00, 67, 70, 100, 11572, P0, Not Active, Not Active, Not Active
2026/07/20 00:59:53.553, 0, ${V100_GPU_0_UUID}, 00000000:01:00.0, 892, 877, 140.29, 150.00, 72, 74, 79, 10966, P0, Not Active, Not Active, Not Active
2026/07/20 00:59:53.559, 1, ${V100_GPU_1_UUID}, 00000000:02:00.0, 892, 877, 143.73, 150.00, 68, 69, 55, 11572, P0, Not Active, Not Active, Not Active
2026/07/20 00:59:53.655, 0, ${V100_GPU_0_UUID}, 00000000:01:00.0, 892, 877, 137.94, 150.00, 72, 75, 100, 10966, P0, Not Active, Not Active, Not Active
2026/07/20 00:59:53.673, 1, ${V100_GPU_1_UUID}, 00000000:02:00.0, 892, 877, 134.27, 150.00, 68, 70, 55, 11572, P0, Not Active, Not Active, Not Active
2026/07/20 00:59:53.755, 0, ${V100_GPU_0_UUID}, 00000000:01:00.0, 892, 877, 133.71, 150.00, 72, 75, 100, 10966, P0, Not Active, Not Active, Not Active
2026/07/20 00:59:53.773, 1, ${V100_GPU_1_UUID}, 00000000:02:00.0, 892, 877, 110.39, 150.00, 68, 70, 100, 11572, P0, Not Active, Not Active, Not Active
2026/07/20 00:59:53.855, 0, ${V100_GPU_0_UUID}, 00000000:01:00.0, 892, 877, 137.94, 150.00, 72, 75, 100, 10966, P0, Not Active, Not Active, Not Active
2026/07/20 00:59:53.873, 1, ${V100_GPU_1_UUID}, 00000000:02:00.0, 892, 877, 122.44, 150.00, 68, 70, 100, 11572, P0, Not Active, Not Active, Not Active
2026/07/20 00:59:53.957, 0, ${V100_GPU_0_UUID}, 00000000:01:00.0, 892, 877, 125.84, 150.00, 72, 75, 100, 10966, P0, Not Active, Not Active, Not Active
2026/07/20 00:59:53.972, 1, ${V100_GPU_1_UUID}, 00000000:02:00.0, 892, 877, 136.80, 150.00, 68, 70, 100, 11572, P0, Not Active, Not Active, Not Active
2026/07/20 00:59:54.060, 0, ${V100_GPU_0_UUID}, 00000000:01:00.0, 892, 877, 94.75, 150.00, 72, 75, 100, 10966, P0, Not Active, Not Active, Not Active
2026/07/20 00:59:54.073, 1, ${V100_GPU_1_UUID}, 00000000:02:00.0, 892, 877, 36.19, 150.00, 67, 70, 91, 11572, P0, Not Active, Not Active, Not Active
2026/07/20 00:59:54.155, 0, ${V100_GPU_0_UUID}, 00000000:01:00.0, 892, 877, 127.81, 150.00, 71, 73, 79, 10966, P0, Not Active, Not Active, Not Active
2026/07/20 00:59:54.173, 1, ${V100_GPU_1_UUID}, 00000000:02:00.0, 892, 877, 121.42, 150.00, 67, 69, 91, 11572, P0, Not Active, Not Active, Not Active
2026/07/20 00:59:54.258, 0, ${V100_GPU_0_UUID}, 00000000:01:00.0, 892, 877, 135.51, 150.00, 72, 74, 79, 10966, P0, Not Active, Not Active, Not Active
2026/07/20 00:59:54.273, 1, ${V100_GPU_1_UUID}, 00000000:02:00.0, 892, 877, 136.24, 150.00, 68, 70, 64, 11572, P0, Not Active, Not Active, Not Active
2026/07/20 00:59:54.359, 0, ${V100_GPU_0_UUID}, 00000000:01:00.0, 892, 877, 103.68, 150.00, 72, 75, 100, 10966, P0, Not Active, Not Active, Not Active
2026/07/20 00:59:54.373, 1, ${V100_GPU_1_UUID}, 00000000:02:00.0, 892, 877, 142.32, 150.00, 68, 70, 100, 11572, P0, Not Active, Not Active, Not Active
2026/07/20 00:59:54.461, 0, ${V100_GPU_0_UUID}, 00000000:01:00.0, 892, 877, 120.85, 150.00, 72, 75, 100, 10966, P0, Not Active, Not Active, Not Active
2026/07/20 00:59:54.475, 1, ${V100_GPU_1_UUID}, 00000000:02:00.0, 892, 877, 144.86, 150.00, 68, 70, 100, 11572, P0, Not Active, Not Active, Not Active
2026/07/20 00:59:54.564, 0, ${V100_GPU_0_UUID}, 00000000:01:00.0, 892, 877, 137.66, 150.00, 72, 75, 100, 10966, P0, Not Active, Not Active, Not Active
2026/07/20 00:59:54.575, 1, ${V100_GPU_1_UUID}, 00000000:02:00.0, 892, 877, 138.01, 150.00, 68, 71, 100, 11572, P0, Not Active, Not Active, Not Active
2026/07/20 00:59:54.662, 0, ${V100_GPU_0_UUID}, 00000000:01:00.0, 892, 877, 136.82, 150.00, 72, 75, 100, 10966, P0, Not Active, Not Active, Not Active
2026/07/20 00:59:54.676, 1, ${V100_GPU_1_UUID}, 00000000:02:00.0, 892, 877, 123.76, 150.00, 68, 70, 100, 11572, P0, Not Active, Not Active, Not Active
2026/07/20 00:59:54.760, 0, ${V100_GPU_0_UUID}, 00000000:01:00.0, 892, 877, 66.08, 150.00, 72, 75, 100, 10966, P0, Not Active, Not Active, Not Active
2026/07/20 00:59:54.773, 1, ${V100_GPU_1_UUID}, 00000000:02:00.0, 892, 877, 126.97, 150.00, 67, 70, 84, 11572, P0, Not Active, Not Active, Not Active
2026/07/20 00:59:54.869, 0, ${V100_GPU_0_UUID}, 00000000:01:00.0, 892, 877, 139.16, 150.00, 72, 74, 74, 10966, P0, Not Active, Not Active, Not Active
2026/07/20 00:59:54.877, 1, ${V100_GPU_1_UUID}, 00000000:02:00.0, 892, 877, 135.11, 150.00, 68, 69, 72, 11572, P0, Not Active, Not Active, Not Active
2026/07/20 00:59:54.965, 0, ${V100_GPU_0_UUID}, 00000000:01:00.0, 892, 877, 133.62, 150.00, 72, 75, 74, 10966, P0, Not Active, Not Active, Not Active
2026/07/20 00:59:54.976, 1, ${V100_GPU_1_UUID}, 00000000:02:00.0, 892, 877, 121.34, 150.00, 68, 71, 72, 11572, P0, Not Active, Not Active, Not Active
2026/07/20 00:59:55.062, 0, ${V100_GPU_0_UUID}, 00000000:01:00.0, 892, 877, 135.60, 150.00, 72, 75, 100, 10966, P0, Not Active, Not Active, Not Active
2026/07/20 00:59:55.078, 1, ${V100_GPU_1_UUID}, 00000000:02:00.0, 892, 877, 116.81, 150.00, 68, 70, 100, 11572, P0, Not Active, Not Active, Not Active
2026/07/20 00:59:55.168, 0, ${V100_GPU_0_UUID}, 00000000:01:00.0, 892, 877, 125.29, 150.00, 72, 75, 100, 10966, P0, Not Active, Not Active, Not Active
2026/07/20 00:59:55.175, 1, ${V100_GPU_1_UUID}, 00000000:02:00.0, 892, 877, 129.77, 150.00, 68, 70, 100, 11572, P0, Not Active, Not Active, Not Active
2026/07/20 00:59:55.271, 0, ${V100_GPU_0_UUID}, 00000000:01:00.0, 892, 877, 107.30, 150.00, 72, 75, 100, 10966, P0, Not Active, Not Active, Not Active
2026/07/20 00:59:55.278, 1, ${V100_GPU_1_UUID}, 00000000:02:00.0, 892, 877, 138.67, 150.00, 68, 70, 100, 11572, P0, Not Active, Not Active, Not Active
2026/07/20 00:59:55.369, 0, ${V100_GPU_0_UUID}, 00000000:01:00.0, 892, 877, 127.34, 150.00, 72, 75, 100, 10966, P0, Not Active, Not Active, Not Active
2026/07/20 00:59:55.379, 1, ${V100_GPU_1_UUID}, 00000000:02:00.0, 892, 877, 40.39, 150.00, 67, 71, 81, 11572, P0, Not Active, Not Active, Not Active
2026/07/20 00:59:55.462, 0, ${V100_GPU_0_UUID}, 00000000:01:00.0, 892, 877, 43.87, 150.00, 71, 73, 100, 10966, P0, Not Active, Not Active, Not Active
2026/07/20 00:59:55.470, 1, ${V100_GPU_1_UUID}, 00000000:02:00.0, 892, 877, 142.16, 150.00, 67, 68, 81, 11572, P0, Not Active, Not Active, Not Active
2026/07/20 00:59:55.554, 0, ${V100_GPU_0_UUID}, 00000000:01:00.0, 892, 877, 123.28, 150.00, 72, 74, 79, 10966, P0, Not Active, Not Active, Not Active
2026/07/20 00:59:55.560, 1, ${V100_GPU_1_UUID}, 00000000:02:00.0, 892, 877, 136.51, 150.00, 68, 69, 71, 11572, P0, Not Active, Not Active, Not Active
2026/07/20 00:59:55.653, 0, ${V100_GPU_0_UUID}, 00000000:01:00.0, 892, 877, 132.50, 150.00, 72, 75, 100, 10966, P0, Not Active, Not Active, Not Active
2026/07/20 00:59:55.660, 1, ${V100_GPU_1_UUID}, 00000000:02:00.0, 892, 877, 128.74, 150.00, 68, 70, 71, 11572, P0, Not Active, Not Active, Not Active
2026/07/20 00:59:55.749, 0, ${V100_GPU_0_UUID}, 00000000:01:00.0, 892, 877, 136.72, 150.00, 72, 75, 100, 10966, P0, Not Active, Not Active, Not Active
2026/07/20 00:59:55.760, 1, ${V100_GPU_1_UUID}, 00000000:02:00.0, 892, 877, 89.44, 150.00, 68, 71, 100, 11572, P0, Not Active, Not Active, Not Active
2026/07/20 00:59:55.851, 0, ${V100_GPU_0_UUID}, 00000000:01:00.0, 892, 877, 135.88, 150.00, 72, 75, 100, 10966, P0, Not Active, Not Active, Not Active
2026/07/20 00:59:55.859, 1, ${V100_GPU_1_UUID}, 00000000:02:00.0, 892, 877, 124.70, 150.00, 68, 71, 100, 11572, P0, Not Active, Not Active, Not Active
2026/07/20 00:59:55.954, 0, ${V100_GPU_0_UUID}, 00000000:01:00.0, 892, 877, 105.56, 150.00, 72, 76, 100, 10966, P0, Not Active, Not Active, Not Active
2026/07/20 00:59:55.960, 1, ${V100_GPU_1_UUID}, 00000000:02:00.0, 892, 877, 145.87, 150.00, 68, 70, 100, 11572, P0, Not Active, Not Active, Not Active
2026/07/20 00:59:56.056, 0, ${V100_GPU_0_UUID}, 00000000:01:00.0, 892, 877, 119.94, 150.00, 72, 75, 100, 10966, P0, Not Active, Not Active, Not Active
2026/07/20 00:59:56.063, 1, ${V100_GPU_1_UUID}, 00000000:02:00.0, 892, 877, 39.02, 150.00, 67, 70, 84, 11572, P0, Not Active, Not Active, Not Active
2026/07/20 00:59:56.145, 0, ${V100_GPU_0_UUID}, 00000000:01:00.0, 892, 877, 69.74, 150.00, 71, 73, 100, 10966, P0, Not Active, Not Active, Not Active
2026/07/20 00:59:56.153, 1, ${V100_GPU_1_UUID}, 00000000:02:00.0, 892, 877, 139.33, 150.00, 67, 68, 84, 11572, P0, Not Active, Not Active, Not Active
2026/07/20 00:59:56.235, 0, ${V100_GPU_0_UUID}, 00000000:01:00.0, 892, 877, 119.82, 150.00, 72, 75, 78, 10966, P0, Not Active, Not Active, Not Active
2026/07/20 00:59:56.243, 1, ${V100_GPU_1_UUID}, 00000000:02:00.0, 892, 877, 145.16, 150.00, 68, 70, 71, 11572, P0, Not Active, Not Active, Not Active
2026/07/20 00:59:56.338, 0, ${V100_GPU_0_UUID}, 00000000:01:00.0, 892, 877, 140.66, 150.00, 72, 75, 100, 10966, P0, Not Active, Not Active, Not Active
2026/07/20 00:59:56.345, 1, ${V100_GPU_1_UUID}, 00000000:02:00.0, 892, 877, 135.30, 150.00, 68, 70, 71, 11572, P0, Not Active, Not Active, Not Active
2026/07/20 00:59:56.439, 0, ${V100_GPU_0_UUID}, 00000000:01:00.0, 892, 877, 132.68, 150.00, 72, 75, 100, 10966, P0, Not Active, Not Active, Not Active
2026/07/20 00:59:56.445, 1, ${V100_GPU_1_UUID}, 00000000:02:00.0, 892, 877, 115.95, 150.00, 68, 70, 100, 11572, P0, Not Active, Not Active, Not Active
2026/07/20 00:59:56.534, 0, ${V100_GPU_0_UUID}, 00000000:01:00.0, 892, 877, 132.88, 150.00, 72, 75, 100, 10966, P0, Not Active, Not Active, Not Active
2026/07/20 00:59:56.545, 1, ${V100_GPU_1_UUID}, 00000000:02:00.0, 892, 877, 121.97, 150.00, 68, 71, 100, 11572, P0, Not Active, Not Active, Not Active
2026/07/20 00:59:56.639, 0, ${V100_GPU_0_UUID}, 00000000:01:00.0, 892, 877, 119.44, 150.00, 72, 75, 100, 10966, P0, Not Active, Not Active, Not Active
2026/07/20 00:59:56.645, 1, ${V100_GPU_1_UUID}, 00000000:02:00.0, 892, 877, 135.30, 150.00, 68, 71, 100, 11572, P0, Not Active, Not Active, Not Active
2026/07/20 00:59:56.741, 0, ${V100_GPU_0_UUID}, 00000000:01:00.0, 892, 877, 118.60, 150.00, 73, 76, 100, 10966, P0, Not Active, Not Active, Not Active
2026/07/20 00:59:56.750, 1, ${V100_GPU_1_UUID}, 00000000:02:00.0, 892, 877, 37.19, 150.00, 67, 70, 87, 11572, P0, Not Active, Not Active, Not Active
2026/07/20 00:59:56.832, 0, ${V100_GPU_0_UUID}, 00000000:01:00.0, 892, 877, 97.56, 150.00, 72, 73, 80, 10966, P0, Not Active, Not Active, Not Active
2026/07/20 00:59:56.838, 1, ${V100_GPU_1_UUID}, 00000000:02:00.0, 892, 877, 144.66, 150.00, 68, 69, 87, 11572, P0, Not Active, Not Active, Not Active
2026/07/20 00:59:56.924, 0, ${V100_GPU_0_UUID}, 00000000:01:00.0, 892, 877, 117.17, 150.00, 72, 75, 80, 10966, P0, Not Active, Not Active, Not Active
2026/07/20 00:59:56.933, 1, ${V100_GPU_1_UUID}, 00000000:02:00.0, 892, 877, 136.98, 150.00, 68, 70, 67, 11572, P0, Not Active, Not Active, Not Active
2026/07/20 00:59:57.025, 0, ${V100_GPU_0_UUID}, 00000000:01:00.0, 892, 877, 127.72, 150.00, 72, 75, 100, 10966, P0, Not Active, Not Active, Not Active
2026/07/20 00:59:57.035, 1, ${V100_GPU_1_UUID}, 00000000:02:00.0, 892, 877, 139.04, 150.00, 68, 71, 67, 11572, P0, Not Active, Not Active, Not Active
2026/07/20 00:59:57.123, 0, ${V100_GPU_0_UUID}, 00000000:01:00.0, 892, 877, 140.67, 150.00, 72, 75, 100, 10966, P0, Not Active, Not Active, Not Active
2026/07/20 00:59:57.136, 1, ${V100_GPU_1_UUID}, 00000000:02:00.0, 892, 877, 115.48, 150.00, 68, 70, 100, 11572, P0, Not Active, Not Active, Not Active
2026/07/20 00:59:57.220, 0, ${V100_GPU_0_UUID}, 00000000:01:00.0, 892, 877, 133.91, 150.00, 72, 75, 100, 10966, P0, Not Active, Not Active, Not Active
2026/07/20 00:59:57.236, 1, ${V100_GPU_1_UUID}, 00000000:02:00.0, 892, 877, 120.95, 150.00, 68, 71, 100, 11572, P0, Not Active, Not Active, Not Active
2026/07/20 00:59:57.325, 0, ${V100_GPU_0_UUID}, 00000000:01:00.0, 892, 877, 119.44, 150.00, 72, 76, 100, 10966, P0, Not Active, Not Active, Not Active
2026/07/20 00:59:57.334, 1, ${V100_GPU_1_UUID}, 00000000:02:00.0, 892, 877, 136.14, 150.00, 68, 70, 100, 11572, P0, Not Active, Not Active, Not Active
2026/07/20 00:59:57.428, 0, ${V100_GPU_0_UUID}, 00000000:01:00.0, 892, 877, 113.06, 150.00, 73, 76, 100, 10966, P0, Not Active, Not Active, Not Active
2026/07/20 00:59:57.436, 1, ${V100_GPU_1_UUID}, 00000000:02:00.0, 892, 877, 37.22, 150.00, 68, 70, 96, 11572, P0, Not Active, Not Active, Not Active
2026/07/20 00:59:57.518, 0, ${V100_GPU_0_UUID}, 00000000:01:00.0, 892, 877, 83.30, 150.00, 72, 73, 76, 10966, P0, Not Active, Not Active, Not Active
2026/07/20 00:59:57.524, 1, ${V100_GPU_1_UUID}, 00000000:02:00.0, 892, 877, 142.51, 150.00, 67, 69, 96, 11572, P0, Not Active, Not Active, Not Active
2026/07/20 00:59:57.608, 0, ${V100_GPU_0_UUID}, 00000000:01:00.0, 892, 877, 118.97, 150.00, 72, 75, 76, 10966, P0, Not Active, Not Active, Not Active
2026/07/20 00:59:57.620, 1, ${V100_GPU_1_UUID}, 00000000:02:00.0, 892, 877, 138.58, 150.00, 68, 70, 60, 11572, P0, Not Active, Not Active, Not Active
2026/07/20 00:59:57.709, 0, ${V100_GPU_0_UUID}, 00000000:01:00.0, 892, 877, 133.16, 150.00, 73, 75, 99, 10966, P0, Not Active, Not Active, Not Active
2026/07/20 00:59:57.721, 1, ${V100_GPU_1_UUID}, 00000000:02:00.0, 892, 877, 137.17, 150.00, 68, 70, 60, 11572, P0, Not Active, Not Active, Not Active
2026/07/20 00:59:57.808, 0, ${V100_GPU_0_UUID}, 00000000:01:00.0, 892, 877, 134.74, 150.00, 73, 75, 99, 10966, P0, Not Active, Not Active, Not Active
2026/07/20 00:59:57.823, 1, ${V100_GPU_1_UUID}, 00000000:02:00.0, 892, 877, 109.38, 150.00, 68, 71, 100, 11572, P0, Not Active, Not Active, Not Active
2026/07/20 00:59:57.907, 0, ${V100_GPU_0_UUID}, 00000000:01:00.0, 892, 877, 136.26, 150.00, 72, 75, 100, 10966, P0, Not Active, Not Active, Not Active
2026/07/20 00:59:57.924, 1, ${V100_GPU_1_UUID}, 00000000:02:00.0, 892, 877, 121.50, 150.00, 68, 70, 100, 11572, P0, Not Active, Not Active, Not Active
2026/07/20 00:59:58.010, 0, ${V100_GPU_0_UUID}, 00000000:01:00.0, 892, 877, 107.37, 150.00, 72, 76, 100, 10966, P0, Not Active, Not Active, Not Active
2026/07/20 00:59:58.020, 1, ${V100_GPU_1_UUID}, 00000000:02:00.0, 892, 877, 142.32, 150.00, 68, 71, 100, 11572, P0, Not Active, Not Active, Not Active
2026/07/20 00:59:58.111, 0, ${V100_GPU_0_UUID}, 00000000:01:00.0, 892, 877, 119.47, 150.00, 73, 76, 100, 10966, P0, Not Active, Not Active, Not Active
2026/07/20 00:59:58.125, 1, ${V100_GPU_1_UUID}, 00000000:02:00.0, 892, 877, 38.07, 150.00, 68, 71, 100, 11572, P0, Not Active, Not Active, Not Active
2026/07/20 00:59:58.206, 0, ${V100_GPU_0_UUID}, 00000000:01:00.0, 892, 877, 72.95, 150.00, 72, 74, 89, 10966, P0, Not Active, Not Active, Not Active
2026/07/20 00:59:58.214, 1, ${V100_GPU_1_UUID}, 00000000:02:00.0, 892, 877, 138.86, 150.00, 67, 69, 100, 11572, P0, Not Active, Not Active, Not Active
2026/07/20 00:59:58.296, 0, ${V100_GPU_0_UUID}, 00000000:01:00.0, 892, 877, 120.38, 150.00, 72, 75, 89, 10966, P0, Not Active, Not Active, Not Active
2026/07/20 00:59:58.303, 1, ${V100_GPU_1_UUID}, 00000000:02:00.0, 892, 877, 137.26, 150.00, 68, 70, 53, 11572, P0, Not Active, Not Active, Not Active
2026/07/20 00:59:58.393, 0, ${V100_GPU_0_UUID}, 00000000:01:00.0, 892, 877, 137.57, 150.00, 73, 75, 90, 10966, P0, Not Active, Not Active, Not Active
2026/07/20 00:59:58.404, 1, ${V100_GPU_1_UUID}, 00000000:02:00.0, 892, 877, 129.77, 150.00, 68, 70, 100, 11572, P0, Not Active, Not Active, Not Active
2026/07/20 00:59:58.493, 0, ${V100_GPU_0_UUID}, 00000000:01:00.0, 892, 877, 137.01, 150.00, 73, 75, 90, 10966, P0, Not Active, Not Active, Not Active
2026/07/20 00:59:58.505, 1, ${V100_GPU_1_UUID}, 00000000:02:00.0, 892, 877, 105.30, 150.00, 68, 71, 100, 11572, P0, Not Active, Not Active, Not Active
2026/07/20 00:59:58.594, 0, ${V100_GPU_0_UUID}, 00000000:01:00.0, 892, 877, 131.67, 150.00, 72, 75, 100, 10966, P0, Not Active, Not Active, Not Active
2026/07/20 00:59:58.606, 1, ${V100_GPU_1_UUID}, 00000000:02:00.0, 892, 877, 128.74, 150.00, 68, 71, 100, 11572, P0, Not Active, Not Active, Not Active
2026/07/20 00:59:58.697, 0, ${V100_GPU_0_UUID}, 00000000:01:00.0, 892, 877, 95.33, 150.00, 73, 76, 100, 10966, P0, Not Active, Not Active, Not Active
2026/07/20 00:59:58.706, 1, ${V100_GPU_1_UUID}, 00000000:02:00.0, 892, 877, 145.13, 150.00, 68, 70, 100, 11572, P0, Not Active, Not Active, Not Active
2026/07/20 00:59:58.798, 0, ${V100_GPU_0_UUID}, 00000000:01:00.0, 892, 877, 124.51, 150.00, 73, 75, 100, 10966, P0, Not Active, Not Active, Not Active
2026/07/20 00:59:58.809, 1, ${V100_GPU_1_UUID}, 00000000:02:00.0, 892, 877, 46.57, 150.00, 68, 71, 100, 11572, P0, Not Active, Not Active, Not Active
2026/07/20 00:59:58.891, 0, ${V100_GPU_0_UUID}, 00000000:01:00.0, 892, 877, 44.82, 150.00, 72, 74, 100, 10966, P0, Not Active, Not Active, Not Active
2026/07/20 00:59:58.899, 1, ${V100_GPU_1_UUID}, 00000000:02:00.0, 892, 877, 136.32, 150.00, 67, 70, 100, 11572, P0, Not Active, Not Active, Not Active
2026/07/20 00:59:58.983, 0, ${V100_GPU_0_UUID}, 00000000:01:00.0, 892, 877, 125.93, 150.00, 72, 74, 100, 10966, P0, Not Active, Not Active, Not Active
2026/07/20 00:59:58.989, 1, ${V100_GPU_1_UUID}, 00000000:02:00.0, 892, 877, 135.39, 150.00, 68, 70, 56, 11572, P0, Not Active, Not Active, Not Active
2026/07/20 00:59:59.082, 0, ${V100_GPU_0_UUID}, 00000000:01:00.0, 892, 877, 138.70, 150.00, 73, 75, 79, 10966, P0, Not Active, Not Active, Not Active
2026/07/20 00:59:59.090, 1, ${V100_GPU_1_UUID}, 00000000:02:00.0, 892, 877, 104.29, 150.00, 68, 71, 100, 11572, P0, Not Active, Not Active, Not Active
2026/07/20 00:59:59.179, 0, ${V100_GPU_0_UUID}, 00000000:01:00.0, 892, 877, 134.10, 150.00, 73, 75, 79, 10966, P0, Not Active, Not Active, Not Active
2026/07/20 00:59:59.190, 1, ${V100_GPU_1_UUID}, 00000000:02:00.0, 892, 877, 122.36, 150.00, 68, 71, 100, 11572, P0, Not Active, Not Active, Not Active
2026/07/20 00:59:59.282, 0, ${V100_GPU_0_UUID}, 00000000:01:00.0, 892, 877, 106.90, 150.00, 73, 76, 100, 10966, P0, Not Active, Not Active, Not Active
2026/07/20 00:59:59.288, 1, ${V100_GPU_1_UUID}, 00000000:02:00.0, 892, 877, 146.70, 150.00, 68, 70, 100, 11572, P0, Not Active, Not Active, Not Active
2026/07/20 00:59:59.384, 0, ${V100_GPU_0_UUID}, 00000000:01:00.0, 892, 877, 119.36, 150.00, 73, 76, 100, 10966, P0, Not Active, Not Active, Not Active
2026/07/20 00:59:59.391, 1, ${V100_GPU_1_UUID}, 00000000:02:00.0, 892, 877, 143.92, 150.00, 68, 71, 100, 11572, P0, Not Active, Not Active, Not Active
2026/07/20 00:59:59.485, 0, ${V100_GPU_0_UUID}, 00000000:01:00.0, 892, 877, 136.54, 150.00, 73, 75, 100, 10966, P0, Not Active, Not Active, Not Active
2026/07/20 00:59:59.493, 1, ${V100_GPU_1_UUID}, 00000000:02:00.0, 892, 877, 66.78, 150.00, 68, 71, 100, 11572, P0, Not Active, Not Active, Not Active
2026/07/20 00:59:59.584, 0, ${V100_GPU_0_UUID}, 00000000:01:00.0, 892, 877, 54.77, 150.00, 73, 74, 100, 10966, P0, Not Active, Not Active, Not Active
2026/07/20 00:59:59.589, 1, ${V100_GPU_1_UUID}, 00000000:02:00.0, 892, 877, 138.67, 150.00, 67, 68, 56, 11572, P0, Not Active, Not Active, Not Active
2026/07/20 00:59:59.686, 0, ${V100_GPU_0_UUID}, 00000000:01:00.0, 892, 877, 125.93, 150.00, 73, 75, 100, 10966, P0, Not Active, Not Active, Not Active
2026/07/20 00:59:59.694, 1, ${V100_GPU_1_UUID}, 00000000:02:00.0, 892, 877, 139.98, 150.00, 68, 70, 56, 11572, P0, Not Active, Not Active, Not Active
2026/07/20 00:59:59.786, 0, ${V100_GPU_0_UUID}, 00000000:01:00.0, 892, 877, 140.95, 150.00, 73, 75, 79, 10966, P0, Not Active, Not Active, Not Active
2026/07/20 00:59:59.795, 1, ${V100_GPU_1_UUID}, 00000000:02:00.0, 892, 877, 104.29, 150.00, 68, 70, 100, 11572, P0, Not Active, Not Active, Not Active
2026/07/20 00:59:59.884, 0, ${V100_GPU_0_UUID}, 00000000:01:00.0, 892, 877, 134.10, 150.00, 72, 75, 100, 10966, P0, Not Active, Not Active, Not Active
2026/07/20 00:59:59.894, 1, ${V100_GPU_1_UUID}, 00000000:02:00.0, 892, 877, 122.83, 150.00, 68, 71, 100, 11572, P0, Not Active, Not Active, Not Active
2026/07/20 00:59:59.988, 0, ${V100_GPU_0_UUID}, 00000000:01:00.0, 892, 877, 104.62, 150.00, 72, 76, 100, 10966, P0, Not Active, Not Active, Not Active
2026/07/20 00:59:59.994, 1, ${V100_GPU_1_UUID}, 00000000:02:00.0, 892, 877, 142.50, 150.00, 68, 70, 100, 11572, P0, Not Active, Not Active, Not Active
2026/07/20 01:00:00.091, 0, ${V100_GPU_0_UUID}, 00000000:01:00.0, 892, 877, 120.29, 150.00, 73, 76, 100, 10966, P0, Not Active, Not Active, Not Active
2026/07/20 01:00:00.097, 1, ${V100_GPU_1_UUID}, 00000000:02:00.0, 892, 877, 140.27, 150.00, 68, 71, 100, 11572, P0, Not Active, Not Active, Not Active
2026/07/20 01:00:00.192, 0, ${V100_GPU_0_UUID}, 00000000:01:00.0, 892, 877, 138.60, 150.00, 73, 75, 100, 10966, P0, Not Active, Not Active, Not Active
2026/07/20 01:00:00.198, 1, ${V100_GPU_1_UUID}, 00000000:02:00.0, 892, 877, 72.36, 150.00, 68, 71, 100, 11572, P0, Not Active, Not Active, Not Active
2026/07/20 01:00:00.290, 0, ${V100_GPU_0_UUID}, 00000000:01:00.0, 892, 877, 57.14, 150.00, 72, 75, 100, 10966, P0, Not Active, Not Active, Not Active
2026/07/20 01:00:00.296, 1, ${V100_GPU_1_UUID}, 00000000:02:00.0, 892, 877, 132.63, 150.00, 67, 68, 62, 11572, P0, Not Active, Not Active, Not Active
2026/07/20 01:00:00.393, 0, ${V100_GPU_0_UUID}, 00000000:01:00.0, 892, 877, 140.76, 150.00, 72, 75, 73, 10966, P0, Not Active, Not Active, Not Active
2026/07/20 01:00:00.399, 1, ${V100_GPU_1_UUID}, 00000000:02:00.0, 892, 877, 135.01, 150.00, 68, 70, 62, 11572, P0, Not Active, Not Active, Not Active
2026/07/20 01:00:00.493, 0, ${V100_GPU_0_UUID}, 00000000:01:00.0, 892, 877, 138.13, 150.00, 73, 75, 73, 10966, P0, Not Active, Not Active, Not Active
2026/07/20 01:00:00.500, 1, ${V100_GPU_1_UUID}, 00000000:02:00.0, 892, 877, 83.43, 150.00, 68, 70, 94, 11572, P0, Not Active, Not Active, Not Active
2026/07/20 01:00:00.593, 0, ${V100_GPU_0_UUID}, 00000000:01:00.0, 892, 877, 124.43, 150.00, 72, 76, 100, 10966, P0, Not Active, Not Active, Not Active
2026/07/20 01:00:00.599, 1, ${V100_GPU_1_UUID}, 00000000:02:00.0, 892, 877, 124.23, 150.00, 68, 70, 100, 11572, P0, Not Active, Not Active, Not Active
2026/07/20 01:00:00.696, 0, ${V100_GPU_0_UUID}, 00000000:01:00.0, 892, 877, 110.19, 150.00, 73, 76, 100, 10966, P0, Not Active, Not Active, Not Active
2026/07/20 01:00:00.704, 1, ${V100_GPU_1_UUID}, 00000000:02:00.0, 892, 877, 138.30, 150.00, 68, 71, 100, 11572, P0, Not Active, Not Active, Not Active
2026/07/20 01:00:00.796, 0, ${V100_GPU_0_UUID}, 00000000:01:00.0, 892, 877, 132.32, 150.00, 73, 75, 100, 10966, P0, Not Active, Not Active, Not Active
2026/07/20 01:00:00.804, 1, ${V100_GPU_1_UUID}, 00000000:02:00.0, 892, 877, 135.86, 150.00, 68, 71, 100, 11572, P0, Not Active, Not Active, Not Active
2026/07/20 01:00:00.898, 0, ${V100_GPU_0_UUID}, 00000000:01:00.0, 892, 877, 132.86, 150.00, 73, 75, 100, 10966, P0, Not Active, Not Active, Not Active
2026/07/20 01:00:00.904, 1, ${V100_GPU_1_UUID}, 00000000:02:00.0, 892, 877, 114.07, 150.00, 68, 72, 100, 11572, P0, Not Active, Not Active, Not Active
2026/07/20 01:00:00.992, 0, ${V100_GPU_0_UUID}, 00000000:01:00.0, 892, 877, 120.02, 150.00, 73, 75, 100, 10966, P0, Not Active, Not Active, Not Active
2026/07/20 01:00:01.004, 1, ${V100_GPU_1_UUID}, 00000000:02:00.0, 892, 877, 82.04, 150.00, 67, 72, 88, 11572, P0, Not Active, Not Active, Not Active
2026/07/20 01:00:01.088, 0, ${V100_GPU_0_UUID}, 00000000:01:00.0, 892, 877, 134.74, 150.00, 72, 74, 79, 10966, P0, Not Active, Not Active, Not Active
2026/07/20 01:00:01.106, 1, ${V100_GPU_1_UUID}, 00000000:02:00.0, 892, 877, 109.31, 150.00, 68, 70, 63, 11572, P0, Not Active, Not Active, Not Active
2026/07/20 01:00:01.196, 0, ${V100_GPU_0_UUID}, 00000000:01:00.0, 892, 877, 139.82, 150.00, 72, 75, 79, 10966, P0, Not Active, Not Active, Not Active
2026/07/20 01:00:01.206, 1, ${V100_GPU_1_UUID}, 00000000:02:00.0, 892, 877, 120.95, 150.00, 68, 70, 63, 11572, P0, Not Active, Not Active, Not Active
2026/07/20 01:00:01.307, 0, ${V100_GPU_0_UUID}, 00000000:01:00.0, 892, 877, 122.56, 150.00, 72, 76, 100, 10966, P0, Not Active, Not Active, Not Active
2026/07/20 01:00:01.313, 1, ${V100_GPU_1_UUID}, 00000000:02:00.0, 892, 877, 145.30, 150.00, 68, 70, 100, 11572, P0, Not Active, Not Active, Not Active
2026/07/20 01:00:01.402, 0, ${V100_GPU_0_UUID}, 00000000:01:00.0, 892, 877, 120.38, 150.00, 73, 76, 100, 10966, P0, Not Active, Not Active, Not Active
2026/07/20 01:00:01.408, 1, ${V100_GPU_1_UUID}, 00000000:02:00.0, 892, 877, 143.55, 150.00, 68, 71, 100, 11572, P0, Not Active, Not Active, Not Active
2026/07/20 01:00:01.504, 0, ${V100_GPU_0_UUID}, 00000000:01:00.0, 892, 877, 135.21, 150.00, 73, 76, 100, 10966, P0, Not Active, Not Active, Not Active
2026/07/20 01:00:01.509, 1, ${V100_GPU_1_UUID}, 00000000:02:00.0, 892, 877, 123.38, 150.00, 68, 71, 100, 11572, P0, Not Active, Not Active, Not Active
2026/07/20 01:00:01.600, 0, ${V100_GPU_0_UUID}, 00000000:01:00.0, 892, 877, 137.94, 150.00, 73, 76, 100, 10966, P0, Not Active, Not Active, Not Active
2026/07/20 01:00:01.610, 1, ${V100_GPU_1_UUID}, 00000000:02:00.0, 892, 877, 119.63, 150.00, 68, 71, 100, 11572, P0, Not Active, Not Active, Not Active
2026/07/20 01:00:01.705, 0, ${V100_GPU_0_UUID}, 00000000:01:00.0, 892, 877, 120.89, 150.00, 73, 75, 100, 10966, P0, Not Active, Not Active, Not Active
2026/07/20 01:00:01.712, 1, ${V100_GPU_1_UUID}, 00000000:02:00.0, 892, 877, 35.69, 150.00, 67, 71, 100, 11572, P0, Not Active, Not Active, Not Active
2026/07/20 01:00:01.795, 0, ${V100_GPU_0_UUID}, 00000000:01:00.0, 892, 877, 137.10, 150.00, 73, 74, 100, 10966, P0, Not Active, Not Active, Not Active
2026/07/20 01:00:01.812, 1, ${V100_GPU_1_UUID}, 00000000:02:00.0, 892, 877, 111.56, 150.00, 68, 70, 55, 11572, P0, Not Active, Not Active, Not Active
2026/07/20 01:00:01.906, 0, ${V100_GPU_0_UUID}, 00000000:01:00.0, 892, 877, 130.06, 150.00, 72, 75, 79, 10966, P0, Not Active, Not Active, Not Active
2026/07/20 01:00:01.912, 1, ${V100_GPU_1_UUID}, 00000000:02:00.0, 892, 877, 130.15, 150.00, 68, 70, 55, 11572, P0, Not Active, Not Active, Not Active
2026/07/20 01:00:02.008, 0, ${V100_GPU_0_UUID}, 00000000:01:00.0, 892, 877, 117.56, 150.00, 73, 76, 79, 10966, P0, Not Active, Not Active, Not Active
2026/07/20 01:00:02.014, 1, ${V100_GPU_1_UUID}, 00000000:02:00.0, 892, 877, 141.21, 150.00, 68, 70, 100, 11572, P0, Not Active, Not Active, Not Active
2026/07/20 01:00:02.108, 0, ${V100_GPU_0_UUID}, 00000000:01:00.0, 892, 877, 134.38, 150.00, 73, 76, 100, 10966, P0, Not Active, Not Active, Not Active
2026/07/20 01:00:02.115, 1, ${V100_GPU_1_UUID}, 00000000:02:00.0, 892, 877, 140.08, 150.00, 68, 71, 100, 11572, P0, Not Active, Not Active, Not Active
2026/07/20 01:00:02.208, 0, ${V100_GPU_0_UUID}, 00000000:01:00.0, 892, 877, 139.35, 150.00, 73, 75, 100, 10966, P0, Not Active, Not Active, Not Active
2026/07/20 01:00:02.215, 1, ${V100_GPU_1_UUID}, 00000000:02:00.0, 892, 877, 91.44, 150.00, 68, 71, 100, 11572, P0, Not Active, Not Active, Not Active
2026/07/20 01:00:02.310, 0, ${V100_GPU_0_UUID}, 00000000:01:00.0, 892, 877, 129.51, 150.00, 73, 75, 100, 10966, P0, Not Active, Not Active, Not Active
2026/07/20 01:00:02.316, 1, ${V100_GPU_1_UUID}, 00000000:02:00.0, 892, 877, 126.96, 150.00, 69, 71, 100, 11572, P0, Not Active, Not Active, Not Active
2026/07/20 01:00:02.412, 0, ${V100_GPU_0_UUID}, 00000000:01:00.0, 892, 877, 117.65, 150.00, 73, 76, 100, 10966, P0, Not Active, Not Active, Not Active
2026/07/20 01:00:02.417, 1, ${V100_GPU_1_UUID}, 00000000:02:00.0, 892, 877, 38.14, 150.00, 67, 71, 100, 11572, P0, Not Active, Not Active, Not Active
2026/07/20 01:00:02.500, 0, ${V100_GPU_0_UUID}, 00000000:01:00.0, 892, 877, 102.33, 150.00, 72, 74, 100, 10966, P0, Not Active, Not Active, Not Active
2026/07/20 01:00:02.511, 1, ${V100_GPU_1_UUID}, 00000000:02:00.0, 892, 877, 142.51, 150.00, 68, 69, 56, 11572, P0, Not Active, Not Active, Not Active
2026/07/20 01:00:02.594, 0, ${V100_GPU_0_UUID}, 00000000:01:00.0, 892, 877, 118.97, 150.00, 73, 76, 78, 10966, P0, Not Active, Not Active, Not Active
2026/07/20 01:00:02.599, 1, ${V100_GPU_1_UUID}, 00000000:02:00.0, 892, 877, 142.71, 150.00, 68, 71, 56, 11572, P0, Not Active, Not Active, Not Active
2026/07/20 01:00:02.694, 0, ${V100_GPU_0_UUID}, 00000000:01:00.0, 892, 877, 136.63, 150.00, 73, 75, 78, 10966, P0, Not Active, Not Active, Not Active
2026/07/20 01:00:02.699, 1, ${V100_GPU_1_UUID}, 00000000:02:00.0, 892, 877, 125.64, 150.00, 68, 70, 100, 11572, P0, Not Active, Not Active, Not Active
2026/07/20 01:00:02.790, 0, ${V100_GPU_0_UUID}, 00000000:01:00.0, 892, 877, 138.41, 150.00, 73, 75, 100, 10966, P0, Not Active, Not Active, Not Active
2026/07/20 01:00:02.800, 1, ${V100_GPU_1_UUID}, 00000000:02:00.0, 892, 877, 120.10, 150.00, 68, 71, 100, 11572, P0, Not Active, Not Active, Not Active
2026/07/20 01:00:02.896, 0, ${V100_GPU_0_UUID}, 00000000:01:00.0, 892, 877, 112.00, 150.00, 73, 76, 100, 10966, P0, Not Active, Not Active, Not Active
2026/07/20 01:00:02.902, 1, ${V100_GPU_1_UUID}, 00000000:02:00.0, 892, 877, 146.90, 150.00, 68, 70, 100, 11572, P0, Not Active, Not Active, Not Active
2026/07/20 01:00:02.998, 0, ${V100_GPU_0_UUID}, 00000000:01:00.0, 892, 877, 119.44, 150.00, 73, 76, 100, 10966, P0, Not Active, Not Active, Not Active
2026/07/20 01:00:03.004, 1, ${V100_GPU_1_UUID}, 00000000:02:00.0, 892, 877, 141.01, 150.00, 68, 71, 100, 11572, P0, Not Active, Not Active, Not Active
2026/07/20 01:00:03.099, 0, ${V100_GPU_0_UUID}, 00000000:01:00.0, 892, 877, 136.53, 150.00, 73, 76, 100, 10966, P0, Not Active, Not Active, Not Active
2026/07/20 01:00:03.105, 1, ${V100_GPU_1_UUID}, 00000000:02:00.0, 892, 877, 108.98, 150.00, 68, 71, 100, 11572, P0, Not Active, Not Active, Not Active
2026/07/20 01:00:03.195, 0, ${V100_GPU_0_UUID}, 00000000:01:00.0, 892, 877, 72.30, 150.00, 73, 75, 100, 10966, P0, Not Active, Not Active, Not Active
2026/07/20 01:00:03.204, 1, ${V100_GPU_1_UUID}, 00000000:02:00.0, 892, 877, 127.44, 150.00, 67, 69, 91, 11572, P0, Not Active, Not Active, Not Active
2026/07/20 01:00:03.296, 0, ${V100_GPU_0_UUID}, 00000000:01:00.0, 892, 877, 132.48, 150.00, 72, 75, 75, 10966, P0, Not Active, Not Active, Not Active
2026/07/20 01:00:03.304, 1, ${V100_GPU_1_UUID}, 00000000:02:00.0, 892, 877, 122.91, 150.00, 68, 71, 64, 11572, P0, Not Active, Not Active, Not Active
2026/07/20 01:00:03.398, 0, ${V100_GPU_0_UUID}, 00000000:01:00.0, 892, 877, 135.69, 150.00, 73, 75, 98, 10966, P0, Not Active, Not Active, Not Active
2026/07/20 01:00:03.407, 1, ${V100_GPU_1_UUID}, 00000000:02:00.0, 892, 877, 120.10, 150.00, 68, 71, 64, 11572, P0, Not Active, Not Active, Not Active
2026/07/20 01:00:03.503, 0, ${V100_GPU_0_UUID}, 00000000:01:00.0, 892, 877, 99.91, 150.00, 73, 76, 98, 10966, P0, Not Active, Not Active, Not Active
2026/07/20 01:00:03.513, 1, ${V100_GPU_1_UUID}, 00000000:02:00.0, 892, 877, 145.13, 150.00, 69, 71, 100, 11572, P0, Not Active, Not Active, Not Active
2026/07/20 01:00:03.605, 0, ${V100_GPU_0_UUID}, 00000000:01:00.0, 892, 877, 121.70, 150.00, 73, 76, 100, 10966, P0, Not Active, Not Active, Not Active
2026/07/20 01:00:03.611, 1, ${V100_GPU_1_UUID}, 00000000:02:00.0, 892, 877, 143.35, 150.00, 68, 71, 100, 11572, P0, Not Active, Not Active, Not Active
2026/07/20 01:00:03.704, 0, ${V100_GPU_0_UUID}, 00000000:01:00.0, 892, 877, 141.24, 150.00, 73, 76, 100, 10966, P0, Not Active, Not Active, Not Active
2026/07/20 01:00:03.710, 1, ${V100_GPU_1_UUID}, 00000000:02:00.0, 892, 877, 118.61, 150.00, 68, 71, 100, 11572, P0, Not Active, Not Active, Not Active
2026/07/20 01:00:03.801, 0, ${V100_GPU_0_UUID}, 00000000:01:00.0, 892, 877, 136.63, 150.00, 73, 75, 100, 10966, P0, Not Active, Not Active, Not Active
2026/07/20 01:00:03.809, 1, ${V100_GPU_1_UUID}, 00000000:02:00.0, 892, 877, 120.56, 150.00, 68, 71, 100, 11572, P0, Not Active, Not Active, Not Active
2026/07/20 01:00:03.906, 0, ${V100_GPU_0_UUID}, 00000000:01:00.0, 892, 877, 94.81, 150.00, 73, 76, 100, 10966, P0, Not Active, Not Active, Not Active
2026/07/20 01:00:03.913, 1, ${V100_GPU_1_UUID}, 00000000:02:00.0, 892, 877, 35.78, 150.00, 67, 72, 100, 11572, P0, Not Active, Not Active, Not Active
2026/07/20 01:00:03.998, 0, ${V100_GPU_0_UUID}, 00000000:01:00.0, 892, 877, 112.54, 150.00, 72, 74, 100, 10966, P0, Not Active, Not Active, Not Active
2026/07/20 01:00:04.007, 1, ${V100_GPU_1_UUID}, 00000000:02:00.0, 892, 877, 121.97, 150.00, 68, 70, 50, 11572, P0, Not Active, Not Active, Not Active
2026/07/20 01:00:04.109, 0, ${V100_GPU_0_UUID}, 00000000:01:00.0, 892, 877, 80.94, 150.00, 73, 76, 78, 10966, P0, Not Active, Not Active, Not Active
2026/07/20 01:00:04.114, 1, ${V100_GPU_1_UUID}, 00000000:02:00.0, 892, 877, 138.20, 150.00, 68, 70, 50, 11572, P0, Not Active, Not Active, Not Active
2026/07/20 01:00:04.212, 0, ${V100_GPU_0_UUID}, 00000000:01:00.0, 892, 877, 121.70, 150.00, 73, 76, 78, 10966, P0, Not Active, Not Active, Not Active
2026/07/20 01:00:04.218, 1, ${V100_GPU_1_UUID}, 00000000:02:00.0, 892, 877, 139.61, 150.00, 68, 71, 100, 11572, P0, Not Active, Not Active, Not Active
2026/07/20 01:00:04.309, 0, ${V100_GPU_0_UUID}, 00000000:01:00.0, 892, 877, 137.10, 150.00, 73, 76, 100, 10966, P0, Not Active, Not Active, Not Active
2026/07/20 01:00:04.316, 1, ${V100_GPU_1_UUID}, 00000000:02:00.0, 892, 877, 81.66, 150.00, 68, 71, 100, 11572, P0, Not Active, Not Active, Not Active
2026/07/20 01:00:04.408, 0, ${V100_GPU_0_UUID}, 00000000:01:00.0, 892, 877, 129.42, 150.00, 73, 75, 100, 10966, P0, Not Active, Not Active, Not Active
2026/07/20 01:00:04.415, 1, ${V100_GPU_1_UUID}, 00000000:02:00.0, 892, 877, 124.62, 150.00, 69, 71, 100, 11572, P0, Not Active, Not Active, Not Active
2026/07/20 01:00:04.511, 0, ${V100_GPU_0_UUID}, 00000000:01:00.0, 892, 877, 117.56, 150.00, 73, 76, 100, 10966, P0, Not Active, Not Active, Not Active
2026/07/20 01:00:04.516, 1, ${V100_GPU_1_UUID}, 00000000:02:00.0, 892, 877, 141.21, 150.00, 68, 71, 100, 11572, P0, Not Active, Not Active, Not Active
2026/07/20 01:00:04.612, 0, ${V100_GPU_0_UUID}, 00000000:01:00.0, 892, 877, 132.12, 150.00, 73, 76, 100, 10966, P0, Not Active, Not Active, Not Active
2026/07/20 01:00:04.618, 1, ${V100_GPU_1_UUID}, 00000000:02:00.0, 892, 877, 62.08, 150.00, 68, 72, 100, 11572, P0, Not Active, Not Active, Not Active
2026/07/20 01:00:04.711, 0, ${V100_GPU_0_UUID}, 00000000:01:00.0, 892, 877, 53.82, 150.00, 73, 75, 100, 10966, P0, Not Active, Not Active, Not Active
2026/07/20 01:00:04.716, 1, ${V100_GPU_1_UUID}, 00000000:02:00.0, 892, 877, 137.35, 150.00, 68, 69, 82, 11572, P0, Not Active, Not Active, Not Active
2026/07/20 01:00:04.812, 0, ${V100_GPU_0_UUID}, 00000000:01:00.0, 892, 877, 129.30, 150.00, 73, 75, 78, 10966, P0, Not Active, Not Active, Not Active
2026/07/20 01:00:04.819, 1, ${V100_GPU_1_UUID}, 00000000:02:00.0, 892, 877, 138.11, 150.00, 68, 71, 72, 11572, P0, Not Active, Not Active, Not Active
2026/07/20 01:00:04.912, 0, ${V100_GPU_0_UUID}, 00000000:01:00.0, 892, 877, 137.94, 150.00, 73, 75, 100, 10966, P0, Not Active, Not Active, Not Active
2026/07/20 01:00:04.919, 1, ${V100_GPU_1_UUID}, 00000000:02:00.0, 892, 877, 118.22, 150.00, 68, 71, 72, 11572, P0, Not Active, Not Active, Not Active
2026/07/20 01:00:05.013, 0, ${V100_GPU_0_UUID}, 00000000:01:00.0, 892, 877, 121.23, 150.00, 73, 76, 100, 10966, P0, Not Active, Not Active, Not Active
2026/07/20 01:00:05.020, 1, ${V100_GPU_1_UUID}, 00000000:02:00.0, 892, 877, 135.21, 150.00, 69, 71, 100, 11572, P0, Not Active, Not Active, Not Active
2026/07/20 01:00:05.115, 0, ${V100_GPU_0_UUID}, 00000000:01:00.0, 892, 877, 118.97, 150.00, 73, 76, 100, 10966, P0, Not Active, Not Active, Not Active
2026/07/20 01:00:05.122, 1, ${V100_GPU_1_UUID}, 00000000:02:00.0, 892, 877, 146.00, 150.00, 69, 72, 100, 11572, P0, Not Active, Not Active, Not Active
2026/07/20 01:00:05.217, 0, ${V100_GPU_0_UUID}, 00000000:01:00.0, 892, 877, 138.98, 150.00, 73, 76, 100, 10966, P0, Not Active, Not Active, Not Active
2026/07/20 01:00:05.224, 1, ${V100_GPU_1_UUID}, 00000000:02:00.0, 892, 877, 119.07, 150.00, 68, 71, 100, 11572, P0, Not Active, Not Active, Not Active
2026/07/20 01:00:05.313, 0, ${V100_GPU_0_UUID}, 00000000:01:00.0, 892, 877, 136.16, 150.00, 73, 76, 100, 10966, P0, Not Active, Not Active, Not Active
2026/07/20 01:00:05.323, 1, ${V100_GPU_1_UUID}, 00000000:02:00.0, 892, 877, 120.01, 150.00, 69, 71, 100, 11572, P0, Not Active, Not Active, Not Active
2026/07/20 01:00:05.419, 0, ${V100_GPU_0_UUID}, 00000000:01:00.0, 892, 877, 80.70, 150.00, 73, 76, 100, 10966, P0, Not Active, Not Active, Not Active
2026/07/20 01:00:05.424, 1, ${V100_GPU_1_UUID}, 00000000:02:00.0, 892, 877, 36.19, 150.00, 67, 71, 100, 11572, P0, Not Active, Not Active, Not Active
2026/07/20 01:00:05.506, 0, ${V100_GPU_0_UUID}, 00000000:01:00.0, 892, 877, 129.12, 150.00, 72, 74, 100, 10966, P0, Not Active, Not Active, Not Active
2026/07/20 01:00:05.523, 1, ${V100_GPU_1_UUID}, 00000000:02:00.0, 892, 877, 120.10, 150.00, 68, 70, 54, 11572, P0, Not Active, Not Active, Not Active
2026/07/20 01:00:05.619, 0, ${V100_GPU_0_UUID}, 00000000:01:00.0, 892, 877, 91.21, 150.00, 73, 76, 78, 10966, P0, Not Active, Not Active, Not Active
2026/07/20 01:00:05.625, 1, ${V100_GPU_1_UUID}, 00000000:02:00.0, 892, 877, 141.29, 150.00, 68, 70, 54, 11572, P0, Not Active, Not Active, Not Active
2026/07/20 01:00:05.720, 0, ${V100_GPU_0_UUID}, 00000000:01:00.0, 892, 877, 121.70, 150.00, 73, 76, 78, 10966, P0, Not Active, Not Active, Not Active
2026/07/20 01:00:05.726, 1, ${V100_GPU_1_UUID}, 00000000:02:00.0, 892, 877, 141.85, 150.00, 68, 71, 100, 11572, P0, Not Active, Not Active, Not Active
2026/07/20 01:00:05.821, 0, ${V100_GPU_0_UUID}, 00000000:01:00.0, 892, 877, 138.98, 150.00, 73, 76, 100, 10966, P0, Not Active, Not Active, Not Active
2026/07/20 01:00:05.827, 1, ${V100_GPU_1_UUID}, 00000000:02:00.0, 892, 877, 82.13, 150.00, 68, 71, 100, 11572, P0, Not Active, Not Active, Not Active
2026/07/20 01:00:05.921, 0, ${V100_GPU_0_UUID}, 00000000:01:00.0, 892, 877, 128.57, 150.00, 73, 75, 100, 10966, P0, Not Active, Not Active, Not Active
2026/07/20 01:00:05.928, 1, ${V100_GPU_1_UUID}, 00000000:02:00.0, 892, 877, 124.70, 150.00, 69, 71, 100, 11572, P0, Not Active, Not Active, Not Active
2026/07/20 01:00:06.026, 0, ${V100_GPU_0_UUID}, 00000000:01:00.0, 892, 877, 118.03, 150.00, 73, 77, 100, 10966, P0, Not Active, Not Active, Not Active
2026/07/20 01:00:06.032, 1, ${V100_GPU_1_UUID}, 00000000:02:00.0, 892, 877, 139.89, 150.00, 69, 72, 100, 11572, P0, Not Active, Not Active, Not Active
2026/07/20 01:00:06.125, 0, ${V100_GPU_0_UUID}, 00000000:01:00.0, 892, 877, 138.13, 150.00, 73, 76, 100, 10966, P0, Not Active, Not Active, Not Active
2026/07/20 01:00:06.131, 1, ${V100_GPU_1_UUID}, 00000000:02:00.0, 892, 877, 71.42, 150.00, 68, 72, 100, 11572, P0, Not Active, Not Active, Not Active
2026/07/20 01:00:06.225, 0, ${V100_GPU_0_UUID}, 00000000:01:00.0, 892, 877, 57.62, 150.00, 73, 76, 100, 10966, P0, Not Active, Not Active, Not Active
2026/07/20 01:00:06.231, 1, ${V100_GPU_1_UUID}, 00000000:02:00.0, 892, 877, 130.36, 150.00, 68, 68, 84, 11572, P0, Not Active, Not Active, Not Active
2026/07/20 01:00:06.328, 0, ${V100_GPU_0_UUID}, 00000000:01:00.0, 892, 877, 138.13, 150.00, 73, 75, 74, 10966, P0, Not Active, Not Active, Not Active
2026/07/20 01:00:06.333, 1, ${V100_GPU_1_UUID}, 00000000:02:00.0, 892, 877, 125.25, 150.00, 68, 71, 71, 11572, P0, Not Active, Not Active, Not Active
2026/07/20 01:00:06.432, 0, ${V100_GPU_0_UUID}, 00000000:01:00.0, 892, 877, 131.56, 150.00, 73, 76, 100, 10966, P0, Not Active, Not Active, Not Active
2026/07/20 01:00:06.438, 1, ${V100_GPU_1_UUID}, 00000000:02:00.0, 892, 877, 119.54, 150.00, 68, 71, 71, 11572, P0, Not Active, Not Active, Not Active
2026/07/20 01:00:06.529, 0, ${V100_GPU_0_UUID}, 00000000:01:00.0, 892, 877, 79.05, 150.00, 73, 77, 100, 10966, P0, Not Active, Not Active, Not Active
2026/07/20 01:00:06.535, 1, ${V100_GPU_1_UUID}, 00000000:02:00.0, 892, 877, 146.43, 150.00, 69, 72, 100, 11572, P0, Not Active, Not Active, Not Active
2026/07/20 01:00:06.631, 0, ${V100_GPU_0_UUID}, 00000000:01:00.0, 892, 877, 141.04, 150.00, 73, 76, 100, 10966, P0, Not Active, Not Active, Not Active
2026/07/20 01:00:06.747, 1, ${V100_GPU_1_UUID}, 00000000:02:00.0, 892, 877, 89.50, 150.00, 68, 71, 100, 11572, P0, Not Active, Not Active, Not Active
2026/07/20 01:00:06.829, 0, ${V100_GPU_0_UUID}, 00000000:01:00.0, 892, 877, 131.94, 150.00, 73, 76, 100, 10966, P0, Not Active, Not Active, Not Active
2026/07/20 01:00:06.847, 1, ${V100_GPU_1_UUID}, 00000000:02:00.0, 892, 877, 125.25, 150.00, 69, 72, 100, 11572, P0, Not Active, Not Active, Not Active
2026/07/20 01:00:06.934, 0, ${V100_GPU_0_UUID}, 00000000:01:00.0, 892, 877, 118.04, 150.00, 73, 77, 100, 10966, P0, Not Active, Not Active, Not Active
2026/07/20 01:00:06.949, 1, ${V100_GPU_1_UUID}, 00000000:02:00.0, 892, 877, 37.19, 150.00, 68, 70, 100, 11572, P0, Not Active, Not Active, Not Active
2026/07/20 01:00:07.035, 0, ${V100_GPU_0_UUID}, 00000000:01:00.0, 892, 877, 90.21, 150.00, 72, 75, 100, 10966, P0, Not Active, Not Active, Not Active
2026/07/20 01:00:07.041, 1, ${V100_GPU_1_UUID}, 00000000:02:00.0, 892, 877, 132.58, 150.00, 68, 69, 51, 11572, P0, Not Active, Not Active, Not Active
2026/07/20 01:00:07.134, 0, ${V100_GPU_0_UUID}, 00000000:01:00.0, 892, 877, 117.95, 150.00, 73, 76, 78, 10966, P0, Not Active, Not Active, Not Active
2026/07/20 01:00:07.148, 1, ${V100_GPU_1_UUID}, 00000000:02:00.0, 892, 877, 141.67, 150.00, 68, 70, 51, 11572, P0, Not Active, Not Active, Not Active
2026/07/20 01:00:07.236, 0, ${V100_GPU_0_UUID}, 00000000:01:00.0, 892, 877, 139.45, 150.00, 73, 76, 78, 10966, P0, Not Active, Not Active, Not Active
2026/07/20 01:00:07.251, 1, ${V100_GPU_1_UUID}, 00000000:02:00.0, 892, 877, 110.39, 150.00, 68, 71, 100, 11572, P0, Not Active, Not Active, Not Active
2026/07/20 01:00:07.333, 0, ${V100_GPU_0_UUID}, 00000000:01:00.0, 892, 877, 137.48, 150.00, 73, 76, 100, 10966, P0, Not Active, Not Active, Not Active
2026/07/20 01:00:07.351, 1, ${V100_GPU_1_UUID}, 00000000:02:00.0, 892, 877, 121.81, 150.00, 68, 71, 100, 11572, P0, Not Active, Not Active, Not Active
2026/07/20 01:00:07.437, 0, ${V100_GPU_0_UUID}, 00000000:01:00.0, 892, 877, 78.52, 150.00, 73, 77, 100, 10966, P0, Not Active, Not Active, Not Active
2026/07/20 01:00:07.452, 1, ${V100_GPU_1_UUID}, 00000000:02:00.0, 892, 877, 145.97, 150.00, 69, 71, 100, 11572, P0, Not Active, Not Active, Not Active
2026/07/20 01:00:07.540, 0, ${V100_GPU_0_UUID}, 00000000:01:00.0, 892, 877, 123.11, 150.00, 73, 76, 100, 10966, P0, Not Active, Not Active, Not Active
2026/07/20 01:00:07.552, 1, ${V100_GPU_1_UUID}, 00000000:02:00.0, 892, 877, 139.70, 150.00, 68, 71, 100, 11572, P0, Not Active, Not Active, Not Active
2026/07/20 01:00:07.639, 0, ${V100_GPU_0_UUID}, 00000000:01:00.0, 892, 877, 135.22, 150.00, 73, 76, 100, 10966, P0, Not Active, Not Active, Not Active
2026/07/20 01:00:07.654, 1, ${V100_GPU_1_UUID}, 00000000:02:00.0, 892, 877, 119.07, 150.00, 68, 71, 100, 11572, P0, Not Active, Not Active, Not Active
2026/07/20 01:00:07.741, 0, ${V100_GPU_0_UUID}, 00000000:01:00.0, 892, 877, 120.49, 150.00, 73, 75, 100, 10966, P0, Not Active, Not Active, Not Active
2026/07/20 01:00:07.753, 1, ${V100_GPU_1_UUID}, 00000000:02:00.0, 892, 877, 35.66, 150.00, 67, 69, 100, 11572, P0, Not Active, Not Active, Not Active
2026/07/20 01:00:07.836, 0, ${V100_GPU_0_UUID}, 00000000:01:00.0, 892, 877, 134.38, 150.00, 73, 75, 84, 10966, P0, Not Active, Not Active, Not Active
2026/07/20 01:00:07.857, 1, ${V100_GPU_1_UUID}, 00000000:02:00.0, 892, 877, 119.16, 150.00, 68, 71, 55, 11572, P0, Not Active, Not Active, Not Active
2026/07/20 01:00:07.962, 0, ${V100_GPU_0_UUID}, 00000000:01:00.0, 892, 877, 136.07, 150.00, 73, 76, 95, 10966, P0, Not Active, Not Active, Not Active
2026/07/20 01:00:07.976, 1, ${V100_GPU_1_UUID}, 00000000:02:00.0, 892, 877, 125.17, 150.00, 69, 71, 55, 11572, P0, Not Active, Not Active, Not Active
2026/07/20 01:00:08.062, 0, ${V100_GPU_0_UUID}, 00000000:01:00.0, 892, 877, 95.33, 150.00, 73, 77, 95, 10966, P0, Not Active, Not Active, Not Active
2026/07/20 01:00:08.076, 1, ${V100_GPU_1_UUID}, 00000000:02:00.0, 892, 877, 136.98, 150.00, 69, 71, 100, 11572, P0, Not Active, Not Active, Not Active
2026/07/20 01:00:08.165, 0, ${V100_GPU_0_UUID}, 00000000:01:00.0, 892, 877, 128.07, 150.00, 73, 76, 100, 10966, P0, Not Active, Not Active, Not Active
2026/07/20 01:00:08.180, 1, ${V100_GPU_1_UUID}, 00000000:02:00.0, 892, 877, 122.52, 150.00, 68, 72, 100, 11572, P0, Not Active, Not Active, Not Active
2026/07/20 01:00:08.262, 0, ${V100_GPU_0_UUID}, 00000000:01:00.0, 892, 877, 137.94, 150.00, 73, 76, 100, 10966, P0, Not Active, Not Active, Not Active
2026/07/20 01:00:08.280, 1, ${V100_GPU_1_UUID}, 00000000:02:00.0, 892, 877, 120.56, 150.00, 69, 71, 100, 11572, P0, Not Active, Not Active, Not Active
2026/07/20 01:00:08.371, 0, ${V100_GPU_0_UUID}, 00000000:01:00.0, 892, 877, 98.50, 150.00, 73, 77, 100, 10966, P0, Not Active, Not Active, Not Active
2026/07/20 01:00:08.377, 1, ${V100_GPU_1_UUID}, 00000000:02:00.0, 892, 877, 139.61, 150.00, 69, 71, 100, 11572, P0, Not Active, Not Active, Not Active
2026/07/20 01:00:08.466, 0, ${V100_GPU_0_UUID}, 00000000:01:00.0, 892, 877, 121.03, 150.00, 73, 77, 100, 10966, P0, Not Active, Not Active, Not Active
2026/07/20 01:00:08.482, 1, ${V100_GPU_1_UUID}, 00000000:02:00.0, 892, 877, 52.20, 150.00, 68, 72, 100, 11572, P0, Not Active, Not Active, Not Active
2026/07/20 01:00:08.565, 0, ${V100_GPU_0_UUID}, 00000000:01:00.0, 892, 877, 48.59, 150.00, 73, 75, 100, 10966, P0, Not Active, Not Active, Not Active
2026/07/20 01:00:08.572, 1, ${V100_GPU_1_UUID}, 00000000:02:00.0, 892, 877, 142.06, 150.00, 68, 69, 69, 11572, P0, Not Active, Not Active, Not Active
2026/07/20 01:00:08.670, 0, ${V100_GPU_0_UUID}, 00000000:01:00.0, 892, 877, 120.85, 150.00, 73, 76, 79, 10966, P0, Not Active, Not Active, Not Active
2026/07/20 01:00:08.683, 1, ${V100_GPU_1_UUID}, 00000000:02:00.0, 892, 877, 137.64, 150.00, 68, 71, 86, 11572, P0, Not Active, Not Active, Not Active
2026/07/20 01:00:08.769, 0, ${V100_GPU_0_UUID}, 00000000:01:00.0, 892, 877, 134.76, 150.00, 73, 76, 79, 10966, P0, Not Active, Not Active, Not Active
2026/07/20 01:00:08.785, 1, ${V100_GPU_1_UUID}, 00000000:02:00.0, 892, 877, 119.07, 150.00, 68, 71, 86, 11572, P0, Not Active, Not Active, Not Active
2026/07/20 01:00:08.869, 0, ${V100_GPU_0_UUID}, 00000000:01:00.0, 892, 877, 116.62, 150.00, 73, 77, 100, 10966, P0, Not Active, Not Active, Not Active
2026/07/20 01:00:08.883, 1, ${V100_GPU_1_UUID}, 00000000:02:00.0, 892, 877, 144.46, 150.00, 69, 72, 100, 11572, P0, Not Active, Not Active, Not Active
2026/07/20 01:00:08.972, 0, ${V100_GPU_0_UUID}, 00000000:01:00.0, 892, 877, 118.97, 150.00, 73, 77, 100, 10966, P0, Not Active, Not Active, Not Active
2026/07/20 01:00:08.985, 1, ${V100_GPU_1_UUID}, 00000000:02:00.0, 892, 877, 143.63, 150.00, 68, 72, 100, 11572, P0, Not Active, Not Active, Not Active
2026/07/20 01:00:09.071, 0, ${V100_GPU_0_UUID}, 00000000:01:00.0, 892, 877, 133.06, 150.00, 73, 76, 100, 10966, P0, Not Active, Not Active, Not Active
2026/07/20 01:00:09.087, 1, ${V100_GPU_1_UUID}, 00000000:02:00.0, 892, 877, 83.96, 150.00, 68, 72, 100, 11572, P0, Not Active, Not Active, Not Active
2026/07/20 01:00:09.172, 0, ${V100_GPU_0_UUID}, 00000000:01:00.0, 892, 877, 134.66, 150.00, 73, 76, 100, 10966, P0, Not Active, Not Active, Not Active
2026/07/20 01:00:09.187, 1, ${V100_GPU_1_UUID}, 00000000:02:00.0, 892, 877, 127.34, 150.00, 69, 72, 100, 11572, P0, Not Active, Not Active, Not Active
2026/07/20 01:00:09.277, 0, ${V100_GPU_0_UUID}, 00000000:01:00.0, 892, 877, 118.04, 150.00, 73, 77, 100, 10966, P0, Not Active, Not Active, Not Active
2026/07/20 01:00:09.291, 1, ${V100_GPU_1_UUID}, 00000000:02:00.0, 892, 877, 38.14, 150.00, 68, 72, 100, 11572, P0, Not Active, Not Active, Not Active
2026/07/20 01:00:09.373, 0, ${V100_GPU_0_UUID}, 00000000:01:00.0, 892, 877, 44.34, 150.00, 73, 75, 100, 10966, P0, Not Active, Not Active, Not Active
2026/07/20 01:00:09.379, 1, ${V100_GPU_1_UUID}, 00000000:02:00.0, 892, 877, 135.67, 150.00, 68, 70, 55, 11572, P0, Not Active, Not Active, Not Active
2026/07/20 01:00:09.476, 0, ${V100_GPU_0_UUID}, 00000000:01:00.0, 892, 877, 118.03, 150.00, 73, 76, 75, 10966, P0, Not Active, Not Active, Not Active
2026/07/20 01:00:09.490, 1, ${V100_GPU_1_UUID}, 00000000:02:00.0, 892, 877, 140.08, 150.00, 68, 71, 55, 11572, P0, Not Active, Not Active, Not Active
2026/07/20 01:00:09.582, 0, ${V100_GPU_0_UUID}, 00000000:01:00.0, 892, 877, 134.94, 150.00, 73, 76, 75, 10966, P0, Not Active, Not Active, Not Active
2026/07/20 01:00:09.591, 1, ${V100_GPU_1_UUID}, 00000000:02:00.0, 892, 877, 76.46, 150.00, 68, 72, 100, 11572, P0, Not Active, Not Active, Not Active
2026/07/20 01:00:09.675, 0, ${V100_GPU_0_UUID}, 00000000:01:00.0, 892, 877, 135.13, 150.00, 73, 76, 100, 10966, P0, Not Active, Not Active, Not Active
2026/07/20 01:00:09.691, 1, ${V100_GPU_1_UUID}, 00000000:02:00.0, 892, 877, 124.62, 150.00, 69, 72, 100, 11572, P0, Not Active, Not Active, Not Active
2026/07/20 01:00:09.778, 0, ${V100_GPU_0_UUID}, 00000000:01:00.0, 892, 877, 117.56, 150.00, 73, 77, 100, 10966, P0, Not Active, Not Active, Not Active
2026/07/20 01:00:09.792, 1, ${V100_GPU_1_UUID}, 00000000:02:00.0, 892, 877, 144.49, 150.00, 69, 72, 100, 11572, P0, Not Active, Not Active, Not Active
2026/07/20 01:00:09.883, 0, ${V100_GPU_0_UUID}, 00000000:01:00.0, 892, 877, 139.07, 150.00, 73, 76, 100, 10966, P0, Not Active, Not Active, Not Active
2026/07/20 01:00:09.896, 1, ${V100_GPU_1_UUID}, 00000000:02:00.0, 892, 877, 120.18, 150.00, 68, 72, 100, 11572, P0, Not Active, Not Active, Not Active
2026/07/20 01:00:09.980, 0, ${V100_GPU_0_UUID}, 00000000:01:00.0, 892, 877, 137.01, 150.00, 73, 76, 100, 10966, P0, Not Active, Not Active, Not Active
2026/07/20 01:00:09.995, 1, ${V100_GPU_1_UUID}, 00000000:02:00.0, 892, 877, 121.50, 150.00, 69, 71, 100, 11572, P0, Not Active, Not Active, Not Active
2026/07/20 01:00:10.080, 0, ${V100_GPU_0_UUID}, 00000000:01:00.0, 892, 877, 103.64, 150.00, 73, 77, 100, 10966, P0, Not Active, Not Active, Not Active
2026/07/20 01:00:10.096, 1, ${V100_GPU_1_UUID}, 00000000:02:00.0, 892, 877, 36.76, 150.00, 68, 72, 100, 11572, P0, Not Active, Not Active, Not Active
2026/07/20 01:00:10.179, 0, ${V100_GPU_0_UUID}, 00000000:01:00.0, 892, 877, 114.82, 150.00, 72, 75, 88, 10966, P0, Not Active, Not Active, Not Active
2026/07/20 01:00:10.196, 1, ${V100_GPU_1_UUID}, 00000000:02:00.0, 892, 877, 126.11, 150.00, 68, 70, 53, 11572, P0, Not Active, Not Active, Not Active
2026/07/20 01:00:10.282, 0, ${V100_GPU_0_UUID}, 00000000:01:00.0, 892, 877, 118.03, 150.00, 73, 75, 90, 10966, P0, Not Active, Not Active, Not Active
2026/07/20 01:00:10.318, 1, ${V100_GPU_1_UUID}, 00000000:02:00.0, 892, 877, 139.04, 150.00, 69, 71, 53, 11572, P0, Not Active, Not Active, Not Active
2026/07/20 01:00:10.408, 0, ${V100_GPU_0_UUID}, 00000000:01:00.0, 892, 877, 121.40, 150.00, 73, 77, 90, 10966, P0, Not Active, Not Active, Not Active
2026/07/20 01:00:10.418, 1, ${V100_GPU_1_UUID}, 00000000:02:00.0, 892, 877, 138.30, 150.00, 68, 72, 100, 11572, P0, Not Active, Not Active, Not Active
2026/07/20 01:00:10.503, 0, ${V100_GPU_0_UUID}, 00000000:01:00.0, 892, 877, 134.29, 150.00, 73, 76, 100, 10966, P0, Not Active, Not Active, Not Active
2026/07/20 01:00:10.520, 1, ${V100_GPU_1_UUID}, 00000000:02:00.0, 892, 877, 119.54, 150.00, 69, 71, 100, 11572, P0, Not Active, Not Active, Not Active
2026/07/20 01:00:10.606, 0, ${V100_GPU_0_UUID}, 00000000:01:00.0, 892, 877, 108.16, 150.00, 73, 77, 100, 10966, P0, Not Active, Not Active, Not Active
2026/07/20 01:00:10.615, 1, ${V100_GPU_1_UUID}, 00000000:02:00.0, 892, 877, 146.70, 150.00, 69, 72, 100, 11572, P0, Not Active, Not Active, Not Active
2026/07/20 01:00:10.706, 0, ${V100_GPU_0_UUID}, 00000000:01:00.0, 892, 877, 119.82, 150.00, 73, 77, 100, 10966, P0, Not Active, Not Active, Not Active
2026/07/20 01:00:10.721, 1, ${V100_GPU_1_UUID}, 00000000:02:00.0, 892, 877, 135.86, 150.00, 68, 72, 100, 11572, P0, Not Active, Not Active, Not Active
2026/07/20 01:00:10.808, 0, ${V100_GPU_0_UUID}, 00000000:01:00.0, 892, 877, 139.26, 150.00, 73, 76, 100, 10966, P0, Not Active, Not Active, Not Active
2026/07/20 01:00:10.823, 1, ${V100_GPU_1_UUID}, 00000000:02:00.0, 892, 877, 118.77, 150.00, 69, 72, 100, 11572, P0, Not Active, Not Active, Not Active
2026/07/20 01:00:10.906, 0, ${V100_GPU_0_UUID}, 00000000:01:00.0, 892, 877, 118.04, 150.00, 73, 75, 100, 10966, P0, Not Active, Not Active, Not Active
2026/07/20 01:00:10.923, 1, ${V100_GPU_1_UUID}, 00000000:02:00.0, 892, 877, 35.17, 150.00, 67, 72, 85, 11572, P0, Not Active, Not Active, Not Active
2026/07/20 01:00:11.006, 0, ${V100_GPU_0_UUID}, 00000000:01:00.0, 892, 877, 134.76, 150.00, 73, 75, 79, 10966, P0, Not Active, Not Active, Not Active
2026/07/20 01:00:11.025, 1, ${V100_GPU_1_UUID}, 00000000:02:00.0, 892, 877, 119.63, 150.00, 68, 70, 85, 11572, P0, Not Active, Not Active, Not Active
2026/07/20 01:00:11.113, 0, ${V100_GPU_0_UUID}, 00000000:01:00.0, 892, 877, 107.30, 150.00, 73, 77, 79, 10966, P0, Not Active, Not Active, Not Active
2026/07/20 01:00:11.120, 1, ${V100_GPU_1_UUID}, 00000000:02:00.0, 892, 877, 141.19, 150.00, 69, 71, 70, 11572, P0, Not Active, Not Active, Not Active
2026/07/20 01:00:11.211, 0, ${V100_GPU_0_UUID}, 00000000:01:00.0, 892, 877, 119.91, 150.00, 73, 77, 100, 10966, P0, Not Active, Not Active, Not Active
2026/07/20 01:00:11.226, 1, ${V100_GPU_1_UUID}, 00000000:02:00.0, 892, 877, 131.73, 150.00, 68, 72, 100, 11572, P0, Not Active, Not Active, Not Active
2026/07/20 01:00:11.310, 0, ${V100_GPU_0_UUID}, 00000000:01:00.0, 892, 877, 138.88, 150.00, 73, 76, 100, 10966, P0, Not Active, Not Active, Not Active
2026/07/20 01:00:11.329, 1, ${V100_GPU_1_UUID}, 00000000:02:00.0, 892, 877, 118.69, 150.00, 69, 72, 100, 11572, P0, Not Active, Not Active, Not Active
2026/07/20 01:00:11.415, 0, ${V100_GPU_0_UUID}, 00000000:01:00.0, 892, 877, 120.85, 150.00, 73, 75, 100, 10966, P0, Not Active, Not Active, Not Active
2026/07/20 01:00:11.425, 1, ${V100_GPU_1_UUID}, 00000000:02:00.0, 892, 877, 146.70, 150.00, 69, 72, 100, 11572, P0, Not Active, Not Active, Not Active
2026/07/20 01:00:11.515, 0, ${V100_GPU_0_UUID}, 00000000:01:00.0, 892, 877, 118.97, 150.00, 74, 77, 100, 10966, P0, Not Active, Not Active, Not Active
2026/07/20 01:00:11.529, 1, ${V100_GPU_1_UUID}, 00000000:02:00.0, 892, 877, 139.98, 150.00, 69, 72, 100, 11572, P0, Not Active, Not Active, Not Active
2026/07/20 01:00:11.621, 0, ${V100_GPU_0_UUID}, 00000000:01:00.0, 892, 877, 140.29, 150.00, 73, 76, 100, 10966, P0, Not Active, Not Active, Not Active
2026/07/20 01:00:11.631, 1, ${V100_GPU_1_UUID}, 00000000:02:00.0, 892, 877, 114.54, 150.00, 69, 72, 100, 11572, P0, Not Active, Not Active, Not Active
2026/07/20 01:00:11.716, 0, ${V100_GPU_0_UUID}, 00000000:01:00.0, 892, 877, 121.36, 150.00, 73, 76, 100, 10966, P0, Not Active, Not Active, Not Active
2026/07/20 01:00:11.733, 1, ${V100_GPU_1_UUID}, 00000000:02:00.0, 892, 877, 69.33, 150.00, 67, 70, 64, 11572, P0, Not Active, Not Active, Not Active
2026/07/20 01:00:11.820, 0, ${V100_GPU_0_UUID}, 00000000:01:00.0, 892, 877, 133.82, 150.00, 73, 75, 100, 10966, P0, Not Active, Not Active, Not Active
2026/07/20 01:00:11.832, 1, ${V100_GPU_1_UUID}, 00000000:02:00.0, 892, 877, 120.01, 150.00, 68, 71, 64, 11572, P0, Not Active, Not Active, Not Active
2026/07/20 01:00:11.915, 0, ${V100_GPU_0_UUID}, 00000000:01:00.0, 892, 877, 101.25, 150.00, 73, 76, 78, 10966, P0, Not Active, Not Active, Not Active
2026/07/20 01:00:11.927, 1, ${V100_GPU_1_UUID}, 00000000:02:00.0, 892, 877, 143.53, 150.00, 69, 71, 91, 11572, P0, Not Active, Not Active, Not Active
2026/07/20 01:00:12.019, 0, ${V100_GPU_0_UUID}, 00000000:01:00.0, 892, 877, 119.99, 150.00, 73, 77, 100, 10966, P0, Not Active, Not Active, Not Active
2026/07/20 01:00:12.033, 1, ${V100_GPU_1_UUID}, 00000000:02:00.0, 892, 877, 137.17, 150.00, 68, 72, 91, 11572, P0, Not Active, Not Active, Not Active
2026/07/20 01:00:12.117, 0, ${V100_GPU_0_UUID}, 00000000:01:00.0, 892, 877, 138.88, 150.00, 73, 76, 100, 10966, P0, Not Active, Not Active, Not Active
2026/07/20 01:00:12.135, 1, ${V100_GPU_1_UUID}, 00000000:02:00.0, 892, 877, 119.16, 150.00, 69, 72, 100, 11572, P0, Not Active, Not Active, Not Active
2026/07/20 01:00:12.219, 0, ${V100_GPU_0_UUID}, 00000000:01:00.0, 892, 877, 105.81, 150.00, 73, 76, 100, 10966, P0, Not Active, Not Active, Not Active
2026/07/20 01:00:12.230, 1, ${V100_GPU_1_UUID}, 00000000:02:00.0, 892, 877, 146.23, 150.00, 69, 71, 100, 11572, P0, Not Active, Not Active, Not Active
2026/07/20 01:00:12.321, 0, ${V100_GPU_0_UUID}, 00000000:01:00.0, 892, 877, 119.91, 150.00, 74, 77, 100, 10966, P0, Not Active, Not Active, Not Active
2026/07/20 01:00:12.336, 1, ${V100_GPU_1_UUID}, 00000000:02:00.0, 892, 877, 132.20, 150.00, 69, 72, 100, 11572, P0, Not Active, Not Active, Not Active
2026/07/20 01:00:12.422, 0, ${V100_GPU_0_UUID}, 00000000:01:00.0, 892, 877, 138.04, 150.00, 73, 76, 100, 10966, P0, Not Active, Not Active, Not Active
2026/07/20 01:00:12.439, 1, ${V100_GPU_1_UUID}, 00000000:02:00.0, 892, 877, 118.69, 150.00, 69, 72, 100, 11572, P0, Not Active, Not Active, Not Active
2026/07/20 01:00:12.523, 0, ${V100_GPU_0_UUID}, 00000000:01:00.0, 892, 877, 116.15, 150.00, 73, 76, 100, 10966, P0, Not Active, Not Active, Not Active
2026/07/20 01:00:12.535, 1, ${V100_GPU_1_UUID}, 00000000:02:00.0, 892, 877, 35.69, 150.00, 67, 72, 100, 11572, P0, Not Active, Not Active, Not Active
2026/07/20 01:00:12.618, 0, ${V100_GPU_0_UUID}, 00000000:01:00.0, 892, 877, 125.54, 150.00, 73, 75, 100, 10966, P0, Not Active, Not Active, Not Active
2026/07/20 01:00:12.624, 1, ${V100_GPU_1_UUID}, 00000000:02:00.0, 892, 877, 123.76, 150.00, 68, 70, 54, 11572, P0, Not Active, Not Active, Not Active
2026/07/20 01:00:12.705, 0, ${V100_GPU_0_UUID}, 00000000:01:00.0, 892, 877, 117.56, 150.00, 73, 77, 75, 10966, P0, Not Active, Not Active, Not Active
2026/07/20 01:00:12.721, 1, ${V100_GPU_1_UUID}, 00000000:02:00.0, 892, 877, 146.37, 150.00, 68, 71, 54, 11572, P0, Not Active, Not Active, Not Active
2026/07/20 01:00:12.807, 0, ${V100_GPU_0_UUID}, 00000000:01:00.0, 892, 877, 140.67, 150.00, 74, 76, 75, 10966, P0, Not Active, Not Active, Not Active
2026/07/20 01:00:12.823, 1, ${V100_GPU_1_UUID}, 00000000:02:00.0, 892, 877, 77.88, 150.00, 68, 71, 100, 11572, P0, Not Active, Not Active, Not Active
2026/07/20 01:00:12.906, 0, ${V100_GPU_0_UUID}, 00000000:01:00.0, 892, 877, 128.10, 150.00, 73, 76, 100, 10966, P0, Not Active, Not Active, Not Active
2026/07/20 01:00:12.924, 1, ${V100_GPU_1_UUID}, 00000000:02:00.0, 892, 877, 124.15, 150.00, 69, 71, 100, 11572, P0, Not Active, Not Active, Not Active
2026/07/20 01:00:13.009, 0, ${V100_GPU_0_UUID}, 00000000:01:00.0, 892, 877, 118.03, 150.00, 73, 77, 100, 10966, P0, Not Active, Not Active, Not Active
2026/07/20 01:00:13.025, 1, ${V100_GPU_1_UUID}, 00000000:02:00.0, 892, 877, 142.42, 150.00, 69, 71, 100, 11572, P0, Not Active, Not Active, Not Active
2026/07/20 01:00:13.110, 0, ${V100_GPU_0_UUID}, 00000000:01:00.0, 892, 877, 138.89, 150.00, 74, 76, 100, 10966, P0, Not Active, Not Active, Not Active
2026/07/20 01:00:13.128, 1, ${V100_GPU_1_UUID}, 00000000:02:00.0, 892, 877, 93.33, 150.00, 69, 71, 100, 11572, P0, Not Active, Not Active, Not Active
2026/07/20 01:00:13.210, 0, ${V100_GPU_0_UUID}, 00000000:01:00.0, 892, 877, 128.66, 150.00, 73, 76, 100, 10966, P0, Not Active, Not Active, Not Active
2026/07/20 01:00:13.226, 1, ${V100_GPU_1_UUID}, 00000000:02:00.0, 892, 877, 124.23, 150.00, 69, 72, 100, 11572, P0, Not Active, Not Active, Not Active
2026/07/20 01:00:13.311, 0, ${V100_GPU_0_UUID}, 00000000:01:00.0, 892, 877, 118.04, 150.00, 74, 77, 100, 10966, P0, Not Active, Not Active, Not Active
2026/07/20 01:00:13.327, 1, ${V100_GPU_1_UUID}, 00000000:02:00.0, 892, 877, 39.47, 150.00, 68, 72, 100, 11572, P0, Not Active, Not Active, Not Active
2026/07/20 01:00:13.411, 0, ${V100_GPU_0_UUID}, 00000000:01:00.0, 892, 877, 46.18, 150.00, 73, 75, 100, 10966, P0, Not Active, Not Active, Not Active
2026/07/20 01:00:13.419, 1, ${V100_GPU_1_UUID}, 00000000:02:00.0, 892, 877, 142.42, 150.00, 68, 70, 53, 11572, P0, Not Active, Not Active, Not Active
2026/07/20 01:00:13.513, 0, ${V100_GPU_0_UUID}, 00000000:01:00.0, 892, 877, 118.50, 150.00, 73, 77, 79, 10966, P0, Not Active, Not Active, Not Active
2026/07/20 01:00:13.530, 1, ${V100_GPU_1_UUID}, 00000000:02:00.0, 892, 877, 139.61, 150.00, 68, 72, 53, 11572, P0, Not Active, Not Active, Not Active
2026/07/20 01:00:13.616, 0, ${V100_GPU_0_UUID}, 00000000:01:00.0, 892, 877, 141.23, 150.00, 73, 76, 79, 10966, P0, Not Active, Not Active, Not Active
2026/07/20 01:00:13.631, 1, ${V100_GPU_1_UUID}, 00000000:02:00.0, 892, 877, 118.61, 150.00, 69, 71, 100, 11572, P0, Not Active, Not Active, Not Active
2026/07/20 01:00:13.715, 0, ${V100_GPU_0_UUID}, 00000000:01:00.0, 892, 877, 119.44, 150.00, 73, 75, 100, 10966, P0, Not Active, Not Active, Not Active
2026/07/20 01:00:13.728, 1, ${V100_GPU_1_UUID}, 00000000:02:00.0, 892, 877, 142.22, 150.00, 69, 72, 100, 11572, P0, Not Active, Not Active, Not Active
2026/07/20 01:00:13.818, 0, ${V100_GPU_0_UUID}, 00000000:01:00.0, 892, 877, 119.52, 150.00, 74, 77, 100, 10966, P0, Not Active, Not Active, Not Active
2026/07/20 01:00:13.832, 1, ${V100_GPU_1_UUID}, 00000000:02:00.0, 892, 877, 134.55, 150.00, 69, 72, 100, 11572, P0, Not Active, Not Active, Not Active
2026/07/20 01:00:13.918, 0, ${V100_GPU_0_UUID}, 00000000:01:00.0, 892, 877, 140.29, 150.00, 74, 76, 100, 10966, P0, Not Active, Not Active, Not Active
2026/07/20 01:00:13.935, 1, ${V100_GPU_1_UUID}, 00000000:02:00.0, 892, 877, 119.07, 150.00, 69, 72, 100, 11572, P0, Not Active, Not Active, Not Active
2026/07/20 01:00:14.019, 0, ${V100_GPU_0_UUID}, 00000000:01:00.0, 892, 877, 106.75, 150.00, 74, 76, 100, 10966, P0, Not Active, Not Active, Not Active
2026/07/20 01:00:14.030, 1, ${V100_GPU_1_UUID}, 00000000:02:00.0, 892, 877, 144.46, 150.00, 69, 72, 100, 11572, P0, Not Active, Not Active, Not Active
2026/07/20 01:00:14.121, 0, ${V100_GPU_0_UUID}, 00000000:01:00.0, 892, 877, 120.17, 150.00, 74, 77, 100, 10966, P0, Not Active, Not Active, Not Active
2026/07/20 01:00:14.135, 1, ${V100_GPU_1_UUID}, 00000000:02:00.0, 892, 877, 56.91, 150.00, 68, 72, 100, 11572, P0, Not Active, Not Active, Not Active
2026/07/20 01:00:14.217, 0, ${V100_GPU_0_UUID}, 00000000:01:00.0, 892, 877, 53.82, 150.00, 73, 76, 100, 10966, P0, Not Active, Not Active, Not Active
2026/07/20 01:00:14.224, 1, ${V100_GPU_1_UUID}, 00000000:02:00.0, 892, 877, 134.90, 150.00, 68, 69, 100, 11572, P0, Not Active, Not Active, Not Active
2026/07/20 01:00:14.308, 0, ${V100_GPU_0_UUID}, 00000000:01:00.0, 892, 877, 138.60, 150.00, 73, 76, 100, 10966, P0, Not Active, Not Active, Not Active
2026/07/20 01:00:14.318, 1, ${V100_GPU_1_UUID}, 00000000:02:00.0, 892, 877, 82.13, 150.00, 68, 71, 55, 11572, P0, Not Active, Not Active, Not Active
2026/07/20 01:00:14.402, 0, ${V100_GPU_0_UUID}, 00000000:01:00.0, 892, 877, 128.66, 150.00, 73, 76, 79, 10966, P0, Not Active, Not Active, Not Active
2026/07/20 01:00:14.418, 1, ${V100_GPU_1_UUID}, 00000000:02:00.0, 892, 877, 127.81, 150.00, 69, 71, 100, 11572, P0, Not Active, Not Active, Not Active
2026/07/20 01:00:14.504, 0, ${V100_GPU_0_UUID}, 00000000:01:00.0, 892, 877, 118.03, 150.00, 73, 77, 79, 10966, P0, Not Active, Not Active, Not Active
2026/07/20 01:00:14.519, 1, ${V100_GPU_1_UUID}, 00000000:02:00.0, 892, 877, 136.42, 150.00, 69, 71, 100, 11572, P0, Not Active, Not Active, Not Active
2026/07/20 01:00:14.605, 0, ${V100_GPU_0_UUID}, 00000000:01:00.0, 892, 877, 137.10, 150.00, 74, 76, 100, 10966, P0, Not Active, Not Active, Not Active
2026/07/20 01:00:14.621, 1, ${V100_GPU_1_UUID}, 00000000:02:00.0, 892, 877, 93.67, 150.00, 69, 71, 100, 11572, P0, Not Active, Not Active, Not Active
2026/07/20 01:00:14.704, 0, ${V100_GPU_0_UUID}, 00000000:01:00.0, 892, 877, 133.54, 150.00, 74, 76, 100, 10966, P0, Not Active, Not Active, Not Active
2026/07/20 01:00:14.721, 1, ${V100_GPU_1_UUID}, 00000000:02:00.0, 892, 877, 133.52, 150.00, 69, 71, 100, 11572, P0, Not Active, Not Active, Not Active
2026/07/20 01:00:14.809, 0, ${V100_GPU_0_UUID}, 00000000:01:00.0, 892, 877, 118.11, 150.00, 74, 77, 100, 10966, P0, Not Active, Not Active, Not Active
2026/07/20 01:00:14.821, 1, ${V100_GPU_1_UUID}, 00000000:02:00.0, 892, 877, 143.73, 150.00, 69, 72, 100, 11572, P0, Not Active, Not Active, Not Active
2026/07/20 01:00:14.908, 0, ${V100_GPU_0_UUID}, 00000000:01:00.0, 892, 877, 133.82, 150.00, 74, 77, 100, 10966, P0, Not Active, Not Active, Not Active
2026/07/20 01:00:14.925, 1, ${V100_GPU_1_UUID}, 00000000:02:00.0, 892, 877, 107.11, 150.00, 69, 72, 100, 11572, P0, Not Active, Not Active, Not Active
2026/07/20 01:00:15.009, 0, ${V100_GPU_0_UUID}, 00000000:01:00.0, 892, 877, 118.60, 150.00, 74, 75, 100, 10966, P0, Not Active, Not Active, Not Active
2026/07/20 01:00:15.022, 1, ${V100_GPU_1_UUID}, 00000000:02:00.0, 892, 877, 35.66, 150.00, 67, 72, 100, 11572, P0, Not Active, Not Active, Not Active
2026/07/20 01:00:15.104, 0, ${V100_GPU_0_UUID}, 00000000:01:00.0, 892, 877, 130.06, 150.00, 73, 75, 96, 10966, P0, Not Active, Not Active, Not Active
2026/07/20 01:00:15.110, 1, ${V100_GPU_1_UUID}, 00000000:02:00.0, 892, 877, 122.36, 150.00, 68, 70, 54, 11572, P0, Not Active, Not Active, Not Active
2026/07/20 01:00:15.192, 0, ${V100_GPU_0_UUID}, 00000000:01:00.0, 892, 877, 117.95, 150.00, 73, 77, 96, 10966, P0, Not Active, Not Active, Not Active
2026/07/20 01:00:15.205, 1, ${V100_GPU_1_UUID}, 00000000:02:00.0, 892, 877, 145.16, 150.00, 69, 72, 54, 11572, P0, Not Active, Not Active, Not Active
2026/07/20 01:00:15.293, 0, ${V100_GPU_0_UUID}, 00000000:01:00.0, 892, 877, 135.88, 150.00, 74, 77, 83, 10966, P0, Not Active, Not Active, Not Active
2026/07/20 01:00:15.307, 1, ${V100_GPU_1_UUID}, 00000000:02:00.0, 892, 877, 76.52, 150.00, 69, 72, 100, 11572, P0, Not Active, Not Active, Not Active
2026/07/20 01:00:15.393, 0, ${V100_GPU_0_UUID}, 00000000:01:00.0, 892, 877, 129.12, 150.00, 73, 76, 100, 10966, P0, Not Active, Not Active, Not Active
2026/07/20 01:00:15.407, 1, ${V100_GPU_1_UUID}, 00000000:02:00.0, 892, 877, 126.49, 150.00, 69, 72, 100, 11572, P0, Not Active, Not Active, Not Active
2026/07/20 01:00:15.495, 0, ${V100_GPU_0_UUID}, 00000000:01:00.0, 892, 877, 117.56, 150.00, 74, 77, 100, 10966, P0, Not Active, Not Active, Not Active
2026/07/20 01:00:15.507, 1, ${V100_GPU_1_UUID}, 00000000:02:00.0, 892, 877, 137.83, 150.00, 69, 72, 100, 11572, P0, Not Active, Not Active, Not Active
2026/07/20 01:00:15.596, 0, ${V100_GPU_0_UUID}, 00000000:01:00.0, 892, 877, 137.57, 150.00, 74, 77, 100, 10966, P0, Not Active, Not Active, Not Active
2026/07/20 01:00:15.610, 1, ${V100_GPU_1_UUID}, 00000000:02:00.0, 892, 877, 96.50, 150.00, 69, 72, 100, 11572, P0, Not Active, Not Active, Not Active
2026/07/20 01:00:15.695, 0, ${V100_GPU_0_UUID}, 00000000:01:00.0, 892, 877, 125.76, 150.00, 73, 76, 100, 10966, P0, Not Active, Not Active, Not Active
2026/07/20 01:00:15.709, 1, ${V100_GPU_1_UUID}, 00000000:02:00.0, 892, 877, 132.96, 150.00, 69, 71, 100, 11572, P0, Not Active, Not Active, Not Active
2026/07/20 01:00:15.797, 0, ${V100_GPU_0_UUID}, 00000000:01:00.0, 892, 877, 119.30, 150.00, 74, 77, 100, 10966, P0, Not Active, Not Active, Not Active
2026/07/20 01:00:15.812, 1, ${V100_GPU_1_UUID}, 00000000:02:00.0, 892, 877, 47.99, 150.00, 68, 72, 100, 11572, P0, Not Active, Not Active, Not Active
2026/07/20 01:00:15.893, 0, ${V100_GPU_0_UUID}, 00000000:01:00.0, 892, 877, 47.16, 150.00, 73, 76, 94, 10966, P0, Not Active, Not Active, Not Active
2026/07/20 01:00:15.901, 1, ${V100_GPU_1_UUID}, 00000000:02:00.0, 892, 877, 139.52, 150.00, 68, 70, 100, 11572, P0, Not Active, Not Active, Not Active
2026/07/20 01:00:16.000, 0, ${V100_GPU_0_UUID}, 00000000:01:00.0, 892, 877, 121.40, 150.00, 73, 76, 94, 10966, P0, Not Active, Not Active, Not Active
2026/07/20 01:00:16.014, 1, ${V100_GPU_1_UUID}, 00000000:02:00.0, 892, 877, 122.05, 150.00, 68, 71, 55, 11572, P0, Not Active, Not Active, Not Active
2026/07/20 01:00:16.097, 0, ${V100_GPU_0_UUID}, 00000000:01:00.0, 892, 877, 134.76, 150.00, 74, 76, 81, 10966, P0, Not Active, Not Active, Not Active
2026/07/20 01:00:16.115, 1, ${V100_GPU_1_UUID}, 00000000:02:00.0, 892, 877, 119.54, 150.00, 69, 71, 100, 11572, P0, Not Active, Not Active, Not Active
2026/07/20 01:00:16.201, 0, ${V100_GPU_0_UUID}, 00000000:01:00.0, 892, 877, 94.39, 150.00, 74, 77, 81, 10966, P0, Not Active, Not Active, Not Active
2026/07/20 01:00:16.214, 1, ${V100_GPU_1_UUID}, 00000000:02:00.0, 892, 877, 146.84, 150.00, 69, 71, 100, 11572, P0, Not Active, Not Active, Not Active
2026/07/20 01:00:16.304, 0, ${V100_GPU_0_UUID}, 00000000:01:00.0, 892, 877, 129.57, 150.00, 74, 77, 100, 10966, P0, Not Active, Not Active, Not Active
2026/07/20 01:00:16.316, 1, ${V100_GPU_1_UUID}, 00000000:02:00.0, 892, 877, 108.59, 150.00, 68, 71, 100, 11572, P0, Not Active, Not Active, Not Active
2026/07/20 01:00:16.398, 0, ${V100_GPU_0_UUID}, 00000000:01:00.0, 892, 877, 130.06, 150.00, 74, 76, 100, 10966, P0, Not Active, Not Active, Not Active
2026/07/20 01:00:16.404, 1, ${V100_GPU_1_UUID}, 00000000:02:00.0, 892, 877, 130.33, 150.00, 69, 72, 100, 11572, P0, Not Active, Not Active, Not Active
2026/07/20 01:00:16.486, 0, ${V100_GPU_0_UUID}, 00000000:01:00.0, 892, 877, 119.44, 150.00, 74, 77, 100, 10966, P0, Not Active, Not Active, Not Active
2026/07/20 01:00:16.499, 1, ${V100_GPU_1_UUID}, 00000000:02:00.0, 892, 877, 137.26, 150.00, 69, 72, 100, 11572, P0, Not Active, Not Active, Not Active
2026/07/20 01:00:16.583, 0, ${V100_GPU_0_UUID}, 00000000:01:00.0, 892, 877, 134.76, 150.00, 74, 76, 100, 10966, P0, Not Active, Not Active, Not Active
2026/07/20 01:00:16.600, 1, ${V100_GPU_1_UUID}, 00000000:02:00.0, 892, 877, 118.61, 150.00, 69, 72, 100, 11572, P0, Not Active, Not Active, Not Active
2026/07/20 01:00:16.683, 0, ${V100_GPU_0_UUID}, 00000000:01:00.0, 892, 877, 83.87, 150.00, 74, 76, 100, 10966, P0, Not Active, Not Active, Not Active
2026/07/20 01:00:16.698, 1, ${V100_GPU_1_UUID}, 00000000:02:00.0, 892, 877, 35.71, 150.00, 67, 72, 100, 11572, P0, Not Active, Not Active, Not Active
2026/07/20 01:00:16.781, 0, ${V100_GPU_0_UUID}, 00000000:01:00.0, 892, 877, 119.91, 150.00, 73, 75, 98, 10966, P0, Not Active, Not Active, Not Active
2026/07/20 01:00:16.788, 1, ${V100_GPU_1_UUID}, 00000000:02:00.0, 892, 877, 127.89, 150.00, 68, 70, 52, 11572, P0, Not Active, Not Active, Not Active
2026/07/20 01:00:16.871, 0, ${V100_GPU_0_UUID}, 00000000:01:00.0, 892, 877, 118.03, 150.00, 74, 77, 98, 10966, P0, Not Active, Not Active, Not Active
2026/07/20 01:00:16.881, 1, ${V100_GPU_1_UUID}, 00000000:02:00.0, 892, 877, 137.64, 150.00, 68, 72, 52, 11572, P0, Not Active, Not Active, Not Active
2026/07/20 01:00:16.968, 0, ${V100_GPU_0_UUID}, 00000000:01:00.0, 892, 877, 138.98, 150.00, 74, 77, 80, 10966, P0, Not Active, Not Active, Not Active
2026/07/20 01:00:16.983, 1, ${V100_GPU_1_UUID}, 00000000:02:00.0, 892, 877, 119.07, 150.00, 69, 72, 100, 11572, P0, Not Active, Not Active, Not Active
2026/07/20 01:00:17.067, 0, ${V100_GPU_0_UUID}, 00000000:01:00.0, 892, 877, 102.26, 150.00, 73, 76, 100, 10966, P0, Not Active, Not Active, Not Active
2026/07/20 01:00:17.078, 1, ${V100_GPU_1_UUID}, 00000000:02:00.0, 892, 877, 144.10, 150.00, 69, 71, 100, 11572, P0, Not Active, Not Active, Not Active
2026/07/20 01:00:17.169, 0, ${V100_GPU_0_UUID}, 00000000:01:00.0, 892, 877, 120.07, 150.00, 74, 77, 100, 10966, P0, Not Active, Not Active, Not Active
2026/07/20 01:00:17.184, 1, ${V100_GPU_1_UUID}, 00000000:02:00.0, 892, 877, 131.73, 150.00, 69, 72, 100, 11572, P0, Not Active, Not Active, Not Active
2026/07/20 01:00:17.269, 0, ${V100_GPU_0_UUID}, 00000000:01:00.0, 892, 877, 139.91, 150.00, 74, 77, 100, 10966, P0, Not Active, Not Active, Not Active
2026/07/20 01:00:17.286, 1, ${V100_GPU_1_UUID}, 00000000:02:00.0, 892, 877, 119.07, 150.00, 69, 71, 100, 11572, P0, Not Active, Not Active, Not Active
2026/07/20 01:00:17.372, 0, ${V100_GPU_0_UUID}, 00000000:01:00.0, 892, 877, 76.74, 150.00, 74, 78, 100, 10966, P0, Not Active, Not Active, Not Active
2026/07/20 01:00:17.385, 1, ${V100_GPU_1_UUID}, 00000000:02:00.0, 892, 877, 144.19, 150.00, 69, 72, 100, 11572, P0, Not Active, Not Active, Not Active
2026/07/20 01:00:17.474, 0, ${V100_GPU_0_UUID}, 00000000:01:00.0, 892, 877, 124.94, 150.00, 74, 77, 100, 10966, P0, Not Active, Not Active, Not Active
2026/07/20 01:00:17.489, 1, ${V100_GPU_1_UUID}, 00000000:02:00.0, 892, 877, 119.32, 150.00, 68, 72, 100, 11572, P0, Not Active, Not Active, Not Active
2026/07/20 01:00:17.570, 0, ${V100_GPU_0_UUID}, 00000000:01:00.0, 892, 877, 68.46, 150.00, 74, 76, 100, 10966, P0, Not Active, Not Active, Not Active
2026/07/20 01:00:17.586, 1, ${V100_GPU_1_UUID}, 00000000:02:00.0, 892, 877, 116.35, 150.00, 67, 72, 100, 11572, P0, Not Active, Not Active, Not Active
2026/07/20 01:00:17.668, 0, ${V100_GPU_0_UUID}, 00000000:01:00.0, 892, 877, 140.29, 150.00, 73, 76, 100, 10966, P0, Not Active, Not Active, Not Active
2026/07/20 01:00:17.675, 1, ${V100_GPU_1_UUID}, 00000000:02:00.0, 892, 877, 119.16, 150.00, 68, 71, 54, 11572, P0, Not Active, Not Active, Not Active
2026/07/20 01:00:17.758, 0, ${V100_GPU_0_UUID}, 00000000:01:00.0, 892, 877, 73.43, 150.00, 74, 77, 78, 10966, P0, Not Active, Not Active, Not Active
2026/07/20 01:00:17.766, 1, ${V100_GPU_1_UUID}, 00000000:02:00.0, 892, 877, 138.11, 150.00, 69, 72, 54, 11572, P0, Not Active, Not Active, Not Active
2026/07/20 01:00:17.855, 0, ${V100_GPU_0_UUID}, 00000000:01:00.0, 892, 877, 121.65, 150.00, 74, 77, 78, 10966, P0, Not Active, Not Active, Not Active
2026/07/20 01:00:17.871, 1, ${V100_GPU_1_UUID}, 00000000:02:00.0, 892, 877, 121.67, 150.00, 68, 72, 100, 11572, P0, Not Active, Not Active, Not Active
2026/07/20 01:00:17.954, 0, ${V100_GPU_0_UUID}, 00000000:01:00.0, 892, 877, 136.16, 150.00, 74, 77, 100, 10966, P0, Not Active, Not Active, Not Active
2026/07/20 01:00:17.973, 1, ${V100_GPU_1_UUID}, 00000000:02:00.0, 892, 877, 121.42, 150.00, 69, 71, 100, 11572, P0, Not Active, Not Active, Not Active
2026/07/20 01:00:18.056, 0, ${V100_GPU_0_UUID}, 00000000:01:00.0, 892, 877, 106.03, 150.00, 74, 78, 100, 10966, P0, Not Active, Not Active, Not Active
2026/07/20 01:00:18.072, 1, ${V100_GPU_1_UUID}, 00000000:02:00.0, 892, 877, 145.73, 150.00, 69, 72, 100, 11572, P0, Not Active, Not Active, Not Active
2026/07/20 01:00:18.157, 0, ${V100_GPU_0_UUID}, 00000000:01:00.0, 892, 877, 134.27, 150.00, 74, 77, 100, 10966, P0, Not Active, Not Active, Not Active
2026/07/20 01:00:18.174, 1, ${V100_GPU_1_UUID}, 00000000:02:00.0, 892, 877, 72.36, 150.00, 69, 72, 100, 11572, P0, Not Active, Not Active, Not Active
2026/07/20 01:00:18.258, 0, ${V100_GPU_0_UUID}, 00000000:01:00.0, 892, 877, 129.04, 150.00, 74, 76, 100, 10966, P0, Not Active, Not Active, Not Active
2026/07/20 01:00:18.274, 1, ${V100_GPU_1_UUID}, 00000000:02:00.0, 892, 877, 127.43, 150.00, 69, 72, 100, 11572, P0, Not Active, Not Active, Not Active
2026/07/20 01:00:18.359, 0, ${V100_GPU_0_UUID}, 00000000:01:00.0, 892, 877, 118.44, 150.00, 74, 77, 100, 10966, P0, Not Active, Not Active, Not Active
2026/07/20 01:00:18.375, 1, ${V100_GPU_1_UUID}, 00000000:02:00.0, 892, 877, 44.19, 150.00, 68, 72, 100, 11572, P0, Not Active, Not Active, Not Active
2026/07/20 01:00:18.459, 0, ${V100_GPU_0_UUID}, 00000000:01:00.0, 892, 877, 45.32, 150.00, 73, 76, 100, 10966, P0, Not Active, Not Active, Not Active
2026/07/20 01:00:18.466, 1, ${V100_GPU_1_UUID}, 00000000:02:00.0, 892, 877, 138.11, 150.00, 68, 69, 54, 11572, P0, Not Active, Not Active, Not Active
2026/07/20 01:00:18.561, 0, ${V100_GPU_0_UUID}, 00000000:01:00.0, 892, 877, 119.13, 150.00, 74, 77, 78, 10966, P0, Not Active, Not Active, Not Active
2026/07/20 01:00:18.577, 1, ${V100_GPU_1_UUID}, 00000000:02:00.0, 892, 877, 123.46, 150.00, 68, 72, 54, 11572, P0, Not Active, Not Active, Not Active
2026/07/20 01:00:18.661, 0, ${V100_GPU_0_UUID}, 00000000:01:00.0, 892, 877, 141.23, 150.00, 74, 76, 78, 10966, P0, Not Active, Not Active, Not Active
2026/07/20 01:00:18.679, 1, ${V100_GPU_1_UUID}, 00000000:02:00.0, 892, 877, 120.01, 150.00, 69, 71, 100, 11572, P0, Not Active, Not Active, Not Active
2026/07/20 01:00:18.762, 0, ${V100_GPU_0_UUID}, 00000000:01:00.0, 892, 877, 85.08, 150.00, 74, 78, 100, 10966, P0, Not Active, Not Active, Not Active
2026/07/20 01:00:18.779, 1, ${V100_GPU_1_UUID}, 00000000:02:00.0, 892, 877, 141.40, 150.00, 69, 72, 100, 11572, P0, Not Active, Not Active, Not Active
2026/07/20 01:00:18.864, 0, ${V100_GPU_0_UUID}, 00000000:01:00.0, 892, 877, 127.39, 150.00, 74, 77, 100, 10966, P0, Not Active, Not Active, Not Active
2026/07/20 01:00:18.882, 1, ${V100_GPU_1_UUID}, 00000000:02:00.0, 892, 877, 84.13, 150.00, 69, 72, 100, 11572, P0, Not Active, Not Active, Not Active
2026/07/20 01:00:18.964, 0, ${V100_GPU_0_UUID}, 00000000:01:00.0, 892, 877, 135.60, 150.00, 74, 77, 100, 10966, P0, Not Active, Not Active, Not Active
2026/07/20 01:00:18.982, 1, ${V100_GPU_1_UUID}, 00000000:02:00.0, 892, 877, 123.76, 150.00, 69, 71, 100, 11572, P0, Not Active, Not Active, Not Active
2026/07/20 01:00:19.067, 0, ${V100_GPU_0_UUID}, 00000000:01:00.0, 892, 877, 118.03, 150.00, 74, 78, 100, 10966, P0, Not Active, Not Active, Not Active
2026/07/20 01:00:19.082, 1, ${V100_GPU_1_UUID}, 00000000:02:00.0, 892, 877, 139.51, 150.00, 69, 72, 100, 11572, P0, Not Active, Not Active, Not Active
2026/07/20 01:00:19.166, 0, ${V100_GPU_0_UUID}, 00000000:01:00.0, 892, 877, 137.57, 150.00, 74, 77, 100, 10966, P0, Not Active, Not Active, Not Active
2026/07/20 01:00:19.184, 1, ${V100_GPU_1_UUID}, 00000000:02:00.0, 892, 877, 111.26, 150.00, 69, 72, 100, 11572, P0, Not Active, Not Active, Not Active
2026/07/20 01:00:19.268, 0, ${V100_GPU_0_UUID}, 00000000:01:00.0, 892, 877, 119.07, 150.00, 74, 76, 100, 10966, P0, Not Active, Not Active, Not Active
2026/07/20 01:00:19.282, 1, ${V100_GPU_1_UUID}, 00000000:02:00.0, 892, 877, 35.66, 150.00, 68, 70, 100, 11572, P0, Not Active, Not Active, Not Active
2026/07/20 01:00:19.366, 0, ${V100_GPU_0_UUID}, 00000000:01:00.0, 892, 877, 132.97, 150.00, 73, 75, 100, 10966, P0, Not Active, Not Active, Not Active
2026/07/20 01:00:19.373, 1, ${V100_GPU_1_UUID}, 00000000:02:00.0, 892, 877, 120.01, 150.00, 68, 71, 55, 11572, P0, Not Active, Not Active, Not Active
2026/07/20 01:00:19.469, 0, ${V100_GPU_0_UUID}, 00000000:01:00.0, 892, 877, 92.50, 150.00, 73, 77, 75, 10966, P0, Not Active, Not Active, Not Active
2026/07/20 01:00:19.485, 1, ${V100_GPU_1_UUID}, 00000000:02:00.0, 892, 877, 141.49, 150.00, 69, 72, 100, 11572, P0, Not Active, Not Active, Not Active
2026/07/20 01:00:19.570, 0, ${V100_GPU_0_UUID}, 00000000:01:00.0, 892, 877, 130.21, 150.00, 74, 77, 100, 10966, P0, Not Active, Not Active, Not Active
2026/07/20 01:00:19.589, 1, ${V100_GPU_1_UUID}, 00000000:02:00.0, 892, 877, 83.90, 150.00, 69, 72, 100, 11572, P0, Not Active, Not Active, Not Active
2026/07/20 01:00:19.672, 0, ${V100_GPU_0_UUID}, 00000000:01:00.0, 892, 877, 130.06, 150.00, 74, 76, 100, 10966, P0, Not Active, Not Active, Not Active
2026/07/20 01:00:19.688, 1, ${V100_GPU_1_UUID}, 00000000:02:00.0, 892, 877, 126.49, 150.00, 69, 71, 100, 11572, P0, Not Active, Not Active, Not Active
2026/07/20 01:00:19.772, 0, ${V100_GPU_0_UUID}, 00000000:01:00.0, 892, 877, 118.03, 150.00, 74, 77, 100, 10966, P0, Not Active, Not Active, Not Active
2026/07/20 01:00:19.789, 1, ${V100_GPU_1_UUID}, 00000000:02:00.0, 892, 877, 135.86, 150.00, 69, 72, 100, 11572, P0, Not Active, Not Active, Not Active
2026/07/20 01:00:19.874, 0, ${V100_GPU_0_UUID}, 00000000:01:00.0, 892, 877, 138.51, 150.00, 74, 77, 100, 10966, P0, Not Active, Not Active, Not Active
2026/07/20 01:00:19.891, 1, ${V100_GPU_1_UUID}, 00000000:02:00.0, 892, 877, 118.61, 150.00, 69, 72, 100, 11572, P0, Not Active, Not Active, Not Active
2026/07/20 01:00:19.974, 0, ${V100_GPU_0_UUID}, 00000000:01:00.0, 892, 877, 95.33, 150.00, 74, 78, 100, 10966, P0, Not Active, Not Active, Not Active
2026/07/20 01:00:19.987, 1, ${V100_GPU_1_UUID}, 00000000:02:00.0, 892, 877, 142.59, 150.00, 69, 71, 100, 11572, P0, Not Active, Not Active, Not Active
2026/07/20 01:00:20.076, 0, ${V100_GPU_0_UUID}, 00000000:01:00.0, 892, 877, 120.87, 150.00, 74, 77, 100, 10966, P0, Not Active, Not Active, Not Active
2026/07/20 01:00:20.092, 1, ${V100_GPU_1_UUID}, 00000000:02:00.0, 892, 877, 73.88, 150.00, 69, 72, 100, 11572, P0, Not Active, Not Active, Not Active
2026/07/20 01:00:20.175, 0, ${V100_GPU_0_UUID}, 00000000:01:00.0, 892, 877, 61.85, 150.00, 74, 76, 100, 10966, P0, Not Active, Not Active, Not Active
2026/07/20 01:00:20.188, 1, ${V100_GPU_1_UUID}, 00000000:02:00.0, 892, 877, 131.13, 150.00, 67, 70, 65, 11572, P0, Not Active, Not Active, Not Active
2026/07/20 01:00:20.274, 0, ${V100_GPU_0_UUID}, 00000000:01:00.0, 892, 877, 137.19, 150.00, 74, 76, 79, 10966, P0, Not Active, Not Active, Not Active
2026/07/20 01:00:20.281, 1, ${V100_GPU_1_UUID}, 00000000:02:00.0, 892, 877, 119.07, 150.00, 68, 71, 65, 11572, P0, Not Active, Not Active, Not Active
2026/07/20 01:00:20.363, 0, ${V100_GPU_0_UUID}, 00000000:01:00.0, 892, 877, 96.28, 150.00, 74, 76, 79, 10966, P0, Not Active, Not Active, Not Active
2026/07/20 01:00:20.371, 1, ${V100_GPU_1_UUID}, 00000000:02:00.0, 892, 877, 136.70, 150.00, 69, 72, 87, 11572, P0, Not Active, Not Active, Not Active
2026/07/20 01:00:20.460, 0, ${V100_GPU_0_UUID}, 00000000:01:00.0, 892, 877, 120.23, 150.00, 74, 77, 100, 10966, P0, Not Active, Not Active, Not Active
2026/07/20 01:00:20.476, 1, ${V100_GPU_1_UUID}, 00000000:02:00.0, 892, 877, 116.89, 150.00, 68, 72, 87, 11572, P0, Not Active, Not Active, Not Active
2026/07/20 01:00:20.559, 0, ${V100_GPU_0_UUID}, 00000000:01:00.0, 892, 877, 134.66, 150.00, 74, 77, 100, 10966, P0, Not Active, Not Active, Not Active
2026/07/20 01:00:20.579, 1, ${V100_GPU_1_UUID}, 00000000:02:00.0, 892, 877, 121.81, 150.00, 69, 72, 100, 11572, P0, Not Active, Not Active, Not Active
2026/07/20 01:00:20.661, 0, ${V100_GPU_0_UUID}, 00000000:01:00.0, 892, 877, 118.11, 150.00, 74, 78, 100, 10966, P0, Not Active, Not Active, Not Active
2026/07/20 01:00:20.677, 1, ${V100_GPU_1_UUID}, 00000000:02:00.0, 892, 877, 145.06, 150.00, 69, 72, 100, 11572, P0, Not Active, Not Active, Not Active
2026/07/20 01:00:20.763, 0, ${V100_GPU_0_UUID}, 00000000:01:00.0, 892, 877, 138.04, 150.00, 74, 77, 100, 10966, P0, Not Active, Not Active, Not Active
2026/07/20 01:00:20.780, 1, ${V100_GPU_1_UUID}, 00000000:02:00.0, 892, 877, 90.03, 150.00, 69, 72, 100, 11572, P0, Not Active, Not Active, Not Active
2026/07/20 01:00:20.862, 0, ${V100_GPU_0_UUID}, 00000000:01:00.0, 892, 877, 129.04, 150.00, 74, 77, 100, 10966, P0, Not Active, Not Active, Not Active
2026/07/20 01:00:20.879, 1, ${V100_GPU_1_UUID}, 00000000:02:00.0, 892, 877, 133.99, 150.00, 69, 72, 100, 11572, P0, Not Active, Not Active, Not Active
2026/07/20 01:00:20.965, 0, ${V100_GPU_0_UUID}, 00000000:01:00.0, 892, 877, 119.22, 150.00, 74, 77, 100, 10966, P0, Not Active, Not Active, Not Active
2026/07/20 01:00:20.983, 1, ${V100_GPU_1_UUID}, 00000000:02:00.0, 892, 877, 52.68, 150.00, 68, 72, 100, 11572, P0, Not Active, Not Active, Not Active
2026/07/20 01:00:21.065, 0, ${V100_GPU_0_UUID}, 00000000:01:00.0, 892, 877, 51.44, 150.00, 73, 76, 100, 10966, P0, Not Active, Not Active, Not Active
2026/07/20 01:00:21.072, 1, ${V100_GPU_1_UUID}, 00000000:02:00.0, 892, 877, 138.67, 150.00, 68, 69, 87, 11572, P0, Not Active, Not Active, Not Active
2026/07/20 01:00:21.167, 0, ${V100_GPU_0_UUID}, 00000000:01:00.0, 892, 877, 122.37, 150.00, 74, 77, 78, 10966, P0, Not Active, Not Active, Not Active
2026/07/20 01:00:21.185, 1, ${V100_GPU_1_UUID}, 00000000:02:00.0, 892, 877, 96.63, 150.00, 68, 72, 68, 11572, P0, Not Active, Not Active, Not Active
2026/07/20 01:00:21.267, 0, ${V100_GPU_0_UUID}, 00000000:01:00.0, 892, 877, 138.98, 150.00, 74, 76, 100, 10966, P0, Not Active, Not Active, Not Active
2026/07/20 01:00:21.285, 1, ${V100_GPU_1_UUID}, 00000000:02:00.0, 892, 877, 123.68, 150.00, 69, 71, 68, 11572, P0, Not Active, Not Active, Not Active
2026/07/20 01:00:21.368, 0, ${V100_GPU_0_UUID}, 00000000:01:00.0, 892, 877, 118.03, 150.00, 74, 78, 100, 10966, P0, Not Active, Not Active, Not Active
2026/07/20 01:00:21.385, 1, ${V100_GPU_1_UUID}, 00000000:02:00.0, 892, 877, 142.89, 150.00, 69, 72, 100, 11572, P0, Not Active, Not Active, Not Active
2026/07/20 01:00:21.471, 0, ${V100_GPU_0_UUID}, 00000000:01:00.0, 892, 877, 137.57, 150.00, 74, 77, 100, 10966, P0, Not Active, Not Active, Not Active
2026/07/20 01:00:21.487, 1, ${V100_GPU_1_UUID}, 00000000:02:00.0, 892, 877, 118.99, 150.00, 69, 72, 100, 11572, P0, Not Active, Not Active, Not Active
2026/07/20 01:00:21.570, 0, ${V100_GPU_0_UUID}, 00000000:01:00.0, 892, 877, 102.19, 150.00, 74, 78, 100, 10966, P0, Not Active, Not Active, Not Active
2026/07/20 01:00:21.582, 1, ${V100_GPU_1_UUID}, 00000000:02:00.0, 892, 877, 145.77, 150.00, 69, 71, 100, 11572, P0, Not Active, Not Active, Not Active
2026/07/20 01:00:21.673, 0, ${V100_GPU_0_UUID}, 00000000:01:00.0, 892, 877, 120.07, 150.00, 74, 77, 100, 10966, P0, Not Active, Not Active, Not Active
2026/07/20 01:00:21.690, 1, ${V100_GPU_1_UUID}, 00000000:02:00.0, 892, 877, 122.91, 150.00, 68, 72, 100, 11572, P0, Not Active, Not Active, Not Active
2026/07/20 01:00:21.771, 0, ${V100_GPU_0_UUID}, 00000000:01:00.0, 892, 877, 137.10, 150.00, 74, 77, 100, 10966, P0, Not Active, Not Active, Not Active
2026/07/20 01:00:21.791, 1, ${V100_GPU_1_UUID}, 00000000:02:00.0, 892, 877, 120.56, 150.00, 69, 72, 100, 11572, P0, Not Active, Not Active, Not Active
2026/07/20 01:00:21.874, 0, ${V100_GPU_0_UUID}, 00000000:01:00.0, 892, 877, 111.09, 150.00, 74, 78, 100, 10966, P0, Not Active, Not Active, Not Active
2026/07/20 01:00:21.890, 1, ${V100_GPU_1_UUID}, 00000000:02:00.0, 892, 877, 38.17, 150.00, 68, 72, 100, 11572, P0, Not Active, Not Active, Not Active
2026/07/20 01:00:21.972, 0, ${V100_GPU_0_UUID}, 00000000:01:00.0, 892, 877, 62.68, 150.00, 73, 76, 89, 10966, P0, Not Active, Not Active, Not Active
2026/07/20 01:00:21.979, 1, ${V100_GPU_1_UUID}, 00000000:02:00.0, 892, 877, 132.67, 150.00, 68, 70, 100, 11572, P0, Not Active, Not Active, Not Active
2026/07/20 01:00:22.076, 0, ${V100_GPU_0_UUID}, 00000000:01:00.0, 892, 877, 118.11, 150.00, 74, 77, 89, 10966, P0, Not Active, Not Active, Not Active
2026/07/20 01:00:22.092, 1, ${V100_GPU_1_UUID}, 00000000:02:00.0, 892, 877, 137.26, 150.00, 68, 72, 54, 11572, P0, Not Active, Not Active, Not Active
2026/07/20 01:00:22.176, 0, ${V100_GPU_0_UUID}, 00000000:01:00.0, 892, 877, 137.94, 150.00, 74, 77, 89, 10966, P0, Not Active, Not Active, Not Active
2026/07/20 01:00:22.196, 1, ${V100_GPU_1_UUID}, 00000000:02:00.0, 892, 877, 119.63, 150.00, 69, 72, 100, 11572, P0, Not Active, Not Active, Not Active
2026/07/20 01:00:22.279, 0, ${V100_GPU_0_UUID}, 00000000:01:00.0, 892, 877, 75.32, 150.00, 74, 78, 100, 10966, P0, Not Active, Not Active, Not Active
2026/07/20 01:00:22.293, 1, ${V100_GPU_1_UUID}, 00000000:02:00.0, 892, 877, 142.71, 150.00, 69, 71, 100, 11572, P0, Not Active, Not Active, Not Active
2026/07/20 01:00:22.379, 0, ${V100_GPU_0_UUID}, 00000000:01:00.0, 892, 877, 124.64, 150.00, 74, 77, 100, 10966, P0, Not Active, Not Active, Not Active
2026/07/20 01:00:22.397, 1, ${V100_GPU_1_UUID}, 00000000:02:00.0, 892, 877, 80.29, 150.00, 68, 72, 100, 11572, P0, Not Active, Not Active, Not Active
2026/07/20 01:00:22.480, 0, ${V100_GPU_0_UUID}, 00000000:01:00.0, 892, 877, 131.47, 150.00, 74, 76, 100, 10966, P0, Not Active, Not Active, Not Active
2026/07/20 01:00:22.497, 1, ${V100_GPU_1_UUID}, 00000000:02:00.0, 892, 877, 125.47, 150.00, 69, 72, 100, 11572, P0, Not Active, Not Active, Not Active
2026/07/20 01:00:22.580, 0, ${V100_GPU_0_UUID}, 00000000:01:00.0, 892, 877, 118.03, 150.00, 74, 78, 100, 10966, P0, Not Active, Not Active, Not Active
2026/07/20 01:00:22.598, 1, ${V100_GPU_1_UUID}, 00000000:02:00.0, 892, 877, 139.98, 150.00, 69, 72, 100, 11572, P0, Not Active, Not Active, Not Active
2026/07/20 01:00:22.682, 0, ${V100_GPU_0_UUID}, 00000000:01:00.0, 892, 877, 140.85, 150.00, 74, 77, 100, 10966, P0, Not Active, Not Active, Not Active
2026/07/20 01:00:22.700, 1, ${V100_GPU_1_UUID}, 00000000:02:00.0, 892, 877, 118.61, 150.00, 69, 72, 100, 11572, P0, Not Active, Not Active, Not Active
2026/07/20 01:00:22.783, 0, ${V100_GPU_0_UUID}, 00000000:01:00.0, 892, 877, 78.26, 150.00, 74, 78, 100, 10966, P0, Not Active, Not Active, Not Active
2026/07/20 01:00:22.797, 1, ${V100_GPU_1_UUID}, 00000000:02:00.0, 892, 877, 36.21, 150.00, 68, 72, 100, 11572, P0, Not Active, Not Active, Not Active
2026/07/20 01:00:22.879, 0, ${V100_GPU_0_UUID}, 00000000:01:00.0, 892, 877, 40.54, 150.00, 73, 76, 100, 10966, P0, Not Active, Not Active, Not Active
2026/07/20 01:00:22.887, 1, ${V100_GPU_1_UUID}, 00000000:02:00.0, 892, 877, 122.97, 150.00, 68, 70, 54, 11572, P0, Not Active, Not Active, Not Active
2026/07/20 01:00:22.983, 0, ${V100_GPU_0_UUID}, 00000000:01:00.0, 892, 877, 39.59, 150.00, 72, 72, 17, 10966, P0, Not Active, Not Active, Not Active
2026/07/20 01:00:22.990, 1, ${V100_GPU_1_UUID}, 00000000:02:00.0, 892, 877, 134.99, 150.00, 69, 71, 54, 11572, P0, Not Active, Not Active, Not Active
2026/07/20 01:00:23.085, 0, ${V100_GPU_0_UUID}, 00000000:01:00.0, 892, 877, 39.19, 150.00, 72, 72, 17, 10966, P0, Not Active, Not Active, Not Active
2026/07/20 01:00:23.090, 1, ${V100_GPU_1_UUID}, 00000000:02:00.0, 892, 877, 118.79, 150.00, 69, 72, 100, 11572, P0, Not Active, Not Active, Not Active
2026/07/20 01:00:23.183, 0, ${V100_GPU_0_UUID}, 00000000:01:00.0, 892, 877, 39.11, 150.00, 72, 71, 0, 10966, P0, Not Active, Not Active, Not Active
2026/07/20 01:00:23.190, 1, ${V100_GPU_1_UUID}, 00000000:02:00.0, 892, 877, 143.39, 150.00, 69, 72, 100, 11572, P0, Not Active, Not Active, Not Active
2026/07/20 01:00:23.286, 0, ${V100_GPU_0_UUID}, 00000000:01:00.0, 892, 877, 39.35, 150.00, 71, 71, 0, 10966, P0, Not Active, Not Active, Not Active
2026/07/20 01:00:23.292, 1, ${V100_GPU_1_UUID}, 00000000:02:00.0, 892, 877, 98.23, 150.00, 68, 72, 100, 11572, P0, Not Active, Not Active, Not Active
2026/07/20 01:00:23.379, 0, ${V100_GPU_0_UUID}, 00000000:01:00.0, 892, 877, 39.11, 150.00, 71, 71, 0, 10966, P0, Not Active, Not Active, Not Active
2026/07/20 01:00:23.384, 1, ${V100_GPU_1_UUID}, 00000000:02:00.0, 892, 877, 130.45, 150.00, 69, 71, 100, 11572, P0, Not Active, Not Active, Not Active
2026/07/20 01:00:23.469, 0, ${V100_GPU_0_UUID}, 00000000:01:00.0, 892, 877, 38.71, 150.00, 71, 71, 0, 10966, P0, Not Active, Not Active, Not Active
2026/07/20 01:00:23.474, 1, ${V100_GPU_1_UUID}, 00000000:02:00.0, 892, 877, 135.56, 150.00, 69, 72, 100, 11572, P0, Not Active, Not Active, Not Active
2026/07/20 01:00:23.568, 0, ${V100_GPU_0_UUID}, 00000000:01:00.0, 892, 877, 38.69, 150.00, 71, 71, 0, 10966, P0, Not Active, Not Active, Not Active
2026/07/20 01:00:23.574, 1, ${V100_GPU_1_UUID}, 00000000:02:00.0, 892, 877, 119.27, 150.00, 69, 72, 100, 11572, P0, Not Active, Not Active, Not Active
2026/07/20 01:00:23.673, 0, ${V100_GPU_0_UUID}, 00000000:01:00.0, 892, 877, 39.93, 150.00, 71, 71, 0, 10374, P0, Not Active, Not Active, Not Active
2026/07/20 01:00:23.680, 1, ${V100_GPU_1_UUID}, 00000000:02:00.0, 892, 877, 39.76, 150.00, 68, 73, 93, 10568, P0, Not Active, Not Active, Not Active
2026/07/20 01:00:23.764, 0, ${V100_GPU_0_UUID}, 00000000:01:00.0, 892, 877, 40.44, 150.00, 71, 70, 0, 354, P0, Not Active, Not Active, Not Active
2026/07/20 01:00:23.771, 1, ${V100_GPU_1_UUID}, 00000000:02:00.0, 892, 877, 36.91, 150.00, 67, 68, 93, 354, P0, Not Active, Not Active, Not Active
2026/07/20 01:00:23.855, 0, ${V100_GPU_0_UUID}, 00000000:01:00.0, 892, 877, 40.44, 150.00, 71, 70, 77, 354, P0, Not Active, Not Active, Not Active
2026/07/20 01:00:23.861, 1, ${V100_GPU_1_UUID}, 00000000:02:00.0, 892, 877, 36.91, 150.00, 67, 67, 100, 354, P0, Not Active, Not Active, Not Active
2026/07/20 01:00:23.969, 0, ${V100_GPU_0_UUID}, 00000000:01:00.0, 892, 877, 40.44, 150.00, 71, 70, 100, 354, P0, Not Active, Not Active, Not Active
2026/07/20 01:00:23.977, 1, ${V100_GPU_1_UUID}, 00000000:02:00.0, 892, 877, 36.43, 150.00, 66, 66, 100, 354, P0, Not Active, Not Active, Not Active
2026/07/20 01:00:24.076, 0, ${V100_GPU_0_UUID}, 00000000:01:00.0, 892, 877, 40.44, 150.00, 71, 70, 100, 354, P0, Not Active, Not Active, Not Active
2026/07/20 01:00:24.086, 1, ${V100_GPU_1_UUID}, 00000000:02:00.0, 892, 877, 36.46, 150.00, 66, 66, 100, 354, P0, Not Active, Not Active, Not Active
2026/07/20 01:00:24.188, 0, ${V100_GPU_0_UUID}, 00000000:01:00.0, 892, 877, 38.55, 150.00, 70, 70, 100, 354, P0, Not Active, Not Active, Not Active
2026/07/20 01:00:24.200, 1, ${V100_GPU_1_UUID}, 00000000:02:00.0, 892, 877, 34.54, 150.00, 66, 66, 74, 354, P0, Not Active, Not Active, Not Active
2026/07/20 01:00:24.304, 0, ${V100_GPU_0_UUID}, 00000000:01:00.0, 892, 877, 38.55, 150.00, 70, 70, 6, 354, P0, Not Active, Not Active, Not Active
2026/07/20 01:00:24.316, 1, ${V100_GPU_1_UUID}, 00000000:02:00.0, 892, 877, 34.54, 150.00, 66, 66, 74, 354, P0, Not Active, Not Active, Not Active
2026/07/20 01:00:24.404, 0, ${V100_GPU_0_UUID}, 00000000:01:00.0, 892, 877, 38.55, 150.00, 70, 70, 6, 354, P0, Not Active, Not Active, Not Active
2026/07/20 01:00:24.410, 1, ${V100_GPU_1_UUID}, 00000000:02:00.0, 892, 877, 34.54, 150.00, 66, 65, 0, 354, P0, Not Active, Not Active, Not Active
2026/07/20 01:00:24.518, 0, ${V100_GPU_0_UUID}, 00000000:01:00.0, 892, 877, 38.55, 150.00, 70, 70, 0, 354, P0, Not Active, Not Active, Not Active
2026/07/20 01:00:24.527, 1, ${V100_GPU_1_UUID}, 00000000:02:00.0, 892, 877, 34.54, 150.00, 65, 65, 0, 354, P0, Not Active, Not Active, Not Active
2026/07/20 01:00:24.613, 0, ${V100_GPU_0_UUID}, 00000000:01:00.0, 892, 877, 38.52, 150.00, 70, 70, 0, 354, P0, Not Active, Not Active, Not Active
2026/07/20 01:00:24.619, 1, ${V100_GPU_1_UUID}, 00000000:02:00.0, 892, 877, 34.54, 150.00, 65, 65, 0, 354, P0, Not Active, Not Active, Not Active
2026/07/20 01:00:24.722, 0, ${V100_GPU_0_UUID}, 00000000:01:00.0, 892, 877, 38.55, 150.00, 70, 70, 0, 354, P0, Not Active, Not Active, Not Active
2026/07/20 01:00:24.733, 1, ${V100_GPU_1_UUID}, 00000000:02:00.0, 892, 877, 34.54, 150.00, 65, 65, 0, 354, P0, Not Active, Not Active, Not Active
2026/07/20 01:00:24.820, 0, ${V100_GPU_0_UUID}, 00000000:01:00.0, 892, 877, 38.52, 150.00, 70, 70, 0, 354, P0, Not Active, Not Active, Not Active
2026/07/20 01:00:24.825, 1, ${V100_GPU_1_UUID}, 00000000:02:00.0, 892, 877, 34.54, 150.00, 65, 65, 0, 354, P0, Not Active, Not Active, Not Active
2026/07/20 01:00:24.922, 0, ${V100_GPU_0_UUID}, 00000000:01:00.0, 892, 877, 38.55, 150.00, 70, 70, 0, 354, P0, Not Active, Not Active, Not Active
2026/07/20 01:00:24.934, 1, ${V100_GPU_1_UUID}, 00000000:02:00.0, 892, 877, 34.06, 150.00, 65, 65, 0, 354, P0, Not Active, Not Active, Not Active
2026/07/20 01:00:25.040, 0, ${V100_GPU_0_UUID}, 00000000:01:00.0, 892, 877, 38.55, 150.00, 70, 70, 0, 354, P0, Not Active, Not Active, Not Active
2026/07/20 01:00:25.052, 1, ${V100_GPU_1_UUID}, 00000000:02:00.0, 892, 877, 34.06, 150.00, 65, 65, 0, 354, P0, Not Active, Not Active, Not Active
2026/07/20 01:00:25.161, 0, ${V100_GPU_0_UUID}, 00000000:01:00.0, 892, 877, 38.55, 150.00, 70, 69, 0, 354, P0, Not Active, Not Active, Not Active
2026/07/20 01:00:25.170, 1, ${V100_GPU_1_UUID}, 00000000:02:00.0, 892, 877, 34.06, 150.00, 65, 65, 0, 354, P0, Not Active, Not Active, Not Active
2026/07/20 01:00:25.261, 0, ${V100_GPU_0_UUID}, 00000000:01:00.0, 892, 877, 38.52, 150.00, 70, 69, 0, 354, P0, Not Active, Not Active, Not Active
2026/07/20 01:00:25.267, 1, ${V100_GPU_1_UUID}, 00000000:02:00.0, 892, 877, 34.03, 150.00, 65, 64, 0, 354, P0, Not Active, Not Active, Not Active
2026/07/20 01:00:25.350, 0, ${V100_GPU_0_UUID}, 00000000:01:00.0, 892, 877, 38.52, 150.00, 70, 69, 0, 354, P0, Not Active, Not Active, Not Active
2026/07/20 01:00:25.356, 1, ${V100_GPU_1_UUID}, 00000000:02:00.0, 892, 877, 34.03, 150.00, 65, 64, 0, 354, P0, Not Active, Not Active, Not Active
2026/07/20 01:00:25.439, 0, ${V100_GPU_0_UUID}, 00000000:01:00.0, 892, 877, 38.04, 150.00, 70, 69, 0, 354, P0, Not Active, Not Active, Not Active
2026/07/20 01:00:25.444, 1, ${V100_GPU_1_UUID}, 00000000:02:00.0, 892, 877, 34.03, 150.00, 65, 64, 0, 354, P0, Not Active, Not Active, Not Active
2026/07/20 01:00:25.527, 0, ${V100_GPU_0_UUID}, 00000000:01:00.0, 892, 877, 38.04, 150.00, 70, 69, 0, 354, P0, Not Active, Not Active, Not Active
2026/07/20 01:00:25.533, 1, ${V100_GPU_1_UUID}, 00000000:02:00.0, 892, 877, 34.03, 150.00, 65, 64, 0, 354, P0, Not Active, Not Active, Not Active
2026/07/20 01:00:25.617, 0, ${V100_GPU_0_UUID}, 00000000:01:00.0, 892, 877, 38.52, 150.00, 70, 69, 0, 354, P0, Not Active, Not Active, Not Active
2026/07/20 01:00:25.622, 1, ${V100_GPU_1_UUID}, 00000000:02:00.0, 892, 877, 34.03, 150.00, 65, 64, 0, 354, P0, Not Active, Not Active, Not Active
2026/07/20 01:00:25.704, 0, ${V100_GPU_0_UUID}, 00000000:01:00.0, 892, 877, 38.04, 150.00, 70, 69, 0, 354, P0, Not Active, Not Active, Not Active
2026/07/20 01:00:25.709, 1, ${V100_GPU_1_UUID}, 00000000:02:00.0, 892, 877, 34.03, 150.00, 65, 64, 0, 354, P0, Not Active, Not Active, Not Active
2026/07/20 01:00:25.792, 0, ${V100_GPU_0_UUID}, 00000000:01:00.0, 892, 877, 38.04, 150.00, 70, 69, 0, 354, P0, Not Active, Not Active, Not Active
2026/07/20 01:00:25.798, 1, ${V100_GPU_1_UUID}, 00000000:02:00.0, 892, 877, 34.06, 150.00, 65, 64, 0, 354, P0, Not Active, Not Active, Not Active
2026/07/20 01:00:25.881, 0, ${V100_GPU_0_UUID}, 00000000:01:00.0, 892, 877, 38.04, 150.00, 69, 69, 0, 354, P0, Not Active, Not Active, Not Active
2026/07/20 01:00:25.886, 1, ${V100_GPU_1_UUID}, 00000000:02:00.0, 892, 877, 34.06, 150.00, 65, 64, 0, 354, P0, Not Active, Not Active, Not Active
2026/07/20 01:00:25.969, 0, ${V100_GPU_0_UUID}, 00000000:01:00.0, 892, 877, 38.04, 150.00, 70, 69, 0, 354, P0, Not Active, Not Active, Not Active
2026/07/20 01:00:25.975, 1, ${V100_GPU_1_UUID}, 00000000:02:00.0, 892, 877, 34.03, 150.00, 64, 64, 0, 354, P0, Not Active, Not Active, Not Active
2026/07/20 01:00:26.058, 0, ${V100_GPU_0_UUID}, 00000000:01:00.0, 892, 877, 38.04, 150.00, 69, 69, 0, 354, P0, Not Active, Not Active, Not Active
2026/07/20 01:00:26.064, 1, ${V100_GPU_1_UUID}, 00000000:02:00.0, 892, 877, 34.03, 150.00, 64, 64, 0, 354, P0, Not Active, Not Active, Not Active
2026/07/20 01:00:26.147, 0, ${V100_GPU_0_UUID}, 00000000:01:00.0, 892, 877, 38.04, 150.00, 69, 69, 0, 354, P0, Not Active, Not Active, Not Active
2026/07/20 01:00:26.153, 1, ${V100_GPU_1_UUID}, 00000000:02:00.0, 892, 877, 34.03, 150.00, 64, 64, 0, 354, P0, Not Active, Not Active, Not Active
2026/07/20 01:00:26.236, 0, ${V100_GPU_0_UUID}, 00000000:01:00.0, 892, 877, 38.04, 150.00, 69, 69, 0, 354, P0, Not Active, Not Active, Not Active
2026/07/20 01:00:26.242, 1, ${V100_GPU_1_UUID}, 00000000:02:00.0, 892, 877, 34.03, 150.00, 64, 64, 0, 354, P0, Not Active, Not Active, Not Active
2026/07/20 01:00:26.325, 0, ${V100_GPU_0_UUID}, 00000000:01:00.0, 892, 877, 38.04, 150.00, 69, 69, 0, 354, P0, Not Active, Not Active, Not Active
2026/07/20 01:00:26.331, 1, ${V100_GPU_1_UUID}, 00000000:02:00.0, 892, 877, 34.03, 150.00, 64, 64, 0, 354, P0, Not Active, Not Active, Not Active
2026/07/20 01:00:26.413, 0, ${V100_GPU_0_UUID}, 00000000:01:00.0, 892, 877, 38.04, 150.00, 69, 69, 0, 354, P0, Not Active, Not Active, Not Active
2026/07/20 01:00:26.419, 1, ${V100_GPU_1_UUID}, 00000000:02:00.0, 892, 877, 34.03, 150.00, 64, 64, 0, 354, P0, Not Active, Not Active, Not Active
2026/07/20 01:00:26.503, 0, ${V100_GPU_0_UUID}, 00000000:01:00.0, 892, 877, 38.04, 150.00, 69, 69, 0, 354, P0, Not Active, Not Active, Not Active
2026/07/20 01:00:26.510, 1, ${V100_GPU_1_UUID}, 00000000:02:00.0, 892, 877, 34.03, 150.00, 64, 64, 0, 354, P0, Not Active, Not Active, Not Active
2026/07/20 01:00:26.593, 0, ${V100_GPU_0_UUID}, 00000000:01:00.0, 892, 877, 38.04, 150.00, 69, 69, 0, 354, P0, Not Active, Not Active, Not Active
2026/07/20 01:00:26.600, 1, ${V100_GPU_1_UUID}, 00000000:02:00.0, 892, 877, 34.03, 150.00, 64, 64, 0, 354, P0, Not Active, Not Active, Not Active
2026/07/20 01:00:26.683, 0, ${V100_GPU_0_UUID}, 00000000:01:00.0, 892, 877, 38.06, 150.00, 69, 69, 0, 354, P0, Not Active, Not Active, Not Active
2026/07/20 01:00:26.689, 1, ${V100_GPU_1_UUID}, 00000000:02:00.0, 892, 877, 34.06, 150.00, 64, 64, 0, 354, P0, Not Active, Not Active, Not Active
2026/07/20 01:00:26.772, 0, ${V100_GPU_0_UUID}, 00000000:01:00.0, 892, 877, 38.06, 150.00, 69, 69, 0, 354, P0, Not Active, Not Active, Not Active
2026/07/20 01:00:26.778, 1, ${V100_GPU_1_UUID}, 00000000:02:00.0, 892, 877, 34.06, 150.00, 64, 64, 0, 354, P0, Not Active, Not Active, Not Active
2026/07/20 01:00:26.869, 0, ${V100_GPU_0_UUID}, 00000000:01:00.0, 892, 877, 38.06, 150.00, 69, 68, 0, 354, P0, Not Active, Not Active, Not Active
2026/07/20 01:00:26.878, 1, ${V100_GPU_1_UUID}, 00000000:02:00.0, 892, 877, 33.60, 150.00, 64, 63, 0, 354, P0, Not Active, Not Active, Not Active
2026/07/20 01:00:26.993, 0, ${V100_GPU_0_UUID}, 00000000:01:00.0, 892, 877, 38.06, 150.00, 69, 69, 0, 354, P0, Not Active, Not Active, Not Active
2026/07/20 01:00:27.002, 1, ${V100_GPU_1_UUID}, 00000000:02:00.0, 892, 877, 34.06, 150.00, 64, 64, 0, 354, P0, Not Active, Not Active, Not Active
2026/07/20 01:00:27.101, 0, ${V100_GPU_0_UUID}, 00000000:01:00.0, 892, 877, 38.06, 150.00, 69, 68, 0, 354, P0, Not Active, Not Active, Not Active
2026/07/20 01:00:27.112, 1, ${V100_GPU_1_UUID}, 00000000:02:00.0, 892, 877, 33.60, 150.00, 64, 64, 0, 354, P0, Not Active, Not Active, Not Active
2026/07/20 01:00:27.203, 0, ${V100_GPU_0_UUID}, 00000000:01:00.0, 892, 877, 38.06, 150.00, 69, 68, 0, 354, P0, Not Active, Not Active, Not Active
2026/07/20 01:00:27.209, 1, ${V100_GPU_1_UUID}, 00000000:02:00.0, 892, 877, 33.58, 150.00, 64, 64, 0, 354, P0, Not Active, Not Active, Not Active
2026/07/20 01:00:27.318, 0, ${V100_GPU_0_UUID}, 00000000:01:00.0, 892, 877, 38.06, 150.00, 69, 68, 0, 354, P0, Not Active, Not Active, Not Active
2026/07/20 01:00:27.327, 1, ${V100_GPU_1_UUID}, 00000000:02:00.0, 892, 877, 33.60, 150.00, 64, 63, 0, 354, P0, Not Active, Not Active, Not Active
2026/07/20 01:00:27.424, 0, ${V100_GPU_0_UUID}, 00000000:01:00.0, 892, 877, 37.58, 150.00, 69, 68, 0, 354, P0, Not Active, Not Active, Not Active
2026/07/20 01:00:27.435, 1, ${V100_GPU_1_UUID}, 00000000:02:00.0, 892, 877, 33.60, 150.00, 64, 63, 0, 354, P0, Not Active, Not Active, Not Active
2026/07/20 01:00:27.552, 0, ${V100_GPU_0_UUID}, 00000000:01:00.0, 892, 877, 37.58, 150.00, 69, 68, 0, 354, P0, Not Active, Not Active, Not Active
2026/07/20 01:00:27.560, 1, ${V100_GPU_1_UUID}, 00000000:02:00.0, 892, 877, 33.60, 150.00, 64, 63, 0, 354, P0, Not Active, Not Active, Not Active
2026/07/20 01:00:27.651, 0, ${V100_GPU_0_UUID}, 00000000:01:00.0, 892, 877, 37.58, 150.00, 69, 68, 0, 354, P0, Not Active, Not Active, Not Active
2026/07/20 01:00:27.659, 1, ${V100_GPU_1_UUID}, 00000000:02:00.0, 892, 877, 33.60, 150.00, 64, 63, 0, 354, P0, Not Active, Not Active, Not Active
2026/07/20 01:00:27.746, 0, ${V100_GPU_0_UUID}, 00000000:01:00.0, 892, 877, 37.58, 150.00, 69, 68, 0, 351, P0, Not Active, Not Active, Not Active
2026/07/20 01:00:27.751, 1, ${V100_GPU_1_UUID}, 00000000:02:00.0, 892, 877, 33.58, 150.00, 64, 63, 0, 351, P0, Not Active, Not Active, Not Active
