timestamp,graphics_clock_mhz,memory_clock_mhz,power_w,gpu_temperature_c,memory_temperature_c,gpu_util_pct,memory_used_mib,sw_power_cap,sw_thermal_slowdown,hw_thermal_slowdown
2026/07/17 10:18:36.108, 1192, 877, 35.97, 50, 49, 0, 6, Not Active, Not Active, Not Active
2026/07/17 10:18:36.160, 1192, 877, 35.97, 50, 49, 0, 8, Not Active, Not Active, Not Active
2026/07/17 10:18:36.212, 1192, 877, 35.97, 50, 49, 0, 20, Not Active, Not Active, Not Active
2026/07/17 10:18:36.268, 1192, 877, 35.97, 50, 49, 0, 316, Not Active, Not Active, Not Active
2026/07/17 10:18:36.320, 1192, 877, 35.97, 50, 49, 3, 316, Not Active, Not Active, Not Active
2026/07/17 10:18:36.373, 1192, 877, 35.97, 50, 49, 3, 316, Not Active, Not Active, Not Active
2026/07/17 10:18:36.425, 1192, 877, 35.97, 50, 49, 3, 316, Not Active, Not Active, Not Active
2026/07/17 10:18:36.477, 1192, 877, 35.97, 50, 49, 3, 316, Not Active, Not Active, Not Active
2026/07/17 10:18:36.529, 1192, 877, 36.46, 50, 49, 0, 11402, Not Active, Not Active, Not Active
2026/07/17 10:18:36.581, 1192, 877, 36.94, 50, 49, 0, 11402, Not Active, Not Active, Not Active
2026/07/17 10:18:36.634, 1192, 877, 36.94, 50, 49, 0, 11402, Not Active, Not Active, Not Active
2026/07/17 10:18:36.687, 1192, 877, 36.94, 50, 49, 91, 11402, Not Active, Not Active, Not Active
2026/07/17 10:18:36.739, 1192, 877, 36.94, 50, 49, 91, 11402, Not Active, Not Active, Not Active
2026/07/17 10:18:36.792, 1192, 877, 36.94, 50, 49, 91, 11402, Not Active, Not Active, Not Active
2026/07/17 10:18:36.845, 1192, 877, 36.94, 50, 49, 100, 11402, Not Active, Not Active, Not Active
2026/07/17 10:18:36.899, 1192, 877, 36.94, 50, 49, 100, 11402, Not Active, Not Active, Not Active
2026/07/17 10:18:36.951, 1192, 877, 36.46, 50, 49, 100, 11402, Not Active, Not Active, Not Active
2026/07/17 10:18:37.003, 1192, 877, 36.94, 50, 49, 99, 11402, Not Active, Not Active, Not Active
2026/07/17 10:18:37.056, 1192, 877, 36.94, 50, 49, 99, 11402, Not Active, Not Active, Not Active
2026/07/17 10:18:37.109, 1192, 877, 36.46, 50, 49, 99, 11402, Not Active, Not Active, Not Active
2026/07/17 10:18:37.161, 1192, 877, 36.46, 50, 49, 99, 11402, Not Active, Not Active, Not Active
2026/07/17 10:18:37.214, 1192, 877, 36.94, 50, 49, 99, 11402, Not Active, Not Active, Not Active
2026/07/17 10:18:37.266, 1192, 877, 36.94, 50, 49, 99, 11402, Not Active, Not Active, Not Active
2026/07/17 10:18:37.320, 1192, 877, 36.94, 50, 49, 99, 11402, Not Active, Not Active, Not Active
2026/07/17 10:18:37.372, 1192, 877, 36.94, 50, 49, 99, 11402, Not Active, Not Active, Not Active
2026/07/17 10:18:37.425, 1192, 877, 36.94, 50, 49, 99, 11402, Not Active, Not Active, Not Active
2026/07/17 10:18:37.477, 1192, 877, 36.46, 50, 49, 99, 11402, Not Active, Not Active, Not Active
2026/07/17 10:18:37.530, 1192, 877, 36.46, 50, 49, 99, 11402, Not Active, Not Active, Not Active
2026/07/17 10:18:37.582, 1192, 877, 36.94, 50, 49, 99, 11402, Not Active, Not Active, Not Active
2026/07/17 10:18:37.635, 1192, 877, 36.46, 50, 49, 99, 11402, Not Active, Not Active, Not Active
2026/07/17 10:18:37.688, 1192, 877, 36.46, 50, 49, 99, 11402, Not Active, Not Active, Not Active
2026/07/17 10:18:37.741, 1192, 877, 36.46, 50, 49, 99, 11402, Not Active, Not Active, Not Active
2026/07/17 10:18:37.793, 1192, 877, 36.46, 50, 49, 99, 11402, Not Active, Not Active, Not Active
2026/07/17 10:18:37.846, 1192, 877, 36.46, 50, 49, 99, 11402, Not Active, Not Active, Not Active
2026/07/17 10:18:37.899, 1192, 877, 36.46, 50, 49, 99, 11402, Not Active, Not Active, Not Active
2026/07/17 10:18:37.951, 1192, 877, 36.94, 50, 49, 99, 11402, Not Active, Not Active, Not Active
2026/07/17 10:18:38.003, 1192, 877, 36.46, 50, 49, 99, 11402, Not Active, Not Active, Not Active
2026/07/17 10:18:38.056, 1192, 877, 36.46, 50, 49, 99, 11402, Not Active, Not Active, Not Active
2026/07/17 10:18:38.108, 1192, 877, 36.46, 50, 49, 99, 11402, Not Active, Not Active, Not Active
2026/07/17 10:18:38.162, 1192, 877, 36.46, 50, 49, 99, 11402, Not Active, Not Active, Not Active
2026/07/17 10:18:38.215, 1192, 877, 36.94, 50, 49, 99, 11402, Not Active, Not Active, Not Active
2026/07/17 10:18:38.267, 1192, 877, 36.46, 50, 49, 99, 11402, Not Active, Not Active, Not Active
2026/07/17 10:18:38.320, 1192, 877, 36.94, 50, 49, 99, 11402, Not Active, Not Active, Not Active
2026/07/17 10:18:38.373, 1192, 877, 36.46, 50, 49, 99, 11402, Not Active, Not Active, Not Active
2026/07/17 10:18:38.425, 1192, 877, 36.46, 50, 49, 99, 11402, Not Active, Not Active, Not Active
2026/07/17 10:18:38.478, 1192, 877, 36.46, 50, 49, 99, 11402, Not Active, Not Active, Not Active
2026/07/17 10:18:38.530, 1192, 877, 36.46, 50, 49, 99, 11402, Not Active, Not Active, Not Active
2026/07/17 10:18:38.584, 1192, 877, 36.46, 50, 49, 99, 11402, Not Active, Not Active, Not Active
2026/07/17 10:18:38.636, 1192, 877, 36.46, 50, 49, 99, 11402, Not Active, Not Active, Not Active
2026/07/17 10:18:38.689, 1192, 877, 36.46, 50, 49, 99, 11402, Not Active, Not Active, Not Active
2026/07/17 10:18:38.742, 1192, 877, 36.46, 50, 49, 99, 11402, Not Active, Not Active, Not Active
2026/07/17 10:18:38.795, 1192, 877, 36.46, 50, 49, 99, 11402, Not Active, Not Active, Not Active
2026/07/17 10:18:38.848, 1192, 877, 36.46, 50, 49, 99, 11402, Not Active, Not Active, Not Active
2026/07/17 10:18:38.901, 1192, 877, 36.46, 50, 49, 99, 11402, Not Active, Not Active, Not Active
2026/07/17 10:18:38.953, 1192, 877, 36.46, 50, 49, 99, 11402, Not Active, Not Active, Not Active
2026/07/17 10:18:39.006, 1192, 877, 36.46, 50, 49, 99, 11402, Not Active, Not Active, Not Active
2026/07/17 10:18:39.059, 1192, 877, 36.46, 50, 49, 99, 11402, Not Active, Not Active, Not Active
2026/07/17 10:18:39.111, 1192, 877, 36.46, 50, 49, 99, 11402, Not Active, Not Active, Not Active
2026/07/17 10:18:39.164, 1192, 877, 36.46, 50, 49, 99, 11402, Not Active, Not Active, Not Active
2026/07/17 10:18:39.217, 1192, 877, 36.46, 50, 49, 99, 11402, Not Active, Not Active, Not Active
2026/07/17 10:18:39.269, 1192, 877, 36.46, 50, 49, 99, 11402, Not Active, Not Active, Not Active
2026/07/17 10:18:39.322, 1192, 877, 36.46, 50, 49, 99, 11402, Not Active, Not Active, Not Active
2026/07/17 10:18:39.374, 1192, 877, 36.94, 50, 49, 99, 11402, Not Active, Not Active, Not Active
2026/07/17 10:18:39.427, 1192, 877, 36.46, 50, 49, 99, 11402, Not Active, Not Active, Not Active
2026/07/17 10:18:39.480, 1192, 877, 36.46, 50, 49, 99, 11402, Not Active, Not Active, Not Active
2026/07/17 10:18:39.532, 1192, 877, 36.46, 50, 49, 99, 11402, Not Active, Not Active, Not Active
2026/07/17 10:18:39.585, 1192, 877, 36.46, 50, 49, 99, 11402, Not Active, Not Active, Not Active
2026/07/17 10:18:39.637, 1192, 877, 36.46, 50, 49, 99, 11402, Not Active, Not Active, Not Active
2026/07/17 10:18:39.690, 1192, 877, 36.46, 50, 49, 99, 11402, Not Active, Not Active, Not Active
2026/07/17 10:18:39.742, 1192, 877, 36.46, 50, 49, 99, 11402, Not Active, Not Active, Not Active
2026/07/17 10:18:39.795, 1192, 877, 36.46, 50, 49, 99, 11402, Not Active, Not Active, Not Active
2026/07/17 10:18:39.849, 1192, 877, 36.46, 50, 49, 99, 11402, Not Active, Not Active, Not Active
2026/07/17 10:18:39.902, 1192, 877, 36.46, 50, 49, 99, 11402, Not Active, Not Active, Not Active
2026/07/17 10:18:39.955, 1192, 877, 36.46, 50, 49, 99, 11402, Not Active, Not Active, Not Active
2026/07/17 10:18:40.008, 1192, 877, 36.46, 50, 49, 99, 11402, Not Active, Not Active, Not Active
2026/07/17 10:18:40.060, 1192, 877, 36.46, 50, 49, 99, 11402, Not Active, Not Active, Not Active
2026/07/17 10:18:40.113, 1192, 877, 42.76, 50, 49, 99, 13600, Not Active, Not Active, Not Active
2026/07/17 10:18:40.165, 1192, 877, 80.71, 50, 49, 99, 14306, Not Active, Not Active, Not Active
2026/07/17 10:18:40.217, 1192, 877, 172.44, 51, 51, 53, 14342, Not Active, Not Active, Not Active
2026/07/17 10:18:40.272, 1192, 877, 178.80, 52, 52, 53, 14342, Not Active, Not Active, Not Active
2026/07/17 10:18:40.324, 1192, 877, 190.43, 53, 53, 53, 14342, Not Active, Not Active, Not Active
2026/07/17 10:18:40.375, 1192, 877, 185.99, 53, 53, 98, 14342, Not Active, Not Active, Not Active
2026/07/17 10:18:40.427, 1192, 877, 183.24, 54, 54, 98, 14342, Not Active, Not Active, Not Active
2026/07/17 10:18:40.479, 1192, 877, 188.86, 54, 54, 98, 14342, Not Active, Not Active, Not Active
2026/07/17 10:18:40.534, 1192, 877, 186.47, 55, 54, 100, 14342, Not Active, Not Active, Not Active
2026/07/17 10:18:40.586, 1192, 877, 189.47, 55, 54, 100, 14342, Not Active, Not Active, Not Active
2026/07/17 10:18:40.637, 1192, 877, 190.30, 55, 54, 100, 14342, Not Active, Not Active, Not Active
2026/07/17 10:18:40.690, 1192, 877, 190.55, 55, 55, 100, 14342, Not Active, Not Active, Not Active
2026/07/17 10:18:40.741, 1192, 877, 186.47, 55, 55, 100, 14342, Not Active, Not Active, Not Active
2026/07/17 10:18:40.795, 1192, 877, 166.31, 55, 55, 100, 14342, Not Active, Not Active, Not Active
2026/07/17 10:18:40.847, 1192, 877, 185.51, 55, 55, 100, 14342, Not Active, Not Active, Not Active
2026/07/17 10:18:40.899, 1192, 877, 184.55, 56, 55, 100, 14342, Not Active, Not Active, Not Active
2026/07/17 10:18:40.951, 1192, 877, 182.88, 56, 55, 100, 14342, Not Active, Not Active, Not Active
2026/07/17 10:18:41.003, 1192, 877, 179.28, 56, 56, 100, 14342, Not Active, Not Active, Not Active
2026/07/17 10:18:41.104, 1192, 877, 191.26, 56, 55, 100, 14342, Not Active, Not Active, Not Active
2026/07/17 10:18:41.155, 1192, 877, 179.52, 56, 55, 100, 14342, Not Active, Not Active, Not Active
2026/07/17 10:18:41.207, 1192, 877, 185.76, 56, 56, 100, 14342, Not Active, Not Active, Not Active
2026/07/17 10:18:41.264, 1192, 877, 185.76, 56, 56, 100, 14342, Not Active, Not Active, Not Active
2026/07/17 10:18:41.315, 1192, 877, 175.09, 56, 56, 100, 14342, Not Active, Not Active, Not Active
2026/07/17 10:18:41.368, 1192, 877, 184.43, 56, 56, 100, 14342, Not Active, Not Active, Not Active
2026/07/17 10:18:41.420, 1192, 877, 182.63, 56, 56, 100, 14342, Not Active, Not Active, Not Active
2026/07/17 10:18:41.474, 1192, 877, 190.30, 56, 56, 100, 14342, Not Active, Not Active, Not Active
2026/07/17 10:18:41.530, 1192, 877, 183.71, 57, 56, 100, 14342, Not Active, Not Active, Not Active
2026/07/17 10:18:41.582, 1192, 877, 195.44, 57, 56, 100, 14342, Not Active, Not Active, Not Active
2026/07/17 10:18:41.634, 1192, 877, 184.07, 57, 56, 100, 14342, Not Active, Not Active, Not Active
2026/07/17 10:18:41.686, 1192, 877, 183.95, 57, 56, 100, 14342, Not Active, Not Active, Not Active
2026/07/17 10:18:41.738, 1192, 877, 191.51, 57, 56, 100, 14342, Not Active, Not Active, Not Active
2026/07/17 10:18:41.791, 1192, 877, 187.42, 57, 57, 100, 14342, Not Active, Not Active, Not Active
2026/07/17 10:18:41.843, 1192, 877, 187.07, 57, 56, 100, 14342, Not Active, Not Active, Not Active
2026/07/17 10:18:41.895, 1192, 877, 183.95, 57, 57, 100, 14342, Not Active, Not Active, Not Active
2026/07/17 10:18:41.947, 1192, 877, 182.52, 57, 57, 100, 14342, Not Active, Not Active, Not Active
2026/07/17 10:18:41.999, 1192, 877, 188.26, 57, 57, 100, 14342, Not Active, Not Active, Not Active
2026/07/17 10:18:42.052, 1192, 877, 188.03, 57, 57, 100, 14342, Not Active, Not Active, Not Active
2026/07/17 10:18:42.104, 1192, 877, 192.82, 57, 57, 100, 14342, Not Active, Not Active, Not Active
2026/07/17 10:18:42.156, 1192, 877, 184.19, 57, 57, 100, 14342, Not Active, Not Active, Not Active
2026/07/17 10:18:42.208, 1192, 877, 187.55, 57, 57, 100, 14342, Not Active, Not Active, Not Active
2026/07/17 10:18:42.259, 1192, 877, 182.28, 57, 57, 100, 14342, Not Active, Not Active, Not Active
2026/07/17 10:18:42.313, 1192, 877, 185.99, 57, 57, 100, 14342, Not Active, Not Active, Not Active
2026/07/17 10:18:42.365, 1192, 877, 188.76, 58, 57, 100, 14342, Not Active, Not Active, Not Active
2026/07/17 10:18:42.417, 1192, 877, 192.34, 58, 57, 100, 14342, Not Active, Not Active, Not Active
2026/07/17 10:18:42.469, 1192, 877, 187.80, 58, 57, 100, 14342, Not Active, Not Active, Not Active
2026/07/17 10:18:42.521, 1192, 877, 182.40, 58, 57, 100, 14342, Not Active, Not Active, Not Active
2026/07/17 10:18:42.574, 1192, 877, 179.16, 58, 57, 99, 14342, Not Active, Not Active, Not Active
2026/07/17 10:18:42.626, 1192, 877, 181.08, 58, 57, 99, 14342, Not Active, Not Active, Not Active
2026/07/17 10:18:42.678, 1192, 877, 174.72, 58, 57, 99, 14342, Not Active, Not Active, Not Active
2026/07/17 10:18:42.731, 1192, 877, 133.52, 58, 57, 97, 14342, Not Active, Not Active, Not Active
2026/07/17 10:18:42.782, 1192, 877, 184.67, 58, 57, 97, 14342, Not Active, Not Active, Not Active
2026/07/17 10:18:42.835, 1192, 877, 185.15, 58, 57, 97, 14342, Not Active, Not Active, Not Active
2026/07/17 10:18:42.887, 1192, 877, 188.51, 58, 57, 95, 14342, Not Active, Not Active, Not Active
2026/07/17 10:18:42.939, 1192, 877, 181.32, 58, 57, 95, 14342, Not Active, Not Active, Not Active
2026/07/17 10:18:42.991, 1192, 877, 183.24, 58, 58, 95, 14342, Not Active, Not Active, Not Active
2026/07/17 10:18:43.043, 1192, 877, 187.78, 58, 57, 100, 14342, Not Active, Not Active, Not Active
2026/07/17 10:18:43.097, 1192, 877, 187.68, 58, 58, 100, 14342, Not Active, Not Active, Not Active
2026/07/17 10:18:43.148, 1192, 877, 185.63, 58, 58, 100, 14342, Not Active, Not Active, Not Active
2026/07/17 10:18:43.200, 1192, 877, 185.88, 58, 58, 100, 14342, Not Active, Not Active, Not Active
2026/07/17 10:18:43.252, 1192, 877, 187.90, 58, 58, 100, 14342, Not Active, Not Active, Not Active
2026/07/17 10:18:43.304, 1192, 877, 174.72, 58, 58, 100, 14342, Not Active, Not Active, Not Active
2026/07/17 10:18:43.357, 1192, 877, 185.88, 58, 58, 100, 14342, Not Active, Not Active, Not Active
2026/07/17 10:18:43.408, 1192, 877, 168.38, 58, 58, 100, 14342, Not Active, Not Active, Not Active
2026/07/17 10:18:43.460, 1192, 877, 189.95, 58, 58, 100, 14342, Not Active, Not Active, Not Active
2026/07/17 10:18:43.512, 1192, 877, 177.60, 58, 58, 100, 14342, Not Active, Not Active, Not Active
2026/07/17 10:18:43.564, 1192, 877, 182.28, 58, 58, 100, 14342, Not Active, Not Active, Not Active
2026/07/17 10:18:43.618, 1192, 877, 183.47, 59, 58, 100, 14342, Not Active, Not Active, Not Active
2026/07/17 10:18:43.669, 1192, 877, 190.30, 59, 58, 100, 14342, Not Active, Not Active, Not Active
2026/07/17 10:18:43.721, 1192, 877, 183.11, 59, 58, 100, 14342, Not Active, Not Active, Not Active
2026/07/17 10:18:43.773, 1192, 877, 190.07, 59, 58, 100, 14342, Not Active, Not Active, Not Active
2026/07/17 10:18:43.825, 1192, 877, 187.42, 59, 58, 100, 14342, Not Active, Not Active, Not Active
2026/07/17 10:18:43.881, 1192, 877, 173.76, 59, 58, 100, 14342, Not Active, Not Active, Not Active
2026/07/17 10:18:43.932, 1192, 877, 177.84, 59, 58, 100, 14342, Not Active, Not Active, Not Active
2026/07/17 10:18:43.984, 1192, 877, 191.13, 59, 58, 100, 14342, Not Active, Not Active, Not Active
2026/07/17 10:18:44.041, 1192, 877, 194.13, 59, 58, 100, 14342, Not Active, Not Active, Not Active
2026/07/17 10:18:44.092, 1192, 877, 172.80, 59, 58, 100, 14342, Not Active, Not Active, Not Active
2026/07/17 10:18:44.144, 1192, 877, 178.92, 59, 58, 100, 14342, Not Active, Not Active, Not Active
2026/07/17 10:18:44.196, 1192, 877, 188.99, 59, 58, 100, 14342, Not Active, Not Active, Not Active
2026/07/17 10:18:44.248, 1192, 877, 185.99, 59, 59, 100, 14342, Not Active, Not Active, Not Active
2026/07/17 10:18:44.302, 1192, 877, 179.52, 59, 59, 100, 14342, Not Active, Not Active, Not Active
2026/07/17 10:18:44.354, 1192, 877, 184.55, 59, 58, 100, 14342, Not Active, Not Active, Not Active
2026/07/17 10:18:44.405, 1192, 877, 186.47, 59, 59, 100, 14342, Not Active, Not Active, Not Active
2026/07/17 10:18:44.457, 1192, 877, 193.17, 59, 59, 100, 14342, Not Active, Not Active, Not Active
2026/07/17 10:18:44.509, 1192, 877, 176.52, 59, 59, 100, 14342, Not Active, Not Active, Not Active
2026/07/17 10:18:44.562, 1192, 877, 191.03, 59, 59, 100, 14342, Not Active, Not Active, Not Active
2026/07/17 10:18:44.614, 1192, 877, 190.07, 59, 59, 100, 14342, Not Active, Not Active, Not Active
2026/07/17 10:18:44.666, 1192, 877, 190.43, 60, 59, 100, 14342, Not Active, Not Active, Not Active
2026/07/17 10:18:44.717, 1192, 877, 181.80, 59, 59, 100, 14342, Not Active, Not Active, Not Active
2026/07/17 10:18:44.770, 1192, 877, 181.55, 59, 58, 100, 14342, Not Active, Not Active, Not Active
2026/07/17 10:18:44.823, 1192, 877, 187.20, 59, 59, 100, 14342, Not Active, Not Active, Not Active
2026/07/17 10:18:44.875, 1192, 877, 189.47, 59, 59, 100, 14342, Not Active, Not Active, Not Active
2026/07/17 10:18:44.926, 1192, 877, 171.48, 59, 59, 100, 14342, Not Active, Not Active, Not Active
2026/07/17 10:18:44.978, 1192, 877, 177.37, 60, 59, 100, 14342, Not Active, Not Active, Not Active
2026/07/17 10:18:45.030, 1192, 877, 187.42, 60, 59, 100, 14342, Not Active, Not Active, Not Active
2026/07/17 10:18:45.086, 1192, 877, 187.30, 60, 59, 100, 14342, Not Active, Not Active, Not Active
2026/07/17 10:18:45.138, 1192, 877, 176.64, 60, 59, 100, 14342, Not Active, Not Active, Not Active
2026/07/17 10:18:45.190, 1192, 877, 185.15, 60, 59, 100, 14342, Not Active, Not Active, Not Active
2026/07/17 10:18:45.245, 1192, 877, 186.59, 60, 59, 100, 14342, Not Active, Not Active, Not Active
2026/07/17 10:18:45.297, 1192, 877, 186.82, 60, 59, 100, 14342, Not Active, Not Active, Not Active
2026/07/17 10:18:45.349, 1192, 877, 176.64, 60, 59, 100, 14342, Not Active, Not Active, Not Active
2026/07/17 10:18:45.401, 1192, 877, 139.12, 60, 60, 100, 14342, Not Active, Not Active, Not Active
2026/07/17 10:18:45.452, 1192, 877, 181.08, 60, 59, 100, 14342, Not Active, Not Active, Not Active
2026/07/17 10:18:45.507, 1192, 877, 192.34, 60, 60, 100, 14342, Not Active, Not Active, Not Active
2026/07/17 10:18:45.559, 1192, 877, 185.03, 60, 59, 100, 14342, Not Active, Not Active, Not Active
2026/07/17 10:18:45.610, 1192, 877, 175.93, 60, 60, 100, 14342, Not Active, Not Active, Not Active
2026/07/17 10:18:45.662, 1192, 877, 188.63, 60, 59, 100, 14342, Not Active, Not Active, Not Active
2026/07/17 10:18:45.714, 1192, 877, 191.51, 60, 59, 100, 14342, Not Active, Not Active, Not Active
2026/07/17 10:18:45.768, 1192, 877, 194.04, 60, 60, 100, 14342, Not Active, Not Active, Not Active
2026/07/17 10:18:45.820, 1192, 877, 176.52, 60, 60, 100, 14342, Not Active, Not Active, Not Active
2026/07/17 10:18:45.872, 1192, 877, 184.32, 60, 60, 100, 14342, Not Active, Not Active, Not Active
2026/07/17 10:18:45.924, 1192, 877, 188.51, 60, 60, 100, 14342, Not Active, Not Active, Not Active
2026/07/17 10:18:45.975, 1192, 877, 189.21, 60, 60, 100, 14342, Not Active, Not Active, Not Active
2026/07/17 10:18:46.029, 1192, 877, 168.85, 60, 60, 100, 14342, Not Active, Not Active, Not Active
2026/07/17 10:18:46.081, 1192, 877, 140.08, 60, 60, 100, 14342, Not Active, Not Active, Not Active
2026/07/17 10:18:46.132, 1192, 877, 181.31, 60, 59, 100, 14342, Not Active, Not Active, Not Active
2026/07/17 10:18:46.184, 1192, 877, 194.13, 60, 60, 100, 14342, Not Active, Not Active, Not Active
2026/07/17 10:18:46.236, 1192, 877, 195.09, 60, 60, 100, 14342, Not Active, Not Active, Not Active
2026/07/17 10:18:46.291, 1192, 877, 174.36, 61, 60, 100, 14342, Not Active, Not Active, Not Active
2026/07/17 10:18:46.342, 1192, 877, 183.59, 61, 60, 100, 14342, Not Active, Not Active, Not Active
2026/07/17 10:18:46.394, 1192, 877, 192.21, 61, 60, 100, 14342, Not Active, Not Active, Not Active
2026/07/17 10:18:46.450, 1192, 877, 196.53, 61, 60, 100, 14342, Not Active, Not Active, Not Active
2026/07/17 10:18:46.502, 1192, 877, 171.85, 61, 60, 100, 14342, Not Active, Not Active, Not Active
2026/07/17 10:18:46.554, 1192, 877, 181.92, 61, 60, 100, 14342, Not Active, Not Active, Not Active
2026/07/17 10:18:46.606, 1192, 877, 186.24, 61, 60, 100, 14342, Not Active, Not Active, Not Active
2026/07/17 10:18:46.658, 1192, 877, 194.13, 61, 60, 100, 14342, Not Active, Not Active, Not Active
2026/07/17 10:18:46.712, 1192, 877, 169.93, 61, 60, 100, 14342, Not Active, Not Active, Not Active
2026/07/17 10:18:46.764, 1192, 877, 155.74, 61, 60, 100, 14342, Not Active, Not Active, Not Active
2026/07/17 10:18:46.816, 1192, 877, 190.55, 61, 60, 100, 14342, Not Active, Not Active, Not Active
2026/07/17 10:18:46.872, 1192, 877, 187.42, 61, 60, 100, 14342, Not Active, Not Active, Not Active
2026/07/17 10:18:46.924, 1192, 877, 188.86, 61, 60, 100, 14342, Not Active, Not Active, Not Active
2026/07/17 10:18:46.975, 1192, 877, 166.31, 61, 60, 100, 14342, Not Active, Not Active, Not Active
2026/07/17 10:18:47.027, 1192, 877, 181.32, 61, 60, 100, 14342, Not Active, Not Active, Not Active
2026/07/17 10:18:47.079, 1192, 877, 185.15, 61, 60, 100, 14342, Not Active, Not Active, Not Active
2026/07/17 10:18:47.133, 1192, 877, 189.95, 61, 60, 100, 14342, Not Active, Not Active, Not Active
2026/07/17 10:18:47.185, 1192, 877, 189.09, 61, 60, 100, 14342, Not Active, Not Active, Not Active
2026/07/17 10:18:47.236, 1192, 877, 166.09, 61, 61, 100, 14342, Not Active, Not Active, Not Active
2026/07/17 10:18:47.289, 1192, 877, 179.16, 61, 61, 100, 14342, Not Active, Not Active, Not Active
2026/07/17 10:18:47.341, 1192, 877, 186.95, 61, 61, 100, 14342, Not Active, Not Active, Not Active
2026/07/17 10:18:47.394, 1192, 877, 181.43, 61, 61, 100, 14342, Not Active, Not Active, Not Active
2026/07/17 10:18:47.446, 1192, 877, 164.54, 61, 60, 100, 14342, Not Active, Not Active, Not Active
2026/07/17 10:18:47.528, 1192, 877, 189.82, 61, 60, 100, 14342, Not Active, Not Active, Not Active
2026/07/17 10:18:47.579, 1192, 877, 191.13, 61, 61, 100, 14342, Not Active, Not Active, Not Active
2026/07/17 10:18:47.631, 1192, 877, 165.50, 61, 61, 100, 14342, Not Active, Not Active, Not Active
2026/07/17 10:18:47.683, 1192, 877, 187.07, 61, 61, 100, 14342, Not Active, Not Active, Not Active
2026/07/17 10:18:47.737, 1192, 877, 190.78, 61, 61, 100, 14342, Not Active, Not Active, Not Active
2026/07/17 10:18:47.789, 1192, 877, 188.15, 62, 61, 100, 14342, Not Active, Not Active, Not Active
2026/07/17 10:18:47.841, 1192, 877, 183.36, 62, 61, 100, 14342, Not Active, Not Active, Not Active
2026/07/17 10:18:47.893, 1192, 877, 175.20, 61, 61, 100, 14342, Not Active, Not Active, Not Active
2026/07/17 10:18:47.945, 1192, 877, 174.49, 62, 61, 100, 14342, Not Active, Not Active, Not Active
2026/07/17 10:18:47.997, 1192, 877, 179.76, 62, 61, 100, 14342, Not Active, Not Active, Not Active
2026/07/17 10:18:48.049, 1192, 877, 188.74, 62, 61, 100, 14342, Not Active, Not Active, Not Active
2026/07/17 10:18:48.101, 1192, 877, 188.63, 62, 61, 100, 14342, Not Active, Not Active, Not Active
2026/07/17 10:18:48.153, 1192, 877, 170.04, 62, 61, 100, 14342, Not Active, Not Active, Not Active
2026/07/17 10:18:48.205, 1192, 877, 171.37, 62, 61, 100, 14342, Not Active, Not Active, Not Active
2026/07/17 10:18:48.258, 1192, 877, 184.19, 62, 61, 100, 14342, Not Active, Not Active, Not Active
2026/07/17 10:18:48.310, 1192, 877, 184.67, 62, 61, 100, 14342, Not Active, Not Active, Not Active
2026/07/17 10:18:48.361, 1192, 877, 189.59, 62, 61, 100, 14342, Not Active, Not Active, Not Active
2026/07/17 10:18:48.413, 1192, 877, 197.14, 62, 61, 100, 14342, Not Active, Not Active, Not Active
2026/07/17 10:18:48.465, 1192, 877, 168.01, 62, 61, 100, 14342, Not Active, Not Active, Not Active
2026/07/17 10:18:48.518, 1192, 877, 170.77, 62, 61, 100, 14342, Not Active, Not Active, Not Active
2026/07/17 10:18:48.570, 1192, 877, 184.32, 62, 61, 100, 14342, Not Active, Not Active, Not Active
2026/07/17 10:18:48.622, 1192, 877, 193.17, 62, 61, 100, 14342, Not Active, Not Active, Not Active
2026/07/17 10:18:48.674, 1192, 877, 187.78, 62, 62, 100, 14342, Not Active, Not Active, Not Active
2026/07/17 10:18:48.726, 1192, 877, 159.00, 62, 62, 100, 14342, Not Active, Not Active, Not Active
2026/07/17 10:18:48.780, 1192, 877, 178.20, 62, 62, 100, 14342, Not Active, Not Active, Not Active
2026/07/17 10:18:48.832, 1192, 877, 186.11, 62, 61, 100, 14342, Not Active, Not Active, Not Active
2026/07/17 10:18:48.883, 1192, 877, 172.44, 62, 62, 100, 14342, Not Active, Not Active, Not Active
2026/07/17 10:18:48.935, 1192, 877, 188.61, 62, 61, 100, 14342, Not Active, Not Active, Not Active
2026/07/17 10:18:48.987, 1192, 877, 195.57, 62, 61, 100, 14342, Not Active, Not Active, Not Active
2026/07/17 10:18:49.042, 1192, 877, 167.05, 62, 62, 100, 14342, Not Active, Not Active, Not Active
2026/07/17 10:18:49.094, 1192, 877, 179.52, 62, 62, 100, 14342, Not Active, Not Active, Not Active
2026/07/17 10:18:49.146, 1192, 877, 181.55, 62, 61, 100, 14342, Not Active, Not Active, Not Active
2026/07/17 10:18:49.198, 1192, 877, 183.59, 62, 62, 100, 14342, Not Active, Not Active, Not Active
2026/07/17 10:18:49.249, 1192, 877, 187.30, 62, 62, 100, 14342, Not Active, Not Active, Not Active
2026/07/17 10:18:49.303, 1192, 877, 179.40, 62, 62, 100, 14342, Not Active, Not Active, Not Active
2026/07/17 10:18:49.355, 1192, 877, 168.85, 62, 62, 100, 14342, Not Active, Not Active, Not Active
2026/07/17 10:18:49.406, 1192, 877, 184.69, 62, 62, 100, 14342, Not Active, Not Active, Not Active
2026/07/17 10:18:49.458, 1192, 877, 184.56, 62, 61, 100, 14342, Not Active, Not Active, Not Active
2026/07/17 10:18:49.510, 1192, 877, 186.47, 63, 62, 100, 14342, Not Active, Not Active, Not Active
2026/07/17 10:18:49.564, 1192, 877, 194.61, 62, 62, 100, 14342, Not Active, Not Active, Not Active
2026/07/17 10:18:49.616, 1192, 877, 181.80, 62, 62, 100, 14342, Not Active, Not Active, Not Active
2026/07/17 10:18:49.667, 1192, 877, 168.12, 63, 62, 100, 14342, Not Active, Not Active, Not Active
2026/07/17 10:18:49.720, 1192, 877, 171.14, 63, 62, 100, 14342, Not Active, Not Active, Not Active
2026/07/17 10:18:49.771, 1192, 877, 185.03, 63, 61, 100, 14342, Not Active, Not Active, Not Active
2026/07/17 10:18:49.824, 1192, 877, 188.51, 63, 62, 100, 14342, Not Active, Not Active, Not Active
2026/07/17 10:18:49.876, 1192, 877, 187.30, 63, 62, 100, 14342, Not Active, Not Active, Not Active
2026/07/17 10:18:49.928, 1192, 877, 183.59, 63, 62, 100, 14342, Not Active, Not Active, Not Active
2026/07/17 10:18:49.980, 1192, 877, 156.60, 63, 62, 100, 14342, Not Active, Not Active, Not Active
2026/07/17 10:18:50.031, 1192, 877, 176.40, 63, 62, 100, 14342, Not Active, Not Active, Not Active
2026/07/17 10:18:50.085, 1192, 877, 189.59, 63, 62, 100, 14342, Not Active, Not Active, Not Active
2026/07/17 10:18:50.137, 1192, 877, 188.86, 63, 62, 100, 14342, Not Active, Not Active, Not Active
2026/07/17 10:18:50.188, 1192, 877, 185.38, 63, 62, 100, 14342, Not Active, Not Active, Not Active
2026/07/17 10:18:50.240, 1192, 877, 184.67, 63, 62, 100, 14342, Not Active, Not Active, Not Active
2026/07/17 10:18:50.292, 1192, 877, 160.81, 63, 62, 100, 14342, Not Active, Not Active, Not Active
2026/07/17 10:18:50.345, 1192, 877, 165.72, 63, 62, 100, 14342, Not Active, Not Active, Not Active
2026/07/17 10:18:50.397, 1192, 877, 177.48, 63, 62, 100, 14342, Not Active, Not Active, Not Active
2026/07/17 10:18:50.449, 1192, 877, 185.03, 63, 62, 100, 14342, Not Active, Not Active, Not Active
2026/07/17 10:18:50.501, 1192, 877, 186.95, 63, 62, 100, 14342, Not Active, Not Active, Not Active
2026/07/17 10:18:50.553, 1192, 877, 191.74, 63, 62, 100, 14342, Not Active, Not Active, Not Active
2026/07/17 10:18:50.609, 1192, 877, 169.67, 63, 62, 100, 14342, Not Active, Not Active, Not Active
2026/07/17 10:18:50.661, 1192, 877, 168.97, 63, 62, 100, 14342, Not Active, Not Active, Not Active
2026/07/17 10:18:50.713, 1192, 877, 179.28, 63, 62, 100, 14342, Not Active, Not Active, Not Active
2026/07/17 10:18:50.768, 1192, 877, 180.24, 63, 62, 100, 14342, Not Active, Not Active, Not Active
2026/07/17 10:18:50.820, 1192, 877, 191.38, 63, 62, 100, 14342, Not Active, Not Active, Not Active
2026/07/17 10:18:50.872, 1192, 877, 190.17, 63, 62, 100, 14342, Not Active, Not Active, Not Active
2026/07/17 10:18:50.923, 1192, 877, 173.28, 63, 63, 100, 14342, Not Active, Not Active, Not Active
2026/07/17 10:18:50.975, 1192, 877, 167.64, 63, 63, 100, 14342, Not Active, Not Active, Not Active
2026/07/17 10:18:51.029, 1192, 877, 138.73, 63, 63, 100, 14342, Not Active, Not Active, Not Active
2026/07/17 10:18:51.081, 1192, 877, 176.28, 63, 62, 100, 14342, Not Active, Not Active, Not Active
2026/07/17 10:18:51.133, 1192, 877, 183.71, 63, 62, 100, 14342, Not Active, Not Active, Not Active
2026/07/17 10:18:51.185, 1192, 877, 188.03, 63, 62, 100, 14342, Not Active, Not Active, Not Active
2026/07/17 10:18:51.236, 1192, 877, 187.42, 63, 63, 100, 14342, Not Active, Not Active, Not Active
2026/07/17 10:18:51.291, 1192, 877, 184.19, 63, 63, 100, 14342, Not Active, Not Active, Not Active
2026/07/17 10:18:51.343, 1192, 877, 158.63, 63, 63, 100, 14342, Not Active, Not Active, Not Active
2026/07/17 10:18:51.394, 1192, 877, 171.73, 64, 63, 100, 14342, Not Active, Not Active, Not Active
2026/07/17 10:18:51.446, 1192, 877, 174.49, 64, 63, 100, 14342, Not Active, Not Active, Not Active
2026/07/17 10:18:51.498, 1192, 877, 184.56, 63, 63, 100, 14342, Not Active, Not Active, Not Active
2026/07/17 10:18:51.551, 1192, 877, 193.78, 64, 63, 100, 14342, Not Active, Not Active, Not Active
2026/07/17 10:18:51.603, 1192, 877, 190.65, 63, 63, 100, 14342, Not Active, Not Active, Not Active
2026/07/17 10:18:51.655, 1192, 877, 180.36, 64, 63, 100, 14342, Not Active, Not Active, Not Active
2026/07/17 10:18:51.707, 1192, 877, 161.03, 64, 63, 100, 14342, Not Active, Not Active, Not Active
2026/07/17 10:18:51.759, 1192, 877, 157.02, 63, 63, 100, 14342, Not Active, Not Active, Not Active
2026/07/17 10:18:51.812, 1192, 877, 175.09, 63, 63, 100, 14342, Not Active, Not Active, Not Active
2026/07/17 10:18:51.864, 1192, 877, 181.20, 63, 63, 100, 14342, Not Active, Not Active, Not Active
2026/07/17 10:18:51.916, 1192, 877, 181.08, 64, 63, 100, 14342, Not Active, Not Active, Not Active
2026/07/17 10:18:51.968, 1192, 877, 190.90, 64, 63, 100, 14342, Not Active, Not Active, Not Active
2026/07/17 10:18:52.020, 1192, 877, 194.74, 64, 63, 100, 14342, Not Active, Not Active, Not Active
2026/07/17 10:18:52.074, 1192, 877, 173.17, 64, 63, 100, 14342, Not Active, Not Active, Not Active
2026/07/17 10:18:52.126, 1192, 877, 161.40, 64, 63, 100, 14342, Not Active, Not Active, Not Active
2026/07/17 10:18:52.177, 1192, 877, 174.61, 64, 63, 100, 14342, Not Active, Not Active, Not Active
2026/07/17 10:18:52.230, 1192, 877, 178.32, 64, 63, 100, 14342, Not Active, Not Active, Not Active
2026/07/17 10:18:52.281, 1192, 877, 175.93, 64, 63, 100, 14342, Not Active, Not Active, Not Active
2026/07/17 10:18:52.335, 1192, 877, 191.03, 64, 63, 100, 14342, Not Active, Not Active, Not Active
2026/07/17 10:18:52.386, 1192, 877, 192.82, 64, 63, 100, 14342, Not Active, Not Active, Not Active
2026/07/17 10:18:52.438, 1192, 877, 186.95, 64, 63, 100, 14342, Not Active, Not Active, Not Active
2026/07/17 10:18:52.490, 1192, 877, 152.86, 64, 64, 100, 14342, Not Active, Not Active, Not Active
2026/07/17 10:18:52.542, 1192, 877, 151.52, 64, 63, 100, 14342, Not Active, Not Active, Not Active
2026/07/17 10:18:52.594, 1192, 877, 170.89, 64, 64, 100, 14342, Not Active, Not Active, Not Active
2026/07/17 10:18:52.646, 1192, 877, 176.88, 64, 63, 100, 14342, Not Active, Not Active, Not Active
2026/07/17 10:18:52.698, 1192, 877, 188.63, 64, 64, 100, 14342, Not Active, Not Active, Not Active
2026/07/17 10:18:52.750, 1192, 877, 186.95, 64, 63, 100, 14342, Not Active, Not Active, Not Active
2026/07/17 10:18:52.801, 1192, 877, 183.11, 64, 64, 100, 14342, Not Active, Not Active, Not Active
2026/07/17 10:18:52.856, 1192, 877, 192.21, 64, 64, 100, 14342, Not Active, Not Active, Not Active
2026/07/17 10:18:52.909, 1192, 877, 168.71, 64, 64, 100, 14342, Not Active, Not Active, Not Active
2026/07/17 10:18:52.960, 1192, 877, 156.70, 64, 64, 100, 14342, Not Active, Not Active, Not Active
2026/07/17 10:18:53.013, 1192, 877, 173.88, 64, 64, 100, 14342, Not Active, Not Active, Not Active
2026/07/17 10:18:53.064, 1192, 877, 181.92, 64, 63, 100, 14342, Not Active, Not Active, Not Active
2026/07/17 10:18:53.118, 1192, 877, 182.15, 64, 63, 100, 14342, Not Active, Not Active, Not Active
2026/07/17 10:18:53.170, 1192, 877, 188.61, 64, 63, 100, 14342, Not Active, Not Active, Not Active
2026/07/17 10:18:53.222, 1192, 877, 192.09, 64, 64, 100, 14342, Not Active, Not Active, Not Active
2026/07/17 10:18:53.278, 1192, 877, 186.82, 64, 63, 100, 14342, Not Active, Not Active, Not Active
2026/07/17 10:18:53.330, 1192, 877, 178.20, 64, 64, 100, 14342, Not Active, Not Active, Not Active
2026/07/17 10:18:53.382, 1192, 877, 153.34, 64, 64, 100, 14342, Not Active, Not Active, Not Active
2026/07/17 10:18:53.434, 1192, 877, 166.20, 64, 64, 100, 14342, Not Active, Not Active, Not Active
2026/07/17 10:18:53.486, 1192, 877, 180.00, 65, 63, 100, 14342, Not Active, Not Active, Not Active
2026/07/17 10:18:53.539, 1192, 877, 179.52, 64, 63, 100, 14342, Not Active, Not Active, Not Active
2026/07/17 10:18:53.591, 1192, 877, 180.24, 64, 64, 100, 14342, Not Active, Not Active, Not Active
2026/07/17 10:18:53.642, 1192, 877, 192.69, 64, 64, 100, 14342, Not Active, Not Active, Not Active
2026/07/17 10:18:53.694, 1192, 877, 193.43, 64, 64, 100, 14342, Not Active, Not Active, Not Active
2026/07/17 10:18:53.746, 1192, 877, 181.80, 65, 64, 100, 14342, Not Active, Not Active, Not Active
2026/07/17 10:18:53.801, 1192, 877, 152.59, 65, 64, 100, 14342, Not Active, Not Active, Not Active
2026/07/17 10:18:53.853, 1192, 877, 165.24, 65, 64, 100, 14342, Not Active, Not Active, Not Active
2026/07/17 10:18:53.905, 1192, 877, 169.81, 65, 64, 100, 14342, Not Active, Not Active, Not Active
2026/07/17 10:18:53.957, 1192, 877, 185.76, 65, 64, 100, 14342, Not Active, Not Active, Not Active
2026/07/17 10:18:54.009, 1192, 877, 150.76, 64, 64, 100, 14342, Not Active, Not Active, Not Active
2026/07/17 10:18:54.061, 1192, 877, 185.63, 65, 64, 100, 14342, Not Active, Not Active, Not Active
2026/07/17 10:18:54.113, 1192, 877, 188.28, 65, 64, 100, 14342, Not Active, Not Active, Not Active
2026/07/17 10:18:54.164, 1192, 877, 193.78, 65, 64, 100, 14342, Not Active, Not Active, Not Active
2026/07/17 10:18:54.216, 1192, 877, 191.99, 65, 64, 100, 14342, Not Active, Not Active, Not Active
2026/07/17 10:18:54.268, 1192, 877, 198.31, 65, 64, 100, 14342, Not Active, Not Active, Not Active
2026/07/17 10:18:54.320, 1192, 877, 180.48, 65, 64, 100, 14342, Not Active, Not Active, Not Active
2026/07/17 10:18:54.372, 1192, 877, 152.00, 65, 64, 100, 14342, Not Active, Not Active, Not Active
2026/07/17 10:18:54.425, 1192, 877, 169.08, 65, 64, 100, 14342, Not Active, Not Active, Not Active
2026/07/17 10:18:54.477, 1192, 877, 180.60, 65, 64, 100, 14342, Not Active, Not Active, Not Active
2026/07/17 10:18:54.528, 1192, 877, 180.72, 65, 64, 100, 14342, Not Active, Not Active, Not Active
2026/07/17 10:18:54.580, 1192, 877, 181.55, 65, 64, 100, 14342, Not Active, Not Active, Not Active
2026/07/17 10:18:54.632, 1192, 877, 186.95, 65, 64, 100, 14342, Not Active, Not Active, Not Active
2026/07/17 10:18:54.687, 1192, 877, 187.07, 65, 64, 100, 14342, Not Active, Not Active, Not Active
2026/07/17 10:18:54.738, 1192, 877, 188.74, 65, 65, 100, 14342, Not Active, Not Active, Not Active
2026/07/17 10:18:54.790, 1192, 877, 186.24, 65, 64, 100, 14342, Not Active, Not Active, Not Active
2026/07/17 10:18:54.842, 1192, 877, 188.38, 65, 64, 100, 14342, Not Active, Not Active, Not Active
2026/07/17 10:18:54.894, 1192, 877, 154.78, 65, 64, 100, 14342, Not Active, Not Active, Not Active
2026/07/17 10:18:54.948, 1192, 877, 160.07, 65, 64, 100, 14342, Not Active, Not Active, Not Active
2026/07/17 10:18:55.000, 1192, 877, 171.37, 65, 65, 100, 14342, Not Active, Not Active, Not Active
2026/07/17 10:18:55.052, 1192, 877, 172.80, 65, 64, 100, 14342, Not Active, Not Active, Not Active
2026/07/17 10:18:55.104, 1192, 877, 188.51, 65, 64, 100, 14342, Not Active, Not Active, Not Active
2026/07/17 10:18:55.155, 1192, 877, 186.71, 65, 64, 100, 14342, Not Active, Not Active, Not Active
2026/07/17 10:18:55.211, 1192, 877, 188.99, 65, 65, 100, 14342, Not Active, Not Active, Not Active
2026/07/17 10:18:55.263, 1192, 877, 194.13, 65, 65, 100, 14342, Not Active, Not Active, Not Active
2026/07/17 10:18:55.315, 1192, 877, 191.86, 65, 64, 100, 14342, Not Active, Not Active, Not Active
2026/07/17 10:18:55.367, 1192, 877, 173.88, 65, 65, 100, 14342, Not Active, Not Active, Not Active
2026/07/17 10:18:55.418, 1192, 877, 147.68, 65, 65, 100, 14342, Not Active, Not Active, Not Active
2026/07/17 10:18:55.471, 1192, 877, 162.84, 65, 65, 100, 14342, Not Active, Not Active, Not Active
2026/07/17 10:18:55.523, 1192, 877, 135.27, 65, 65, 100, 14342, Not Active, Not Active, Not Active
2026/07/17 10:18:55.576, 1192, 877, 172.32, 65, 65, 100, 14342, Not Active, Not Active, Not Active
2026/07/17 10:18:55.627, 1192, 877, 179.28, 65, 65, 100, 14342, Not Active, Not Active, Not Active
2026/07/17 10:18:55.679, 1192, 877, 187.42, 65, 64, 100, 14342, Not Active, Not Active, Not Active
2026/07/17 10:18:55.736, 1192, 877, 188.99, 65, 64, 100, 14342, Not Active, Not Active, Not Active
2026/07/17 10:18:55.788, 1192, 877, 188.26, 65, 65, 100, 14342, Not Active, Not Active, Not Active
2026/07/17 10:18:55.840, 1192, 877, 192.21, 65, 65, 100, 14342, Not Active, Not Active, Not Active
2026/07/17 10:18:55.895, 1192, 877, 177.48, 66, 65, 100, 14342, Not Active, Not Active, Not Active
2026/07/17 10:18:55.947, 1192, 877, 165.24, 66, 65, 100, 14342, Not Active, Not Active, Not Active
2026/07/17 10:18:55.999, 1192, 877, 151.04, 66, 65, 100, 14342, Not Active, Not Active, Not Active
2026/07/17 10:18:56.051, 1192, 877, 162.73, 66, 65, 100, 14342, Not Active, Not Active, Not Active
2026/07/17 10:18:56.103, 1192, 877, 173.65, 66, 65, 100, 14342, Not Active, Not Active, Not Active
2026/07/17 10:18:56.157, 1192, 877, 179.76, 66, 65, 100, 14342, Not Active, Not Active, Not Active
2026/07/17 10:18:56.209, 1192, 877, 184.19, 65, 65, 100, 14342, Not Active, Not Active, Not Active
2026/07/17 10:18:56.261, 1192, 877, 191.38, 66, 65, 100, 14342, Not Active, Not Active, Not Active
2026/07/17 10:18:56.312, 1192, 877, 171.71, 65, 64, 100, 14342, Not Active, Not Active, Not Active
2026/07/17 10:18:56.364, 1192, 877, 190.78, 65, 65, 100, 14342, Not Active, Not Active, Not Active
2026/07/17 10:18:56.420, 1192, 877, 190.07, 66, 65, 100, 14342, Not Active, Not Active, Not Active
2026/07/17 10:18:56.472, 1192, 877, 192.21, 66, 65, 100, 14342, Not Active, Not Active, Not Active
2026/07/17 10:18:56.524, 1192, 877, 186.59, 66, 65, 100, 14342, Not Active, Not Active, Not Active
2026/07/17 10:18:56.576, 1192, 877, 174.24, 66, 65, 100, 14342, Not Active, Not Active, Not Active
2026/07/17 10:18:56.628, 1192, 877, 152.00, 66, 65, 100, 14342, Not Active, Not Active, Not Active
2026/07/17 10:18:56.679, 1192, 877, 154.41, 66, 65, 100, 14342, Not Active, Not Active, Not Active
2026/07/17 10:18:56.732, 1192, 877, 166.79, 66, 65, 100, 14342, Not Active, Not Active, Not Active
2026/07/17 10:18:56.783, 1192, 877, 172.10, 66, 65, 100, 14342, Not Active, Not Active, Not Active
2026/07/17 10:18:56.835, 1192, 877, 177.00, 66, 65, 100, 14342, Not Active, Not Active, Not Active
2026/07/17 10:18:56.887, 1192, 877, 176.89, 66, 65, 100, 14342, Not Active, Not Active, Not Active
2026/07/17 10:18:56.944, 1192, 877, 189.95, 66, 65, 100, 14342, Not Active, Not Active, Not Active
2026/07/17 10:18:56.995, 1192, 877, 185.74, 66, 65, 100, 14342, Not Active, Not Active, Not Active
2026/07/17 10:18:57.047, 1192, 877, 191.99, 66, 65, 100, 14342, Not Active, Not Active, Not Active
2026/07/17 10:18:57.099, 1192, 877, 179.76, 66, 65, 100, 14342, Not Active, Not Active, Not Active
2026/07/17 10:18:57.151, 1192, 877, 195.57, 66, 65, 100, 14342, Not Active, Not Active, Not Active
2026/07/17 10:18:57.205, 1192, 877, 198.57, 66, 65, 100, 14342, Not Active, Not Active, Not Active
2026/07/17 10:18:57.256, 1192, 877, 192.69, 66, 66, 100, 14342, Not Active, Not Active, Not Active
2026/07/17 10:18:57.308, 1192, 877, 177.72, 66, 65, 100, 14342, Not Active, Not Active, Not Active
2026/07/17 10:18:57.360, 1192, 877, 164.76, 66, 65, 100, 14342, Not Active, Not Active, Not Active
2026/07/17 10:18:57.412, 1192, 877, 149.22, 66, 65, 100, 14342, Not Active, Not Active, Not Active
2026/07/17 10:18:57.465, 1192, 877, 160.44, 66, 66, 100, 14342, Not Active, Not Active, Not Active
2026/07/17 10:18:57.517, 1192, 877, 172.32, 66, 65, 100, 14342, Not Active, Not Active, Not Active
2026/07/17 10:18:57.568, 1192, 877, 177.48, 66, 65, 100, 14342, Not Active, Not Active, Not Active
2026/07/17 10:18:57.620, 1192, 877, 180.48, 66, 65, 100, 14342, Not Active, Not Active, Not Active
2026/07/17 10:18:57.672, 1192, 877, 186.95, 66, 65, 100, 14342, Not Active, Not Active, Not Active
2026/07/17 10:18:57.724, 1192, 877, 183.11, 66, 65, 100, 14342, Not Active, Not Active, Not Active
2026/07/17 10:18:57.775, 1192, 877, 187.78, 66, 65, 100, 14342, Not Active, Not Active, Not Active
2026/07/17 10:18:57.830, 1192, 877, 191.74, 66, 65, 100, 14342, Not Active, Not Active, Not Active
2026/07/17 10:18:57.882, 1192, 877, 180.48, 66, 65, 100, 14342, Not Active, Not Active, Not Active
2026/07/17 10:18:57.934, 1192, 877, 189.69, 66, 65, 100, 14342, Not Active, Not Active, Not Active
2026/07/17 10:18:57.986, 1192, 877, 188.76, 66, 65, 100, 14342, Not Active, Not Active, Not Active
2026/07/17 10:18:58.037, 1192, 877, 195.57, 66, 66, 100, 14342, Not Active, Not Active, Not Active
2026/07/17 10:18:58.094, 1192, 877, 177.37, 66, 65, 100, 14342, Not Active, Not Active, Not Active
2026/07/17 10:18:58.177, 1192, 877, 188.86, 66, 65, 100, 14342, Not Active, Not Active, Not Active
2026/07/17 10:18:58.229, 1192, 877, 185.99, 66, 65, 100, 14342, Not Active, Not Active, Not Active
2026/07/17 10:18:58.280, 1192, 877, 187.90, 66, 66, 100, 14342, Not Active, Not Active, Not Active
2026/07/17 10:18:58.336, 1192, 877, 194.74, 66, 66, 100, 14342, Not Active, Not Active, Not Active
2026/07/17 10:18:58.387, 1192, 877, 175.57, 66, 66, 100, 14342, Not Active, Not Active, Not Active
2026/07/17 10:18:58.439, 1192, 877, 168.23, 66, 66, 100, 14342, Not Active, Not Active, Not Active
2026/07/17 10:18:58.491, 1192, 877, 158.15, 66, 66, 100, 14342, Not Active, Not Active, Not Active
2026/07/17 10:18:58.542, 1192, 877, 142.48, 66, 66, 100, 14342, Not Active, Not Active, Not Active
2026/07/17 10:18:58.595, 1192, 877, 154.78, 66, 66, 100, 14342, Not Active, Not Active, Not Active
2026/07/17 10:18:58.646, 1192, 877, 165.35, 66, 66, 100, 14342, Not Active, Not Active, Not Active
2026/07/17 10:18:58.700, 1192, 877, 151.80, 66, 66, 100, 14342, Not Active, Not Active, Not Active
2026/07/17 10:18:58.751, 1192, 877, 159.96, 67, 66, 100, 14342, Not Active, Not Active, Not Active
2026/07/17 10:18:58.803, 1192, 877, 165.24, 66, 66, 100, 14342, Not Active, Not Active, Not Active
2026/07/17 10:18:58.855, 1192, 877, 176.04, 67, 66, 100, 14342, Not Active, Not Active, Not Active
2026/07/17 10:18:58.907, 1192, 877, 187.07, 67, 65, 100, 14342, Not Active, Not Active, Not Active
2026/07/17 10:18:58.963, 1192, 877, 189.59, 66, 65, 100, 14342, Not Active, Not Active, Not Active
2026/07/17 10:18:59.015, 1192, 877, 184.32, 66, 65, 100, 14342, Not Active, Not Active, Not Active
2026/07/17 10:18:59.067, 1192, 877, 184.43, 67, 66, 100, 14342, Not Active, Not Active, Not Active
2026/07/17 10:18:59.119, 1192, 877, 191.86, 66, 66, 100, 14342, Not Active, Not Active, Not Active
2026/07/17 10:18:59.171, 1192, 877, 189.69, 67, 66, 100, 14342, Not Active, Not Active, Not Active
2026/07/17 10:18:59.226, 1192, 877, 198.57, 67, 66, 100, 14342, Not Active, Not Active, Not Active
2026/07/17 10:18:59.277, 1192, 877, 192.60, 67, 66, 100, 14342, Not Active, Not Active, Not Active
2026/07/17 10:18:59.329, 1192, 877, 176.64, 67, 66, 100, 14342, Not Active, Not Active, Not Active
2026/07/17 10:18:59.381, 1192, 877, 169.19, 67, 66, 100, 14342, Not Active, Not Active, Not Active
2026/07/17 10:18:59.433, 1192, 877, 146.81, 67, 66, 100, 14342, Not Active, Not Active, Not Active
2026/07/17 10:18:59.486, 1192, 877, 172.44, 67, 66, 100, 14342, Not Active, Not Active, Not Active
2026/07/17 10:18:59.538, 1192, 877, 166.79, 67, 66, 100, 14342, Not Active, Not Active, Not Active
2026/07/17 10:18:59.590, 1192, 877, 152.48, 67, 66, 100, 14342, Not Active, Not Active, Not Active
2026/07/17 10:18:59.641, 1192, 877, 141.33, 67, 66, 100, 14342, Not Active, Not Active, Not Active
2026/07/17 10:18:59.693, 1192, 877, 147.29, 67, 66, 100, 14342, Not Active, Not Active, Not Active
2026/07/17 10:18:59.745, 1192, 877, 158.63, 67, 66, 100, 14342, Not Active, Not Active, Not Active
2026/07/17 10:18:59.797, 1192, 877, 163.58, 67, 66, 100, 14342, Not Active, Not Active, Not Active
2026/07/17 10:18:59.849, 1192, 877, 170.63, 67, 66, 100, 14342, Not Active, Not Active, Not Active
2026/07/17 10:18:59.901, 1192, 877, 175.55, 67, 65, 100, 14342, Not Active, Not Active, Not Active
2026/07/17 10:18:59.953, 1192, 877, 175.32, 67, 66, 100, 14342, Not Active, Not Active, Not Active
2026/07/17 10:19:00.004, 1192, 877, 176.52, 67, 65, 100, 14342, Not Active, Not Active, Not Active
2026/07/17 10:19:00.056, 1192, 877, 184.67, 67, 66, 100, 14342, Not Active, Not Active, Not Active
2026/07/17 10:19:00.108, 1192, 877, 186.59, 67, 65, 100, 14342, Not Active, Not Active, Not Active
2026/07/17 10:19:00.160, 1192, 877, 188.38, 67, 66, 100, 14342, Not Active, Not Active, Not Active
2026/07/17 10:19:00.215, 1192, 877, 188.74, 67, 66, 100, 14342, Not Active, Not Active, Not Active
2026/07/17 10:19:00.267, 1192, 877, 164.02, 67, 66, 100, 14342, Not Active, Not Active, Not Active
2026/07/17 10:19:00.318, 1192, 877, 188.38, 67, 66, 100, 14342, Not Active, Not Active, Not Active
2026/07/17 10:19:00.370, 1192, 877, 184.92, 67, 66, 100, 14342, Not Active, Not Active, Not Active
2026/07/17 10:19:00.422, 1192, 877, 189.47, 67, 66, 100, 14342, Not Active, Not Active, Not Active
2026/07/17 10:19:00.478, 1192, 877, 182.51, 67, 66, 100, 14342, Not Active, Not Active, Not Active
2026/07/17 10:19:00.530, 1192, 877, 190.90, 67, 66, 100, 14342, Not Active, Not Active, Not Active
2026/07/17 10:19:00.582, 1192, 877, 193.30, 67, 66, 100, 14342, Not Active, Not Active, Not Active
2026/07/17 10:19:00.634, 1192, 877, 189.57, 67, 66, 100, 14342, Not Active, Not Active, Not Active
2026/07/17 10:19:00.686, 1192, 877, 182.76, 67, 66, 100, 14342, Not Active, Not Active, Not Active
2026/07/17 10:19:00.740, 1192, 877, 175.20, 67, 66, 100, 14342, Not Active, Not Active, Not Active
2026/07/17 10:19:00.792, 1192, 877, 168.23, 67, 67, 100, 14342, Not Active, Not Active, Not Active
2026/07/17 10:19:00.843, 1192, 877, 161.51, 67, 66, 100, 14342, Not Active, Not Active, Not Active
2026/07/17 10:19:00.895, 1192, 877, 153.55, 67, 67, 100, 14342, Not Active, Not Active, Not Active
2026/07/17 10:19:00.947, 1192, 877, 142.48, 67, 67, 100, 14342, Not Active, Not Active, Not Active
2026/07/17 10:19:01.001, 1192, 877, 156.60, 67, 67, 100, 14342, Not Active, Not Active, Not Active
2026/07/17 10:19:01.053, 1192, 877, 158.04, 67, 66, 100, 14342, Not Active, Not Active, Not Active
2026/07/17 10:19:01.105, 1192, 877, 138.16, 67, 66, 100, 14342, Not Active, Not Active, Not Active
2026/07/17 10:19:01.157, 1192, 877, 139.41, 67, 67, 100, 14342, Not Active, Not Active, Not Active
2026/07/17 10:19:01.209, 1192, 877, 152.59, 67, 66, 100, 14342, Not Active, Not Active, Not Active
2026/07/17 10:19:01.261, 1192, 877, 156.70, 67, 67, 100, 14342, Not Active, Not Active, Not Active
2026/07/17 10:19:01.313, 1192, 877, 159.48, 67, 66, 100, 14342, Not Active, Not Active, Not Active
2026/07/17 10:19:01.365, 1192, 877, 162.73, 67, 67, 100, 14342, Not Active, Not Active, Not Active
2026/07/17 10:19:01.416, 1192, 877, 169.19, 67, 66, 100, 14342, Not Active, Not Active, Not Active
2026/07/17 10:19:01.468, 1192, 877, 173.04, 67, 66, 100, 14342, Not Active, Not Active, Not Active
2026/07/17 10:19:01.520, 1192, 877, 178.32, 67, 66, 100, 14342, Not Active, Not Active, Not Active
2026/07/17 10:19:01.572, 1192, 877, 176.04, 67, 66, 100, 14342, Not Active, Not Active, Not Active
2026/07/17 10:19:01.624, 1192, 877, 171.25, 67, 66, 100, 14342, Not Active, Not Active, Not Active
2026/07/17 10:19:01.675, 1192, 877, 180.36, 67, 66, 100, 14342, Not Active, Not Active, Not Active
2026/07/17 10:19:01.729, 1192, 877, 183.84, 67, 66, 100, 14342, Not Active, Not Active, Not Active
2026/07/17 10:19:01.781, 1192, 877, 187.42, 67, 66, 100, 14342, Not Active, Not Active, Not Active
2026/07/17 10:19:01.832, 1192, 877, 188.63, 67, 66, 100, 14342, Not Active, Not Active, Not Active
2026/07/17 10:19:01.884, 1192, 877, 142.29, 67, 66, 100, 14342, Not Active, Not Active, Not Active
2026/07/17 10:19:01.936, 1192, 877, 188.89, 67, 66, 100, 14342, Not Active, Not Active, Not Active
2026/07/17 10:19:01.993, 1192, 877, 179.16, 67, 66, 100, 14342, Not Active, Not Active, Not Active
2026/07/17 10:19:02.045, 1192, 877, 185.63, 67, 66, 100, 14342, Not Active, Not Active, Not Active
2026/07/17 10:19:02.097, 1192, 877, 188.38, 68, 66, 100, 14342, Not Active, Not Active, Not Active
2026/07/17 10:19:02.149, 1192, 877, 183.95, 67, 67, 100, 14342, Not Active, Not Active, Not Active
2026/07/17 10:19:02.201, 1192, 877, 190.65, 67, 67, 100, 14342, Not Active, Not Active, Not Active
2026/07/17 10:19:02.255, 1192, 877, 191.74, 67, 66, 100, 14342, Not Active, Not Active, Not Active
2026/07/17 10:19:02.307, 1192, 877, 190.43, 68, 67, 100, 14342, Not Active, Not Active, Not Active
2026/07/17 10:19:02.359, 1192, 877, 184.55, 67, 66, 100, 14342, Not Active, Not Active, Not Active
2026/07/17 10:19:02.410, 1192, 877, 192.91, 67, 67, 100, 14342, Not Active, Not Active, Not Active
2026/07/17 10:19:02.462, 1192, 877, 192.21, 68, 67, 100, 14342, Not Active, Not Active, Not Active
2026/07/17 10:19:02.514, 1192, 877, 194.61, 68, 67, 100, 14342, Not Active, Not Active, Not Active
2026/07/17 10:19:02.566, 1192, 877, 190.65, 68, 67, 100, 14342, Not Active, Not Active, Not Active
2026/07/17 10:19:02.618, 1192, 877, 191.74, 68, 67, 100, 14342, Not Active, Not Active, Not Active
2026/07/17 10:19:02.670, 1192, 877, 186.71, 68, 67, 100, 14342, Not Active, Not Active, Not Active
2026/07/17 10:19:02.725, 1192, 877, 190.30, 67, 67, 100, 14342, Not Active, Not Active, Not Active
2026/07/17 10:19:02.777, 1192, 877, 195.22, 67, 67, 100, 14342, Not Active, Not Active, Not Active
2026/07/17 10:19:02.829, 1192, 877, 194.61, 68, 67, 100, 14342, Not Active, Not Active, Not Active
2026/07/17 10:19:02.880, 1192, 877, 190.65, 68, 67, 100, 14342, Not Active, Not Active, Not Active
2026/07/17 10:19:02.932, 1192, 877, 185.63, 68, 67, 100, 14342, Not Active, Not Active, Not Active
2026/07/17 10:19:02.988, 1192, 877, 184.32, 68, 67, 100, 14342, Not Active, Not Active, Not Active
2026/07/17 10:19:03.039, 1192, 877, 182.52, 68, 67, 100, 14342, Not Active, Not Active, Not Active
2026/07/17 10:19:03.091, 1192, 877, 180.36, 68, 67, 100, 14342, Not Active, Not Active, Not Active
2026/07/17 10:19:03.143, 1192, 877, 175.20, 68, 67, 100, 14342, Not Active, Not Active, Not Active
2026/07/17 10:19:03.195, 1192, 877, 166.68, 68, 67, 100, 14342, Not Active, Not Active, Not Active
2026/07/17 10:19:03.250, 1192, 877, 163.91, 68, 67, 100, 14342, Not Active, Not Active, Not Active
2026/07/17 10:19:03.301, 1192, 877, 161.99, 68, 67, 100, 14342, Not Active, Not Active, Not Active
2026/07/17 10:19:03.353, 1192, 877, 155.26, 68, 67, 100, 14342, Not Active, Not Active, Not Active
2026/07/17 10:19:03.405, 1192, 877, 155.74, 68, 67, 100, 14342, Not Active, Not Active, Not Active
2026/07/17 10:19:03.457, 1192, 877, 137.68, 68, 67, 100, 14342, Not Active, Not Active, Not Active
2026/07/17 10:19:03.513, 1192, 877, 145.75, 68, 67, 100, 14342, Not Active, Not Active, Not Active
2026/07/17 10:19:03.565, 1192, 877, 164.76, 68, 67, 100, 14342, Not Active, Not Active, Not Active
2026/07/17 10:19:03.617, 1192, 877, 169.08, 68, 67, 100, 14342, Not Active, Not Active, Not Active
2026/07/17 10:19:03.668, 1192, 877, 167.05, 68, 67, 100, 14342, Not Active, Not Active, Not Active
2026/07/17 10:19:03.720, 1192, 877, 168.23, 68, 67, 100, 14342, Not Active, Not Active, Not Active
2026/07/17 10:19:03.772, 1192, 877, 165.24, 68, 67, 100, 14342, Not Active, Not Active, Not Active
2026/07/17 10:19:03.824, 1192, 877, 160.92, 68, 67, 100, 14342, Not Active, Not Active, Not Active
2026/07/17 10:19:03.878, 1192, 877, 156.43, 68, 67, 100, 14342, Not Active, Not Active, Not Active
2026/07/17 10:19:03.930, 1192, 877, 157.18, 68, 68, 100, 14342, Not Active, Not Active, Not Active
2026/07/17 10:19:03.982, 1192, 877, 157.29, 68, 67, 100, 14342, Not Active, Not Active, Not Active
2026/07/17 10:19:04.033, 1192, 877, 155.85, 68, 68, 100, 14342, Not Active, Not Active, Not Active
2026/07/17 10:19:04.085, 1192, 877, 152.48, 68, 68, 100, 14342, Not Active, Not Active, Not Active
2026/07/17 10:19:04.137, 1192, 877, 152.48, 68, 67, 100, 14342, Not Active, Not Active, Not Active
2026/07/17 10:19:04.189, 1192, 877, 154.99, 68, 68, 100, 14342, Not Active, Not Active, Not Active
2026/07/17 10:19:04.241, 1192, 877, 147.20, 68, 67, 100, 14342, Not Active, Not Active, Not Active
2026/07/17 10:19:04.293, 1192, 877, 142.48, 68, 68, 100, 14342, Not Active, Not Active, Not Active
2026/07/17 10:19:04.346, 1192, 877, 138.64, 68, 68, 100, 14342, Not Active, Not Active, Not Active
2026/07/17 10:19:04.398, 1192, 877, 172.92, 68, 67, 100, 14342, Not Active, Not Active, Not Active
2026/07/17 10:19:04.451, 1192, 877, 174.48, 68, 68, 100, 14342, Not Active, Not Active, Not Active
2026/07/17 10:19:04.502, 1192, 877, 175.80, 68, 67, 100, 14342, Not Active, Not Active, Not Active
2026/07/17 10:19:04.554, 1192, 877, 175.32, 68, 67, 100, 14342, Not Active, Not Active, Not Active
2026/07/17 10:19:04.606, 1192, 877, 172.69, 68, 68, 100, 14342, Not Active, Not Active, Not Active
2026/07/17 10:19:04.658, 1192, 877, 172.21, 68, 68, 100, 14342, Not Active, Not Active, Not Active
2026/07/17 10:19:04.710, 1192, 877, 173.28, 68, 68, 100, 14342, Not Active, Not Active, Not Active
2026/07/17 10:19:04.762, 1192, 877, 169.08, 68, 68, 100, 14342, Not Active, Not Active, Not Active
2026/07/17 10:19:04.815, 1192, 877, 171.11, 68, 68, 100, 14342, Not Active, Not Active, Not Active
2026/07/17 10:19:04.867, 1192, 877, 172.92, 68, 68, 100, 14342, Not Active, Not Active, Not Active
2026/07/17 10:19:04.919, 1192, 877, 171.37, 68, 68, 100, 14342, Not Active, Not Active, Not Active
2026/07/17 10:19:04.971, 1192, 877, 168.97, 68, 68, 100, 14342, Not Active, Not Active, Not Active
2026/07/17 10:19:05.023, 1192, 877, 174.00, 68, 68, 100, 14342, Not Active, Not Active, Not Active
2026/07/17 10:19:05.075, 1192, 877, 175.68, 68, 68, 100, 14342, Not Active, Not Active, Not Active
2026/07/17 10:19:05.126, 1192, 877, 178.20, 68, 68, 100, 14342, Not Active, Not Active, Not Active
2026/07/17 10:19:05.178, 1192, 877, 176.76, 68, 68, 100, 14342, Not Active, Not Active, Not Active
2026/07/17 10:19:05.231, 1192, 877, 194.39, 68, 67, 100, 14342, Not Active, Not Active, Not Active
2026/07/17 10:19:05.286, 1192, 877, 200.84, 68, 67, 100, 14342, Not Active, Not Active, Not Active
2026/07/17 10:19:05.338, 1192, 877, 195.83, 68, 68, 100, 14342, Not Active, Not Active, Not Active
2026/07/17 10:19:05.390, 1192, 877, 196.26, 68, 68, 100, 14342, Not Active, Not Active, Not Active
2026/07/17 10:19:05.442, 1192, 877, 197.14, 68, 67, 100, 14342, Not Active, Not Active, Not Active
2026/07/17 10:19:05.493, 1192, 877, 189.69, 68, 68, 100, 14342, Not Active, Not Active, Not Active
2026/07/17 10:19:05.548, 1192, 877, 200.84, 68, 68, 100, 14342, Not Active, Not Active, Not Active
2026/07/17 10:19:05.600, 1192, 877, 181.08, 68, 68, 100, 14342, Not Active, Not Active, Not Active
2026/07/17 10:19:05.657, 1192, 877, 178.92, 68, 68, 100, 14342, Not Active, Not Active, Not Active
2026/07/17 10:19:05.709, 1192, 877, 186.59, 68, 68, 100, 14342, Not Active, Not Active, Not Active
2026/07/17 10:19:05.760, 1192, 877, 188.15, 68, 68, 100, 14342, Not Active, Not Active, Not Active
2026/07/17 10:19:05.813, 1192, 877, 186.95, 68, 68, 100, 14342, Not Active, Not Active, Not Active
2026/07/17 10:19:05.864, 1192, 877, 179.52, 68, 68, 100, 14342, Not Active, Not Active, Not Active
2026/07/17 10:19:05.920, 1192, 877, 177.36, 68, 68, 100, 14342, Not Active, Not Active, Not Active
2026/07/17 10:19:05.972, 1192, 877, 178.44, 68, 68, 100, 14342, Not Active, Not Active, Not Active
2026/07/17 10:19:06.024, 1192, 877, 176.16, 68, 68, 100, 14342, Not Active, Not Active, Not Active
2026/07/17 10:19:06.075, 1192, 877, 177.25, 68, 67, 100, 14342, Not Active, Not Active, Not Active
2026/07/17 10:19:06.127, 1192, 877, 192.57, 68, 68, 100, 14342, Not Active, Not Active, Not Active
2026/07/17 10:19:06.179, 1192, 877, 188.03, 68, 67, 100, 14342, Not Active, Not Active, Not Active
2026/07/17 10:19:06.231, 1192, 877, 191.26, 68, 68, 100, 14342, Not Active, Not Active, Not Active
2026/07/17 10:19:06.283, 1192, 877, 190.65, 68, 68, 100, 14342, Not Active, Not Active, Not Active
2026/07/17 10:19:06.335, 1192, 877, 190.55, 68, 68, 100, 14342, Not Active, Not Active, Not Active
2026/07/17 10:19:06.391, 1192, 877, 190.90, 68, 68, 100, 14342, Not Active, Not Active, Not Active
2026/07/17 10:19:06.442, 1192, 877, 192.34, 68, 67, 100, 14342, Not Active, Not Active, Not Active
2026/07/17 10:19:06.494, 1192, 877, 191.26, 69, 68, 100, 14342, Not Active, Not Active, Not Active
2026/07/17 10:19:06.546, 1192, 877, 195.57, 68, 67, 100, 14342, Not Active, Not Active, Not Active
2026/07/17 10:19:06.598, 1192, 877, 191.26, 68, 68, 100, 14342, Not Active, Not Active, Not Active
2026/07/17 10:19:06.650, 1192, 877, 188.99, 69, 68, 100, 14342, Not Active, Not Active, Not Active
2026/07/17 10:19:06.702, 1192, 877, 191.61, 69, 68, 100, 14342, Not Active, Not Active, Not Active
2026/07/17 10:19:06.756, 1192, 877, 190.78, 68, 67, 100, 14342, Not Active, Not Active, Not Active
2026/07/17 10:19:06.808, 1192, 877, 183.47, 68, 68, 100, 14342, Not Active, Not Active, Not Active
2026/07/17 10:19:06.860, 1192, 877, 182.15, 69, 68, 100, 14342, Not Active, Not Active, Not Active
2026/07/17 10:19:06.912, 1192, 877, 135.36, 69, 68, 100, 14342, Not Active, Not Active, Not Active
2026/07/17 10:19:06.963, 1192, 877, 169.81, 68, 68, 100, 14342, Not Active, Not Active, Not Active
2026/07/17 10:19:07.015, 1192, 877, 163.69, 68, 68, 100, 14342, Not Active, Not Active, Not Active
2026/07/17 10:19:07.067, 1192, 877, 167.05, 68, 67, 100, 14342, Not Active, Not Active, Not Active
2026/07/17 10:19:07.120, 1192, 877, 166.31, 69, 68, 100, 14342, Not Active, Not Active, Not Active
2026/07/17 10:19:07.172, 1192, 877, 160.55, 69, 68, 100, 14342, Not Active, Not Active, Not Active
2026/07/17 10:19:07.223, 1192, 877, 155.26, 69, 68, 100, 14342, Not Active, Not Active, Not Active
2026/07/17 10:19:07.275, 1192, 877, 143.35, 68, 68, 100, 14342, Not Active, Not Active, Not Active
2026/07/17 10:19:07.327, 1192, 877, 147.29, 69, 68, 100, 14342, Not Active, Not Active, Not Active
2026/07/17 10:19:07.381, 1192, 877, 143.93, 69, 68, 100, 14342, Not Active, Not Active, Not Active
2026/07/17 10:19:07.433, 1192, 877, 138.54, 69, 68, 100, 14342, Not Active, Not Active, Not Active
2026/07/17 10:19:07.485, 1192, 877, 136.71, 69, 68, 100, 14342, Not Active, Not Active, Not Active
2026/07/17 10:19:07.536, 1192, 877, 138.64, 69, 68, 100, 14342, Not Active, Not Active, Not Active
2026/07/17 10:19:07.588, 1192, 877, 147.77, 69, 68, 100, 14342, Not Active, Not Active, Not Active
2026/07/17 10:19:07.640, 1192, 877, 154.89, 69, 68, 100, 14342, Not Active, Not Active, Not Active
2026/07/17 10:19:07.692, 1192, 877, 157.77, 69, 68, 100, 14342, Not Active, Not Active, Not Active
2026/07/17 10:19:07.745, 1192, 877, 155.74, 69, 68, 100, 14342, Not Active, Not Active, Not Active
2026/07/17 10:19:07.797, 1192, 877, 191.03, 68, 68, 100, 14342, Not Active, Not Active, Not Active
2026/07/17 10:19:07.848, 1192, 877, 190.30, 69, 68, 100, 14342, Not Active, Not Active, Not Active
2026/07/17 10:19:07.900, 1192, 877, 192.21, 69, 68, 100, 14342, Not Active, Not Active, Not Active
2026/07/17 10:19:07.952, 1192, 877, 195.09, 69, 68, 100, 14342, Not Active, Not Active, Not Active
2026/07/17 10:19:08.008, 1192, 877, 192.34, 69, 68, 100, 14342, Not Active, Not Active, Not Active
2026/07/17 10:19:08.060, 1192, 877, 194.13, 69, 68, 100, 14342, Not Active, Not Active, Not Active
2026/07/17 10:19:08.111, 1192, 877, 192.69, 69, 68, 100, 14342, Not Active, Not Active, Not Active
2026/07/17 10:19:08.164, 1192, 877, 192.82, 69, 68, 100, 14342, Not Active, Not Active, Not Active
2026/07/17 10:19:08.215, 1192, 877, 191.38, 69, 68, 100, 14342, Not Active, Not Active, Not Active
2026/07/17 10:19:08.268, 1192, 877, 192.09, 69, 68, 100, 14342, Not Active, Not Active, Not Active
2026/07/17 10:19:08.320, 1192, 877, 189.34, 69, 68, 100, 14342, Not Active, Not Active, Not Active
2026/07/17 10:19:08.372, 1192, 877, 178.80, 69, 68, 100, 14342, Not Active, Not Active, Not Active
2026/07/17 10:19:08.424, 1192, 877, 174.37, 69, 68, 100, 14342, Not Active, Not Active, Not Active
2026/07/17 10:19:08.476, 1192, 877, 177.25, 69, 67, 100, 14342, Not Active, Not Active, Not Active
2026/07/17 10:19:08.529, 1192, 877, 180.84, 69, 68, 100, 14342, Not Active, Not Active, Not Active
2026/07/17 10:19:08.581, 1192, 877, 177.61, 69, 67, 100, 14342, Not Active, Not Active, Not Active
2026/07/17 10:19:08.632, 1192, 877, 102.84, 69, 67, 100, 14342, Not Active, Not Active, Not Active
2026/07/17 10:19:08.687, 1192, 877, 158.52, 69, 68, 100, 14342, Not Active, Not Active, Not Active
2026/07/17 10:19:08.739, 1192, 877, 153.93, 69, 68, 100, 14342, Not Active, Not Active, Not Active
2026/07/17 10:19:08.791, 1192, 877, 145.75, 69, 68, 100, 14342, Not Active, Not Active, Not Active
2026/07/17 10:19:08.843, 1192, 877, 132.78, 69, 69, 100, 14342, Not Active, Not Active, Not Active
2026/07/17 10:19:08.894, 1192, 877, 138.73, 69, 68, 100, 14342, Not Active, Not Active, Not Active
2026/07/17 10:19:08.946, 1192, 877, 153.82, 69, 68, 100, 14342, Not Active, Not Active, Not Active
2026/07/17 10:19:08.998, 1192, 877, 157.18, 69, 68, 100, 14342, Not Active, Not Active, Not Active
2026/07/17 10:19:09.052, 1192, 877, 160.44, 69, 68, 100, 14342, Not Active, Not Active, Not Active
2026/07/17 10:19:09.103, 1192, 877, 169.56, 69, 68, 100, 14342, Not Active, Not Active, Not Active
2026/07/17 10:19:09.155, 1192, 877, 177.72, 69, 68, 100, 14342, Not Active, Not Active, Not Active
2026/07/17 10:19:09.207, 1192, 877, 183.59, 69, 68, 100, 14342, Not Active, Not Active, Not Active
2026/07/17 10:19:09.259, 1192, 877, 181.32, 69, 69, 100, 14342, Not Active, Not Active, Not Active
2026/07/17 10:19:09.315, 1192, 877, 193.08, 69, 68, 100, 14342, Not Active, Not Active, Not Active
2026/07/17 10:19:09.366, 1192, 877, 190.52, 69, 68, 100, 14342, Not Active, Not Active, Not Active
2026/07/17 10:19:09.418, 1192, 877, 192.82, 69, 69, 100, 14342, Not Active, Not Active, Not Active
2026/07/17 10:19:09.474, 1192, 877, 199.88, 69, 69, 100, 14342, Not Active, Not Active, Not Active
2026/07/17 10:19:09.526, 1192, 877, 169.33, 69, 67, 100, 14342, Not Active, Not Active, Not Active
2026/07/17 10:19:09.578, 1192, 877, 185.03, 69, 68, 100, 14342, Not Active, Not Active, Not Active
2026/07/17 10:19:09.630, 1192, 877, 184.07, 69, 67, 100, 14342, Not Active, Not Active, Not Active
2026/07/17 10:19:09.682, 1192, 877, 185.28, 69, 68, 100, 14342, Not Active, Not Active, Not Active
2026/07/17 10:19:09.735, 1192, 877, 185.76, 69, 68, 100, 14342, Not Active, Not Active, Not Active
2026/07/17 10:19:09.787, 1192, 877, 179.52, 69, 68, 100, 14342, Not Active, Not Active, Not Active
2026/07/17 10:19:09.838, 1192, 877, 178.32, 69, 68, 100, 14342, Not Active, Not Active, Not Active
2026/07/17 10:19:09.892, 1192, 877, 173.88, 69, 68, 100, 14342, Not Active, Not Active, Not Active
2026/07/17 10:19:09.944, 1192, 877, 167.64, 69, 68, 100, 14342, Not Active, Not Active, Not Active
2026/07/17 10:19:09.996, 1192, 877, 155.74, 69, 68, 100, 14342, Not Active, Not Active, Not Active
2026/07/17 10:19:10.048, 1192, 877, 143.83, 69, 68, 100, 14342, Not Active, Not Active, Not Active
2026/07/17 10:19:10.099, 1192, 877, 135.84, 69, 69, 100, 14342, Not Active, Not Active, Not Active
2026/07/17 10:19:10.151, 1192, 877, 138.16, 69, 69, 100, 14342, Not Active, Not Active, Not Active
2026/07/17 10:19:10.203, 1192, 877, 150.08, 69, 68, 100, 14342, Not Active, Not Active, Not Active
2026/07/17 10:19:10.255, 1192, 877, 158.63, 69, 68, 100, 14342, Not Active, Not Active, Not Active
2026/07/17 10:19:10.307, 1192, 877, 165.24, 69, 69, 100, 14342, Not Active, Not Active, Not Active
2026/07/17 10:19:10.359, 1192, 877, 172.21, 69, 69, 100, 14342, Not Active, Not Active, Not Active
2026/07/17 10:19:10.411, 1192, 877, 182.40, 69, 68, 100, 14342, Not Active, Not Active, Not Active
2026/07/17 10:19:10.462, 1192, 877, 194.61, 69, 68, 100, 14342, Not Active, Not Active, Not Active
2026/07/17 10:19:10.519, 1192, 877, 187.07, 69, 68, 100, 14342, Not Active, Not Active, Not Active
2026/07/17 10:19:10.571, 1192, 877, 190.43, 69, 68, 100, 14342, Not Active, Not Active, Not Active
2026/07/17 10:19:10.622, 1192, 877, 181.20, 69, 68, 100, 14342, Not Active, Not Active, Not Active
2026/07/17 10:19:10.675, 1192, 877, 185.28, 69, 67, 100, 14342, Not Active, Not Active, Not Active
2026/07/17 10:19:10.726, 1192, 877, 172.80, 69, 67, 100, 14342, Not Active, Not Active, Not Active
2026/07/17 10:19:10.778, 1192, 877, 177.84, 69, 68, 100, 14342, Not Active, Not Active, Not Active
2026/07/17 10:19:10.830, 1192, 877, 160.23, 69, 68, 100, 14342, Not Active, Not Active, Not Active
2026/07/17 10:19:10.882, 1192, 877, 156.70, 69, 68, 100, 14342, Not Active, Not Active, Not Active
2026/07/17 10:19:10.933, 1192, 877, 141.04, 69, 69, 100, 14342, Not Active, Not Active, Not Active
2026/07/17 10:19:10.985, 1192, 877, 133.92, 69, 69, 100, 14342, Not Active, Not Active, Not Active
2026/07/17 10:19:11.038, 1192, 877, 138.64, 69, 69, 100, 14342, Not Active, Not Active, Not Active
2026/07/17 10:19:11.090, 1192, 877, 152.96, 69, 69, 100, 14342, Not Active, Not Active, Not Active
2026/07/17 10:19:11.142, 1192, 877, 161.40, 69, 69, 100, 14342, Not Active, Not Active, Not Active
2026/07/17 10:19:11.194, 1192, 877, 167.16, 69, 69, 100, 14342, Not Active, Not Active, Not Active
2026/07/17 10:19:11.245, 1192, 877, 168.71, 69, 69, 100, 14342, Not Active, Not Active, Not Active
2026/07/17 10:19:11.301, 1192, 877, 187.80, 69, 68, 100, 14342, Not Active, Not Active, Not Active
2026/07/17 10:19:11.353, 1192, 877, 188.99, 69, 68, 100, 14342, Not Active, Not Active, Not Active
2026/07/17 10:19:11.405, 1192, 877, 187.42, 69, 68, 100, 14342, Not Active, Not Active, Not Active
2026/07/17 10:19:11.457, 1192, 877, 183.59, 69, 68, 100, 14342, Not Active, Not Active, Not Active
2026/07/17 10:19:11.509, 1192, 877, 182.03, 69, 68, 100, 14342, Not Active, Not Active, Not Active
2026/07/17 10:19:11.562, 1192, 877, 182.28, 69, 68, 100, 14342, Not Active, Not Active, Not Active
2026/07/17 10:19:11.614, 1192, 877, 169.93, 69, 68, 100, 14342, Not Active, Not Active, Not Active
2026/07/17 10:19:11.666, 1192, 877, 162.14, 69, 68, 100, 14342, Not Active, Not Active, Not Active
2026/07/17 10:19:11.718, 1192, 877, 158.04, 69, 68, 100, 14342, Not Active, Not Active, Not Active
2026/07/17 10:19:11.770, 1192, 877, 145.66, 69, 68, 100, 14342, Not Active, Not Active, Not Active
2026/07/17 10:19:11.821, 1192, 877, 132.87, 69, 68, 100, 14342, Not Active, Not Active, Not Active
2026/07/17 10:19:11.873, 1192, 877, 139.60, 70, 69, 100, 14342, Not Active, Not Active, Not Active
2026/07/17 10:19:11.925, 1192, 877, 155.74, 69, 69, 100, 14342, Not Active, Not Active, Not Active
2026/07/17 10:19:11.977, 1192, 877, 164.28, 69, 69, 100, 14342, Not Active, Not Active, Not Active
2026/07/17 10:19:12.028, 1192, 877, 167.16, 69, 69, 100, 14342, Not Active, Not Active, Not Active
2026/07/17 10:19:12.084, 1192, 877, 175.93, 69, 69, 100, 14342, Not Active, Not Active, Not Active
2026/07/17 10:19:12.135, 1192, 877, 194.74, 69, 69, 100, 14342, Not Active, Not Active, Not Active
2026/07/17 10:19:12.187, 1192, 877, 169.81, 69, 68, 100, 14342, Not Active, Not Active, Not Active
2026/07/17 10:19:12.239, 1192, 877, 177.60, 69, 68, 100, 14342, Not Active, Not Active, Not Active
2026/07/17 10:19:12.291, 1192, 877, 186.59, 69, 68, 100, 14342, Not Active, Not Active, Not Active
2026/07/17 10:19:12.345, 1192, 877, 178.44, 69, 68, 100, 14342, Not Active, Not Active, Not Active
2026/07/17 10:19:12.397, 1192, 877, 178.68, 69, 68, 100, 14342, Not Active, Not Active, Not Active
2026/07/17 10:19:12.448, 1192, 877, 160.33, 70, 68, 100, 14342, Not Active, Not Active, Not Active
2026/07/17 10:19:12.500, 1192, 877, 151.52, 69, 68, 100, 14342, Not Active, Not Active, Not Active
2026/07/17 10:19:12.552, 1192, 877, 132.95, 69, 69, 100, 14342, Not Active, Not Active, Not Active
2026/07/17 10:19:12.604, 1192, 877, 140.56, 69, 69, 100, 14342, Not Active, Not Active, Not Active
2026/07/17 10:19:12.655, 1192, 877, 157.29, 70, 69, 100, 14342, Not Active, Not Active, Not Active
2026/07/17 10:19:12.707, 1192, 877, 164.17, 70, 69, 100, 14342, Not Active, Not Active, Not Active
2026/07/17 10:19:12.759, 1192, 877, 182.88, 70, 69, 100, 14342, Not Active, Not Active, Not Active
2026/07/17 10:19:12.811, 1192, 877, 176.04, 70, 69, 100, 14342, Not Active, Not Active, Not Active
2026/07/17 10:19:12.867, 1192, 877, 197.62, 69, 69, 100, 14342, Not Active, Not Active, Not Active
2026/07/17 10:19:12.919, 1192, 877, 192.21, 69, 69, 100, 14342, Not Active, Not Active, Not Active
2026/07/17 10:19:12.971, 1192, 877, 182.51, 70, 69, 100, 14342, Not Active, Not Active, Not Active
2026/07/17 10:19:13.023, 1192, 877, 190.90, 69, 69, 100, 14342, Not Active, Not Active, Not Active
2026/07/17 10:19:13.074, 1192, 877, 135.93, 69, 68, 100, 14342, Not Active, Not Active, Not Active
2026/07/17 10:19:13.126, 1192, 877, 162.36, 69, 68, 100, 14342, Not Active, Not Active, Not Active
2026/07/17 10:19:13.178, 1192, 877, 149.02, 69, 68, 100, 14342, Not Active, Not Active, Not Active
2026/07/17 10:19:13.230, 1192, 877, 130.94, 70, 69, 100, 14342, Not Active, Not Active, Not Active
2026/07/17 10:19:13.281, 1192, 877, 141.04, 70, 69, 100, 14342, Not Active, Not Active, Not Active
2026/07/17 10:19:13.333, 1192, 877, 156.22, 70, 69, 100, 14342, Not Active, Not Active, Not Active
2026/07/17 10:19:13.387, 1192, 877, 164.28, 70, 69, 100, 14342, Not Active, Not Active, Not Active
2026/07/17 10:19:13.439, 1192, 877, 178.92, 70, 69, 100, 14342, Not Active, Not Active, Not Active
2026/07/17 10:19:13.491, 1192, 877, 198.31, 70, 69, 100, 14342, Not Active, Not Active, Not Active
2026/07/17 10:19:13.542, 1192, 877, 192.21, 70, 69, 100, 14342, Not Active, Not Active, Not Active
2026/07/17 10:19:13.594, 1192, 877, 193.17, 70, 69, 100, 14342, Not Active, Not Active, Not Active
2026/07/17 10:19:13.650, 1192, 877, 192.21, 69, 69, 100, 14342, Not Active, Not Active, Not Active
2026/07/17 10:19:13.702, 1192, 877, 186.47, 69, 69, 100, 14342, Not Active, Not Active, Not Active
2026/07/17 10:19:13.754, 1192, 877, 179.04, 70, 68, 100, 14342, Not Active, Not Active, Not Active
2026/07/17 10:19:13.806, 1192, 877, 177.25, 70, 68, 100, 14342, Not Active, Not Active, Not Active
2026/07/17 10:19:13.857, 1192, 877, 165.98, 70, 68, 100, 14342, Not Active, Not Active, Not Active
2026/07/17 10:19:13.909, 1192, 877, 162.73, 70, 68, 100, 14342, Not Active, Not Active, Not Active
2026/07/17 10:19:13.961, 1192, 877, 150.56, 70, 69, 100, 14342, Not Active, Not Active, Not Active
2026/07/17 10:19:14.012, 1192, 877, 170.52, 70, 69, 100, 14342, Not Active, Not Active, Not Active
2026/07/17 10:19:14.064, 1192, 877, 188.86, 70, 69, 100, 14342, Not Active, Not Active, Not Active
2026/07/17 10:19:14.116, 1192, 877, 198.92, 70, 69, 100, 14342, Not Active, Not Active, Not Active
2026/07/17 10:19:14.172, 1192, 877, 192.34, 70, 69, 100, 14342, Not Active, Not Active, Not Active
2026/07/17 10:19:14.224, 1192, 877, 193.30, 70, 69, 100, 14342, Not Active, Not Active, Not Active
2026/07/17 10:19:14.276, 1192, 877, 189.47, 69, 69, 100, 14342, Not Active, Not Active, Not Active
2026/07/17 10:19:14.328, 1192, 877, 173.42, 69, 69, 100, 14342, Not Active, Not Active, Not Active
2026/07/17 10:19:14.380, 1192, 877, 186.11, 70, 68, 100, 14342, Not Active, Not Active, Not Active
2026/07/17 10:19:14.432, 1192, 877, 167.05, 70, 69, 100, 14342, Not Active, Not Active, Not Active
2026/07/17 10:19:14.484, 1192, 877, 163.65, 70, 69, 100, 14342, Not Active, Not Active, Not Active
2026/07/17 10:19:14.535, 1192, 877, 141.04, 70, 69, 100, 14342, Not Active, Not Active, Not Active
2026/07/17 10:19:14.587, 1192, 877, 133.92, 70, 70, 100, 14342, Not Active, Not Active, Not Active
2026/07/17 10:19:14.639, 1192, 877, 150.56, 70, 69, 100, 14342, Not Active, Not Active, Not Active
2026/07/17 10:19:14.691, 1192, 877, 161.51, 70, 69, 100, 14342, Not Active, Not Active, Not Active
2026/07/17 10:19:14.743, 1192, 877, 183.84, 70, 69, 100, 14342, Not Active, Not Active, Not Active
2026/07/17 10:19:14.795, 1192, 877, 193.39, 70, 69, 100, 14342, Not Active, Not Active, Not Active
2026/07/17 10:19:14.846, 1192, 877, 185.38, 70, 69, 100, 14342, Not Active, Not Active, Not Active
2026/07/17 10:19:14.898, 1192, 877, 160.65, 69, 68, 100, 14342, Not Active, Not Active, Not Active
2026/07/17 10:19:14.952, 1192, 877, 172.21, 69, 68, 100, 14342, Not Active, Not Active, Not Active
2026/07/17 10:19:15.004, 1192, 877, 158.89, 70, 68, 100, 14342, Not Active, Not Active, Not Active
2026/07/17 10:19:15.055, 1192, 877, 147.68, 70, 69, 100, 14342, Not Active, Not Active, Not Active
2026/07/17 10:19:15.108, 1192, 877, 131.99, 70, 70, 100, 14342, Not Active, Not Active, Not Active
2026/07/17 10:19:15.160, 1192, 877, 140.17, 70, 69, 100, 14342, Not Active, Not Active, Not Active
2026/07/17 10:19:15.213, 1192, 877, 159.21, 70, 70, 100, 14342, Not Active, Not Active, Not Active
2026/07/17 10:19:15.265, 1192, 877, 172.92, 70, 69, 100, 14342, Not Active, Not Active, Not Active
2026/07/17 10:19:15.317, 1192, 877, 196.05, 70, 69, 100, 14342, Not Active, Not Active, Not Active
2026/07/17 10:19:15.369, 1192, 877, 195.92, 70, 69, 100, 14342, Not Active, Not Active, Not Active
2026/07/17 10:19:15.420, 1192, 877, 191.74, 70, 69, 100, 14342, Not Active, Not Active, Not Active
2026/07/17 10:19:15.477, 1192, 877, 193.17, 70, 69, 100, 14342, Not Active, Not Active, Not Active
2026/07/17 10:19:15.528, 1192, 877, 185.51, 70, 69, 100, 14342, Not Active, Not Active, Not Active
2026/07/17 10:19:15.580, 1192, 877, 184.80, 70, 68, 100, 14342, Not Active, Not Active, Not Active
2026/07/17 10:19:15.632, 1192, 877, 168.49, 70, 69, 100, 14342, Not Active, Not Active, Not Active
2026/07/17 10:19:15.684, 1192, 877, 161.40, 70, 68, 100, 14342, Not Active, Not Active, Not Active
2026/07/17 10:19:15.736, 1192, 877, 138.93, 70, 70, 100, 14342, Not Active, Not Active, Not Active
2026/07/17 10:19:15.788, 1192, 877, 131.03, 70, 70, 100, 14342, Not Active, Not Active, Not Active
2026/07/17 10:19:15.839, 1192, 877, 188.15, 70, 69, 100, 14342, Not Active, Not Active, Not Active
2026/07/17 10:19:15.891, 1192, 877, 196.05, 70, 69, 100, 14342, Not Active, Not Active, Not Active
2026/07/17 10:19:15.943, 1192, 877, 194.52, 70, 69, 100, 14342, Not Active, Not Active, Not Active
2026/07/17 10:19:15.999, 1192, 877, 195.09, 70, 69, 100, 14342, Not Active, Not Active, Not Active
2026/07/17 10:19:16.050, 1192, 877, 177.73, 70, 68, 100, 14342, Not Active, Not Active, Not Active
2026/07/17 10:19:16.102, 1192, 877, 183.96, 70, 70, 100, 14342, Not Active, Not Active, Not Active
2026/07/17 10:19:16.154, 1192, 877, 165.50, 70, 70, 100, 14342, Not Active, Not Active, Not Active
2026/07/17 10:19:16.206, 1192, 877, 156.70, 70, 70, 100, 14342, Not Active, Not Active, Not Active
2026/07/17 10:19:16.258, 1192, 877, 128.62, 70, 70, 100, 14342, Not Active, Not Active, Not Active
2026/07/17 10:19:16.310, 1192, 877, 144.41, 70, 70, 100, 14342, Not Active, Not Active, Not Active
2026/07/17 10:19:16.361, 1192, 877, 160.07, 70, 70, 100, 14342, Not Active, Not Active, Not Active
2026/07/17 10:19:16.413, 1192, 877, 182.40, 70, 70, 100, 14342, Not Active, Not Active, Not Active
2026/07/17 10:19:16.465, 1192, 877, 187.42, 70, 69, 100, 14342, Not Active, Not Active, Not Active
2026/07/17 10:19:16.521, 1192, 877, 193.43, 70, 69, 100, 14342, Not Active, Not Active, Not Active
2026/07/17 10:19:16.572, 1192, 877, 188.74, 70, 69, 100, 14342, Not Active, Not Active, Not Active
2026/07/17 10:19:16.624, 1192, 877, 186.47, 70, 69, 100, 14342, Not Active, Not Active, Not Active
2026/07/17 10:19:16.676, 1192, 877, 176.29, 70, 70, 100, 14342, Not Active, Not Active, Not Active
2026/07/17 10:19:16.728, 1192, 877, 104.28, 70, 70, 100, 14342, Not Active, Not Active, Not Active
2026/07/17 10:19:16.781, 1192, 877, 132.08, 70, 69, 100, 14342, Not Active, Not Active, Not Active
2026/07/17 10:19:16.833, 1192, 877, 154.89, 70, 69, 100, 14342, Not Active, Not Active, Not Active
2026/07/17 10:19:16.884, 1192, 877, 172.55, 70, 69, 100, 14342, Not Active, Not Active, Not Active
2026/07/17 10:19:16.936, 1192, 877, 198.10, 70, 69, 100, 14342, Not Active, Not Active, Not Active
2026/07/17 10:19:16.988, 1192, 877, 194.26, 70, 69, 100, 14342, Not Active, Not Active, Not Active
2026/07/17 10:19:17.043, 1192, 877, 191.26, 70, 69, 100, 14342, Not Active, Not Active, Not Active
2026/07/17 10:19:17.094, 1192, 877, 180.60, 70, 69, 100, 14342, Not Active, Not Active, Not Active
2026/07/17 10:19:17.146, 1192, 877, 179.76, 70, 70, 100, 14342, Not Active, Not Active, Not Active
2026/07/17 10:19:17.198, 1192, 877, 173.88, 70, 70, 100, 14342, Not Active, Not Active, Not Active
2026/07/17 10:19:17.250, 1192, 877, 157.66, 70, 70, 100, 14342, Not Active, Not Active, Not Active
2026/07/17 10:19:17.302, 1192, 877, 128.71, 70, 70, 100, 14342, Not Active, Not Active, Not Active
2026/07/17 10:19:17.354, 1192, 877, 145.27, 70, 70, 100, 14342, Not Active, Not Active, Not Active
2026/07/17 10:19:17.405, 1192, 877, 165.72, 70, 70, 100, 14342, Not Active, Not Active, Not Active
2026/07/17 10:19:17.457, 1192, 877, 187.55, 70, 70, 100, 14342, Not Active, Not Active, Not Active
2026/07/17 10:19:17.509, 1192, 877, 198.23, 70, 70, 100, 14342, Not Active, Not Active, Not Active
2026/07/17 10:19:17.564, 1192, 877, 188.74, 70, 70, 100, 14342, Not Active, Not Active, Not Active
2026/07/17 10:19:17.618, 1192, 877, 192.82, 70, 69, 100, 14342, Not Active, Not Active, Not Active
2026/07/17 10:19:17.670, 1192, 877, 116.59, 69, 70, 100, 14342, Not Active, Not Active, Not Active
2026/07/17 10:19:17.723, 1192, 877, 147.58, 70, 70, 100, 14342, Not Active, Not Active, Not Active
2026/07/17 10:19:17.774, 1192, 877, 125.34, 70, 69, 100, 14342, Not Active, Not Active, Not Active
2026/07/17 10:19:17.826, 1192, 877, 152.48, 70, 70, 100, 14342, Not Active, Not Active, Not Active
2026/07/17 10:19:17.878, 1192, 877, 168.12, 70, 70, 100, 14342, Not Active, Not Active, Not Active
2026/07/17 10:19:17.930, 1192, 877, 174.24, 70, 70, 100, 14342, Not Active, Not Active, Not Active
2026/07/17 10:19:17.986, 1192, 877, 201.66, 70, 69, 100, 14342, Not Active, Not Active, Not Active
2026/07/17 10:19:18.038, 1192, 877, 183.95, 70, 70, 100, 14342, Not Active, Not Active, Not Active
2026/07/17 10:19:18.089, 1192, 877, 186.59, 70, 69, 100, 14342, Not Active, Not Active, Not Active
2026/07/17 10:19:18.142, 1192, 877, 182.28, 70, 69, 100, 14342, Not Active, Not Active, Not Active
2026/07/17 10:19:18.193, 1192, 877, 171.00, 70, 70, 100, 14342, Not Active, Not Active, Not Active
2026/07/17 10:19:18.246, 1192, 877, 156.60, 70, 70, 100, 14342, Not Active, Not Active, Not Active
2026/07/17 10:19:18.298, 1192, 877, 131.42, 70, 70, 100, 14342, Not Active, Not Active, Not Active
2026/07/17 10:19:18.350, 1192, 877, 141.13, 70, 70, 100, 14342, Not Active, Not Active, Not Active
2026/07/17 10:19:18.403, 1192, 877, 156.70, 70, 70, 100, 14342, Not Active, Not Active, Not Active
2026/07/17 10:19:18.454, 1192, 877, 172.07, 70, 70, 100, 14342, Not Active, Not Active, Not Active
2026/07/17 10:19:18.509, 1192, 877, 196.05, 70, 70, 100, 14342, Not Active, Not Active, Not Active
2026/07/17 10:19:18.561, 1192, 877, 192.69, 70, 70, 100, 14342, Not Active, Not Active, Not Active
2026/07/17 10:19:18.613, 1192, 877, 148.92, 70, 70, 100, 14342, Not Active, Not Active, Not Active
2026/07/17 10:19:18.666, 1192, 877, 170.75, 70, 70, 100, 14342, Not Active, Not Active, Not Active
2026/07/17 10:19:18.718, 1192, 877, 147.29, 70, 70, 100, 14342, Not Active, Not Active, Not Active
2026/07/17 10:19:18.770, 1192, 877, 129.19, 70, 70, 100, 14342, Not Active, Not Active, Not Active
2026/07/17 10:19:18.822, 1192, 877, 157.18, 70, 70, 100, 14342, Not Active, Not Active, Not Active
2026/07/17 10:19:18.873, 1192, 877, 164.28, 70, 70, 100, 14342, Not Active, Not Active, Not Active
2026/07/17 10:19:18.929, 1192, 877, 187.42, 70, 69, 100, 14342, Not Active, Not Active, Not Active
2026/07/17 10:19:18.980, 1192, 877, 187.78, 70, 69, 100, 14342, Not Active, Not Active, Not Active
2026/07/17 10:19:19.032, 1192, 877, 191.61, 70, 69, 100, 14342, Not Active, Not Active, Not Active
2026/07/17 10:19:19.084, 1192, 877, 183.36, 70, 70, 100, 14342, Not Active, Not Active, Not Active
2026/07/17 10:19:19.135, 1192, 877, 176.40, 70, 70, 100, 14342, Not Active, Not Active, Not Active
2026/07/17 10:19:19.189, 1192, 877, 159.59, 70, 70, 100, 14342, Not Active, Not Active, Not Active
2026/07/17 10:19:19.241, 1192, 877, 127.57, 70, 70, 100, 14342, Not Active, Not Active, Not Active
2026/07/17 10:19:19.292, 1192, 877, 142.39, 70, 70, 100, 14342, Not Active, Not Active, Not Active
2026/07/17 10:19:19.344, 1192, 877, 160.92, 70, 70, 100, 14342, Not Active, Not Active, Not Active
2026/07/17 10:19:19.396, 1192, 877, 174.72, 70, 70, 100, 14342, Not Active, Not Active, Not Active
2026/07/17 10:19:19.452, 1192, 877, 201.18, 70, 70, 100, 14342, Not Active, Not Active, Not Active
2026/07/17 10:19:19.503, 1192, 877, 188.76, 70, 69, 100, 14342, Not Active, Not Active, Not Active
2026/07/17 10:19:19.555, 1192, 877, 127.01, 70, 68, 100, 14342, Not Active, Not Active, Not Active
2026/07/17 10:19:19.608, 1192, 877, 158.04, 70, 70, 100, 14342, Not Active, Not Active, Not Active
2026/07/17 10:19:19.659, 1192, 877, 121.96, 70, 70, 100, 14342, Not Active, Not Active, Not Active
2026/07/17 10:19:19.711, 1192, 877, 150.46, 70, 70, 100, 14342, Not Active, Not Active, Not Active
2026/07/17 10:19:19.763, 1192, 877, 167.16, 70, 70, 100, 14342, Not Active, Not Active, Not Active
2026/07/17 10:19:19.815, 1192, 877, 198.79, 70, 70, 100, 14342, Not Active, Not Active, Not Active
2026/07/17 10:19:19.867, 1192, 877, 188.76, 70, 69, 100, 14342, Not Active, Not Active, Not Active
2026/07/17 10:19:19.918, 1192, 877, 190.43, 70, 69, 100, 14342, Not Active, Not Active, Not Active
2026/07/17 10:19:19.973, 1192, 877, 179.76, 70, 69, 100, 14342, Not Active, Not Active, Not Active
2026/07/17 10:19:20.025, 1192, 877, 162.36, 70, 70, 100, 14342, Not Active, Not Active, Not Active
2026/07/17 10:19:20.077, 1192, 877, 155.26, 70, 70, 100, 14342, Not Active, Not Active, Not Active
2026/07/17 10:19:20.129, 1192, 877, 123.41, 70, 69, 100, 14342, Not Active, Not Active, Not Active
2026/07/17 10:19:20.181, 1192, 877, 152.96, 70, 70, 100, 14342, Not Active, Not Active, Not Active
2026/07/17 10:19:20.233, 1192, 877, 169.45, 70, 70, 100, 14342, Not Active, Not Active, Not Active
2026/07/17 10:19:20.284, 1192, 877, 190.65, 70, 70, 100, 14342, Not Active, Not Active, Not Active
2026/07/17 10:19:20.336, 1192, 877, 192.21, 70, 69, 100, 14342, Not Active, Not Active, Not Active
2026/07/17 10:19:20.388, 1192, 877, 185.76, 70, 69, 100, 14342, Not Active, Not Active, Not Active
2026/07/17 10:19:20.440, 1192, 877, 184.44, 70, 70, 100, 14342, Not Active, Not Active, Not Active
2026/07/17 10:19:20.494, 1192, 877, 110.55, 70, 70, 100, 14342, Not Active, Not Active, Not Active
2026/07/17 10:19:20.547, 1192, 877, 144.02, 70, 70, 100, 14342, Not Active, Not Active, Not Active
2026/07/17 10:19:20.599, 1192, 877, 163.91, 70, 70, 100, 14342, Not Active, Not Active, Not Active
2026/07/17 10:19:20.651, 1192, 877, 187.30, 70, 69, 100, 14342, Not Active, Not Active, Not Active
2026/07/17 10:19:20.703, 1192, 877, 189.21, 70, 70, 100, 14342, Not Active, Not Active, Not Active
2026/07/17 10:19:20.756, 1192, 877, 194.61, 70, 69, 100, 14342, Not Active, Not Active, Not Active
2026/07/17 10:19:20.808, 1192, 877, 181.32, 70, 70, 100, 14342, Not Active, Not Active, Not Active
2026/07/17 10:19:20.860, 1192, 877, 161.66, 70, 70, 100, 14342, Not Active, Not Active, Not Active
2026/07/17 10:19:20.912, 1192, 877, 145.75, 70, 70, 100, 14342, Not Active, Not Active, Not Active
2026/07/17 10:19:20.964, 1192, 877, 130.15, 70, 70, 100, 14342, Not Active, Not Active, Not Active
2026/07/17 10:19:21.015, 1192, 877, 155.85, 71, 70, 100, 14342, Not Active, Not Active, Not Active
2026/07/17 10:19:21.067, 1192, 877, 175.20, 70, 70, 100, 14342, Not Active, Not Active, Not Active
2026/07/17 10:19:21.119, 1192, 877, 195.57, 70, 70, 100, 14342, Not Active, Not Active, Not Active
2026/07/17 10:19:21.171, 1192, 877, 187.42, 71, 70, 100, 14342, Not Active, Not Active, Not Active
2026/07/17 10:19:21.222, 1192, 877, 180.84, 70, 69, 100, 14342, Not Active, Not Active, Not Active
2026/07/17 10:19:21.278, 1192, 877, 185.15, 70, 70, 100, 14342, Not Active, Not Active, Not Active
2026/07/17 10:19:21.330, 1192, 877, 161.51, 70, 69, 100, 14342, Not Active, Not Active, Not Active
2026/07/17 10:19:21.382, 1192, 877, 130.46, 70, 70, 100, 14342, Not Active, Not Active, Not Active
2026/07/17 10:19:21.434, 1192, 877, 142.96, 70, 70, 100, 14342, Not Active, Not Active, Not Active
2026/07/17 10:19:21.485, 1192, 877, 186.82, 70, 69, 100, 14342, Not Active, Not Active, Not Active
2026/07/17 10:19:21.539, 1192, 877, 187.30, 70, 69, 100, 14342, Not Active, Not Active, Not Active
2026/07/17 10:19:21.591, 1192, 877, 178.80, 70, 70, 100, 14342, Not Active, Not Active, Not Active
2026/07/17 10:19:21.642, 1192, 877, 158.41, 70, 70, 100, 14342, Not Active, Not Active, Not Active
2026/07/17 10:19:21.694, 1192, 877, 145.75, 70, 69, 100, 14342, Not Active, Not Active, Not Active
2026/07/17 10:19:21.746, 1192, 877, 137.29, 70, 70, 100, 14342, Not Active, Not Active, Not Active
2026/07/17 10:19:21.798, 1192, 877, 159.96, 70, 70, 100, 14342, Not Active, Not Active, Not Active
2026/07/17 10:19:21.850, 1192, 877, 188.03, 70, 70, 100, 14342, Not Active, Not Active, Not Active
2026/07/17 10:19:21.901, 1192, 877, 194.96, 70, 70, 100, 14342, Not Active, Not Active, Not Active
2026/07/17 10:19:21.953, 1192, 877, 189.34, 71, 69, 100, 14342, Not Active, Not Active, Not Active
2026/07/17 10:19:22.005, 1192, 877, 178.80, 70, 70, 100, 14342, Not Active, Not Active, Not Active
2026/07/17 10:19:22.060, 1192, 877, 165.94, 70, 70, 100, 14342, Not Active, Not Active, Not Active
2026/07/17 10:19:22.112, 1192, 877, 143.35, 70, 70, 100, 14342, Not Active, Not Active, Not Active
2026/07/17 10:19:22.164, 1192, 877, 134.40, 70, 70, 100, 14342, Not Active, Not Active, Not Active
2026/07/17 10:19:22.215, 1192, 877, 157.18, 70, 70, 100, 14342, Not Active, Not Active, Not Active
2026/07/17 10:19:22.267, 1192, 877, 171.96, 71, 70, 100, 14342, Not Active, Not Active, Not Active
2026/07/17 10:19:22.322, 1192, 877, 197.27, 70, 70, 100, 14342, Not Active, Not Active, Not Active
2026/07/17 10:19:22.374, 1192, 877, 194.13, 71, 70, 100, 14342, Not Active, Not Active, Not Active
2026/07/17 10:19:22.426, 1192, 877, 108.62, 70, 70, 100, 14342, Not Active, Not Active, Not Active
2026/07/17 10:19:22.478, 1192, 877, 128.14, 70, 70, 100, 14342, Not Active, Not Active, Not Active
2026/07/17 10:19:22.530, 1192, 877, 145.37, 70, 70, 100, 14342, Not Active, Not Active, Not Active
2026/07/17 10:19:22.582, 1192, 877, 164.39, 71, 70, 100, 14342, Not Active, Not Active, Not Active
2026/07/17 10:19:22.635, 1192, 877, 191.13, 70, 70, 100, 14342, Not Active, Not Active, Not Active
2026/07/17 10:19:22.686, 1192, 877, 195.09, 70, 70, 100, 14342, Not Active, Not Active, Not Active
2026/07/17 10:19:22.738, 1192, 877, 184.80, 70, 70, 100, 14342, Not Active, Not Active, Not Active
2026/07/17 10:19:22.790, 1192, 877, 171.85, 70, 70, 100, 14342, Not Active, Not Active, Not Active
2026/07/17 10:19:22.842, 1192, 877, 153.34, 71, 69, 100, 14342, Not Active, Not Active, Not Active
2026/07/17 10:19:22.894, 1192, 877, 125.34, 71, 70, 100, 14342, Not Active, Not Active, Not Active
2026/07/17 10:19:22.946, 1192, 877, 156.22, 71, 70, 100, 14342, Not Active, Not Active, Not Active
2026/07/17 10:19:22.998, 1192, 877, 182.88, 71, 70, 100, 14342, Not Active, Not Active, Not Active
2026/07/17 10:19:23.049, 1192, 877, 193.65, 70, 70, 100, 14342, Not Active, Not Active, Not Active
2026/07/17 10:19:23.105, 1192, 877, 187.30, 70, 70, 100, 14342, Not Active, Not Active, Not Active
2026/07/17 10:19:23.157, 1192, 877, 186.24, 70, 70, 100, 14342, Not Active, Not Active, Not Active
2026/07/17 10:19:23.208, 1192, 877, 161.29, 70, 70, 100, 14342, Not Active, Not Active, Not Active
2026/07/17 10:19:23.261, 1192, 877, 143.74, 71, 70, 100, 14342, Not Active, Not Active, Not Active
2026/07/17 10:19:23.312, 1192, 877, 131.03, 71, 70, 100, 14342, Not Active, Not Active, Not Active
2026/07/17 10:19:23.364, 1192, 877, 154.78, 71, 70, 100, 14342, Not Active, Not Active, Not Active
2026/07/17 10:19:23.416, 1192, 877, 180.72, 70, 70, 100, 14342, Not Active, Not Active, Not Active
2026/07/17 10:19:23.468, 1192, 877, 189.95, 70, 69, 100, 14342, Not Active, Not Active, Not Active
2026/07/17 10:19:23.519, 1192, 877, 171.00, 70, 70, 100, 14342, Not Active, Not Active, Not Active
2026/07/17 10:19:23.571, 1192, 877, 143.83, 70, 69, 100, 14342, Not Active, Not Active, Not Active
2026/07/17 10:19:23.625, 1192, 877, 132.95, 71, 70, 100, 14342, Not Active, Not Active, Not Active
2026/07/17 10:19:23.677, 1192, 877, 156.70, 71, 70, 100, 14342, Not Active, Not Active, Not Active
2026/07/17 10:19:23.728, 1192, 877, 190.07, 71, 70, 100, 14342, Not Active, Not Active, Not Active
2026/07/17 10:19:23.780, 1192, 877, 192.21, 71, 70, 100, 14342, Not Active, Not Active, Not Active
2026/07/17 10:19:23.832, 1192, 877, 193.43, 71, 70, 100, 14342, Not Active, Not Active, Not Active
2026/07/17 10:19:23.888, 1192, 877, 183.36, 70, 69, 100, 14342, Not Active, Not Active, Not Active
2026/07/17 10:19:23.939, 1192, 877, 161.40, 70, 69, 100, 14342, Not Active, Not Active, Not Active
2026/07/17 10:19:23.991, 1192, 877, 125.17, 70, 69, 100, 14342, Not Active, Not Active, Not Active
2026/07/17 10:19:24.043, 1192, 877, 147.68, 71, 70, 100, 14342, Not Active, Not Active, Not Active
2026/07/17 10:19:24.095, 1192, 877, 166.79, 71, 70, 100, 14342, Not Active, Not Active, Not Active
2026/07/17 10:19:24.148, 1192, 877, 200.36, 71, 70, 100, 14342, Not Active, Not Active, Not Active
2026/07/17 10:19:24.199, 1192, 877, 193.65, 71, 69, 100, 14342, Not Active, Not Active, Not Active
2026/07/17 10:19:24.251, 1192, 877, 186.24, 71, 69, 100, 14342, Not Active, Not Active, Not Active
2026/07/17 10:19:24.303, 1192, 877, 170.04, 71, 70, 100, 14342, Not Active, Not Active, Not Active
2026/07/17 10:19:24.355, 1192, 877, 141.91, 71, 70, 100, 14342, Not Active, Not Active, Not Active
2026/07/17 10:19:24.407, 1192, 877, 171.00, 71, 70, 100, 14342, Not Active, Not Active, Not Active
2026/07/17 10:19:24.459, 1192, 877, 190.17, 70, 70, 100, 14342, Not Active, Not Active, Not Active
2026/07/17 10:19:24.511, 1192, 877, 194.61, 70, 69, 100, 14342, Not Active, Not Active, Not Active
2026/07/17 10:19:24.563, 1192, 877, 181.80, 70, 69, 100, 14342, Not Active, Not Active, Not Active
2026/07/17 10:19:24.615, 1192, 877, 155.54, 70, 70, 100, 14342, Not Active, Not Active, Not Active
2026/07/17 10:19:24.668, 1192, 877, 128.14, 71, 70, 100, 14342, Not Active, Not Active, Not Active
2026/07/17 10:19:24.720, 1192, 877, 149.60, 71, 70, 100, 14342, Not Active, Not Active, Not Active
2026/07/17 10:19:24.772, 1192, 877, 173.04, 71, 70, 100, 14342, Not Active, Not Active, Not Active
2026/07/17 10:19:24.824, 1192, 877, 191.26, 71, 70, 100, 14342, Not Active, Not Active, Not Active
2026/07/17 10:19:24.875, 1192, 877, 186.34, 70, 70, 100, 14342, Not Active, Not Active, Not Active
2026/07/17 10:19:24.933, 1192, 877, 184.55, 71, 69, 100, 14342, Not Active, Not Active, Not Active
2026/07/17 10:19:24.985, 1192, 877, 169.81, 70, 70, 100, 14342, Not Active, Not Active, Not Active
2026/07/17 10:19:25.036, 1192, 877, 152.38, 70, 70, 100, 14342, Not Active, Not Active, Not Active
2026/07/17 10:19:25.090, 1192, 877, 123.41, 71, 70, 100, 14342, Not Active, Not Active, Not Active
2026/07/17 10:19:25.143, 1192, 877, 152.86, 71, 70, 100, 14342, Not Active, Not Active, Not Active
2026/07/17 10:19:25.195, 1192, 877, 180.60, 71, 70, 100, 14342, Not Active, Not Active, Not Active
2026/07/17 10:19:25.246, 1192, 877, 189.47, 71, 70, 100, 14342, Not Active, Not Active, Not Active
2026/07/17 10:19:25.298, 1192, 877, 187.30, 70, 70, 100, 14342, Not Active, Not Active, Not Active
2026/07/17 10:19:25.353, 1192, 877, 100.98, 71, 70, 100, 14342, Not Active, Not Active, Not Active
2026/07/17 10:19:25.406, 1192, 877, 133.92, 71, 70, 100, 14342, Not Active, Not Active, Not Active
2026/07/17 10:19:25.457, 1192, 877, 164.39, 71, 70, 100, 14342, Not Active, Not Active, Not Active
2026/07/17 10:19:25.509, 1192, 877, 201.45, 70, 70, 100, 14342, Not Active, Not Active, Not Active
2026/07/17 10:19:25.561, 1192, 877, 188.03, 71, 70, 100, 14342, Not Active, Not Active, Not Active
2026/07/17 10:19:25.615, 1192, 877, 177.96, 71, 70, 100, 14342, Not Active, Not Active, Not Active
2026/07/17 10:19:25.667, 1192, 877, 164.54, 71, 70, 100, 14342, Not Active, Not Active, Not Active
2026/07/17 10:19:25.718, 1192, 877, 131.42, 71, 70, 100, 14342, Not Active, Not Active, Not Active
2026/07/17 10:19:25.770, 1192, 877, 145.27, 71, 70, 100, 14342, Not Active, Not Active, Not Active
2026/07/17 10:19:25.822, 1192, 877, 167.27, 71, 70, 100, 14342, Not Active, Not Active, Not Active
2026/07/17 10:19:25.875, 1192, 877, 196.26, 71, 70, 100, 14342, Not Active, Not Active, Not Active
2026/07/17 10:19:25.926, 1192, 877, 188.61, 71, 70, 100, 14342, Not Active, Not Active, Not Active
2026/07/17 10:19:25.978, 1192, 877, 179.52, 71, 69, 100, 14342, Not Active, Not Active, Not Active
2026/07/17 10:19:26.030, 1192, 877, 156.70, 71, 70, 100, 14342, Not Active, Not Active, Not Active
2026/07/17 10:19:26.082, 1192, 877, 119.96, 70, 70, 100, 14342, Not Active, Not Active, Not Active
2026/07/17 10:19:26.135, 1192, 877, 149.60, 71, 70, 100, 14342, Not Active, Not Active, Not Active
2026/07/17 10:19:26.187, 1192, 877, 176.64, 71, 70, 100, 14342, Not Active, Not Active, Not Active
2026/07/17 10:19:26.239, 1192, 877, 197.01, 71, 70, 100, 14342, Not Active, Not Active, Not Active
2026/07/17 10:19:26.290, 1192, 877, 190.78, 71, 70, 100, 14342, Not Active, Not Active, Not Active
2026/07/17 10:19:26.342, 1192, 877, 94.70, 71, 69, 100, 14342, Not Active, Not Active, Not Active
2026/07/17 10:19:26.396, 1192, 877, 134.88, 71, 70, 100, 14342, Not Active, Not Active, Not Active
2026/07/17 10:19:26.448, 1192, 877, 161.13, 71, 70, 100, 14342, Not Active, Not Active, Not Active
2026/07/17 10:19:26.500, 1192, 877, 194.96, 71, 70, 100, 14342, Not Active, Not Active, Not Active
2026/07/17 10:19:26.552, 1192, 877, 192.69, 71, 70, 100, 14342, Not Active, Not Active, Not Active
2026/07/17 10:19:26.604, 1192, 877, 181.20, 71, 70, 100, 14342, Not Active, Not Active, Not Active
2026/07/17 10:19:26.658, 1192, 877, 160.71, 71, 69, 100, 14342, Not Active, Not Active, Not Active
2026/07/17 10:19:26.710, 1192, 877, 128.62, 71, 70, 100, 14342, Not Active, Not Active, Not Active
2026/07/17 10:19:26.762, 1192, 877, 149.60, 71, 70, 100, 14342, Not Active, Not Active, Not Active
2026/07/17 10:19:26.814, 1192, 877, 174.36, 71, 71, 100, 14342, Not Active, Not Active, Not Active
2026/07/17 10:19:26.865, 1192, 877, 194.35, 71, 70, 100, 14342, Not Active, Not Active, Not Active
2026/07/17 10:19:26.920, 1192, 877, 193.78, 71, 70, 100, 14342, Not Active, Not Active, Not Active
2026/07/17 10:19:26.972, 1192, 877, 173.28, 71, 69, 100, 14342, Not Active, Not Active, Not Active
2026/07/17 10:19:27.023, 1192, 877, 158.04, 71, 70, 100, 14342, Not Active, Not Active, Not Active
2026/07/17 10:19:27.075, 1192, 877, 125.34, 71, 70, 100, 14342, Not Active, Not Active, Not Active
2026/07/17 10:19:27.127, 1192, 877, 155.85, 71, 70, 100, 14342, Not Active, Not Active, Not Active
2026/07/17 10:19:27.179, 1192, 877, 184.67, 71, 71, 100, 14342, Not Active, Not Active, Not Active
2026/07/17 10:19:27.231, 1192, 877, 197.96, 71, 70, 100, 14342, Not Active, Not Active, Not Active
2026/07/17 10:19:27.283, 1192, 877, 178.68, 71, 70, 100, 14342, Not Active, Not Active, Not Active
2026/07/17 10:19:27.335, 1192, 877, 114.26, 71, 70, 100, 14342, Not Active, Not Active, Not Active
2026/07/17 10:19:27.387, 1192, 877, 150.08, 71, 70, 100, 14342, Not Active, Not Active, Not Active
2026/07/17 10:19:27.440, 1192, 877, 178.44, 71, 70, 100, 14342, Not Active, Not Active, Not Active
2026/07/17 10:19:27.492, 1192, 877, 189.69, 71, 70, 100, 14342, Not Active, Not Active, Not Active
2026/07/17 10:19:27.543, 1192, 877, 176.77, 70, 70, 100, 14342, Not Active, Not Active, Not Active
2026/07/17 10:19:27.595, 1192, 877, 158.79, 71, 70, 100, 14342, Not Active, Not Active, Not Active
2026/07/17 10:19:27.647, 1192, 877, 125.73, 71, 70, 100, 14342, Not Active, Not Active, Not Active
2026/07/17 10:19:27.699, 1192, 877, 148.64, 71, 70, 100, 14342, Not Active, Not Active, Not Active
2026/07/17 10:19:27.751, 1192, 877, 168.97, 71, 70, 100, 14342, Not Active, Not Active, Not Active
2026/07/17 10:19:27.804, 1192, 877, 192.69, 71, 70, 100, 14342, Not Active, Not Active, Not Active
2026/07/17 10:19:27.856, 1192, 877, 188.86, 71, 70, 100, 14342, Not Active, Not Active, Not Active
2026/07/17 10:19:27.907, 1192, 877, 174.84, 71, 69, 100, 14342, Not Active, Not Active, Not Active
2026/07/17 10:19:27.959, 1192, 877, 142.87, 71, 70, 100, 14342, Not Active, Not Active, Not Active
2026/07/17 10:19:28.011, 1192, 877, 136.23, 71, 70, 100, 14342, Not Active, Not Active, Not Active
2026/07/17 10:19:28.063, 1192, 877, 164.39, 71, 71, 100, 14342, Not Active, Not Active, Not Active
2026/07/17 10:19:28.115, 1192, 877, 196.40, 71, 70, 100, 14342, Not Active, Not Active, Not Active
2026/07/17 10:19:28.166, 1192, 877, 189.82, 71, 70, 100, 14342, Not Active, Not Active, Not Active
2026/07/17 10:19:28.218, 1192, 877, 180.60, 71, 69, 100, 14342, Not Active, Not Active, Not Active
2026/07/17 10:19:28.270, 1192, 877, 152.00, 71, 69, 100, 14342, Not Active, Not Active, Not Active
2026/07/17 10:19:28.324, 1192, 877, 122.45, 71, 70, 100, 14342, Not Active, Not Active, Not Active
2026/07/17 10:19:28.375, 1192, 877, 191.03, 71, 69, 100, 14342, Not Active, Not Active, Not Active
2026/07/17 10:19:28.427, 1192, 877, 190.78, 71, 70, 100, 14342, Not Active, Not Active, Not Active
2026/07/17 10:19:28.479, 1192, 877, 170.41, 71, 70, 100, 14342, Not Active, Not Active, Not Active
2026/07/17 10:19:28.530, 1192, 877, 141.43, 71, 70, 100, 14342, Not Active, Not Active, Not Active
2026/07/17 10:19:28.583, 1192, 877, 136.71, 71, 71, 100, 14342, Not Active, Not Active, Not Active
2026/07/17 10:19:28.634, 1192, 877, 166.20, 71, 70, 100, 14342, Not Active, Not Active, Not Active
2026/07/17 10:19:28.687, 1192, 877, 196.66, 71, 70, 100, 14342, Not Active, Not Active, Not Active
2026/07/17 10:19:28.739, 1192, 877, 188.99, 71, 70, 100, 14342, Not Active, Not Active, Not Active
2026/07/17 10:19:28.790, 1192, 877, 170.29, 71, 70, 100, 14342, Not Active, Not Active, Not Active
2026/07/17 10:19:28.842, 1192, 877, 142.39, 71, 70, 100, 14342, Not Active, Not Active, Not Active
2026/07/17 10:19:28.894, 1192, 877, 133.43, 71, 70, 100, 14342, Not Active, Not Active, Not Active
2026/07/17 10:19:28.947, 1192, 877, 161.99, 71, 70, 100, 14342, Not Active, Not Active, Not Active
2026/07/17 10:19:28.999, 1192, 877, 197.14, 71, 70, 100, 14342, Not Active, Not Active, Not Active
2026/07/17 10:19:29.050, 1192, 877, 191.61, 71, 69, 100, 14342, Not Active, Not Active, Not Active
2026/07/17 10:19:29.102, 1192, 877, 169.33, 71, 70, 100, 14342, Not Active, Not Active, Not Active
2026/07/17 10:19:29.154, 1192, 877, 154.30, 71, 70, 100, 14342, Not Active, Not Active, Not Active
2026/07/17 10:19:29.207, 1192, 877, 130.07, 71, 70, 100, 14342, Not Active, Not Active, Not Active
2026/07/17 10:19:29.259, 1192, 877, 157.18, 71, 71, 100, 14342, Not Active, Not Active, Not Active
2026/07/17 10:19:29.311, 1192, 877, 199.27, 71, 70, 100, 14342, Not Active, Not Active, Not Active
2026/07/17 10:19:29.363, 1192, 877, 133.22, 71, 70, 100, 14342, Not Active, Not Active, Not Active
2026/07/17 10:19:29.414, 1192, 877, 118.59, 71, 70, 100, 14342, Not Active, Not Active, Not Active
2026/07/17 10:19:29.466, 1192, 877, 147.68, 71, 71, 100, 14342, Not Active, Not Active, Not Active
2026/07/17 10:19:29.518, 1192, 877, 171.48, 71, 70, 100, 14342, Not Active, Not Active, Not Active
2026/07/17 10:19:29.572, 1192, 877, 195.44, 71, 70, 100, 14342, Not Active, Not Active, Not Active
2026/07/17 10:19:29.624, 1192, 877, 182.28, 71, 70, 100, 14342, Not Active, Not Active, Not Active
2026/07/17 10:19:29.676, 1192, 877, 168.85, 71, 69, 100, 14342, Not Active, Not Active, Not Active
2026/07/17 10:19:29.728, 1192, 877, 121.88, 71, 70, 100, 14342, Not Active, Not Active, Not Active
2026/07/17 10:19:29.779, 1192, 877, 149.60, 71, 71, 100, 14342, Not Active, Not Active, Not Active
2026/07/17 10:19:29.831, 1192, 877, 179.04, 71, 70, 100, 14342, Not Active, Not Active, Not Active
2026/07/17 10:19:29.883, 1192, 877, 189.11, 71, 70, 100, 14342, Not Active, Not Active, Not Active
2026/07/17 10:19:29.935, 1192, 877, 181.08, 71, 70, 100, 14342, Not Active, Not Active, Not Active
2026/07/17 10:19:29.986, 1192, 877, 161.24, 71, 70, 100, 14342, Not Active, Not Active, Not Active
2026/07/17 10:19:30.038, 1192, 877, 116.75, 71, 70, 100, 14342, Not Active, Not Active, Not Active
2026/07/17 10:19:30.091, 1192, 877, 152.59, 71, 71, 100, 14342, Not Active, Not Active, Not Active
2026/07/17 10:19:30.143, 1192, 877, 184.07, 71, 70, 100, 14342, Not Active, Not Active, Not Active
2026/07/17 10:19:30.195, 1192, 877, 187.30, 71, 71, 100, 14342, Not Active, Not Active, Not Active
2026/07/17 10:19:30.247, 1192, 877, 184.19, 71, 69, 100, 14342, Not Active, Not Active, Not Active
2026/07/17 10:19:30.299, 1192, 877, 164.98, 71, 70, 100, 14342, Not Active, Not Active, Not Active
2026/07/17 10:19:30.353, 1192, 877, 116.67, 71, 70, 100, 14342, Not Active, Not Active, Not Active
2026/07/17 10:19:30.404, 1192, 877, 195.70, 71, 70, 100, 14342, Not Active, Not Active, Not Active
2026/07/17 10:19:30.456, 1192, 877, 188.86, 71, 70, 100, 14342, Not Active, Not Active, Not Active
2026/07/17 10:19:30.508, 1192, 877, 176.16, 71, 69, 100, 14342, Not Active, Not Active, Not Active
2026/07/17 10:19:30.560, 1192, 877, 142.77, 71, 70, 100, 14342, Not Active, Not Active, Not Active
2026/07/17 10:19:30.613, 1192, 877, 135.36, 71, 70, 100, 14342, Not Active, Not Active, Not Active
2026/07/17 10:19:30.665, 1192, 877, 165.83, 71, 70, 100, 14342, Not Active, Not Active, Not Active
2026/07/17 10:19:30.717, 1192, 877, 194.96, 71, 71, 100, 14342, Not Active, Not Active, Not Active
2026/07/17 10:19:30.769, 1192, 877, 187.30, 71, 70, 100, 14342, Not Active, Not Active, Not Active
2026/07/17 10:19:30.820, 1192, 877, 169.33, 71, 69, 100, 14342, Not Active, Not Active, Not Active
2026/07/17 10:19:30.875, 1192, 877, 136.71, 71, 70, 100, 14342, Not Active, Not Active, Not Active
2026/07/17 10:19:30.927, 1192, 877, 142.48, 71, 71, 100, 14342, Not Active, Not Active, Not Active
2026/07/17 10:19:30.978, 1192, 877, 173.40, 71, 70, 100, 14342, Not Active, Not Active, Not Active
2026/07/17 10:19:31.030, 1192, 877, 195.83, 71, 71, 100, 14342, Not Active, Not Active, Not Active
2026/07/17 10:19:31.082, 1192, 877, 188.51, 71, 70, 100, 14342, Not Active, Not Active, Not Active
2026/07/17 10:19:31.137, 1192, 877, 169.30, 71, 69, 100, 14342, Not Active, Not Active, Not Active
2026/07/17 10:19:31.189, 1192, 877, 126.22, 71, 70, 100, 14342, Not Active, Not Active, Not Active
2026/07/17 10:19:31.241, 1192, 877, 146.71, 71, 71, 100, 14342, Not Active, Not Active, Not Active
2026/07/17 10:19:31.292, 1192, 877, 180.12, 71, 70, 100, 14342, Not Active, Not Active, Not Active
2026/07/17 10:19:31.344, 1192, 877, 189.95, 71, 70, 100, 14342, Not Active, Not Active, Not Active
2026/07/17 10:19:31.399, 1192, 877, 98.91, 71, 70, 100, 14342, Not Active, Not Active, Not Active
2026/07/17 10:19:31.450, 1192, 877, 122.45, 71, 70, 100, 14342, Not Active, Not Active, Not Active
2026/07/17 10:19:31.502, 1192, 877, 157.18, 71, 71, 100, 14342, Not Active, Not Active, Not Active
2026/07/17 10:19:31.555, 1192, 877, 191.61, 71, 71, 100, 14342, Not Active, Not Active, Not Active
2026/07/17 10:19:31.606, 1192, 877, 186.59, 71, 70, 100, 14342, Not Active, Not Active, Not Active
2026/07/17 10:19:31.659, 1192, 877, 175.68, 71, 69, 100, 14342, Not Active, Not Active, Not Active
2026/07/17 10:19:31.711, 1192, 877, 134.79, 71, 70, 100, 14342, Not Active, Not Active, Not Active
2026/07/17 10:19:31.763, 1192, 877, 144.41, 71, 71, 100, 14342, Not Active, Not Active, Not Active
2026/07/17 10:19:31.814, 1192, 877, 169.56, 71, 71, 100, 14342, Not Active, Not Active, Not Active
2026/07/17 10:19:31.866, 1192, 877, 195.70, 71, 70, 100, 14342, Not Active, Not Active, Not Active
2026/07/17 10:19:31.921, 1192, 877, 185.76, 71, 70, 100, 14342, Not Active, Not Active, Not Active
2026/07/17 10:19:31.973, 1192, 877, 167.86, 71, 69, 100, 14342, Not Active, Not Active, Not Active
2026/07/17 10:19:32.024, 1192, 877, 117.15, 71, 70, 100, 14342, Not Active, Not Active, Not Active
2026/07/17 10:19:32.077, 1192, 877, 151.04, 71, 71, 100, 14342, Not Active, Not Active, Not Active
2026/07/17 10:19:32.128, 1192, 877, 180.96, 71, 71, 100, 14342, Not Active, Not Active, Not Active
2026/07/17 10:19:32.182, 1192, 877, 192.21, 71, 71, 100, 14342, Not Active, Not Active, Not Active
2026/07/17 10:19:32.234, 1192, 877, 182.28, 71, 69, 100, 14342, Not Active, Not Active, Not Active
2026/07/17 10:19:32.286, 1192, 877, 155.26, 71, 70, 100, 14342, Not Active, Not Active, Not Active
2026/07/17 10:19:32.339, 1192, 877, 123.89, 71, 70, 100, 14342, Not Active, Not Active, Not Active
2026/07/17 10:19:32.391, 1192, 877, 157.29, 71, 70, 100, 14342, Not Active, Not Active, Not Active
2026/07/17 10:19:32.443, 1192, 877, 165.87, 71, 69, 100, 14342, Not Active, Not Active, Not Active
2026/07/17 10:19:32.495, 1192, 877, 166.68, 71, 69, 100, 14342, Not Active, Not Active, Not Active
2026/07/17 10:19:32.546, 1192, 877, 121.56, 71, 70, 100, 14342, Not Active, Not Active, Not Active
2026/07/17 10:19:32.600, 1192, 877, 150.56, 71, 71, 100, 14342, Not Active, Not Active, Not Active
2026/07/17 10:19:32.652, 1192, 877, 182.40, 71, 71, 100, 14342, Not Active, Not Active, Not Active
2026/07/17 10:19:32.704, 1192, 877, 188.26, 71, 70, 100, 14342, Not Active, Not Active, Not Active
2026/07/17 10:19:32.756, 1192, 877, 178.92, 71, 70, 100, 14342, Not Active, Not Active, Not Active
2026/07/17 10:19:32.808, 1192, 877, 153.82, 71, 70, 100, 14342, Not Active, Not Active, Not Active
2026/07/17 10:19:32.861, 1192, 877, 132.95, 71, 70, 100, 14342, Not Active, Not Active, Not Active
2026/07/17 10:19:32.913, 1192, 877, 161.99, 71, 71, 100, 14342, Not Active, Not Active, Not Active
2026/07/17 10:19:32.965, 1192, 877, 194.13, 71, 71, 100, 14342, Not Active, Not Active, Not Active
2026/07/17 10:19:33.017, 1192, 877, 184.92, 71, 69, 100, 14342, Not Active, Not Active, Not Active
2026/07/17 10:19:33.068, 1192, 877, 171.11, 71, 69, 100, 14342, Not Active, Not Active, Not Active
2026/07/17 10:19:33.125, 1192, 877, 183.36, 71, 70, 100, 14342, Not Active, Not Active, Not Active
2026/07/17 10:19:33.195, 1192, 877, 153.34, 71, 70, 100, 14342, Not Active, Not Active, Not Active
2026/07/17 10:19:33.246, 1192, 877, 122.45, 71, 70, 100, 14342, Not Active, Not Active, Not Active
2026/07/17 10:19:33.298, 1192, 877, 154.30, 71, 71, 100, 14342, Not Active, Not Active, Not Active
2026/07/17 10:19:33.350, 1192, 877, 199.27, 71, 71, 100, 14342, Not Active, Not Active, Not Active
2026/07/17 10:19:33.402, 1192, 877, 184.55, 71, 70, 100, 14342, Not Active, Not Active, Not Active
2026/07/17 10:19:33.453, 1192, 877, 121.56, 71, 69, 100, 14342, Not Active, Not Active, Not Active
2026/07/17 10:19:33.507, 1192, 877, 201.80, 71, 71, 100, 14342, Not Active, Not Active, Not Active
2026/07/17 10:19:33.559, 1192, 877, 200.70, 72, 72, 100, 14342, Not Active, Not Active, Not Active
2026/07/17 10:19:33.611, 1192, 877, 197.35, 72, 72, 97, 14342, Not Active, Not Active, Not Active
2026/07/17 10:19:33.663, 1192, 877, 206.11, 72, 72, 97, 14342, Not Active, Not Active, Not Active
2026/07/17 10:19:33.714, 1192, 877, 205.15, 72, 72, 100, 14342, Not Active, Not Active, Not Active
2026/07/17 10:19:33.815, 1192, 877, 189.34, 72, 72, 100, 14342, Not Active, Not Active, Not Active
2026/07/17 10:19:33.867, 1192, 877, 197.35, 72, 72, 100, 14342, Not Active, Not Active, Not Active
2026/07/17 10:19:33.919, 1192, 877, 189.34, 72, 72, 100, 14342, Not Active, Not Active, Not Active
2026/07/17 10:19:33.974, 1192, 877, 200.84, 72, 72, 100, 14342, Not Active, Not Active, Not Active
2026/07/17 10:19:34.026, 1192, 877, 196.05, 72, 72, 100, 14342, Not Active, Not Active, Not Active
2026/07/17 10:19:34.078, 1192, 877, 194.87, 72, 72, 100, 14342, Not Active, Not Active, Not Active
2026/07/17 10:19:34.134, 1192, 877, 198.79, 72, 72, 100, 14342, Not Active, Not Active, Not Active
2026/07/17 10:19:34.186, 1192, 877, 198.79, 72, 72, 100, 14342, Not Active, Not Active, Not Active
2026/07/17 10:19:34.238, 1192, 877, 193.65, 72, 73, 100, 14342, Not Active, Not Active, Not Active
2026/07/17 10:19:34.290, 1192, 877, 194.48, 72, 73, 100, 14342, Not Active, Not Active, Not Active
2026/07/17 10:19:34.342, 1192, 877, 196.87, 72, 73, 100, 14342, Not Active, Not Active, Not Active
2026/07/17 10:19:34.396, 1192, 877, 192.34, 72, 73, 100, 14342, Not Active, Not Active, Not Active
2026/07/17 10:19:34.447, 1192, 877, 192.09, 72, 73, 100, 14342, Not Active, Not Active, Not Active
2026/07/17 10:19:34.499, 1192, 877, 193.91, 72, 73, 100, 14342, Not Active, Not Active, Not Active
2026/07/17 10:19:34.556, 1192, 877, 191.61, 72, 73, 100, 14342, Not Active, Not Active, Not Active
2026/07/17 10:19:34.607, 1192, 877, 201.93, 72, 72, 100, 14342, Not Active, Not Active, Not Active
2026/07/17 10:19:34.659, 1192, 877, 195.70, 72, 73, 100, 14342, Not Active, Not Active, Not Active
2026/07/17 10:19:34.711, 1192, 877, 194.74, 72, 73, 100, 14342, Not Active, Not Active, Not Active
2026/07/17 10:19:34.763, 1192, 877, 197.75, 72, 73, 100, 14342, Not Active, Not Active, Not Active
2026/07/17 10:19:34.817, 1192, 877, 197.14, 72, 73, 100, 14342, Not Active, Not Active, Not Active
2026/07/17 10:19:34.869, 1192, 877, 193.52, 73, 73, 100, 14342, Not Active, Not Active, Not Active
2026/07/17 10:19:34.920, 1192, 877, 195.22, 73, 73, 100, 14342, Not Active, Not Active, Not Active
2026/07/17 10:19:34.972, 1192, 877, 190.90, 73, 73, 100, 14342, Not Active, Not Active, Not Active
2026/07/17 10:19:35.024, 1192, 877, 197.62, 73, 73, 100, 14342, Not Active, Not Active, Not Active
2026/07/17 10:19:35.078, 1192, 877, 198.44, 73, 73, 100, 14342, Not Active, Not Active, Not Active
2026/07/17 10:19:35.130, 1192, 877, 191.13, 73, 73, 100, 14342, Not Active, Not Active, Not Active
2026/07/17 10:19:35.181, 1192, 877, 197.96, 73, 73, 100, 14342, Not Active, Not Active, Not Active
2026/07/17 10:19:35.234, 1192, 877, 192.69, 73, 73, 100, 14342, Not Active, Not Active, Not Active
2026/07/17 10:19:35.286, 1192, 877, 191.61, 73, 73, 100, 14342, Not Active, Not Active, Not Active
2026/07/17 10:19:35.338, 1192, 877, 195.22, 73, 73, 100, 14342, Not Active, Not Active, Not Active
2026/07/17 10:19:35.390, 1192, 877, 199.53, 72, 73, 100, 14342, Not Active, Not Active, Not Active
2026/07/17 10:19:35.442, 1192, 877, 196.05, 73, 73, 100, 14342, Not Active, Not Active, Not Active
2026/07/17 10:19:35.494, 1192, 877, 197.14, 73, 73, 100, 14342, Not Active, Not Active, Not Active
2026/07/17 10:19:35.546, 1192, 877, 198.44, 73, 73, 100, 14342, Not Active, Not Active, Not Active
2026/07/17 10:19:35.600, 1192, 877, 190.52, 73, 73, 100, 14342, Not Active, Not Active, Not Active
2026/07/17 10:19:35.651, 1192, 877, 201.93, 73, 73, 100, 14342, Not Active, Not Active, Not Active
2026/07/17 10:19:35.703, 1192, 877, 197.14, 73, 73, 100, 14342, Not Active, Not Active, Not Active
2026/07/17 10:19:35.755, 1192, 877, 190.07, 73, 73, 100, 14342, Not Active, Not Active, Not Active
2026/07/17 10:19:35.807, 1192, 877, 196.05, 73, 73, 100, 14342, Not Active, Not Active, Not Active
2026/07/17 10:19:35.861, 1192, 877, 198.31, 73, 73, 100, 14342, Not Active, Not Active, Not Active
2026/07/17 10:19:35.913, 1192, 877, 201.80, 73, 73, 100, 14342, Not Active, Not Active, Not Active
2026/07/17 10:19:35.964, 1192, 877, 194.61, 73, 73, 100, 14342, Not Active, Not Active, Not Active
2026/07/17 10:19:36.017, 1192, 877, 175.68, 73, 73, 100, 14342, Not Active, Not Active, Not Active
2026/07/17 10:19:36.068, 1192, 877, 200.36, 73, 73, 100, 14342, Not Active, Not Active, Not Active
2026/07/17 10:19:36.123, 1192, 877, 184.07, 73, 73, 100, 14342, Not Active, Not Active, Not Active
2026/07/17 10:19:36.175, 1192, 877, 183.59, 73, 73, 100, 14342, Not Active, Not Active, Not Active
2026/07/17 10:19:36.227, 1192, 877, 201.18, 73, 73, 100, 14342, Not Active, Not Active, Not Active
2026/07/17 10:19:36.283, 1192, 877, 193.39, 73, 73, 100, 14342, Not Active, Not Active, Not Active
2026/07/17 10:19:36.335, 1192, 877, 189.47, 73, 73, 100, 14342, Not Active, Not Active, Not Active
2026/07/17 10:19:36.387, 1192, 877, 199.19, 73, 73, 100, 14342, Not Active, Not Active, Not Active
2026/07/17 10:19:36.439, 1192, 877, 190.65, 73, 73, 100, 14342, Not Active, Not Active, Not Active
2026/07/17 10:19:36.491, 1192, 877, 181.80, 73, 73, 100, 14342, Not Active, Not Active, Not Active
2026/07/17 10:19:36.544, 1192, 877, 194.26, 73, 73, 100, 14342, Not Active, Not Active, Not Active
2026/07/17 10:19:36.595, 1192, 877, 200.23, 73, 73, 100, 14342, Not Active, Not Active, Not Active
2026/07/17 10:19:36.647, 1192, 877, 194.83, 73, 73, 100, 14342, Not Active, Not Active, Not Active
2026/07/17 10:19:36.699, 1192, 877, 184.19, 73, 73, 100, 14342, Not Active, Not Active, Not Active
2026/07/17 10:19:36.751, 1192, 877, 199.05, 73, 73, 100, 14342, Not Active, Not Active, Not Active
2026/07/17 10:19:36.806, 1192, 877, 197.01, 73, 73, 100, 14342, Not Active, Not Active, Not Active
2026/07/17 10:19:36.858, 1192, 877, 190.90, 73, 73, 100, 14342, Not Active, Not Active, Not Active
2026/07/17 10:19:36.909, 1192, 877, 198.71, 73, 73, 100, 14342, Not Active, Not Active, Not Active
2026/07/17 10:19:36.965, 1192, 877, 195.83, 73, 73, 100, 14342, Not Active, Not Active, Not Active
2026/07/17 10:19:37.017, 1192, 877, 196.53, 73, 73, 100, 14342, Not Active, Not Active, Not Active
2026/07/17 10:19:37.069, 1192, 877, 189.95, 73, 73, 100, 14342, Not Active, Not Active, Not Active
2026/07/17 10:19:37.121, 1192, 877, 192.57, 73, 73, 100, 14342, Not Active, Not Active, Not Active
2026/07/17 10:19:37.173, 1192, 877, 196.66, 73, 73, 100, 14342, Not Active, Not Active, Not Active
2026/07/17 10:19:37.226, 1192, 877, 189.34, 73, 73, 100, 14342, Not Active, Not Active, Not Active
2026/07/17 10:19:37.278, 1192, 877, 186.95, 73, 73, 100, 14342, Not Active, Not Active, Not Active
2026/07/17 10:19:37.330, 1192, 877, 167.16, 73, 73, 100, 14342, Not Active, Not Active, Not Active
2026/07/17 10:19:37.382, 1192, 877, 195.44, 73, 73, 100, 14342, Not Active, Not Active, Not Active
2026/07/17 10:19:37.434, 1192, 877, 200.63, 73, 74, 100, 14342, Not Active, Not Active, Not Active
2026/07/17 10:19:37.488, 1192, 877, 190.30, 73, 73, 100, 14342, Not Active, Not Active, Not Active
2026/07/17 10:19:37.540, 1192, 877, 192.57, 73, 73, 100, 14342, Not Active, Not Active, Not Active
2026/07/17 10:19:37.591, 1192, 877, 195.44, 73, 73, 100, 14342, Not Active, Not Active, Not Active
2026/07/17 10:19:37.644, 1192, 877, 193.30, 73, 73, 100, 14342, Not Active, Not Active, Not Active
2026/07/17 10:19:37.695, 1192, 877, 191.74, 73, 74, 100, 14342, Not Active, Not Active, Not Active
2026/07/17 10:19:37.748, 1192, 877, 189.09, 73, 73, 100, 14342, Not Active, Not Active, Not Active
2026/07/17 10:19:37.800, 1192, 877, 198.57, 73, 73, 100, 14342, Not Active, Not Active, Not Active
2026/07/17 10:19:37.852, 1192, 877, 188.15, 73, 73, 100, 14342, Not Active, Not Active, Not Active
2026/07/17 10:19:37.904, 1192, 877, 190.30, 73, 74, 100, 14342, Not Active, Not Active, Not Active
2026/07/17 10:19:37.956, 1192, 877, 188.74, 73, 73, 100, 14342, Not Active, Not Active, Not Active
2026/07/17 10:19:38.010, 1192, 877, 188.38, 73, 73, 100, 14342, Not Active, Not Active, Not Active
2026/07/17 10:19:38.062, 1192, 877, 194.74, 73, 73, 100, 14342, Not Active, Not Active, Not Active
2026/07/17 10:19:38.113, 1192, 877, 192.21, 73, 74, 100, 14342, Not Active, Not Active, Not Active
2026/07/17 10:19:38.166, 1192, 877, 193.78, 73, 73, 100, 14342, Not Active, Not Active, Not Active
2026/07/17 10:19:38.217, 1192, 877, 195.57, 73, 73, 100, 14342, Not Active, Not Active, Not Active
2026/07/17 10:19:38.271, 1192, 877, 191.26, 73, 73, 100, 14342, Not Active, Not Active, Not Active
2026/07/17 10:19:38.323, 1192, 877, 185.99, 73, 74, 100, 14342, Not Active, Not Active, Not Active
2026/07/17 10:19:38.374, 1192, 877, 196.87, 73, 73, 100, 14342, Not Active, Not Active, Not Active
2026/07/17 10:19:38.427, 1192, 877, 196.66, 73, 73, 100, 14342, Not Active, Not Active, Not Active
2026/07/17 10:19:38.478, 1192, 877, 193.65, 73, 74, 100, 14342, Not Active, Not Active, Not Active
2026/07/17 10:19:38.532, 1192, 877, 189.82, 73, 74, 100, 14342, Not Active, Not Active, Not Active
2026/07/17 10:19:38.584, 1192, 877, 191.61, 73, 73, 100, 14342, Not Active, Not Active, Not Active
2026/07/17 10:19:38.636, 1192, 877, 196.05, 73, 74, 100, 14342, Not Active, Not Active, Not Active
2026/07/17 10:19:38.692, 1192, 877, 198.57, 73, 73, 100, 14342, Not Active, Not Active, Not Active
2026/07/17 10:19:38.744, 1192, 877, 183.36, 73, 73, 100, 14342, Not Active, Not Active, Not Active
2026/07/17 10:19:38.796, 1192, 877, 197.48, 73, 73, 100, 14342, Not Active, Not Active, Not Active
2026/07/17 10:19:38.853, 1192, 877, 194.00, 73, 73, 100, 14342, Not Active, Not Active, Not Active
2026/07/17 10:19:38.905, 1192, 877, 194.74, 73, 74, 100, 14342, Not Active, Not Active, Not Active
2026/07/17 10:19:38.957, 1192, 877, 192.34, 73, 74, 100, 14342, Not Active, Not Active, Not Active
2026/07/17 10:19:39.013, 1192, 877, 195.31, 73, 73, 100, 14342, Not Active, Not Active, Not Active
2026/07/17 10:19:39.065, 1192, 877, 192.91, 73, 74, 100, 14342, Not Active, Not Active, Not Active
2026/07/17 10:19:39.116, 1192, 877, 191.86, 73, 73, 100, 14342, Not Active, Not Active, Not Active
2026/07/17 10:19:39.169, 1192, 877, 189.11, 73, 74, 100, 14342, Not Active, Not Active, Not Active
2026/07/17 10:19:39.220, 1192, 877, 195.09, 73, 73, 100, 14342, Not Active, Not Active, Not Active
2026/07/17 10:19:39.274, 1192, 877, 199.40, 73, 73, 100, 14342, Not Active, Not Active, Not Active
2026/07/17 10:19:39.326, 1192, 877, 197.62, 73, 74, 100, 14342, Not Active, Not Active, Not Active
2026/07/17 10:19:39.378, 1192, 877, 178.80, 73, 73, 100, 14342, Not Active, Not Active, Not Active
2026/07/17 10:19:39.433, 1192, 877, 190.17, 73, 74, 100, 14342, Not Active, Not Active, Not Active
2026/07/17 10:19:39.485, 1192, 877, 193.78, 73, 73, 100, 14342, Not Active, Not Active, Not Active
2026/07/17 10:19:39.537, 1192, 877, 195.09, 73, 74, 100, 14342, Not Active, Not Active, Not Active
2026/07/17 10:19:39.589, 1192, 877, 181.20, 73, 74, 100, 14342, Not Active, Not Active, Not Active
2026/07/17 10:19:39.640, 1192, 877, 184.19, 73, 74, 100, 14342, Not Active, Not Active, Not Active
2026/07/17 10:19:39.695, 1192, 877, 184.66, 73, 73, 100, 14342, Not Active, Not Active, Not Active
2026/07/17 10:19:39.747, 1192, 877, 196.05, 73, 74, 100, 14342, Not Active, Not Active, Not Active
2026/07/17 10:19:39.799, 1192, 877, 195.83, 73, 74, 100, 14342, Not Active, Not Active, Not Active
2026/07/17 10:19:39.851, 1192, 877, 185.63, 74, 74, 100, 14342, Not Active, Not Active, Not Active
2026/07/17 10:19:39.903, 1192, 877, 185.38, 73, 74, 100, 14342, Not Active, Not Active, Not Active
2026/07/17 10:19:39.956, 1192, 877, 194.00, 73, 74, 100, 14342, Not Active, Not Active, Not Active
2026/07/17 10:19:40.008, 1192, 877, 195.09, 73, 74, 100, 14342, Not Active, Not Active, Not Active
2026/07/17 10:19:40.060, 1192, 877, 189.95, 73, 73, 100, 14342, Not Active, Not Active, Not Active
2026/07/17 10:19:40.112, 1192, 877, 177.96, 73, 74, 100, 14342, Not Active, Not Active, Not Active
2026/07/17 10:19:40.163, 1192, 877, 192.82, 73, 73, 100, 14342, Not Active, Not Active, Not Active
2026/07/17 10:19:40.218, 1192, 877, 193.65, 73, 74, 100, 14342, Not Active, Not Active, Not Active
2026/07/17 10:19:40.269, 1192, 877, 195.31, 73, 74, 100, 14342, Not Active, Not Active, Not Active
2026/07/17 10:19:40.321, 1192, 877, 169.81, 73, 74, 100, 14342, Not Active, Not Active, Not Active
2026/07/17 10:19:40.374, 1192, 877, 180.12, 73, 74, 100, 14342, Not Active, Not Active, Not Active
2026/07/17 10:19:40.425, 1192, 877, 190.30, 73, 73, 100, 14342, Not Active, Not Active, Not Active
2026/07/17 10:19:40.479, 1192, 877, 196.87, 73, 74, 100, 14342, Not Active, Not Active, Not Active
2026/07/17 10:19:40.530, 1192, 877, 194.22, 74, 74, 100, 14342, Not Active, Not Active, Not Active
2026/07/17 10:19:40.582, 1192, 877, 172.69, 73, 74, 100, 14342, Not Active, Not Active, Not Active
2026/07/17 10:19:40.634, 1192, 877, 181.08, 73, 74, 100, 14342, Not Active, Not Active, Not Active
2026/07/17 10:19:40.686, 1192, 877, 187.17, 73, 74, 100, 14342, Not Active, Not Active, Not Active
2026/07/17 10:19:40.739, 1192, 877, 193.30, 73, 73, 100, 14342, Not Active, Not Active, Not Active
2026/07/17 10:19:40.791, 1192, 877, 194.96, 74, 74, 100, 14342, Not Active, Not Active, Not Active
2026/07/17 10:19:40.843, 1192, 877, 173.65, 73, 74, 100, 14342, Not Active, Not Active, Not Active
2026/07/17 10:19:40.895, 1192, 877, 185.63, 74, 74, 100, 14342, Not Active, Not Active, Not Active
2026/07/17 10:19:40.947, 1192, 877, 194.26, 74, 73, 100, 14342, Not Active, Not Active, Not Active
2026/07/17 10:19:41.001, 1192, 877, 196.05, 74, 74, 100, 14342, Not Active, Not Active, Not Active
2026/07/17 10:19:41.053, 1192, 877, 199.13, 74, 74, 100, 14342, Not Active, Not Active, Not Active
2026/07/17 10:19:41.106, 1192, 877, 177.96, 74, 74, 100, 14342, Not Active, Not Active, Not Active
2026/07/17 10:19:41.160, 1192, 877, 188.15, 74, 74, 100, 14342, Not Active, Not Active, Not Active
2026/07/17 10:19:41.212, 1192, 877, 184.78, 74, 74, 100, 14342, Not Active, Not Active, Not Active
2026/07/17 10:19:41.264, 1192, 877, 194.35, 74, 74, 100, 14342, Not Active, Not Active, Not Active
2026/07/17 10:19:41.315, 1192, 877, 195.70, 74, 74, 100, 14342, Not Active, Not Active, Not Active
2026/07/17 10:19:41.417, 1192, 877, 153.93, 73, 74, 100, 14342, Not Active, Not Active, Not Active
2026/07/17 10:19:41.470, 1192, 877, 188.99, 73, 73, 100, 14342, Not Active, Not Active, Not Active
2026/07/17 10:19:41.522, 1192, 877, 192.82, 73, 73, 100, 14342, Not Active, Not Active, Not Active
2026/07/17 10:19:41.574, 1192, 877, 193.39, 74, 74, 100, 14342, Not Active, Not Active, Not Active
2026/07/17 10:19:41.626, 1192, 877, 197.70, 73, 74, 100, 14342, Not Active, Not Active, Not Active
2026/07/17 10:19:41.678, 1192, 877, 171.14, 74, 74, 100, 14342, Not Active, Not Active, Not Active
2026/07/17 10:19:41.730, 1192, 877, 174.01, 74, 74, 100, 14342, Not Active, Not Active, Not Active
2026/07/17 10:19:41.783, 1192, 877, 190.55, 74, 74, 100, 14342, Not Active, Not Active, Not Active
2026/07/17 10:19:41.835, 1192, 877, 199.05, 73, 74, 100, 14342, Not Active, Not Active, Not Active
2026/07/17 10:19:41.887, 1192, 877, 203.58, 74, 74, 100, 14342, Not Active, Not Active, Not Active
2026/07/17 10:19:41.939, 1192, 877, 170.04, 74, 74, 100, 14342, Not Active, Not Active, Not Active
2026/07/17 10:19:41.991, 1192, 877, 190.55, 74, 74, 100, 14342, Not Active, Not Active, Not Active
2026/07/17 10:19:42.045, 1192, 877, 195.09, 74, 74, 100, 14342, Not Active, Not Active, Not Active
2026/07/17 10:19:42.097, 1192, 877, 201.32, 74, 74, 100, 14342, Not Active, Not Active, Not Active
2026/07/17 10:19:42.149, 1192, 877, 190.90, 73, 73, 100, 14342, Not Active, Not Active, Not Active
2026/07/17 10:19:42.201, 1192, 877, 198.66, 74, 74, 100, 14342, Not Active, Not Active, Not Active
2026/07/17 10:19:42.252, 1192, 877, 174.24, 74, 74, 100, 14342, Not Active, Not Active, Not Active
2026/07/17 10:19:42.305, 1192, 877, 186.84, 74, 74, 100, 14342, Not Active, Not Active, Not Active
2026/07/17 10:19:42.357, 1192, 877, 190.65, 74, 73, 100, 14342, Not Active, Not Active, Not Active
2026/07/17 10:19:42.409, 1192, 877, 193.04, 74, 74, 100, 14342, Not Active, Not Active, Not Active
2026/07/17 10:19:42.460, 1192, 877, 195.44, 74, 74, 100, 14342, Not Active, Not Active, Not Active
2026/07/17 10:19:42.512, 1192, 877, 172.92, 74, 74, 100, 14342, Not Active, Not Active, Not Active
2026/07/17 10:19:42.566, 1192, 877, 181.32, 74, 74, 100, 14342, Not Active, Not Active, Not Active
2026/07/17 10:19:42.618, 1192, 877, 190.78, 74, 73, 100, 14342, Not Active, Not Active, Not Active
2026/07/17 10:19:42.670, 1192, 877, 190.68, 74, 74, 100, 14342, Not Active, Not Active, Not Active
2026/07/17 10:19:42.722, 1192, 877, 192.09, 74, 74, 100, 14342, Not Active, Not Active, Not Active
2026/07/17 10:19:42.774, 1192, 877, 194.74, 74, 74, 100, 14342, Not Active, Not Active, Not Active
2026/07/17 10:19:42.828, 1192, 877, 175.09, 74, 74, 100, 14342, Not Active, Not Active, Not Active
2026/07/17 10:19:42.880, 1192, 877, 171.73, 74, 74, 100, 14342, Not Active, Not Active, Not Active
2026/07/17 10:19:42.932, 1192, 877, 191.61, 74, 74, 100, 14342, Not Active, Not Active, Not Active
2026/07/17 10:19:42.988, 1192, 877, 191.13, 74, 74, 100, 14342, Not Active, Not Active, Not Active
2026/07/17 10:19:43.040, 1192, 877, 194.39, 74, 74, 100, 14342, Not Active, Not Active, Not Active
2026/07/17 10:19:43.092, 1192, 877, 200.49, 74, 74, 100, 14342, Not Active, Not Active, Not Active
2026/07/17 10:19:43.144, 1192, 877, 168.60, 74, 74, 100, 14342, Not Active, Not Active, Not Active
2026/07/17 10:19:43.195, 1192, 877, 182.52, 74, 74, 100, 14342, Not Active, Not Active, Not Active
2026/07/17 10:19:43.249, 1192, 877, 193.78, 74, 74, 100, 14342, Not Active, Not Active, Not Active
2026/07/17 10:19:43.301, 1192, 877, 194.00, 74, 74, 100, 14342, Not Active, Not Active, Not Active
2026/07/17 10:19:43.353, 1192, 877, 196.87, 74, 74, 100, 14342, Not Active, Not Active, Not Active
2026/07/17 10:19:43.405, 1192, 877, 191.26, 74, 74, 100, 14342, Not Active, Not Active, Not Active
2026/07/17 10:19:43.457, 1192, 877, 170.41, 74, 74, 100, 14342, Not Active, Not Active, Not Active
2026/07/17 10:19:43.509, 1192, 877, 188.15, 74, 74, 100, 14342, Not Active, Not Active, Not Active
2026/07/17 10:19:43.560, 1192, 877, 144.50, 74, 74, 100, 14342, Not Active, Not Active, Not Active
2026/07/17 10:19:43.612, 1192, 877, 188.38, 74, 73, 100, 14342, Not Active, Not Active, Not Active
2026/07/17 10:19:43.664, 1192, 877, 195.44, 74, 74, 100, 14342, Not Active, Not Active, Not Active
2026/07/17 10:19:43.716, 1192, 877, 200.49, 74, 74, 100, 14342, Not Active, Not Active, Not Active
2026/07/17 10:19:43.771, 1192, 877, 176.64, 74, 74, 100, 14342, Not Active, Not Active, Not Active
2026/07/17 10:19:43.822, 1192, 877, 172.69, 74, 74, 100, 14342, Not Active, Not Active, Not Active
2026/07/17 10:19:43.874, 1192, 877, 181.68, 74, 74, 100, 14342, Not Active, Not Active, Not Active
2026/07/17 10:19:43.926, 1192, 877, 189.82, 74, 74, 100, 14342, Not Active, Not Active, Not Active
2026/07/17 10:19:43.978, 1192, 877, 198.92, 74, 74, 100, 14342, Not Active, Not Active, Not Active
2026/07/17 10:19:44.033, 1192, 877, 195.09, 74, 74, 100, 14342, Not Active, Not Active, Not Active
2026/07/17 10:19:44.084, 1192, 877, 185.63, 74, 74, 100, 14342, Not Active, Not Active, Not Active
2026/07/17 10:19:44.136, 1192, 877, 179.40, 74, 74, 100, 14342, Not Active, Not Active, Not Active
2026/07/17 10:19:44.191, 1192, 877, 181.20, 74, 73, 100, 14342, Not Active, Not Active, Not Active
2026/07/17 10:19:44.243, 1192, 877, 188.76, 74, 74, 100, 14342, Not Active, Not Active, Not Active
2026/07/17 10:19:44.295, 1192, 877, 178.20, 74, 73, 100, 14342, Not Active, Not Active, Not Active
2026/07/17 10:19:44.347, 1192, 877, 195.09, 74, 74, 100, 14342, Not Active, Not Active, Not Active
2026/07/17 10:19:44.398, 1192, 877, 200.01, 74, 74, 100, 14342, Not Active, Not Active, Not Active
2026/07/17 10:19:44.454, 1192, 877, 180.24, 74, 74, 100, 14342, Not Active, Not Active, Not Active
2026/07/17 10:19:44.505, 1192, 877, 169.08, 74, 74, 100, 14342, Not Active, Not Active, Not Active
2026/07/17 10:19:44.557, 1192, 877, 173.90, 74, 74, 100, 14342, Not Active, Not Active, Not Active
2026/07/17 10:19:44.609, 1192, 877, 188.38, 74, 74, 100, 14342, Not Active, Not Active, Not Active
2026/07/17 10:19:44.661, 1192, 877, 193.30, 74, 74, 100, 14342, Not Active, Not Active, Not Active
2026/07/17 10:19:44.714, 1192, 877, 199.19, 74, 74, 100, 14342, Not Active, Not Active, Not Active
2026/07/17 10:19:44.766, 1192, 877, 203.10, 74, 74, 100, 14342, Not Active, Not Active, Not Active
2026/07/17 10:19:44.818, 1192, 877, 170.75, 74, 74, 100, 14342, Not Active, Not Active, Not Active
2026/07/17 10:19:44.870, 1192, 877, 179.16, 74, 74, 100, 14342, Not Active, Not Active, Not Active
2026/07/17 10:19:44.922, 1192, 877, 182.76, 74, 73, 100, 14342, Not Active, Not Active, Not Active
2026/07/17 10:19:44.975, 1192, 877, 186.34, 74, 74, 100, 14342, Not Active, Not Active, Not Active
2026/07/17 10:19:45.027, 1192, 877, 176.52, 74, 73, 100, 14342, Not Active, Not Active, Not Active
2026/07/17 10:19:45.079, 1192, 877, 190.78, 74, 74, 100, 14342, Not Active, Not Active, Not Active
2026/07/17 10:19:45.130, 1192, 877, 195.57, 74, 74, 100, 14342, Not Active, Not Active, Not Active
2026/07/17 10:19:45.182, 1192, 877, 183.36, 74, 74, 100, 14342, Not Active, Not Active, Not Active
2026/07/17 10:19:45.236, 1192, 877, 159.96, 74, 75, 100, 14342, Not Active, Not Active, Not Active
2026/07/17 10:19:45.288, 1192, 877, 180.84, 74, 74, 100, 14342, Not Active, Not Active, Not Active
2026/07/17 10:19:45.340, 1192, 877, 179.76, 74, 74, 100, 14342, Not Active, Not Active, Not Active
2026/07/17 10:19:45.392, 1192, 877, 189.95, 74, 73, 100, 14342, Not Active, Not Active, Not Active
2026/07/17 10:19:45.444, 1192, 877, 197.96, 74, 74, 100, 14342, Not Active, Not Active, Not Active
2026/07/17 10:19:45.497, 1192, 877, 190.65, 74, 74, 100, 14342, Not Active, Not Active, Not Active
2026/07/17 10:19:45.549, 1192, 877, 192.21, 74, 74, 100, 14342, Not Active, Not Active, Not Active
2026/07/17 10:19:45.601, 1192, 877, 158.41, 74, 74, 100, 14342, Not Active, Not Active, Not Active
2026/07/17 10:19:45.653, 1192, 877, 179.88, 74, 74, 100, 14342, Not Active, Not Active, Not Active
2026/07/17 10:19:45.705, 1192, 877, 177.84, 74, 74, 100, 14342, Not Active, Not Active, Not Active
2026/07/17 10:19:45.757, 1192, 877, 151.04, 74, 74, 100, 14342, Not Active, Not Active, Not Active
2026/07/17 10:19:45.809, 1192, 877, 187.65, 74, 74, 100, 14342, Not Active, Not Active, Not Active
2026/07/17 10:19:45.861, 1192, 877, 194.48, 74, 74, 100, 14342, Not Active, Not Active, Not Active
2026/07/17 10:19:45.913, 1192, 877, 190.52, 74, 74, 100, 14342, Not Active, Not Active, Not Active
2026/07/17 10:19:45.964, 1192, 877, 189.34, 74, 74, 100, 14342, Not Active, Not Active, Not Active
2026/07/17 10:19:46.020, 1192, 877, 161.40, 74, 74, 100, 14342, Not Active, Not Active, Not Active
2026/07/17 10:19:46.072, 1192, 877, 168.38, 74, 74, 100, 14342, Not Active, Not Active, Not Active
2026/07/17 10:19:46.124, 1192, 877, 175.81, 74, 73, 100, 14342, Not Active, Not Active, Not Active
2026/07/17 10:19:46.179, 1192, 877, 187.30, 74, 74, 100, 14342, Not Active, Not Active, Not Active
2026/07/17 10:19:46.231, 1192, 877, 188.74, 74, 74, 100, 14342, Not Active, Not Active, Not Active
2026/07/17 10:19:46.282, 1192, 877, 191.51, 74, 74, 100, 14342, Not Active, Not Active, Not Active
2026/07/17 10:19:46.334, 1192, 877, 197.35, 74, 74, 100, 14342, Not Active, Not Active, Not Active
2026/07/17 10:19:46.386, 1192, 877, 166.68, 74, 74, 100, 14342, Not Active, Not Active, Not Active
2026/07/17 10:19:46.441, 1192, 877, 170.29, 74, 74, 100, 14342, Not Active, Not Active, Not Active
2026/07/17 10:19:46.493, 1192, 877, 140.65, 74, 74, 100, 14342, Not Active, Not Active, Not Active
2026/07/17 10:19:46.545, 1192, 877, 177.37, 74, 74, 100, 14342, Not Active, Not Active, Not Active
2026/07/17 10:19:46.600, 1192, 877, 188.03, 74, 74, 100, 14342, Not Active, Not Active, Not Active
2026/07/17 10:19:46.652, 1192, 877, 192.57, 74, 74, 100, 14342, Not Active, Not Active, Not Active
2026/07/17 10:19:46.704, 1192, 877, 195.09, 74, 74, 100, 14342, Not Active, Not Active, Not Active
2026/07/17 10:19:46.756, 1192, 877, 196.74, 74, 74, 100, 14342, Not Active, Not Active, Not Active
2026/07/17 10:19:46.808, 1192, 877, 175.68, 74, 74, 100, 14342, Not Active, Not Active, Not Active
2026/07/17 10:19:46.863, 1192, 877, 162.36, 74, 74, 100, 14342, Not Active, Not Active, Not Active
2026/07/17 10:19:46.915, 1192, 877, 179.40, 74, 74, 100, 14342, Not Active, Not Active, Not Active
2026/07/17 10:19:46.966, 1192, 877, 177.48, 74, 74, 100, 14342, Not Active, Not Active, Not Active
2026/07/17 10:19:47.019, 1192, 877, 191.38, 74, 74, 100, 14342, Not Active, Not Active, Not Active
2026/07/17 10:19:47.071, 1192, 877, 189.57, 74, 74, 100, 14342, Not Active, Not Active, Not Active
2026/07/17 10:19:47.123, 1192, 877, 195.92, 74, 74, 100, 14342, Not Active, Not Active, Not Active
2026/07/17 10:19:47.175, 1192, 877, 198.52, 74, 74, 100, 14342, Not Active, Not Active, Not Active
2026/07/17 10:19:47.228, 1192, 877, 161.88, 74, 74, 100, 14342, Not Active, Not Active, Not Active
2026/07/17 10:19:47.284, 1192, 877, 173.65, 74, 74, 100, 14342, Not Active, Not Active, Not Active
2026/07/17 10:19:47.335, 1192, 877, 155.74, 74, 74, 100, 14342, Not Active, Not Active, Not Active
2026/07/17 10:19:47.387, 1192, 877, 175.68, 74, 74, 100, 14342, Not Active, Not Active, Not Active
2026/07/17 10:19:47.439, 1192, 877, 179.28, 74, 74, 100, 14342, Not Active, Not Active, Not Active
2026/07/17 10:19:47.491, 1192, 877, 191.86, 74, 74, 100, 14342, Not Active, Not Active, Not Active
2026/07/17 10:19:47.545, 1192, 877, 194.26, 74, 74, 100, 14342, Not Active, Not Active, Not Active
2026/07/17 10:19:47.597, 1192, 877, 197.62, 74, 74, 100, 14342, Not Active, Not Active, Not Active
2026/07/17 10:19:47.648, 1192, 877, 198.92, 74, 74, 100, 14342, Not Active, Not Active, Not Active
2026/07/17 10:19:47.700, 1192, 877, 201.93, 74, 74, 100, 14342, Not Active, Not Active, Not Active
2026/07/17 10:19:47.752, 1192, 877, 173.88, 74, 75, 100, 14342, Not Active, Not Active, Not Active
2026/07/17 10:19:47.806, 1192, 877, 160.44, 74, 74, 100, 14342, Not Active, Not Active, Not Active
2026/07/17 10:19:47.858, 1192, 877, 170.18, 74, 74, 100, 14342, Not Active, Not Active, Not Active
2026/07/17 10:19:47.910, 1192, 877, 180.60, 74, 74, 100, 14342, Not Active, Not Active, Not Active
2026/07/17 10:19:47.962, 1192, 877, 192.21, 74, 74, 100, 14342, Not Active, Not Active, Not Active
2026/07/17 10:19:48.014, 1192, 877, 153.14, 74, 74, 100, 14342, Not Active, Not Active, Not Active
2026/07/17 10:19:48.066, 1192, 877, 187.07, 74, 74, 100, 14342, Not Active, Not Active, Not Active
2026/07/17 10:19:48.118, 1192, 877, 194.13, 74, 74, 100, 14342, Not Active, Not Active, Not Active
2026/07/17 10:19:48.169, 1192, 877, 193.65, 74, 75, 100, 14342, Not Active, Not Active, Not Active
2026/07/17 10:19:48.221, 1192, 877, 198.79, 74, 74, 100, 14342, Not Active, Not Active, Not Active
2026/07/17 10:19:48.273, 1192, 877, 182.15, 74, 75, 100, 14342, Not Active, Not Active, Not Active
2026/07/17 10:19:48.328, 1192, 877, 156.22, 74, 75, 100, 14342, Not Active, Not Active, Not Active
2026/07/17 10:19:48.380, 1192, 877, 160.92, 74, 75, 100, 14342, Not Active, Not Active, Not Active
2026/07/17 10:19:48.432, 1192, 877, 178.08, 74, 75, 100, 14342, Not Active, Not Active, Not Active
2026/07/17 10:19:48.484, 1192, 877, 180.72, 74, 74, 100, 14342, Not Active, Not Active, Not Active
2026/07/17 10:19:48.536, 1192, 877, 189.34, 74, 74, 100, 14342, Not Active, Not Active, Not Active
2026/07/17 10:19:48.588, 1192, 877, 190.52, 74, 74, 100, 14342, Not Active, Not Active, Not Active
2026/07/17 10:19:48.640, 1192, 877, 194.26, 74, 74, 100, 14342, Not Active, Not Active, Not Active
2026/07/17 10:19:48.692, 1192, 877, 197.01, 74, 75, 100, 14342, Not Active, Not Active, Not Active
2026/07/17 10:19:48.744, 1192, 877, 201.18, 74, 75, 100, 14342, Not Active, Not Active, Not Active
2026/07/17 10:19:48.796, 1192, 877, 192.09, 74, 74, 100, 14342, Not Active, Not Active, Not Active
2026/07/17 10:19:48.850, 1192, 877, 191.51, 74, 75, 100, 14342, Not Active, Not Active, Not Active
2026/07/17 10:19:48.901, 1192, 877, 169.45, 74, 75, 100, 14342, Not Active, Not Active, Not Active
2026/07/17 10:19:48.953, 1192, 877, 153.34, 74, 75, 100, 14342, Not Active, Not Active, Not Active
2026/07/17 10:19:49.005, 1192, 877, 165.13, 74, 75, 100, 14342, Not Active, Not Active, Not Active
2026/07/17 10:19:49.057, 1192, 877, 179.40, 74, 74, 100, 14342, Not Active, Not Active, Not Active
2026/07/17 10:19:49.110, 1192, 877, 187.07, 74, 74, 100, 14342, Not Active, Not Active, Not Active
2026/07/17 10:19:49.162, 1192, 877, 191.38, 74, 74, 100, 14342, Not Active, Not Active, Not Active
2026/07/17 10:19:49.214, 1192, 877, 194.61, 74, 74, 100, 14342, Not Active, Not Active, Not Active
2026/07/17 10:19:49.265, 1192, 877, 196.53, 74, 74, 100, 14342, Not Active, Not Active, Not Active
2026/07/17 10:19:49.317, 1192, 877, 196.05, 74, 74, 100, 14342, Not Active, Not Active, Not Active
2026/07/17 10:19:49.372, 1192, 877, 201.32, 74, 75, 100, 14342, Not Active, Not Active, Not Active
2026/07/17 10:19:49.424, 1192, 877, 180.48, 74, 75, 100, 14342, Not Active, Not Active, Not Active
2026/07/17 10:19:49.475, 1192, 877, 160.44, 74, 75, 100, 14342, Not Active, Not Active, Not Active
2026/07/17 10:19:49.527, 1192, 877, 160.07, 74, 75, 100, 14342, Not Active, Not Active, Not Active
2026/07/17 10:19:49.579, 1192, 877, 150.08, 74, 74, 100, 14342, Not Active, Not Active, Not Active
2026/07/17 10:19:49.631, 1192, 877, 159.11, 74, 75, 100, 14342, Not Active, Not Active, Not Active
2026/07/17 10:19:49.683, 1192, 877, 169.70, 74, 75, 100, 14342, Not Active, Not Active, Not Active
2026/07/17 10:19:49.736, 1192, 877, 179.76, 74, 74, 100, 14342, Not Active, Not Active, Not Active
2026/07/17 10:19:49.788, 1192, 877, 185.15, 74, 74, 100, 14342, Not Active, Not Active, Not Active
2026/07/17 10:19:49.840, 1192, 877, 185.88, 74, 75, 100, 14342, Not Active, Not Active, Not Active
2026/07/17 10:19:49.893, 1192, 877, 192.57, 74, 74, 100, 14342, Not Active, Not Active, Not Active
2026/07/17 10:19:49.945, 1192, 877, 192.57, 74, 74, 100, 14342, Not Active, Not Active, Not Active
2026/07/17 10:19:49.997, 1192, 877, 200.36, 74, 75, 100, 14342, Not Active, Not Active, Not Active
2026/07/17 10:19:50.049, 1192, 877, 197.70, 75, 74, 100, 14342, Not Active, Not Active, Not Active
2026/07/17 10:19:50.101, 1192, 877, 179.52, 74, 75, 100, 14342, Not Active, Not Active, Not Active
2026/07/17 10:19:50.155, 1192, 877, 160.65, 74, 75, 100, 14342, Not Active, Not Active, Not Active
2026/07/17 10:19:50.207, 1192, 877, 159.00, 75, 75, 100, 14342, Not Active, Not Active, Not Active
2026/07/17 10:19:50.259, 1192, 877, 173.17, 74, 74, 100, 14342, Not Active, Not Active, Not Active
2026/07/17 10:19:50.314, 1192, 877, 139.12, 74, 75, 100, 14342, Not Active, Not Active, Not Active
2026/07/17 10:19:50.366, 1192, 877, 174.48, 74, 75, 100, 14342, Not Active, Not Active, Not Active
2026/07/17 10:19:50.418, 1192, 877, 174.49, 74, 74, 100, 14342, Not Active, Not Active, Not Active
2026/07/17 10:19:50.470, 1192, 877, 184.80, 74, 74, 100, 14342, Not Active, Not Active, Not Active
2026/07/17 10:19:50.522, 1192, 877, 191.26, 74, 75, 100, 14342, Not Active, Not Active, Not Active
2026/07/17 10:19:50.576, 1192, 877, 189.95, 74, 74, 100, 14342, Not Active, Not Active, Not Active
2026/07/17 10:19:50.628, 1192, 877, 197.48, 74, 75, 100, 14342, Not Active, Not Active, Not Active
2026/07/17 10:19:50.680, 1192, 877, 196.66, 74, 74, 100, 14342, Not Active, Not Active, Not Active
2026/07/17 10:19:50.732, 1192, 877, 197.83, 74, 74, 100, 14342, Not Active, Not Active, Not Active
2026/07/17 10:19:50.784, 1192, 877, 199.05, 75, 75, 100, 14342, Not Active, Not Active, Not Active
2026/07/17 10:19:50.837, 1192, 877, 178.44, 75, 75, 100, 14342, Not Active, Not Active, Not Active
2026/07/17 10:19:50.889, 1192, 877, 166.57, 75, 75, 100, 14342, Not Active, Not Active, Not Active
2026/07/17 10:19:50.941, 1192, 877, 149.50, 75, 75, 100, 14342, Not Active, Not Active, Not Active
2026/07/17 10:19:50.993, 1192, 877, 161.88, 75, 75, 100, 14342, Not Active, Not Active, Not Active
2026/07/17 10:19:51.045, 1192, 877, 166.83, 75, 75, 100, 14342, Not Active, Not Active, Not Active
2026/07/17 10:19:51.096, 1192, 877, 139.21, 74, 75, 100, 14342, Not Active, Not Active, Not Active
2026/07/17 10:19:51.149, 1192, 877, 168.01, 74, 74, 100, 14342, Not Active, Not Active, Not Active
2026/07/17 10:19:51.201, 1192, 877, 177.36, 74, 75, 100, 14342, Not Active, Not Active, Not Active
2026/07/17 10:19:51.253, 1192, 877, 182.28, 74, 74, 100, 14342, Not Active, Not Active, Not Active
2026/07/17 10:19:51.304, 1192, 877, 183.95, 74, 74, 100, 14342, Not Active, Not Active, Not Active
2026/07/17 10:19:51.358, 1192, 877, 193.43, 75, 74, 100, 14342, Not Active, Not Active, Not Active
2026/07/17 10:19:51.410, 1192, 877, 191.61, 74, 74, 100, 14342, Not Active, Not Active, Not Active
2026/07/17 10:19:51.462, 1192, 877, 193.91, 75, 74, 100, 14342, Not Active, Not Active, Not Active
2026/07/17 10:19:51.514, 1192, 877, 195.09, 75, 75, 100, 14342, Not Active, Not Active, Not Active
2026/07/17 10:19:51.565, 1192, 877, 194.96, 75, 75, 100, 14342, Not Active, Not Active, Not Active
2026/07/17 10:19:51.620, 1192, 877, 201.80, 75, 75, 100, 14342, Not Active, Not Active, Not Active
2026/07/17 10:19:51.672, 1192, 877, 187.90, 75, 75, 100, 14342, Not Active, Not Active, Not Active
2026/07/17 10:19:51.723, 1192, 877, 172.32, 75, 75, 100, 14342, Not Active, Not Active, Not Active
2026/07/17 10:19:51.775, 1192, 877, 162.58, 75, 75, 100, 14342, Not Active, Not Active, Not Active
2026/07/17 10:19:51.827, 1192, 877, 153.93, 75, 75, 100, 14342, Not Active, Not Active, Not Active
2026/07/17 10:19:51.879, 1192, 877, 161.29, 75, 75, 100, 14342, Not Active, Not Active, Not Active
2026/07/17 10:19:51.931, 1192, 877, 155.37, 74, 74, 100, 14342, Not Active, Not Active, Not Active
2026/07/17 10:19:51.982, 1192, 877, 151.52, 75, 75, 100, 14342, Not Active, Not Active, Not Active
2026/07/17 10:19:52.034, 1192, 877, 156.12, 75, 75, 100, 14342, Not Active, Not Active, Not Active
2026/07/17 10:19:52.086, 1192, 877, 176.16, 74, 75, 100, 14342, Not Active, Not Active, Not Active
2026/07/17 10:19:52.140, 1192, 877, 179.88, 75, 74, 100, 14342, Not Active, Not Active, Not Active
2026/07/17 10:19:52.192, 1192, 877, 176.41, 75, 74, 100, 14342, Not Active, Not Active, Not Active
2026/07/17 10:19:52.245, 1192, 877, 181.80, 75, 74, 100, 14342, Not Active, Not Active, Not Active
2026/07/17 10:19:52.297, 1192, 877, 182.87, 75, 75, 100, 14342, Not Active, Not Active, Not Active
2026/07/17 10:19:52.349, 1192, 877, 191.13, 75, 74, 100, 14342, Not Active, Not Active, Not Active
2026/07/17 10:19:52.403, 1192, 877, 197.96, 75, 74, 100, 14342, Not Active, Not Active, Not Active
2026/07/17 10:19:52.455, 1192, 877, 195.57, 75, 75, 100, 14342, Not Active, Not Active, Not Active
2026/07/17 10:19:52.507, 1192, 877, 194.96, 75, 75, 100, 14342, Not Active, Not Active, Not Active
2026/07/17 10:19:52.559, 1192, 877, 195.70, 75, 75, 100, 14342, Not Active, Not Active, Not Active
2026/07/17 10:19:52.611, 1192, 877, 189.69, 75, 75, 100, 14342, Not Active, Not Active, Not Active
2026/07/17 10:19:52.665, 1192, 877, 180.48, 75, 75, 100, 14342, Not Active, Not Active, Not Active
2026/07/17 10:19:52.717, 1192, 877, 192.31, 75, 74, 100, 14342, Not Active, Not Active, Not Active
2026/07/17 10:19:52.768, 1192, 877, 174.13, 75, 75, 100, 14342, Not Active, Not Active, Not Active
2026/07/17 10:19:52.825, 1192, 877, 164.39, 75, 75, 100, 14342, Not Active, Not Active, Not Active
2026/07/17 10:19:52.877, 1192, 877, 154.03, 75, 75, 100, 14342, Not Active, Not Active, Not Active
2026/07/17 10:19:52.928, 1192, 877, 151.52, 75, 75, 100, 14342, Not Active, Not Active, Not Active
2026/07/17 10:19:52.981, 1192, 877, 157.08, 74, 75, 100, 14342, Not Active, Not Active, Not Active
2026/07/17 10:19:53.032, 1192, 877, 162.36, 75, 75, 100, 14342, Not Active, Not Active, Not Active
2026/07/17 10:19:53.084, 1192, 877, 171.85, 75, 75, 100, 14342, Not Active, Not Active, Not Active
2026/07/17 10:19:53.136, 1192, 877, 172.44, 75, 74, 100, 14342, Not Active, Not Active, Not Active
2026/07/17 10:19:53.188, 1192, 877, 180.48, 75, 75, 100, 14342, Not Active, Not Active, Not Active
2026/07/17 10:19:53.239, 1192, 877, 180.72, 75, 74, 100, 14342, Not Active, Not Active, Not Active
2026/07/17 10:19:53.291, 1192, 877, 185.63, 74, 75, 100, 14342, Not Active, Not Active, Not Active
2026/07/17 10:19:53.346, 1192, 877, 191.38, 75, 75, 100, 14342, Not Active, Not Active, Not Active
2026/07/17 10:19:53.398, 1192, 877, 186.95, 75, 74, 100, 14342, Not Active, Not Active, Not Active
2026/07/17 10:19:53.450, 1192, 877, 188.74, 75, 75, 100, 14342, Not Active, Not Active, Not Active
2026/07/17 10:19:53.501, 1192, 877, 156.87, 74, 74, 100, 14342, Not Active, Not Active, Not Active
2026/07/17 10:19:53.553, 1192, 877, 192.47, 74, 73, 100, 14342, Not Active, Not Active, Not Active
2026/07/17 10:19:53.608, 1192, 877, 188.15, 75, 75, 100, 14342, Not Active, Not Active, Not Active
2026/07/17 10:19:53.659, 1192, 877, 188.03, 74, 75, 100, 14342, Not Active, Not Active, Not Active
2026/07/17 10:19:53.711, 1192, 877, 190.78, 75, 74, 100, 14342, Not Active, Not Active, Not Active
2026/07/17 10:19:53.763, 1192, 877, 192.44, 75, 75, 100, 14342, Not Active, Not Active, Not Active
2026/07/17 10:19:53.815, 1192, 877, 197.96, 74, 75, 100, 14342, Not Active, Not Active, Not Active
2026/07/17 10:19:53.869, 1192, 877, 198.10, 75, 75, 100, 14342, Not Active, Not Active, Not Active
2026/07/17 10:19:53.921, 1192, 877, 196.87, 75, 75, 100, 14342, Not Active, Not Active, Not Active
2026/07/17 10:19:53.972, 1192, 877, 175.57, 75, 75, 100, 14342, Not Active, Not Active, Not Active
2026/07/17 10:19:54.029, 1192, 877, 172.80, 75, 75, 100, 14342, Not Active, Not Active, Not Active
2026/07/17 10:19:54.081, 1192, 877, 166.79, 75, 75, 100, 14342, Not Active, Not Active, Not Active
2026/07/17 10:19:54.133, 1192, 877, 154.41, 75, 75, 100, 14342, Not Active, Not Active, Not Active
2026/07/17 10:19:54.185, 1192, 877, 141.91, 75, 75, 100, 14342, Not Active, Not Active, Not Active
2026/07/17 10:19:54.237, 1192, 877, 150.94, 75, 75, 100, 14342, Not Active, Not Active, Not Active
2026/07/17 10:19:54.288, 1192, 877, 156.12, 75, 75, 100, 14342, Not Active, Not Active, Not Active
2026/07/17 10:19:54.340, 1192, 877, 159.59, 75, 74, 100, 14342, Not Active, Not Active, Not Active
2026/07/17 10:19:54.392, 1192, 877, 151.90, 75, 75, 100, 14342, Not Active, Not Active, Not Active
2026/07/17 10:19:54.444, 1192, 877, 143.93, 75, 75, 100, 14342, Not Active, Not Active, Not Active
2026/07/17 10:19:54.495, 1192, 877, 147.29, 75, 75, 100, 14342, Not Active, Not Active, Not Active
2026/07/17 10:19:54.548, 1192, 877, 154.20, 75, 75, 100, 14342, Not Active, Not Active, Not Active
2026/07/17 10:19:54.600, 1192, 877, 161.29, 75, 75, 100, 14342, Not Active, Not Active, Not Active
2026/07/17 10:19:54.653, 1192, 877, 166.20, 75, 74, 100, 14342, Not Active, Not Active, Not Active
2026/07/17 10:19:54.705, 1192, 877, 172.32, 75, 75, 100, 14342, Not Active, Not Active, Not Active
2026/07/17 10:19:54.757, 1192, 877, 176.04, 75, 74, 100, 14342, Not Active, Not Active, Not Active
2026/07/17 10:19:54.811, 1192, 877, 172.32, 75, 75, 100, 14342, Not Active, Not Active, Not Active
2026/07/17 10:19:54.862, 1192, 877, 178.32, 75, 74, 100, 14342, Not Active, Not Active, Not Active
2026/07/17 10:19:54.914, 1192, 877, 184.19, 75, 75, 100, 14342, Not Active, Not Active, Not Active
2026/07/17 10:19:54.966, 1192, 877, 188.99, 75, 74, 100, 14342, Not Active, Not Active, Not Active
2026/07/17 10:19:55.018, 1192, 877, 178.68, 75, 75, 100, 14342, Not Active, Not Active, Not Active
2026/07/17 10:19:55.072, 1192, 877, 182.51, 75, 75, 100, 14342, Not Active, Not Active, Not Active
2026/07/17 10:19:55.124, 1192, 877, 161.03, 75, 74, 100, 14342, Not Active, Not Active, Not Active
2026/07/17 10:19:55.176, 1192, 877, 180.96, 74, 74, 100, 14342, Not Active, Not Active, Not Active
2026/07/17 10:19:55.228, 1192, 877, 189.47, 75, 74, 100, 14342, Not Active, Not Active, Not Active
2026/07/17 10:19:55.280, 1192, 877, 188.99, 75, 74, 100, 14342, Not Active, Not Active, Not Active
2026/07/17 10:19:55.334, 1192, 877, 186.24, 75, 74, 100, 14342, Not Active, Not Active, Not Active
2026/07/17 10:19:55.385, 1192, 877, 184.55, 75, 75, 100, 14342, Not Active, Not Active, Not Active
2026/07/17 10:19:55.438, 1192, 877, 192.44, 75, 75, 100, 14342, Not Active, Not Active, Not Active
2026/07/17 10:19:55.494, 1192, 877, 194.13, 75, 75, 100, 14342, Not Active, Not Active, Not Active
2026/07/17 10:19:55.546, 1192, 877, 195.70, 75, 75, 100, 14342, Not Active, Not Active, Not Active
2026/07/17 10:19:55.598, 1192, 877, 190.52, 75, 75, 100, 14342, Not Active, Not Active, Not Active
2026/07/17 10:19:55.650, 1192, 877, 191.96, 75, 75, 100, 14342, Not Active, Not Active, Not Active
2026/07/17 10:19:55.702, 1192, 877, 195.79, 75, 75, 100, 14342, Not Active, Not Active, Not Active
2026/07/17 10:19:55.757, 1192, 877, 201.66, 75, 75, 100, 14342, Not Active, Not Active, Not Active
2026/07/17 10:19:55.809, 1192, 877, 199.05, 75, 75, 100, 14342, Not Active, Not Active, Not Active
2026/07/17 10:19:55.860, 1192, 877, 173.28, 75, 75, 100, 14342, Not Active, Not Active, Not Active
2026/07/17 10:19:55.916, 1192, 877, 170.04, 75, 75, 100, 14342, Not Active, Not Active, Not Active
2026/07/17 10:19:55.968, 1192, 877, 198.31, 74, 75, 100, 14342, Not Active, Not Active, Not Active
2026/07/17 10:19:56.020, 1192, 877, 202.27, 75, 75, 100, 14342, Not Active, Not Active, Not Active
2026/07/17 10:19:56.072, 1192, 877, 198.44, 75, 75, 100, 14342, Not Active, Not Active, Not Active
2026/07/17 10:19:56.124, 1192, 877, 182.15, 75, 75, 100, 14342, Not Active, Not Active, Not Active
2026/07/17 10:19:56.178, 1192, 877, 176.16, 75, 75, 100, 14342, Not Active, Not Active, Not Active
2026/07/17 10:19:56.230, 1192, 877, 176.76, 75, 75, 100, 14342, Not Active, Not Active, Not Active
2026/07/17 10:19:56.282, 1192, 877, 167.16, 75, 75, 100, 14342, Not Active, Not Active, Not Active
2026/07/17 10:19:56.337, 1192, 877, 159.00, 75, 75, 100, 14342, Not Active, Not Active, Not Active
2026/07/17 10:19:56.389, 1192, 877, 153.82, 75, 75, 100, 14342, Not Active, Not Active, Not Active
2026/07/17 10:19:56.441, 1192, 877, 153.44, 75, 75, 100, 14342, Not Active, Not Active, Not Active
2026/07/17 10:19:56.493, 1192, 877, 150.56, 75, 75, 100, 14342, Not Active, Not Active, Not Active
2026/07/17 10:19:56.544, 1192, 877, 144.31, 75, 75, 100, 14342, Not Active, Not Active, Not Active
2026/07/17 10:19:56.597, 1192, 877, 142.48, 75, 75, 100, 14342, Not Active, Not Active, Not Active
2026/07/17 10:19:56.649, 1192, 877, 140.56, 75, 75, 100, 14342, Not Active, Not Active, Not Active
2026/07/17 10:19:56.700, 1192, 877, 145.37, 75, 75, 100, 14342, Not Active, Not Active, Not Active
2026/07/17 10:19:56.752, 1192, 877, 146.71, 75, 75, 100, 14342, Not Active, Not Active, Not Active
2026/07/17 10:19:56.804, 1192, 877, 166.68, 74, 75, 100, 14342, Not Active, Not Active, Not Active
2026/07/17 10:19:56.860, 1192, 877, 162.84, 75, 75, 100, 14342, Not Active, Not Active, Not Active
2026/07/17 10:19:56.911, 1192, 877, 164.76, 75, 75, 100, 14342, Not Active, Not Active, Not Active
2026/07/17 10:19:56.963, 1192, 877, 163.43, 75, 75, 100, 14342, Not Active, Not Active, Not Active
2026/07/17 10:19:57.015, 1192, 877, 162.47, 75, 75, 100, 14342, Not Active, Not Active, Not Active
2026/07/17 10:19:57.067, 1192, 877, 159.48, 75, 75, 100, 14342, Not Active, Not Active, Not Active
2026/07/17 10:19:57.120, 1192, 877, 154.30, 75, 75, 100, 14342, Not Active, Not Active, Not Active
2026/07/17 10:19:57.172, 1192, 877, 152.00, 75, 75, 100, 14342, Not Active, Not Active, Not Active
2026/07/17 10:19:57.223, 1192, 877, 154.30, 75, 75, 100, 14342, Not Active, Not Active, Not Active
2026/07/17 10:19:57.275, 1192, 877, 155.37, 75, 75, 100, 14342, Not Active, Not Active, Not Active
2026/07/17 10:19:57.327, 1192, 877, 150.46, 75, 75, 100, 14342, Not Active, Not Active, Not Active
2026/07/17 10:19:57.380, 1192, 877, 143.45, 75, 75, 100, 14342, Not Active, Not Active, Not Active
2026/07/17 10:19:57.432, 1192, 877, 141.43, 75, 75, 100, 14342, Not Active, Not Active, Not Active
2026/07/17 10:19:57.484, 1192, 877, 146.24, 75, 75, 100, 14342, Not Active, Not Active, Not Active
2026/07/17 10:19:57.536, 1192, 877, 141.91, 75, 75, 100, 14342, Not Active, Not Active, Not Active
2026/07/17 10:19:57.587, 1192, 877, 141.04, 75, 75, 100, 14342, Not Active, Not Active, Not Active
2026/07/17 10:19:57.640, 1192, 877, 169.93, 75, 75, 100, 14342, Not Active, Not Active, Not Active
2026/07/17 10:19:57.692, 1192, 877, 174.72, 75, 75, 100, 14342, Not Active, Not Active, Not Active
2026/07/17 10:19:57.744, 1192, 877, 172.69, 75, 75, 100, 14342, Not Active, Not Active, Not Active
2026/07/17 10:19:57.795, 1192, 877, 175.20, 75, 75, 100, 14342, Not Active, Not Active, Not Active
2026/07/17 10:19:57.847, 1192, 877, 166.20, 75, 75, 100, 14342, Not Active, Not Active, Not Active
2026/07/17 10:19:57.902, 1192, 877, 168.60, 75, 75, 100, 14342, Not Active, Not Active, Not Active
2026/07/17 10:19:57.954, 1192, 877, 169.56, 75, 75, 100, 14342, Not Active, Not Active, Not Active
2026/07/17 10:19:58.006, 1192, 877, 165.13, 75, 75, 100, 14342, Not Active, Not Active, Not Active
2026/07/17 10:19:58.059, 1192, 877, 164.65, 75, 75, 100, 14342, Not Active, Not Active, Not Active
2026/07/17 10:19:58.111, 1192, 877, 165.24, 75, 75, 100, 14342, Not Active, Not Active, Not Active
2026/07/17 10:19:58.163, 1192, 877, 165.83, 75, 75, 100, 14342, Not Active, Not Active, Not Active
2026/07/17 10:19:58.215, 1192, 877, 165.83, 75, 75, 100, 14342, Not Active, Not Active, Not Active
2026/07/17 10:19:58.267, 1192, 877, 167.16, 75, 75, 100, 14342, Not Active, Not Active, Not Active
2026/07/17 10:19:58.319, 1192, 877, 165.61, 75, 75, 100, 14342, Not Active, Not Active, Not Active
2026/07/17 10:19:58.370, 1192, 877, 164.28, 75, 75, 100, 14342, Not Active, Not Active, Not Active
2026/07/17 10:19:58.424, 1192, 877, 161.40, 75, 75, 100, 14342, Not Active, Not Active, Not Active
2026/07/17 10:19:58.476, 1192, 877, 192.91, 75, 75, 100, 14342, Not Active, Not Active, Not Active
2026/07/17 10:19:58.528, 1192, 877, 200.70, 75, 75, 100, 14342, Not Active, Not Active, Not Active
2026/07/17 10:19:58.580, 1192, 877, 193.74, 75, 75, 100, 14342, Not Active, Not Active, Not Active
2026/07/17 10:19:58.631, 1192, 877, 193.17, 75, 75, 100, 14342, Not Active, Not Active, Not Active
2026/07/17 10:19:58.687, 1192, 877, 187.07, 75, 75, 100, 14342, Not Active, Not Active, Not Active
2026/07/17 10:19:58.739, 1192, 877, 189.57, 75, 75, 100, 14342, Not Active, Not Active, Not Active
2026/07/17 10:19:58.791, 1192, 877, 178.44, 75, 75, 100, 14342, Not Active, Not Active, Not Active
2026/07/17 10:19:58.848, 1192, 877, 173.28, 75, 75, 100, 14342, Not Active, Not Active, Not Active
2026/07/17 10:19:58.900, 1192, 877, 176.04, 75, 75, 100, 14342, Not Active, Not Active, Not Active
2026/07/17 10:19:58.951, 1192, 877, 168.23, 75, 75, 100, 14342, Not Active, Not Active, Not Active
2026/07/17 10:19:59.007, 1192, 877, 167.05, 75, 75, 100, 14342, Not Active, Not Active, Not Active
2026/07/17 10:19:59.059, 1192, 877, 171.85, 75, 75, 100, 14342, Not Active, Not Active, Not Active
2026/07/17 10:19:59.111, 1192, 877, 171.96, 75, 75, 100, 14342, Not Active, Not Active, Not Active
2026/07/17 10:19:59.163, 1192, 877, 172.21, 75, 75, 100, 14342, Not Active, Not Active, Not Active
2026/07/17 10:19:59.215, 1192, 877, 171.48, 75, 75, 100, 14342, Not Active, Not Active, Not Active
2026/07/17 10:19:59.269, 1192, 877, 168.49, 75, 75, 100, 14342, Not Active, Not Active, Not Active
2026/07/17 10:19:59.321, 1192, 877, 193.17, 74, 75, 100, 14342, Not Active, Not Active, Not Active
2026/07/17 10:19:59.372, 1192, 877, 198.92, 75, 75, 100, 14342, Not Active, Not Active, Not Active
2026/07/17 10:19:59.424, 1192, 877, 197.96, 75, 75, 100, 14342, Not Active, Not Active, Not Active
2026/07/17 10:19:59.476, 1192, 877, 195.92, 75, 75, 100, 14342, Not Active, Not Active, Not Active
2026/07/17 10:19:59.530, 1192, 877, 190.65, 75, 75, 100, 14342, Not Active, Not Active, Not Active
2026/07/17 10:19:59.582, 1192, 877, 189.69, 75, 75, 100, 14342, Not Active, Not Active, Not Active
2026/07/17 10:19:59.633, 1192, 877, 185.86, 75, 75, 100, 14342, Not Active, Not Active, Not Active
2026/07/17 10:19:59.686, 1192, 877, 191.38, 75, 75, 100, 14342, Not Active, Not Active, Not Active
2026/07/17 10:19:59.737, 1192, 877, 193.65, 75, 75, 100, 14342, Not Active, Not Active, Not Active
2026/07/17 10:19:59.790, 1192, 877, 195.09, 75, 75, 100, 14342, Not Active, Not Active, Not Active
2026/07/17 10:19:59.842, 1192, 877, 193.65, 75, 75, 100, 14342, Not Active, Not Active, Not Active
2026/07/17 10:19:59.894, 1192, 877, 190.52, 75, 75, 100, 14342, Not Active, Not Active, Not Active
2026/07/17 10:19:59.946, 1192, 877, 190.52, 75, 75, 100, 14342, Not Active, Not Active, Not Active
2026/07/17 10:19:59.998, 1192, 877, 190.78, 75, 75, 100, 14342, Not Active, Not Active, Not Active
2026/07/17 10:20:00.051, 1192, 877, 190.65, 75, 75, 100, 14342, Not Active, Not Active, Not Active
2026/07/17 10:20:00.103, 1192, 877, 189.21, 75, 75, 100, 14342, Not Active, Not Active, Not Active
2026/07/17 10:20:00.154, 1192, 877, 139.89, 75, 75, 100, 14342, Not Active, Not Active, Not Active
2026/07/17 10:20:00.206, 1192, 877, 163.58, 75, 74, 100, 14342, Not Active, Not Active, Not Active
2026/07/17 10:20:00.258, 1192, 877, 177.24, 75, 75, 100, 14342, Not Active, Not Active, Not Active
2026/07/17 10:20:00.312, 1192, 877, 168.23, 75, 75, 100, 14342, Not Active, Not Active, Not Active
2026/07/17 10:20:00.364, 1192, 877, 168.85, 75, 74, 100, 14342, Not Active, Not Active, Not Active
2026/07/17 10:20:00.415, 1192, 877, 169.67, 75, 74, 100, 14342, Not Active, Not Active, Not Active
2026/07/17 10:20:00.467, 1192, 877, 163.69, 75, 75, 100, 14342, Not Active, Not Active, Not Active
2026/07/17 10:20:00.519, 1192, 877, 158.04, 75, 75, 100, 14342, Not Active, Not Active, Not Active
2026/07/17 10:20:00.571, 1192, 877, 151.42, 75, 75, 100, 14342, Not Active, Not Active, Not Active
2026/07/17 10:20:00.623, 1192, 877, 147.58, 75, 75, 100, 14342, Not Active, Not Active, Not Active
2026/07/17 10:20:00.675, 1192, 877, 138.06, 75, 75, 100, 14342, Not Active, Not Active, Not Active
2026/07/17 10:20:00.727, 1192, 877, 134.79, 75, 75, 100, 14342, Not Active, Not Active, Not Active
2026/07/17 10:20:00.779, 1192, 877, 137.68, 75, 75, 100, 14342, Not Active, Not Active, Not Active
2026/07/17 10:20:00.832, 1192, 877, 140.56, 75, 75, 100, 14342, Not Active, Not Active, Not Active
2026/07/17 10:20:00.884, 1192, 877, 149.60, 75, 75, 100, 14342, Not Active, Not Active, Not Active
2026/07/17 10:20:00.936, 1192, 877, 159.11, 75, 75, 100, 14342, Not Active, Not Active, Not Active
2026/07/17 10:20:00.987, 1192, 877, 160.44, 75, 75, 100, 14342, Not Active, Not Active, Not Active
2026/07/17 10:20:01.039, 1192, 877, 193.78, 75, 74, 100, 14342, Not Active, Not Active, Not Active
2026/07/17 10:20:01.091, 1192, 877, 193.65, 75, 75, 100, 14342, Not Active, Not Active, Not Active
2026/07/17 10:20:01.143, 1192, 877, 195.70, 75, 75, 100, 14342, Not Active, Not Active, Not Active
2026/07/17 10:20:01.197, 1192, 877, 197.96, 75, 75, 100, 14342, Not Active, Not Active, Not Active
2026/07/17 10:20:01.249, 1192, 877, 195.70, 75, 75, 100, 14342, Not Active, Not Active, Not Active
2026/07/17 10:20:01.301, 1192, 877, 194.61, 75, 75, 100, 14342, Not Active, Not Active, Not Active
2026/07/17 10:20:01.353, 1192, 877, 194.74, 75, 75, 100, 14342, Not Active, Not Active, Not Active
2026/07/17 10:20:01.405, 1192, 877, 192.09, 75, 75, 100, 14342, Not Active, Not Active, Not Active
2026/07/17 10:20:01.459, 1192, 877, 190.52, 75, 75, 100, 14342, Not Active, Not Active, Not Active
2026/07/17 10:20:01.510, 1192, 877, 186.82, 75, 75, 100, 14342, Not Active, Not Active, Not Active
2026/07/17 10:20:01.562, 1192, 877, 185.38, 75, 74, 100, 14342, Not Active, Not Active, Not Active
2026/07/17 10:20:01.614, 1192, 877, 180.00, 75, 75, 100, 14342, Not Active, Not Active, Not Active
2026/07/17 10:20:01.666, 1192, 877, 183.71, 75, 75, 100, 14342, Not Active, Not Active, Not Active
2026/07/17 10:20:01.720, 1192, 877, 184.44, 75, 74, 100, 14342, Not Active, Not Active, Not Active
2026/07/17 10:20:01.772, 1192, 877, 182.76, 75, 74, 100, 14342, Not Active, Not Active, Not Active
2026/07/17 10:20:01.824, 1192, 877, 178.68, 75, 74, 100, 14342, Not Active, Not Active, Not Active
2026/07/17 10:20:01.876, 1192, 877, 106.21, 74, 75, 100, 14342, Not Active, Not Active, Not Active
2026/07/17 10:20:01.928, 1192, 877, 148.16, 75, 74, 100, 14342, Not Active, Not Active, Not Active
2026/07/17 10:20:01.980, 1192, 877, 148.16, 75, 75, 100, 14342, Not Active, Not Active, Not Active
2026/07/17 10:20:02.032, 1192, 877, 135.66, 75, 75, 100, 14342, Not Active, Not Active, Not Active
2026/07/17 10:20:02.084, 1192, 877, 139.60, 75, 75, 100, 14342, Not Active, Not Active, Not Active
2026/07/17 10:20:02.136, 1192, 877, 155.74, 75, 75, 100, 14342, Not Active, Not Active, Not Active
2026/07/17 10:20:02.187, 1192, 877, 163.43, 75, 75, 100, 14342, Not Active, Not Active, Not Active
2026/07/17 10:20:02.239, 1192, 877, 167.05, 75, 75, 100, 14342, Not Active, Not Active, Not Active
2026/07/17 10:20:02.291, 1192, 877, 171.48, 75, 75, 100, 14342, Not Active, Not Active, Not Active
2026/07/17 10:20:02.345, 1192, 877, 171.85, 75, 75, 100, 14342, Not Active, Not Active, Not Active
2026/07/17 10:20:02.397, 1192, 877, 188.51, 75, 75, 100, 14342, Not Active, Not Active, Not Active
2026/07/17 10:20:02.448, 1192, 877, 199.53, 75, 75, 100, 14342, Not Active, Not Active, Not Active
2026/07/17 10:20:02.500, 1192, 877, 197.57, 75, 75, 100, 14342, Not Active, Not Active, Not Active
2026/07/17 10:20:02.552, 1192, 877, 200.63, 75, 75, 100, 14342, Not Active, Not Active, Not Active
2026/07/17 10:20:02.608, 1192, 877, 195.92, 75, 75, 100, 14342, Not Active, Not Active, Not Active
2026/07/17 10:20:02.660, 1192, 877, 196.05, 75, 75, 100, 14342, Not Active, Not Active, Not Active
2026/07/17 10:20:02.712, 1192, 877, 198.44, 75, 75, 100, 14342, Not Active, Not Active, Not Active
2026/07/17 10:20:02.768, 1192, 877, 173.17, 75, 73, 100, 14342, Not Active, Not Active, Not Active
2026/07/17 10:20:02.820, 1192, 877, 190.65, 75, 74, 100, 14342, Not Active, Not Active, Not Active
2026/07/17 10:20:02.871, 1192, 877, 187.55, 75, 74, 100, 14342, Not Active, Not Active, Not Active
2026/07/17 10:20:02.923, 1192, 877, 184.07, 75, 75, 100, 14342, Not Active, Not Active, Not Active
2026/07/17 10:20:02.975, 1192, 877, 180.12, 75, 75, 100, 14342, Not Active, Not Active, Not Active
2026/07/17 10:20:03.029, 1192, 877, 179.64, 75, 74, 100, 14342, Not Active, Not Active, Not Active
2026/07/17 10:20:03.081, 1192, 877, 173.53, 75, 74, 100, 14342, Not Active, Not Active, Not Active
2026/07/17 10:20:03.132, 1192, 877, 168.97, 75, 74, 100, 14342, Not Active, Not Active, Not Active
2026/07/17 10:20:03.184, 1192, 877, 161.77, 75, 75, 100, 14342, Not Active, Not Active, Not Active
2026/07/17 10:20:03.236, 1192, 877, 156.22, 75, 75, 100, 14342, Not Active, Not Active, Not Active
2026/07/17 10:20:03.289, 1192, 877, 141.81, 75, 75, 100, 14342, Not Active, Not Active, Not Active
2026/07/17 10:20:03.341, 1192, 877, 138.64, 75, 75, 100, 14342, Not Active, Not Active, Not Active
2026/07/17 10:20:03.393, 1192, 877, 151.04, 75, 75, 100, 14342, Not Active, Not Active, Not Active
2026/07/17 10:20:03.444, 1192, 877, 161.40, 75, 75, 100, 14342, Not Active, Not Active, Not Active
2026/07/17 10:20:03.496, 1192, 877, 167.05, 75, 75, 100, 14342, Not Active, Not Active, Not Active
2026/07/17 10:20:03.548, 1192, 877, 178.08, 75, 75, 100, 14342, Not Active, Not Active, Not Active
2026/07/17 10:20:03.600, 1192, 877, 180.96, 75, 75, 100, 14342, Not Active, Not Active, Not Active
2026/07/17 10:20:03.655, 1192, 877, 184.07, 75, 74, 100, 14342, Not Active, Not Active, Not Active
2026/07/17 10:20:03.706, 1192, 877, 194.13, 75, 75, 100, 14342, Not Active, Not Active, Not Active
2026/07/17 10:20:03.758, 1192, 877, 195.09, 75, 75, 100, 14342, Not Active, Not Active, Not Active
2026/07/17 10:20:03.815, 1192, 877, 190.17, 75, 74, 100, 14342, Not Active, Not Active, Not Active
2026/07/17 10:20:03.866, 1192, 877, 195.22, 75, 75, 100, 14342, Not Active, Not Active, Not Active
2026/07/17 10:20:03.918, 1192, 877, 183.35, 75, 75, 100, 14342, Not Active, Not Active, Not Active
2026/07/17 10:20:03.970, 1192, 877, 188.28, 75, 75, 100, 14342, Not Active, Not Active, Not Active
2026/07/17 10:20:04.022, 1192, 877, 181.32, 75, 74, 100, 14342, Not Active, Not Active, Not Active
2026/07/17 10:20:04.075, 1192, 877, 173.40, 75, 76, 100, 14342, Not Active, Not Active, Not Active
2026/07/17 10:20:04.127, 1192, 877, 170.41, 75, 76, 100, 14342, Not Active, Not Active, Not Active
2026/07/17 10:20:04.178, 1192, 877, 163.91, 75, 75, 100, 14342, Not Active, Not Active, Not Active
2026/07/17 10:20:04.230, 1192, 877, 145.75, 75, 75, 100, 14342, Not Active, Not Active, Not Active
2026/07/17 10:20:04.282, 1192, 877, 136.32, 75, 75, 100, 14342, Not Active, Not Active, Not Active
2026/07/17 10:20:04.334, 1192, 877, 142.96, 75, 75, 100, 14342, Not Active, Not Active, Not Active
2026/07/17 10:20:04.386, 1192, 877, 161.03, 75, 75, 100, 14342, Not Active, Not Active, Not Active
2026/07/17 10:20:04.438, 1192, 877, 165.24, 75, 75, 100, 14342, Not Active, Not Active, Not Active
2026/07/17 10:20:04.490, 1192, 877, 172.80, 75, 75, 100, 14342, Not Active, Not Active, Not Active
2026/07/17 10:20:04.542, 1192, 877, 181.55, 75, 75, 100, 14342, Not Active, Not Active, Not Active
2026/07/17 10:20:04.593, 1192, 877, 197.35, 75, 75, 100, 14342, Not Active, Not Active, Not Active
2026/07/17 10:20:04.645, 1192, 877, 194.96, 75, 75, 100, 14342, Not Active, Not Active, Not Active
2026/07/17 10:20:04.702, 1192, 877, 192.57, 75, 75, 100, 14342, Not Active, Not Active, Not Active
2026/07/17 10:20:04.754, 1192, 877, 192.57, 75, 75, 100, 14342, Not Active, Not Active, Not Active
2026/07/17 10:20:04.806, 1192, 877, 190.78, 75, 74, 100, 14342, Not Active, Not Active, Not Active
2026/07/17 10:20:04.858, 1192, 877, 186.59, 75, 76, 100, 14342, Not Active, Not Active, Not Active
2026/07/17 10:20:04.910, 1192, 877, 177.84, 75, 74, 100, 14342, Not Active, Not Active, Not Active
2026/07/17 10:20:04.962, 1192, 877, 170.89, 75, 74, 100, 14342, Not Active, Not Active, Not Active
2026/07/17 10:20:05.013, 1192, 877, 158.41, 75, 74, 100, 14342, Not Active, Not Active, Not Active
2026/07/17 10:20:05.065, 1192, 877, 148.54, 75, 75, 100, 14342, Not Active, Not Active, Not Active
2026/07/17 10:20:05.117, 1192, 877, 136.80, 75, 75, 100, 14342, Not Active, Not Active, Not Active
2026/07/17 10:20:05.169, 1192, 877, 148.16, 75, 75, 100, 14342, Not Active, Not Active, Not Active
2026/07/17 10:20:05.223, 1192, 877, 161.40, 75, 75, 100, 14342, Not Active, Not Active, Not Active
2026/07/17 10:20:05.274, 1192, 877, 169.56, 75, 75, 100, 14342, Not Active, Not Active, Not Active
2026/07/17 10:20:05.326, 1192, 877, 180.00, 75, 75, 100, 14342, Not Active, Not Active, Not Active
2026/07/17 10:20:05.378, 1192, 877, 198.10, 75, 75, 100, 14342, Not Active, Not Active, Not Active
2026/07/17 10:20:05.430, 1192, 877, 182.15, 75, 74, 100, 14342, Not Active, Not Active, Not Active
2026/07/17 10:20:05.482, 1192, 877, 186.34, 75, 74, 100, 14342, Not Active, Not Active, Not Active
2026/07/17 10:20:05.534, 1192, 877, 186.11, 75, 74, 100, 14342, Not Active, Not Active, Not Active
2026/07/17 10:20:05.587, 1192, 877, 186.59, 75, 74, 100, 14342, Not Active, Not Active, Not Active
2026/07/17 10:20:05.638, 1192, 877, 170.29, 75, 74, 100, 14342, Not Active, Not Active, Not Active
2026/07/17 10:20:05.690, 1192, 877, 169.56, 75, 75, 100, 14342, Not Active, Not Active, Not Active
2026/07/17 10:20:05.742, 1192, 877, 153.82, 75, 75, 100, 14342, Not Active, Not Active, Not Active
2026/07/17 10:20:05.794, 1192, 877, 139.99, 75, 75, 100, 14342, Not Active, Not Active, Not Active
2026/07/17 10:20:05.847, 1192, 877, 136.32, 75, 75, 100, 14342, Not Active, Not Active, Not Active
2026/07/17 10:20:05.899, 1192, 877, 153.93, 75, 75, 100, 14342, Not Active, Not Active, Not Active
2026/07/17 10:20:05.951, 1192, 877, 167.16, 75, 76, 100, 14342, Not Active, Not Active, Not Active
2026/07/17 10:20:06.003, 1192, 877, 177.96, 75, 75, 100, 14342, Not Active, Not Active, Not Active
2026/07/17 10:20:06.055, 1192, 877, 172.80, 75, 75, 100, 14342, Not Active, Not Active, Not Active
2026/07/17 10:20:06.113, 1192, 877, 177.96, 75, 75, 100, 14342, Not Active, Not Active, Not Active
2026/07/17 10:20:06.165, 1192, 877, 199.88, 75, 75, 100, 14342, Not Active, Not Active, Not Active
2026/07/17 10:20:06.217, 1192, 877, 198.44, 75, 75, 100, 14342, Not Active, Not Active, Not Active
2026/07/17 10:20:06.273, 1192, 877, 198.04, 75, 75, 100, 14342, Not Active, Not Active, Not Active
2026/07/17 10:20:06.325, 1192, 877, 168.74, 75, 73, 100, 14342, Not Active, Not Active, Not Active
2026/07/17 10:20:06.377, 1192, 877, 189.59, 75, 74, 100, 14342, Not Active, Not Active, Not Active
2026/07/17 10:20:06.429, 1192, 877, 179.28, 75, 75, 100, 14342, Not Active, Not Active, Not Active
2026/07/17 10:20:06.481, 1192, 877, 162.51, 75, 74, 100, 14342, Not Active, Not Active, Not Active
2026/07/17 10:20:06.533, 1192, 877, 160.23, 75, 74, 100, 14342, Not Active, Not Active, Not Active
2026/07/17 10:20:06.585, 1192, 877, 141.81, 75, 75, 100, 14342, Not Active, Not Active, Not Active
2026/07/17 10:20:06.637, 1192, 877, 137.19, 75, 75, 100, 14342, Not Active, Not Active, Not Active
2026/07/17 10:20:06.689, 1192, 877, 157.66, 75, 75, 100, 14342, Not Active, Not Active, Not Active
2026/07/17 10:20:06.740, 1192, 877, 168.01, 75, 75, 100, 14342, Not Active, Not Active, Not Active
2026/07/17 10:20:06.792, 1192, 877, 182.76, 75, 75, 100, 14342, Not Active, Not Active, Not Active
2026/07/17 10:20:06.844, 1192, 877, 190.78, 75, 75, 100, 14342, Not Active, Not Active, Not Active
2026/07/17 10:20:06.900, 1192, 877, 199.48, 75, 75, 100, 14342, Not Active, Not Active, Not Active
2026/07/17 10:20:06.951, 1192, 877, 195.44, 75, 75, 100, 14342, Not Active, Not Active, Not Active
2026/07/17 10:20:07.003, 1192, 877, 197.62, 75, 75, 100, 14342, Not Active, Not Active, Not Active
2026/07/17 10:20:07.059, 1192, 877, 194.96, 75, 75, 100, 14342, Not Active, Not Active, Not Active
2026/07/17 10:20:07.112, 1192, 877, 189.57, 75, 75, 100, 14342, Not Active, Not Active, Not Active
2026/07/17 10:20:07.163, 1192, 877, 191.26, 75, 75, 100, 14342, Not Active, Not Active, Not Active
2026/07/17 10:20:07.216, 1192, 877, 107.18, 75, 76, 100, 14342, Not Active, Not Active, Not Active
2026/07/17 10:20:07.268, 1192, 877, 132.87, 75, 75, 100, 14342, Not Active, Not Active, Not Active
2026/07/17 10:20:07.320, 1192, 877, 142.48, 75, 75, 100, 14342, Not Active, Not Active, Not Active
2026/07/17 10:20:07.371, 1192, 877, 161.99, 75, 75, 100, 14342, Not Active, Not Active, Not Active
2026/07/17 10:20:07.424, 1192, 877, 175.32, 75, 75, 100, 14342, Not Active, Not Active, Not Active
2026/07/17 10:20:07.475, 1192, 877, 188.51, 75, 75, 100, 14342, Not Active, Not Active, Not Active
2026/07/17 10:20:07.527, 1192, 877, 199.75, 75, 75, 100, 14342, Not Active, Not Active, Not Active
2026/07/17 10:20:07.579, 1192, 877, 193.52, 75, 75, 100, 14342, Not Active, Not Active, Not Active
2026/07/17 10:20:07.631, 1192, 877, 195.70, 75, 75, 100, 14342, Not Active, Not Active, Not Active
2026/07/17 10:20:07.685, 1192, 877, 193.17, 75, 75, 100, 14342, Not Active, Not Active, Not Active
2026/07/17 10:20:07.736, 1192, 877, 190.78, 75, 74, 100, 14342, Not Active, Not Active, Not Active
2026/07/17 10:20:07.788, 1192, 877, 176.89, 75, 76, 100, 14342, Not Active, Not Active, Not Active
2026/07/17 10:20:07.840, 1192, 877, 174.36, 75, 75, 100, 14342, Not Active, Not Active, Not Active
2026/07/17 10:20:07.892, 1192, 877, 160.44, 75, 76, 100, 14342, Not Active, Not Active, Not Active
2026/07/17 10:20:07.945, 1192, 877, 139.02, 75, 75, 100, 14342, Not Active, Not Active, Not Active
2026/07/17 10:20:07.996, 1192, 877, 141.13, 75, 75, 100, 14342, Not Active, Not Active, Not Active
2026/07/17 10:20:08.048, 1192, 877, 161.03, 75, 75, 100, 14342, Not Active, Not Active, Not Active
2026/07/17 10:20:08.100, 1192, 877, 174.36, 75, 75, 100, 14342, Not Active, Not Active, Not Active
2026/07/17 10:20:08.152, 1192, 877, 183.84, 75, 74, 100, 14342, Not Active, Not Active, Not Active
2026/07/17 10:20:08.203, 1192, 877, 191.13, 75, 74, 100, 14342, Not Active, Not Active, Not Active
2026/07/17 10:20:08.255, 1192, 877, 192.09, 75, 75, 100, 14342, Not Active, Not Active, Not Active
2026/07/17 10:20:08.310, 1192, 877, 188.99, 75, 76, 100, 14342, Not Active, Not Active, Not Active
2026/07/17 10:20:08.362, 1192, 877, 177.24, 75, 76, 100, 14342, Not Active, Not Active, Not Active
2026/07/17 10:20:08.414, 1192, 877, 166.79, 75, 75, 100, 14342, Not Active, Not Active, Not Active
2026/07/17 10:20:08.465, 1192, 877, 141.43, 75, 75, 100, 14342, Not Active, Not Active, Not Active
2026/07/17 10:20:08.517, 1192, 877, 132.95, 75, 75, 100, 14342, Not Active, Not Active, Not Active
2026/07/17 10:20:08.570, 1192, 877, 156.70, 75, 75, 100, 14342, Not Active, Not Active, Not Active
2026/07/17 10:20:08.622, 1192, 877, 167.05, 75, 75, 100, 14342, Not Active, Not Active, Not Active
2026/07/17 10:20:08.674, 1192, 877, 184.67, 75, 75, 100, 14342, Not Active, Not Active, Not Active
2026/07/17 10:20:08.725, 1192, 877, 195.31, 75, 75, 100, 14342, Not Active, Not Active, Not Active
2026/07/17 10:20:08.777, 1192, 877, 191.96, 75, 75, 100, 14342, Not Active, Not Active, Not Active
2026/07/17 10:20:08.829, 1192, 877, 191.61, 75, 75, 100, 14342, Not Active, Not Active, Not Active
2026/07/17 10:20:08.881, 1192, 877, 193.04, 75, 75, 100, 14342, Not Active, Not Active, Not Active
2026/07/17 10:20:08.937, 1192, 877, 194.74, 75, 75, 100, 14342, Not Active, Not Active, Not Active
2026/07/17 10:20:08.989, 1192, 877, 184.67, 75, 74, 100, 14342, Not Active, Not Active, Not Active
2026/07/17 10:20:09.041, 1192, 877, 121.48, 75, 74, 100, 14342, Not Active, Not Active, Not Active
2026/07/17 10:20:09.095, 1192, 877, 135.84, 75, 75, 100, 14342, Not Active, Not Active, Not Active
2026/07/17 10:20:09.147, 1192, 877, 162.58, 75, 75, 100, 14342, Not Active, Not Active, Not Active
2026/07/17 10:20:09.199, 1192, 877, 177.60, 75, 75, 100, 14342, Not Active, Not Active, Not Active
2026/07/17 10:20:09.251, 1192, 877, 198.92, 75, 75, 100, 14342, Not Active, Not Active, Not Active
2026/07/17 10:20:09.302, 1192, 877, 197.48, 75, 75, 100, 14342, Not Active, Not Active, Not Active
2026/07/17 10:20:09.354, 1192, 877, 195.22, 75, 75, 100, 14342, Not Active, Not Active, Not Active
2026/07/17 10:20:09.406, 1192, 877, 189.21, 75, 75, 100, 14342, Not Active, Not Active, Not Active
2026/07/17 10:20:09.460, 1192, 877, 189.47, 75, 75, 100, 14342, Not Active, Not Active, Not Active
2026/07/17 10:20:09.512, 1192, 877, 173.17, 75, 76, 100, 14342, Not Active, Not Active, Not Active
2026/07/17 10:20:09.564, 1192, 877, 167.75, 75, 76, 100, 14342, Not Active, Not Active, Not Active
2026/07/17 10:20:09.616, 1192, 877, 142.77, 75, 75, 100, 14342, Not Active, Not Active, Not Active
2026/07/17 10:20:09.667, 1192, 877, 133.92, 75, 76, 100, 14342, Not Active, Not Active, Not Active
2026/07/17 10:20:09.721, 1192, 877, 152.00, 75, 75, 100, 14342, Not Active, Not Active, Not Active
2026/07/17 10:20:09.773, 1192, 877, 168.23, 75, 75, 100, 14342, Not Active, Not Active, Not Active
2026/07/17 10:20:09.825, 1192, 877, 185.51, 75, 76, 100, 14342, Not Active, Not Active, Not Active
2026/07/17 10:20:09.877, 1192, 877, 198.18, 75, 75, 100, 14342, Not Active, Not Active, Not Active
2026/07/17 10:20:09.929, 1192, 877, 199.53, 75, 75, 100, 14342, Not Active, Not Active, Not Active
2026/07/17 10:20:09.981, 1192, 877, 142.39, 75, 76, 100, 14342, Not Active, Not Active, Not Active
2026/07/17 10:20:10.032, 1192, 877, 168.01, 75, 74, 100, 14342, Not Active, Not Active, Not Active
2026/07/17 10:20:10.085, 1192, 877, 152.86, 75, 74, 100, 14342, Not Active, Not Active, Not Active
2026/07/17 10:20:10.137, 1192, 877, 135.84, 75, 75, 100, 14342, Not Active, Not Active, Not Active
2026/07/17 10:20:10.189, 1192, 877, 158.15, 75, 75, 100, 14342, Not Active, Not Active, Not Active
2026/07/17 10:20:10.240, 1192, 877, 173.28, 75, 75, 100, 14342, Not Active, Not Active, Not Active
2026/07/17 10:20:10.292, 1192, 877, 196.05, 75, 75, 100, 14342, Not Active, Not Active, Not Active
2026/07/17 10:20:10.344, 1192, 877, 191.13, 75, 75, 100, 14342, Not Active, Not Active, Not Active
2026/07/17 10:20:10.396, 1192, 877, 193.65, 75, 75, 100, 14342, Not Active, Not Active, Not Active
2026/07/17 10:20:10.454, 1192, 877, 192.44, 75, 75, 100, 14342, Not Active, Not Active, Not Active
2026/07/17 10:20:10.506, 1192, 877, 189.59, 75, 75, 100, 14342, Not Active, Not Active, Not Active
2026/07/17 10:20:10.558, 1192, 877, 187.55, 75, 75, 100, 14342, Not Active, Not Active, Not Active
2026/07/17 10:20:10.613, 1192, 877, 180.00, 75, 75, 100, 14342, Not Active, Not Active, Not Active
2026/07/17 10:20:10.665, 1192, 877, 166.79, 75, 74, 100, 14342, Not Active, Not Active, Not Active
2026/07/17 10:20:10.717, 1192, 877, 138.16, 75, 76, 100, 14342, Not Active, Not Active, Not Active
2026/07/17 10:20:10.769, 1192, 877, 141.52, 75, 76, 100, 14342, Not Active, Not Active, Not Active
2026/07/17 10:20:10.820, 1192, 877, 162.47, 75, 75, 100, 14342, Not Active, Not Active, Not Active
2026/07/17 10:20:10.872, 1192, 877, 180.96, 75, 75, 100, 14342, Not Active, Not Active, Not Active
2026/07/17 10:20:10.924, 1192, 877, 182.88, 75, 76, 100, 14342, Not Active, Not Active, Not Active
2026/07/17 10:20:10.979, 1192, 877, 186.84, 75, 74, 100, 14342, Not Active, Not Active, Not Active
2026/07/17 10:20:11.030, 1192, 877, 181.56, 75, 74, 100, 14342, Not Active, Not Active, Not Active
2026/07/17 10:20:11.082, 1192, 877, 164.76, 75, 76, 100, 14342, Not Active, Not Active, Not Active
2026/07/17 10:20:11.134, 1192, 877, 141.43, 75, 76, 100, 14342, Not Active, Not Active, Not Active
2026/07/17 10:20:11.186, 1192, 877, 142.96, 75, 76, 100, 14342, Not Active, Not Active, Not Active
2026/07/17 10:20:11.237, 1192, 877, 162.47, 75, 75, 100, 14342, Not Active, Not Active, Not Active
2026/07/17 10:20:11.289, 1192, 877, 169.67, 75, 75, 100, 14342, Not Active, Not Active, Not Active
2026/07/17 10:20:11.346, 1192, 877, 186.11, 75, 75, 100, 14342, Not Active, Not Active, Not Active
2026/07/17 10:20:11.398, 1192, 877, 201.18, 75, 75, 100, 14342, Not Active, Not Active, Not Active
2026/07/17 10:20:11.449, 1192, 877, 194.83, 75, 75, 100, 14342, Not Active, Not Active, Not Active
2026/07/17 10:20:11.501, 1192, 877, 184.55, 75, 74, 100, 14342, Not Active, Not Active, Not Active
2026/07/17 10:20:11.553, 1192, 877, 184.32, 75, 76, 100, 14342, Not Active, Not Active, Not Active
2026/07/17 10:20:11.605, 1192, 877, 167.90, 75, 76, 100, 14342, Not Active, Not Active, Not Active
2026/07/17 10:20:11.657, 1192, 877, 140.47, 75, 76, 100, 14342, Not Active, Not Active, Not Active
2026/07/17 10:20:11.709, 1192, 877, 135.27, 75, 76, 100, 14342, Not Active, Not Active, Not Active
2026/07/17 10:20:11.760, 1192, 877, 159.59, 75, 76, 100, 14342, Not Active, Not Active, Not Active
2026/07/17 10:20:11.814, 1192, 877, 174.84, 75, 76, 100, 14342, Not Active, Not Active, Not Active
2026/07/17 10:20:11.865, 1192, 877, 181.55, 75, 74, 100, 14342, Not Active, Not Active, Not Active
2026/07/17 10:20:11.917, 1192, 877, 192.60, 75, 74, 100, 14342, Not Active, Not Active, Not Active
2026/07/17 10:20:11.969, 1192, 877, 170.18, 75, 74, 100, 14342, Not Active, Not Active, Not Active
2026/07/17 10:20:12.020, 1192, 877, 156.87, 75, 76, 100, 14342, Not Active, Not Active, Not Active
2026/07/17 10:20:12.072, 1192, 877, 132.47, 75, 75, 100, 14342, Not Active, Not Active, Not Active
2026/07/17 10:20:12.124, 1192, 877, 151.04, 75, 75, 100, 14342, Not Active, Not Active, Not Active
2026/07/17 10:20:12.178, 1192, 877, 164.28, 75, 76, 100, 14342, Not Active, Not Active, Not Active
2026/07/17 10:20:12.230, 1192, 877, 166.68, 75, 76, 100, 14342, Not Active, Not Active, Not Active
2026/07/17 10:20:12.287, 1192, 877, 191.86, 75, 75, 100, 14342, Not Active, Not Active, Not Active
2026/07/17 10:20:12.339, 1192, 877, 193.52, 75, 75, 100, 14342, Not Active, Not Active, Not Active
2026/07/17 10:20:12.391, 1192, 877, 195.57, 75, 75, 100, 14342, Not Active, Not Active, Not Active
2026/07/17 10:20:12.443, 1192, 877, 187.32, 75, 74, 100, 14342, Not Active, Not Active, Not Active
2026/07/17 10:20:12.495, 1192, 877, 182.28, 75, 75, 100, 14342, Not Active, Not Active, Not Active
2026/07/17 10:20:12.549, 1192, 877, 165.02, 75, 76, 100, 14342, Not Active, Not Active, Not Active
2026/07/17 10:20:12.601, 1192, 877, 147.58, 75, 76, 100, 14342, Not Active, Not Active, Not Active
2026/07/17 10:20:12.653, 1192, 877, 139.21, 75, 75, 100, 14342, Not Active, Not Active, Not Active
2026/07/17 10:20:12.704, 1192, 877, 161.03, 75, 75, 100, 14342, Not Active, Not Active, Not Active
2026/07/17 10:20:12.756, 1192, 877, 177.96, 75, 76, 100, 14342, Not Active, Not Active, Not Active
2026/07/17 10:20:12.808, 1192, 877, 177.37, 75, 74, 100, 14342, Not Active, Not Active, Not Active
2026/07/17 10:20:12.860, 1192, 877, 185.99, 75, 74, 100, 14342, Not Active, Not Active, Not Active
2026/07/17 10:20:12.911, 1192, 877, 170.77, 75, 76, 100, 14342, Not Active, Not Active, Not Active
2026/07/17 10:20:12.963, 1192, 877, 143.74, 75, 76, 100, 14342, Not Active, Not Active, Not Active
2026/07/17 10:20:13.015, 1192, 877, 137.29, 75, 75, 100, 14342, Not Active, Not Active, Not Active
2026/07/17 10:20:13.067, 1192, 877, 162.47, 75, 75, 100, 14342, Not Active, Not Active, Not Active
2026/07/17 10:20:13.118, 1192, 877, 184.07, 75, 76, 100, 14342, Not Active, Not Active, Not Active
2026/07/17 10:20:13.170, 1192, 877, 194.13, 75, 75, 100, 14342, Not Active, Not Active, Not Active
2026/07/17 10:20:13.227, 1192, 877, 197.48, 76, 75, 100, 14342, Not Active, Not Active, Not Active
2026/07/17 10:20:13.279, 1192, 877, 191.00, 75, 75, 100, 14342, Not Active, Not Active, Not Active
2026/07/17 10:20:13.331, 1192, 877, 185.63, 75, 74, 100, 14342, Not Active, Not Active, Not Active
2026/07/17 10:20:13.382, 1192, 877, 171.59, 75, 76, 100, 14342, Not Active, Not Active, Not Active
2026/07/17 10:20:13.434, 1192, 877, 149.88, 76, 76, 100, 14342, Not Active, Not Active, Not Active
2026/07/17 10:20:13.486, 1192, 877, 132.47, 76, 76, 100, 14342, Not Active, Not Active, Not Active
2026/07/17 10:20:13.538, 1192, 877, 159.48, 76, 75, 100, 14342, Not Active, Not Active, Not Active
2026/07/17 10:20:13.590, 1192, 877, 179.64, 76, 76, 100, 14342, Not Active, Not Active, Not Active
2026/07/17 10:20:13.642, 1192, 877, 199.75, 75, 75, 100, 14342, Not Active, Not Active, Not Active
2026/07/17 10:20:13.697, 1192, 877, 192.57, 75, 75, 100, 14342, Not Active, Not Active, Not Active
2026/07/17 10:20:13.749, 1192, 877, 141.91, 75, 74, 100, 14342, Not Active, Not Active, Not Active
2026/07/17 10:20:13.801, 1192, 877, 164.76, 75, 74, 100, 14342, Not Active, Not Active, Not Active
2026/07/17 10:20:13.853, 1192, 877, 125.34, 75, 75, 100, 14342, Not Active, Not Active, Not Active
2026/07/17 10:20:13.904, 1192, 877, 154.30, 75, 75, 100, 14342, Not Active, Not Active, Not Active
2026/07/17 10:20:13.956, 1192, 877, 172.32, 75, 75, 100, 14342, Not Active, Not Active, Not Active
2026/07/17 10:20:14.008, 1192, 877, 188.63, 76, 75, 100, 14342, Not Active, Not Active, Not Active
2026/07/17 10:20:14.065, 1192, 877, 198.79, 75, 75, 100, 14342, Not Active, Not Active, Not Active
2026/07/17 10:20:14.117, 1192, 877, 195.31, 75, 75, 100, 14342, Not Active, Not Active, Not Active
2026/07/17 10:20:14.168, 1192, 877, 185.38, 75, 74, 100, 14342, Not Active, Not Active, Not Active
2026/07/17 10:20:14.222, 1192, 877, 180.48, 75, 76, 100, 14342, Not Active, Not Active, Not Active
2026/07/17 10:20:14.274, 1192, 877, 164.65, 75, 74, 100, 14342, Not Active, Not Active, Not Active
2026/07/17 10:20:14.327, 1192, 877, 128.14, 76, 76, 100, 14342, Not Active, Not Active, Not Active
2026/07/17 10:20:14.379, 1192, 877, 149.02, 76, 76, 100, 14342, Not Active, Not Active, Not Active
2026/07/17 10:20:14.431, 1192, 877, 166.57, 76, 76, 100, 14342, Not Active, Not Active, Not Active
2026/07/17 10:20:14.482, 1192, 877, 196.26, 75, 75, 100, 14342, Not Active, Not Active, Not Active
2026/07/17 10:20:14.534, 1192, 877, 196.74, 75, 75, 100, 14342, Not Active, Not Active, Not Active
2026/07/17 10:20:14.591, 1192, 877, 197.14, 75, 75, 100, 14342, Not Active, Not Active, Not Active
2026/07/17 10:20:14.643, 1192, 877, 181.43, 75, 75, 100, 14342, Not Active, Not Active, Not Active
2026/07/17 10:20:14.695, 1192, 877, 118.67, 75, 76, 100, 14342, Not Active, Not Active, Not Active
2026/07/17 10:20:14.748, 1192, 877, 143.83, 75, 75, 100, 14342, Not Active, Not Active, Not Active
2026/07/17 10:20:14.799, 1192, 877, 167.64, 75, 75, 100, 14342, Not Active, Not Active, Not Active
2026/07/17 10:20:14.852, 1192, 877, 200.49, 75, 75, 100, 14342, Not Active, Not Active, Not Active
2026/07/17 10:20:14.904, 1192, 877, 187.17, 75, 75, 100, 14342, Not Active, Not Active, Not Active
2026/07/17 10:20:14.956, 1192, 877, 183.95, 75, 75, 100, 14342, Not Active, Not Active, Not Active
2026/07/17 10:20:15.008, 1192, 877, 178.44, 75, 74, 100, 14342, Not Active, Not Active, Not Active
2026/07/17 10:20:15.060, 1192, 877, 167.05, 75, 74, 100, 14342, Not Active, Not Active, Not Active
2026/07/17 10:20:15.112, 1192, 877, 131.42, 75, 76, 100, 14342, Not Active, Not Active, Not Active
2026/07/17 10:20:15.163, 1192, 877, 154.41, 76, 76, 100, 14342, Not Active, Not Active, Not Active
2026/07/17 10:20:15.215, 1192, 877, 169.45, 76, 75, 100, 14342, Not Active, Not Active, Not Active
2026/07/17 10:20:15.267, 1192, 877, 204.05, 75, 75, 100, 14342, Not Active, Not Active, Not Active
2026/07/17 10:20:15.319, 1192, 877, 194.35, 75, 75, 100, 14342, Not Active, Not Active, Not Active
2026/07/17 10:20:15.374, 1192, 877, 191.13, 75, 75, 100, 14342, Not Active, Not Active, Not Active
2026/07/17 10:20:15.426, 1192, 877, 183.47, 75, 74, 100, 14342, Not Active, Not Active, Not Active
2026/07/17 10:20:15.478, 1192, 877, 160.12, 75, 75, 100, 14342, Not Active, Not Active, Not Active
2026/07/17 10:20:15.530, 1192, 877, 139.60, 75, 76, 100, 14342, Not Active, Not Active, Not Active
2026/07/17 10:20:15.582, 1192, 877, 141.52, 76, 76, 100, 14342, Not Active, Not Active, Not Active
2026/07/17 10:20:15.634, 1192, 877, 162.36, 76, 76, 100, 14342, Not Active, Not Active, Not Active
2026/07/17 10:20:15.685, 1192, 877, 183.95, 75, 74, 100, 14342, Not Active, Not Active, Not Active
2026/07/17 10:20:15.737, 1192, 877, 185.76, 75, 74, 100, 14342, Not Active, Not Active, Not Active
2026/07/17 10:20:15.789, 1192, 877, 166.94, 75, 75, 100, 14342, Not Active, Not Active, Not Active
2026/07/17 10:20:15.841, 1192, 877, 145.66, 75, 74, 100, 14342, Not Active, Not Active, Not Active
2026/07/17 10:20:15.894, 1192, 877, 135.84, 75, 75, 100, 14342, Not Active, Not Active, Not Active
2026/07/17 10:20:15.946, 1192, 877, 161.99, 75, 75, 100, 14342, Not Active, Not Active, Not Active
2026/07/17 10:20:15.998, 1192, 877, 193.91, 75, 75, 100, 14342, Not Active, Not Active, Not Active
2026/07/17 10:20:16.049, 1192, 877, 193.52, 75, 75, 100, 14342, Not Active, Not Active, Not Active
2026/07/17 10:20:16.101, 1192, 877, 194.35, 75, 75, 100, 14342, Not Active, Not Active, Not Active
2026/07/17 10:20:16.158, 1192, 877, 191.86, 75, 75, 100, 14342, Not Active, Not Active, Not Active
2026/07/17 10:20:16.210, 1192, 877, 170.41, 75, 76, 100, 14342, Not Active, Not Active, Not Active
2026/07/17 10:20:16.261, 1192, 877, 147.68, 75, 75, 100, 14342, Not Active, Not Active, Not Active
2026/07/17 10:20:16.314, 1192, 877, 135.27, 75, 76, 100, 14342, Not Active, Not Active, Not Active
2026/07/17 10:20:16.365, 1192, 877, 161.40, 75, 76, 100, 14342, Not Active, Not Active, Not Active
2026/07/17 10:20:16.417, 1192, 877, 189.34, 75, 76, 100, 14342, Not Active, Not Active, Not Active
2026/07/17 10:20:16.469, 1192, 877, 200.36, 75, 75, 100, 14342, Not Active, Not Active, Not Active
2026/07/17 10:20:16.521, 1192, 877, 188.86, 75, 75, 100, 14342, Not Active, Not Active, Not Active
2026/07/17 10:20:16.573, 1192, 877, 184.92, 75, 76, 100, 14342, Not Active, Not Active, Not Active
2026/07/17 10:20:16.624, 1192, 877, 144.31, 75, 74, 100, 14342, Not Active, Not Active, Not Active
2026/07/17 10:20:16.678, 1192, 877, 157.08, 75, 75, 100, 14342, Not Active, Not Active, Not Active
2026/07/17 10:20:16.729, 1192, 877, 188.86, 75, 75, 100, 14342, Not Active, Not Active, Not Active
2026/07/17 10:20:16.781, 1192, 877, 191.48, 75, 75, 100, 14342, Not Active, Not Active, Not Active
2026/07/17 10:20:16.833, 1192, 877, 186.95, 75, 74, 100, 14342, Not Active, Not Active, Not Active
2026/07/17 10:20:16.885, 1192, 877, 188.63, 75, 74, 100, 14342, Not Active, Not Active, Not Active
2026/07/17 10:20:16.940, 1192, 877, 166.94, 75, 74, 100, 14342, Not Active, Not Active, Not Active
2026/07/17 10:20:16.991, 1192, 877, 130.63, 76, 76, 100, 14342, Not Active, Not Active, Not Active
2026/07/17 10:20:17.043, 1192, 877, 153.34, 76, 76, 100, 14342, Not Active, Not Active, Not Active
2026/07/17 10:20:17.095, 1192, 877, 169.45, 76, 75, 100, 14342, Not Active, Not Active, Not Active
2026/07/17 10:20:17.147, 1192, 877, 202.41, 75, 75, 100, 14342, Not Active, Not Active, Not Active
2026/07/17 10:20:17.201, 1192, 877, 196.53, 75, 75, 100, 14342, Not Active, Not Active, Not Active
2026/07/17 10:20:17.253, 1192, 877, 186.47, 75, 75, 100, 14342, Not Active, Not Active, Not Active
2026/07/17 10:20:17.305, 1192, 877, 168.49, 75, 74, 100, 14342, Not Active, Not Active, Not Active
2026/07/17 10:20:17.357, 1192, 877, 148.16, 76, 75, 100, 14342, Not Active, Not Active, Not Active
2026/07/17 10:20:17.409, 1192, 877, 136.71, 76, 76, 100, 14342, Not Active, Not Active, Not Active
2026/07/17 10:20:17.461, 1192, 877, 163.54, 76, 76, 100, 14342, Not Active, Not Active, Not Active
2026/07/17 10:20:17.513, 1192, 877, 193.91, 76, 76, 100, 14342, Not Active, Not Active, Not Active
2026/07/17 10:20:17.564, 1192, 877, 197.01, 75, 75, 100, 14342, Not Active, Not Active, Not Active
2026/07/17 10:20:17.616, 1192, 877, 120.44, 75, 75, 100, 14342, Not Active, Not Active, Not Active
2026/07/17 10:20:17.668, 1192, 877, 132.87, 75, 75, 100, 14342, Not Active, Not Active, Not Active
2026/07/17 10:20:17.720, 1192, 877, 148.64, 75, 76, 100, 14342, Not Active, Not Active, Not Active
2026/07/17 10:20:17.772, 1192, 877, 171.96, 75, 75, 100, 14342, Not Active, Not Active, Not Active
2026/07/17 10:20:17.824, 1192, 877, 202.27, 75, 75, 100, 14342, Not Active, Not Active, Not Active
2026/07/17 10:20:17.876, 1192, 877, 193.04, 75, 75, 100, 14342, Not Active, Not Active, Not Active
2026/07/17 10:20:17.927, 1192, 877, 190.65, 75, 75, 100, 14342, Not Active, Not Active, Not Active
2026/07/17 10:20:17.984, 1192, 877, 172.80, 75, 74, 100, 14342, Not Active, Not Active, Not Active
2026/07/17 10:20:18.035, 1192, 877, 146.71, 75, 74, 100, 14342, Not Active, Not Active, Not Active
2026/07/17 10:20:18.087, 1192, 877, 136.71, 75, 76, 100, 14342, Not Active, Not Active, Not Active
2026/07/17 10:20:18.140, 1192, 877, 162.47, 75, 75, 100, 14342, Not Active, Not Active, Not Active
2026/07/17 10:20:18.191, 1192, 877, 188.03, 75, 75, 100, 14342, Not Active, Not Active, Not Active
2026/07/17 10:20:18.246, 1192, 877, 196.87, 75, 75, 100, 14342, Not Active, Not Active, Not Active
2026/07/17 10:20:18.298, 1192, 877, 183.95, 75, 75, 100, 14342, Not Active, Not Active, Not Active
2026/07/17 10:20:18.349, 1192, 877, 182.03, 75, 75, 100, 14342, Not Active, Not Active, Not Active
2026/07/17 10:20:18.405, 1192, 877, 165.72, 75, 74, 100, 14342, Not Active, Not Active, Not Active
2026/07/17 10:20:18.456, 1192, 877, 124.77, 76, 76, 100, 14342, Not Active, Not Active, Not Active
2026/07/17 10:20:18.508, 1192, 877, 152.86, 76, 76, 100, 14342, Not Active, Not Active, Not Active
2026/07/17 10:20:18.560, 1192, 877, 176.76, 76, 76, 100, 14342, Not Active, Not Active, Not Active
2026/07/17 10:20:18.612, 1192, 877, 169.19, 75, 74, 100, 14342, Not Active, Not Active, Not Active
2026/07/17 10:20:18.664, 1192, 877, 170.04, 75, 74, 100, 14342, Not Active, Not Active, Not Active
2026/07/17 10:20:18.716, 1192, 877, 138.73, 75, 76, 100, 14342, Not Active, Not Active, Not Active
2026/07/17 10:20:18.767, 1192, 877, 148.26, 75, 76, 100, 14342, Not Active, Not Active, Not Active
2026/07/17 10:20:18.820, 1192, 877, 172.44, 75, 76, 100, 14342, Not Active, Not Active, Not Active
2026/07/17 10:20:18.872, 1192, 877, 189.82, 75, 76, 100, 14342, Not Active, Not Active, Not Active
2026/07/17 10:20:18.928, 1192, 877, 187.17, 75, 75, 100, 14342, Not Active, Not Active, Not Active
2026/07/17 10:20:18.979, 1192, 877, 180.48, 75, 75, 100, 14342, Not Active, Not Active, Not Active
2026/07/17 10:20:19.031, 1192, 877, 174.13, 75, 74, 100, 14342, Not Active, Not Active, Not Active
2026/07/17 10:20:19.086, 1192, 877, 156.12, 75, 76, 100, 14342, Not Active, Not Active, Not Active
2026/07/17 10:20:19.138, 1192, 877, 131.03, 75, 76, 100, 14342, Not Active, Not Active, Not Active
2026/07/17 10:20:19.189, 1192, 877, 161.51, 75, 76, 100, 14342, Not Active, Not Active, Not Active
2026/07/17 10:20:19.242, 1192, 877, 196.53, 75, 75, 100, 14342, Not Active, Not Active, Not Active
2026/07/17 10:20:19.294, 1192, 877, 197.70, 75, 75, 100, 14342, Not Active, Not Active, Not Active
2026/07/17 10:20:19.349, 1192, 877, 190.78, 75, 75, 100, 14342, Not Active, Not Active, Not Active
2026/07/17 10:20:19.401, 1192, 877, 179.52, 75, 75, 100, 14342, Not Active, Not Active, Not Active
2026/07/17 10:20:19.453, 1192, 877, 164.17, 76, 74, 100, 14342, Not Active, Not Active, Not Active
2026/07/17 10:20:19.507, 1192, 877, 121.00, 76, 76, 100, 14342, Not Active, Not Active, Not Active
2026/07/17 10:20:19.559, 1192, 877, 155.37, 76, 76, 100, 14342, Not Active, Not Active, Not Active
2026/07/17 10:20:19.610, 1192, 877, 188.63, 75, 75, 100, 14342, Not Active, Not Active, Not Active
2026/07/17 10:20:19.662, 1192, 877, 185.99, 75, 74, 100, 14342, Not Active, Not Active, Not Active
2026/07/17 10:20:19.714, 1192, 877, 162.99, 75, 74, 100, 14342, Not Active, Not Active, Not Active
2026/07/17 10:20:19.768, 1192, 877, 138.54, 75, 75, 100, 14342, Not Active, Not Active, Not Active
2026/07/17 10:20:19.819, 1192, 877, 150.08, 75, 76, 100, 14342, Not Active, Not Active, Not Active
2026/07/17 10:20:19.871, 1192, 877, 174.72, 75, 76, 100, 14342, Not Active, Not Active, Not Active
2026/07/17 10:20:19.923, 1192, 877, 197.01, 75, 75, 100, 14342, Not Active, Not Active, Not Active
2026/07/17 10:20:19.975, 1192, 877, 193.52, 75, 75, 100, 14342, Not Active, Not Active, Not Active
2026/07/17 10:20:20.031, 1192, 877, 187.07, 75, 74, 100, 14342, Not Active, Not Active, Not Active
2026/07/17 10:20:20.083, 1192, 877, 168.60, 75, 76, 100, 14342, Not Active, Not Active, Not Active
2026/07/17 10:20:20.134, 1192, 877, 121.96, 76, 76, 100, 14342, Not Active, Not Active, Not Active
2026/07/17 10:20:20.186, 1192, 877, 152.38, 76, 76, 100, 14342, Not Active, Not Active, Not Active
2026/07/17 10:20:20.238, 1192, 877, 173.17, 76, 75, 100, 14342, Not Active, Not Active, Not Active
2026/07/17 10:20:20.292, 1192, 877, 198.92, 75, 75, 100, 14342, Not Active, Not Active, Not Active
2026/07/17 10:20:20.344, 1192, 877, 188.26, 75, 75, 100, 14342, Not Active, Not Active, Not Active
2026/07/17 10:20:20.396, 1192, 877, 182.88, 75, 74, 100, 14342, Not Active, Not Active, Not Active
2026/07/17 10:20:20.448, 1192, 877, 155.26, 75, 74, 100, 14342, Not Active, Not Active, Not Active
2026/07/17 10:20:20.499, 1192, 877, 131.99, 76, 75, 100, 14342, Not Active, Not Active, Not Active
2026/07/17 10:20:20.551, 1192, 877, 163.91, 76, 76, 100, 14342, Not Active, Not Active, Not Active
2026/07/17 10:20:20.603, 1192, 877, 181.44, 75, 74, 100, 14342, Not Active, Not Active, Not Active
2026/07/17 10:20:20.655, 1192, 877, 183.84, 75, 74, 100, 14342, Not Active, Not Active, Not Active
2026/07/17 10:20:20.706, 1192, 877, 151.32, 75, 74, 100, 14342, Not Active, Not Active, Not Active
2026/07/17 10:20:20.758, 1192, 877, 135.84, 75, 76, 100, 14342, Not Active, Not Active, Not Active
2026/07/17 10:20:20.811, 1192, 877, 160.44, 76, 75, 100, 14342, Not Active, Not Active, Not Active
2026/07/17 10:20:20.863, 1192, 877, 200.84, 75, 75, 100, 14342, Not Active, Not Active, Not Active
2026/07/17 10:20:20.915, 1192, 877, 192.21, 75, 75, 100, 14342, Not Active, Not Active, Not Active
2026/07/17 10:20:20.966, 1192, 877, 179.64, 75, 74, 100, 14342, Not Active, Not Active, Not Active
2026/07/17 10:20:21.018, 1192, 877, 154.10, 75, 74, 100, 14342, Not Active, Not Active, Not Active
2026/07/17 10:20:21.070, 1192, 877, 129.59, 76, 76, 100, 14342, Not Active, Not Active, Not Active
2026/07/17 10:20:21.122, 1192, 877, 160.55, 76, 75, 100, 14342, Not Active, Not Active, Not Active
2026/07/17 10:20:21.174, 1192, 877, 200.49, 76, 75, 100, 14342, Not Active, Not Active, Not Active
2026/07/17 10:20:21.226, 1192, 877, 195.44, 75, 75, 100, 14342, Not Active, Not Active, Not Active
2026/07/17 10:20:21.278, 1192, 877, 187.07, 75, 75, 100, 14342, Not Active, Not Active, Not Active
2026/07/17 10:20:21.329, 1192, 877, 161.77, 75, 74, 100, 14342, Not Active, Not Active, Not Active
2026/07/17 10:20:21.381, 1192, 877, 124.37, 75, 76, 100, 14342, Not Active, Not Active, Not Active
2026/07/17 10:20:21.434, 1192, 877, 153.82, 75, 75, 100, 14342, Not Active, Not Active, Not Active
2026/07/17 10:20:21.486, 1192, 877, 184.19, 75, 76, 100, 14342, Not Active, Not Active, Not Active
2026/07/17 10:20:21.538, 1192, 877, 190.04, 76, 75, 100, 14342, Not Active, Not Active, Not Active
2026/07/17 10:20:21.589, 1192, 877, 98.50, 75, 74, 100, 14342, Not Active, Not Active, Not Active
2026/07/17 10:20:21.641, 1192, 877, 122.45, 75, 75, 100, 14342, Not Active, Not Active, Not Active
2026/07/17 10:20:21.695, 1192, 877, 155.26, 75, 75, 100, 14342, Not Active, Not Active, Not Active
2026/07/17 10:20:21.746, 1192, 877, 187.68, 76, 75, 100, 14342, Not Active, Not Active, Not Active
2026/07/17 10:20:21.798, 1192, 877, 193.78, 75, 75, 100, 14342, Not Active, Not Active, Not Active
2026/07/17 10:20:21.851, 1192, 877, 190.90, 75, 74, 100, 14342, Not Active, Not Active, Not Active
2026/07/17 10:20:21.902, 1192, 877, 168.38, 75, 74, 100, 14342, Not Active, Not Active, Not Active
2026/07/17 10:20:21.956, 1192, 877, 131.03, 75, 74, 100, 14342, Not Active, Not Active, Not Active
2026/07/17 10:20:22.008, 1192, 877, 151.04, 75, 76, 100, 14342, Not Active, Not Active, Not Active
2026/07/17 10:20:22.060, 1192, 877, 177.60, 75, 76, 100, 14342, Not Active, Not Active, Not Active
2026/07/17 10:20:22.112, 1192, 877, 195.09, 75, 75, 100, 14342, Not Active, Not Active, Not Active
2026/07/17 10:20:22.164, 1192, 877, 192.21, 75, 75, 100, 14342, Not Active, Not Active, Not Active
2026/07/17 10:20:22.219, 1192, 877, 172.69, 75, 75, 100, 14342, Not Active, Not Active, Not Active
2026/07/17 10:20:22.271, 1192, 877, 145.66, 76, 75, 100, 14342, Not Active, Not Active, Not Active
2026/07/17 10:20:22.323, 1192, 877, 140.56, 76, 76, 100, 14342, Not Active, Not Active, Not Active
2026/07/17 10:20:22.375, 1192, 877, 168.23, 76, 76, 100, 14342, Not Active, Not Active, Not Active
2026/07/17 10:20:22.427, 1192, 877, 202.27, 76, 75, 100, 14342, Not Active, Not Active, Not Active
2026/07/17 10:20:22.481, 1192, 877, 197.96, 75, 75, 100, 14342, Not Active, Not Active, Not Active
2026/07/17 10:20:22.532, 1192, 877, 188.03, 75, 74, 100, 14342, Not Active, Not Active, Not Active
2026/07/17 10:20:22.584, 1192, 877, 152.00, 75, 75, 100, 14342, Not Active, Not Active, Not Active
2026/07/17 10:20:22.639, 1192, 877, 161.99, 75, 75, 100, 14342, Not Active, Not Active, Not Active
2026/07/17 10:20:22.691, 1192, 877, 197.96, 75, 75, 100, 14342, Not Active, Not Active, Not Active
2026/07/17 10:20:22.743, 1192, 877, 192.21, 75, 75, 100, 14342, Not Active, Not Active, Not Active
2026/07/17 10:20:22.795, 1192, 877, 176.41, 75, 74, 100, 14342, Not Active, Not Active, Not Active
2026/07/17 10:20:22.847, 1192, 877, 146.62, 75, 74, 100, 14342, Not Active, Not Active, Not Active
2026/07/17 10:20:22.899, 1192, 877, 138.16, 76, 76, 100, 14342, Not Active, Not Active, Not Active
2026/07/17 10:20:22.951, 1192, 877, 166.68, 76, 75, 100, 14342, Not Active, Not Active, Not Active
2026/07/17 10:20:23.003, 1192, 877, 200.70, 76, 76, 100, 14342, Not Active, Not Active, Not Active
2026/07/17 10:20:23.055, 1192, 877, 191.74, 75, 75, 100, 14342, Not Active, Not Active, Not Active
2026/07/17 10:20:23.107, 1192, 877, 182.40, 75, 75, 100, 14342, Not Active, Not Active, Not Active
2026/07/17 10:20:23.162, 1192, 877, 150.84, 76, 74, 100, 14342, Not Active, Not Active, Not Active
2026/07/17 10:20:23.214, 1192, 877, 136.80, 76, 76, 100, 14342, Not Active, Not Active, Not Active
2026/07/17 10:20:23.265, 1192, 877, 166.31, 76, 76, 100, 14342, Not Active, Not Active, Not Active
2026/07/17 10:20:23.317, 1192, 877, 194.00, 75, 75, 100, 14342, Not Active, Not Active, Not Active
2026/07/17 10:20:23.369, 1192, 877, 191.96, 75, 75, 100, 14342, Not Active, Not Active, Not Active
2026/07/17 10:20:23.423, 1192, 877, 178.56, 75, 74, 100, 14342, Not Active, Not Active, Not Active
2026/07/17 10:20:23.475, 1192, 877, 148.06, 75, 76, 100, 14342, Not Active, Not Active, Not Active
2026/07/17 10:20:23.527, 1192, 877, 137.29, 76, 75, 100, 14342, Not Active, Not Active, Not Active
2026/07/17 10:20:23.579, 1192, 877, 166.68, 76, 76, 100, 14342, Not Active, Not Active, Not Active
2026/07/17 10:20:23.631, 1192, 877, 161.66, 75, 73, 100, 14342, Not Active, Not Active, Not Active
2026/07/17 10:20:23.682, 1192, 877, 168.23, 75, 74, 100, 14342, Not Active, Not Active, Not Active
2026/07/17 10:20:23.734, 1192, 877, 123.89, 75, 76, 100, 14342, Not Active, Not Active, Not Active
2026/07/17 10:20:23.786, 1192, 877, 154.89, 76, 76, 100, 14342, Not Active, Not Active, Not Active
2026/07/17 10:20:23.838, 1192, 877, 190.55, 76, 76, 100, 14342, Not Active, Not Active, Not Active
2026/07/17 10:20:23.889, 1192, 877, 193.04, 75, 75, 100, 14342, Not Active, Not Active, Not Active
2026/07/17 10:20:23.945, 1192, 877, 193.30, 75, 75, 100, 14342, Not Active, Not Active, Not Active
2026/07/17 10:20:23.997, 1192, 877, 156.50, 75, 75, 100, 14342, Not Active, Not Active, Not Active
2026/07/17 10:20:24.049, 1192, 877, 120.04, 75, 76, 100, 14342, Not Active, Not Active, Not Active
2026/07/17 10:20:24.101, 1192, 877, 154.89, 75, 76, 100, 14342, Not Active, Not Active, Not Active
2026/07/17 10:20:24.153, 1192, 877, 177.60, 75, 75, 100, 14342, Not Active, Not Active, Not Active
2026/07/17 10:20:24.207, 1192, 877, 198.92, 75, 75, 100, 14342, Not Active, Not Active, Not Active
2026/07/17 10:20:24.260, 1192, 877, 183.71, 75, 75, 100, 14342, Not Active, Not Active, Not Active
2026/07/17 10:20:24.312, 1192, 877, 173.04, 75, 75, 100, 14342, Not Active, Not Active, Not Active
2026/07/17 10:20:24.365, 1192, 877, 122.93, 76, 76, 100, 14342, Not Active, Not Active, Not Active
2026/07/17 10:20:24.417, 1192, 877, 152.48, 76, 76, 100, 14342, Not Active, Not Active, Not Active
2026/07/17 10:20:24.469, 1192, 877, 185.63, 76, 76, 100, 14342, Not Active, Not Active, Not Active
2026/07/17 10:20:24.521, 1192, 877, 190.04, 75, 75, 100, 14342, Not Active, Not Active, Not Active
2026/07/17 10:20:24.572, 1192, 877, 190.07, 75, 74, 100, 14342, Not Active, Not Active, Not Active
2026/07/17 10:20:24.628, 1192, 877, 122.93, 75, 75, 100, 14342, Not Active, Not Active, Not Active
2026/07/17 10:20:24.680, 1192, 877, 153.34, 75, 75, 100, 14342, Not Active, Not Active, Not Active
2026/07/17 10:20:24.732, 1192, 877, 175.09, 75, 75, 100, 14342, Not Active, Not Active, Not Active
2026/07/17 10:20:24.789, 1192, 877, 191.00, 75, 75, 100, 14342, Not Active, Not Active, Not Active
2026/07/17 10:20:24.840, 1192, 877, 181.55, 75, 75, 100, 14342, Not Active, Not Active, Not Active
2026/07/17 10:20:24.892, 1192, 877, 163.80, 75, 74, 100, 14342, Not Active, Not Active, Not Active
2026/07/17 10:20:24.944, 1192, 877, 125.82, 75, 76, 100, 14342, Not Active, Not Active, Not Active
2026/07/17 10:20:24.996, 1192, 877, 159.00, 75, 76, 100, 14342, Not Active, Not Active, Not Active
2026/07/17 10:20:25.048, 1192, 877, 199.27, 75, 75, 100, 14342, Not Active, Not Active, Not Active
2026/07/17 10:20:25.100, 1192, 877, 193.04, 75, 75, 100, 14342, Not Active, Not Active, Not Active
2026/07/17 10:20:25.151, 1192, 877, 172.69, 75, 74, 100, 14342, Not Active, Not Active, Not Active
2026/07/17 10:20:25.203, 1192, 877, 132.87, 75, 74, 100, 14342, Not Active, Not Active, Not Active
2026/07/17 10:20:25.255, 1192, 877, 149.12, 76, 75, 100, 14342, Not Active, Not Active, Not Active
2026/07/17 10:20:25.308, 1192, 877, 172.80, 75, 76, 100, 14342, Not Active, Not Active, Not Active
2026/07/17 10:20:25.360, 1192, 877, 195.57, 75, 75, 100, 14342, Not Active, Not Active, Not Active
2026/07/17 10:20:25.411, 1192, 877, 184.32, 75, 74, 100, 14342, Not Active, Not Active, Not Active
2026/07/17 10:20:25.463, 1192, 877, 159.48, 75, 74, 100, 14342, Not Active, Not Active, Not Active
2026/07/17 10:20:25.515, 1192, 877, 121.00, 75, 75, 100, 14342, Not Active, Not Active, Not Active
2026/07/17 10:20:25.569, 1192, 877, 155.74, 75, 76, 100, 14342, Not Active, Not Active, Not Active
2026/07/17 10:20:25.621, 1192, 877, 192.57, 75, 75, 100, 14342, Not Active, Not Active, Not Active
2026/07/17 10:20:25.673, 1192, 877, 141.62, 75, 74, 100, 14342, Not Active, Not Active, Not Active
2026/07/17 10:20:25.724, 1192, 877, 129.98, 75, 74, 100, 14342, Not Active, Not Active, Not Active
2026/07/17 10:20:25.776, 1192, 877, 150.08, 75, 75, 100, 14342, Not Active, Not Active, Not Active
2026/07/17 10:20:25.830, 1192, 877, 175.80, 75, 75, 100, 14342, Not Active, Not Active, Not Active
2026/07/17 10:20:25.881, 1192, 877, 194.22, 75, 75, 100, 14342, Not Active, Not Active, Not Active
2026/07/17 10:20:25.933, 1192, 877, 183.48, 75, 75, 100, 14342, Not Active, Not Active, Not Active
2026/07/17 10:20:25.985, 1192, 877, 159.00, 75, 74, 100, 14342, Not Active, Not Active, Not Active
2026/07/17 10:20:26.037, 1192, 877, 133.43, 76, 76, 100, 14342, Not Active, Not Active, Not Active
2026/07/17 10:20:26.089, 1192, 877, 165.83, 76, 76, 100, 14342, Not Active, Not Active, Not Active
2026/07/17 10:20:26.141, 1192, 877, 197.48, 75, 75, 100, 14342, Not Active, Not Active, Not Active
2026/07/17 10:20:26.194, 1192, 877, 192.34, 75, 75, 100, 14342, Not Active, Not Active, Not Active
2026/07/17 10:20:26.246, 1192, 877, 168.38, 75, 74, 100, 14342, Not Active, Not Active, Not Active
2026/07/17 10:20:26.298, 1192, 877, 122.45, 75, 74, 100, 14342, Not Active, Not Active, Not Active
2026/07/17 10:20:26.350, 1192, 877, 153.44, 75, 76, 100, 14342, Not Active, Not Active, Not Active
2026/07/17 10:20:26.402, 1192, 877, 177.60, 75, 75, 100, 14342, Not Active, Not Active, Not Active
2026/07/17 10:20:26.456, 1192, 877, 190.65, 75, 76, 100, 14342, Not Active, Not Active, Not Active
2026/07/17 10:20:26.508, 1192, 877, 182.63, 75, 75, 100, 14342, Not Active, Not Active, Not Active
2026/07/17 10:20:26.559, 1192, 877, 154.89, 75, 74, 100, 14342, Not Active, Not Active, Not Active
2026/07/17 10:20:26.611, 1192, 877, 135.84, 76, 75, 100, 14342, Not Active, Not Active, Not Active
2026/07/17 10:20:26.663, 1192, 877, 163.80, 75, 75, 100, 14342, Not Active, Not Active, Not Active
2026/07/17 10:20:26.715, 1192, 877, 63.99, 74, 74, 100, 354, Not Active, Not Active, Not Active
2026/07/17 10:20:26.768, 1192, 877, 49.99, 73, 73, 100, 354, Not Active, Not Active, Not Active
2026/07/17 10:20:26.820, 1192, 877, 49.51, 73, 72, 99, 354, Not Active, Not Active, Not Active
