timestamp,graphics_clock_mhz,memory_clock_mhz,power_w,gpu_temperature_c,memory_temperature_c,gpu_util_pct,memory_used_mib,sw_power_cap,sw_thermal_slowdown,hw_thermal_slowdown
2026/07/17 10:21:42.948, 1192, 877, 35.97, 50, 49, 0, 6, Not Active, Not Active, Not Active
2026/07/17 10:21:43.001, 1192, 877, 35.97, 50, 49, 0, 8, Not Active, Not Active, Not Active
2026/07/17 10:21:43.053, 1192, 877, 35.97, 50, 49, 0, 8, Not Active, Not Active, Not Active
2026/07/17 10:21:43.105, 1192, 877, 35.97, 50, 49, 0, 316, Not Active, Not Active, Not Active
2026/07/17 10:21:43.157, 1192, 877, 35.97, 50, 49, 0, 316, Not Active, Not Active, Not Active
2026/07/17 10:21:43.208, 1192, 877, 35.97, 50, 49, 3, 316, Not Active, Not Active, Not Active
2026/07/17 10:21:43.262, 1192, 877, 35.97, 50, 49, 3, 316, Not Active, Not Active, Not Active
2026/07/17 10:21:43.315, 1192, 877, 35.97, 50, 49, 3, 316, Not Active, Not Active, Not Active
2026/07/17 10:21:43.367, 1192, 877, 36.46, 50, 49, 11, 11402, Not Active, Not Active, Not Active
2026/07/17 10:21:43.419, 1192, 877, 36.46, 50, 49, 11, 11402, Not Active, Not Active, Not Active
2026/07/17 10:21:43.472, 1192, 877, 36.94, 50, 49, 11, 11402, Not Active, Not Active, Not Active
2026/07/17 10:21:43.525, 1192, 877, 36.46, 50, 49, 11, 11402, Not Active, Not Active, Not Active
2026/07/17 10:21:43.577, 1192, 877, 36.46, 50, 49, 100, 11402, Not Active, Not Active, Not Active
2026/07/17 10:21:43.630, 1192, 877, 36.46, 50, 49, 100, 11402, Not Active, Not Active, Not Active
2026/07/17 10:21:43.683, 1192, 877, 36.46, 50, 49, 100, 11402, Not Active, Not Active, Not Active
2026/07/17 10:21:43.736, 1192, 877, 36.94, 50, 49, 100, 11402, Not Active, Not Active, Not Active
2026/07/17 10:21:43.788, 1192, 877, 36.46, 50, 49, 100, 11402, Not Active, Not Active, Not Active
2026/07/17 10:21:43.841, 1192, 877, 36.46, 50, 49, 100, 11402, Not Active, Not Active, Not Active
2026/07/17 10:21:43.893, 1192, 877, 36.46, 50, 49, 99, 11402, Not Active, Not Active, Not Active
2026/07/17 10:21:43.946, 1192, 877, 36.46, 50, 49, 99, 11402, Not Active, Not Active, Not Active
2026/07/17 10:21:43.998, 1192, 877, 36.46, 50, 49, 99, 11402, Not Active, Not Active, Not Active
2026/07/17 10:21:44.051, 1192, 877, 36.46, 50, 49, 99, 11402, Not Active, Not Active, Not Active
2026/07/17 10:21:44.103, 1192, 877, 36.94, 50, 49, 99, 11402, Not Active, Not Active, Not Active
2026/07/17 10:21:44.156, 1192, 877, 36.46, 50, 49, 99, 11402, Not Active, Not Active, Not Active
2026/07/17 10:21:44.209, 1192, 877, 36.46, 50, 49, 99, 11402, Not Active, Not Active, Not Active
2026/07/17 10:21:44.261, 1192, 877, 36.46, 50, 49, 99, 11402, Not Active, Not Active, Not Active
2026/07/17 10:21:44.314, 1192, 877, 36.46, 50, 49, 99, 11402, Not Active, Not Active, Not Active
2026/07/17 10:21:44.367, 1192, 877, 36.46, 50, 49, 99, 11402, Not Active, Not Active, Not Active
2026/07/17 10:21:44.420, 1192, 877, 36.46, 50, 49, 99, 11402, Not Active, Not Active, Not Active
2026/07/17 10:21:44.472, 1192, 877, 36.46, 50, 49, 99, 11402, Not Active, Not Active, Not Active
2026/07/17 10:21:44.525, 1192, 877, 36.46, 50, 49, 99, 11402, Not Active, Not Active, Not Active
2026/07/17 10:21:44.577, 1192, 877, 36.46, 50, 49, 99, 11402, Not Active, Not Active, Not Active
2026/07/17 10:21:44.630, 1192, 877, 36.46, 50, 49, 99, 11402, Not Active, Not Active, Not Active
2026/07/17 10:21:44.682, 1192, 877, 36.94, 50, 49, 99, 11402, Not Active, Not Active, Not Active
2026/07/17 10:21:44.735, 1192, 877, 36.46, 50, 49, 99, 11402, Not Active, Not Active, Not Active
2026/07/17 10:21:44.789, 1192, 877, 36.46, 50, 49, 99, 11402, Not Active, Not Active, Not Active
2026/07/17 10:21:44.841, 1192, 877, 36.94, 50, 49, 99, 11402, Not Active, Not Active, Not Active
2026/07/17 10:21:44.894, 1192, 877, 36.46, 50, 49, 99, 11402, Not Active, Not Active, Not Active
2026/07/17 10:21:44.946, 1192, 877, 36.46, 50, 49, 99, 11402, Not Active, Not Active, Not Active
2026/07/17 10:21:44.999, 1192, 877, 36.94, 50, 49, 99, 11402, Not Active, Not Active, Not Active
2026/07/17 10:21:45.051, 1192, 877, 36.46, 50, 49, 99, 11402, Not Active, Not Active, Not Active
2026/07/17 10:21:45.104, 1192, 877, 36.46, 50, 49, 99, 11402, Not Active, Not Active, Not Active
2026/07/17 10:21:45.156, 1192, 877, 36.46, 50, 49, 99, 11402, Not Active, Not Active, Not Active
2026/07/17 10:21:45.211, 1192, 877, 36.46, 50, 49, 99, 11402, Not Active, Not Active, Not Active
2026/07/17 10:21:45.263, 1192, 877, 36.46, 50, 49, 99, 11402, Not Active, Not Active, Not Active
2026/07/17 10:21:45.316, 1192, 877, 36.46, 50, 49, 99, 11402, Not Active, Not Active, Not Active
2026/07/17 10:21:45.369, 1192, 877, 36.46, 50, 49, 99, 11402, Not Active, Not Active, Not Active
2026/07/17 10:21:45.422, 1192, 877, 36.46, 50, 49, 99, 11402, Not Active, Not Active, Not Active
2026/07/17 10:21:45.474, 1192, 877, 36.46, 50, 49, 99, 11402, Not Active, Not Active, Not Active
2026/07/17 10:21:45.527, 1192, 877, 36.46, 50, 49, 99, 11402, Not Active, Not Active, Not Active
2026/07/17 10:21:45.579, 1192, 877, 36.46, 50, 49, 99, 11402, Not Active, Not Active, Not Active
2026/07/17 10:21:45.632, 1192, 877, 36.46, 50, 49, 99, 11402, Not Active, Not Active, Not Active
2026/07/17 10:21:45.684, 1192, 877, 36.46, 50, 49, 99, 11402, Not Active, Not Active, Not Active
2026/07/17 10:21:45.737, 1192, 877, 36.46, 50, 49, 99, 11402, Not Active, Not Active, Not Active
2026/07/17 10:21:45.791, 1192, 877, 36.46, 50, 49, 99, 11402, Not Active, Not Active, Not Active
2026/07/17 10:21:45.843, 1192, 877, 36.94, 50, 49, 99, 11402, Not Active, Not Active, Not Active
2026/07/17 10:21:45.896, 1192, 877, 36.46, 50, 49, 99, 11402, Not Active, Not Active, Not Active
2026/07/17 10:21:45.948, 1192, 877, 36.46, 50, 49, 99, 11402, Not Active, Not Active, Not Active
2026/07/17 10:21:46.001, 1192, 877, 36.46, 50, 49, 99, 11402, Not Active, Not Active, Not Active
2026/07/17 10:21:46.054, 1192, 877, 36.46, 50, 49, 99, 11402, Not Active, Not Active, Not Active
2026/07/17 10:21:46.106, 1192, 877, 36.46, 50, 49, 99, 11402, Not Active, Not Active, Not Active
2026/07/17 10:21:46.159, 1192, 877, 36.46, 50, 49, 99, 11402, Not Active, Not Active, Not Active
2026/07/17 10:21:46.212, 1192, 877, 36.46, 50, 49, 99, 11402, Not Active, Not Active, Not Active
2026/07/17 10:21:46.264, 1192, 877, 36.46, 50, 49, 99, 11402, Not Active, Not Active, Not Active
2026/07/17 10:21:46.317, 1192, 877, 36.46, 50, 49, 99, 11402, Not Active, Not Active, Not Active
2026/07/17 10:21:46.369, 1192, 877, 36.46, 50, 49, 99, 11402, Not Active, Not Active, Not Active
2026/07/17 10:21:46.422, 1192, 877, 36.46, 50, 49, 99, 11402, Not Active, Not Active, Not Active
2026/07/17 10:21:46.475, 1192, 877, 36.46, 50, 49, 99, 11402, Not Active, Not Active, Not Active
2026/07/17 10:21:46.528, 1192, 877, 36.46, 50, 49, 99, 11402, Not Active, Not Active, Not Active
2026/07/17 10:21:46.580, 1192, 877, 36.46, 50, 49, 99, 11402, Not Active, Not Active, Not Active
2026/07/17 10:21:46.633, 1192, 877, 36.46, 50, 49, 99, 11402, Not Active, Not Active, Not Active
2026/07/17 10:21:46.685, 1192, 877, 36.46, 50, 49, 99, 11402, Not Active, Not Active, Not Active
2026/07/17 10:21:46.738, 1192, 877, 36.46, 50, 49, 99, 11402, Not Active, Not Active, Not Active
2026/07/17 10:21:46.790, 1192, 877, 36.46, 50, 49, 99, 11402, Not Active, Not Active, Not Active
2026/07/17 10:21:46.843, 1192, 877, 36.46, 50, 49, 99, 11402, Not Active, Not Active, Not Active
2026/07/17 10:21:46.896, 1192, 877, 36.46, 50, 49, 99, 11402, Not Active, Not Active, Not Active
2026/07/17 10:21:46.949, 1192, 877, 35.97, 50, 49, 99, 11402, Not Active, Not Active, Not Active
2026/07/17 10:21:47.001, 1192, 877, 38.40, 50, 49, 99, 14224, Not Active, Not Active, Not Active
2026/07/17 10:21:47.053, 1192, 877, 136.71, 51, 51, 49, 14342, Not Active, Not Active, Not Active
2026/07/17 10:21:47.105, 1192, 877, 197.62, 53, 53, 49, 14342, Not Active, Not Active, Not Active
2026/07/17 10:21:47.160, 1192, 877, 194.96, 54, 54, 49, 14342, Not Active, Not Active, Not Active
2026/07/17 10:21:47.212, 1192, 877, 198.79, 54, 54, 49, 14342, Not Active, Not Active, Not Active
2026/07/17 10:21:47.263, 1192, 877, 204.19, 55, 54, 100, 14342, Not Active, Not Active, Not Active
2026/07/17 10:21:47.316, 1192, 877, 199.88, 55, 55, 100, 14342, Not Active, Not Active, Not Active
2026/07/17 10:21:47.367, 1192, 877, 200.09, 55, 55, 100, 14342, Not Active, Not Active, Not Active
2026/07/17 10:21:47.421, 1192, 877, 198.92, 55, 55, 100, 14342, Not Active, Not Active, Not Active
2026/07/17 10:21:47.473, 1192, 877, 200.84, 56, 56, 100, 14342, Not Active, Not Active, Not Active
2026/07/17 10:21:47.525, 1192, 877, 203.37, 56, 56, 100, 14342, Not Active, Not Active, Not Active
2026/07/17 10:21:47.577, 1192, 877, 205.97, 56, 56, 100, 14342, Not Active, Not Active, Not Active
2026/07/17 10:21:47.630, 1192, 877, 198.79, 56, 56, 100, 14342, Not Active, Not Active, Not Active
2026/07/17 10:21:47.684, 1192, 877, 200.01, 56, 56, 100, 14342, Not Active, Not Active, Not Active
2026/07/17 10:21:47.752, 1192, 877, 198.92, 56, 56, 100, 14342, Not Active, Not Active, Not Active
2026/07/17 10:21:47.805, 1192, 877, 201.05, 57, 57, 100, 14342, Not Active, Not Active, Not Active
2026/07/17 10:21:47.856, 1192, 877, 200.09, 57, 56, 100, 14342, Not Active, Not Active, Not Active
2026/07/17 10:21:47.910, 1192, 877, 202.00, 57, 57, 100, 14342, Not Active, Not Active, Not Active
2026/07/17 10:21:47.962, 1192, 877, 202.14, 57, 57, 100, 14342, Not Active, Not Active, Not Active
2026/07/17 10:21:48.014, 1192, 877, 204.19, 57, 57, 100, 14342, Not Active, Not Active, Not Active
2026/07/17 10:21:48.066, 1192, 877, 204.19, 57, 57, 100, 14342, Not Active, Not Active, Not Active
2026/07/17 10:21:48.157, 1192, 877, 196.40, 57, 57, 100, 14342, Not Active, Not Active, Not Active
2026/07/17 10:21:48.208, 1192, 877, 197.35, 57, 57, 100, 14342, Not Active, Not Active, Not Active
2026/07/17 10:21:48.260, 1192, 877, 204.19, 57, 57, 100, 14342, Not Active, Not Active, Not Active
2026/07/17 10:21:48.312, 1192, 877, 198.18, 57, 57, 100, 14342, Not Active, Not Active, Not Active
2026/07/17 10:21:48.364, 1192, 877, 207.27, 58, 58, 100, 14342, Not Active, Not Active, Not Active
2026/07/17 10:21:48.419, 1192, 877, 201.18, 58, 57, 100, 14342, Not Active, Not Active, Not Active
2026/07/17 10:21:48.471, 1192, 877, 200.70, 58, 58, 100, 14342, Not Active, Not Active, Not Active
2026/07/17 10:21:48.523, 1192, 877, 205.76, 58, 58, 100, 14342, Not Active, Not Active, Not Active
2026/07/17 10:21:48.580, 1192, 877, 200.70, 58, 58, 100, 14342, Not Active, Not Active, Not Active
2026/07/17 10:21:48.631, 1192, 877, 198.79, 58, 58, 100, 14342, Not Active, Not Active, Not Active
2026/07/17 10:21:48.683, 1192, 877, 199.27, 58, 58, 100, 14342, Not Active, Not Active, Not Active
2026/07/17 10:21:48.735, 1192, 877, 201.45, 58, 58, 100, 14342, Not Active, Not Active, Not Active
2026/07/17 10:21:48.788, 1192, 877, 197.83, 58, 57, 100, 14342, Not Active, Not Active, Not Active
2026/07/17 10:21:48.841, 1192, 877, 205.83, 58, 58, 100, 14342, Not Active, Not Active, Not Active
2026/07/17 10:21:48.893, 1192, 877, 206.93, 58, 58, 100, 14342, Not Active, Not Active, Not Active
2026/07/17 10:21:48.944, 1192, 877, 203.10, 58, 58, 100, 14342, Not Active, Not Active, Not Active
2026/07/17 10:21:49.002, 1192, 877, 205.49, 58, 58, 100, 14342, Not Active, Not Active, Not Active
2026/07/17 10:21:49.054, 1192, 877, 204.05, 58, 58, 100, 14342, Not Active, Not Active, Not Active
2026/07/17 10:21:49.106, 1192, 877, 201.05, 59, 58, 100, 14342, Not Active, Not Active, Not Active
2026/07/17 10:21:49.162, 1192, 877, 196.87, 58, 58, 100, 14342, Not Active, Not Active, Not Active
2026/07/17 10:21:49.214, 1192, 877, 193.04, 59, 58, 100, 14342, Not Active, Not Active, Not Active
2026/07/17 10:21:49.266, 1192, 877, 199.40, 58, 58, 97, 14342, Not Active, Not Active, Not Active
2026/07/17 10:21:49.323, 1192, 877, 199.05, 59, 58, 97, 14342, Not Active, Not Active, Not Active
2026/07/17 10:21:49.374, 1192, 877, 197.14, 58, 58, 97, 14342, Not Active, Not Active, Not Active
2026/07/17 10:21:49.426, 1192, 877, 205.01, 59, 58, 94, 14342, Not Active, Not Active, Not Active
2026/07/17 10:21:49.483, 1192, 877, 206.11, 59, 59, 94, 14342, Not Active, Not Active, Not Active
2026/07/17 10:21:49.535, 1192, 877, 202.14, 59, 59, 94, 14342, Not Active, Not Active, Not Active
2026/07/17 10:21:49.587, 1192, 877, 203.37, 59, 59, 100, 14342, Not Active, Not Active, Not Active
2026/07/17 10:21:49.643, 1192, 877, 200.70, 59, 59, 100, 14342, Not Active, Not Active, Not Active
2026/07/17 10:21:49.695, 1192, 877, 197.96, 59, 59, 100, 14342, Not Active, Not Active, Not Active
2026/07/17 10:21:49.747, 1192, 877, 202.14, 59, 59, 100, 14342, Not Active, Not Active, Not Active
2026/07/17 10:21:49.799, 1192, 877, 207.27, 59, 59, 100, 14342, Not Active, Not Active, Not Active
2026/07/17 10:21:49.851, 1192, 877, 202.00, 59, 59, 100, 14342, Not Active, Not Active, Not Active
2026/07/17 10:21:49.905, 1192, 877, 198.31, 59, 59, 100, 14342, Not Active, Not Active, Not Active
2026/07/17 10:21:49.957, 1192, 877, 191.26, 59, 59, 100, 14342, Not Active, Not Active, Not Active
2026/07/17 10:21:50.008, 1192, 877, 204.88, 59, 59, 100, 14342, Not Active, Not Active, Not Active
2026/07/17 10:21:50.065, 1192, 877, 192.21, 60, 59, 100, 14342, Not Active, Not Active, Not Active
2026/07/17 10:21:50.117, 1192, 877, 203.71, 60, 59, 100, 14342, Not Active, Not Active, Not Active
2026/07/17 10:21:50.169, 1192, 877, 193.52, 60, 59, 100, 14342, Not Active, Not Active, Not Active
2026/07/17 10:21:50.225, 1192, 877, 200.70, 60, 59, 100, 14342, Not Active, Not Active, Not Active
2026/07/17 10:21:50.277, 1192, 877, 203.92, 60, 60, 100, 14342, Not Active, Not Active, Not Active
2026/07/17 10:21:50.329, 1192, 877, 196.26, 60, 60, 100, 14342, Not Active, Not Active, Not Active
2026/07/17 10:21:50.381, 1192, 877, 205.63, 60, 60, 100, 14342, Not Active, Not Active, Not Active
2026/07/17 10:21:50.433, 1192, 877, 196.40, 60, 60, 100, 14342, Not Active, Not Active, Not Active
2026/07/17 10:21:50.486, 1192, 877, 200.09, 60, 60, 100, 14342, Not Active, Not Active, Not Active
2026/07/17 10:21:50.538, 1192, 877, 197.35, 60, 59, 100, 14342, Not Active, Not Active, Not Active
2026/07/17 10:21:50.590, 1192, 877, 197.35, 60, 60, 100, 14342, Not Active, Not Active, Not Active
2026/07/17 10:21:50.642, 1192, 877, 203.92, 60, 60, 100, 14342, Not Active, Not Active, Not Active
2026/07/17 10:21:50.694, 1192, 877, 195.70, 60, 60, 100, 14342, Not Active, Not Active, Not Active
2026/07/17 10:21:50.747, 1192, 877, 198.18, 60, 60, 100, 14342, Not Active, Not Active, Not Active
2026/07/17 10:21:50.799, 1192, 877, 204.53, 60, 60, 100, 14342, Not Active, Not Active, Not Active
2026/07/17 10:21:50.851, 1192, 877, 205.97, 60, 60, 100, 14342, Not Active, Not Active, Not Active
2026/07/17 10:21:50.903, 1192, 877, 199.27, 60, 60, 100, 14342, Not Active, Not Active, Not Active
2026/07/17 10:21:50.955, 1192, 877, 197.35, 60, 60, 100, 14342, Not Active, Not Active, Not Active
2026/07/17 10:21:51.008, 1192, 877, 207.40, 60, 60, 100, 14342, Not Active, Not Active, Not Active
2026/07/17 10:21:51.060, 1192, 877, 193.17, 61, 60, 100, 14342, Not Active, Not Active, Not Active
2026/07/17 10:21:51.112, 1192, 877, 165.72, 60, 60, 100, 14342, Not Active, Not Active, Not Active
2026/07/17 10:21:51.164, 1192, 877, 199.75, 60, 60, 100, 14342, Not Active, Not Active, Not Active
2026/07/17 10:21:51.216, 1192, 877, 196.74, 61, 60, 100, 14342, Not Active, Not Active, Not Active
2026/07/17 10:21:51.269, 1192, 877, 203.44, 61, 60, 100, 14342, Not Active, Not Active, Not Active
2026/07/17 10:21:51.322, 1192, 877, 200.36, 61, 60, 100, 14342, Not Active, Not Active, Not Active
2026/07/17 10:21:51.374, 1192, 877, 201.66, 61, 60, 100, 14342, Not Active, Not Active, Not Active
2026/07/17 10:21:51.431, 1192, 877, 207.88, 61, 60, 100, 14342, Not Active, Not Active, Not Active
2026/07/17 10:21:51.482, 1192, 877, 196.61, 61, 60, 100, 14342, Not Active, Not Active, Not Active
2026/07/17 10:21:51.534, 1192, 877, 200.09, 61, 60, 100, 14342, Not Active, Not Active, Not Active
2026/07/17 10:21:51.586, 1192, 877, 200.49, 61, 61, 100, 14342, Not Active, Not Active, Not Active
2026/07/17 10:21:51.638, 1192, 877, 202.00, 61, 60, 100, 14342, Not Active, Not Active, Not Active
2026/07/17 10:21:51.692, 1192, 877, 192.69, 61, 61, 100, 14342, Not Active, Not Active, Not Active
2026/07/17 10:21:51.744, 1192, 877, 191.13, 61, 61, 100, 14342, Not Active, Not Active, Not Active
2026/07/17 10:21:51.795, 1192, 877, 201.39, 61, 61, 100, 14342, Not Active, Not Active, Not Active
2026/07/17 10:21:51.848, 1192, 877, 198.92, 61, 61, 100, 14342, Not Active, Not Active, Not Active
2026/07/17 10:21:51.899, 1192, 877, 203.23, 61, 61, 100, 14342, Not Active, Not Active, Not Active
2026/07/17 10:21:51.953, 1192, 877, 206.45, 61, 61, 100, 14342, Not Active, Not Active, Not Active
2026/07/17 10:21:52.004, 1192, 877, 198.31, 61, 61, 100, 14342, Not Active, Not Active, Not Active
2026/07/17 10:21:52.056, 1192, 877, 202.82, 61, 61, 100, 14342, Not Active, Not Active, Not Active
2026/07/17 10:21:52.108, 1192, 877, 195.31, 61, 61, 100, 14342, Not Active, Not Active, Not Active
2026/07/17 10:21:52.170, 1192, 877, 203.10, 61, 61, 100, 14342, Not Active, Not Active, Not Active
2026/07/17 10:21:52.222, 1192, 877, 191.38, 61, 61, 100, 14342, Not Active, Not Active, Not Active
2026/07/17 10:21:52.277, 1192, 877, 195.92, 61, 61, 100, 14342, Not Active, Not Active, Not Active
2026/07/17 10:21:52.329, 1192, 877, 190.30, 61, 62, 100, 14342, Not Active, Not Active, Not Active
2026/07/17 10:21:52.381, 1192, 877, 188.86, 61, 61, 100, 14342, Not Active, Not Active, Not Active
2026/07/17 10:21:52.433, 1192, 877, 200.84, 62, 61, 100, 14342, Not Active, Not Active, Not Active
2026/07/17 10:21:52.484, 1192, 877, 204.53, 62, 61, 100, 14342, Not Active, Not Active, Not Active
2026/07/17 10:21:52.539, 1192, 877, 206.45, 62, 61, 100, 14342, Not Active, Not Active, Not Active
2026/07/17 10:21:52.591, 1192, 877, 200.70, 62, 61, 100, 14342, Not Active, Not Active, Not Active
2026/07/17 10:21:52.642, 1192, 877, 194.35, 62, 62, 100, 14342, Not Active, Not Active, Not Active
2026/07/17 10:21:52.698, 1192, 877, 208.84, 62, 61, 100, 14342, Not Active, Not Active, Not Active
2026/07/17 10:21:52.750, 1192, 877, 198.10, 62, 62, 100, 14342, Not Active, Not Active, Not Active
2026/07/17 10:21:52.802, 1192, 877, 197.83, 62, 62, 100, 14342, Not Active, Not Active, Not Active
2026/07/17 10:21:52.854, 1192, 877, 202.14, 62, 62, 100, 14342, Not Active, Not Active, Not Active
2026/07/17 10:21:52.906, 1192, 877, 177.96, 62, 62, 100, 14342, Not Active, Not Active, Not Active
2026/07/17 10:21:52.983, 1192, 877, 180.72, 62, 62, 100, 14342, Not Active, Not Active, Not Active
2026/07/17 10:21:53.035, 1192, 877, 202.75, 62, 62, 100, 14342, Not Active, Not Active, Not Active
2026/07/17 10:21:53.087, 1192, 877, 200.36, 62, 62, 100, 14342, Not Active, Not Active, Not Active
2026/07/17 10:21:53.139, 1192, 877, 191.13, 62, 62, 100, 14342, Not Active, Not Active, Not Active
2026/07/17 10:21:53.190, 1192, 877, 202.00, 62, 62, 100, 14342, Not Active, Not Active, Not Active
2026/07/17 10:21:53.247, 1192, 877, 186.11, 62, 62, 100, 14342, Not Active, Not Active, Not Active
2026/07/17 10:21:53.299, 1192, 877, 195.31, 62, 62, 100, 14342, Not Active, Not Active, Not Active
2026/07/17 10:21:53.350, 1192, 877, 204.05, 62, 62, 100, 14342, Not Active, Not Active, Not Active
2026/07/17 10:21:53.407, 1192, 877, 192.69, 62, 62, 100, 14342, Not Active, Not Active, Not Active
2026/07/17 10:21:53.459, 1192, 877, 203.71, 62, 62, 100, 14342, Not Active, Not Active, Not Active
2026/07/17 10:21:53.510, 1192, 877, 189.11, 62, 62, 100, 14342, Not Active, Not Active, Not Active
2026/07/17 10:21:53.563, 1192, 877, 186.47, 62, 62, 100, 14342, Not Active, Not Active, Not Active
2026/07/17 10:21:53.614, 1192, 877, 201.18, 62, 62, 100, 14342, Not Active, Not Active, Not Active
2026/07/17 10:21:53.668, 1192, 877, 186.11, 62, 62, 100, 14342, Not Active, Not Active, Not Active
2026/07/17 10:21:53.720, 1192, 877, 194.26, 62, 62, 100, 14342, Not Active, Not Active, Not Active
2026/07/17 10:21:53.772, 1192, 877, 202.62, 63, 62, 100, 14342, Not Active, Not Active, Not Active
2026/07/17 10:21:53.824, 1192, 877, 192.21, 63, 62, 100, 14342, Not Active, Not Active, Not Active
2026/07/17 10:21:53.876, 1192, 877, 200.23, 63, 62, 100, 14342, Not Active, Not Active, Not Active
2026/07/17 10:21:53.930, 1192, 877, 207.40, 63, 63, 100, 14342, Not Active, Not Active, Not Active
2026/07/17 10:21:53.982, 1192, 877, 195.35, 63, 63, 100, 14342, Not Active, Not Active, Not Active
2026/07/17 10:21:54.034, 1192, 877, 202.89, 63, 63, 100, 14342, Not Active, Not Active, Not Active
2026/07/17 10:21:54.090, 1192, 877, 192.91, 63, 63, 100, 14342, Not Active, Not Active, Not Active
2026/07/17 10:21:54.142, 1192, 877, 152.96, 63, 62, 100, 14342, Not Active, Not Active, Not Active
2026/07/17 10:21:54.194, 1192, 877, 200.70, 63, 62, 100, 14342, Not Active, Not Active, Not Active
2026/07/17 10:21:54.251, 1192, 877, 196.53, 63, 62, 100, 14342, Not Active, Not Active, Not Active
2026/07/17 10:21:54.303, 1192, 877, 200.84, 63, 63, 100, 14342, Not Active, Not Active, Not Active
2026/07/17 10:21:54.354, 1192, 877, 199.53, 63, 63, 100, 14342, Not Active, Not Active, Not Active
2026/07/17 10:21:54.411, 1192, 877, 196.74, 63, 63, 100, 14342, Not Active, Not Active, Not Active
2026/07/17 10:21:54.463, 1192, 877, 205.01, 63, 63, 100, 14342, Not Active, Not Active, Not Active
2026/07/17 10:21:54.515, 1192, 877, 190.65, 63, 63, 100, 14342, Not Active, Not Active, Not Active
2026/07/17 10:21:54.571, 1192, 877, 201.18, 63, 63, 100, 14342, Not Active, Not Active, Not Active
2026/07/17 10:21:54.623, 1192, 877, 205.69, 63, 63, 100, 14342, Not Active, Not Active, Not Active
2026/07/17 10:21:54.675, 1192, 877, 195.70, 63, 63, 100, 14342, Not Active, Not Active, Not Active
2026/07/17 10:21:54.726, 1192, 877, 200.23, 63, 63, 100, 14342, Not Active, Not Active, Not Active
2026/07/17 10:21:54.778, 1192, 877, 193.39, 63, 62, 100, 14342, Not Active, Not Active, Not Active
2026/07/17 10:21:54.832, 1192, 877, 198.71, 63, 63, 100, 14342, Not Active, Not Active, Not Active
2026/07/17 10:21:54.884, 1192, 877, 200.36, 64, 63, 100, 14342, Not Active, Not Active, Not Active
2026/07/17 10:21:54.936, 1192, 877, 206.79, 64, 63, 100, 14342, Not Active, Not Active, Not Active
2026/07/17 10:21:54.988, 1192, 877, 192.44, 64, 63, 100, 14342, Not Active, Not Active, Not Active
2026/07/17 10:21:55.040, 1192, 877, 205.63, 64, 63, 100, 14342, Not Active, Not Active, Not Active
2026/07/17 10:21:55.094, 1192, 877, 200.23, 64, 63, 100, 14342, Not Active, Not Active, Not Active
2026/07/17 10:21:55.146, 1192, 877, 199.75, 64, 64, 100, 14342, Not Active, Not Active, Not Active
2026/07/17 10:21:55.197, 1192, 877, 206.31, 64, 63, 100, 14342, Not Active, Not Active, Not Active
2026/07/17 10:21:55.255, 1192, 877, 194.61, 64, 63, 100, 14342, Not Active, Not Active, Not Active
2026/07/17 10:21:55.306, 1192, 877, 198.79, 64, 63, 100, 14342, Not Active, Not Active, Not Active
2026/07/17 10:21:55.358, 1192, 877, 198.31, 64, 64, 100, 14342, Not Active, Not Active, Not Active
2026/07/17 10:21:55.415, 1192, 877, 190.17, 64, 63, 100, 14342, Not Active, Not Active, Not Active
2026/07/17 10:21:55.467, 1192, 877, 198.44, 64, 63, 100, 14342, Not Active, Not Active, Not Active
2026/07/17 10:21:55.519, 1192, 877, 200.23, 64, 63, 100, 14342, Not Active, Not Active, Not Active
2026/07/17 10:21:55.576, 1192, 877, 196.26, 64, 64, 100, 14342, Not Active, Not Active, Not Active
2026/07/17 10:21:55.628, 1192, 877, 206.31, 64, 64, 100, 14342, Not Active, Not Active, Not Active
2026/07/17 10:21:55.680, 1192, 877, 189.34, 64, 64, 100, 14342, Not Active, Not Active, Not Active
2026/07/17 10:21:55.736, 1192, 877, 204.81, 64, 64, 100, 14342, Not Active, Not Active, Not Active
2026/07/17 10:21:55.788, 1192, 877, 207.88, 64, 64, 100, 14342, Not Active, Not Active, Not Active
2026/07/17 10:21:55.840, 1192, 877, 192.82, 64, 64, 100, 14342, Not Active, Not Active, Not Active
2026/07/17 10:21:55.892, 1192, 877, 197.83, 64, 63, 100, 14342, Not Active, Not Active, Not Active
2026/07/17 10:21:55.944, 1192, 877, 207.07, 64, 64, 100, 14342, Not Active, Not Active, Not Active
2026/07/17 10:21:55.997, 1192, 877, 190.20, 64, 64, 100, 14342, Not Active, Not Active, Not Active
2026/07/17 10:21:56.050, 1192, 877, 197.35, 64, 64, 100, 14342, Not Active, Not Active, Not Active
2026/07/17 10:21:56.102, 1192, 877, 210.14, 64, 64, 100, 14342, Not Active, Not Active, Not Active
2026/07/17 10:21:56.158, 1192, 877, 194.26, 64, 64, 100, 14342, Not Active, Not Active, Not Active
2026/07/17 10:21:56.210, 1192, 877, 198.79, 64, 64, 100, 14342, Not Active, Not Active, Not Active
2026/07/17 10:21:56.261, 1192, 877, 203.71, 65, 64, 100, 14342, Not Active, Not Active, Not Active
2026/07/17 10:21:56.319, 1192, 877, 192.57, 65, 64, 100, 14342, Not Active, Not Active, Not Active
2026/07/17 10:21:56.370, 1192, 877, 201.05, 65, 64, 100, 14342, Not Active, Not Active, Not Active
2026/07/17 10:21:56.422, 1192, 877, 186.59, 65, 64, 100, 14342, Not Active, Not Active, Not Active
2026/07/17 10:21:56.479, 1192, 877, 204.67, 65, 64, 100, 14342, Not Active, Not Active, Not Active
2026/07/17 10:21:56.531, 1192, 877, 201.18, 65, 64, 100, 14342, Not Active, Not Active, Not Active
2026/07/17 10:21:56.584, 1192, 877, 191.86, 65, 64, 100, 14342, Not Active, Not Active, Not Active
2026/07/17 10:21:56.639, 1192, 877, 147.48, 65, 64, 100, 14342, Not Active, Not Active, Not Active
2026/07/17 10:21:56.691, 1192, 877, 204.67, 65, 64, 100, 14342, Not Active, Not Active, Not Active
2026/07/17 10:21:56.742, 1192, 877, 204.67, 65, 64, 100, 14342, Not Active, Not Active, Not Active
2026/07/17 10:21:56.794, 1192, 877, 195.09, 65, 64, 100, 14342, Not Active, Not Active, Not Active
2026/07/17 10:21:56.846, 1192, 877, 205.49, 65, 64, 100, 14342, Not Active, Not Active, Not Active
2026/07/17 10:21:56.901, 1192, 877, 197.96, 65, 64, 100, 14342, Not Active, Not Active, Not Active
2026/07/17 10:21:56.953, 1192, 877, 196.05, 65, 64, 100, 14342, Not Active, Not Active, Not Active
2026/07/17 10:21:57.004, 1192, 877, 202.62, 65, 64, 100, 14342, Not Active, Not Active, Not Active
2026/07/17 10:21:57.057, 1192, 877, 201.32, 65, 65, 100, 14342, Not Active, Not Active, Not Active
2026/07/17 10:21:57.109, 1192, 877, 193.65, 65, 65, 100, 14342, Not Active, Not Active, Not Active
2026/07/17 10:21:57.162, 1192, 877, 206.11, 65, 65, 100, 14342, Not Active, Not Active, Not Active
2026/07/17 10:21:57.214, 1192, 877, 196.87, 65, 65, 100, 14342, Not Active, Not Active, Not Active
2026/07/17 10:21:57.266, 1192, 877, 139.69, 65, 65, 100, 14342, Not Active, Not Active, Not Active
2026/07/17 10:21:57.320, 1192, 877, 198.31, 65, 64, 100, 14342, Not Active, Not Active, Not Active
2026/07/17 10:21:57.372, 1192, 877, 208.56, 65, 65, 100, 14342, Not Active, Not Active, Not Active
2026/07/17 10:21:57.424, 1192, 877, 188.13, 65, 65, 100, 14342, Not Active, Not Active, Not Active
2026/07/17 10:21:57.476, 1192, 877, 199.75, 65, 65, 100, 14342, Not Active, Not Active, Not Active
2026/07/17 10:21:57.527, 1192, 877, 206.31, 65, 65, 100, 14342, Not Active, Not Active, Not Active
2026/07/17 10:21:57.584, 1192, 877, 193.17, 65, 65, 100, 14342, Not Active, Not Active, Not Active
2026/07/17 10:21:57.636, 1192, 877, 199.27, 65, 65, 100, 14342, Not Active, Not Active, Not Active
2026/07/17 10:21:57.689, 1192, 877, 202.00, 65, 65, 100, 14342, Not Active, Not Active, Not Active
2026/07/17 10:21:57.745, 1192, 877, 194.13, 66, 65, 100, 14342, Not Active, Not Active, Not Active
2026/07/17 10:21:57.797, 1192, 877, 209.94, 65, 65, 100, 14342, Not Active, Not Active, Not Active
2026/07/17 10:21:57.849, 1192, 877, 186.71, 66, 65, 100, 14342, Not Active, Not Active, Not Active
2026/07/17 10:21:57.906, 1192, 877, 135.36, 66, 65, 100, 14342, Not Active, Not Active, Not Active
2026/07/17 10:21:57.958, 1192, 877, 196.05, 65, 65, 100, 14342, Not Active, Not Active, Not Active
2026/07/17 10:21:58.010, 1192, 877, 209.66, 66, 65, 100, 14342, Not Active, Not Active, Not Active
2026/07/17 10:21:58.066, 1192, 877, 193.30, 66, 65, 100, 14342, Not Active, Not Active, Not Active
2026/07/17 10:21:58.118, 1192, 877, 198.66, 66, 65, 100, 14342, Not Active, Not Active, Not Active
2026/07/17 10:21:58.170, 1192, 877, 205.15, 66, 65, 100, 14342, Not Active, Not Active, Not Active
2026/07/17 10:21:58.227, 1192, 877, 191.74, 66, 65, 100, 14342, Not Active, Not Active, Not Active
2026/07/17 10:21:58.278, 1192, 877, 205.35, 66, 65, 100, 14342, Not Active, Not Active, Not Active
2026/07/17 10:21:58.330, 1192, 877, 193.65, 66, 65, 100, 14342, Not Active, Not Active, Not Active
2026/07/17 10:21:58.387, 1192, 877, 191.74, 66, 65, 100, 14342, Not Active, Not Active, Not Active
2026/07/17 10:21:58.439, 1192, 877, 203.58, 66, 65, 100, 14342, Not Active, Not Active, Not Active
2026/07/17 10:21:58.491, 1192, 877, 187.55, 66, 66, 100, 14342, Not Active, Not Active, Not Active
2026/07/17 10:21:58.548, 1192, 877, 139.21, 66, 66, 100, 14342, Not Active, Not Active, Not Active
2026/07/17 10:21:58.600, 1192, 877, 196.18, 66, 65, 100, 14342, Not Active, Not Active, Not Active
2026/07/17 10:21:58.651, 1192, 877, 205.22, 66, 65, 100, 14342, Not Active, Not Active, Not Active
2026/07/17 10:21:58.708, 1192, 877, 196.66, 66, 66, 100, 14342, Not Active, Not Active, Not Active
2026/07/17 10:21:58.760, 1192, 877, 197.96, 66, 66, 100, 14342, Not Active, Not Active, Not Active
2026/07/17 10:21:58.812, 1192, 877, 210.48, 66, 66, 100, 14342, Not Active, Not Active, Not Active
2026/07/17 10:21:58.869, 1192, 877, 191.99, 66, 66, 100, 14342, Not Active, Not Active, Not Active
2026/07/17 10:21:58.921, 1192, 877, 198.79, 66, 65, 100, 14342, Not Active, Not Active, Not Active
2026/07/17 10:21:58.972, 1192, 877, 207.40, 66, 66, 100, 14342, Not Active, Not Active, Not Active
2026/07/17 10:21:59.029, 1192, 877, 190.30, 66, 66, 100, 14342, Not Active, Not Active, Not Active
2026/07/17 10:21:59.081, 1192, 877, 200.57, 66, 66, 100, 14342, Not Active, Not Active, Not Active
2026/07/17 10:21:59.133, 1192, 877, 202.00, 66, 66, 100, 14342, Not Active, Not Active, Not Active
2026/07/17 10:21:59.190, 1192, 877, 190.55, 66, 66, 100, 14342, Not Active, Not Active, Not Active
2026/07/17 10:21:59.242, 1192, 877, 193.65, 66, 66, 100, 14342, Not Active, Not Active, Not Active
2026/07/17 10:21:59.294, 1192, 877, 202.14, 66, 66, 100, 14342, Not Active, Not Active, Not Active
2026/07/17 10:21:59.350, 1192, 877, 190.90, 66, 66, 100, 14342, Not Active, Not Active, Not Active
2026/07/17 10:21:59.402, 1192, 877, 193.43, 67, 66, 100, 14342, Not Active, Not Active, Not Active
2026/07/17 10:21:59.454, 1192, 877, 202.62, 66, 66, 100, 14342, Not Active, Not Active, Not Active
2026/07/17 10:21:59.511, 1192, 877, 200.84, 67, 66, 100, 14342, Not Active, Not Active, Not Active
2026/07/17 10:21:59.603, 1192, 877, 191.13, 67, 66, 100, 14342, Not Active, Not Active, Not Active
2026/07/17 10:21:59.655, 1192, 877, 205.01, 67, 66, 100, 14342, Not Active, Not Active, Not Active
2026/07/17 10:21:59.706, 1192, 877, 205.01, 67, 66, 100, 14342, Not Active, Not Active, Not Active
2026/07/17 10:21:59.758, 1192, 877, 190.43, 67, 66, 100, 14342, Not Active, Not Active, Not Active
2026/07/17 10:21:59.813, 1192, 877, 193.52, 67, 66, 100, 14342, Not Active, Not Active, Not Active
2026/07/17 10:21:59.865, 1192, 877, 190.30, 66, 66, 100, 14342, Not Active, Not Active, Not Active
2026/07/17 10:21:59.917, 1192, 877, 203.58, 67, 66, 100, 14342, Not Active, Not Active, Not Active
2026/07/17 10:21:59.969, 1192, 877, 185.51, 67, 66, 100, 14342, Not Active, Not Active, Not Active
2026/07/17 10:22:00.021, 1192, 877, 195.44, 67, 65, 100, 14342, Not Active, Not Active, Not Active
2026/07/17 10:22:00.075, 1192, 877, 206.11, 67, 66, 100, 14342, Not Active, Not Active, Not Active
2026/07/17 10:22:00.127, 1192, 877, 176.89, 67, 66, 100, 14342, Not Active, Not Active, Not Active
2026/07/17 10:22:00.179, 1192, 877, 194.48, 67, 66, 100, 14342, Not Active, Not Active, Not Active
2026/07/17 10:22:00.235, 1192, 877, 204.53, 67, 66, 100, 14342, Not Active, Not Active, Not Active
2026/07/17 10:22:00.287, 1192, 877, 175.68, 67, 66, 100, 14342, Not Active, Not Active, Not Active
2026/07/17 10:22:00.339, 1192, 877, 197.62, 67, 66, 100, 14342, Not Active, Not Active, Not Active
2026/07/17 10:22:00.391, 1192, 877, 204.40, 67, 66, 100, 14342, Not Active, Not Active, Not Active
2026/07/17 10:22:00.443, 1192, 877, 194.74, 67, 66, 100, 14342, Not Active, Not Active, Not Active
2026/07/17 10:22:00.497, 1192, 877, 160.07, 67, 67, 100, 14342, Not Active, Not Active, Not Active
2026/07/17 10:22:00.549, 1192, 877, 194.13, 67, 66, 100, 14342, Not Active, Not Active, Not Active
2026/07/17 10:22:00.601, 1192, 877, 200.70, 67, 66, 100, 14342, Not Active, Not Active, Not Active
2026/07/17 10:22:00.657, 1192, 877, 186.11, 67, 66, 100, 14342, Not Active, Not Active, Not Active
2026/07/17 10:22:00.709, 1192, 877, 186.47, 67, 66, 100, 14342, Not Active, Not Active, Not Active
2026/07/17 10:22:00.761, 1192, 877, 201.93, 67, 66, 100, 14342, Not Active, Not Active, Not Active
2026/07/17 10:22:00.813, 1192, 877, 205.01, 67, 67, 100, 14342, Not Active, Not Active, Not Active
2026/07/17 10:22:00.864, 1192, 877, 177.12, 67, 67, 100, 14342, Not Active, Not Active, Not Active
2026/07/17 10:22:00.917, 1192, 877, 196.53, 67, 66, 100, 14342, Not Active, Not Active, Not Active
2026/07/17 10:22:00.968, 1192, 877, 201.66, 67, 66, 100, 14342, Not Active, Not Active, Not Active
2026/07/17 10:22:01.020, 1192, 877, 197.96, 67, 67, 100, 14342, Not Active, Not Active, Not Active
2026/07/17 10:22:01.072, 1192, 877, 186.59, 67, 67, 100, 14342, Not Active, Not Active, Not Active
2026/07/17 10:22:01.124, 1192, 877, 122.28, 67, 66, 100, 14342, Not Active, Not Active, Not Active
2026/07/17 10:22:01.215, 1192, 877, 194.48, 67, 66, 100, 14342, Not Active, Not Active, Not Active
2026/07/17 10:22:01.267, 1192, 877, 207.27, 67, 67, 100, 14342, Not Active, Not Active, Not Active
2026/07/17 10:22:01.324, 1192, 877, 182.51, 67, 67, 100, 14342, Not Active, Not Active, Not Active
2026/07/17 10:22:01.376, 1192, 877, 199.75, 67, 67, 100, 14342, Not Active, Not Active, Not Active
2026/07/17 10:22:01.427, 1192, 877, 208.84, 67, 67, 100, 14342, Not Active, Not Active, Not Active
2026/07/17 10:22:01.484, 1192, 877, 177.12, 68, 67, 100, 14342, Not Active, Not Active, Not Active
2026/07/17 10:22:01.535, 1192, 877, 193.39, 67, 67, 100, 14342, Not Active, Not Active, Not Active
2026/07/17 10:22:01.587, 1192, 877, 205.97, 67, 67, 100, 14342, Not Active, Not Active, Not Active
2026/07/17 10:22:01.639, 1192, 877, 206.59, 68, 67, 100, 14342, Not Active, Not Active, Not Active
2026/07/17 10:22:01.691, 1192, 877, 182.28, 68, 67, 100, 14342, Not Active, Not Active, Not Active
2026/07/17 10:22:01.743, 1192, 877, 196.26, 68, 67, 100, 14342, Not Active, Not Active, Not Active
2026/07/17 10:22:01.795, 1192, 877, 197.70, 68, 67, 100, 14342, Not Active, Not Active, Not Active
2026/07/17 10:22:01.847, 1192, 877, 189.34, 67, 66, 100, 14342, Not Active, Not Active, Not Active
2026/07/17 10:22:01.899, 1192, 877, 186.11, 67, 67, 100, 14342, Not Active, Not Active, Not Active
2026/07/17 10:22:01.950, 1192, 877, 192.21, 68, 67, 100, 14342, Not Active, Not Active, Not Active
2026/07/17 10:22:02.005, 1192, 877, 200.91, 68, 67, 100, 14342, Not Active, Not Active, Not Active
2026/07/17 10:22:02.057, 1192, 877, 202.48, 68, 67, 100, 14342, Not Active, Not Active, Not Active
2026/07/17 10:22:02.109, 1192, 877, 181.56, 68, 67, 100, 14342, Not Active, Not Active, Not Active
2026/07/17 10:22:02.161, 1192, 877, 199.40, 68, 67, 100, 14342, Not Active, Not Active, Not Active
2026/07/17 10:22:02.213, 1192, 877, 203.58, 68, 67, 100, 14342, Not Active, Not Active, Not Active
2026/07/17 10:22:02.267, 1192, 877, 192.69, 68, 67, 100, 14342, Not Active, Not Active, Not Active
2026/07/17 10:22:02.319, 1192, 877, 187.42, 68, 67, 100, 14342, Not Active, Not Active, Not Active
2026/07/17 10:22:02.370, 1192, 877, 199.75, 68, 68, 100, 14342, Not Active, Not Active, Not Active
2026/07/17 10:22:02.427, 1192, 877, 201.66, 68, 67, 100, 14342, Not Active, Not Active, Not Active
2026/07/17 10:22:02.479, 1192, 877, 172.80, 68, 68, 100, 14342, Not Active, Not Active, Not Active
2026/07/17 10:22:02.531, 1192, 877, 176.04, 68, 67, 100, 14342, Not Active, Not Active, Not Active
2026/07/17 10:22:02.583, 1192, 877, 199.27, 68, 67, 100, 14342, Not Active, Not Active, Not Active
2026/07/17 10:22:02.635, 1192, 877, 201.80, 68, 67, 100, 14342, Not Active, Not Active, Not Active
2026/07/17 10:22:02.689, 1192, 877, 188.51, 68, 67, 100, 14342, Not Active, Not Active, Not Active
2026/07/17 10:22:02.741, 1192, 877, 184.67, 68, 68, 100, 14342, Not Active, Not Active, Not Active
2026/07/17 10:22:02.792, 1192, 877, 203.71, 68, 67, 100, 14342, Not Active, Not Active, Not Active
2026/07/17 10:22:02.849, 1192, 877, 207.27, 68, 68, 100, 14342, Not Active, Not Active, Not Active
2026/07/17 10:22:02.901, 1192, 877, 176.04, 68, 68, 100, 14342, Not Active, Not Active, Not Active
2026/07/17 10:22:02.952, 1192, 877, 196.18, 68, 68, 100, 14342, Not Active, Not Active, Not Active
2026/07/17 10:22:03.005, 1192, 877, 200.84, 68, 67, 100, 14342, Not Active, Not Active, Not Active
2026/07/17 10:22:03.056, 1192, 877, 202.75, 68, 68, 100, 14342, Not Active, Not Active, Not Active
2026/07/17 10:22:03.111, 1192, 877, 180.36, 68, 68, 100, 14342, Not Active, Not Active, Not Active
2026/07/17 10:22:03.162, 1192, 877, 126.78, 68, 68, 100, 14342, Not Active, Not Active, Not Active
2026/07/17 10:22:03.214, 1192, 877, 199.40, 68, 68, 100, 14342, Not Active, Not Active, Not Active
2026/07/17 10:22:03.270, 1192, 877, 205.01, 68, 68, 100, 14342, Not Active, Not Active, Not Active
2026/07/17 10:22:03.322, 1192, 877, 169.08, 68, 68, 100, 14342, Not Active, Not Active, Not Active
2026/07/17 10:22:03.374, 1192, 877, 188.63, 68, 68, 100, 14342, Not Active, Not Active, Not Active
2026/07/17 10:22:03.426, 1192, 877, 202.14, 68, 67, 100, 14342, Not Active, Not Active, Not Active
2026/07/17 10:22:03.478, 1192, 877, 202.82, 68, 68, 100, 14342, Not Active, Not Active, Not Active
2026/07/17 10:22:03.532, 1192, 877, 174.61, 68, 68, 100, 14342, Not Active, Not Active, Not Active
2026/07/17 10:22:03.583, 1192, 877, 197.14, 68, 68, 100, 14342, Not Active, Not Active, Not Active
2026/07/17 10:22:03.635, 1192, 877, 199.27, 68, 68, 100, 14342, Not Active, Not Active, Not Active
2026/07/17 10:22:03.692, 1192, 877, 194.74, 69, 68, 100, 14342, Not Active, Not Active, Not Active
2026/07/17 10:22:03.744, 1192, 877, 181.55, 68, 68, 100, 14342, Not Active, Not Active, Not Active
2026/07/17 10:22:03.796, 1192, 877, 199.40, 68, 68, 100, 14342, Not Active, Not Active, Not Active
2026/07/17 10:22:03.852, 1192, 877, 180.24, 68, 68, 100, 14342, Not Active, Not Active, Not Active
2026/07/17 10:22:03.904, 1192, 877, 202.82, 68, 68, 100, 14342, Not Active, Not Active, Not Active
2026/07/17 10:22:03.956, 1192, 877, 171.96, 68, 68, 100, 14342, Not Active, Not Active, Not Active
2026/07/17 10:22:04.008, 1192, 877, 189.34, 69, 68, 100, 14342, Not Active, Not Active, Not Active
2026/07/17 10:22:04.060, 1192, 877, 200.23, 69, 68, 100, 14342, Not Active, Not Active, Not Active
2026/07/17 10:22:04.113, 1192, 877, 207.74, 69, 68, 100, 14342, Not Active, Not Active, Not Active
2026/07/17 10:22:04.165, 1192, 877, 168.97, 69, 68, 100, 14342, Not Active, Not Active, Not Active
2026/07/17 10:22:04.217, 1192, 877, 184.91, 69, 68, 100, 14342, Not Active, Not Active, Not Active
2026/07/17 10:22:04.269, 1192, 877, 204.53, 69, 68, 100, 14342, Not Active, Not Active, Not Active
2026/07/17 10:22:04.321, 1192, 877, 208.36, 69, 68, 100, 14342, Not Active, Not Active, Not Active
2026/07/17 10:22:04.375, 1192, 877, 168.12, 69, 68, 100, 14342, Not Active, Not Active, Not Active
2026/07/17 10:22:04.427, 1192, 877, 190.43, 69, 68, 100, 14342, Not Active, Not Active, Not Active
2026/07/17 10:22:04.478, 1192, 877, 198.66, 69, 68, 100, 14342, Not Active, Not Active, Not Active
2026/07/17 10:22:04.535, 1192, 877, 185.99, 68, 68, 100, 14342, Not Active, Not Active, Not Active
2026/07/17 10:22:04.587, 1192, 877, 207.88, 69, 68, 100, 14342, Not Active, Not Active, Not Active
2026/07/17 10:22:04.638, 1192, 877, 171.73, 69, 68, 100, 14342, Not Active, Not Active, Not Active
2026/07/17 10:22:04.690, 1192, 877, 189.69, 69, 68, 100, 14342, Not Active, Not Active, Not Active
2026/07/17 10:22:04.742, 1192, 877, 200.23, 69, 68, 100, 14342, Not Active, Not Active, Not Active
2026/07/17 10:22:04.796, 1192, 877, 206.93, 69, 68, 100, 14342, Not Active, Not Active, Not Active
2026/07/17 10:22:04.848, 1192, 877, 167.64, 69, 69, 100, 14342, Not Active, Not Active, Not Active
2026/07/17 10:22:04.899, 1192, 877, 197.62, 69, 68, 100, 14342, Not Active, Not Active, Not Active
2026/07/17 10:22:04.956, 1192, 877, 199.48, 69, 68, 100, 14342, Not Active, Not Active, Not Active
2026/07/17 10:22:05.007, 1192, 877, 209.32, 69, 69, 100, 14342, Not Active, Not Active, Not Active
2026/07/17 10:22:05.059, 1192, 877, 178.68, 69, 69, 100, 14342, Not Active, Not Active, Not Active
2026/07/17 10:22:05.111, 1192, 877, 193.52, 69, 69, 100, 14342, Not Active, Not Active, Not Active
2026/07/17 10:22:05.163, 1192, 877, 198.18, 69, 68, 100, 14342, Not Active, Not Active, Not Active
2026/07/17 10:22:05.217, 1192, 877, 187.20, 69, 67, 100, 14342, Not Active, Not Active, Not Active
2026/07/17 10:22:05.269, 1192, 877, 205.49, 69, 68, 100, 14342, Not Active, Not Active, Not Active
2026/07/17 10:22:05.320, 1192, 877, 166.46, 69, 68, 100, 14342, Not Active, Not Active, Not Active
2026/07/17 10:22:05.372, 1192, 877, 190.90, 69, 69, 100, 14342, Not Active, Not Active, Not Active
2026/07/17 10:22:05.424, 1192, 877, 205.83, 69, 68, 100, 14342, Not Active, Not Active, Not Active
2026/07/17 10:22:05.478, 1192, 877, 202.96, 69, 69, 100, 14342, Not Active, Not Active, Not Active
2026/07/17 10:22:05.530, 1192, 877, 171.96, 69, 69, 100, 14342, Not Active, Not Active, Not Active
2026/07/17 10:22:05.582, 1192, 877, 189.69, 69, 69, 100, 14342, Not Active, Not Active, Not Active
2026/07/17 10:22:05.638, 1192, 877, 202.48, 69, 68, 100, 14342, Not Active, Not Active, Not Active
2026/07/17 10:22:05.690, 1192, 877, 202.62, 69, 69, 100, 14342, Not Active, Not Active, Not Active
2026/07/17 10:22:05.742, 1192, 877, 172.92, 69, 69, 100, 14342, Not Active, Not Active, Not Active
2026/07/17 10:22:05.794, 1192, 877, 182.88, 69, 69, 100, 14342, Not Active, Not Active, Not Active
2026/07/17 10:22:05.846, 1192, 877, 197.22, 69, 69, 100, 14342, Not Active, Not Active, Not Active
2026/07/17 10:22:05.900, 1192, 877, 180.60, 69, 68, 100, 14342, Not Active, Not Active, Not Active
2026/07/17 10:22:05.952, 1192, 877, 205.35, 69, 69, 100, 14342, Not Active, Not Active, Not Active
2026/07/17 10:22:06.004, 1192, 877, 168.60, 69, 69, 100, 14342, Not Active, Not Active, Not Active
2026/07/17 10:22:06.060, 1192, 877, 184.91, 69, 68, 100, 14342, Not Active, Not Active, Not Active
2026/07/17 10:22:06.111, 1192, 877, 196.40, 69, 69, 100, 14342, Not Active, Not Active, Not Active
2026/07/17 10:22:06.163, 1192, 877, 205.15, 69, 69, 100, 14342, Not Active, Not Active, Not Active
2026/07/17 10:22:06.215, 1192, 877, 189.95, 70, 69, 100, 14342, Not Active, Not Active, Not Active
2026/07/17 10:22:06.267, 1192, 877, 178.92, 69, 69, 100, 14342, Not Active, Not Active, Not Active
2026/07/17 10:22:06.319, 1192, 877, 199.88, 70, 69, 100, 14342, Not Active, Not Active, Not Active
2026/07/17 10:22:06.371, 1192, 877, 202.75, 69, 69, 100, 14342, Not Active, Not Active, Not Active
2026/07/17 10:22:06.423, 1192, 877, 207.40, 70, 69, 100, 14342, Not Active, Not Active, Not Active
2026/07/17 10:22:06.475, 1192, 877, 164.39, 69, 69, 100, 14342, Not Active, Not Active, Not Active
2026/07/17 10:22:06.527, 1192, 877, 190.07, 70, 69, 100, 14342, Not Active, Not Active, Not Active
2026/07/17 10:22:06.581, 1192, 877, 145.56, 69, 68, 100, 14342, Not Active, Not Active, Not Active
2026/07/17 10:22:06.633, 1192, 877, 196.40, 69, 68, 100, 14342, Not Active, Not Active, Not Active
2026/07/17 10:22:06.684, 1192, 877, 203.10, 70, 69, 100, 14342, Not Active, Not Active, Not Active
2026/07/17 10:22:06.736, 1192, 877, 189.95, 70, 69, 100, 14342, Not Active, Not Active, Not Active
2026/07/17 10:22:06.788, 1192, 877, 180.72, 70, 69, 100, 14342, Not Active, Not Active, Not Active
2026/07/17 10:22:06.841, 1192, 877, 197.01, 70, 69, 100, 14342, Not Active, Not Active, Not Active
2026/07/17 10:22:06.893, 1192, 877, 203.10, 70, 69, 100, 14342, Not Active, Not Active, Not Active
2026/07/17 10:22:06.945, 1192, 877, 204.40, 70, 69, 100, 14342, Not Active, Not Active, Not Active
2026/07/17 10:22:06.997, 1192, 877, 170.52, 70, 69, 100, 14342, Not Active, Not Active, Not Active
2026/07/17 10:22:07.048, 1192, 877, 186.59, 70, 70, 100, 14342, Not Active, Not Active, Not Active
2026/07/17 10:22:07.103, 1192, 877, 197.96, 70, 69, 100, 14342, Not Active, Not Active, Not Active
2026/07/17 10:22:07.155, 1192, 877, 203.10, 70, 69, 100, 14342, Not Active, Not Active, Not Active
2026/07/17 10:22:07.206, 1192, 877, 192.34, 70, 70, 100, 14342, Not Active, Not Active, Not Active
2026/07/17 10:22:07.258, 1192, 877, 176.89, 70, 69, 100, 14342, Not Active, Not Active, Not Active
2026/07/17 10:22:07.310, 1192, 877, 165.24, 69, 69, 100, 14342, Not Active, Not Active, Not Active
2026/07/17 10:22:07.363, 1192, 877, 188.26, 70, 69, 100, 14342, Not Active, Not Active, Not Active
2026/07/17 10:22:07.414, 1192, 877, 197.83, 70, 69, 100, 14342, Not Active, Not Active, Not Active
2026/07/17 10:22:07.466, 1192, 877, 199.61, 70, 69, 100, 14342, Not Active, Not Active, Not Active
2026/07/17 10:22:07.518, 1192, 877, 195.09, 70, 70, 100, 14342, Not Active, Not Active, Not Active
2026/07/17 10:22:07.570, 1192, 877, 184.19, 70, 70, 100, 14342, Not Active, Not Active, Not Active
2026/07/17 10:22:07.625, 1192, 877, 192.44, 70, 70, 100, 14342, Not Active, Not Active, Not Active
2026/07/17 10:22:07.676, 1192, 877, 199.61, 70, 69, 100, 14342, Not Active, Not Active, Not Active
2026/07/17 10:22:07.728, 1192, 877, 203.92, 70, 69, 100, 14342, Not Active, Not Active, Not Active
2026/07/17 10:22:07.780, 1192, 877, 178.08, 70, 70, 100, 14342, Not Active, Not Active, Not Active
2026/07/17 10:22:07.832, 1192, 877, 183.24, 70, 70, 100, 14342, Not Active, Not Active, Not Active
2026/07/17 10:22:07.886, 1192, 877, 196.53, 70, 69, 100, 14342, Not Active, Not Active, Not Active
2026/07/17 10:22:07.938, 1192, 877, 198.79, 70, 69, 100, 14342, Not Active, Not Active, Not Active
2026/07/17 10:22:07.989, 1192, 877, 189.59, 69, 69, 100, 14342, Not Active, Not Active, Not Active
2026/07/17 10:22:08.041, 1192, 877, 204.53, 70, 70, 100, 14342, Not Active, Not Active, Not Active
2026/07/17 10:22:08.093, 1192, 877, 164.87, 70, 70, 100, 14342, Not Active, Not Active, Not Active
2026/07/17 10:22:08.148, 1192, 877, 184.07, 70, 70, 100, 14342, Not Active, Not Active, Not Active
2026/07/17 10:22:08.199, 1192, 877, 196.53, 70, 69, 100, 14342, Not Active, Not Active, Not Active
2026/07/17 10:22:08.251, 1192, 877, 201.66, 70, 69, 100, 14342, Not Active, Not Active, Not Active
2026/07/17 10:22:08.303, 1192, 877, 199.75, 70, 70, 100, 14342, Not Active, Not Active, Not Active
2026/07/17 10:22:08.355, 1192, 877, 165.24, 70, 70, 100, 14342, Not Active, Not Active, Not Active
2026/07/17 10:22:08.408, 1192, 877, 190.43, 70, 70, 100, 14342, Not Active, Not Active, Not Active
2026/07/17 10:22:08.459, 1192, 877, 195.09, 70, 69, 100, 14342, Not Active, Not Active, Not Active
2026/07/17 10:22:08.511, 1192, 877, 199.88, 70, 70, 100, 14342, Not Active, Not Active, Not Active
2026/07/17 10:22:08.563, 1192, 877, 200.70, 70, 70, 100, 14342, Not Active, Not Active, Not Active
2026/07/17 10:22:08.615, 1192, 877, 167.16, 70, 70, 100, 14342, Not Active, Not Active, Not Active
2026/07/17 10:22:08.668, 1192, 877, 137.77, 70, 70, 100, 14342, Not Active, Not Active, Not Active
2026/07/17 10:22:08.720, 1192, 877, 183.11, 70, 70, 100, 14342, Not Active, Not Active, Not Active
2026/07/17 10:22:08.772, 1192, 877, 195.57, 70, 69, 100, 14342, Not Active, Not Active, Not Active
2026/07/17 10:22:08.824, 1192, 877, 199.13, 70, 69, 100, 14342, Not Active, Not Active, Not Active
2026/07/17 10:22:08.876, 1192, 877, 194.13, 70, 70, 100, 14342, Not Active, Not Active, Not Active
2026/07/17 10:22:08.932, 1192, 877, 176.41, 70, 70, 100, 14342, Not Active, Not Active, Not Active
2026/07/17 10:22:08.984, 1192, 877, 194.61, 70, 70, 100, 14342, Not Active, Not Active, Not Active
2026/07/17 10:22:09.036, 1192, 877, 205.49, 70, 69, 100, 14342, Not Active, Not Active, Not Active
2026/07/17 10:22:09.092, 1192, 877, 209.80, 70, 70, 100, 14342, Not Active, Not Active, Not Active
2026/07/17 10:22:09.143, 1192, 877, 175.80, 70, 70, 100, 14342, Not Active, Not Active, Not Active
2026/07/17 10:22:09.195, 1192, 877, 185.15, 70, 70, 100, 14342, Not Active, Not Active, Not Active
2026/07/17 10:22:09.251, 1192, 877, 193.52, 70, 69, 100, 14342, Not Active, Not Active, Not Active
2026/07/17 10:22:09.303, 1192, 877, 199.88, 70, 69, 100, 14342, Not Active, Not Active, Not Active
2026/07/17 10:22:09.355, 1192, 877, 205.01, 71, 70, 100, 14342, Not Active, Not Active, Not Active
2026/07/17 10:22:09.407, 1192, 877, 201.66, 70, 70, 100, 14342, Not Active, Not Active, Not Active
2026/07/17 10:22:09.458, 1192, 877, 169.08, 70, 70, 100, 14342, Not Active, Not Active, Not Active
2026/07/17 10:22:09.512, 1192, 877, 179.28, 70, 70, 100, 14342, Not Active, Not Active, Not Active
2026/07/17 10:22:09.564, 1192, 877, 198.31, 70, 69, 100, 14342, Not Active, Not Active, Not Active
2026/07/17 10:22:09.616, 1192, 877, 199.61, 70, 69, 100, 14342, Not Active, Not Active, Not Active
2026/07/17 10:22:09.668, 1192, 877, 204.26, 70, 70, 100, 14342, Not Active, Not Active, Not Active
2026/07/17 10:22:09.720, 1192, 877, 180.48, 71, 70, 100, 14342, Not Active, Not Active, Not Active
2026/07/17 10:22:09.774, 1192, 877, 174.72, 70, 70, 100, 14342, Not Active, Not Active, Not Active
2026/07/17 10:22:09.825, 1192, 877, 194.74, 71, 70, 100, 14342, Not Active, Not Active, Not Active
2026/07/17 10:22:09.877, 1192, 877, 200.70, 71, 70, 100, 14342, Not Active, Not Active, Not Active
2026/07/17 10:22:09.929, 1192, 877, 201.87, 71, 70, 100, 14342, Not Active, Not Active, Not Active
2026/07/17 10:22:09.981, 1192, 877, 180.36, 71, 70, 100, 14342, Not Active, Not Active, Not Active
2026/07/17 10:22:10.037, 1192, 877, 182.28, 71, 70, 100, 14342, Not Active, Not Active, Not Active
2026/07/17 10:22:10.089, 1192, 877, 131.99, 71, 70, 100, 14342, Not Active, Not Active, Not Active
2026/07/17 10:22:10.141, 1192, 877, 191.86, 70, 69, 100, 14342, Not Active, Not Active, Not Active
2026/07/17 10:22:10.196, 1192, 877, 196.74, 71, 70, 100, 14342, Not Active, Not Active, Not Active
2026/07/17 10:22:10.248, 1192, 877, 204.67, 71, 70, 100, 14342, Not Active, Not Active, Not Active
2026/07/17 10:22:10.300, 1192, 877, 197.48, 71, 70, 100, 14342, Not Active, Not Active, Not Active
2026/07/17 10:22:10.352, 1192, 877, 162.84, 71, 70, 100, 14342, Not Active, Not Active, Not Active
2026/07/17 10:22:10.404, 1192, 877, 183.11, 71, 71, 100, 14342, Not Active, Not Active, Not Active
2026/07/17 10:22:10.457, 1192, 877, 197.62, 71, 69, 100, 14342, Not Active, Not Active, Not Active
2026/07/17 10:22:10.508, 1192, 877, 203.44, 71, 70, 100, 14342, Not Active, Not Active, Not Active
2026/07/17 10:22:10.560, 1192, 877, 208.36, 71, 70, 100, 14342, Not Active, Not Active, Not Active
2026/07/17 10:22:10.612, 1192, 877, 181.92, 71, 71, 100, 14342, Not Active, Not Active, Not Active
2026/07/17 10:22:10.664, 1192, 877, 175.09, 71, 70, 100, 14342, Not Active, Not Active, Not Active
2026/07/17 10:22:10.717, 1192, 877, 189.21, 71, 70, 100, 14342, Not Active, Not Active, Not Active
2026/07/17 10:22:10.769, 1192, 877, 198.31, 71, 70, 100, 14342, Not Active, Not Active, Not Active
2026/07/17 10:22:10.820, 1192, 877, 169.45, 70, 69, 100, 14342, Not Active, Not Active, Not Active
2026/07/17 10:22:10.872, 1192, 877, 199.13, 71, 70, 100, 14342, Not Active, Not Active, Not Active
2026/07/17 10:22:10.924, 1192, 877, 193.04, 71, 71, 100, 14342, Not Active, Not Active, Not Active
2026/07/17 10:22:10.980, 1192, 877, 163.32, 71, 71, 100, 14342, Not Active, Not Active, Not Active
2026/07/17 10:22:11.031, 1192, 877, 180.72, 71, 70, 100, 14342, Not Active, Not Active, Not Active
2026/07/17 10:22:11.083, 1192, 877, 197.70, 71, 70, 100, 14342, Not Active, Not Active, Not Active
2026/07/17 10:22:11.141, 1192, 877, 206.79, 71, 70, 100, 14342, Not Active, Not Active, Not Active
2026/07/17 10:22:11.192, 1192, 877, 201.66, 71, 71, 100, 14342, Not Active, Not Active, Not Active
2026/07/17 10:22:11.244, 1192, 877, 161.99, 71, 71, 100, 14342, Not Active, Not Active, Not Active
2026/07/17 10:22:11.296, 1192, 877, 177.84, 71, 71, 100, 14342, Not Active, Not Active, Not Active
2026/07/17 10:22:11.348, 1192, 877, 199.53, 71, 70, 100, 14342, Not Active, Not Active, Not Active
2026/07/17 10:22:11.402, 1192, 877, 203.58, 71, 70, 100, 14342, Not Active, Not Active, Not Active
2026/07/17 10:22:11.453, 1192, 877, 205.01, 71, 71, 100, 14342, Not Active, Not Active, Not Active
2026/07/17 10:22:11.505, 1192, 877, 186.59, 71, 70, 100, 14342, Not Active, Not Active, Not Active
2026/07/17 10:22:11.557, 1192, 877, 190.90, 71, 70, 100, 14342, Not Active, Not Active, Not Active
2026/07/17 10:22:11.609, 1192, 877, 157.18, 71, 71, 100, 14342, Not Active, Not Active, Not Active
2026/07/17 10:22:11.662, 1192, 877, 183.96, 71, 71, 100, 14342, Not Active, Not Active, Not Active
2026/07/17 10:22:11.714, 1192, 877, 197.83, 71, 70, 100, 14342, Not Active, Not Active, Not Active
2026/07/17 10:22:11.765, 1192, 877, 207.07, 71, 70, 100, 14342, Not Active, Not Active, Not Active
2026/07/17 10:22:11.817, 1192, 877, 203.58, 71, 70, 100, 14342, Not Active, Not Active, Not Active
2026/07/17 10:22:11.869, 1192, 877, 181.80, 71, 71, 100, 14342, Not Active, Not Active, Not Active
2026/07/17 10:22:11.925, 1192, 877, 170.29, 71, 71, 100, 14342, Not Active, Not Active, Not Active
2026/07/17 10:22:11.977, 1192, 877, 181.68, 71, 71, 100, 14342, Not Active, Not Active, Not Active
2026/07/17 10:22:12.028, 1192, 877, 193.04, 71, 70, 100, 14342, Not Active, Not Active, Not Active
2026/07/17 10:22:12.080, 1192, 877, 202.96, 71, 71, 100, 14342, Not Active, Not Active, Not Active
2026/07/17 10:22:12.132, 1192, 877, 205.83, 71, 71, 100, 14342, Not Active, Not Active, Not Active
2026/07/17 10:22:12.187, 1192, 877, 173.28, 71, 71, 100, 14342, Not Active, Not Active, Not Active
2026/07/17 10:22:12.239, 1192, 877, 176.64, 71, 71, 100, 14342, Not Active, Not Active, Not Active
2026/07/17 10:22:12.290, 1192, 877, 168.60, 71, 70, 100, 14342, Not Active, Not Active, Not Active
2026/07/17 10:22:12.345, 1192, 877, 190.30, 71, 70, 100, 14342, Not Active, Not Active, Not Active
2026/07/17 10:22:12.397, 1192, 877, 194.61, 71, 70, 100, 14342, Not Active, Not Active, Not Active
2026/07/17 10:22:12.449, 1192, 877, 200.09, 71, 71, 100, 14342, Not Active, Not Active, Not Active
2026/07/17 10:22:12.500, 1192, 877, 211.09, 71, 71, 100, 14342, Not Active, Not Active, Not Active
2026/07/17 10:22:12.552, 1192, 877, 166.20, 71, 71, 100, 14342, Not Active, Not Active, Not Active
2026/07/17 10:22:12.608, 1192, 877, 182.40, 71, 71, 100, 14342, Not Active, Not Active, Not Active
2026/07/17 10:22:12.660, 1192, 877, 196.87, 71, 70, 100, 14342, Not Active, Not Active, Not Active
2026/07/17 10:22:12.711, 1192, 877, 197.83, 71, 70, 100, 14342, Not Active, Not Active, Not Active
2026/07/17 10:22:12.763, 1192, 877, 202.62, 71, 71, 100, 14342, Not Active, Not Active, Not Active
2026/07/17 10:22:12.815, 1192, 877, 196.40, 71, 71, 100, 14342, Not Active, Not Active, Not Active
2026/07/17 10:22:12.870, 1192, 877, 157.56, 72, 71, 100, 14342, Not Active, Not Active, Not Active
2026/07/17 10:22:12.922, 1192, 877, 179.52, 71, 71, 100, 14342, Not Active, Not Active, Not Active
2026/07/17 10:22:12.974, 1192, 877, 131.51, 71, 70, 100, 14342, Not Active, Not Active, Not Active
2026/07/17 10:22:13.027, 1192, 877, 179.76, 71, 71, 100, 14342, Not Active, Not Active, Not Active
2026/07/17 10:22:13.078, 1192, 877, 198.92, 71, 70, 100, 14342, Not Active, Not Active, Not Active
2026/07/17 10:22:13.131, 1192, 877, 200.70, 71, 70, 100, 14342, Not Active, Not Active, Not Active
2026/07/17 10:22:13.183, 1192, 877, 201.53, 71, 71, 100, 14342, Not Active, Not Active, Not Active
2026/07/17 10:22:13.235, 1192, 877, 196.53, 71, 71, 100, 14342, Not Active, Not Active, Not Active
2026/07/17 10:22:13.286, 1192, 877, 164.39, 72, 71, 100, 14342, Not Active, Not Active, Not Active
2026/07/17 10:22:13.338, 1192, 877, 178.92, 71, 71, 100, 14342, Not Active, Not Active, Not Active
2026/07/17 10:22:13.391, 1192, 877, 194.13, 72, 71, 100, 14342, Not Active, Not Active, Not Active
2026/07/17 10:22:13.443, 1192, 877, 198.18, 71, 71, 100, 14342, Not Active, Not Active, Not Active
2026/07/17 10:22:13.495, 1192, 877, 202.14, 72, 71, 100, 14342, Not Active, Not Active, Not Active
2026/07/17 10:22:13.547, 1192, 877, 206.79, 72, 71, 100, 14342, Not Active, Not Active, Not Active
2026/07/17 10:22:13.598, 1192, 877, 176.04, 71, 71, 100, 14342, Not Active, Not Active, Not Active
2026/07/17 10:22:13.663, 1192, 877, 191.86, 72, 71, 100, 14342, Not Active, Not Active, Not Active
2026/07/17 10:22:13.718, 1192, 877, 159.96, 71, 70, 100, 14342, Not Active, Not Active, Not Active
2026/07/17 10:22:13.770, 1192, 877, 198.79, 71, 70, 100, 14342, Not Active, Not Active, Not Active
2026/07/17 10:22:13.822, 1192, 877, 202.14, 72, 71, 100, 14342, Not Active, Not Active, Not Active
2026/07/17 10:22:13.874, 1192, 877, 211.24, 72, 71, 100, 14342, Not Active, Not Active, Not Active
2026/07/17 10:22:13.926, 1192, 877, 172.44, 72, 71, 100, 14342, Not Active, Not Active, Not Active
2026/07/17 10:22:13.979, 1192, 877, 177.24, 72, 71, 100, 14342, Not Active, Not Active, Not Active
2026/07/17 10:22:14.031, 1192, 877, 182.76, 72, 71, 100, 14342, Not Active, Not Active, Not Active
2026/07/17 10:22:14.083, 1192, 877, 195.57, 72, 71, 100, 14342, Not Active, Not Active, Not Active
2026/07/17 10:22:14.134, 1192, 877, 200.23, 72, 71, 100, 14342, Not Active, Not Active, Not Active
2026/07/17 10:22:14.186, 1192, 877, 208.36, 72, 71, 100, 14342, Not Active, Not Active, Not Active
2026/07/17 10:22:14.242, 1192, 877, 184.19, 72, 71, 100, 14342, Not Active, Not Active, Not Active
2026/07/17 10:22:14.293, 1192, 877, 157.46, 72, 71, 100, 14342, Not Active, Not Active, Not Active
2026/07/17 10:22:14.345, 1192, 877, 185.51, 72, 70, 100, 14342, Not Active, Not Active, Not Active
2026/07/17 10:22:14.401, 1192, 877, 192.44, 72, 71, 100, 14342, Not Active, Not Active, Not Active
2026/07/17 10:22:14.453, 1192, 877, 149.88, 71, 71, 100, 14342, Not Active, Not Active, Not Active
2026/07/17 10:22:14.504, 1192, 877, 198.92, 72, 71, 100, 14342, Not Active, Not Active, Not Active
2026/07/17 10:22:14.556, 1192, 877, 204.53, 72, 71, 100, 14342, Not Active, Not Active, Not Active
2026/07/17 10:22:14.608, 1192, 877, 190.30, 72, 72, 100, 14342, Not Active, Not Active, Not Active
2026/07/17 10:22:14.666, 1192, 877, 154.30, 72, 71, 100, 14342, Not Active, Not Active, Not Active
2026/07/17 10:22:14.718, 1192, 877, 179.04, 72, 71, 100, 14342, Not Active, Not Active, Not Active
2026/07/17 10:22:14.770, 1192, 877, 195.70, 72, 72, 100, 14342, Not Active, Not Active, Not Active
2026/07/17 10:22:14.825, 1192, 877, 200.70, 72, 71, 100, 14342, Not Active, Not Active, Not Active
2026/07/17 10:22:14.877, 1192, 877, 202.62, 72, 71, 100, 14342, Not Active, Not Active, Not Active
2026/07/17 10:22:14.928, 1192, 877, 208.84, 72, 71, 100, 14342, Not Active, Not Active, Not Active
2026/07/17 10:22:14.980, 1192, 877, 185.15, 72, 71, 100, 14342, Not Active, Not Active, Not Active
2026/07/17 10:22:15.032, 1192, 877, 161.88, 72, 72, 100, 14342, Not Active, Not Active, Not Active
2026/07/17 10:22:15.085, 1192, 877, 178.92, 72, 71, 100, 14342, Not Active, Not Active, Not Active
2026/07/17 10:22:15.136, 1192, 877, 191.61, 72, 72, 100, 14342, Not Active, Not Active, Not Active
2026/07/17 10:22:15.188, 1192, 877, 128.62, 72, 72, 100, 14342, Not Active, Not Active, Not Active
2026/07/17 10:22:15.240, 1192, 877, 194.00, 72, 71, 100, 14342, Not Active, Not Active, Not Active
2026/07/17 10:22:15.292, 1192, 877, 199.00, 72, 71, 100, 14342, Not Active, Not Active, Not Active
2026/07/17 10:22:15.343, 1192, 877, 201.53, 72, 72, 100, 14342, Not Active, Not Active, Not Active
2026/07/17 10:22:15.395, 1192, 877, 198.31, 72, 71, 100, 14342, Not Active, Not Active, Not Active
2026/07/17 10:22:15.451, 1192, 877, 174.36, 72, 72, 100, 14342, Not Active, Not Active, Not Active
2026/07/17 10:22:15.502, 1192, 877, 171.96, 72, 72, 100, 14342, Not Active, Not Active, Not Active
2026/07/17 10:22:15.554, 1192, 877, 181.92, 72, 72, 100, 14342, Not Active, Not Active, Not Active
2026/07/17 10:22:15.606, 1192, 877, 194.74, 72, 72, 100, 14342, Not Active, Not Active, Not Active
2026/07/17 10:22:15.658, 1192, 877, 199.61, 72, 71, 100, 14342, Not Active, Not Active, Not Active
2026/07/17 10:22:15.712, 1192, 877, 201.87, 72, 71, 100, 14342, Not Active, Not Active, Not Active
2026/07/17 10:22:15.764, 1192, 877, 204.05, 72, 72, 100, 14342, Not Active, Not Active, Not Active
2026/07/17 10:22:15.816, 1192, 877, 178.56, 72, 72, 100, 14342, Not Active, Not Active, Not Active
2026/07/17 10:22:15.868, 1192, 877, 160.92, 72, 72, 100, 14342, Not Active, Not Active, Not Active
2026/07/17 10:22:15.919, 1192, 877, 154.30, 72, 72, 100, 14342, Not Active, Not Active, Not Active
2026/07/17 10:22:15.975, 1192, 877, 170.29, 72, 71, 100, 14342, Not Active, Not Active, Not Active
2026/07/17 10:22:16.027, 1192, 877, 187.07, 72, 72, 100, 14342, Not Active, Not Active, Not Active
2026/07/17 10:22:16.079, 1192, 877, 197.83, 72, 71, 100, 14342, Not Active, Not Active, Not Active
2026/07/17 10:22:16.135, 1192, 877, 202.14, 72, 71, 100, 14342, Not Active, Not Active, Not Active
2026/07/17 10:22:16.187, 1192, 877, 207.13, 72, 72, 100, 14342, Not Active, Not Active, Not Active
2026/07/17 10:22:16.238, 1192, 877, 189.82, 72, 72, 100, 14342, Not Active, Not Active, Not Active
2026/07/17 10:22:16.290, 1192, 877, 165.24, 72, 72, 100, 14342, Not Active, Not Active, Not Active
2026/07/17 10:22:16.342, 1192, 877, 177.96, 72, 72, 100, 14342, Not Active, Not Active, Not Active
2026/07/17 10:22:16.396, 1192, 877, 189.34, 72, 72, 100, 14342, Not Active, Not Active, Not Active
2026/07/17 10:22:16.448, 1192, 877, 194.96, 72, 72, 100, 14342, Not Active, Not Active, Not Active
2026/07/17 10:22:16.499, 1192, 877, 200.09, 72, 71, 100, 14342, Not Active, Not Active, Not Active
2026/07/17 10:22:16.551, 1192, 877, 204.05, 72, 71, 100, 14342, Not Active, Not Active, Not Active
2026/07/17 10:22:16.603, 1192, 877, 188.03, 72, 72, 100, 14342, Not Active, Not Active, Not Active
2026/07/17 10:22:16.660, 1192, 877, 155.74, 72, 72, 100, 14342, Not Active, Not Active, Not Active
2026/07/17 10:22:16.711, 1192, 877, 181.44, 72, 71, 100, 14342, Not Active, Not Active, Not Active
2026/07/17 10:22:16.763, 1192, 877, 154.30, 72, 72, 100, 14342, Not Active, Not Active, Not Active
2026/07/17 10:22:16.818, 1192, 877, 175.57, 72, 72, 100, 14342, Not Active, Not Active, Not Active
2026/07/17 10:22:16.869, 1192, 877, 192.69, 72, 72, 100, 14342, Not Active, Not Active, Not Active
2026/07/17 10:22:16.921, 1192, 877, 194.48, 72, 72, 100, 14342, Not Active, Not Active, Not Active
2026/07/17 10:22:16.973, 1192, 877, 206.45, 72, 71, 100, 14342, Not Active, Not Active, Not Active
2026/07/17 10:22:17.025, 1192, 877, 205.63, 72, 72, 100, 14342, Not Active, Not Active, Not Active
2026/07/17 10:22:17.077, 1192, 877, 207.40, 72, 72, 100, 14342, Not Active, Not Active, Not Active
2026/07/17 10:22:17.128, 1192, 877, 163.91, 72, 72, 100, 14342, Not Active, Not Active, Not Active
2026/07/17 10:22:17.185, 1192, 877, 168.49, 72, 72, 100, 14342, Not Active, Not Active, Not Active
2026/07/17 10:22:17.236, 1192, 877, 190.90, 72, 72, 100, 14342, Not Active, Not Active, Not Active
2026/07/17 10:22:17.291, 1192, 877, 193.17, 72, 72, 100, 14342, Not Active, Not Active, Not Active
2026/07/17 10:22:17.343, 1192, 877, 205.97, 72, 71, 100, 14342, Not Active, Not Active, Not Active
2026/07/17 10:22:17.395, 1192, 877, 205.69, 72, 72, 100, 14342, Not Active, Not Active, Not Active
2026/07/17 10:22:17.452, 1192, 877, 191.13, 72, 71, 100, 14342, Not Active, Not Active, Not Active
2026/07/17 10:22:17.504, 1192, 877, 209.32, 72, 72, 100, 14342, Not Active, Not Active, Not Active
2026/07/17 10:22:17.556, 1192, 877, 173.88, 72, 72, 100, 14342, Not Active, Not Active, Not Active
2026/07/17 10:22:17.612, 1192, 877, 163.58, 72, 72, 100, 14342, Not Active, Not Active, Not Active
2026/07/17 10:22:17.664, 1192, 877, 176.52, 72, 71, 100, 14342, Not Active, Not Active, Not Active
2026/07/17 10:22:17.716, 1192, 877, 195.44, 72, 71, 100, 14342, Not Active, Not Active, Not Active
2026/07/17 10:22:17.767, 1192, 877, 195.09, 72, 71, 100, 14342, Not Active, Not Active, Not Active
2026/07/17 10:22:17.819, 1192, 877, 200.23, 72, 72, 100, 14342, Not Active, Not Active, Not Active
2026/07/17 10:22:17.876, 1192, 877, 209.04, 73, 72, 100, 14342, Not Active, Not Active, Not Active
2026/07/17 10:22:17.928, 1192, 877, 185.15, 73, 72, 100, 14342, Not Active, Not Active, Not Active
2026/07/17 10:22:17.980, 1192, 877, 152.38, 73, 72, 100, 14342, Not Active, Not Active, Not Active
2026/07/17 10:22:18.034, 1192, 877, 177.96, 73, 72, 100, 14342, Not Active, Not Active, Not Active
2026/07/17 10:22:18.085, 1192, 877, 185.63, 73, 71, 100, 14342, Not Active, Not Active, Not Active
2026/07/17 10:22:18.137, 1192, 877, 197.14, 72, 72, 100, 14342, Not Active, Not Active, Not Active
2026/07/17 10:22:18.189, 1192, 877, 126.22, 72, 71, 100, 14342, Not Active, Not Active, Not Active
2026/07/17 10:22:18.241, 1192, 877, 196.87, 72, 71, 100, 14342, Not Active, Not Active, Not Active
2026/07/17 10:22:18.299, 1192, 877, 200.09, 72, 72, 100, 14342, Not Active, Not Active, Not Active
2026/07/17 10:22:18.351, 1192, 877, 207.88, 72, 72, 100, 14342, Not Active, Not Active, Not Active
2026/07/17 10:22:18.403, 1192, 877, 177.12, 73, 72, 100, 14342, Not Active, Not Active, Not Active
2026/07/17 10:22:18.460, 1192, 877, 155.74, 73, 72, 100, 14342, Not Active, Not Active, Not Active
2026/07/17 10:22:18.511, 1192, 877, 171.25, 73, 72, 100, 14342, Not Active, Not Active, Not Active
2026/07/17 10:22:18.563, 1192, 877, 179.88, 73, 72, 100, 14342, Not Active, Not Active, Not Active
2026/07/17 10:22:18.615, 1192, 877, 193.65, 73, 72, 100, 14342, Not Active, Not Active, Not Active
2026/07/17 10:22:18.667, 1192, 877, 199.61, 73, 71, 100, 14342, Not Active, Not Active, Not Active
2026/07/17 10:22:18.721, 1192, 877, 200.23, 73, 72, 100, 14342, Not Active, Not Active, Not Active
2026/07/17 10:22:18.773, 1192, 877, 209.04, 73, 72, 100, 14342, Not Active, Not Active, Not Active
2026/07/17 10:22:18.825, 1192, 877, 188.03, 73, 72, 100, 14342, Not Active, Not Active, Not Active
2026/07/17 10:22:18.877, 1192, 877, 168.60, 73, 72, 100, 14342, Not Active, Not Active, Not Active
2026/07/17 10:22:18.928, 1192, 877, 158.41, 73, 72, 100, 14342, Not Active, Not Active, Not Active
2026/07/17 10:22:18.981, 1192, 877, 176.64, 72, 72, 100, 14342, Not Active, Not Active, Not Active
2026/07/17 10:22:19.033, 1192, 877, 158.15, 73, 72, 100, 14342, Not Active, Not Active, Not Active
2026/07/17 10:22:19.085, 1192, 877, 166.46, 72, 72, 100, 14342, Not Active, Not Active, Not Active
2026/07/17 10:22:19.136, 1192, 877, 180.36, 73, 72, 100, 14342, Not Active, Not Active, Not Active
2026/07/17 10:22:19.188, 1192, 877, 188.74, 73, 71, 100, 14342, Not Active, Not Active, Not Active
2026/07/17 10:22:19.240, 1192, 877, 195.44, 73, 71, 100, 14342, Not Active, Not Active, Not Active
2026/07/17 10:22:19.292, 1192, 877, 201.05, 73, 72, 100, 14342, Not Active, Not Active, Not Active
2026/07/17 10:22:19.343, 1192, 877, 200.57, 73, 72, 100, 14342, Not Active, Not Active, Not Active
2026/07/17 10:22:19.395, 1192, 877, 199.27, 73, 72, 100, 14342, Not Active, Not Active, Not Active
2026/07/17 10:22:19.452, 1192, 877, 179.52, 73, 72, 100, 14342, Not Active, Not Active, Not Active
2026/07/17 10:22:19.503, 1192, 877, 152.48, 73, 73, 100, 14342, Not Active, Not Active, Not Active
2026/07/17 10:22:19.555, 1192, 877, 178.32, 73, 72, 100, 14342, Not Active, Not Active, Not Active
2026/07/17 10:22:19.612, 1192, 877, 189.21, 73, 71, 100, 14342, Not Active, Not Active, Not Active
2026/07/17 10:22:19.664, 1192, 877, 196.05, 73, 72, 100, 14342, Not Active, Not Active, Not Active
2026/07/17 10:22:19.715, 1192, 877, 144.31, 72, 71, 100, 14342, Not Active, Not Active, Not Active
2026/07/17 10:22:19.768, 1192, 877, 190.65, 73, 72, 100, 14342, Not Active, Not Active, Not Active
2026/07/17 10:22:19.820, 1192, 877, 203.71, 72, 72, 100, 14342, Not Active, Not Active, Not Active
2026/07/17 10:22:19.875, 1192, 877, 207.61, 73, 72, 100, 14342, Not Active, Not Active, Not Active
2026/07/17 10:22:19.927, 1192, 877, 207.88, 73, 72, 100, 14342, Not Active, Not Active, Not Active
2026/07/17 10:22:19.979, 1192, 877, 189.95, 73, 72, 100, 14342, Not Active, Not Active, Not Active
2026/07/17 10:22:20.031, 1192, 877, 166.68, 73, 73, 100, 14342, Not Active, Not Active, Not Active
2026/07/17 10:22:20.083, 1192, 877, 159.11, 73, 73, 100, 14342, Not Active, Not Active, Not Active
2026/07/17 10:22:20.135, 1192, 877, 176.52, 73, 72, 100, 14342, Not Active, Not Active, Not Active
2026/07/17 10:22:20.186, 1192, 877, 184.19, 73, 72, 100, 14342, Not Active, Not Active, Not Active
2026/07/17 10:22:20.238, 1192, 877, 193.65, 73, 71, 100, 14342, Not Active, Not Active, Not Active
2026/07/17 10:22:20.290, 1192, 877, 198.44, 73, 71, 100, 14342, Not Active, Not Active, Not Active
2026/07/17 10:22:20.342, 1192, 877, 204.53, 73, 72, 100, 14342, Not Active, Not Active, Not Active
2026/07/17 10:22:20.394, 1192, 877, 202.62, 73, 72, 100, 14342, Not Active, Not Active, Not Active
2026/07/17 10:22:20.446, 1192, 877, 196.53, 73, 73, 100, 14342, Not Active, Not Active, Not Active
2026/07/17 10:22:20.501, 1192, 877, 191.13, 73, 72, 100, 14342, Not Active, Not Active, Not Active
2026/07/17 10:22:20.553, 1192, 877, 207.40, 73, 72, 100, 14342, Not Active, Not Active, Not Active
2026/07/17 10:22:20.605, 1192, 877, 194.48, 73, 73, 100, 14342, Not Active, Not Active, Not Active
2026/07/17 10:22:20.657, 1192, 877, 177.12, 73, 73, 100, 14342, Not Active, Not Active, Not Active
2026/07/17 10:22:20.708, 1192, 877, 151.04, 73, 73, 100, 14342, Not Active, Not Active, Not Active
2026/07/17 10:22:20.761, 1192, 877, 171.37, 73, 73, 100, 14342, Not Active, Not Active, Not Active
2026/07/17 10:22:20.813, 1192, 877, 177.00, 73, 72, 100, 14342, Not Active, Not Active, Not Active
2026/07/17 10:22:20.865, 1192, 877, 189.95, 73, 71, 100, 14342, Not Active, Not Active, Not Active
2026/07/17 10:22:20.916, 1192, 877, 197.14, 73, 71, 100, 14342, Not Active, Not Active, Not Active
2026/07/17 10:22:20.968, 1192, 877, 201.18, 73, 71, 100, 14342, Not Active, Not Active, Not Active
2026/07/17 10:22:21.020, 1192, 877, 200.57, 73, 72, 100, 14342, Not Active, Not Active, Not Active
2026/07/17 10:22:21.072, 1192, 877, 210.76, 73, 73, 100, 14342, Not Active, Not Active, Not Active
2026/07/17 10:22:21.129, 1192, 877, 185.63, 73, 73, 100, 14342, Not Active, Not Active, Not Active
2026/07/17 10:22:21.181, 1192, 877, 169.56, 73, 73, 100, 14342, Not Active, Not Active, Not Active
2026/07/17 10:22:21.232, 1192, 877, 152.38, 73, 73, 100, 14342, Not Active, Not Active, Not Active
2026/07/17 10:22:21.286, 1192, 877, 174.72, 73, 72, 100, 14342, Not Active, Not Active, Not Active
2026/07/17 10:22:21.337, 1192, 877, 161.03, 73, 73, 100, 14342, Not Active, Not Active, Not Active
2026/07/17 10:22:21.389, 1192, 877, 157.56, 73, 73, 100, 14342, Not Active, Not Active, Not Active
2026/07/17 10:22:21.441, 1192, 877, 176.64, 73, 72, 100, 14342, Not Active, Not Active, Not Active
2026/07/17 10:22:21.493, 1192, 877, 178.80, 73, 72, 100, 14342, Not Active, Not Active, Not Active
2026/07/17 10:22:21.544, 1192, 877, 192.69, 73, 72, 100, 14342, Not Active, Not Active, Not Active
2026/07/17 10:22:21.596, 1192, 877, 204.05, 73, 71, 100, 14342, Not Active, Not Active, Not Active
2026/07/17 10:22:21.652, 1192, 877, 204.67, 73, 72, 100, 14342, Not Active, Not Active, Not Active
2026/07/17 10:22:21.703, 1192, 877, 207.40, 73, 72, 100, 14342, Not Active, Not Active, Not Active
2026/07/17 10:22:21.755, 1192, 877, 205.69, 73, 72, 100, 14342, Not Active, Not Active, Not Active
2026/07/17 10:22:21.807, 1192, 877, 193.78, 73, 73, 100, 14342, Not Active, Not Active, Not Active
2026/07/17 10:22:21.859, 1192, 877, 169.93, 73, 73, 100, 14342, Not Active, Not Active, Not Active
2026/07/17 10:22:21.913, 1192, 877, 151.32, 73, 73, 100, 14342, Not Active, Not Active, Not Active
2026/07/17 10:22:21.965, 1192, 877, 171.48, 73, 73, 100, 14342, Not Active, Not Active, Not Active
2026/07/17 10:22:22.017, 1192, 877, 167.16, 73, 72, 100, 14342, Not Active, Not Active, Not Active
2026/07/17 10:22:22.069, 1192, 877, 145.75, 73, 73, 100, 14342, Not Active, Not Active, Not Active
2026/07/17 10:22:22.121, 1192, 877, 164.76, 73, 73, 100, 14342, Not Active, Not Active, Not Active
2026/07/17 10:22:22.173, 1192, 877, 174.61, 73, 73, 100, 14342, Not Active, Not Active, Not Active
2026/07/17 10:22:22.225, 1192, 877, 188.03, 73, 71, 100, 14342, Not Active, Not Active, Not Active
2026/07/17 10:22:22.277, 1192, 877, 193.65, 73, 72, 100, 14342, Not Active, Not Active, Not Active
2026/07/17 10:22:22.329, 1192, 877, 197.83, 73, 72, 100, 14342, Not Active, Not Active, Not Active
2026/07/17 10:22:22.381, 1192, 877, 205.97, 73, 72, 100, 14342, Not Active, Not Active, Not Active
2026/07/17 10:22:22.432, 1192, 877, 200.70, 73, 72, 100, 14342, Not Active, Not Active, Not Active
2026/07/17 10:22:22.484, 1192, 877, 196.40, 73, 73, 100, 14342, Not Active, Not Active, Not Active
2026/07/17 10:22:22.542, 1192, 877, 180.36, 73, 73, 100, 14342, Not Active, Not Active, Not Active
2026/07/17 10:22:22.594, 1192, 877, 162.36, 73, 73, 100, 14342, Not Active, Not Active, Not Active
2026/07/17 10:22:22.646, 1192, 877, 151.04, 73, 73, 100, 14342, Not Active, Not Active, Not Active
2026/07/17 10:22:22.699, 1192, 877, 175.09, 73, 73, 100, 14342, Not Active, Not Active, Not Active
2026/07/17 10:22:22.750, 1192, 877, 175.93, 73, 72, 100, 14342, Not Active, Not Active, Not Active
2026/07/17 10:22:22.802, 1192, 877, 118.11, 73, 72, 100, 14342, Not Active, Not Active, Not Active
2026/07/17 10:22:22.855, 1192, 877, 161.88, 73, 72, 100, 14342, Not Active, Not Active, Not Active
2026/07/17 10:22:22.906, 1192, 877, 173.05, 73, 73, 100, 14342, Not Active, Not Active, Not Active
2026/07/17 10:22:22.958, 1192, 877, 188.51, 73, 71, 100, 14342, Not Active, Not Active, Not Active
2026/07/17 10:22:23.010, 1192, 877, 192.57, 73, 72, 100, 14342, Not Active, Not Active, Not Active
2026/07/17 10:22:23.065, 1192, 877, 201.53, 73, 72, 100, 14342, Not Active, Not Active, Not Active
2026/07/17 10:22:23.117, 1192, 877, 203.58, 73, 73, 100, 14342, Not Active, Not Active, Not Active
2026/07/17 10:22:23.169, 1192, 877, 204.40, 73, 73, 100, 14342, Not Active, Not Active, Not Active
2026/07/17 10:22:23.220, 1192, 877, 204.74, 74, 73, 100, 14342, Not Active, Not Active, Not Active
2026/07/17 10:22:23.272, 1192, 877, 184.19, 73, 73, 100, 14342, Not Active, Not Active, Not Active
2026/07/17 10:22:23.329, 1192, 877, 170.52, 74, 73, 100, 14342, Not Active, Not Active, Not Active
2026/07/17 10:22:23.380, 1192, 877, 149.60, 74, 73, 100, 14342, Not Active, Not Active, Not Active
2026/07/17 10:22:23.432, 1192, 877, 164.65, 73, 73, 100, 14342, Not Active, Not Active, Not Active
2026/07/17 10:22:23.484, 1192, 877, 174.61, 74, 72, 100, 14342, Not Active, Not Active, Not Active
2026/07/17 10:22:23.536, 1192, 877, 183.11, 73, 72, 100, 14342, Not Active, Not Active, Not Active
2026/07/17 10:22:23.589, 1192, 877, 105.73, 74, 72, 100, 14342, Not Active, Not Active, Not Active
2026/07/17 10:22:23.642, 1192, 877, 171.48, 73, 73, 100, 14342, Not Active, Not Active, Not Active
2026/07/17 10:22:23.694, 1192, 877, 179.76, 73, 72, 100, 14342, Not Active, Not Active, Not Active
2026/07/17 10:22:23.745, 1192, 877, 190.43, 73, 72, 100, 14342, Not Active, Not Active, Not Active
2026/07/17 10:22:23.797, 1192, 877, 199.96, 73, 71, 100, 14342, Not Active, Not Active, Not Active
2026/07/17 10:22:23.854, 1192, 877, 202.96, 73, 73, 100, 14342, Not Active, Not Active, Not Active
2026/07/17 10:22:23.906, 1192, 877, 204.53, 73, 73, 100, 14342, Not Active, Not Active, Not Active
2026/07/17 10:22:23.958, 1192, 877, 198.44, 73, 73, 100, 14342, Not Active, Not Active, Not Active
2026/07/17 10:22:24.015, 1192, 877, 181.32, 74, 73, 100, 14342, Not Active, Not Active, Not Active
2026/07/17 10:22:24.067, 1192, 877, 168.12, 74, 73, 100, 14342, Not Active, Not Active, Not Active
2026/07/17 10:22:24.119, 1192, 877, 152.00, 74, 73, 100, 14342, Not Active, Not Active, Not Active
2026/07/17 10:22:24.171, 1192, 877, 164.28, 74, 73, 100, 14342, Not Active, Not Active, Not Active
2026/07/17 10:22:24.223, 1192, 877, 174.61, 74, 73, 100, 14342, Not Active, Not Active, Not Active
2026/07/17 10:22:24.275, 1192, 877, 179.52, 73, 72, 100, 14342, Not Active, Not Active, Not Active
2026/07/17 10:22:24.327, 1192, 877, 185.99, 74, 72, 100, 14342, Not Active, Not Active, Not Active
2026/07/17 10:22:24.378, 1192, 877, 100.91, 74, 73, 100, 14342, Not Active, Not Active, Not Active
2026/07/17 10:22:24.431, 1192, 877, 170.89, 73, 73, 100, 14342, Not Active, Not Active, Not Active
2026/07/17 10:22:24.483, 1192, 877, 183.11, 73, 72, 100, 14342, Not Active, Not Active, Not Active
2026/07/17 10:22:24.535, 1192, 877, 191.26, 74, 73, 100, 14342, Not Active, Not Active, Not Active
2026/07/17 10:22:24.586, 1192, 877, 195.44, 73, 72, 100, 14342, Not Active, Not Active, Not Active
2026/07/17 10:22:24.641, 1192, 877, 199.75, 73, 73, 100, 14342, Not Active, Not Active, Not Active
2026/07/17 10:22:24.693, 1192, 877, 200.57, 74, 73, 100, 14342, Not Active, Not Active, Not Active
2026/07/17 10:22:24.744, 1192, 877, 202.96, 74, 73, 100, 14342, Not Active, Not Active, Not Active
2026/07/17 10:22:24.796, 1192, 877, 206.93, 74, 73, 100, 14342, Not Active, Not Active, Not Active
2026/07/17 10:22:24.848, 1192, 877, 209.32, 74, 73, 100, 14342, Not Active, Not Active, Not Active
2026/07/17 10:22:24.900, 1192, 877, 191.86, 74, 73, 100, 14342, Not Active, Not Active, Not Active
2026/07/17 10:22:24.951, 1192, 877, 170.52, 74, 73, 100, 14342, Not Active, Not Active, Not Active
2026/07/17 10:22:25.008, 1192, 877, 147.20, 74, 73, 100, 14342, Not Active, Not Active, Not Active
2026/07/17 10:22:25.059, 1192, 877, 157.56, 74, 73, 100, 14342, Not Active, Not Active, Not Active
2026/07/17 10:22:25.111, 1192, 877, 174.72, 74, 73, 100, 14342, Not Active, Not Active, Not Active
2026/07/17 10:22:25.163, 1192, 877, 163.69, 74, 73, 100, 14342, Not Active, Not Active, Not Active
2026/07/17 10:22:25.215, 1192, 877, 157.18, 73, 73, 100, 14342, Not Active, Not Active, Not Active
2026/07/17 10:22:25.270, 1192, 877, 161.51, 74, 73, 100, 14342, Not Active, Not Active, Not Active
2026/07/17 10:22:25.322, 1192, 877, 178.20, 73, 73, 100, 14342, Not Active, Not Active, Not Active
2026/07/17 10:22:25.375, 1192, 877, 178.56, 74, 73, 100, 14342, Not Active, Not Active, Not Active
2026/07/17 10:22:25.427, 1192, 877, 191.74, 74, 72, 100, 14342, Not Active, Not Active, Not Active
2026/07/17 10:22:25.479, 1192, 877, 193.87, 74, 73, 100, 14342, Not Active, Not Active, Not Active
2026/07/17 10:22:25.531, 1192, 877, 196.53, 74, 73, 100, 14342, Not Active, Not Active, Not Active
2026/07/17 10:22:25.582, 1192, 877, 199.61, 74, 73, 100, 14342, Not Active, Not Active, Not Active
2026/07/17 10:22:25.634, 1192, 877, 204.53, 74, 72, 100, 14342, Not Active, Not Active, Not Active
2026/07/17 10:22:25.686, 1192, 877, 210.95, 74, 73, 100, 14342, Not Active, Not Active, Not Active
2026/07/17 10:22:25.744, 1192, 877, 201.80, 74, 73, 100, 14342, Not Active, Not Active, Not Active
2026/07/17 10:22:25.796, 1192, 877, 191.26, 74, 73, 100, 14342, Not Active, Not Active, Not Active
2026/07/17 10:22:25.847, 1192, 877, 179.52, 74, 74, 100, 14342, Not Active, Not Active, Not Active
2026/07/17 10:22:25.899, 1192, 877, 170.89, 74, 74, 100, 14342, Not Active, Not Active, Not Active
2026/07/17 10:22:25.951, 1192, 877, 153.34, 74, 74, 100, 14342, Not Active, Not Active, Not Active
2026/07/17 10:22:26.003, 1192, 877, 189.47, 73, 73, 100, 14342, Not Active, Not Active, Not Active
2026/07/17 10:22:26.055, 1192, 877, 178.92, 74, 73, 100, 14342, Not Active, Not Active, Not Active
2026/07/17 10:22:26.109, 1192, 877, 171.48, 74, 73, 100, 14342, Not Active, Not Active, Not Active
2026/07/17 10:22:26.161, 1192, 877, 153.82, 74, 73, 100, 14342, Not Active, Not Active, Not Active
2026/07/17 10:22:26.213, 1192, 877, 143.35, 74, 73, 100, 14342, Not Active, Not Active, Not Active
2026/07/17 10:22:26.264, 1192, 877, 157.18, 74, 73, 100, 14342, Not Active, Not Active, Not Active
2026/07/17 10:22:26.316, 1192, 877, 168.26, 74, 73, 100, 14342, Not Active, Not Active, Not Active
2026/07/17 10:22:26.368, 1192, 877, 177.60, 74, 73, 100, 14342, Not Active, Not Active, Not Active
2026/07/17 10:22:26.420, 1192, 877, 192.47, 74, 73, 100, 14342, Not Active, Not Active, Not Active
2026/07/17 10:22:26.475, 1192, 877, 194.61, 74, 72, 100, 14342, Not Active, Not Active, Not Active
2026/07/17 10:22:26.526, 1192, 877, 195.44, 74, 74, 100, 14342, Not Active, Not Active, Not Active
2026/07/17 10:22:26.578, 1192, 877, 200.09, 74, 73, 100, 14342, Not Active, Not Active, Not Active
2026/07/17 10:22:26.630, 1192, 877, 202.62, 74, 73, 100, 14342, Not Active, Not Active, Not Active
2026/07/17 10:22:26.682, 1192, 877, 202.75, 74, 73, 100, 14342, Not Active, Not Active, Not Active
2026/07/17 10:22:26.733, 1192, 877, 203.58, 74, 73, 100, 14342, Not Active, Not Active, Not Active
2026/07/17 10:22:26.785, 1192, 877, 164.76, 73, 72, 100, 14342, Not Active, Not Active, Not Active
2026/07/17 10:22:26.837, 1192, 877, 200.01, 74, 73, 100, 14342, Not Active, Not Active, Not Active
2026/07/17 10:22:26.889, 1192, 877, 202.75, 74, 72, 100, 14342, Not Active, Not Active, Not Active
2026/07/17 10:22:26.940, 1192, 877, 203.58, 74, 73, 100, 14342, Not Active, Not Active, Not Active
2026/07/17 10:22:26.992, 1192, 877, 201.18, 74, 73, 100, 14342, Not Active, Not Active, Not Active
2026/07/17 10:22:27.044, 1192, 877, 209.66, 74, 73, 100, 14342, Not Active, Not Active, Not Active
2026/07/17 10:22:27.096, 1192, 877, 198.92, 74, 73, 100, 14342, Not Active, Not Active, Not Active
2026/07/17 10:22:27.152, 1192, 877, 186.59, 74, 74, 100, 14342, Not Active, Not Active, Not Active
2026/07/17 10:22:27.204, 1192, 877, 179.04, 74, 74, 100, 14342, Not Active, Not Active, Not Active
2026/07/17 10:22:27.256, 1192, 877, 173.04, 74, 74, 100, 14342, Not Active, Not Active, Not Active
2026/07/17 10:22:27.308, 1192, 877, 161.51, 74, 74, 100, 14342, Not Active, Not Active, Not Active
2026/07/17 10:22:27.360, 1192, 877, 162.84, 74, 74, 100, 14342, Not Active, Not Active, Not Active
2026/07/17 10:22:27.416, 1192, 877, 173.28, 74, 73, 100, 14342, Not Active, Not Active, Not Active
2026/07/17 10:22:27.468, 1192, 877, 176.04, 74, 74, 100, 14342, Not Active, Not Active, Not Active
2026/07/17 10:22:27.520, 1192, 877, 185.99, 74, 74, 100, 14342, Not Active, Not Active, Not Active
2026/07/17 10:22:27.572, 1192, 877, 115.30, 74, 74, 100, 14342, Not Active, Not Active, Not Active
2026/07/17 10:22:27.624, 1192, 877, 159.00, 73, 73, 100, 14342, Not Active, Not Active, Not Active
2026/07/17 10:22:27.676, 1192, 877, 168.71, 74, 74, 100, 14342, Not Active, Not Active, Not Active
2026/07/17 10:22:27.728, 1192, 877, 178.68, 74, 74, 100, 14342, Not Active, Not Active, Not Active
2026/07/17 10:22:27.781, 1192, 877, 177.73, 74, 74, 100, 14342, Not Active, Not Active, Not Active
2026/07/17 10:22:27.832, 1192, 877, 191.86, 74, 73, 100, 14342, Not Active, Not Active, Not Active
2026/07/17 10:22:27.886, 1192, 877, 194.61, 74, 74, 100, 14342, Not Active, Not Active, Not Active
2026/07/17 10:22:27.937, 1192, 877, 193.52, 74, 73, 100, 14342, Not Active, Not Active, Not Active
2026/07/17 10:22:27.989, 1192, 877, 197.83, 74, 73, 100, 14342, Not Active, Not Active, Not Active
2026/07/17 10:22:28.041, 1192, 877, 205.83, 74, 73, 100, 14342, Not Active, Not Active, Not Active
2026/07/17 10:22:28.093, 1192, 877, 203.71, 74, 73, 100, 14342, Not Active, Not Active, Not Active
2026/07/17 10:22:28.145, 1192, 877, 200.57, 74, 73, 100, 14342, Not Active, Not Active, Not Active
2026/07/17 10:22:28.196, 1192, 877, 211.24, 74, 74, 100, 14342, Not Active, Not Active, Not Active
2026/07/17 10:22:28.253, 1192, 877, 199.75, 74, 74, 100, 14342, Not Active, Not Active, Not Active
2026/07/17 10:22:28.305, 1192, 877, 191.74, 74, 73, 100, 14342, Not Active, Not Active, Not Active
2026/07/17 10:22:28.357, 1192, 877, 181.80, 74, 74, 100, 14342, Not Active, Not Active, Not Active
2026/07/17 10:22:28.409, 1192, 877, 187.07, 74, 72, 100, 14342, Not Active, Not Active, Not Active
2026/07/17 10:22:28.461, 1192, 877, 203.92, 74, 73, 100, 14342, Not Active, Not Active, Not Active
2026/07/17 10:22:28.515, 1192, 877, 211.57, 74, 74, 100, 14342, Not Active, Not Active, Not Active
2026/07/17 10:22:28.567, 1192, 877, 202.00, 74, 74, 100, 14342, Not Active, Not Active, Not Active
2026/07/17 10:22:28.619, 1192, 877, 197.96, 74, 74, 100, 14342, Not Active, Not Active, Not Active
2026/07/17 10:22:28.671, 1192, 877, 190.43, 74, 74, 100, 14342, Not Active, Not Active, Not Active
2026/07/17 10:22:28.722, 1192, 877, 178.56, 74, 74, 100, 14342, Not Active, Not Active, Not Active
2026/07/17 10:22:28.776, 1192, 877, 167.16, 74, 74, 100, 14342, Not Active, Not Active, Not Active
2026/07/17 10:22:28.828, 1192, 877, 160.55, 74, 74, 100, 14342, Not Active, Not Active, Not Active
2026/07/17 10:22:28.880, 1192, 877, 146.24, 74, 74, 100, 14342, Not Active, Not Active, Not Active
2026/07/17 10:22:28.934, 1192, 877, 158.41, 74, 74, 100, 14342, Not Active, Not Active, Not Active
2026/07/17 10:22:28.986, 1192, 877, 165.24, 74, 74, 100, 14342, Not Active, Not Active, Not Active
2026/07/17 10:22:29.038, 1192, 877, 173.53, 74, 74, 100, 14342, Not Active, Not Active, Not Active
2026/07/17 10:22:29.089, 1192, 877, 175.09, 74, 74, 100, 14342, Not Active, Not Active, Not Active
2026/07/17 10:22:29.141, 1192, 877, 192.69, 74, 74, 100, 14342, Not Active, Not Active, Not Active
2026/07/17 10:22:29.197, 1192, 877, 105.73, 74, 74, 100, 14342, Not Active, Not Active, Not Active
2026/07/17 10:22:29.249, 1192, 877, 158.52, 74, 73, 100, 14342, Not Active, Not Active, Not Active
2026/07/17 10:22:29.301, 1192, 877, 165.50, 74, 74, 100, 14342, Not Active, Not Active, Not Active
2026/07/17 10:22:29.353, 1192, 877, 171.14, 74, 74, 100, 14342, Not Active, Not Active, Not Active
2026/07/17 10:22:29.405, 1192, 877, 179.52, 74, 74, 100, 14342, Not Active, Not Active, Not Active
2026/07/17 10:22:29.457, 1192, 877, 186.59, 74, 74, 100, 14342, Not Active, Not Active, Not Active
2026/07/17 10:22:29.509, 1192, 877, 193.17, 74, 73, 100, 14342, Not Active, Not Active, Not Active
2026/07/17 10:22:29.566, 1192, 877, 196.74, 74, 74, 100, 14342, Not Active, Not Active, Not Active
2026/07/17 10:22:29.619, 1192, 877, 202.75, 74, 73, 100, 14342, Not Active, Not Active, Not Active
2026/07/17 10:22:29.670, 1192, 877, 202.48, 74, 73, 100, 14342, Not Active, Not Active, Not Active
2026/07/17 10:22:29.722, 1192, 877, 201.05, 74, 73, 100, 14342, Not Active, Not Active, Not Active
2026/07/17 10:22:29.774, 1192, 877, 201.18, 74, 74, 100, 14342, Not Active, Not Active, Not Active
2026/07/17 10:22:29.826, 1192, 877, 211.71, 74, 74, 100, 14342, Not Active, Not Active, Not Active
2026/07/17 10:22:29.880, 1192, 877, 209.66, 74, 74, 100, 14342, Not Active, Not Active, Not Active
2026/07/17 10:22:29.932, 1192, 877, 206.79, 74, 74, 100, 14342, Not Active, Not Active, Not Active
2026/07/17 10:22:29.984, 1192, 877, 181.92, 74, 74, 100, 14342, Not Active, Not Active, Not Active
2026/07/17 10:22:30.041, 1192, 877, 195.70, 73, 73, 100, 14342, Not Active, Not Active, Not Active
2026/07/17 10:22:30.093, 1192, 877, 203.58, 74, 73, 100, 14342, Not Active, Not Active, Not Active
2026/07/17 10:22:30.145, 1192, 877, 204.05, 74, 74, 100, 14342, Not Active, Not Active, Not Active
2026/07/17 10:22:30.202, 1192, 877, 193.17, 74, 74, 100, 14342, Not Active, Not Active, Not Active
2026/07/17 10:22:30.254, 1192, 877, 185.63, 74, 74, 100, 14342, Not Active, Not Active, Not Active
2026/07/17 10:22:30.306, 1192, 877, 174.84, 74, 74, 100, 14342, Not Active, Not Active, Not Active
2026/07/17 10:22:30.361, 1192, 877, 164.39, 75, 74, 100, 14342, Not Active, Not Active, Not Active
2026/07/17 10:22:30.413, 1192, 877, 154.89, 74, 74, 100, 14342, Not Active, Not Active, Not Active
2026/07/17 10:22:30.464, 1192, 877, 150.66, 74, 74, 100, 14342, Not Active, Not Active, Not Active
2026/07/17 10:22:30.516, 1192, 877, 148.26, 75, 74, 100, 14342, Not Active, Not Active, Not Active
2026/07/17 10:22:30.568, 1192, 877, 151.42, 75, 74, 100, 14342, Not Active, Not Active, Not Active
2026/07/17 10:22:30.620, 1192, 877, 164.65, 74, 74, 100, 14342, Not Active, Not Active, Not Active
2026/07/17 10:22:30.672, 1192, 877, 164.65, 75, 74, 100, 14342, Not Active, Not Active, Not Active
2026/07/17 10:22:30.724, 1192, 877, 169.93, 75, 74, 100, 14342, Not Active, Not Active, Not Active
2026/07/17 10:22:30.776, 1192, 877, 177.00, 74, 74, 100, 14342, Not Active, Not Active, Not Active
2026/07/17 10:22:30.828, 1192, 877, 134.79, 74, 74, 100, 14342, Not Active, Not Active, Not Active
2026/07/17 10:22:30.882, 1192, 877, 146.33, 74, 74, 100, 14342, Not Active, Not Active, Not Active
2026/07/17 10:22:30.934, 1192, 877, 142.00, 74, 74, 100, 14342, Not Active, Not Active, Not Active
2026/07/17 10:22:30.986, 1192, 877, 141.91, 74, 74, 100, 14342, Not Active, Not Active, Not Active
2026/07/17 10:22:31.040, 1192, 877, 160.44, 74, 74, 100, 14342, Not Active, Not Active, Not Active
2026/07/17 10:22:31.091, 1192, 877, 161.88, 75, 74, 100, 14342, Not Active, Not Active, Not Active
2026/07/17 10:22:31.143, 1192, 877, 169.56, 75, 74, 100, 14342, Not Active, Not Active, Not Active
2026/07/17 10:22:31.195, 1192, 877, 176.88, 74, 74, 100, 14342, Not Active, Not Active, Not Active
2026/07/17 10:22:31.247, 1192, 877, 172.80, 74, 73, 100, 14342, Not Active, Not Active, Not Active
2026/07/17 10:22:31.298, 1192, 877, 174.61, 75, 74, 100, 14342, Not Active, Not Active, Not Active
2026/07/17 10:22:31.350, 1192, 877, 188.74, 75, 74, 100, 14342, Not Active, Not Active, Not Active
2026/07/17 10:22:31.405, 1192, 877, 193.17, 74, 74, 100, 14342, Not Active, Not Active, Not Active
2026/07/17 10:22:31.457, 1192, 877, 196.31, 75, 74, 100, 14342, Not Active, Not Active, Not Active
2026/07/17 10:22:31.508, 1192, 877, 193.17, 75, 74, 100, 14342, Not Active, Not Active, Not Active
2026/07/17 10:22:31.560, 1192, 877, 192.21, 74, 74, 100, 14342, Not Active, Not Active, Not Active
2026/07/17 10:22:31.612, 1192, 877, 200.49, 75, 73, 100, 14342, Not Active, Not Active, Not Active
2026/07/17 10:22:31.667, 1192, 877, 161.62, 74, 73, 100, 14342, Not Active, Not Active, Not Active
2026/07/17 10:22:31.718, 1192, 877, 212.53, 75, 75, 100, 14342, Not Active, Not Active, Not Active
2026/07/17 10:22:31.770, 1192, 877, 213.49, 75, 75, 100, 14342, Not Active, Not Active, Not Active
2026/07/17 10:22:31.822, 1192, 877, 208.84, 75, 75, 97, 14342, Not Active, Not Active, Not Active
2026/07/17 10:22:31.874, 1192, 877, 215.26, 75, 76, 97, 14342, Not Active, Not Active, Not Active
2026/07/17 10:22:31.929, 1192, 877, 211.24, 75, 76, 97, 14342, Not Active, Not Active, Not Active
2026/07/17 10:22:31.980, 1192, 877, 209.66, 75, 75, 100, 14342, Not Active, Not Active, Not Active
2026/07/17 10:22:32.032, 1192, 877, 214.78, 75, 76, 100, 14342, Not Active, Not Active, Not Active
2026/07/17 10:22:32.089, 1192, 877, 216.98, 75, 76, 100, 14342, Not Active, Not Active, Not Active
2026/07/17 10:22:32.141, 1192, 877, 211.57, 75, 76, 100, 14342, Not Active, Not Active, Not Active
2026/07/17 10:22:32.193, 1192, 877, 212.53, 75, 76, 100, 14342, Not Active, Not Active, Not Active
2026/07/17 10:22:32.250, 1192, 877, 200.70, 75, 75, 100, 14342, Not Active, Not Active, Not Active
2026/07/17 10:22:32.302, 1192, 877, 206.65, 75, 76, 100, 14342, Not Active, Not Active, Not Active
2026/07/17 10:22:32.354, 1192, 877, 214.92, 75, 76, 100, 14342, Not Active, Not Active, Not Active
2026/07/17 10:22:32.411, 1192, 877, 214.44, 76, 76, 100, 14342, Not Active, Not Active, Not Active
2026/07/17 10:22:32.463, 1192, 877, 211.57, 75, 76, 100, 14342, Not Active, Not Active, Not Active
2026/07/17 10:22:32.514, 1192, 877, 214.44, 76, 76, 100, 14342, Not Active, Not Active, Not Active
2026/07/17 10:22:32.571, 1192, 877, 210.95, 76, 76, 100, 14342, Not Active, Not Active, Not Active
2026/07/17 10:22:32.623, 1192, 877, 207.13, 76, 76, 100, 14342, Not Active, Not Active, Not Active
2026/07/17 10:22:32.675, 1192, 877, 212.39, 76, 76, 100, 14342, Not Active, Not Active, Not Active
2026/07/17 10:22:32.731, 1192, 877, 212.05, 76, 76, 100, 14342, Not Active, Not Active, Not Active
2026/07/17 10:22:32.783, 1192, 877, 212.67, 76, 76, 100, 14342, Not Active, Not Active, Not Active
2026/07/17 10:22:32.835, 1192, 877, 205.15, 76, 76, 100, 14342, Not Active, Not Active, Not Active
2026/07/17 10:22:32.891, 1192, 877, 209.66, 76, 76, 100, 14342, Not Active, Not Active, Not Active
2026/07/17 10:22:32.946, 1192, 877, 211.24, 76, 76, 100, 14342, Not Active, Not Active, Not Active
2026/07/17 10:22:32.997, 1192, 877, 211.09, 76, 76, 100, 14342, Not Active, Not Active, Not Active
2026/07/17 10:22:33.054, 1192, 877, 211.24, 76, 76, 100, 14342, Not Active, Not Active, Not Active
2026/07/17 10:22:33.105, 1192, 877, 212.53, 76, 76, 100, 14342, Not Active, Not Active, Not Active
2026/07/17 10:22:33.157, 1192, 877, 211.24, 76, 76, 100, 14342, Not Active, Not Active, Not Active
2026/07/17 10:22:33.214, 1192, 877, 209.32, 76, 76, 100, 14342, Not Active, Not Active, Not Active
2026/07/17 10:22:33.266, 1192, 877, 215.69, 76, 76, 100, 14342, Not Active, Not Active, Not Active
2026/07/17 10:22:33.318, 1192, 877, 208.70, 76, 76, 100, 14342, Not Active, Not Active, Not Active
2026/07/17 10:22:33.375, 1192, 877, 184.19, 76, 77, 100, 14342, Not Active, Not Active, Not Active
2026/07/17 10:22:33.427, 1192, 877, 209.52, 76, 76, 100, 14342, Not Active, Not Active, Not Active
2026/07/17 10:22:33.479, 1192, 877, 207.61, 76, 76, 100, 14342, Not Active, Not Active, Not Active
2026/07/17 10:22:33.535, 1192, 877, 214.78, 76, 76, 100, 14342, Not Active, Not Active, Not Active
2026/07/17 10:22:33.587, 1192, 877, 206.31, 76, 77, 100, 14342, Not Active, Not Active, Not Active
2026/07/17 10:22:33.639, 1192, 877, 215.26, 76, 76, 100, 14342, Not Active, Not Active, Not Active
2026/07/17 10:22:33.696, 1192, 877, 204.60, 76, 76, 100, 14342, Not Active, Not Active, Not Active
2026/07/17 10:22:33.749, 1192, 877, 210.62, 76, 77, 100, 14342, Not Active, Not Active, Not Active
2026/07/17 10:22:33.801, 1192, 877, 207.61, 76, 77, 100, 14342, Not Active, Not Active, Not Active
2026/07/17 10:22:33.857, 1192, 877, 209.18, 76, 77, 100, 14342, Not Active, Not Active, Not Active
2026/07/17 10:22:33.908, 1192, 877, 210.95, 76, 77, 100, 14342, Not Active, Not Active, Not Active
2026/07/17 10:22:33.960, 1192, 877, 167.53, 76, 77, 100, 14342, Not Active, Not Active, Not Active
2026/07/17 10:22:34.014, 1192, 877, 213.01, 76, 76, 100, 14342, Not Active, Not Active, Not Active
2026/07/17 10:22:34.066, 1192, 877, 212.81, 76, 77, 100, 14342, Not Active, Not Active, Not Active
2026/07/17 10:22:34.118, 1192, 877, 215.40, 76, 77, 100, 14342, Not Active, Not Active, Not Active
2026/07/17 10:22:34.170, 1192, 877, 206.93, 76, 77, 100, 14342, Not Active, Not Active, Not Active
2026/07/17 10:22:34.222, 1192, 877, 213.96, 76, 77, 100, 14342, Not Active, Not Active, Not Active
2026/07/17 10:22:34.278, 1192, 877, 216.84, 76, 77, 100, 14342, Not Active, Not Active, Not Active
2026/07/17 10:22:34.330, 1192, 877, 209.38, 76, 77, 100, 14342, Not Active, Not Active, Not Active
2026/07/17 10:22:34.382, 1192, 877, 215.54, 76, 77, 100, 14342, Not Active, Not Active, Not Active
2026/07/17 10:22:34.439, 1192, 877, 210.95, 76, 77, 100, 14342, Not Active, Not Active, Not Active
2026/07/17 10:22:34.491, 1192, 877, 214.44, 76, 77, 100, 14342, Not Active, Not Active, Not Active
2026/07/17 10:22:34.543, 1192, 877, 162.25, 76, 77, 100, 14342, Not Active, Not Active, Not Active
2026/07/17 10:22:34.598, 1192, 877, 216.84, 76, 77, 100, 14342, Not Active, Not Active, Not Active
2026/07/17 10:22:34.650, 1192, 877, 204.88, 76, 77, 100, 14342, Not Active, Not Active, Not Active
2026/07/17 10:22:34.701, 1192, 877, 209.32, 76, 77, 100, 14342, Not Active, Not Active, Not Active
2026/07/17 10:22:34.753, 1192, 877, 217.79, 76, 77, 100, 14342, Not Active, Not Active, Not Active
2026/07/17 10:22:34.805, 1192, 877, 211.57, 76, 77, 100, 14342, Not Active, Not Active, Not Active
2026/07/17 10:22:34.860, 1192, 877, 216.84, 76, 77, 100, 14342, Not Active, Not Active, Not Active
2026/07/17 10:22:34.912, 1192, 877, 208.22, 76, 77, 100, 14342, Not Active, Not Active, Not Active
2026/07/17 10:22:34.964, 1192, 877, 210.62, 76, 77, 100, 14342, Not Active, Not Active, Not Active
2026/07/17 10:22:35.021, 1192, 877, 206.79, 76, 77, 100, 14342, Not Active, Not Active, Not Active
2026/07/17 10:22:35.073, 1192, 877, 213.01, 76, 77, 100, 14342, Not Active, Not Active, Not Active
2026/07/17 10:22:35.124, 1192, 877, 185.28, 76, 77, 100, 14342, Not Active, Not Active, Not Active
2026/07/17 10:22:35.182, 1192, 877, 208.84, 76, 77, 100, 14342, Not Active, Not Active, Not Active
2026/07/17 10:22:35.234, 1192, 877, 215.26, 76, 77, 100, 14342, Not Active, Not Active, Not Active
2026/07/17 10:22:35.286, 1192, 877, 212.39, 76, 77, 100, 14342, Not Active, Not Active, Not Active
2026/07/17 10:22:35.342, 1192, 877, 215.40, 76, 77, 100, 14342, Not Active, Not Active, Not Active
2026/07/17 10:22:35.394, 1192, 877, 209.66, 76, 77, 100, 14342, Not Active, Not Active, Not Active
2026/07/17 10:22:35.446, 1192, 877, 214.59, 76, 77, 100, 14342, Not Active, Not Active, Not Active
2026/07/17 10:22:35.502, 1192, 877, 206.93, 76, 77, 100, 14342, Not Active, Not Active, Not Active
2026/07/17 10:22:35.555, 1192, 877, 212.87, 77, 77, 100, 14342, Not Active, Not Active, Not Active
2026/07/17 10:22:35.607, 1192, 877, 210.62, 76, 77, 100, 14342, Not Active, Not Active, Not Active
2026/07/17 10:22:35.663, 1192, 877, 213.63, 76, 77, 100, 14342, Not Active, Not Active, Not Active
2026/07/17 10:22:35.715, 1192, 877, 198.31, 76, 77, 100, 14342, Not Active, Not Active, Not Active
2026/07/17 10:22:35.767, 1192, 877, 211.09, 76, 77, 100, 14342, Not Active, Not Active, Not Active
2026/07/17 10:22:35.824, 1192, 877, 216.84, 76, 77, 100, 14342, Not Active, Not Active, Not Active
2026/07/17 10:22:35.876, 1192, 877, 207.40, 76, 77, 100, 14342, Not Active, Not Active, Not Active
2026/07/17 10:22:35.927, 1192, 877, 207.95, 76, 77, 100, 14342, Not Active, Not Active, Not Active
2026/07/17 10:22:35.985, 1192, 877, 208.84, 76, 77, 100, 14342, Not Active, Not Active, Not Active
2026/07/17 10:22:36.037, 1192, 877, 213.96, 77, 77, 100, 14342, Not Active, Not Active, Not Active
2026/07/17 10:22:36.088, 1192, 877, 207.61, 76, 77, 100, 14342, Not Active, Not Active, Not Active
2026/07/17 10:22:36.145, 1192, 877, 206.79, 76, 77, 100, 14342, Not Active, Not Active, Not Active
2026/07/17 10:22:36.197, 1192, 877, 217.79, 77, 77, 100, 14342, Not Active, Not Active, Not Active
2026/07/17 10:22:36.249, 1192, 877, 207.27, 77, 77, 100, 14342, Not Active, Not Active, Not Active
2026/07/17 10:22:36.306, 1192, 877, 213.63, 77, 77, 100, 14342, Not Active, Not Active, Not Active
2026/07/17 10:22:36.359, 1192, 877, 201.05, 76, 77, 100, 14342, Not Active, Not Active, Not Active
2026/07/17 10:22:36.410, 1192, 877, 214.59, 77, 77, 100, 14342, Not Active, Not Active, Not Active
2026/07/17 10:22:36.466, 1192, 877, 199.75, 77, 77, 100, 14342, Not Active, Not Active, Not Active
2026/07/17 10:22:36.518, 1192, 877, 213.82, 77, 77, 100, 14342, Not Active, Not Active, Not Active
2026/07/17 10:22:36.570, 1192, 877, 216.21, 77, 77, 100, 14342, Not Active, Not Active, Not Active
2026/07/17 10:22:36.627, 1192, 877, 206.31, 77, 77, 100, 14342, Not Active, Not Active, Not Active
2026/07/17 10:22:36.679, 1192, 877, 209.04, 77, 77, 100, 14342, Not Active, Not Active, Not Active
2026/07/17 10:22:36.731, 1192, 877, 204.05, 77, 77, 100, 14342, Not Active, Not Active, Not Active
2026/07/17 10:22:36.788, 1192, 877, 216.36, 77, 77, 100, 14342, Not Active, Not Active, Not Active
2026/07/17 10:22:36.839, 1192, 877, 196.26, 77, 77, 100, 14342, Not Active, Not Active, Not Active
2026/07/17 10:22:36.891, 1192, 877, 210.28, 77, 77, 100, 14342, Not Active, Not Active, Not Active
2026/07/17 10:22:36.949, 1192, 877, 201.53, 76, 77, 100, 14342, Not Active, Not Active, Not Active
2026/07/17 10:22:37.000, 1192, 877, 205.35, 77, 77, 100, 14342, Not Active, Not Active, Not Active
2026/07/17 10:22:37.052, 1192, 877, 213.15, 77, 77, 100, 14342, Not Active, Not Active, Not Active
2026/07/17 10:22:37.109, 1192, 877, 206.11, 77, 77, 100, 14342, Not Active, Not Active, Not Active
2026/07/17 10:22:37.161, 1192, 877, 209.18, 77, 77, 100, 14342, Not Active, Not Active, Not Active
2026/07/17 10:22:37.213, 1192, 877, 198.57, 77, 77, 100, 14342, Not Active, Not Active, Not Active
2026/07/17 10:22:37.269, 1192, 877, 206.79, 77, 77, 100, 14342, Not Active, Not Active, Not Active
2026/07/17 10:22:37.321, 1192, 877, 211.09, 77, 77, 100, 14342, Not Active, Not Active, Not Active
2026/07/17 10:22:37.373, 1192, 877, 205.35, 77, 77, 100, 14342, Not Active, Not Active, Not Active
2026/07/17 10:22:37.429, 1192, 877, 213.15, 77, 77, 100, 14342, Not Active, Not Active, Not Active
2026/07/17 10:22:37.481, 1192, 877, 193.39, 77, 77, 100, 14342, Not Active, Not Active, Not Active
2026/07/17 10:22:37.533, 1192, 877, 172.32, 77, 78, 100, 14342, Not Active, Not Active, Not Active
2026/07/17 10:22:37.587, 1192, 877, 209.18, 77, 77, 100, 14342, Not Active, Not Active, Not Active
2026/07/17 10:22:37.639, 1192, 877, 205.01, 77, 77, 100, 14342, Not Active, Not Active, Not Active
2026/07/17 10:22:37.691, 1192, 877, 206.31, 77, 77, 100, 14342, Not Active, Not Active, Not Active
2026/07/17 10:22:37.743, 1192, 877, 215.40, 77, 77, 100, 14342, Not Active, Not Active, Not Active
2026/07/17 10:22:37.795, 1192, 877, 210.76, 77, 77, 100, 14342, Not Active, Not Active, Not Active
2026/07/17 10:22:37.851, 1192, 877, 208.56, 77, 77, 100, 14342, Not Active, Not Active, Not Active
2026/07/17 10:22:37.903, 1192, 877, 205.97, 77, 77, 100, 14342, Not Active, Not Active, Not Active
2026/07/17 10:22:37.955, 1192, 877, 214.92, 77, 77, 100, 14342, Not Active, Not Active, Not Active
2026/07/17 10:22:38.012, 1192, 877, 206.93, 77, 77, 100, 14342, Not Active, Not Active, Not Active
2026/07/17 10:22:38.064, 1192, 877, 212.53, 77, 77, 100, 14342, Not Active, Not Active, Not Active
2026/07/17 10:22:38.116, 1192, 877, 213.34, 77, 78, 100, 14342, Not Active, Not Active, Not Active
2026/07/17 10:22:38.173, 1192, 877, 196.53, 77, 77, 100, 14342, Not Active, Not Active, Not Active
2026/07/17 10:22:38.225, 1192, 877, 210.95, 77, 77, 100, 14342, Not Active, Not Active, Not Active
2026/07/17 10:22:38.276, 1192, 877, 212.87, 77, 77, 100, 14342, Not Active, Not Active, Not Active
2026/07/17 10:22:38.333, 1192, 877, 204.26, 77, 78, 100, 14342, Not Active, Not Active, Not Active
2026/07/17 10:22:38.385, 1192, 877, 214.30, 77, 77, 100, 14342, Not Active, Not Active, Not Active
2026/07/17 10:22:38.437, 1192, 877, 198.04, 77, 78, 100, 14342, Not Active, Not Active, Not Active
2026/07/17 10:22:38.493, 1192, 877, 206.79, 77, 77, 100, 14342, Not Active, Not Active, Not Active
2026/07/17 10:22:38.545, 1192, 877, 212.87, 77, 78, 100, 14342, Not Active, Not Active, Not Active
2026/07/17 10:22:38.597, 1192, 877, 202.96, 77, 78, 100, 14342, Not Active, Not Active, Not Active
2026/07/17 10:22:38.649, 1192, 877, 210.95, 77, 77, 100, 14342, Not Active, Not Active, Not Active
2026/07/17 10:22:38.700, 1192, 877, 196.40, 77, 78, 100, 14342, Not Active, Not Active, Not Active
2026/07/17 10:22:38.755, 1192, 877, 154.78, 77, 78, 100, 14342, Not Active, Not Active, Not Active
2026/07/17 10:22:38.807, 1192, 877, 210.00, 77, 77, 100, 14342, Not Active, Not Active, Not Active
2026/07/17 10:22:38.859, 1192, 877, 197.22, 77, 78, 100, 14342, Not Active, Not Active, Not Active
2026/07/17 10:22:38.916, 1192, 877, 206.17, 77, 78, 100, 14342, Not Active, Not Active, Not Active
2026/07/17 10:22:38.968, 1192, 877, 214.78, 77, 78, 100, 14342, Not Active, Not Active, Not Active
2026/07/17 10:22:39.020, 1192, 877, 200.91, 77, 78, 100, 14342, Not Active, Not Active, Not Active
2026/07/17 10:22:39.074, 1192, 877, 213.82, 77, 78, 100, 14342, Not Active, Not Active, Not Active
2026/07/17 10:22:39.126, 1192, 877, 192.21, 77, 78, 100, 14342, Not Active, Not Active, Not Active
2026/07/17 10:22:39.181, 1192, 877, 213.01, 77, 78, 100, 14342, Not Active, Not Active, Not Active
2026/07/17 10:22:39.233, 1192, 877, 209.04, 77, 78, 100, 14342, Not Active, Not Active, Not Active
2026/07/17 10:22:39.285, 1192, 877, 205.15, 77, 78, 100, 14342, Not Active, Not Active, Not Active
2026/07/17 10:22:39.341, 1192, 877, 209.80, 77, 77, 100, 14342, Not Active, Not Active, Not Active
2026/07/17 10:22:39.393, 1192, 877, 198.18, 77, 77, 100, 14342, Not Active, Not Active, Not Active
2026/07/17 10:22:39.445, 1192, 877, 202.75, 77, 77, 100, 14342, Not Active, Not Active, Not Active
2026/07/17 10:22:39.497, 1192, 877, 205.69, 77, 78, 100, 14342, Not Active, Not Active, Not Active
2026/07/17 10:22:39.549, 1192, 877, 217.65, 77, 78, 100, 14342, Not Active, Not Active, Not Active
2026/07/17 10:22:39.603, 1192, 877, 201.05, 77, 78, 100, 14342, Not Active, Not Active, Not Active
2026/07/17 10:22:39.655, 1192, 877, 214.92, 77, 77, 100, 14342, Not Active, Not Active, Not Active
2026/07/17 10:22:39.707, 1192, 877, 191.48, 77, 78, 100, 14342, Not Active, Not Active, Not Active
2026/07/17 10:22:39.764, 1192, 877, 211.09, 77, 78, 100, 14342, Not Active, Not Active, Not Active
2026/07/17 10:22:39.816, 1192, 877, 211.24, 77, 78, 100, 14342, Not Active, Not Active, Not Active
2026/07/17 10:22:39.867, 1192, 877, 200.36, 77, 78, 100, 14342, Not Active, Not Active, Not Active
2026/07/17 10:22:39.923, 1192, 877, 208.70, 77, 77, 100, 14342, Not Active, Not Active, Not Active
2026/07/17 10:22:39.975, 1192, 877, 213.34, 77, 78, 100, 14342, Not Active, Not Active, Not Active
2026/07/17 10:22:40.027, 1192, 877, 190.30, 77, 77, 100, 14342, Not Active, Not Active, Not Active
2026/07/17 10:22:40.079, 1192, 877, 205.69, 77, 77, 100, 14342, Not Active, Not Active, Not Active
2026/07/17 10:22:40.131, 1192, 877, 215.88, 77, 78, 100, 14342, Not Active, Not Active, Not Active
2026/07/17 10:22:40.185, 1192, 877, 197.35, 77, 78, 100, 14342, Not Active, Not Active, Not Active
2026/07/17 10:22:40.236, 1192, 877, 206.79, 77, 77, 100, 14342, Not Active, Not Active, Not Active
2026/07/17 10:22:40.288, 1192, 877, 203.92, 77, 78, 100, 14342, Not Active, Not Active, Not Active
2026/07/17 10:22:40.346, 1192, 877, 204.88, 77, 78, 100, 14342, Not Active, Not Active, Not Active
2026/07/17 10:22:40.398, 1192, 877, 213.01, 77, 77, 100, 14342, Not Active, Not Active, Not Active
2026/07/17 10:22:40.449, 1192, 877, 205.63, 77, 78, 100, 14342, Not Active, Not Active, Not Active
2026/07/17 10:22:40.507, 1192, 877, 205.83, 77, 77, 100, 14342, Not Active, Not Active, Not Active
2026/07/17 10:22:40.558, 1192, 877, 217.79, 77, 78, 100, 14342, Not Active, Not Active, Not Active
2026/07/17 10:22:40.610, 1192, 877, 185.03, 77, 78, 100, 14342, Not Active, Not Active, Not Active
2026/07/17 10:22:40.683, 1192, 877, 214.92, 77, 78, 100, 14342, Not Active, Not Active, Not Active
2026/07/17 10:22:40.735, 1192, 877, 202.62, 77, 78, 100, 14342, Not Active, Not Active, Not Active
2026/07/17 10:22:40.790, 1192, 877, 210.95, 77, 78, 100, 14342, Not Active, Not Active, Not Active
2026/07/17 10:22:40.841, 1192, 877, 211.71, 77, 78, 100, 14342, Not Active, Not Active, Not Active
2026/07/17 10:22:40.893, 1192, 877, 207.88, 78, 78, 100, 14342, Not Active, Not Active, Not Active
2026/07/17 10:22:40.950, 1192, 877, 208.08, 78, 78, 100, 14342, Not Active, Not Active, Not Active
2026/07/17 10:22:41.002, 1192, 877, 192.57, 78, 78, 100, 14342, Not Active, Not Active, Not Active
2026/07/17 10:22:41.054, 1192, 877, 210.48, 77, 78, 100, 14342, Not Active, Not Active, Not Active
2026/07/17 10:22:41.106, 1192, 877, 210.95, 78, 78, 100, 14342, Not Active, Not Active, Not Active
2026/07/17 10:22:41.158, 1192, 877, 193.04, 78, 78, 100, 14342, Not Active, Not Active, Not Active
2026/07/17 10:22:41.211, 1192, 877, 208.22, 78, 78, 100, 14342, Not Active, Not Active, Not Active
2026/07/17 10:22:41.263, 1192, 877, 193.04, 77, 77, 100, 14342, Not Active, Not Active, Not Active
2026/07/17 10:22:41.315, 1192, 877, 217.31, 77, 78, 100, 14342, Not Active, Not Active, Not Active
2026/07/17 10:22:41.367, 1192, 877, 202.27, 77, 78, 100, 14342, Not Active, Not Active, Not Active
2026/07/17 10:22:41.419, 1192, 877, 209.86, 77, 78, 100, 14342, Not Active, Not Active, Not Active
2026/07/17 10:22:41.473, 1192, 877, 218.27, 78, 78, 100, 14342, Not Active, Not Active, Not Active
2026/07/17 10:22:41.525, 1192, 877, 199.13, 78, 78, 100, 14342, Not Active, Not Active, Not Active
2026/07/17 10:22:41.577, 1192, 877, 207.88, 78, 78, 100, 14342, Not Active, Not Active, Not Active
2026/07/17 10:22:41.634, 1192, 877, 189.82, 78, 78, 100, 14342, Not Active, Not Active, Not Active
2026/07/17 10:22:41.686, 1192, 877, 208.56, 78, 78, 100, 14342, Not Active, Not Active, Not Active
2026/07/17 10:22:41.738, 1192, 877, 214.59, 78, 78, 100, 14342, Not Active, Not Active, Not Active
2026/07/17 10:22:41.795, 1192, 877, 199.40, 78, 78, 100, 14342, Not Active, Not Active, Not Active
2026/07/17 10:22:41.846, 1192, 877, 207.13, 78, 78, 100, 14342, Not Active, Not Active, Not Active
2026/07/17 10:22:41.898, 1192, 877, 200.23, 77, 77, 100, 14342, Not Active, Not Active, Not Active
2026/07/17 10:22:41.954, 1192, 877, 194.61, 78, 78, 100, 14342, Not Active, Not Active, Not Active
2026/07/17 10:22:42.006, 1192, 877, 207.07, 78, 78, 100, 14342, Not Active, Not Active, Not Active
2026/07/17 10:22:42.057, 1192, 877, 209.18, 78, 78, 100, 14342, Not Active, Not Active, Not Active
2026/07/17 10:22:42.110, 1192, 877, 202.62, 78, 78, 100, 14342, Not Active, Not Active, Not Active
2026/07/17 10:22:42.162, 1192, 877, 207.27, 78, 78, 100, 14342, Not Active, Not Active, Not Active
2026/07/17 10:22:42.216, 1192, 877, 212.05, 78, 78, 100, 14342, Not Active, Not Active, Not Active
2026/07/17 10:22:42.267, 1192, 877, 203.23, 78, 78, 100, 14342, Not Active, Not Active, Not Active
2026/07/17 10:22:42.319, 1192, 877, 199.27, 78, 78, 100, 14342, Not Active, Not Active, Not Active
2026/07/17 10:22:42.371, 1192, 877, 213.01, 78, 78, 100, 14342, Not Active, Not Active, Not Active
2026/07/17 10:22:42.423, 1192, 877, 201.18, 78, 78, 100, 14342, Not Active, Not Active, Not Active
2026/07/17 10:22:42.477, 1192, 877, 201.32, 78, 78, 100, 14342, Not Active, Not Active, Not Active
2026/07/17 10:22:42.529, 1192, 877, 179.28, 78, 78, 100, 14342, Not Active, Not Active, Not Active
2026/07/17 10:22:42.580, 1192, 877, 212.24, 78, 78, 100, 14342, Not Active, Not Active, Not Active
2026/07/17 10:22:42.638, 1192, 877, 194.35, 78, 78, 100, 14342, Not Active, Not Active, Not Active
2026/07/17 10:22:42.690, 1192, 877, 204.74, 78, 78, 100, 14342, Not Active, Not Active, Not Active
2026/07/17 10:22:42.741, 1192, 877, 217.17, 78, 78, 100, 14342, Not Active, Not Active, Not Active
2026/07/17 10:22:42.799, 1192, 877, 202.27, 78, 78, 100, 14342, Not Active, Not Active, Not Active
2026/07/17 10:22:42.850, 1192, 877, 205.22, 78, 78, 100, 14342, Not Active, Not Active, Not Active
2026/07/17 10:22:42.902, 1192, 877, 207.74, 78, 78, 100, 14342, Not Active, Not Active, Not Active
2026/07/17 10:22:42.959, 1192, 877, 199.27, 78, 78, 100, 14342, Not Active, Not Active, Not Active
2026/07/17 10:22:43.011, 1192, 877, 210.48, 78, 78, 100, 14342, Not Active, Not Active, Not Active
2026/07/17 10:22:43.063, 1192, 877, 197.48, 78, 78, 100, 14342, Not Active, Not Active, Not Active
2026/07/17 10:22:43.119, 1192, 877, 196.74, 78, 78, 100, 14342, Not Active, Not Active, Not Active
2026/07/17 10:22:43.171, 1192, 877, 176.89, 77, 78, 100, 14342, Not Active, Not Active, Not Active
2026/07/17 10:22:43.222, 1192, 877, 210.95, 78, 78, 100, 14342, Not Active, Not Active, Not Active
2026/07/17 10:22:43.280, 1192, 877, 193.26, 78, 78, 100, 14342, Not Active, Not Active, Not Active
2026/07/17 10:22:43.332, 1192, 877, 204.05, 78, 78, 100, 14342, Not Active, Not Active, Not Active
2026/07/17 10:22:43.383, 1192, 877, 213.20, 78, 78, 100, 14342, Not Active, Not Active, Not Active
2026/07/17 10:22:43.440, 1192, 877, 201.18, 78, 78, 100, 14342, Not Active, Not Active, Not Active
2026/07/17 10:22:43.492, 1192, 877, 203.78, 78, 78, 100, 14342, Not Active, Not Active, Not Active
2026/07/17 10:22:43.544, 1192, 877, 217.65, 78, 78, 100, 14342, Not Active, Not Active, Not Active
2026/07/17 10:22:43.602, 1192, 877, 194.48, 78, 78, 100, 14342, Not Active, Not Active, Not Active
2026/07/17 10:22:43.654, 1192, 877, 204.74, 78, 78, 100, 14342, Not Active, Not Active, Not Active
2026/07/17 10:22:43.705, 1192, 877, 209.18, 78, 79, 100, 14342, Not Active, Not Active, Not Active
2026/07/17 10:22:43.762, 1192, 877, 195.44, 78, 78, 100, 14342, Not Active, Not Active, Not Active
2026/07/17 10:22:43.813, 1192, 877, 161.51, 78, 78, 100, 14342, Not Active, Not Active, Not Active
2026/07/17 10:22:43.865, 1192, 877, 208.22, 78, 78, 100, 14342, Not Active, Not Active, Not Active
2026/07/17 10:22:43.922, 1192, 877, 192.69, 78, 78, 100, 14342, Not Active, Not Active, Not Active
2026/07/17 10:22:43.974, 1192, 877, 203.10, 78, 78, 100, 14342, Not Active, Not Active, Not Active
2026/07/17 10:22:44.026, 1192, 877, 210.28, 78, 78, 100, 14342, Not Active, Not Active, Not Active
2026/07/17 10:22:44.083, 1192, 877, 190.90, 78, 78, 100, 14342, Not Active, Not Active, Not Active
2026/07/17 10:22:44.135, 1192, 877, 202.14, 78, 78, 100, 14342, Not Active, Not Active, Not Active
2026/07/17 10:22:44.186, 1192, 877, 209.04, 78, 78, 100, 14342, Not Active, Not Active, Not Active
2026/07/17 10:22:44.244, 1192, 877, 181.32, 78, 78, 100, 14342, Not Active, Not Active, Not Active
2026/07/17 10:22:44.296, 1192, 877, 201.05, 78, 78, 100, 14342, Not Active, Not Active, Not Active
2026/07/17 10:22:44.347, 1192, 877, 211.09, 78, 78, 100, 14342, Not Active, Not Active, Not Active
2026/07/17 10:22:44.404, 1192, 877, 186.11, 78, 78, 100, 14342, Not Active, Not Active, Not Active
2026/07/17 10:22:44.456, 1192, 877, 148.64, 78, 78, 100, 14342, Not Active, Not Active, Not Active
2026/07/17 10:22:44.508, 1192, 877, 204.40, 78, 78, 100, 14342, Not Active, Not Active, Not Active
2026/07/17 10:22:44.564, 1192, 877, 216.98, 78, 78, 100, 14342, Not Active, Not Active, Not Active
2026/07/17 10:22:44.616, 1192, 877, 185.38, 78, 78, 100, 14342, Not Active, Not Active, Not Active
2026/07/17 10:22:44.668, 1192, 877, 205.97, 78, 78, 100, 14342, Not Active, Not Active, Not Active
2026/07/17 10:22:44.725, 1192, 877, 210.62, 78, 78, 100, 14342, Not Active, Not Active, Not Active
2026/07/17 10:22:44.776, 1192, 877, 181.44, 78, 78, 100, 14342, Not Active, Not Active, Not Active
2026/07/17 10:22:44.828, 1192, 877, 203.30, 78, 78, 100, 14342, Not Active, Not Active, Not Active
2026/07/17 10:22:44.880, 1192, 877, 210.95, 78, 78, 100, 14342, Not Active, Not Active, Not Active
2026/07/17 10:22:44.932, 1192, 877, 200.70, 78, 79, 100, 14342, Not Active, Not Active, Not Active
2026/07/17 10:22:44.986, 1192, 877, 199.27, 78, 79, 100, 14342, Not Active, Not Active, Not Active
2026/07/17 10:22:45.038, 1192, 877, 206.65, 78, 78, 100, 14342, Not Active, Not Active, Not Active
2026/07/17 10:22:45.090, 1192, 877, 203.92, 78, 79, 100, 14342, Not Active, Not Active, Not Active
2026/07/17 10:22:45.147, 1192, 877, 177.48, 78, 78, 100, 14342, Not Active, Not Active, Not Active
2026/07/17 10:22:45.198, 1192, 877, 199.75, 78, 78, 100, 14342, Not Active, Not Active, Not Active
2026/07/17 10:22:45.250, 1192, 877, 208.56, 78, 78, 100, 14342, Not Active, Not Active, Not Active
2026/07/17 10:22:45.307, 1192, 877, 196.05, 78, 79, 100, 14342, Not Active, Not Active, Not Active
2026/07/17 10:22:45.359, 1192, 877, 197.48, 78, 79, 100, 14342, Not Active, Not Active, Not Active
2026/07/17 10:22:45.411, 1192, 877, 212.67, 78, 78, 100, 14342, Not Active, Not Active, Not Active
2026/07/17 10:22:45.468, 1192, 877, 203.44, 78, 78, 100, 14342, Not Active, Not Active, Not Active
2026/07/17 10:22:45.519, 1192, 877, 194.48, 78, 79, 100, 14342, Not Active, Not Active, Not Active
2026/07/17 10:22:45.571, 1192, 877, 212.39, 78, 78, 100, 14342, Not Active, Not Active, Not Active
2026/07/17 10:22:45.628, 1192, 877, 211.43, 78, 78, 100, 14342, Not Active, Not Active, Not Active
2026/07/17 10:22:45.680, 1192, 877, 198.10, 78, 79, 100, 14342, Not Active, Not Active, Not Active
2026/07/17 10:22:45.732, 1192, 877, 209.32, 78, 78, 100, 14342, Not Active, Not Active, Not Active
2026/07/17 10:22:45.788, 1192, 877, 194.00, 78, 77, 100, 14342, Not Active, Not Active, Not Active
2026/07/17 10:22:45.840, 1192, 877, 213.01, 78, 78, 100, 14342, Not Active, Not Active, Not Active
2026/07/17 10:22:45.891, 1192, 877, 189.21, 78, 79, 100, 14342, Not Active, Not Active, Not Active
2026/07/17 10:22:45.943, 1192, 877, 209.32, 78, 78, 100, 14342, Not Active, Not Active, Not Active
2026/07/17 10:22:45.995, 1192, 877, 214.92, 78, 78, 100, 14342, Not Active, Not Active, Not Active
2026/07/17 10:22:46.050, 1192, 877, 179.88, 78, 79, 100, 14342, Not Active, Not Active, Not Active
2026/07/17 10:22:46.102, 1192, 877, 200.70, 78, 79, 100, 14342, Not Active, Not Active, Not Active
2026/07/17 10:22:46.154, 1192, 877, 212.53, 78, 78, 100, 14342, Not Active, Not Active, Not Active
2026/07/17 10:22:46.211, 1192, 877, 197.35, 78, 79, 100, 14342, Not Active, Not Active, Not Active
2026/07/17 10:22:46.262, 1192, 877, 194.00, 78, 78, 100, 14342, Not Active, Not Active, Not Active
2026/07/17 10:22:46.314, 1192, 877, 208.08, 78, 78, 100, 14342, Not Active, Not Active, Not Active
2026/07/17 10:22:46.371, 1192, 877, 214.30, 78, 79, 100, 14342, Not Active, Not Active, Not Active
2026/07/17 10:22:46.422, 1192, 877, 188.63, 78, 79, 100, 14342, Not Active, Not Active, Not Active
2026/07/17 10:22:46.474, 1192, 877, 196.05, 78, 78, 100, 14342, Not Active, Not Active, Not Active
2026/07/17 10:22:46.530, 1192, 877, 207.27, 78, 78, 100, 14342, Not Active, Not Active, Not Active
2026/07/17 10:22:46.582, 1192, 877, 216.69, 78, 79, 100, 14342, Not Active, Not Active, Not Active
2026/07/17 10:22:46.633, 1192, 877, 177.60, 78, 78, 100, 14342, Not Active, Not Active, Not Active
2026/07/17 10:22:46.685, 1192, 877, 199.61, 78, 79, 100, 14342, Not Active, Not Active, Not Active
2026/07/17 10:22:46.737, 1192, 877, 212.19, 78, 78, 100, 14342, Not Active, Not Active, Not Active
2026/07/17 10:22:46.792, 1192, 877, 214.11, 78, 79, 100, 14342, Not Active, Not Active, Not Active
2026/07/17 10:22:46.844, 1192, 877, 190.78, 78, 78, 100, 14342, Not Active, Not Active, Not Active
2026/07/17 10:22:46.895, 1192, 877, 211.85, 78, 79, 100, 14342, Not Active, Not Active, Not Active
2026/07/17 10:22:46.952, 1192, 877, 211.57, 78, 79, 100, 14342, Not Active, Not Active, Not Active
2026/07/17 10:22:47.004, 1192, 877, 178.44, 78, 79, 100, 14342, Not Active, Not Active, Not Active
2026/07/17 10:22:47.055, 1192, 877, 197.83, 78, 79, 100, 14342, Not Active, Not Active, Not Active
2026/07/17 10:22:47.108, 1192, 877, 175.80, 78, 78, 100, 14342, Not Active, Not Active, Not Active
2026/07/17 10:22:47.159, 1192, 877, 207.13, 78, 78, 100, 14342, Not Active, Not Active, Not Active
2026/07/17 10:22:47.213, 1192, 877, 203.58, 78, 79, 100, 14342, Not Active, Not Active, Not Active
2026/07/17 10:22:47.265, 1192, 877, 191.74, 78, 79, 100, 14342, Not Active, Not Active, Not Active
2026/07/17 10:22:47.317, 1192, 877, 213.01, 78, 78, 100, 14342, Not Active, Not Active, Not Active
2026/07/17 10:22:47.374, 1192, 877, 215.26, 78, 79, 100, 14342, Not Active, Not Active, Not Active
2026/07/17 10:22:47.426, 1192, 877, 182.76, 79, 79, 100, 14342, Not Active, Not Active, Not Active
2026/07/17 10:22:47.478, 1192, 877, 204.53, 79, 78, 100, 14342, Not Active, Not Active, Not Active
2026/07/17 10:22:47.534, 1192, 877, 210.28, 78, 79, 100, 14342, Not Active, Not Active, Not Active
2026/07/17 10:22:47.586, 1192, 877, 200.23, 79, 79, 100, 14342, Not Active, Not Active, Not Active
2026/07/17 10:22:47.638, 1192, 877, 191.13, 79, 79, 100, 14342, Not Active, Not Active, Not Active
2026/07/17 10:22:47.690, 1192, 877, 206.59, 79, 79, 100, 14342, Not Active, Not Active, Not Active
2026/07/17 10:22:47.742, 1192, 877, 209.18, 78, 79, 100, 14342, Not Active, Not Active, Not Active
2026/07/17 10:22:47.796, 1192, 877, 202.96, 78, 78, 100, 14342, Not Active, Not Active, Not Active
2026/07/17 10:22:47.848, 1192, 877, 177.60, 79, 79, 100, 14342, Not Active, Not Active, Not Active
2026/07/17 10:22:47.899, 1192, 877, 205.35, 78, 78, 100, 14342, Not Active, Not Active, Not Active
2026/07/17 10:22:47.956, 1192, 877, 208.22, 78, 78, 100, 14342, Not Active, Not Active, Not Active
2026/07/17 10:22:48.008, 1192, 877, 209.80, 79, 79, 100, 14342, Not Active, Not Active, Not Active
2026/07/17 10:22:48.059, 1192, 877, 191.86, 79, 79, 100, 14342, Not Active, Not Active, Not Active
2026/07/17 10:22:48.111, 1192, 877, 205.97, 79, 79, 100, 14342, Not Active, Not Active, Not Active
2026/07/17 10:22:48.163, 1192, 877, 210.62, 78, 79, 100, 14342, Not Active, Not Active, Not Active
2026/07/17 10:22:48.218, 1192, 877, 197.48, 79, 79, 100, 14342, Not Active, Not Active, Not Active
2026/07/17 10:22:48.270, 1192, 877, 194.96, 79, 79, 100, 14342, Not Active, Not Active, Not Active
2026/07/17 10:22:48.321, 1192, 877, 212.67, 79, 78, 100, 14342, Not Active, Not Active, Not Active
2026/07/17 10:22:48.378, 1192, 877, 210.76, 79, 79, 100, 14342, Not Active, Not Active, Not Active
2026/07/17 10:22:48.430, 1192, 877, 174.72, 79, 79, 100, 14342, Not Active, Not Active, Not Active
2026/07/17 10:22:48.481, 1192, 877, 183.71, 78, 79, 100, 14342, Not Active, Not Active, Not Active
2026/07/17 10:22:48.536, 1192, 877, 201.18, 78, 79, 100, 14342, Not Active, Not Active, Not Active
2026/07/17 10:22:48.588, 1192, 877, 210.62, 79, 78, 100, 14342, Not Active, Not Active, Not Active
2026/07/17 10:22:48.640, 1192, 877, 214.92, 79, 79, 100, 14342, Not Active, Not Active, Not Active
2026/07/17 10:22:48.691, 1192, 877, 182.63, 79, 79, 100, 14342, Not Active, Not Active, Not Active
2026/07/17 10:22:48.743, 1192, 877, 208.36, 79, 79, 100, 14342, Not Active, Not Active, Not Active
2026/07/17 10:22:48.799, 1192, 877, 209.66, 79, 79, 100, 14342, Not Active, Not Active, Not Active
2026/07/17 10:22:48.851, 1192, 877, 203.10, 79, 79, 100, 14342, Not Active, Not Active, Not Active
2026/07/17 10:22:48.903, 1192, 877, 191.86, 79, 79, 100, 14342, Not Active, Not Active, Not Active
2026/07/17 10:22:48.959, 1192, 877, 204.40, 79, 79, 100, 14342, Not Active, Not Active, Not Active
2026/07/17 10:22:49.011, 1192, 877, 210.62, 79, 79, 100, 14342, Not Active, Not Active, Not Active
2026/07/17 10:22:49.062, 1192, 877, 195.44, 79, 79, 100, 14342, Not Active, Not Active, Not Active
2026/07/17 10:22:49.114, 1192, 877, 194.00, 79, 79, 100, 14342, Not Active, Not Active, Not Active
2026/07/17 10:22:49.166, 1192, 877, 194.39, 78, 79, 100, 14342, Not Active, Not Active, Not Active
2026/07/17 10:22:49.220, 1192, 877, 205.35, 79, 78, 100, 14342, Not Active, Not Active, Not Active
2026/07/17 10:22:49.272, 1192, 877, 208.56, 79, 79, 100, 14342, Not Active, Not Active, Not Active
2026/07/17 10:22:49.324, 1192, 877, 200.70, 79, 79, 100, 14342, Not Active, Not Active, Not Active
2026/07/17 10:22:49.376, 1192, 877, 187.30, 79, 79, 100, 14342, Not Active, Not Active, Not Active
2026/07/17 10:22:49.428, 1192, 877, 202.62, 79, 79, 100, 14342, Not Active, Not Active, Not Active
2026/07/17 10:22:49.482, 1192, 877, 208.56, 78, 79, 100, 14342, Not Active, Not Active, Not Active
2026/07/17 10:22:49.534, 1192, 877, 204.53, 79, 79, 100, 14342, Not Active, Not Active, Not Active
2026/07/17 10:22:49.585, 1192, 877, 186.47, 79, 79, 100, 14342, Not Active, Not Active, Not Active
2026/07/17 10:22:49.637, 1192, 877, 205.83, 79, 79, 100, 14342, Not Active, Not Active, Not Active
2026/07/17 10:22:49.689, 1192, 877, 211.24, 79, 79, 100, 14342, Not Active, Not Active, Not Active
2026/07/17 10:22:49.743, 1192, 877, 203.92, 79, 79, 100, 14342, Not Active, Not Active, Not Active
2026/07/17 10:22:49.795, 1192, 877, 186.47, 79, 79, 100, 14342, Not Active, Not Active, Not Active
2026/07/17 10:22:49.847, 1192, 877, 189.47, 78, 79, 100, 14342, Not Active, Not Active, Not Active
2026/07/17 10:22:49.903, 1192, 877, 202.00, 79, 79, 100, 14342, Not Active, Not Active, Not Active
2026/07/17 10:22:49.954, 1192, 877, 207.88, 79, 79, 100, 14342, Not Active, Not Active, Not Active
2026/07/17 10:22:50.006, 1192, 877, 207.88, 79, 79, 100, 14342, Not Active, Not Active, Not Active
2026/07/17 10:22:50.058, 1192, 877, 187.68, 79, 79, 100, 14342, Not Active, Not Active, Not Active
2026/07/17 10:22:50.110, 1192, 877, 206.59, 79, 79, 100, 14342, Not Active, Not Active, Not Active
2026/07/17 10:22:50.164, 1192, 877, 208.42, 79, 78, 100, 14342, Not Active, Not Active, Not Active
2026/07/17 10:22:50.216, 1192, 877, 218.75, 79, 79, 100, 14342, Not Active, Not Active, Not Active
2026/07/17 10:22:50.267, 1192, 877, 176.16, 79, 79, 100, 14342, Not Active, Not Active, Not Active
2026/07/17 10:22:50.320, 1192, 877, 198.79, 79, 79, 100, 14342, Not Active, Not Active, Not Active
2026/07/17 10:22:50.371, 1192, 877, 206.31, 79, 79, 100, 14342, Not Active, Not Active, Not Active
2026/07/17 10:22:50.426, 1192, 877, 214.11, 79, 79, 100, 14342, Not Active, Not Active, Not Active
2026/07/17 10:22:50.477, 1192, 877, 178.92, 79, 79, 100, 14342, Not Active, Not Active, Not Active
2026/07/17 10:22:50.529, 1192, 877, 174.13, 78, 79, 100, 14342, Not Active, Not Active, Not Active
2026/07/17 10:22:50.584, 1192, 877, 196.13, 79, 79, 100, 14342, Not Active, Not Active, Not Active
2026/07/17 10:22:50.636, 1192, 877, 212.05, 79, 79, 100, 14342, Not Active, Not Active, Not Active
2026/07/17 10:22:50.688, 1192, 877, 213.96, 79, 79, 100, 14342, Not Active, Not Active, Not Active
2026/07/17 10:22:50.740, 1192, 877, 194.13, 79, 79, 100, 14342, Not Active, Not Active, Not Active
2026/07/17 10:22:50.791, 1192, 877, 191.26, 79, 79, 100, 14342, Not Active, Not Active, Not Active
2026/07/17 10:22:50.846, 1192, 877, 205.01, 79, 79, 100, 14342, Not Active, Not Active, Not Active
2026/07/17 10:22:50.898, 1192, 877, 208.08, 79, 79, 100, 14342, Not Active, Not Active, Not Active
2026/07/17 10:22:50.949, 1192, 877, 204.40, 79, 79, 100, 14342, Not Active, Not Active, Not Active
2026/07/17 10:22:51.002, 1192, 877, 185.63, 79, 79, 100, 14342, Not Active, Not Active, Not Active
2026/07/17 10:22:51.053, 1192, 877, 204.88, 79, 79, 100, 14342, Not Active, Not Active, Not Active
2026/07/17 10:22:51.107, 1192, 877, 213.63, 79, 79, 100, 14342, Not Active, Not Active, Not Active
2026/07/17 10:22:51.159, 1192, 877, 216.50, 79, 79, 100, 14342, Not Active, Not Active, Not Active
2026/07/17 10:22:51.211, 1192, 877, 204.40, 78, 79, 100, 14342, Not Active, Not Active, Not Active
2026/07/17 10:22:51.263, 1192, 877, 173.28, 79, 79, 100, 14342, Not Active, Not Active, Not Active
2026/07/17 10:22:51.315, 1192, 877, 193.65, 79, 79, 100, 14342, Not Active, Not Active, Not Active
2026/07/17 10:22:51.368, 1192, 877, 204.53, 79, 79, 100, 14342, Not Active, Not Active, Not Active
2026/07/17 10:22:51.419, 1192, 877, 209.66, 79, 79, 100, 14342, Not Active, Not Active, Not Active
2026/07/17 10:22:51.471, 1192, 877, 207.07, 79, 79, 100, 14342, Not Active, Not Active, Not Active
2026/07/17 10:22:51.523, 1192, 877, 177.96, 79, 79, 100, 14342, Not Active, Not Active, Not Active
2026/07/17 10:22:51.575, 1192, 877, 199.27, 79, 79, 100, 14342, Not Active, Not Active, Not Active
2026/07/17 10:22:51.629, 1192, 877, 208.56, 79, 79, 100, 14342, Not Active, Not Active, Not Active
2026/07/17 10:22:51.681, 1192, 877, 210.81, 79, 79, 100, 14342, Not Active, Not Active, Not Active
2026/07/17 10:22:51.733, 1192, 877, 179.04, 79, 79, 100, 14342, Not Active, Not Active, Not Active
2026/07/17 10:22:51.785, 1192, 877, 191.26, 79, 79, 100, 14342, Not Active, Not Active, Not Active
2026/07/17 10:22:51.837, 1192, 877, 201.66, 79, 79, 100, 14342, Not Active, Not Active, Not Active
2026/07/17 10:22:51.891, 1192, 877, 171.25, 78, 78, 100, 14342, Not Active, Not Active, Not Active
2026/07/17 10:22:51.943, 1192, 877, 212.67, 79, 79, 100, 14342, Not Active, Not Active, Not Active
2026/07/17 10:22:51.995, 1192, 877, 190.30, 79, 79, 100, 14342, Not Active, Not Active, Not Active
2026/07/17 10:22:52.052, 1192, 877, 188.86, 79, 79, 100, 14342, Not Active, Not Active, Not Active
2026/07/17 10:22:52.104, 1192, 877, 207.27, 79, 79, 100, 14342, Not Active, Not Active, Not Active
2026/07/17 10:22:52.156, 1192, 877, 208.22, 79, 79, 100, 14342, Not Active, Not Active, Not Active
2026/07/17 10:22:52.212, 1192, 877, 205.35, 79, 79, 100, 14342, Not Active, Not Active, Not Active
2026/07/17 10:22:52.264, 1192, 877, 183.48, 79, 79, 100, 14342, Not Active, Not Active, Not Active
2026/07/17 10:22:52.316, 1192, 877, 202.48, 79, 79, 100, 14342, Not Active, Not Active, Not Active
2026/07/17 10:22:52.372, 1192, 877, 207.61, 79, 79, 100, 14342, Not Active, Not Active, Not Active
2026/07/17 10:22:52.424, 1192, 877, 216.21, 79, 79, 100, 14342, Not Active, Not Active, Not Active
2026/07/17 10:22:52.476, 1192, 877, 171.96, 79, 79, 100, 14342, Not Active, Not Active, Not Active
2026/07/17 10:22:52.528, 1192, 877, 191.86, 79, 79, 100, 14342, Not Active, Not Active, Not Active
2026/07/17 10:22:52.580, 1192, 877, 126.13, 79, 78, 100, 14342, Not Active, Not Active, Not Active
2026/07/17 10:22:52.632, 1192, 877, 205.01, 79, 79, 100, 14342, Not Active, Not Active, Not Active
2026/07/17 10:22:52.684, 1192, 877, 210.14, 79, 79, 100, 14342, Not Active, Not Active, Not Active
2026/07/17 10:22:52.736, 1192, 877, 212.72, 79, 79, 100, 14342, Not Active, Not Active, Not Active
2026/07/17 10:22:52.787, 1192, 877, 183.00, 79, 79, 100, 14342, Not Active, Not Active, Not Active
2026/07/17 10:22:52.839, 1192, 877, 193.65, 79, 79, 100, 14342, Not Active, Not Active, Not Active
2026/07/17 10:22:52.894, 1192, 877, 203.92, 79, 79, 100, 14342, Not Active, Not Active, Not Active
2026/07/17 10:22:52.946, 1192, 877, 209.66, 79, 79, 100, 14342, Not Active, Not Active, Not Active
2026/07/17 10:22:52.998, 1192, 877, 211.71, 79, 79, 100, 14342, Not Active, Not Active, Not Active
2026/07/17 10:22:53.050, 1192, 877, 172.44, 79, 79, 100, 14342, Not Active, Not Active, Not Active
2026/07/17 10:22:53.102, 1192, 877, 191.96, 79, 79, 100, 14342, Not Active, Not Active, Not Active
2026/07/17 10:22:53.155, 1192, 877, 205.83, 79, 79, 100, 14342, Not Active, Not Active, Not Active
2026/07/17 10:22:53.207, 1192, 877, 208.84, 79, 79, 100, 14342, Not Active, Not Active, Not Active
2026/07/17 10:22:53.258, 1192, 877, 207.40, 79, 79, 100, 14342, Not Active, Not Active, Not Active
2026/07/17 10:22:53.310, 1192, 877, 205.49, 79, 79, 100, 14342, Not Active, Not Active, Not Active
2026/07/17 10:22:53.362, 1192, 877, 166.20, 79, 79, 100, 14342, Not Active, Not Active, Not Active
2026/07/17 10:22:53.416, 1192, 877, 192.69, 79, 79, 100, 14342, Not Active, Not Active, Not Active
2026/07/17 10:22:53.467, 1192, 877, 203.58, 79, 79, 100, 14342, Not Active, Not Active, Not Active
2026/07/17 10:22:53.519, 1192, 877, 212.19, 79, 79, 100, 14342, Not Active, Not Active, Not Active
2026/07/17 10:22:53.571, 1192, 877, 215.88, 79, 79, 100, 14342, Not Active, Not Active, Not Active
2026/07/17 10:22:53.624, 1192, 877, 166.57, 79, 79, 100, 14342, Not Active, Not Active, Not Active
2026/07/17 10:22:53.677, 1192, 877, 190.65, 79, 79, 100, 14342, Not Active, Not Active, Not Active
2026/07/17 10:22:53.729, 1192, 877, 204.40, 79, 79, 100, 14342, Not Active, Not Active, Not Active
2026/07/17 10:22:53.780, 1192, 877, 210.48, 79, 79, 100, 14342, Not Active, Not Active, Not Active
2026/07/17 10:22:53.833, 1192, 877, 218.27, 79, 79, 100, 14342, Not Active, Not Active, Not Active
2026/07/17 10:22:53.884, 1192, 877, 167.16, 79, 79, 100, 14342, Not Active, Not Active, Not Active
2026/07/17 10:22:53.938, 1192, 877, 191.38, 79, 79, 100, 14342, Not Active, Not Active, Not Active
2026/07/17 10:22:53.990, 1192, 877, 122.76, 79, 79, 100, 14342, Not Active, Not Active, Not Active
2026/07/17 10:22:54.041, 1192, 877, 203.58, 79, 79, 100, 14342, Not Active, Not Active, Not Active
2026/07/17 10:22:54.093, 1192, 877, 210.76, 79, 79, 100, 14342, Not Active, Not Active, Not Active
2026/07/17 10:22:54.145, 1192, 877, 214.78, 79, 79, 100, 14342, Not Active, Not Active, Not Active
2026/07/17 10:22:54.200, 1192, 877, 176.64, 79, 79, 100, 14342, Not Active, Not Active, Not Active
2026/07/17 10:22:54.252, 1192, 877, 189.82, 79, 80, 100, 14342, Not Active, Not Active, Not Active
2026/07/17 10:22:54.304, 1192, 877, 202.14, 79, 79, 100, 14342, Not Active, Not Active, Not Active
2026/07/17 10:22:54.360, 1192, 877, 209.52, 79, 79, 100, 14342, Not Active, Not Active, Not Active
2026/07/17 10:22:54.412, 1192, 877, 213.82, 79, 79, 100, 14342, Not Active, Not Active, Not Active
2026/07/17 10:22:54.464, 1192, 877, 174.72, 79, 79, 100, 14342, Not Active, Not Active, Not Active
2026/07/17 10:22:54.519, 1192, 877, 196.87, 79, 79, 100, 14342, Not Active, Not Active, Not Active
2026/07/17 10:22:54.571, 1192, 877, 203.58, 79, 79, 100, 14342, Not Active, Not Active, Not Active
2026/07/17 10:22:54.622, 1192, 877, 209.80, 79, 79, 100, 14342, Not Active, Not Active, Not Active
2026/07/17 10:22:54.674, 1192, 877, 213.20, 79, 79, 100, 14342, Not Active, Not Active, Not Active
2026/07/17 10:22:54.726, 1192, 877, 207.13, 79, 79, 100, 14342, Not Active, Not Active, Not Active
2026/07/17 10:22:54.782, 1192, 877, 175.20, 79, 79, 100, 14342, Not Active, Not Active, Not Active
2026/07/17 10:22:54.833, 1192, 877, 187.78, 79, 79, 100, 14342, Not Active, Not Active, Not Active
2026/07/17 10:22:54.886, 1192, 877, 202.48, 79, 79, 100, 14342, Not Active, Not Active, Not Active
2026/07/17 10:22:54.942, 1192, 877, 207.61, 79, 79, 100, 14342, Not Active, Not Active, Not Active
2026/07/17 10:22:54.994, 1192, 877, 218.60, 79, 79, 100, 14342, Not Active, Not Active, Not Active
2026/07/17 10:22:55.046, 1192, 877, 165.87, 79, 79, 100, 14342, Not Active, Not Active, Not Active
2026/07/17 10:22:55.101, 1192, 877, 191.74, 79, 79, 100, 14342, Not Active, Not Active, Not Active
2026/07/17 10:22:55.153, 1192, 877, 205.01, 79, 79, 100, 14342, Not Active, Not Active, Not Active
2026/07/17 10:22:55.205, 1192, 877, 209.18, 79, 79, 100, 14342, Not Active, Not Active, Not Active
2026/07/17 10:22:55.256, 1192, 877, 212.39, 79, 79, 100, 14342, Not Active, Not Active, Not Active
2026/07/17 10:22:55.308, 1192, 877, 172.92, 79, 79, 100, 14342, Not Active, Not Active, Not Active
2026/07/17 10:22:55.363, 1192, 877, 191.99, 79, 79, 100, 14342, Not Active, Not Active, Not Active
2026/07/17 10:22:55.415, 1192, 877, 118.19, 79, 79, 100, 14342, Not Active, Not Active, Not Active
2026/07/17 10:22:55.467, 1192, 877, 201.87, 79, 79, 100, 14342, Not Active, Not Active, Not Active
2026/07/17 10:22:55.523, 1192, 877, 209.18, 79, 79, 100, 14342, Not Active, Not Active, Not Active
2026/07/17 10:22:55.575, 1192, 877, 215.07, 79, 79, 100, 14342, Not Active, Not Active, Not Active
2026/07/17 10:22:55.627, 1192, 877, 194.61, 79, 80, 100, 14342, Not Active, Not Active, Not Active
2026/07/17 10:22:55.679, 1192, 877, 182.88, 79, 80, 100, 14342, Not Active, Not Active, Not Active
2026/07/17 10:22:55.732, 1192, 877, 200.84, 79, 80, 100, 14342, Not Active, Not Active, Not Active
2026/07/17 10:22:55.784, 1192, 877, 203.10, 79, 80, 100, 14342, Not Active, Not Active, Not Active
2026/07/17 10:22:55.836, 1192, 877, 207.88, 79, 79, 100, 14342, Not Active, Not Active, Not Active
2026/07/17 10:22:55.889, 1192, 877, 188.03, 79, 80, 100, 14342, Not Active, Not Active, Not Active
2026/07/17 10:22:55.947, 1192, 877, 180.36, 79, 79, 100, 14342, Not Active, Not Active, Not Active
2026/07/17 10:22:55.998, 1192, 877, 194.83, 79, 79, 100, 14342, Not Active, Not Active, Not Active
2026/07/17 10:22:56.050, 1192, 877, 208.42, 79, 79, 100, 14342, Not Active, Not Active, Not Active
2026/07/17 10:22:56.106, 1192, 877, 212.05, 79, 79, 100, 14342, Not Active, Not Active, Not Active
2026/07/17 10:22:56.158, 1192, 877, 195.31, 79, 78, 100, 14342, Not Active, Not Active, Not Active
2026/07/17 10:22:56.210, 1192, 877, 188.38, 79, 79, 100, 14342, Not Active, Not Active, Not Active
2026/07/17 10:22:56.267, 1192, 877, 177.84, 79, 79, 100, 14342, Not Active, Not Active, Not Active
2026/07/17 10:22:56.319, 1192, 877, 195.31, 79, 80, 100, 14342, Not Active, Not Active, Not Active
2026/07/17 10:22:56.371, 1192, 877, 205.83, 79, 79, 100, 14342, Not Active, Not Active, Not Active
2026/07/17 10:22:56.427, 1192, 877, 212.87, 79, 79, 100, 14342, Not Active, Not Active, Not Active
2026/07/17 10:22:56.479, 1192, 877, 196.87, 79, 80, 100, 14342, Not Active, Not Active, Not Active
2026/07/17 10:22:56.531, 1192, 877, 177.96, 79, 80, 100, 14342, Not Active, Not Active, Not Active
2026/07/17 10:22:56.586, 1192, 877, 195.22, 79, 79, 100, 14342, Not Active, Not Active, Not Active
2026/07/17 10:22:56.638, 1192, 877, 202.00, 79, 80, 100, 14342, Not Active, Not Active, Not Active
2026/07/17 10:22:56.690, 1192, 877, 209.80, 79, 79, 100, 14342, Not Active, Not Active, Not Active
2026/07/17 10:22:56.742, 1192, 877, 211.57, 79, 79, 100, 14342, Not Active, Not Active, Not Active
2026/07/17 10:22:56.793, 1192, 877, 170.52, 79, 79, 100, 14342, Not Active, Not Active, Not Active
2026/07/17 10:22:56.849, 1192, 877, 174.72, 79, 80, 100, 14342, Not Active, Not Active, Not Active
2026/07/17 10:22:56.901, 1192, 877, 181.92, 79, 79, 100, 14342, Not Active, Not Active, Not Active
2026/07/17 10:22:56.953, 1192, 877, 198.79, 79, 80, 100, 14342, Not Active, Not Active, Not Active
2026/07/17 10:22:57.009, 1192, 877, 213.49, 79, 79, 100, 14342, Not Active, Not Active, Not Active
2026/07/17 10:22:57.060, 1192, 877, 206.17, 79, 79, 100, 14342, Not Active, Not Active, Not Active
2026/07/17 10:22:57.112, 1192, 877, 212.05, 79, 80, 100, 14342, Not Active, Not Active, Not Active
2026/07/17 10:22:57.164, 1192, 877, 171.96, 79, 80, 100, 14342, Not Active, Not Active, Not Active
2026/07/17 10:22:57.216, 1192, 877, 188.51, 79, 80, 100, 14342, Not Active, Not Active, Not Active
2026/07/17 10:22:57.269, 1192, 877, 197.57, 79, 80, 100, 14342, Not Active, Not Active, Not Active
2026/07/17 10:22:57.320, 1192, 877, 206.31, 79, 80, 100, 14342, Not Active, Not Active, Not Active
2026/07/17 10:22:57.372, 1192, 877, 209.80, 79, 79, 100, 14342, Not Active, Not Active, Not Active
2026/07/17 10:22:57.424, 1192, 877, 212.24, 79, 80, 100, 14342, Not Active, Not Active, Not Active
2026/07/17 10:22:57.476, 1192, 877, 169.08, 79, 80, 100, 14342, Not Active, Not Active, Not Active
2026/07/17 10:22:57.531, 1192, 877, 186.59, 79, 80, 100, 14342, Not Active, Not Active, Not Active
2026/07/17 10:22:57.583, 1192, 877, 140.47, 79, 80, 100, 14342, Not Active, Not Active, Not Active
2026/07/17 10:22:57.635, 1192, 877, 196.05, 79, 79, 100, 14342, Not Active, Not Active, Not Active
2026/07/17 10:22:57.691, 1192, 877, 202.14, 79, 80, 100, 14342, Not Active, Not Active, Not Active
2026/07/17 10:22:57.742, 1192, 877, 211.09, 79, 79, 100, 14342, Not Active, Not Active, Not Active
2026/07/17 10:22:57.794, 1192, 877, 213.01, 79, 79, 100, 14342, Not Active, Not Active, Not Active
2026/07/17 10:22:57.846, 1192, 877, 195.57, 79, 80, 100, 14342, Not Active, Not Active, Not Active
2026/07/17 10:22:57.898, 1192, 877, 169.56, 79, 80, 100, 14342, Not Active, Not Active, Not Active
2026/07/17 10:22:57.951, 1192, 877, 185.51, 79, 80, 100, 14342, Not Active, Not Active, Not Active
2026/07/17 10:22:58.003, 1192, 877, 202.27, 79, 80, 100, 14342, Not Active, Not Active, Not Active
2026/07/17 10:22:58.055, 1192, 877, 208.84, 79, 80, 100, 14342, Not Active, Not Active, Not Active
2026/07/17 10:22:58.106, 1192, 877, 210.95, 79, 79, 100, 14342, Not Active, Not Active, Not Active
2026/07/17 10:22:58.158, 1192, 877, 190.90, 79, 80, 100, 14342, Not Active, Not Active, Not Active
2026/07/17 10:22:58.215, 1192, 877, 170.18, 79, 80, 100, 14342, Not Active, Not Active, Not Active
2026/07/17 10:22:58.266, 1192, 877, 189.95, 79, 80, 100, 14342, Not Active, Not Active, Not Active
2026/07/17 10:22:58.318, 1192, 877, 113.37, 79, 79, 100, 14342, Not Active, Not Active, Not Active
2026/07/17 10:22:58.371, 1192, 877, 195.92, 79, 79, 100, 14342, Not Active, Not Active, Not Active
2026/07/17 10:22:58.423, 1192, 877, 204.19, 79, 79, 100, 14342, Not Active, Not Active, Not Active
2026/07/17 10:22:58.475, 1192, 877, 207.13, 79, 79, 100, 14342, Not Active, Not Active, Not Active
2026/07/17 10:22:58.526, 1192, 877, 216.21, 79, 79, 100, 14342, Not Active, Not Active, Not Active
2026/07/17 10:22:58.578, 1192, 877, 174.36, 79, 80, 100, 14342, Not Active, Not Active, Not Active
2026/07/17 10:22:58.635, 1192, 877, 183.36, 79, 80, 100, 14342, Not Active, Not Active, Not Active
2026/07/17 10:22:58.686, 1192, 877, 197.35, 79, 80, 100, 14342, Not Active, Not Active, Not Active
2026/07/17 10:22:58.738, 1192, 877, 199.61, 79, 79, 100, 14342, Not Active, Not Active, Not Active
2026/07/17 10:22:58.790, 1192, 877, 206.65, 79, 79, 100, 14342, Not Active, Not Active, Not Active
2026/07/17 10:22:58.842, 1192, 877, 217.31, 79, 80, 100, 14342, Not Active, Not Active, Not Active
2026/07/17 10:22:58.896, 1192, 877, 192.82, 79, 80, 100, 14342, Not Active, Not Active, Not Active
2026/07/17 10:22:58.948, 1192, 877, 162.36, 79, 80, 100, 14342, Not Active, Not Active, Not Active
2026/07/17 10:22:59.000, 1192, 877, 191.61, 79, 80, 100, 14342, Not Active, Not Active, Not Active
2026/07/17 10:22:59.056, 1192, 877, 117.63, 79, 79, 100, 14342, Not Active, Not Active, Not Active
2026/07/17 10:22:59.107, 1192, 877, 197.83, 79, 79, 100, 14342, Not Active, Not Active, Not Active
2026/07/17 10:22:59.159, 1192, 877, 202.62, 79, 79, 100, 14342, Not Active, Not Active, Not Active
2026/07/17 10:22:59.211, 1192, 877, 206.65, 79, 79, 100, 14342, Not Active, Not Active, Not Active
2026/07/17 10:22:59.263, 1192, 877, 208.50, 79, 80, 100, 14342, Not Active, Not Active, Not Active
2026/07/17 10:22:59.319, 1192, 877, 180.96, 79, 80, 100, 14342, Not Active, Not Active, Not Active
2026/07/17 10:22:59.371, 1192, 877, 176.89, 79, 80, 100, 14342, Not Active, Not Active, Not Active
2026/07/17 10:22:59.422, 1192, 877, 200.09, 79, 80, 100, 14342, Not Active, Not Active, Not Active
2026/07/17 10:22:59.477, 1192, 877, 204.88, 79, 80, 100, 14342, Not Active, Not Active, Not Active
2026/07/17 10:22:59.529, 1192, 877, 213.63, 79, 79, 100, 14342, Not Active, Not Active, Not Active
2026/07/17 10:22:59.581, 1192, 877, 209.38, 80, 79, 100, 14342, Not Active, Not Active, Not Active
2026/07/17 10:22:59.633, 1192, 877, 193.52, 79, 80, 100, 14342, Not Active, Not Active, Not Active
2026/07/17 10:22:59.685, 1192, 877, 160.92, 80, 80, 100, 14342, Not Active, Not Active, Not Active
2026/07/17 10:22:59.738, 1192, 877, 185.38, 79, 79, 100, 14342, Not Active, Not Active, Not Active
2026/07/17 10:22:59.790, 1192, 877, 126.22, 79, 79, 100, 14342, Not Active, Not Active, Not Active
2026/07/17 10:22:59.843, 1192, 877, 185.28, 79, 80, 100, 14342, Not Active, Not Active, Not Active
2026/07/17 10:22:59.895, 1192, 877, 201.18, 79, 79, 100, 14342, Not Active, Not Active, Not Active
2026/07/17 10:22:59.946, 1192, 877, 210.14, 79, 79, 100, 14342, Not Active, Not Active, Not Active
2026/07/17 10:23:00.000, 1192, 877, 209.38, 79, 80, 100, 14342, Not Active, Not Active, Not Active
2026/07/17 10:23:00.052, 1192, 877, 214.11, 79, 80, 100, 14342, Not Active, Not Active, Not Active
2026/07/17 10:23:00.104, 1192, 877, 166.79, 79, 80, 100, 14342, Not Active, Not Active, Not Active
2026/07/17 10:23:00.160, 1192, 877, 183.71, 79, 80, 100, 14342, Not Active, Not Active, Not Active
2026/07/17 10:23:00.212, 1192, 877, 192.44, 79, 80, 100, 14342, Not Active, Not Active, Not Active
2026/07/17 10:23:00.264, 1192, 877, 200.84, 80, 80, 100, 14342, Not Active, Not Active, Not Active
2026/07/17 10:23:00.316, 1192, 877, 208.56, 79, 79, 100, 14342, Not Active, Not Active, Not Active
2026/07/17 10:23:00.368, 1192, 877, 215.73, 80, 80, 100, 14342, Not Active, Not Active, Not Active
2026/07/17 10:23:00.422, 1192, 877, 193.78, 80, 80, 100, 14342, Not Active, Not Active, Not Active
2026/07/17 10:23:00.474, 1192, 877, 161.88, 80, 80, 100, 14342, Not Active, Not Active, Not Active
2026/07/17 10:23:00.526, 1192, 877, 184.80, 80, 79, 100, 14342, Not Active, Not Active, Not Active
2026/07/17 10:23:00.582, 1192, 877, 169.33, 79, 79, 100, 14342, Not Active, Not Active, Not Active
2026/07/17 10:23:00.633, 1192, 877, 187.55, 79, 80, 100, 14342, Not Active, Not Active, Not Active
2026/07/17 10:23:00.685, 1192, 877, 200.36, 79, 80, 100, 14342, Not Active, Not Active, Not Active
2026/07/17 10:23:00.737, 1192, 877, 206.45, 79, 79, 100, 14342, Not Active, Not Active, Not Active
2026/07/17 10:23:00.789, 1192, 877, 210.28, 79, 79, 100, 14342, Not Active, Not Active, Not Active
2026/07/17 10:23:00.843, 1192, 877, 216.69, 80, 80, 100, 14342, Not Active, Not Active, Not Active
2026/07/17 10:23:00.895, 1192, 877, 189.47, 80, 80, 100, 14342, Not Active, Not Active, Not Active
2026/07/17 10:23:00.947, 1192, 877, 167.16, 80, 80, 100, 14342, Not Active, Not Active, Not Active
2026/07/17 10:23:01.001, 1192, 877, 186.47, 80, 80, 100, 14342, Not Active, Not Active, Not Active
2026/07/17 10:23:01.053, 1192, 877, 200.70, 79, 80, 100, 14342, Not Active, Not Active, Not Active
2026/07/17 10:23:01.105, 1192, 877, 205.49, 80, 79, 100, 14342, Not Active, Not Active, Not Active
2026/07/17 10:23:01.156, 1192, 877, 206.17, 80, 79, 100, 14342, Not Active, Not Active, Not Active
2026/07/17 10:23:01.208, 1192, 877, 205.01, 79, 80, 100, 14342, Not Active, Not Active, Not Active
2026/07/17 10:23:01.265, 1192, 877, 177.60, 80, 80, 100, 14342, Not Active, Not Active, Not Active
2026/07/17 10:23:01.317, 1192, 877, 197.96, 79, 79, 100, 14342, Not Active, Not Active, Not Active
2026/07/17 10:23:01.369, 1192, 877, 161.99, 79, 80, 100, 14342, Not Active, Not Active, Not Active
2026/07/17 10:23:01.424, 1192, 877, 177.00, 80, 80, 100, 14342, Not Active, Not Active, Not Active
2026/07/17 10:23:01.476, 1192, 877, 193.17, 79, 80, 100, 14342, Not Active, Not Active, Not Active
2026/07/17 10:23:01.528, 1192, 877, 203.58, 79, 80, 100, 14342, Not Active, Not Active, Not Active
2026/07/17 10:23:01.580, 1192, 877, 207.61, 79, 79, 100, 14342, Not Active, Not Active, Not Active
2026/07/17 10:23:01.632, 1192, 877, 208.56, 80, 80, 100, 14342, Not Active, Not Active, Not Active
2026/07/17 10:23:01.687, 1192, 877, 207.07, 80, 80, 100, 14342, Not Active, Not Active, Not Active
2026/07/17 10:23:01.738, 1192, 877, 186.59, 80, 80, 100, 14342, Not Active, Not Active, Not Active
2026/07/17 10:23:01.790, 1192, 877, 171.00, 80, 80, 100, 14342, Not Active, Not Active, Not Active
2026/07/17 10:23:01.843, 1192, 877, 183.71, 80, 80, 100, 14342, Not Active, Not Active, Not Active
2026/07/17 10:23:01.895, 1192, 877, 197.35, 80, 80, 100, 14342, Not Active, Not Active, Not Active
2026/07/17 10:23:01.947, 1192, 877, 201.53, 80, 80, 100, 14342, Not Active, Not Active, Not Active
2026/07/17 10:23:01.999, 1192, 877, 208.22, 79, 79, 100, 14342, Not Active, Not Active, Not Active
2026/07/17 10:23:02.050, 1192, 877, 180.12, 79, 80, 100, 14342, Not Active, Not Active, Not Active
2026/07/17 10:23:02.105, 1192, 877, 206.79, 79, 79, 100, 14342, Not Active, Not Active, Not Active
2026/07/17 10:23:02.157, 1192, 877, 211.29, 80, 80, 100, 14342, Not Active, Not Active, Not Active
2026/07/17 10:23:02.209, 1192, 877, 204.05, 79, 80, 100, 14342, Not Active, Not Active, Not Active
2026/07/17 10:23:02.261, 1192, 877, 182.40, 80, 80, 100, 14342, Not Active, Not Active, Not Active
2026/07/17 10:23:02.312, 1192, 877, 171.96, 80, 80, 100, 14342, Not Active, Not Active, Not Active
2026/07/17 10:23:02.365, 1192, 877, 188.03, 80, 80, 100, 14342, Not Active, Not Active, Not Active
2026/07/17 10:23:02.417, 1192, 877, 199.40, 80, 80, 100, 14342, Not Active, Not Active, Not Active
2026/07/17 10:23:02.469, 1192, 877, 202.14, 79, 80, 100, 14342, Not Active, Not Active, Not Active
2026/07/17 10:23:02.521, 1192, 877, 210.28, 80, 79, 100, 14342, Not Active, Not Active, Not Active
2026/07/17 10:23:02.572, 1192, 877, 215.26, 80, 80, 100, 14342, Not Active, Not Active, Not Active
2026/07/17 10:23:02.630, 1192, 877, 192.82, 80, 80, 100, 14342, Not Active, Not Active, Not Active
2026/07/17 10:23:02.681, 1192, 877, 165.72, 80, 80, 100, 14342, Not Active, Not Active, Not Active
2026/07/17 10:23:02.733, 1192, 877, 183.24, 80, 80, 100, 14342, Not Active, Not Active, Not Active
2026/07/17 10:23:02.788, 1192, 877, 135.36, 79, 80, 100, 14342, Not Active, Not Active, Not Active
2026/07/17 10:23:02.840, 1192, 877, 179.52, 79, 80, 100, 14342, Not Active, Not Active, Not Active
2026/07/17 10:23:02.892, 1192, 877, 188.03, 80, 80, 100, 14342, Not Active, Not Active, Not Active
2026/07/17 10:23:02.944, 1192, 877, 201.53, 79, 80, 100, 14342, Not Active, Not Active, Not Active
2026/07/17 10:23:02.996, 1192, 877, 209.66, 80, 79, 100, 14342, Not Active, Not Active, Not Active
2026/07/17 10:23:03.050, 1192, 877, 211.91, 79, 79, 100, 14342, Not Active, Not Active, Not Active
2026/07/17 10:23:03.102, 1192, 877, 214.30, 80, 80, 100, 14342, Not Active, Not Active, Not Active
2026/07/17 10:23:03.154, 1192, 877, 176.64, 80, 80, 100, 14342, Not Active, Not Active, Not Active
2026/07/17 10:23:03.211, 1192, 877, 165.98, 80, 80, 100, 14342, Not Active, Not Active, Not Active
2026/07/17 10:23:03.263, 1192, 877, 188.76, 80, 80, 100, 14342, Not Active, Not Active, Not Active
2026/07/17 10:23:03.315, 1192, 877, 197.35, 80, 80, 100, 14342, Not Active, Not Active, Not Active
2026/07/17 10:23:03.367, 1192, 877, 201.80, 80, 80, 100, 14342, Not Active, Not Active, Not Active
2026/07/17 10:23:03.418, 1192, 877, 207.74, 80, 79, 100, 14342, Not Active, Not Active, Not Active
2026/07/17 10:23:03.472, 1192, 877, 209.38, 80, 79, 100, 14342, Not Active, Not Active, Not Active
2026/07/17 10:23:03.524, 1192, 877, 213.01, 80, 80, 100, 14342, Not Active, Not Active, Not Active
2026/07/17 10:23:03.576, 1192, 877, 201.87, 79, 79, 100, 14342, Not Active, Not Active, Not Active
2026/07/17 10:23:03.632, 1192, 877, 209.18, 80, 80, 100, 14342, Not Active, Not Active, Not Active
2026/07/17 10:23:03.684, 1192, 877, 188.03, 80, 80, 100, 14342, Not Active, Not Active, Not Active
2026/07/17 10:23:03.736, 1192, 877, 168.12, 80, 80, 100, 14342, Not Active, Not Active, Not Active
2026/07/17 10:23:03.788, 1192, 877, 171.37, 80, 80, 100, 14342, Not Active, Not Active, Not Active
2026/07/17 10:23:03.840, 1192, 877, 182.99, 79, 80, 100, 14342, Not Active, Not Active, Not Active
2026/07/17 10:23:03.892, 1192, 877, 197.57, 80, 80, 100, 14342, Not Active, Not Active, Not Active
2026/07/17 10:23:03.944, 1192, 877, 200.09, 80, 80, 100, 14342, Not Active, Not Active, Not Active
2026/07/17 10:23:03.996, 1192, 877, 208.08, 80, 79, 100, 14342, Not Active, Not Active, Not Active
2026/07/17 10:23:04.048, 1192, 877, 206.17, 80, 79, 100, 14342, Not Active, Not Active, Not Active
2026/07/17 10:23:04.099, 1192, 877, 203.10, 80, 80, 100, 14342, Not Active, Not Active, Not Active
2026/07/17 10:23:04.156, 1192, 877, 182.76, 80, 80, 100, 14342, Not Active, Not Active, Not Active
2026/07/17 10:23:04.208, 1192, 877, 156.70, 80, 80, 100, 14342, Not Active, Not Active, Not Active
2026/07/17 10:23:04.260, 1192, 877, 177.37, 80, 80, 100, 14342, Not Active, Not Active, Not Active
2026/07/17 10:23:04.314, 1192, 877, 130.07, 79, 79, 100, 14342, Not Active, Not Active, Not Active
2026/07/17 10:23:04.366, 1192, 877, 172.69, 79, 80, 100, 14342, Not Active, Not Active, Not Active
2026/07/17 10:23:04.418, 1192, 877, 188.38, 80, 80, 100, 14342, Not Active, Not Active, Not Active
2026/07/17 10:23:04.470, 1192, 877, 200.84, 80, 80, 100, 14342, Not Active, Not Active, Not Active
2026/07/17 10:23:04.522, 1192, 877, 206.17, 80, 79, 100, 14342, Not Active, Not Active, Not Active
2026/07/17 10:23:04.576, 1192, 877, 207.27, 79, 79, 100, 14342, Not Active, Not Active, Not Active
2026/07/17 10:23:04.628, 1192, 877, 218.42, 80, 80, 100, 14342, Not Active, Not Active, Not Active
2026/07/17 10:23:04.680, 1192, 877, 208.70, 80, 80, 100, 14342, Not Active, Not Active, Not Active
2026/07/17 10:23:04.732, 1192, 877, 186.11, 80, 80, 100, 14342, Not Active, Not Active, Not Active
2026/07/17 10:23:04.784, 1192, 877, 161.51, 80, 80, 100, 14342, Not Active, Not Active, Not Active
2026/07/17 10:23:04.837, 1192, 877, 171.96, 80, 80, 100, 14342, Not Active, Not Active, Not Active
2026/07/17 10:23:04.889, 1192, 877, 181.80, 80, 80, 100, 14342, Not Active, Not Active, Not Active
2026/07/17 10:23:04.940, 1192, 877, 201.32, 80, 80, 100, 14342, Not Active, Not Active, Not Active
2026/07/17 10:23:04.992, 1192, 877, 196.74, 80, 80, 100, 14342, Not Active, Not Active, Not Active
2026/07/17 10:23:05.044, 1192, 877, 207.74, 80, 79, 100, 14342, Not Active, Not Active, Not Active
2026/07/17 10:23:05.099, 1192, 877, 168.01, 79, 80, 100, 14342, Not Active, Not Active, Not Active
2026/07/17 10:23:05.150, 1192, 877, 207.61, 80, 79, 100, 14342, Not Active, Not Active, Not Active
2026/07/17 10:23:05.202, 1192, 877, 213.68, 80, 80, 100, 14342, Not Active, Not Active, Not Active
2026/07/17 10:23:05.260, 1192, 877, 211.24, 80, 80, 100, 14342, Not Active, Not Active, Not Active
2026/07/17 10:23:05.311, 1192, 877, 190.90, 80, 80, 100, 14342, Not Active, Not Active, Not Active
2026/07/17 10:23:05.364, 1192, 877, 157.29, 80, 80, 100, 14342, Not Active, Not Active, Not Active
2026/07/17 10:23:05.418, 1192, 877, 174.24, 80, 80, 100, 14342, Not Active, Not Active, Not Active
2026/07/17 10:23:05.470, 1192, 877, 182.15, 80, 80, 100, 14342, Not Active, Not Active, Not Active
2026/07/17 10:23:05.522, 1192, 877, 199.53, 80, 79, 100, 14342, Not Active, Not Active, Not Active
2026/07/17 10:23:05.574, 1192, 877, 201.66, 80, 79, 100, 14342, Not Active, Not Active, Not Active
2026/07/17 10:23:05.626, 1192, 877, 208.22, 80, 79, 100, 14342, Not Active, Not Active, Not Active
2026/07/17 10:23:05.681, 1192, 877, 213.77, 80, 80, 100, 14342, Not Active, Not Active, Not Active
2026/07/17 10:23:05.733, 1192, 877, 214.30, 80, 80, 100, 14342, Not Active, Not Active, Not Active
2026/07/17 10:23:05.785, 1192, 877, 183.24, 80, 80, 100, 14342, Not Active, Not Active, Not Active
2026/07/17 10:23:05.841, 1192, 877, 153.82, 80, 80, 100, 14342, Not Active, Not Active, Not Active
2026/07/17 10:23:05.893, 1192, 877, 188.99, 79, 80, 100, 14342, Not Active, Not Active, Not Active
2026/07/17 10:23:05.945, 1192, 877, 180.84, 80, 80, 100, 14342, Not Active, Not Active, Not Active
2026/07/17 10:23:05.997, 1192, 877, 156.12, 80, 80, 100, 14342, Not Active, Not Active, Not Active
2026/07/17 10:23:06.049, 1192, 877, 176.64, 80, 80, 100, 14342, Not Active, Not Active, Not Active
2026/07/17 10:23:06.101, 1192, 877, 180.36, 80, 80, 100, 14342, Not Active, Not Active, Not Active
2026/07/17 10:23:06.152, 1192, 877, 196.53, 80, 80, 100, 14342, Not Active, Not Active, Not Active
2026/07/17 10:23:06.204, 1192, 877, 198.18, 80, 79, 100, 14342, Not Active, Not Active, Not Active
2026/07/17 10:23:06.256, 1192, 877, 202.35, 80, 79, 100, 14342, Not Active, Not Active, Not Active
2026/07/17 10:23:06.308, 1192, 877, 206.79, 80, 80, 100, 14342, Not Active, Not Active, Not Active
2026/07/17 10:23:06.364, 1192, 877, 213.01, 80, 80, 100, 14342, Not Active, Not Active, Not Active
2026/07/17 10:23:06.416, 1192, 877, 201.53, 80, 80, 100, 14342, Not Active, Not Active, Not Active
2026/07/17 10:23:06.468, 1192, 877, 163.91, 80, 80, 100, 14342, Not Active, Not Active, Not Active
2026/07/17 10:23:06.524, 1192, 877, 172.32, 80, 80, 100, 14342, Not Active, Not Active, Not Active
2026/07/17 10:23:06.576, 1192, 877, 177.84, 80, 80, 100, 14342, Not Active, Not Active, Not Active
2026/07/17 10:23:06.628, 1192, 877, 143.93, 80, 80, 100, 14342, Not Active, Not Active, Not Active
2026/07/17 10:23:06.682, 1192, 877, 171.00, 79, 80, 100, 14342, Not Active, Not Active, Not Active
2026/07/17 10:23:06.734, 1192, 877, 182.63, 80, 80, 100, 14342, Not Active, Not Active, Not Active
2026/07/17 10:23:06.786, 1192, 877, 189.82, 80, 79, 100, 14342, Not Active, Not Active, Not Active
2026/07/17 10:23:06.838, 1192, 877, 200.70, 80, 79, 100, 14342, Not Active, Not Active, Not Active
2026/07/17 10:23:06.889, 1192, 877, 210.00, 80, 79, 100, 14342, Not Active, Not Active, Not Active
2026/07/17 10:23:06.946, 1192, 877, 208.70, 80, 80, 100, 14342, Not Active, Not Active, Not Active
2026/07/17 10:23:06.997, 1192, 877, 211.91, 80, 80, 100, 14342, Not Active, Not Active, Not Active
2026/07/17 10:23:07.049, 1192, 877, 192.21, 80, 80, 100, 14342, Not Active, Not Active, Not Active
2026/07/17 10:23:07.107, 1192, 877, 170.89, 80, 80, 100, 14342, Not Active, Not Active, Not Active
2026/07/17 10:23:07.159, 1192, 877, 157.66, 80, 80, 100, 14342, Not Active, Not Active, Not Active
2026/07/17 10:23:07.211, 1192, 877, 180.96, 80, 80, 100, 14342, Not Active, Not Active, Not Active
2026/07/17 10:23:07.265, 1192, 877, 189.34, 80, 80, 100, 14342, Not Active, Not Active, Not Active
2026/07/17 10:23:07.317, 1192, 877, 197.22, 80, 80, 100, 14342, Not Active, Not Active, Not Active
2026/07/17 10:23:07.369, 1192, 877, 199.75, 80, 79, 100, 14342, Not Active, Not Active, Not Active
2026/07/17 10:23:07.420, 1192, 877, 129.50, 80, 79, 100, 14342, Not Active, Not Active, Not Active
2026/07/17 10:23:07.472, 1192, 877, 196.26, 80, 80, 100, 14342, Not Active, Not Active, Not Active
2026/07/17 10:23:07.528, 1192, 877, 209.52, 80, 80, 100, 14342, Not Active, Not Active, Not Active
2026/07/17 10:23:07.580, 1192, 877, 210.14, 80, 79, 100, 14342, Not Active, Not Active, Not Active
2026/07/17 10:23:07.631, 1192, 877, 217.17, 80, 80, 100, 14342, Not Active, Not Active, Not Active
2026/07/17 10:23:07.689, 1192, 877, 203.71, 80, 80, 100, 14342, Not Active, Not Active, Not Active
2026/07/17 10:23:07.741, 1192, 877, 189.34, 80, 80, 100, 14342, Not Active, Not Active, Not Active
2026/07/17 10:23:07.792, 1192, 877, 158.15, 80, 80, 100, 14342, Not Active, Not Active, Not Active
2026/07/17 10:23:07.848, 1192, 877, 172.92, 80, 80, 100, 14342, Not Active, Not Active, Not Active
2026/07/17 10:23:07.900, 1192, 877, 184.07, 80, 80, 100, 14342, Not Active, Not Active, Not Active
2026/07/17 10:23:07.951, 1192, 877, 188.74, 80, 80, 100, 14342, Not Active, Not Active, Not Active
2026/07/17 10:23:08.004, 1192, 877, 196.74, 80, 80, 100, 14342, Not Active, Not Active, Not Active
2026/07/17 10:23:08.055, 1192, 877, 204.53, 80, 80, 100, 14342, Not Active, Not Active, Not Active
2026/07/17 10:23:08.110, 1192, 877, 206.79, 80, 79, 100, 14342, Not Active, Not Active, Not Active
2026/07/17 10:23:08.162, 1192, 877, 207.61, 80, 80, 100, 14342, Not Active, Not Active, Not Active
2026/07/17 10:23:08.214, 1192, 877, 185.03, 79, 80, 100, 14342, Not Active, Not Active, Not Active
2026/07/17 10:23:08.269, 1192, 877, 207.61, 80, 79, 100, 14342, Not Active, Not Active, Not Active
2026/07/17 10:23:08.320, 1192, 877, 209.80, 80, 79, 100, 14342, Not Active, Not Active, Not Active
2026/07/17 10:23:08.372, 1192, 877, 209.38, 80, 80, 100, 14342, Not Active, Not Active, Not Active
2026/07/17 10:23:08.424, 1192, 877, 212.67, 80, 80, 100, 14342, Not Active, Not Active, Not Active
2026/07/17 10:23:08.476, 1192, 877, 184.19, 80, 80, 100, 14342, Not Active, Not Active, Not Active
2026/07/17 10:23:08.532, 1192, 877, 160.55, 80, 80, 100, 14342, Not Active, Not Active, Not Active
2026/07/17 10:23:08.584, 1192, 877, 154.78, 80, 80, 100, 14342, Not Active, Not Active, Not Active
2026/07/17 10:23:08.636, 1192, 877, 184.80, 80, 80, 100, 14342, Not Active, Not Active, Not Active
2026/07/17 10:23:08.691, 1192, 877, 192.57, 80, 80, 100, 14342, Not Active, Not Active, Not Active
2026/07/17 10:23:08.742, 1192, 877, 197.48, 80, 80, 100, 14342, Not Active, Not Active, Not Active
2026/07/17 10:23:08.794, 1192, 877, 196.87, 80, 80, 100, 14342, Not Active, Not Active, Not Active
2026/07/17 10:23:08.846, 1192, 877, 201.87, 80, 80, 100, 14342, Not Active, Not Active, Not Active
2026/07/17 10:23:08.898, 1192, 877, 205.69, 80, 80, 100, 14342, Not Active, Not Active, Not Active
2026/07/17 10:23:08.954, 1192, 877, 209.38, 80, 80, 100, 14342, Not Active, Not Active, Not Active
2026/07/17 10:23:09.005, 1192, 877, 182.51, 79, 78, 100, 14342, Not Active, Not Active, Not Active
2026/07/17 10:23:09.057, 1192, 877, 213.15, 80, 80, 100, 14342, Not Active, Not Active, Not Active
2026/07/17 10:23:09.114, 1192, 877, 216.21, 80, 80, 100, 14342, Not Active, Not Active, Not Active
2026/07/17 10:23:09.166, 1192, 877, 204.05, 80, 80, 100, 14342, Not Active, Not Active, Not Active
2026/07/17 10:23:09.218, 1192, 877, 179.52, 80, 80, 100, 14342, Not Active, Not Active, Not Active
2026/07/17 10:23:09.274, 1192, 877, 156.22, 80, 80, 100, 14342, Not Active, Not Active, Not Active
2026/07/17 10:23:09.326, 1192, 877, 167.27, 80, 80, 100, 14342, Not Active, Not Active, Not Active
2026/07/17 10:23:09.378, 1192, 877, 175.32, 80, 80, 100, 14342, Not Active, Not Active, Not Active
2026/07/17 10:23:09.430, 1192, 877, 182.15, 80, 80, 100, 14342, Not Active, Not Active, Not Active
2026/07/17 10:23:09.482, 1192, 877, 199.40, 80, 79, 100, 14342, Not Active, Not Active, Not Active
2026/07/17 10:23:09.535, 1192, 877, 202.75, 80, 80, 100, 14342, Not Active, Not Active, Not Active
2026/07/17 10:23:09.587, 1192, 877, 202.96, 80, 80, 100, 14342, Not Active, Not Active, Not Active
2026/07/17 10:23:09.638, 1192, 877, 204.88, 80, 79, 100, 14342, Not Active, Not Active, Not Active
2026/07/17 10:23:09.691, 1192, 877, 204.74, 80, 79, 100, 14342, Not Active, Not Active, Not Active
2026/07/17 10:23:09.743, 1192, 877, 215.88, 80, 80, 100, 14342, Not Active, Not Active, Not Active
2026/07/17 10:23:09.797, 1192, 877, 182.28, 79, 80, 100, 14342, Not Active, Not Active, Not Active
2026/07/17 10:23:09.849, 1192, 877, 204.88, 80, 79, 100, 14342, Not Active, Not Active, Not Active
2026/07/17 10:23:09.901, 1192, 877, 208.08, 80, 80, 100, 14342, Not Active, Not Active, Not Active
2026/07/17 10:23:09.958, 1192, 877, 217.02, 80, 80, 100, 14342, Not Active, Not Active, Not Active
2026/07/17 10:23:10.010, 1192, 877, 204.05, 80, 80, 100, 14342, Not Active, Not Active, Not Active
2026/07/17 10:23:10.062, 1192, 877, 181.80, 80, 80, 100, 14342, Not Active, Not Active, Not Active
2026/07/17 10:23:10.118, 1192, 877, 165.35, 80, 80, 100, 14342, Not Active, Not Active, Not Active
2026/07/17 10:23:10.169, 1192, 877, 151.42, 80, 80, 100, 14342, Not Active, Not Active, Not Active
2026/07/17 10:23:10.221, 1192, 877, 169.56, 80, 80, 100, 14342, Not Active, Not Active, Not Active
2026/07/17 10:23:10.273, 1192, 877, 176.41, 80, 80, 100, 14342, Not Active, Not Active, Not Active
2026/07/17 10:23:10.325, 1192, 877, 182.63, 80, 80, 100, 14342, Not Active, Not Active, Not Active
2026/07/17 10:23:10.378, 1192, 877, 196.05, 80, 79, 100, 14342, Not Active, Not Active, Not Active
2026/07/17 10:23:10.429, 1192, 877, 197.83, 80, 80, 100, 14342, Not Active, Not Active, Not Active
2026/07/17 10:23:10.481, 1192, 877, 199.27, 80, 80, 100, 14342, Not Active, Not Active, Not Active
2026/07/17 10:23:10.534, 1192, 877, 208.22, 80, 79, 100, 14342, Not Active, Not Active, Not Active
2026/07/17 10:23:10.585, 1192, 877, 138.54, 79, 80, 100, 14342, Not Active, Not Active, Not Active
2026/07/17 10:23:10.637, 1192, 877, 192.57, 80, 80, 100, 14342, Not Active, Not Active, Not Active
2026/07/17 10:23:10.689, 1192, 877, 196.74, 80, 80, 100, 14342, Not Active, Not Active, Not Active
2026/07/17 10:23:10.741, 1192, 877, 203.10, 80, 80, 100, 14342, Not Active, Not Active, Not Active
2026/07/17 10:23:10.793, 1192, 877, 205.83, 80, 79, 100, 14342, Not Active, Not Active, Not Active
2026/07/17 10:23:10.844, 1192, 877, 211.57, 80, 80, 100, 14342, Not Active, Not Active, Not Active
2026/07/17 10:23:10.901, 1192, 877, 209.04, 80, 80, 100, 14342, Not Active, Not Active, Not Active
2026/07/17 10:23:10.953, 1192, 877, 215.40, 80, 80, 100, 14342, Not Active, Not Active, Not Active
2026/07/17 10:23:11.004, 1192, 877, 185.63, 80, 80, 100, 14342, Not Active, Not Active, Not Active
2026/07/17 10:23:11.062, 1192, 877, 176.76, 80, 80, 100, 14342, Not Active, Not Active, Not Active
2026/07/17 10:23:11.113, 1192, 877, 159.59, 80, 80, 100, 14342, Not Active, Not Active, Not Active
2026/07/17 10:23:11.165, 1192, 877, 158.15, 80, 80, 100, 14342, Not Active, Not Active, Not Active
2026/07/17 10:23:11.219, 1192, 877, 172.69, 80, 80, 100, 14342, Not Active, Not Active, Not Active
2026/07/17 10:23:11.270, 1192, 877, 179.28, 80, 80, 100, 14342, Not Active, Not Active, Not Active
2026/07/17 10:23:11.322, 1192, 877, 181.20, 80, 80, 100, 14342, Not Active, Not Active, Not Active
2026/07/17 10:23:11.374, 1192, 877, 130.55, 80, 80, 100, 14342, Not Active, Not Active, Not Active
2026/07/17 10:23:11.426, 1192, 877, 157.93, 80, 80, 100, 14342, Not Active, Not Active, Not Active
2026/07/17 10:23:11.480, 1192, 877, 171.37, 80, 80, 100, 14342, Not Active, Not Active, Not Active
2026/07/17 10:23:11.531, 1192, 877, 177.48, 80, 80, 100, 14342, Not Active, Not Active, Not Active
2026/07/17 10:23:11.583, 1192, 877, 185.15, 80, 80, 100, 14342, Not Active, Not Active, Not Active
2026/07/17 10:23:11.635, 1192, 877, 195.09, 80, 80, 100, 14342, Not Active, Not Active, Not Active
2026/07/17 10:23:11.687, 1192, 877, 202.48, 80, 80, 100, 14342, Not Active, Not Active, Not Active
2026/07/17 10:23:11.744, 1192, 877, 211.09, 80, 79, 100, 14342, Not Active, Not Active, Not Active
2026/07/17 10:23:11.796, 1192, 877, 207.88, 80, 79, 100, 14342, Not Active, Not Active, Not Active
2026/07/17 10:23:11.848, 1192, 877, 213.96, 80, 80, 100, 14342, Not Active, Not Active, Not Active
2026/07/17 10:23:11.905, 1192, 877, 215.26, 80, 80, 100, 14342, Not Active, Not Active, Not Active
2026/07/17 10:23:11.957, 1192, 877, 203.44, 80, 80, 100, 14342, Not Active, Not Active, Not Active
2026/07/17 10:23:12.008, 1192, 877, 180.84, 80, 80, 100, 14342, Not Active, Not Active, Not Active
2026/07/17 10:23:12.065, 1192, 877, 164.87, 80, 80, 100, 14342, Not Active, Not Active, Not Active
2026/07/17 10:23:12.117, 1192, 877, 155.85, 80, 80, 100, 14342, Not Active, Not Active, Not Active
2026/07/17 10:23:12.168, 1192, 877, 151.42, 80, 80, 100, 14342, Not Active, Not Active, Not Active
2026/07/17 10:23:12.221, 1192, 877, 182.40, 80, 80, 100, 14342, Not Active, Not Active, Not Active
2026/07/17 10:23:12.272, 1192, 877, 180.00, 80, 80, 100, 14342, Not Active, Not Active, Not Active
2026/07/17 10:23:12.326, 1192, 877, 166.68, 80, 80, 100, 14342, Not Active, Not Active, Not Active
2026/07/17 10:23:12.378, 1192, 877, 158.25, 80, 80, 100, 14342, Not Active, Not Active, Not Active
2026/07/17 10:23:12.430, 1192, 877, 146.24, 80, 80, 100, 14342, Not Active, Not Active, Not Active
2026/07/17 10:23:12.482, 1192, 877, 163.32, 80, 80, 100, 14342, Not Active, Not Active, Not Active
2026/07/17 10:23:12.534, 1192, 877, 170.89, 80, 80, 100, 14342, Not Active, Not Active, Not Active
2026/07/17 10:23:12.585, 1192, 877, 182.40, 80, 79, 100, 14342, Not Active, Not Active, Not Active
2026/07/17 10:23:12.637, 1192, 877, 181.68, 80, 80, 100, 14342, Not Active, Not Active, Not Active
2026/07/17 10:23:12.690, 1192, 877, 193.04, 80, 80, 100, 14342, Not Active, Not Active, Not Active
2026/07/17 10:23:12.742, 1192, 877, 200.36, 80, 80, 100, 14342, Not Active, Not Active, Not Active
2026/07/17 10:23:12.793, 1192, 877, 203.92, 80, 80, 100, 14342, Not Active, Not Active, Not Active
2026/07/17 10:23:12.849, 1192, 877, 203.44, 80, 79, 100, 14342, Not Active, Not Active, Not Active
2026/07/17 10:23:12.901, 1192, 877, 206.17, 80, 80, 100, 14342, Not Active, Not Active, Not Active
2026/07/17 10:23:12.953, 1192, 877, 206.93, 80, 80, 100, 14342, Not Active, Not Active, Not Active
2026/07/17 10:23:13.005, 1192, 877, 152.28, 79, 79, 100, 14342, Not Active, Not Active, Not Active
2026/07/17 10:23:13.057, 1192, 877, 195.44, 80, 79, 100, 14342, Not Active, Not Active, Not Active
2026/07/17 10:23:13.110, 1192, 877, 199.13, 80, 80, 100, 14342, Not Active, Not Active, Not Active
2026/07/17 10:23:13.162, 1192, 877, 208.70, 80, 79, 100, 14342, Not Active, Not Active, Not Active
2026/07/17 10:23:13.214, 1192, 877, 206.65, 80, 79, 100, 14342, Not Active, Not Active, Not Active
2026/07/17 10:23:13.266, 1192, 877, 211.09, 80, 80, 100, 14342, Not Active, Not Active, Not Active
2026/07/17 10:23:13.317, 1192, 877, 211.24, 80, 80, 100, 14342, Not Active, Not Active, Not Active
2026/07/17 10:23:13.372, 1192, 877, 212.87, 80, 80, 100, 14342, Not Active, Not Active, Not Active
2026/07/17 10:23:13.424, 1192, 877, 216.69, 80, 80, 100, 14342, Not Active, Not Active, Not Active
2026/07/17 10:23:13.476, 1192, 877, 190.78, 80, 80, 100, 14342, Not Active, Not Active, Not Active
2026/07/17 10:23:13.533, 1192, 877, 180.84, 80, 80, 100, 14342, Not Active, Not Active, Not Active
2026/07/17 10:23:13.584, 1192, 877, 175.57, 80, 80, 100, 14342, Not Active, Not Active, Not Active
2026/07/17 10:23:13.636, 1192, 877, 155.37, 80, 80, 100, 14342, Not Active, Not Active, Not Active
2026/07/17 10:23:13.691, 1192, 877, 150.36, 80, 80, 100, 14342, Not Active, Not Active, Not Active
2026/07/17 10:23:13.742, 1192, 877, 169.08, 80, 80, 100, 14342, Not Active, Not Active, Not Active
2026/07/17 10:23:13.794, 1192, 877, 166.20, 80, 80, 100, 14342, Not Active, Not Active, Not Active
2026/07/17 10:23:13.846, 1192, 877, 178.08, 80, 80, 100, 14342, Not Active, Not Active, Not Active
2026/07/17 10:23:13.898, 1192, 877, 165.24, 80, 80, 100, 14342, Not Active, Not Active, Not Active
2026/07/17 10:23:13.953, 1192, 877, 151.52, 80, 80, 100, 14342, Not Active, Not Active, Not Active
2026/07/17 10:23:14.005, 1192, 877, 150.46, 80, 80, 100, 14342, Not Active, Not Active, Not Active
2026/07/17 10:23:14.056, 1192, 877, 156.60, 80, 80, 100, 14342, Not Active, Not Active, Not Active
2026/07/17 10:23:14.108, 1192, 877, 165.50, 80, 80, 100, 14342, Not Active, Not Active, Not Active
2026/07/17 10:23:14.160, 1192, 877, 177.60, 80, 80, 100, 14342, Not Active, Not Active, Not Active
2026/07/17 10:23:14.213, 1192, 877, 181.44, 80, 80, 100, 14342, Not Active, Not Active, Not Active
2026/07/17 10:23:14.265, 1192, 877, 183.24, 80, 80, 100, 14342, Not Active, Not Active, Not Active
2026/07/17 10:23:14.316, 1192, 877, 192.21, 80, 79, 100, 14342, Not Active, Not Active, Not Active
2026/07/17 10:23:14.368, 1192, 877, 194.00, 80, 80, 100, 14342, Not Active, Not Active, Not Active
2026/07/17 10:23:14.420, 1192, 877, 195.44, 80, 80, 100, 14342, Not Active, Not Active, Not Active
2026/07/17 10:23:14.475, 1192, 877, 203.44, 80, 79, 100, 14342, Not Active, Not Active, Not Active
2026/07/17 10:23:14.527, 1192, 877, 204.88, 80, 79, 100, 14342, Not Active, Not Active, Not Active
2026/07/17 10:23:14.579, 1192, 877, 205.01, 80, 79, 100, 14342, Not Active, Not Active, Not Active
2026/07/17 10:23:14.631, 1192, 877, 123.25, 80, 80, 100, 14342, Not Active, Not Active, Not Active
2026/07/17 10:23:14.683, 1192, 877, 192.09, 80, 80, 100, 14342, Not Active, Not Active, Not Active
2026/07/17 10:23:14.736, 1192, 877, 200.23, 80, 80, 100, 14342, Not Active, Not Active, Not Active
2026/07/17 10:23:14.787, 1192, 877, 196.87, 80, 79, 100, 14342, Not Active, Not Active, Not Active
2026/07/17 10:23:14.839, 1192, 877, 199.27, 80, 80, 100, 14342, Not Active, Not Active, Not Active
2026/07/17 10:23:14.891, 1192, 877, 198.18, 80, 79, 100, 14342, Not Active, Not Active, Not Active
2026/07/17 10:23:14.943, 1192, 877, 204.40, 80, 80, 100, 14342, Not Active, Not Active, Not Active
2026/07/17 10:23:14.998, 1192, 877, 209.04, 80, 79, 100, 14342, Not Active, Not Active, Not Active
2026/07/17 10:23:15.050, 1192, 877, 205.97, 80, 79, 100, 14342, Not Active, Not Active, Not Active
2026/07/17 10:23:15.102, 1192, 877, 217.31, 80, 80, 100, 14342, Not Active, Not Active, Not Active
2026/07/17 10:23:15.159, 1192, 877, 212.05, 80, 80, 100, 14342, Not Active, Not Active, Not Active
2026/07/17 10:23:15.211, 1192, 877, 205.35, 80, 80, 100, 14342, Not Active, Not Active, Not Active
2026/07/17 10:23:15.263, 1192, 877, 186.59, 80, 80, 100, 14342, Not Active, Not Active, Not Active
2026/07/17 10:23:15.319, 1192, 877, 178.56, 80, 80, 100, 14342, Not Active, Not Active, Not Active
2026/07/17 10:23:15.371, 1192, 877, 172.44, 80, 80, 100, 14342, Not Active, Not Active, Not Active
2026/07/17 10:23:15.423, 1192, 877, 154.78, 80, 80, 100, 14342, Not Active, Not Active, Not Active
2026/07/17 10:23:15.477, 1192, 877, 199.88, 79, 79, 100, 14342, Not Active, Not Active, Not Active
2026/07/17 10:23:15.529, 1192, 877, 201.05, 80, 80, 100, 14342, Not Active, Not Active, Not Active
2026/07/17 10:23:15.581, 1192, 877, 196.87, 80, 80, 100, 14342, Not Active, Not Active, Not Active
2026/07/17 10:23:15.632, 1192, 877, 192.69, 80, 80, 100, 14342, Not Active, Not Active, Not Active
2026/07/17 10:23:15.684, 1192, 877, 178.56, 80, 80, 100, 14342, Not Active, Not Active, Not Active
2026/07/17 10:23:15.740, 1192, 877, 175.20, 80, 80, 100, 14342, Not Active, Not Active, Not Active
2026/07/17 10:23:15.792, 1192, 877, 165.72, 80, 80, 100, 14342, Not Active, Not Active, Not Active
2026/07/17 10:23:15.843, 1192, 877, 158.15, 80, 80, 100, 14342, Not Active, Not Active, Not Active
2026/07/17 10:23:15.896, 1192, 877, 152.00, 80, 80, 100, 14342, Not Active, Not Active, Not Active
2026/07/17 10:23:15.948, 1192, 877, 147.58, 80, 80, 100, 14342, Not Active, Not Active, Not Active
2026/07/17 10:23:15.999, 1192, 877, 151.80, 80, 80, 100, 14342, Not Active, Not Active, Not Active
2026/07/17 10:23:16.051, 1192, 877, 158.79, 80, 80, 100, 14342, Not Active, Not Active, Not Active
2026/07/17 10:23:16.103, 1192, 877, 167.16, 80, 80, 100, 14342, Not Active, Not Active, Not Active
2026/07/17 10:23:16.155, 1192, 877, 176.64, 80, 80, 100, 14342, Not Active, Not Active, Not Active
2026/07/17 10:23:16.207, 1192, 877, 176.52, 80, 80, 100, 14342, Not Active, Not Active, Not Active
2026/07/17 10:23:16.260, 1192, 877, 166.09, 80, 80, 100, 14342, Not Active, Not Active, Not Active
2026/07/17 10:23:16.312, 1192, 877, 54.79, 78, 78, 100, 354, Not Active, Not Active, Not Active
2026/07/17 10:23:16.364, 1192, 877, 51.89, 77, 77, 98, 354, Not Active, Not Active, Not Active
2026/07/17 10:23:16.415, 1192, 877, 51.89, 77, 76, 98, 352, Not Active, Not Active, Not Active
