timestamp,graphics_clock_mhz,memory_clock_mhz,power_w,gpu_temperature_c,memory_temperature_c,gpu_util_pct,memory_used_mib,sw_power_cap,sw_thermal_slowdown,hw_thermal_slowdown
2026/07/17 10:10:58.120, 1192, 877, 35.97, 50, 49, 0, 6, Not Active, Not Active, Not Active
2026/07/17 10:10:58.172, 1192, 877, 36.00, 50, 49, 0, 8, Not Active, Not Active, Not Active
2026/07/17 10:10:58.224, 1192, 877, 35.97, 50, 49, 0, 8, Not Active, Not Active, Not Active
2026/07/17 10:10:58.275, 1192, 877, 35.97, 50, 49, 0, 8, Not Active, Not Active, Not Active
2026/07/17 10:10:58.329, 1192, 877, 36.00, 50, 49, 0, 316, Not Active, Not Active, Not Active
2026/07/17 10:10:58.381, 1192, 877, 36.00, 50, 49, 3, 316, Not Active, Not Active, Not Active
2026/07/17 10:10:58.432, 1192, 877, 36.00, 50, 49, 3, 316, Not Active, Not Active, Not Active
2026/07/17 10:10:58.484, 1192, 877, 36.00, 50, 49, 3, 316, Not Active, Not Active, Not Active
2026/07/17 10:10:58.536, 1192, 877, 35.97, 50, 49, 0, 316, Not Active, Not Active, Not Active
2026/07/17 10:10:58.589, 1192, 877, 36.00, 50, 49, 0, 316, Not Active, Not Active, Not Active
2026/07/17 10:10:58.641, 1192, 877, 36.97, 50, 49, 0, 6708, Not Active, Not Active, Not Active
2026/07/17 10:10:58.693, 1192, 877, 36.94, 50, 49, 0, 6708, Not Active, Not Active, Not Active
2026/07/17 10:10:58.746, 1192, 877, 36.94, 50, 49, 65, 6708, Not Active, Not Active, Not Active
2026/07/17 10:10:58.799, 1192, 877, 36.94, 50, 49, 65, 6708, Not Active, Not Active, Not Active
2026/07/17 10:10:58.851, 1192, 877, 36.97, 50, 49, 65, 6708, Not Active, Not Active, Not Active
2026/07/17 10:10:58.904, 1192, 877, 36.97, 50, 49, 99, 6708, Not Active, Not Active, Not Active
2026/07/17 10:10:58.956, 1192, 877, 36.94, 50, 49, 99, 6708, Not Active, Not Active, Not Active
2026/07/17 10:10:59.010, 1192, 877, 36.94, 50, 49, 99, 6708, Not Active, Not Active, Not Active
2026/07/17 10:10:59.062, 1192, 877, 36.94, 50, 49, 98, 6708, Not Active, Not Active, Not Active
2026/07/17 10:10:59.115, 1192, 877, 36.94, 50, 49, 98, 6708, Not Active, Not Active, Not Active
2026/07/17 10:10:59.168, 1192, 877, 36.94, 50, 49, 98, 6708, Not Active, Not Active, Not Active
2026/07/17 10:10:59.220, 1192, 877, 36.97, 50, 49, 99, 6708, Not Active, Not Active, Not Active
2026/07/17 10:10:59.274, 1192, 877, 36.94, 50, 49, 99, 6708, Not Active, Not Active, Not Active
2026/07/17 10:10:59.327, 1192, 877, 36.94, 50, 49, 99, 6708, Not Active, Not Active, Not Active
2026/07/17 10:10:59.379, 1192, 877, 36.94, 50, 49, 99, 6708, Not Active, Not Active, Not Active
2026/07/17 10:10:59.432, 1192, 877, 36.94, 50, 49, 99, 6708, Not Active, Not Active, Not Active
2026/07/17 10:10:59.485, 1192, 877, 36.97, 50, 49, 99, 6708, Not Active, Not Active, Not Active
2026/07/17 10:10:59.537, 1192, 877, 36.94, 50, 49, 99, 6708, Not Active, Not Active, Not Active
2026/07/17 10:10:59.590, 1192, 877, 36.97, 50, 49, 99, 6708, Not Active, Not Active, Not Active
2026/07/17 10:10:59.642, 1192, 877, 36.94, 50, 49, 99, 6708, Not Active, Not Active, Not Active
2026/07/17 10:10:59.695, 1192, 877, 36.94, 50, 49, 99, 6708, Not Active, Not Active, Not Active
2026/07/17 10:10:59.748, 1192, 877, 36.94, 50, 49, 99, 6708, Not Active, Not Active, Not Active
2026/07/17 10:10:59.800, 1192, 877, 36.97, 50, 48, 99, 6708, Not Active, Not Active, Not Active
2026/07/17 10:10:59.853, 1192, 877, 36.94, 50, 49, 99, 6708, Not Active, Not Active, Not Active
2026/07/17 10:10:59.905, 1192, 877, 36.94, 50, 49, 99, 6708, Not Active, Not Active, Not Active
2026/07/17 10:10:59.958, 1192, 877, 36.97, 50, 49, 99, 6708, Not Active, Not Active, Not Active
2026/07/17 10:11:00.010, 1192, 877, 36.97, 50, 49, 99, 6708, Not Active, Not Active, Not Active
2026/07/17 10:11:00.063, 1192, 877, 36.97, 50, 49, 99, 6708, Not Active, Not Active, Not Active
2026/07/17 10:11:00.117, 1192, 877, 36.46, 50, 49, 99, 6708, Not Active, Not Active, Not Active
2026/07/17 10:11:00.169, 1192, 877, 36.48, 50, 49, 99, 6708, Not Active, Not Active, Not Active
2026/07/17 10:11:00.222, 1192, 877, 36.97, 50, 49, 99, 6708, Not Active, Not Active, Not Active
2026/07/17 10:11:00.274, 1192, 877, 36.97, 50, 49, 99, 6708, Not Active, Not Active, Not Active
2026/07/17 10:11:00.327, 1192, 877, 36.97, 50, 49, 99, 6708, Not Active, Not Active, Not Active
2026/07/17 10:11:00.379, 1192, 877, 36.97, 50, 49, 99, 6708, Not Active, Not Active, Not Active
2026/07/17 10:11:00.432, 1192, 877, 36.46, 50, 49, 99, 6708, Not Active, Not Active, Not Active
2026/07/17 10:11:00.484, 1192, 877, 36.94, 50, 49, 99, 6708, Not Active, Not Active, Not Active
2026/07/17 10:11:00.537, 1192, 877, 36.97, 50, 49, 99, 6708, Not Active, Not Active, Not Active
2026/07/17 10:11:00.590, 1192, 877, 36.97, 50, 49, 99, 6708, Not Active, Not Active, Not Active
2026/07/17 10:11:00.642, 1192, 877, 36.48, 50, 49, 99, 6708, Not Active, Not Active, Not Active
2026/07/17 10:11:00.695, 1192, 877, 37.91, 50, 49, 99, 8228, Not Active, Not Active, Not Active
2026/07/17 10:11:00.747, 1192, 877, 127.26, 50, 48, 71, 8404, Not Active, Not Active, Not Active
2026/07/17 10:11:00.799, 1192, 877, 165.35, 52, 51, 71, 8404, Not Active, Not Active, Not Active
2026/07/17 10:11:00.851, 1192, 877, 171.11, 52, 52, 71, 8404, Not Active, Not Active, Not Active
2026/07/17 10:11:00.903, 1192, 877, 171.48, 53, 53, 92, 8404, Not Active, Not Active, Not Active
2026/07/17 10:11:00.955, 1192, 877, 170.89, 53, 53, 92, 8404, Not Active, Not Active, Not Active
2026/07/17 10:11:01.006, 1192, 877, 171.59, 54, 54, 92, 8404, Not Active, Not Active, Not Active
2026/07/17 10:11:01.061, 1192, 877, 164.50, 54, 53, 100, 8404, Not Active, Not Active, Not Active
2026/07/17 10:11:01.113, 1192, 877, 172.44, 54, 54, 100, 8404, Not Active, Not Active, Not Active
2026/07/17 10:11:01.165, 1192, 877, 168.97, 54, 54, 100, 8404, Not Active, Not Active, Not Active
2026/07/17 10:11:01.217, 1192, 877, 165.02, 54, 54, 100, 8404, Not Active, Not Active, Not Active
2026/07/17 10:11:01.269, 1192, 877, 163.91, 55, 54, 100, 8404, Not Active, Not Active, Not Active
2026/07/17 10:11:01.322, 1192, 877, 169.30, 55, 55, 100, 8404, Not Active, Not Active, Not Active
2026/07/17 10:11:01.374, 1192, 877, 157.08, 55, 54, 100, 8404, Not Active, Not Active, Not Active
2026/07/17 10:11:01.426, 1192, 877, 166.31, 55, 55, 100, 8404, Not Active, Not Active, Not Active
2026/07/17 10:11:01.478, 1192, 877, 166.79, 55, 55, 100, 8404, Not Active, Not Active, Not Active
2026/07/17 10:11:01.530, 1192, 877, 166.09, 55, 55, 100, 8404, Not Active, Not Active, Not Active
2026/07/17 10:11:01.583, 1192, 877, 164.28, 55, 55, 100, 8404, Not Active, Not Active, Not Active
2026/07/17 10:11:01.635, 1192, 877, 167.53, 55, 55, 100, 8404, Not Active, Not Active, Not Active
2026/07/17 10:11:01.687, 1192, 877, 146.91, 55, 55, 100, 8404, Not Active, Not Active, Not Active
2026/07/17 10:11:01.739, 1192, 877, 166.90, 55, 55, 100, 8404, Not Active, Not Active, Not Active
2026/07/17 10:11:01.828, 1192, 877, 162.10, 55, 55, 100, 8404, Not Active, Not Active, Not Active
2026/07/17 10:11:01.880, 1192, 877, 157.08, 55, 55, 100, 8404, Not Active, Not Active, Not Active
2026/07/17 10:11:01.932, 1192, 877, 163.91, 55, 55, 99, 8404, Not Active, Not Active, Not Active
2026/07/17 10:11:01.987, 1192, 877, 158.15, 55, 56, 99, 8404, Not Active, Not Active, Not Active
2026/07/17 10:11:02.039, 1192, 877, 97.18, 55, 55, 99, 8404, Not Active, Not Active, Not Active
2026/07/17 10:11:02.091, 1192, 877, 164.87, 55, 55, 91, 8404, Not Active, Not Active, Not Active
2026/07/17 10:11:02.143, 1192, 877, 161.40, 56, 56, 91, 8404, Not Active, Not Active, Not Active
2026/07/17 10:11:02.195, 1192, 877, 170.89, 55, 56, 91, 8404, Not Active, Not Active, Not Active
2026/07/17 10:11:02.247, 1192, 877, 163.32, 56, 56, 100, 8404, Not Active, Not Active, Not Active
2026/07/17 10:11:02.299, 1192, 877, 165.94, 56, 56, 100, 8404, Not Active, Not Active, Not Active
2026/07/17 10:11:02.351, 1192, 877, 171.48, 56, 56, 100, 8404, Not Active, Not Active, Not Active
2026/07/17 10:11:02.403, 1192, 877, 159.96, 56, 55, 100, 8404, Not Active, Not Active, Not Active
2026/07/17 10:11:02.455, 1192, 877, 166.31, 56, 56, 100, 8404, Not Active, Not Active, Not Active
2026/07/17 10:11:02.508, 1192, 877, 162.58, 56, 56, 100, 8404, Not Active, Not Active, Not Active
2026/07/17 10:11:02.560, 1192, 877, 169.45, 56, 56, 100, 8404, Not Active, Not Active, Not Active
2026/07/17 10:11:02.612, 1192, 877, 164.28, 56, 56, 100, 8404, Not Active, Not Active, Not Active
2026/07/17 10:11:02.664, 1192, 877, 170.63, 56, 56, 100, 8404, Not Active, Not Active, Not Active
2026/07/17 10:11:02.716, 1192, 877, 167.16, 56, 56, 100, 8404, Not Active, Not Active, Not Active
2026/07/17 10:11:02.770, 1192, 877, 162.25, 56, 56, 100, 8404, Not Active, Not Active, Not Active
2026/07/17 10:11:02.822, 1192, 877, 168.12, 56, 56, 100, 8404, Not Active, Not Active, Not Active
2026/07/17 10:11:02.874, 1192, 877, 165.72, 56, 56, 100, 8404, Not Active, Not Active, Not Active
2026/07/17 10:11:02.925, 1192, 877, 167.27, 56, 56, 100, 8404, Not Active, Not Active, Not Active
2026/07/17 10:11:02.977, 1192, 877, 168.12, 56, 56, 100, 8404, Not Active, Not Active, Not Active
2026/07/17 10:11:03.031, 1192, 877, 168.12, 56, 56, 100, 8404, Not Active, Not Active, Not Active
2026/07/17 10:11:03.082, 1192, 877, 142.00, 56, 57, 100, 8404, Not Active, Not Active, Not Active
2026/07/17 10:11:03.134, 1192, 877, 169.08, 56, 56, 100, 8404, Not Active, Not Active, Not Active
2026/07/17 10:11:03.186, 1192, 877, 162.95, 56, 56, 100, 8404, Not Active, Not Active, Not Active
2026/07/17 10:11:03.238, 1192, 877, 168.97, 57, 57, 100, 8404, Not Active, Not Active, Not Active
2026/07/17 10:11:03.291, 1192, 877, 159.96, 57, 57, 100, 8404, Not Active, Not Active, Not Active
2026/07/17 10:11:03.343, 1192, 877, 167.64, 57, 57, 100, 8404, Not Active, Not Active, Not Active
2026/07/17 10:11:03.396, 1192, 877, 169.67, 57, 57, 100, 8404, Not Active, Not Active, Not Active
2026/07/17 10:11:03.447, 1192, 877, 156.70, 56, 57, 100, 8404, Not Active, Not Active, Not Active
2026/07/17 10:11:03.499, 1192, 877, 168.97, 57, 57, 100, 8404, Not Active, Not Active, Not Active
2026/07/17 10:11:03.552, 1192, 877, 172.80, 57, 57, 100, 8404, Not Active, Not Active, Not Active
2026/07/17 10:11:03.604, 1192, 877, 160.44, 57, 57, 100, 8404, Not Active, Not Active, Not Active
2026/07/17 10:11:03.656, 1192, 877, 161.77, 57, 57, 100, 8404, Not Active, Not Active, Not Active
2026/07/17 10:11:03.707, 1192, 877, 171.11, 57, 57, 100, 8404, Not Active, Not Active, Not Active
2026/07/17 10:11:03.759, 1192, 877, 165.72, 57, 57, 100, 8404, Not Active, Not Active, Not Active
2026/07/17 10:11:03.813, 1192, 877, 167.86, 57, 57, 100, 8404, Not Active, Not Active, Not Active
2026/07/17 10:11:03.865, 1192, 877, 173.88, 57, 57, 100, 8404, Not Active, Not Active, Not Active
2026/07/17 10:11:03.917, 1192, 877, 160.55, 57, 57, 100, 8404, Not Active, Not Active, Not Active
2026/07/17 10:11:03.969, 1192, 877, 165.72, 57, 57, 100, 8404, Not Active, Not Active, Not Active
2026/07/17 10:11:04.021, 1192, 877, 170.41, 57, 57, 100, 8404, Not Active, Not Active, Not Active
2026/07/17 10:11:04.074, 1192, 877, 172.44, 57, 57, 100, 8404, Not Active, Not Active, Not Active
2026/07/17 10:11:04.126, 1192, 877, 170.63, 57, 57, 100, 8404, Not Active, Not Active, Not Active
2026/07/17 10:11:04.177, 1192, 877, 163.91, 57, 57, 100, 8404, Not Active, Not Active, Not Active
2026/07/17 10:11:04.229, 1192, 877, 164.28, 57, 57, 100, 8404, Not Active, Not Active, Not Active
2026/07/17 10:11:04.281, 1192, 877, 164.65, 57, 57, 100, 8404, Not Active, Not Active, Not Active
2026/07/17 10:11:04.334, 1192, 877, 169.67, 57, 57, 100, 8404, Not Active, Not Active, Not Active
2026/07/17 10:11:04.386, 1192, 877, 168.49, 57, 57, 100, 8404, Not Active, Not Active, Not Active
2026/07/17 10:11:04.438, 1192, 877, 170.52, 57, 57, 100, 8404, Not Active, Not Active, Not Active
2026/07/17 10:11:04.490, 1192, 877, 167.75, 57, 57, 100, 8404, Not Active, Not Active, Not Active
2026/07/17 10:11:04.541, 1192, 877, 160.92, 57, 57, 100, 8404, Not Active, Not Active, Not Active
2026/07/17 10:11:04.595, 1192, 877, 162.47, 57, 57, 100, 8404, Not Active, Not Active, Not Active
2026/07/17 10:11:04.647, 1192, 877, 160.81, 58, 58, 100, 8404, Not Active, Not Active, Not Active
2026/07/17 10:11:04.699, 1192, 877, 160.81, 57, 58, 100, 8404, Not Active, Not Active, Not Active
2026/07/17 10:11:04.750, 1192, 877, 164.76, 58, 58, 100, 8404, Not Active, Not Active, Not Active
2026/07/17 10:11:04.802, 1192, 877, 170.04, 58, 58, 100, 8404, Not Active, Not Active, Not Active
2026/07/17 10:11:04.856, 1192, 877, 169.45, 58, 58, 100, 8404, Not Active, Not Active, Not Active
2026/07/17 10:11:04.908, 1192, 877, 167.05, 58, 58, 100, 8404, Not Active, Not Active, Not Active
2026/07/17 10:11:04.960, 1192, 877, 171.96, 58, 58, 100, 8404, Not Active, Not Active, Not Active
2026/07/17 10:11:05.012, 1192, 877, 160.07, 58, 58, 100, 8404, Not Active, Not Active, Not Active
2026/07/17 10:11:05.063, 1192, 877, 158.04, 58, 58, 100, 8404, Not Active, Not Active, Not Active
2026/07/17 10:11:05.116, 1192, 877, 161.77, 58, 58, 100, 8404, Not Active, Not Active, Not Active
2026/07/17 10:11:05.168, 1192, 877, 166.79, 58, 58, 100, 8404, Not Active, Not Active, Not Active
2026/07/17 10:11:05.220, 1192, 877, 165.83, 58, 58, 100, 8404, Not Active, Not Active, Not Active
2026/07/17 10:11:05.272, 1192, 877, 154.68, 58, 57, 100, 8404, Not Active, Not Active, Not Active
2026/07/17 10:11:05.324, 1192, 877, 166.57, 58, 58, 100, 8404, Not Active, Not Active, Not Active
2026/07/17 10:11:05.378, 1192, 877, 169.56, 58, 58, 100, 8404, Not Active, Not Active, Not Active
2026/07/17 10:11:05.430, 1192, 877, 165.13, 58, 58, 100, 8404, Not Active, Not Active, Not Active
2026/07/17 10:11:05.482, 1192, 877, 149.50, 58, 58, 100, 8404, Not Active, Not Active, Not Active
2026/07/17 10:11:05.533, 1192, 877, 156.70, 58, 58, 100, 8404, Not Active, Not Active, Not Active
2026/07/17 10:11:05.585, 1192, 877, 166.31, 58, 58, 100, 8404, Not Active, Not Active, Not Active
2026/07/17 10:11:05.639, 1192, 877, 142.48, 58, 59, 100, 8404, Not Active, Not Active, Not Active
2026/07/17 10:11:05.691, 1192, 877, 169.19, 58, 58, 100, 8404, Not Active, Not Active, Not Active
2026/07/17 10:11:05.743, 1192, 877, 165.61, 58, 58, 100, 8404, Not Active, Not Active, Not Active
2026/07/17 10:11:05.794, 1192, 877, 164.28, 58, 58, 100, 8404, Not Active, Not Active, Not Active
2026/07/17 10:11:05.846, 1192, 877, 167.27, 58, 58, 100, 8404, Not Active, Not Active, Not Active
2026/07/17 10:11:05.900, 1192, 877, 169.08, 58, 58, 100, 8404, Not Active, Not Active, Not Active
2026/07/17 10:11:05.952, 1192, 877, 154.41, 58, 59, 100, 8404, Not Active, Not Active, Not Active
2026/07/17 10:11:06.004, 1192, 877, 156.60, 58, 59, 100, 8404, Not Active, Not Active, Not Active
2026/07/17 10:11:06.056, 1192, 877, 159.00, 58, 58, 100, 8404, Not Active, Not Active, Not Active
2026/07/17 10:11:06.108, 1192, 877, 157.56, 58, 58, 100, 8404, Not Active, Not Active, Not Active
2026/07/17 10:11:06.160, 1192, 877, 167.75, 58, 59, 100, 8404, Not Active, Not Active, Not Active
2026/07/17 10:11:06.212, 1192, 877, 167.27, 58, 58, 100, 8404, Not Active, Not Active, Not Active
2026/07/17 10:11:06.264, 1192, 877, 162.84, 59, 59, 100, 8404, Not Active, Not Active, Not Active
2026/07/17 10:11:06.316, 1192, 877, 168.49, 59, 59, 100, 8404, Not Active, Not Active, Not Active
2026/07/17 10:11:06.367, 1192, 877, 172.44, 59, 59, 100, 8404, Not Active, Not Active, Not Active
2026/07/17 10:11:06.422, 1192, 877, 161.99, 58, 58, 100, 8404, Not Active, Not Active, Not Active
2026/07/17 10:11:06.474, 1192, 877, 164.28, 59, 59, 100, 8404, Not Active, Not Active, Not Active
2026/07/17 10:11:06.526, 1192, 877, 175.20, 59, 59, 100, 8404, Not Active, Not Active, Not Active
2026/07/17 10:11:06.577, 1192, 877, 168.60, 59, 59, 100, 8404, Not Active, Not Active, Not Active
2026/07/17 10:11:06.629, 1192, 877, 150.56, 59, 59, 100, 8404, Not Active, Not Active, Not Active
2026/07/17 10:11:06.682, 1192, 877, 158.04, 59, 59, 100, 8404, Not Active, Not Active, Not Active
2026/07/17 10:11:06.734, 1192, 877, 159.11, 59, 59, 100, 8404, Not Active, Not Active, Not Active
2026/07/17 10:11:06.786, 1192, 877, 118.19, 58, 59, 100, 8404, Not Active, Not Active, Not Active
2026/07/17 10:11:06.838, 1192, 877, 162.95, 59, 59, 100, 8404, Not Active, Not Active, Not Active
2026/07/17 10:11:06.889, 1192, 877, 163.43, 59, 59, 100, 8404, Not Active, Not Active, Not Active
2026/07/17 10:11:06.944, 1192, 877, 164.39, 59, 59, 100, 8404, Not Active, Not Active, Not Active
2026/07/17 10:11:06.996, 1192, 877, 167.16, 59, 59, 100, 8404, Not Active, Not Active, Not Active
2026/07/17 10:11:07.048, 1192, 877, 167.27, 59, 59, 100, 8404, Not Active, Not Active, Not Active
2026/07/17 10:11:07.100, 1192, 877, 168.01, 59, 59, 100, 8404, Not Active, Not Active, Not Active
2026/07/17 10:11:07.152, 1192, 877, 167.64, 59, 59, 100, 8404, Not Active, Not Active, Not Active
2026/07/17 10:11:07.205, 1192, 877, 164.39, 59, 59, 100, 8404, Not Active, Not Active, Not Active
2026/07/17 10:11:07.257, 1192, 877, 162.84, 59, 59, 100, 8404, Not Active, Not Active, Not Active
2026/07/17 10:11:07.308, 1192, 877, 171.96, 59, 59, 100, 8404, Not Active, Not Active, Not Active
2026/07/17 10:11:07.360, 1192, 877, 169.19, 59, 59, 100, 8404, Not Active, Not Active, Not Active
2026/07/17 10:11:07.412, 1192, 877, 161.99, 59, 59, 100, 8404, Not Active, Not Active, Not Active
2026/07/17 10:11:07.464, 1192, 877, 148.16, 59, 59, 100, 8404, Not Active, Not Active, Not Active
2026/07/17 10:11:07.516, 1192, 877, 153.72, 59, 59, 100, 8404, Not Active, Not Active, Not Active
2026/07/17 10:11:07.568, 1192, 877, 141.52, 59, 60, 100, 8404, Not Active, Not Active, Not Active
2026/07/17 10:11:07.621, 1192, 877, 156.33, 59, 59, 100, 8404, Not Active, Not Active, Not Active
2026/07/17 10:11:07.672, 1192, 877, 160.55, 59, 60, 100, 8404, Not Active, Not Active, Not Active
2026/07/17 10:11:07.725, 1192, 877, 159.21, 59, 60, 100, 8404, Not Active, Not Active, Not Active
2026/07/17 10:11:07.776, 1192, 877, 165.35, 59, 60, 100, 8404, Not Active, Not Active, Not Active
2026/07/17 10:11:07.828, 1192, 877, 160.92, 59, 59, 100, 8404, Not Active, Not Active, Not Active
2026/07/17 10:11:07.880, 1192, 877, 166.68, 59, 60, 100, 8404, Not Active, Not Active, Not Active
2026/07/17 10:11:07.932, 1192, 877, 167.16, 59, 60, 100, 8404, Not Active, Not Active, Not Active
2026/07/17 10:11:07.983, 1192, 877, 138.16, 59, 59, 100, 8404, Not Active, Not Active, Not Active
2026/07/17 10:11:08.035, 1192, 877, 164.28, 59, 59, 100, 8404, Not Active, Not Active, Not Active
2026/07/17 10:11:08.088, 1192, 877, 167.64, 59, 60, 100, 8404, Not Active, Not Active, Not Active
2026/07/17 10:11:08.140, 1192, 877, 162.36, 59, 59, 100, 8404, Not Active, Not Active, Not Active
2026/07/17 10:11:08.192, 1192, 877, 166.20, 60, 59, 100, 8404, Not Active, Not Active, Not Active
2026/07/17 10:11:08.244, 1192, 877, 169.56, 60, 60, 100, 8404, Not Active, Not Active, Not Active
2026/07/17 10:11:08.296, 1192, 877, 167.64, 60, 60, 100, 8404, Not Active, Not Active, Not Active
2026/07/17 10:11:08.353, 1192, 877, 166.20, 60, 60, 100, 8404, Not Active, Not Active, Not Active
2026/07/17 10:11:08.404, 1192, 877, 162.95, 60, 59, 100, 8404, Not Active, Not Active, Not Active
2026/07/17 10:11:08.456, 1192, 877, 172.92, 60, 60, 100, 8404, Not Active, Not Active, Not Active
2026/07/17 10:11:08.508, 1192, 877, 168.71, 60, 60, 100, 8404, Not Active, Not Active, Not Active
2026/07/17 10:11:08.560, 1192, 877, 167.75, 60, 60, 100, 8404, Not Active, Not Active, Not Active
2026/07/17 10:11:08.613, 1192, 877, 167.53, 60, 60, 100, 8404, Not Active, Not Active, Not Active
2026/07/17 10:11:08.664, 1192, 877, 171.48, 60, 60, 100, 8404, Not Active, Not Active, Not Active
2026/07/17 10:11:08.716, 1192, 877, 168.23, 60, 60, 100, 8404, Not Active, Not Active, Not Active
2026/07/17 10:11:08.768, 1192, 877, 166.20, 60, 60, 100, 8404, Not Active, Not Active, Not Active
2026/07/17 10:11:08.820, 1192, 877, 164.17, 60, 60, 100, 8404, Not Active, Not Active, Not Active
2026/07/17 10:11:08.873, 1192, 877, 169.45, 60, 60, 100, 8404, Not Active, Not Active, Not Active
2026/07/17 10:11:08.924, 1192, 877, 170.41, 60, 60, 100, 8404, Not Active, Not Active, Not Active
2026/07/17 10:11:08.976, 1192, 877, 168.60, 60, 60, 100, 8404, Not Active, Not Active, Not Active
2026/07/17 10:11:09.028, 1192, 877, 166.79, 60, 60, 100, 8404, Not Active, Not Active, Not Active
2026/07/17 10:11:09.080, 1192, 877, 165.83, 60, 60, 100, 8404, Not Active, Not Active, Not Active
2026/07/17 10:11:09.134, 1192, 877, 157.77, 60, 60, 100, 8404, Not Active, Not Active, Not Active
2026/07/17 10:11:09.186, 1192, 877, 155.85, 60, 60, 100, 8404, Not Active, Not Active, Not Active
2026/07/17 10:11:09.237, 1192, 877, 167.27, 60, 60, 100, 8404, Not Active, Not Active, Not Active
2026/07/17 10:11:09.289, 1192, 877, 168.12, 60, 60, 100, 8404, Not Active, Not Active, Not Active
2026/07/17 10:11:09.341, 1192, 877, 164.28, 60, 60, 100, 8404, Not Active, Not Active, Not Active
2026/07/17 10:11:09.394, 1192, 877, 161.03, 60, 60, 100, 8404, Not Active, Not Active, Not Active
2026/07/17 10:11:09.446, 1192, 877, 160.17, 60, 60, 100, 8404, Not Active, Not Active, Not Active
2026/07/17 10:11:09.498, 1192, 877, 160.17, 60, 60, 100, 8404, Not Active, Not Active, Not Active
2026/07/17 10:11:09.550, 1192, 877, 157.77, 60, 60, 100, 8404, Not Active, Not Active, Not Active
2026/07/17 10:11:09.601, 1192, 877, 155.37, 60, 61, 100, 8404, Not Active, Not Active, Not Active
2026/07/17 10:11:09.654, 1192, 877, 161.40, 60, 60, 100, 8404, Not Active, Not Active, Not Active
2026/07/17 10:11:09.706, 1192, 877, 165.35, 60, 60, 100, 8404, Not Active, Not Active, Not Active
2026/07/17 10:11:09.760, 1192, 877, 166.31, 60, 60, 100, 8404, Not Active, Not Active, Not Active
2026/07/17 10:11:09.812, 1192, 877, 164.17, 60, 60, 100, 8404, Not Active, Not Active, Not Active
2026/07/17 10:11:09.864, 1192, 877, 167.27, 60, 60, 100, 8404, Not Active, Not Active, Not Active
2026/07/17 10:11:09.916, 1192, 877, 163.91, 60, 61, 100, 8404, Not Active, Not Active, Not Active
2026/07/17 10:11:09.968, 1192, 877, 163.80, 60, 61, 100, 8404, Not Active, Not Active, Not Active
2026/07/17 10:11:10.021, 1192, 877, 161.99, 60, 61, 100, 8404, Not Active, Not Active, Not Active
2026/07/17 10:11:10.073, 1192, 877, 166.20, 60, 60, 100, 8404, Not Active, Not Active, Not Active
2026/07/17 10:11:10.124, 1192, 877, 171.48, 60, 61, 100, 8404, Not Active, Not Active, Not Active
2026/07/17 10:11:10.176, 1192, 877, 173.40, 61, 61, 100, 8404, Not Active, Not Active, Not Active
2026/07/17 10:11:10.228, 1192, 877, 167.53, 61, 61, 100, 8404, Not Active, Not Active, Not Active
2026/07/17 10:11:10.283, 1192, 877, 169.19, 61, 61, 100, 8404, Not Active, Not Active, Not Active
2026/07/17 10:11:10.335, 1192, 877, 171.00, 61, 61, 100, 8404, Not Active, Not Active, Not Active
2026/07/17 10:11:10.386, 1192, 877, 172.92, 61, 61, 100, 8404, Not Active, Not Active, Not Active
2026/07/17 10:11:10.438, 1192, 877, 167.90, 61, 61, 100, 8404, Not Active, Not Active, Not Active
2026/07/17 10:11:10.490, 1192, 877, 161.03, 60, 60, 100, 8404, Not Active, Not Active, Not Active
2026/07/17 10:11:10.543, 1192, 877, 172.44, 61, 61, 100, 8404, Not Active, Not Active, Not Active
2026/07/17 10:11:10.595, 1192, 877, 170.89, 61, 61, 100, 8404, Not Active, Not Active, Not Active
2026/07/17 10:11:10.647, 1192, 877, 172.80, 61, 61, 100, 8404, Not Active, Not Active, Not Active
2026/07/17 10:11:10.699, 1192, 877, 168.49, 61, 61, 100, 8404, Not Active, Not Active, Not Active
2026/07/17 10:11:10.750, 1192, 877, 166.79, 61, 61, 100, 8404, Not Active, Not Active, Not Active
2026/07/17 10:11:10.802, 1192, 877, 164.76, 61, 61, 100, 8404, Not Active, Not Active, Not Active
2026/07/17 10:11:10.854, 1192, 877, 166.79, 61, 61, 100, 8404, Not Active, Not Active, Not Active
2026/07/17 10:11:10.907, 1192, 877, 147.20, 60, 60, 100, 8404, Not Active, Not Active, Not Active
2026/07/17 10:11:10.958, 1192, 877, 168.12, 61, 61, 100, 8404, Not Active, Not Active, Not Active
2026/07/17 10:11:11.010, 1192, 877, 169.08, 61, 61, 100, 8404, Not Active, Not Active, Not Active
2026/07/17 10:11:11.062, 1192, 877, 165.24, 61, 61, 100, 8404, Not Active, Not Active, Not Active
2026/07/17 10:11:11.114, 1192, 877, 169.08, 61, 61, 100, 8404, Not Active, Not Active, Not Active
2026/07/17 10:11:11.169, 1192, 877, 164.28, 61, 61, 100, 8404, Not Active, Not Active, Not Active
2026/07/17 10:11:11.221, 1192, 877, 165.13, 61, 61, 100, 8404, Not Active, Not Active, Not Active
2026/07/17 10:11:11.273, 1192, 877, 163.32, 61, 62, 100, 8404, Not Active, Not Active, Not Active
2026/07/17 10:11:11.325, 1192, 877, 103.73, 61, 61, 100, 8404, Not Active, Not Active, Not Active
2026/07/17 10:11:11.377, 1192, 877, 146.81, 61, 61, 100, 8404, Not Active, Not Active, Not Active
2026/07/17 10:11:11.429, 1192, 877, 145.75, 61, 61, 100, 8404, Not Active, Not Active, Not Active
2026/07/17 10:11:11.481, 1192, 877, 139.99, 61, 62, 100, 8404, Not Active, Not Active, Not Active
2026/07/17 10:11:11.532, 1192, 877, 144.89, 61, 62, 100, 8404, Not Active, Not Active, Not Active
2026/07/17 10:11:11.584, 1192, 877, 149.70, 61, 61, 100, 8404, Not Active, Not Active, Not Active
2026/07/17 10:11:11.636, 1192, 877, 157.77, 61, 61, 100, 8404, Not Active, Not Active, Not Active
2026/07/17 10:11:11.688, 1192, 877, 163.43, 61, 62, 100, 8404, Not Active, Not Active, Not Active
2026/07/17 10:11:11.740, 1192, 877, 163.43, 61, 62, 100, 8404, Not Active, Not Active, Not Active
2026/07/17 10:11:11.793, 1192, 877, 165.83, 61, 61, 100, 8404, Not Active, Not Active, Not Active
2026/07/17 10:11:11.845, 1192, 877, 163.91, 61, 61, 100, 8404, Not Active, Not Active, Not Active
2026/07/17 10:11:11.897, 1192, 877, 171.00, 61, 61, 100, 8404, Not Active, Not Active, Not Active
2026/07/17 10:11:11.949, 1192, 877, 169.08, 61, 62, 100, 8404, Not Active, Not Active, Not Active
2026/07/17 10:11:12.000, 1192, 877, 168.01, 61, 61, 100, 8404, Not Active, Not Active, Not Active
2026/07/17 10:11:12.054, 1192, 877, 166.42, 61, 62, 100, 8404, Not Active, Not Active, Not Active
2026/07/17 10:11:12.106, 1192, 877, 171.37, 61, 62, 100, 8404, Not Active, Not Active, Not Active
2026/07/17 10:11:12.158, 1192, 877, 168.60, 61, 61, 100, 8404, Not Active, Not Active, Not Active
2026/07/17 10:11:12.210, 1192, 877, 134.88, 61, 62, 100, 8404, Not Active, Not Active, Not Active
2026/07/17 10:11:12.262, 1192, 877, 159.11, 61, 62, 100, 8404, Not Active, Not Active, Not Active
2026/07/17 10:11:12.314, 1192, 877, 151.42, 61, 62, 100, 8404, Not Active, Not Active, Not Active
2026/07/17 10:11:12.365, 1192, 877, 154.78, 61, 62, 100, 8404, Not Active, Not Active, Not Active
2026/07/17 10:11:12.417, 1192, 877, 144.70, 61, 62, 100, 8404, Not Active, Not Active, Not Active
2026/07/17 10:11:12.469, 1192, 877, 139.12, 62, 62, 100, 8404, Not Active, Not Active, Not Active
2026/07/17 10:11:12.521, 1192, 877, 150.08, 62, 62, 100, 8404, Not Active, Not Active, Not Active
2026/07/17 10:11:12.573, 1192, 877, 159.21, 62, 62, 100, 8404, Not Active, Not Active, Not Active
2026/07/17 10:11:12.625, 1192, 877, 163.80, 62, 62, 100, 8404, Not Active, Not Active, Not Active
2026/07/17 10:11:12.676, 1192, 877, 165.24, 61, 61, 100, 8404, Not Active, Not Active, Not Active
2026/07/17 10:11:12.728, 1192, 877, 173.40, 62, 62, 100, 8404, Not Active, Not Active, Not Active
2026/07/17 10:11:12.780, 1192, 877, 164.65, 62, 62, 100, 8404, Not Active, Not Active, Not Active
2026/07/17 10:11:12.832, 1192, 877, 167.27, 62, 62, 100, 8404, Not Active, Not Active, Not Active
2026/07/17 10:11:12.887, 1192, 877, 171.48, 62, 62, 100, 8404, Not Active, Not Active, Not Active
2026/07/17 10:11:12.939, 1192, 877, 165.72, 62, 62, 100, 8404, Not Active, Not Active, Not Active
2026/07/17 10:11:12.991, 1192, 877, 166.09, 62, 62, 100, 8404, Not Active, Not Active, Not Active
2026/07/17 10:11:13.042, 1192, 877, 159.48, 62, 62, 100, 8404, Not Active, Not Active, Not Active
2026/07/17 10:11:13.094, 1192, 877, 109.11, 62, 62, 100, 8404, Not Active, Not Active, Not Active
2026/07/17 10:11:13.147, 1192, 877, 139.60, 62, 62, 100, 8404, Not Active, Not Active, Not Active
2026/07/17 10:11:13.199, 1192, 877, 146.81, 62, 62, 100, 8404, Not Active, Not Active, Not Active
2026/07/17 10:11:13.251, 1192, 877, 161.03, 62, 62, 100, 8404, Not Active, Not Active, Not Active
2026/07/17 10:11:13.303, 1192, 877, 165.24, 62, 62, 100, 8404, Not Active, Not Active, Not Active
2026/07/17 10:11:13.355, 1192, 877, 168.23, 62, 62, 100, 8404, Not Active, Not Active, Not Active
2026/07/17 10:11:13.407, 1192, 877, 174.00, 62, 62, 100, 8404, Not Active, Not Active, Not Active
2026/07/17 10:11:13.459, 1192, 877, 169.56, 62, 62, 100, 8404, Not Active, Not Active, Not Active
2026/07/17 10:11:13.512, 1192, 877, 169.33, 62, 62, 100, 8404, Not Active, Not Active, Not Active
2026/07/17 10:11:13.563, 1192, 877, 148.06, 62, 61, 100, 8404, Not Active, Not Active, Not Active
2026/07/17 10:11:13.615, 1192, 877, 161.13, 62, 62, 100, 8404, Not Active, Not Active, Not Active
2026/07/17 10:11:13.667, 1192, 877, 161.03, 62, 62, 100, 8404, Not Active, Not Active, Not Active
2026/07/17 10:11:13.719, 1192, 877, 152.28, 62, 62, 100, 8404, Not Active, Not Active, Not Active
2026/07/17 10:11:13.773, 1192, 877, 156.33, 62, 62, 100, 8404, Not Active, Not Active, Not Active
2026/07/17 10:11:13.824, 1192, 877, 139.60, 62, 62, 100, 8404, Not Active, Not Active, Not Active
2026/07/17 10:11:13.876, 1192, 877, 145.37, 62, 63, 100, 8404, Not Active, Not Active, Not Active
2026/07/17 10:11:13.928, 1192, 877, 159.11, 62, 63, 100, 8404, Not Active, Not Active, Not Active
2026/07/17 10:11:13.980, 1192, 877, 163.80, 62, 62, 100, 8404, Not Active, Not Active, Not Active
2026/07/17 10:11:14.032, 1192, 877, 165.83, 62, 62, 100, 8404, Not Active, Not Active, Not Active
2026/07/17 10:11:14.084, 1192, 877, 168.01, 62, 62, 100, 8404, Not Active, Not Active, Not Active
2026/07/17 10:11:14.138, 1192, 877, 170.04, 62, 62, 100, 8404, Not Active, Not Active, Not Active
2026/07/17 10:11:14.190, 1192, 877, 162.84, 62, 62, 100, 8404, Not Active, Not Active, Not Active
2026/07/17 10:11:14.241, 1192, 877, 160.44, 62, 62, 100, 8404, Not Active, Not Active, Not Active
2026/07/17 10:11:14.293, 1192, 877, 163.91, 62, 63, 100, 8404, Not Active, Not Active, Not Active
2026/07/17 10:11:14.345, 1192, 877, 161.77, 62, 63, 100, 8404, Not Active, Not Active, Not Active
2026/07/17 10:11:14.402, 1192, 877, 154.41, 62, 63, 100, 8404, Not Active, Not Active, Not Active
2026/07/17 10:11:14.454, 1192, 877, 147.10, 62, 63, 100, 8404, Not Active, Not Active, Not Active
2026/07/17 10:11:14.506, 1192, 877, 161.40, 62, 62, 100, 8404, Not Active, Not Active, Not Active
2026/07/17 10:11:14.557, 1192, 877, 169.56, 62, 62, 100, 8404, Not Active, Not Active, Not Active
2026/07/17 10:11:14.609, 1192, 877, 171.85, 62, 63, 100, 8404, Not Active, Not Active, Not Active
2026/07/17 10:11:14.665, 1192, 877, 166.31, 62, 63, 100, 8404, Not Active, Not Active, Not Active
2026/07/17 10:11:14.716, 1192, 877, 165.13, 62, 62, 100, 8404, Not Active, Not Active, Not Active
2026/07/17 10:11:14.768, 1192, 877, 168.49, 62, 63, 100, 8404, Not Active, Not Active, Not Active
2026/07/17 10:11:14.820, 1192, 877, 166.57, 62, 62, 100, 8404, Not Active, Not Active, Not Active
2026/07/17 10:11:14.872, 1192, 877, 158.15, 62, 63, 100, 8404, Not Active, Not Active, Not Active
2026/07/17 10:11:14.923, 1192, 877, 132.95, 63, 63, 100, 8404, Not Active, Not Active, Not Active
2026/07/17 10:11:14.976, 1192, 877, 150.56, 62, 63, 100, 8404, Not Active, Not Active, Not Active
2026/07/17 10:11:15.030, 1192, 877, 164.87, 63, 63, 100, 8404, Not Active, Not Active, Not Active
2026/07/17 10:11:15.081, 1192, 877, 168.71, 63, 63, 100, 8404, Not Active, Not Active, Not Active
2026/07/17 10:11:15.133, 1192, 877, 170.04, 62, 63, 100, 8404, Not Active, Not Active, Not Active
2026/07/17 10:11:15.185, 1192, 877, 168.01, 63, 63, 100, 8404, Not Active, Not Active, Not Active
2026/07/17 10:11:15.237, 1192, 877, 170.04, 63, 63, 100, 8404, Not Active, Not Active, Not Active
2026/07/17 10:11:15.289, 1192, 877, 165.72, 63, 63, 100, 8404, Not Active, Not Active, Not Active
2026/07/17 10:11:15.340, 1192, 877, 163.91, 63, 63, 100, 8404, Not Active, Not Active, Not Active
2026/07/17 10:11:15.393, 1192, 877, 127.74, 63, 63, 100, 8404, Not Active, Not Active, Not Active
2026/07/17 10:11:15.445, 1192, 877, 150.94, 63, 63, 100, 8404, Not Active, Not Active, Not Active
2026/07/17 10:11:15.498, 1192, 877, 166.20, 63, 63, 100, 8404, Not Active, Not Active, Not Active
2026/07/17 10:11:15.550, 1192, 877, 168.85, 63, 63, 100, 8404, Not Active, Not Active, Not Active
2026/07/17 10:11:15.602, 1192, 877, 166.68, 63, 63, 100, 8404, Not Active, Not Active, Not Active
2026/07/17 10:11:15.654, 1192, 877, 163.80, 63, 63, 100, 8404, Not Active, Not Active, Not Active
2026/07/17 10:11:15.705, 1192, 877, 165.24, 63, 63, 100, 8404, Not Active, Not Active, Not Active
2026/07/17 10:11:15.757, 1192, 877, 161.13, 63, 63, 100, 8404, Not Active, Not Active, Not Active
2026/07/17 10:11:15.809, 1192, 877, 158.63, 63, 64, 100, 8404, Not Active, Not Active, Not Active
2026/07/17 10:11:15.861, 1192, 877, 149.12, 63, 64, 100, 8404, Not Active, Not Active, Not Active
2026/07/17 10:11:15.913, 1192, 877, 164.39, 63, 63, 100, 8404, Not Active, Not Active, Not Active
2026/07/17 10:11:15.965, 1192, 877, 174.84, 63, 63, 100, 8404, Not Active, Not Active, Not Active
2026/07/17 10:11:16.017, 1192, 877, 165.72, 63, 63, 100, 8404, Not Active, Not Active, Not Active
2026/07/17 10:11:16.071, 1192, 877, 167.16, 63, 63, 100, 8404, Not Active, Not Active, Not Active
2026/07/17 10:11:16.123, 1192, 877, 167.64, 63, 63, 100, 8404, Not Active, Not Active, Not Active
2026/07/17 10:11:16.175, 1192, 877, 164.28, 63, 63, 100, 8404, Not Active, Not Active, Not Active
2026/07/17 10:11:16.226, 1192, 877, 158.73, 63, 64, 100, 8404, Not Active, Not Active, Not Active
2026/07/17 10:11:16.278, 1192, 877, 147.20, 63, 64, 100, 8404, Not Active, Not Active, Not Active
2026/07/17 10:11:16.332, 1192, 877, 139.60, 63, 63, 100, 8404, Not Active, Not Active, Not Active
2026/07/17 10:11:16.383, 1192, 877, 164.87, 63, 63, 100, 8404, Not Active, Not Active, Not Active
2026/07/17 10:11:16.440, 1192, 877, 172.92, 63, 63, 100, 8404, Not Active, Not Active, Not Active
2026/07/17 10:11:16.492, 1192, 877, 171.96, 63, 63, 100, 8404, Not Active, Not Active, Not Active
2026/07/17 10:11:16.544, 1192, 877, 170.41, 63, 63, 100, 8404, Not Active, Not Active, Not Active
2026/07/17 10:11:16.596, 1192, 877, 167.64, 63, 63, 100, 8404, Not Active, Not Active, Not Active
2026/07/17 10:11:16.648, 1192, 877, 155.26, 63, 64, 100, 8404, Not Active, Not Active, Not Active
2026/07/17 10:11:16.700, 1192, 877, 149.12, 63, 64, 100, 8404, Not Active, Not Active, Not Active
2026/07/17 10:11:16.752, 1192, 877, 140.08, 63, 63, 100, 8404, Not Active, Not Active, Not Active
2026/07/17 10:11:16.805, 1192, 877, 158.63, 63, 64, 100, 8404, Not Active, Not Active, Not Active
2026/07/17 10:11:16.857, 1192, 877, 167.16, 63, 63, 100, 8404, Not Active, Not Active, Not Active
2026/07/17 10:11:16.909, 1192, 877, 171.96, 63, 63, 100, 8404, Not Active, Not Active, Not Active
2026/07/17 10:11:16.960, 1192, 877, 162.95, 63, 63, 100, 8404, Not Active, Not Active, Not Active
2026/07/17 10:11:17.012, 1192, 877, 157.08, 63, 64, 100, 8404, Not Active, Not Active, Not Active
2026/07/17 10:11:17.064, 1192, 877, 141.91, 63, 64, 100, 8404, Not Active, Not Active, Not Active
2026/07/17 10:11:17.116, 1192, 877, 147.29, 63, 64, 100, 8404, Not Active, Not Active, Not Active
2026/07/17 10:11:17.168, 1192, 877, 165.83, 63, 64, 100, 8404, Not Active, Not Active, Not Active
2026/07/17 10:11:17.219, 1192, 877, 173.76, 63, 64, 100, 8404, Not Active, Not Active, Not Active
2026/07/17 10:11:17.271, 1192, 877, 172.92, 63, 64, 100, 8404, Not Active, Not Active, Not Active
2026/07/17 10:11:17.323, 1192, 877, 133.74, 63, 64, 100, 8404, Not Active, Not Active, Not Active
2026/07/17 10:11:17.375, 1192, 877, 151.04, 63, 64, 100, 8404, Not Active, Not Active, Not Active
2026/07/17 10:11:17.427, 1192, 877, 136.71, 63, 64, 100, 8404, Not Active, Not Active, Not Active
2026/07/17 10:11:17.480, 1192, 877, 158.63, 63, 64, 100, 8404, Not Active, Not Active, Not Active
2026/07/17 10:11:17.531, 1192, 877, 170.04, 63, 64, 100, 8404, Not Active, Not Active, Not Active
2026/07/17 10:11:17.583, 1192, 877, 168.49, 63, 64, 100, 8404, Not Active, Not Active, Not Active
2026/07/17 10:11:17.635, 1192, 877, 166.79, 63, 64, 100, 8404, Not Active, Not Active, Not Active
2026/07/17 10:11:17.687, 1192, 877, 167.27, 63, 63, 100, 8404, Not Active, Not Active, Not Active
2026/07/17 10:11:17.739, 1192, 877, 162.95, 63, 64, 100, 8404, Not Active, Not Active, Not Active
2026/07/17 10:11:17.790, 1192, 877, 146.24, 63, 64, 100, 8404, Not Active, Not Active, Not Active
2026/07/17 10:11:17.842, 1192, 877, 165.24, 63, 63, 100, 8404, Not Active, Not Active, Not Active
2026/07/17 10:11:17.894, 1192, 877, 169.93, 63, 64, 100, 8404, Not Active, Not Active, Not Active
2026/07/17 10:11:17.950, 1192, 877, 171.85, 63, 64, 100, 8404, Not Active, Not Active, Not Active
2026/07/17 10:11:18.002, 1192, 877, 166.94, 63, 64, 100, 8404, Not Active, Not Active, Not Active
2026/07/17 10:11:18.054, 1192, 877, 157.18, 63, 63, 100, 8404, Not Active, Not Active, Not Active
2026/07/17 10:11:18.105, 1192, 877, 154.89, 64, 64, 100, 8404, Not Active, Not Active, Not Active
2026/07/17 10:11:18.157, 1192, 877, 138.16, 64, 64, 100, 8404, Not Active, Not Active, Not Active
2026/07/17 10:11:18.209, 1192, 877, 161.99, 64, 64, 100, 8404, Not Active, Not Active, Not Active
2026/07/17 10:11:18.261, 1192, 877, 170.15, 64, 64, 100, 8404, Not Active, Not Active, Not Active
2026/07/17 10:11:18.315, 1192, 877, 159.11, 63, 64, 100, 8404, Not Active, Not Active, Not Active
2026/07/17 10:11:18.367, 1192, 877, 158.52, 63, 63, 100, 8404, Not Active, Not Active, Not Active
2026/07/17 10:11:18.419, 1192, 877, 151.52, 63, 64, 100, 8404, Not Active, Not Active, Not Active
2026/07/17 10:11:18.470, 1192, 877, 137.68, 64, 64, 100, 8404, Not Active, Not Active, Not Active
2026/07/17 10:11:18.522, 1192, 877, 158.52, 64, 64, 100, 8404, Not Active, Not Active, Not Active
2026/07/17 10:11:18.577, 1192, 877, 168.01, 64, 64, 100, 8404, Not Active, Not Active, Not Active
2026/07/17 10:11:18.629, 1192, 877, 169.56, 64, 64, 100, 8404, Not Active, Not Active, Not Active
2026/07/17 10:11:18.680, 1192, 877, 170.52, 64, 64, 100, 8404, Not Active, Not Active, Not Active
2026/07/17 10:11:18.732, 1192, 877, 165.24, 64, 64, 100, 8404, Not Active, Not Active, Not Active
2026/07/17 10:11:18.784, 1192, 877, 131.51, 64, 64, 100, 8404, Not Active, Not Active, Not Active
2026/07/17 10:11:18.838, 1192, 877, 161.03, 64, 64, 100, 8404, Not Active, Not Active, Not Active
2026/07/17 10:11:18.889, 1192, 877, 169.93, 64, 64, 100, 8404, Not Active, Not Active, Not Active
2026/07/17 10:11:18.941, 1192, 877, 172.80, 64, 64, 100, 8404, Not Active, Not Active, Not Active
2026/07/17 10:11:18.993, 1192, 877, 164.65, 64, 64, 100, 8404, Not Active, Not Active, Not Active
2026/07/17 10:11:19.045, 1192, 877, 159.11, 64, 64, 100, 8404, Not Active, Not Active, Not Active
2026/07/17 10:11:19.098, 1192, 877, 153.93, 64, 64, 100, 8404, Not Active, Not Active, Not Active
2026/07/17 10:11:19.150, 1192, 877, 143.35, 64, 64, 100, 8404, Not Active, Not Active, Not Active
2026/07/17 10:11:19.202, 1192, 877, 163.80, 64, 64, 100, 8404, Not Active, Not Active, Not Active
2026/07/17 10:11:19.254, 1192, 877, 170.52, 64, 64, 100, 8404, Not Active, Not Active, Not Active
2026/07/17 10:11:19.305, 1192, 877, 144.79, 64, 63, 100, 8404, Not Active, Not Active, Not Active
2026/07/17 10:11:19.359, 1192, 877, 154.30, 64, 64, 100, 8404, Not Active, Not Active, Not Active
2026/07/17 10:11:19.411, 1192, 877, 135.75, 64, 64, 100, 8404, Not Active, Not Active, Not Active
2026/07/17 10:11:19.462, 1192, 877, 161.88, 64, 64, 100, 8404, Not Active, Not Active, Not Active
2026/07/17 10:11:19.514, 1192, 877, 171.48, 64, 64, 100, 8404, Not Active, Not Active, Not Active
2026/07/17 10:11:19.566, 1192, 877, 172.44, 64, 64, 100, 8404, Not Active, Not Active, Not Active
2026/07/17 10:11:19.621, 1192, 877, 167.16, 64, 64, 100, 8404, Not Active, Not Active, Not Active
2026/07/17 10:11:19.672, 1192, 877, 160.07, 64, 64, 100, 8404, Not Active, Not Active, Not Active
2026/07/17 10:11:19.724, 1192, 877, 143.83, 64, 65, 100, 8404, Not Active, Not Active, Not Active
2026/07/17 10:11:19.776, 1192, 877, 148.64, 64, 65, 100, 8404, Not Active, Not Active, Not Active
2026/07/17 10:11:19.828, 1192, 877, 165.24, 64, 64, 100, 8404, Not Active, Not Active, Not Active
2026/07/17 10:11:19.881, 1192, 877, 169.33, 64, 64, 100, 8404, Not Active, Not Active, Not Active
2026/07/17 10:11:19.933, 1192, 877, 160.92, 64, 64, 100, 8404, Not Active, Not Active, Not Active
2026/07/17 10:11:19.985, 1192, 877, 154.78, 64, 65, 100, 8404, Not Active, Not Active, Not Active
2026/07/17 10:11:20.036, 1192, 877, 143.35, 64, 65, 100, 8404, Not Active, Not Active, Not Active
2026/07/17 10:11:20.088, 1192, 877, 170.04, 64, 64, 100, 8404, Not Active, Not Active, Not Active
2026/07/17 10:11:20.177, 1192, 877, 153.14, 64, 64, 100, 8404, Not Active, Not Active, Not Active
2026/07/17 10:11:20.229, 1192, 877, 130.55, 64, 65, 100, 8404, Not Active, Not Active, Not Active
2026/07/17 10:11:20.280, 1192, 877, 158.04, 64, 65, 100, 8404, Not Active, Not Active, Not Active
2026/07/17 10:11:20.332, 1192, 877, 158.63, 64, 64, 100, 8404, Not Active, Not Active, Not Active
2026/07/17 10:11:20.384, 1192, 877, 160.55, 64, 64, 100, 8404, Not Active, Not Active, Not Active
2026/07/17 10:11:20.436, 1192, 877, 151.14, 64, 65, 100, 8404, Not Active, Not Active, Not Active
2026/07/17 10:11:20.488, 1192, 877, 135.36, 64, 65, 100, 8404, Not Active, Not Active, Not Active
2026/07/17 10:11:20.539, 1192, 877, 160.44, 64, 65, 100, 8404, Not Active, Not Active, Not Active
2026/07/17 10:11:20.591, 1192, 877, 170.41, 64, 65, 100, 8404, Not Active, Not Active, Not Active
2026/07/17 10:11:20.643, 1192, 877, 162.84, 64, 65, 100, 8404, Not Active, Not Active, Not Active
2026/07/17 10:11:20.695, 1192, 877, 161.88, 64, 64, 100, 8404, Not Active, Not Active, Not Active
2026/07/17 10:11:20.748, 1192, 877, 144.79, 64, 65, 100, 8404, Not Active, Not Active, Not Active
2026/07/17 10:11:20.800, 1192, 877, 138.16, 64, 65, 100, 8404, Not Active, Not Active, Not Active
2026/07/17 10:11:20.852, 1192, 877, 160.44, 64, 64, 100, 8404, Not Active, Not Active, Not Active
2026/07/17 10:11:20.903, 1192, 877, 163.91, 64, 64, 100, 8404, Not Active, Not Active, Not Active
2026/07/17 10:11:20.955, 1192, 877, 158.04, 64, 64, 100, 8404, Not Active, Not Active, Not Active
2026/07/17 10:11:21.007, 1192, 877, 134.22, 64, 65, 100, 8404, Not Active, Not Active, Not Active
2026/07/17 10:11:21.059, 1192, 877, 154.78, 64, 65, 100, 8404, Not Active, Not Active, Not Active
2026/07/17 10:11:21.110, 1192, 877, 165.02, 64, 65, 100, 8404, Not Active, Not Active, Not Active
2026/07/17 10:11:21.162, 1192, 877, 169.08, 64, 65, 100, 8404, Not Active, Not Active, Not Active
2026/07/17 10:11:21.214, 1192, 877, 164.76, 64, 65, 100, 8404, Not Active, Not Active, Not Active
2026/07/17 10:11:21.266, 1192, 877, 149.70, 64, 65, 100, 8404, Not Active, Not Active, Not Active
2026/07/17 10:11:21.317, 1192, 877, 136.71, 64, 65, 100, 8404, Not Active, Not Active, Not Active
2026/07/17 10:11:21.371, 1192, 877, 162.95, 64, 64, 100, 8404, Not Active, Not Active, Not Active
2026/07/17 10:11:21.422, 1192, 877, 169.56, 64, 64, 100, 8404, Not Active, Not Active, Not Active
2026/07/17 10:11:21.474, 1192, 877, 156.22, 64, 65, 100, 8404, Not Active, Not Active, Not Active
2026/07/17 10:11:21.526, 1192, 877, 127.18, 64, 65, 100, 8404, Not Active, Not Active, Not Active
2026/07/17 10:11:21.578, 1192, 877, 159.59, 64, 65, 100, 8404, Not Active, Not Active, Not Active
2026/07/17 10:11:21.630, 1192, 877, 171.48, 64, 65, 100, 8404, Not Active, Not Active, Not Active
2026/07/17 10:11:21.681, 1192, 877, 165.24, 64, 65, 100, 8404, Not Active, Not Active, Not Active
2026/07/17 10:11:21.733, 1192, 877, 160.44, 64, 65, 100, 8404, Not Active, Not Active, Not Active
2026/07/17 10:11:21.785, 1192, 877, 149.12, 65, 65, 100, 8404, Not Active, Not Active, Not Active
2026/07/17 10:11:21.837, 1192, 877, 144.79, 65, 65, 100, 8404, Not Active, Not Active, Not Active
2026/07/17 10:11:21.890, 1192, 877, 157.77, 64, 64, 100, 8404, Not Active, Not Active, Not Active
2026/07/17 10:11:21.941, 1192, 877, 162.25, 64, 65, 100, 8404, Not Active, Not Active, Not Active
2026/07/17 10:11:21.994, 1192, 877, 154.41, 64, 65, 100, 8404, Not Active, Not Active, Not Active
2026/07/17 10:11:22.046, 1192, 877, 134.40, 65, 65, 100, 8404, Not Active, Not Active, Not Active
2026/07/17 10:11:22.098, 1192, 877, 162.47, 65, 65, 100, 8404, Not Active, Not Active, Not Active
2026/07/17 10:11:22.150, 1192, 877, 168.23, 65, 65, 100, 8404, Not Active, Not Active, Not Active
2026/07/17 10:11:22.202, 1192, 877, 166.57, 64, 65, 100, 8404, Not Active, Not Active, Not Active
2026/07/17 10:11:22.255, 1192, 877, 156.22, 65, 65, 100, 8404, Not Active, Not Active, Not Active
2026/07/17 10:11:22.307, 1192, 877, 138.16, 65, 65, 100, 8404, Not Active, Not Active, Not Active
2026/07/17 10:11:22.358, 1192, 877, 155.74, 65, 65, 100, 8404, Not Active, Not Active, Not Active
2026/07/17 10:11:22.410, 1192, 877, 160.17, 64, 64, 100, 8404, Not Active, Not Active, Not Active
2026/07/17 10:11:22.462, 1192, 877, 165.24, 64, 64, 100, 8404, Not Active, Not Active, Not Active
2026/07/17 10:11:22.516, 1192, 877, 146.04, 64, 65, 100, 8404, Not Active, Not Active, Not Active
2026/07/17 10:11:22.567, 1192, 877, 143.35, 65, 65, 100, 8404, Not Active, Not Active, Not Active
2026/07/17 10:11:22.619, 1192, 877, 163.80, 65, 65, 100, 8404, Not Active, Not Active, Not Active
2026/07/17 10:11:22.671, 1192, 877, 171.48, 65, 65, 100, 8404, Not Active, Not Active, Not Active
2026/07/17 10:11:22.723, 1192, 877, 160.55, 65, 65, 100, 8404, Not Active, Not Active, Not Active
2026/07/17 10:11:22.776, 1192, 877, 149.22, 65, 66, 100, 8404, Not Active, Not Active, Not Active
2026/07/17 10:11:22.828, 1192, 877, 140.56, 65, 66, 100, 8404, Not Active, Not Active, Not Active
2026/07/17 10:11:22.880, 1192, 877, 161.29, 65, 65, 100, 8404, Not Active, Not Active, Not Active
2026/07/17 10:11:22.932, 1192, 877, 144.41, 64, 64, 100, 8404, Not Active, Not Active, Not Active
2026/07/17 10:11:22.983, 1192, 877, 147.77, 65, 65, 100, 8404, Not Active, Not Active, Not Active
2026/07/17 10:11:23.037, 1192, 877, 140.08, 65, 65, 100, 8404, Not Active, Not Active, Not Active
2026/07/17 10:11:23.088, 1192, 877, 164.28, 65, 65, 100, 8404, Not Active, Not Active, Not Active
2026/07/17 10:11:23.140, 1192, 877, 170.04, 65, 65, 100, 8404, Not Active, Not Active, Not Active
2026/07/17 10:11:23.192, 1192, 877, 162.95, 65, 65, 100, 8404, Not Active, Not Active, Not Active
2026/07/17 10:11:23.244, 1192, 877, 148.64, 65, 66, 100, 8404, Not Active, Not Active, Not Active
2026/07/17 10:11:23.296, 1192, 877, 142.48, 65, 66, 100, 8404, Not Active, Not Active, Not Active
2026/07/17 10:11:23.347, 1192, 877, 164.28, 65, 65, 100, 8404, Not Active, Not Active, Not Active
2026/07/17 10:11:23.399, 1192, 877, 170.41, 65, 65, 100, 8404, Not Active, Not Active, Not Active
2026/07/17 10:11:23.451, 1192, 877, 90.90, 65, 65, 100, 8404, Not Active, Not Active, Not Active
2026/07/17 10:11:23.503, 1192, 877, 142.96, 65, 65, 100, 8404, Not Active, Not Active, Not Active
2026/07/17 10:11:23.554, 1192, 877, 166.20, 65, 65, 100, 8404, Not Active, Not Active, Not Active
2026/07/17 10:11:23.606, 1192, 877, 169.33, 65, 65, 100, 8404, Not Active, Not Active, Not Active
2026/07/17 10:11:23.660, 1192, 877, 164.87, 65, 65, 100, 8404, Not Active, Not Active, Not Active
2026/07/17 10:11:23.711, 1192, 877, 148.54, 65, 66, 100, 8404, Not Active, Not Active, Not Active
2026/07/17 10:11:23.763, 1192, 877, 148.16, 65, 66, 100, 8404, Not Active, Not Active, Not Active
2026/07/17 10:11:23.815, 1192, 877, 164.54, 65, 65, 100, 8404, Not Active, Not Active, Not Active
2026/07/17 10:11:23.867, 1192, 877, 168.01, 65, 65, 100, 8404, Not Active, Not Active, Not Active
2026/07/17 10:11:23.920, 1192, 877, 160.92, 65, 65, 100, 8404, Not Active, Not Active, Not Active
2026/07/17 10:11:23.972, 1192, 877, 136.05, 65, 66, 100, 8404, Not Active, Not Active, Not Active
2026/07/17 10:11:24.024, 1192, 877, 161.77, 65, 65, 100, 8404, Not Active, Not Active, Not Active
2026/07/17 10:11:24.075, 1192, 877, 166.68, 65, 65, 100, 8404, Not Active, Not Active, Not Active
2026/07/17 10:11:24.127, 1192, 877, 159.48, 65, 65, 100, 8404, Not Active, Not Active, Not Active
2026/07/17 10:11:24.181, 1192, 877, 137.58, 65, 66, 100, 8404, Not Active, Not Active, Not Active
2026/07/17 10:11:24.233, 1192, 877, 161.51, 65, 66, 100, 8404, Not Active, Not Active, Not Active
2026/07/17 10:11:24.284, 1192, 877, 178.68, 65, 65, 100, 8404, Not Active, Not Active, Not Active
2026/07/17 10:11:24.336, 1192, 877, 171.37, 65, 65, 100, 8404, Not Active, Not Active, Not Active
2026/07/17 10:11:24.388, 1192, 877, 154.10, 65, 66, 100, 8404, Not Active, Not Active, Not Active
2026/07/17 10:11:24.440, 1192, 877, 135.84, 65, 66, 100, 8404, Not Active, Not Active, Not Active
2026/07/17 10:11:24.492, 1192, 877, 165.24, 65, 66, 100, 8404, Not Active, Not Active, Not Active
2026/07/17 10:11:24.543, 1192, 877, 146.71, 65, 65, 100, 8404, Not Active, Not Active, Not Active
2026/07/17 10:11:24.595, 1192, 877, 146.62, 65, 66, 100, 8404, Not Active, Not Active, Not Active
2026/07/17 10:11:24.647, 1192, 877, 142.39, 65, 66, 100, 8404, Not Active, Not Active, Not Active
2026/07/17 10:11:24.699, 1192, 877, 167.53, 65, 66, 100, 8404, Not Active, Not Active, Not Active
2026/07/17 10:11:24.751, 1192, 877, 175.32, 65, 65, 100, 8404, Not Active, Not Active, Not Active
2026/07/17 10:11:24.804, 1192, 877, 165.24, 65, 65, 100, 8404, Not Active, Not Active, Not Active
2026/07/17 10:11:24.856, 1192, 877, 141.04, 65, 66, 100, 8404, Not Active, Not Active, Not Active
2026/07/17 10:11:24.908, 1192, 877, 161.03, 65, 66, 100, 8404, Not Active, Not Active, Not Active
2026/07/17 10:11:24.960, 1192, 877, 175.32, 65, 66, 100, 8404, Not Active, Not Active, Not Active
2026/07/17 10:11:25.012, 1192, 877, 165.72, 65, 66, 100, 8404, Not Active, Not Active, Not Active
2026/07/17 10:11:25.065, 1192, 877, 110.07, 65, 66, 100, 8404, Not Active, Not Active, Not Active
2026/07/17 10:11:25.118, 1192, 877, 159.96, 65, 65, 100, 8404, Not Active, Not Active, Not Active
2026/07/17 10:11:25.169, 1192, 877, 172.32, 65, 66, 100, 8404, Not Active, Not Active, Not Active
2026/07/17 10:11:25.221, 1192, 877, 165.24, 65, 65, 100, 8404, Not Active, Not Active, Not Active
2026/07/17 10:11:25.273, 1192, 877, 152.59, 65, 66, 100, 8404, Not Active, Not Active, Not Active
2026/07/17 10:11:25.325, 1192, 877, 151.04, 65, 66, 100, 8404, Not Active, Not Active, Not Active
2026/07/17 10:11:25.377, 1192, 877, 170.04, 65, 66, 100, 8404, Not Active, Not Active, Not Active
2026/07/17 10:11:25.428, 1192, 877, 168.23, 65, 66, 100, 8404, Not Active, Not Active, Not Active
2026/07/17 10:11:25.480, 1192, 877, 161.99, 65, 65, 100, 8404, Not Active, Not Active, Not Active
2026/07/17 10:11:25.532, 1192, 877, 162.36, 65, 65, 100, 8404, Not Active, Not Active, Not Active
2026/07/17 10:11:25.602, 1192, 877, 130.55, 65, 66, 100, 8404, Not Active, Not Active, Not Active
2026/07/17 10:11:25.653, 1192, 877, 166.68, 65, 65, 100, 8404, Not Active, Not Active, Not Active
2026/07/17 10:11:25.707, 1192, 877, 168.49, 65, 66, 100, 8404, Not Active, Not Active, Not Active
2026/07/17 10:11:25.758, 1192, 877, 150.18, 65, 66, 100, 8404, Not Active, Not Active, Not Active
2026/07/17 10:11:25.811, 1192, 877, 138.64, 65, 66, 100, 8404, Not Active, Not Active, Not Active
2026/07/17 10:11:25.863, 1192, 877, 166.31, 65, 66, 100, 8404, Not Active, Not Active, Not Active
2026/07/17 10:11:25.915, 1192, 877, 165.61, 65, 66, 100, 8404, Not Active, Not Active, Not Active
2026/07/17 10:11:25.967, 1192, 877, 152.96, 65, 65, 100, 8404, Not Active, Not Active, Not Active
2026/07/17 10:11:26.020, 1192, 877, 132.95, 65, 66, 100, 8404, Not Active, Not Active, Not Active
2026/07/17 10:11:26.072, 1192, 877, 159.11, 65, 66, 100, 8404, Not Active, Not Active, Not Active
2026/07/17 10:11:26.124, 1192, 877, 168.60, 65, 66, 100, 8404, Not Active, Not Active, Not Active
2026/07/17 10:11:26.176, 1192, 877, 98.91, 65, 66, 100, 8404, Not Active, Not Active, Not Active
2026/07/17 10:11:26.228, 1192, 877, 141.52, 65, 66, 100, 8404, Not Active, Not Active, Not Active
2026/07/17 10:11:26.280, 1192, 877, 163.91, 65, 66, 100, 8404, Not Active, Not Active, Not Active
2026/07/17 10:11:26.335, 1192, 877, 167.75, 65, 66, 100, 8404, Not Active, Not Active, Not Active
2026/07/17 10:11:26.386, 1192, 877, 153.82, 65, 66, 100, 8404, Not Active, Not Active, Not Active
2026/07/17 10:11:26.438, 1192, 877, 130.07, 65, 66, 100, 8404, Not Active, Not Active, Not Active
2026/07/17 10:11:26.490, 1192, 877, 161.51, 65, 66, 100, 8404, Not Active, Not Active, Not Active
2026/07/17 10:11:26.542, 1192, 877, 167.53, 65, 66, 100, 8404, Not Active, Not Active, Not Active
2026/07/17 10:11:26.596, 1192, 877, 161.40, 65, 66, 100, 8404, Not Active, Not Active, Not Active
2026/07/17 10:11:26.647, 1192, 877, 140.08, 65, 66, 100, 8404, Not Active, Not Active, Not Active
2026/07/17 10:11:26.699, 1192, 877, 157.77, 66, 67, 100, 8404, Not Active, Not Active, Not Active
2026/07/17 10:11:26.751, 1192, 877, 153.93, 65, 65, 100, 8404, Not Active, Not Active, Not Active
2026/07/17 10:11:26.803, 1192, 877, 152.86, 65, 66, 100, 8404, Not Active, Not Active, Not Active
2026/07/17 10:11:26.855, 1192, 877, 135.84, 65, 66, 100, 8404, Not Active, Not Active, Not Active
2026/07/17 10:11:26.907, 1192, 877, 165.35, 65, 66, 100, 8404, Not Active, Not Active, Not Active
2026/07/17 10:11:26.959, 1192, 877, 163.80, 65, 66, 100, 8404, Not Active, Not Active, Not Active
2026/07/17 10:11:27.012, 1192, 877, 158.25, 65, 66, 100, 8404, Not Active, Not Active, Not Active
2026/07/17 10:11:27.064, 1192, 877, 131.51, 65, 67, 100, 8404, Not Active, Not Active, Not Active
2026/07/17 10:11:27.117, 1192, 877, 161.51, 66, 66, 100, 8404, Not Active, Not Active, Not Active
2026/07/17 10:11:27.169, 1192, 877, 169.45, 66, 66, 100, 8404, Not Active, Not Active, Not Active
2026/07/17 10:11:27.220, 1192, 877, 160.92, 65, 66, 100, 8404, Not Active, Not Active, Not Active
2026/07/17 10:11:27.272, 1192, 877, 127.74, 65, 67, 100, 8404, Not Active, Not Active, Not Active
2026/07/17 10:11:27.324, 1192, 877, 164.65, 65, 66, 100, 8404, Not Active, Not Active, Not Active
2026/07/17 10:11:27.378, 1192, 877, 161.51, 65, 66, 100, 8404, Not Active, Not Active, Not Active
2026/07/17 10:11:27.430, 1192, 877, 146.14, 65, 66, 100, 8404, Not Active, Not Active, Not Active
2026/07/17 10:11:27.482, 1192, 877, 155.74, 66, 66, 100, 8404, Not Active, Not Active, Not Active
2026/07/17 10:11:27.534, 1192, 877, 176.64, 66, 66, 100, 8404, Not Active, Not Active, Not Active
2026/07/17 10:11:27.585, 1192, 877, 171.37, 66, 66, 100, 8404, Not Active, Not Active, Not Active
2026/07/17 10:11:27.640, 1192, 877, 149.40, 65, 66, 100, 8404, Not Active, Not Active, Not Active
2026/07/17 10:11:27.692, 1192, 877, 146.33, 66, 66, 100, 8404, Not Active, Not Active, Not Active
2026/07/17 10:11:27.743, 1192, 877, 169.56, 66, 66, 100, 8404, Not Active, Not Active, Not Active
2026/07/17 10:11:27.795, 1192, 877, 171.96, 66, 66, 100, 8404, Not Active, Not Active, Not Active
2026/07/17 10:11:27.847, 1192, 877, 117.23, 66, 66, 100, 8404, Not Active, Not Active, Not Active
2026/07/17 10:11:27.900, 1192, 877, 163.91, 65, 66, 100, 8404, Not Active, Not Active, Not Active
2026/07/17 10:11:27.952, 1192, 877, 176.16, 66, 66, 100, 8404, Not Active, Not Active, Not Active
2026/07/17 10:11:28.005, 1192, 877, 155.74, 66, 66, 100, 8404, Not Active, Not Active, Not Active
2026/07/17 10:11:28.057, 1192, 877, 132.95, 66, 67, 100, 8404, Not Active, Not Active, Not Active
2026/07/17 10:11:28.109, 1192, 877, 163.80, 66, 66, 100, 8404, Not Active, Not Active, Not Active
2026/07/17 10:11:28.161, 1192, 877, 174.84, 66, 66, 100, 8404, Not Active, Not Active, Not Active
2026/07/17 10:11:28.213, 1192, 877, 158.25, 66, 66, 100, 8404, Not Active, Not Active, Not Active
2026/07/17 10:11:28.266, 1192, 877, 131.99, 66, 67, 100, 8404, Not Active, Not Active, Not Active
2026/07/17 10:11:28.318, 1192, 877, 165.72, 66, 67, 100, 8404, Not Active, Not Active, Not Active
2026/07/17 10:11:28.370, 1192, 877, 173.40, 66, 66, 100, 8404, Not Active, Not Active, Not Active
2026/07/17 10:11:28.422, 1192, 877, 88.00, 66, 66, 100, 8404, Not Active, Not Active, Not Active
2026/07/17 10:11:28.475, 1192, 877, 161.03, 66, 66, 100, 8404, Not Active, Not Active, Not Active
2026/07/17 10:11:28.526, 1192, 877, 172.92, 66, 66, 100, 8404, Not Active, Not Active, Not Active
2026/07/17 10:11:28.578, 1192, 877, 169.67, 66, 66, 100, 8404, Not Active, Not Active, Not Active
2026/07/17 10:11:28.630, 1192, 877, 130.55, 66, 67, 100, 8404, Not Active, Not Active, Not Active
2026/07/17 10:11:28.682, 1192, 877, 163.43, 66, 67, 100, 8404, Not Active, Not Active, Not Active
2026/07/17 10:11:28.734, 1192, 877, 166.79, 66, 66, 100, 8404, Not Active, Not Active, Not Active
2026/07/17 10:11:28.786, 1192, 877, 164.87, 66, 66, 100, 8404, Not Active, Not Active, Not Active
2026/07/17 10:11:28.837, 1192, 877, 131.51, 66, 67, 100, 8404, Not Active, Not Active, Not Active
2026/07/17 10:11:28.889, 1192, 877, 162.95, 66, 67, 100, 8404, Not Active, Not Active, Not Active
2026/07/17 10:11:28.944, 1192, 877, 170.15, 66, 66, 100, 8404, Not Active, Not Active, Not Active
2026/07/17 10:11:28.995, 1192, 877, 87.52, 66, 66, 100, 8404, Not Active, Not Active, Not Active
2026/07/17 10:11:29.048, 1192, 877, 159.59, 66, 66, 100, 8404, Not Active, Not Active, Not Active
2026/07/17 10:11:29.099, 1192, 877, 172.44, 66, 66, 100, 8404, Not Active, Not Active, Not Active
2026/07/17 10:11:29.151, 1192, 877, 165.83, 66, 66, 100, 8404, Not Active, Not Active, Not Active
2026/07/17 10:11:29.205, 1192, 877, 137.29, 66, 67, 100, 8404, Not Active, Not Active, Not Active
2026/07/17 10:11:29.256, 1192, 877, 163.91, 66, 66, 100, 8404, Not Active, Not Active, Not Active
2026/07/17 10:11:29.308, 1192, 877, 171.96, 66, 66, 100, 8404, Not Active, Not Active, Not Active
2026/07/17 10:11:29.360, 1192, 877, 164.28, 66, 66, 100, 8404, Not Active, Not Active, Not Active
2026/07/17 10:11:29.412, 1192, 877, 130.07, 66, 67, 100, 8404, Not Active, Not Active, Not Active
2026/07/17 10:11:29.465, 1192, 877, 162.47, 66, 67, 100, 8404, Not Active, Not Active, Not Active
2026/07/17 10:11:29.517, 1192, 877, 172.07, 66, 66, 100, 8404, Not Active, Not Active, Not Active
2026/07/17 10:11:29.569, 1192, 877, 109.59, 66, 67, 100, 8404, Not Active, Not Active, Not Active
2026/07/17 10:11:29.621, 1192, 877, 174.61, 66, 67, 100, 8404, Not Active, Not Active, Not Active
2026/07/17 10:11:29.673, 1192, 877, 173.88, 66, 67, 97, 8404, Not Active, Not Active, Not Active
2026/07/17 10:11:29.728, 1192, 877, 181.32, 67, 67, 97, 8404, Not Active, Not Active, Not Active
2026/07/17 10:11:29.780, 1192, 877, 183.71, 67, 67, 97, 8404, Not Active, Not Active, Not Active
2026/07/17 10:11:29.831, 1192, 877, 183.96, 67, 67, 100, 8404, Not Active, Not Active, Not Active
2026/07/17 10:11:29.883, 1192, 877, 171.96, 67, 67, 100, 8404, Not Active, Not Active, Not Active
2026/07/17 10:11:29.935, 1192, 877, 176.52, 67, 67, 100, 8404, Not Active, Not Active, Not Active
2026/07/17 10:11:29.988, 1192, 877, 177.48, 67, 67, 100, 8404, Not Active, Not Active, Not Active
2026/07/17 10:11:30.040, 1192, 877, 182.04, 67, 67, 100, 8404, Not Active, Not Active, Not Active
2026/07/17 10:11:30.092, 1192, 877, 183.48, 67, 67, 100, 8404, Not Active, Not Active, Not Active
2026/07/17 10:11:30.144, 1192, 877, 178.92, 67, 67, 100, 8404, Not Active, Not Active, Not Active
2026/07/17 10:11:30.195, 1192, 877, 158.63, 67, 67, 100, 8404, Not Active, Not Active, Not Active
2026/07/17 10:11:30.248, 1192, 877, 174.84, 67, 67, 100, 8404, Not Active, Not Active, Not Active
2026/07/17 10:11:30.300, 1192, 877, 173.28, 67, 67, 100, 8404, Not Active, Not Active, Not Active
2026/07/17 10:11:30.351, 1192, 877, 179.04, 67, 67, 100, 8404, Not Active, Not Active, Not Active
2026/07/17 10:11:30.403, 1192, 877, 173.40, 67, 67, 100, 8404, Not Active, Not Active, Not Active
2026/07/17 10:11:30.455, 1192, 877, 172.80, 67, 67, 100, 8404, Not Active, Not Active, Not Active
2026/07/17 10:11:30.510, 1192, 877, 175.80, 67, 67, 100, 8404, Not Active, Not Active, Not Active
2026/07/17 10:11:30.562, 1192, 877, 176.16, 67, 67, 100, 8404, Not Active, Not Active, Not Active
2026/07/17 10:11:30.614, 1192, 877, 175.20, 67, 67, 100, 8404, Not Active, Not Active, Not Active
2026/07/17 10:11:30.666, 1192, 877, 173.40, 67, 67, 100, 8404, Not Active, Not Active, Not Active
2026/07/17 10:11:30.718, 1192, 877, 179.16, 67, 67, 100, 8404, Not Active, Not Active, Not Active
2026/07/17 10:11:30.771, 1192, 877, 173.40, 67, 67, 100, 8404, Not Active, Not Active, Not Active
2026/07/17 10:11:30.824, 1192, 877, 176.64, 67, 67, 100, 8404, Not Active, Not Active, Not Active
2026/07/17 10:11:30.876, 1192, 877, 169.08, 67, 67, 100, 8404, Not Active, Not Active, Not Active
2026/07/17 10:11:30.928, 1192, 877, 170.04, 67, 67, 100, 8404, Not Active, Not Active, Not Active
2026/07/17 10:11:30.980, 1192, 877, 169.93, 67, 67, 100, 8404, Not Active, Not Active, Not Active
2026/07/17 10:11:31.032, 1192, 877, 178.68, 67, 68, 100, 8404, Not Active, Not Active, Not Active
2026/07/17 10:11:31.084, 1192, 877, 173.88, 67, 68, 100, 8404, Not Active, Not Active, Not Active
2026/07/17 10:11:31.136, 1192, 877, 180.00, 67, 67, 100, 8404, Not Active, Not Active, Not Active
2026/07/17 10:11:31.188, 1192, 877, 166.68, 67, 67, 100, 8404, Not Active, Not Active, Not Active
2026/07/17 10:11:31.239, 1192, 877, 171.96, 67, 67, 100, 8404, Not Active, Not Active, Not Active
2026/07/17 10:11:31.294, 1192, 877, 173.40, 67, 67, 100, 8404, Not Active, Not Active, Not Active
2026/07/17 10:11:31.346, 1192, 877, 171.00, 67, 68, 100, 8404, Not Active, Not Active, Not Active
2026/07/17 10:11:31.398, 1192, 877, 174.84, 67, 67, 100, 8404, Not Active, Not Active, Not Active
2026/07/17 10:11:31.449, 1192, 877, 171.48, 67, 68, 100, 8404, Not Active, Not Active, Not Active
2026/07/17 10:11:31.501, 1192, 877, 169.56, 67, 68, 100, 8404, Not Active, Not Active, Not Active
2026/07/17 10:11:31.556, 1192, 877, 165.72, 67, 67, 100, 8404, Not Active, Not Active, Not Active
2026/07/17 10:11:31.607, 1192, 877, 173.40, 67, 67, 100, 8404, Not Active, Not Active, Not Active
2026/07/17 10:11:31.659, 1192, 877, 172.21, 67, 67, 100, 8404, Not Active, Not Active, Not Active
2026/07/17 10:11:31.711, 1192, 877, 171.85, 67, 68, 100, 8404, Not Active, Not Active, Not Active
2026/07/17 10:11:31.763, 1192, 877, 170.41, 67, 68, 100, 8404, Not Active, Not Active, Not Active
2026/07/17 10:11:31.817, 1192, 877, 175.20, 67, 68, 100, 8404, Not Active, Not Active, Not Active
2026/07/17 10:11:31.868, 1192, 877, 179.52, 67, 68, 100, 8404, Not Active, Not Active, Not Active
2026/07/17 10:11:31.920, 1192, 877, 172.80, 67, 67, 100, 8404, Not Active, Not Active, Not Active
2026/07/17 10:11:31.972, 1192, 877, 162.84, 67, 67, 100, 8404, Not Active, Not Active, Not Active
2026/07/17 10:11:32.024, 1192, 877, 174.61, 67, 68, 100, 8404, Not Active, Not Active, Not Active
2026/07/17 10:11:32.077, 1192, 877, 172.44, 67, 67, 100, 8404, Not Active, Not Active, Not Active
2026/07/17 10:11:32.130, 1192, 877, 176.04, 67, 68, 100, 8404, Not Active, Not Active, Not Active
2026/07/17 10:11:32.182, 1192, 877, 179.16, 67, 68, 100, 8404, Not Active, Not Active, Not Active
2026/07/17 10:11:32.234, 1192, 877, 168.23, 67, 68, 100, 8404, Not Active, Not Active, Not Active
2026/07/17 10:11:32.285, 1192, 877, 172.44, 67, 68, 100, 8404, Not Active, Not Active, Not Active
2026/07/17 10:11:32.339, 1192, 877, 167.64, 67, 68, 100, 8404, Not Active, Not Active, Not Active
2026/07/17 10:11:32.391, 1192, 877, 171.96, 67, 68, 100, 8404, Not Active, Not Active, Not Active
2026/07/17 10:11:32.442, 1192, 877, 174.72, 67, 68, 100, 8404, Not Active, Not Active, Not Active
2026/07/17 10:11:32.494, 1192, 877, 176.64, 67, 68, 100, 8404, Not Active, Not Active, Not Active
2026/07/17 10:11:32.546, 1192, 877, 164.17, 67, 68, 100, 8404, Not Active, Not Active, Not Active
2026/07/17 10:11:32.599, 1192, 877, 134.31, 67, 68, 100, 8404, Not Active, Not Active, Not Active
2026/07/17 10:11:32.651, 1192, 877, 168.60, 67, 68, 100, 8404, Not Active, Not Active, Not Active
2026/07/17 10:11:32.702, 1192, 877, 168.60, 67, 68, 100, 8404, Not Active, Not Active, Not Active
2026/07/17 10:11:32.754, 1192, 877, 173.40, 67, 68, 100, 8404, Not Active, Not Active, Not Active
2026/07/17 10:11:32.806, 1192, 877, 176.64, 67, 68, 100, 8404, Not Active, Not Active, Not Active
2026/07/17 10:11:32.861, 1192, 877, 166.68, 68, 68, 100, 8404, Not Active, Not Active, Not Active
2026/07/17 10:11:32.912, 1192, 877, 167.16, 68, 68, 100, 8404, Not Active, Not Active, Not Active
2026/07/17 10:11:32.964, 1192, 877, 150.56, 67, 68, 100, 8404, Not Active, Not Active, Not Active
2026/07/17 10:11:33.016, 1192, 877, 176.76, 67, 68, 100, 8404, Not Active, Not Active, Not Active
2026/07/17 10:11:33.068, 1192, 877, 170.89, 68, 68, 100, 8404, Not Active, Not Active, Not Active
2026/07/17 10:11:33.121, 1192, 877, 170.04, 68, 68, 100, 8404, Not Active, Not Active, Not Active
2026/07/17 10:11:33.173, 1192, 877, 174.72, 68, 68, 100, 8404, Not Active, Not Active, Not Active
2026/07/17 10:11:33.225, 1192, 877, 171.00, 68, 68, 100, 8404, Not Active, Not Active, Not Active
2026/07/17 10:11:33.277, 1192, 877, 170.89, 68, 68, 100, 8404, Not Active, Not Active, Not Active
2026/07/17 10:11:33.328, 1192, 877, 152.00, 67, 68, 100, 8404, Not Active, Not Active, Not Active
2026/07/17 10:11:33.381, 1192, 877, 175.32, 68, 68, 100, 8404, Not Active, Not Active, Not Active
2026/07/17 10:11:33.433, 1192, 877, 176.64, 68, 68, 100, 8404, Not Active, Not Active, Not Active
2026/07/17 10:11:33.484, 1192, 877, 176.04, 68, 68, 100, 8404, Not Active, Not Active, Not Active
2026/07/17 10:11:33.536, 1192, 877, 176.64, 68, 68, 100, 8404, Not Active, Not Active, Not Active
2026/07/17 10:11:33.588, 1192, 877, 157.66, 68, 68, 100, 8404, Not Active, Not Active, Not Active
2026/07/17 10:11:33.642, 1192, 877, 168.12, 68, 68, 100, 8404, Not Active, Not Active, Not Active
2026/07/17 10:11:33.694, 1192, 877, 137.29, 68, 68, 100, 8404, Not Active, Not Active, Not Active
2026/07/17 10:11:33.746, 1192, 877, 168.97, 68, 68, 100, 8404, Not Active, Not Active, Not Active
2026/07/17 10:11:33.798, 1192, 877, 168.97, 68, 68, 100, 8404, Not Active, Not Active, Not Active
2026/07/17 10:11:33.849, 1192, 877, 174.13, 68, 68, 100, 8404, Not Active, Not Active, Not Active
2026/07/17 10:11:33.904, 1192, 877, 172.92, 68, 68, 100, 8404, Not Active, Not Active, Not Active
2026/07/17 10:11:33.956, 1192, 877, 173.28, 68, 68, 100, 8404, Not Active, Not Active, Not Active
2026/07/17 10:11:34.008, 1192, 877, 162.73, 68, 68, 100, 8404, Not Active, Not Active, Not Active
2026/07/17 10:11:34.060, 1192, 877, 150.66, 68, 68, 100, 8404, Not Active, Not Active, Not Active
2026/07/17 10:11:34.112, 1192, 877, 167.16, 68, 68, 100, 8404, Not Active, Not Active, Not Active
2026/07/17 10:11:34.164, 1192, 877, 169.56, 68, 68, 100, 8404, Not Active, Not Active, Not Active
2026/07/17 10:11:34.216, 1192, 877, 176.76, 68, 68, 100, 8404, Not Active, Not Active, Not Active
2026/07/17 10:11:34.268, 1192, 877, 176.16, 68, 68, 100, 8404, Not Active, Not Active, Not Active
2026/07/17 10:11:34.320, 1192, 877, 172.80, 68, 68, 100, 8404, Not Active, Not Active, Not Active
2026/07/17 10:11:34.371, 1192, 877, 180.00, 68, 68, 100, 8404, Not Active, Not Active, Not Active
2026/07/17 10:11:34.425, 1192, 877, 167.53, 68, 68, 100, 8404, Not Active, Not Active, Not Active
2026/07/17 10:11:34.477, 1192, 877, 168.60, 68, 68, 100, 8404, Not Active, Not Active, Not Active
2026/07/17 10:11:34.529, 1192, 877, 163.80, 68, 68, 100, 8404, Not Active, Not Active, Not Active
2026/07/17 10:11:34.581, 1192, 877, 164.87, 68, 68, 100, 8404, Not Active, Not Active, Not Active
2026/07/17 10:11:34.632, 1192, 877, 170.63, 68, 68, 100, 8404, Not Active, Not Active, Not Active
2026/07/17 10:11:34.687, 1192, 877, 171.48, 68, 68, 100, 8404, Not Active, Not Active, Not Active
2026/07/17 10:11:34.739, 1192, 877, 174.61, 68, 68, 100, 8404, Not Active, Not Active, Not Active
2026/07/17 10:11:34.791, 1192, 877, 174.84, 68, 68, 100, 8404, Not Active, Not Active, Not Active
2026/07/17 10:11:34.843, 1192, 877, 170.15, 68, 68, 100, 8404, Not Active, Not Active, Not Active
2026/07/17 10:11:34.894, 1192, 877, 174.61, 68, 68, 100, 8404, Not Active, Not Active, Not Active
2026/07/17 10:11:34.948, 1192, 877, 174.24, 68, 68, 100, 8404, Not Active, Not Active, Not Active
2026/07/17 10:11:35.000, 1192, 877, 165.35, 68, 68, 100, 8404, Not Active, Not Active, Not Active
2026/07/17 10:11:35.052, 1192, 877, 162.84, 68, 68, 100, 8404, Not Active, Not Active, Not Active
2026/07/17 10:11:35.104, 1192, 877, 162.84, 68, 68, 100, 8404, Not Active, Not Active, Not Active
2026/07/17 10:11:35.155, 1192, 877, 174.84, 68, 69, 100, 8404, Not Active, Not Active, Not Active
2026/07/17 10:11:35.209, 1192, 877, 140.08, 68, 68, 100, 8404, Not Active, Not Active, Not Active
2026/07/17 10:11:35.260, 1192, 877, 167.75, 68, 68, 100, 8404, Not Active, Not Active, Not Active
2026/07/17 10:11:35.312, 1192, 877, 174.84, 68, 69, 100, 8404, Not Active, Not Active, Not Active
2026/07/17 10:11:35.364, 1192, 877, 170.04, 68, 69, 100, 8404, Not Active, Not Active, Not Active
2026/07/17 10:11:35.416, 1192, 877, 172.69, 68, 69, 100, 8404, Not Active, Not Active, Not Active
2026/07/17 10:11:35.469, 1192, 877, 172.32, 68, 68, 100, 8404, Not Active, Not Active, Not Active
2026/07/17 10:11:35.521, 1192, 877, 175.20, 68, 69, 100, 8404, Not Active, Not Active, Not Active
2026/07/17 10:11:35.573, 1192, 877, 173.88, 68, 68, 100, 8404, Not Active, Not Active, Not Active
2026/07/17 10:11:35.625, 1192, 877, 177.72, 68, 68, 100, 8404, Not Active, Not Active, Not Active
2026/07/17 10:11:35.677, 1192, 877, 167.53, 68, 68, 100, 8404, Not Active, Not Active, Not Active
2026/07/17 10:11:35.731, 1192, 877, 159.69, 68, 68, 100, 8404, Not Active, Not Active, Not Active
2026/07/17 10:11:35.783, 1192, 877, 164.17, 68, 68, 100, 8404, Not Active, Not Active, Not Active
2026/07/17 10:11:35.834, 1192, 877, 166.42, 68, 69, 100, 8404, Not Active, Not Active, Not Active
2026/07/17 10:11:35.886, 1192, 877, 171.37, 68, 69, 100, 8404, Not Active, Not Active, Not Active
2026/07/17 10:11:35.938, 1192, 877, 168.12, 68, 69, 100, 8404, Not Active, Not Active, Not Active
2026/07/17 10:11:35.991, 1192, 877, 146.33, 68, 69, 100, 8404, Not Active, Not Active, Not Active
2026/07/17 10:11:36.043, 1192, 877, 170.89, 68, 68, 100, 8404, Not Active, Not Active, Not Active
2026/07/17 10:11:36.095, 1192, 877, 170.52, 68, 68, 100, 8404, Not Active, Not Active, Not Active
2026/07/17 10:11:36.147, 1192, 877, 173.88, 68, 69, 100, 8404, Not Active, Not Active, Not Active
2026/07/17 10:11:36.199, 1192, 877, 173.76, 68, 68, 100, 8404, Not Active, Not Active, Not Active
2026/07/17 10:11:36.253, 1192, 877, 176.16, 68, 68, 100, 8404, Not Active, Not Active, Not Active
2026/07/17 10:11:36.305, 1192, 877, 172.32, 68, 69, 100, 8404, Not Active, Not Active, Not Active
2026/07/17 10:11:36.356, 1192, 877, 177.12, 68, 69, 100, 8404, Not Active, Not Active, Not Active
2026/07/17 10:11:36.408, 1192, 877, 169.56, 68, 68, 100, 8404, Not Active, Not Active, Not Active
2026/07/17 10:11:36.460, 1192, 877, 175.57, 68, 69, 100, 8404, Not Active, Not Active, Not Active
2026/07/17 10:11:36.514, 1192, 877, 174.36, 68, 69, 100, 8404, Not Active, Not Active, Not Active
2026/07/17 10:11:36.566, 1192, 877, 167.64, 68, 69, 100, 8404, Not Active, Not Active, Not Active
2026/07/17 10:11:36.618, 1192, 877, 159.21, 68, 69, 100, 8404, Not Active, Not Active, Not Active
2026/07/17 10:11:36.669, 1192, 877, 153.72, 68, 69, 100, 8404, Not Active, Not Active, Not Active
2026/07/17 10:11:36.721, 1192, 877, 160.44, 68, 69, 100, 8404, Not Active, Not Active, Not Active
2026/07/17 10:11:36.774, 1192, 877, 157.29, 68, 69, 100, 8404, Not Active, Not Active, Not Active
2026/07/17 10:11:36.826, 1192, 877, 157.66, 68, 69, 100, 8404, Not Active, Not Active, Not Active
2026/07/17 10:11:36.878, 1192, 877, 165.61, 68, 69, 100, 8404, Not Active, Not Active, Not Active
2026/07/17 10:11:36.930, 1192, 877, 158.52, 68, 69, 100, 8404, Not Active, Not Active, Not Active
2026/07/17 10:11:36.982, 1192, 877, 162.25, 68, 69, 100, 8404, Not Active, Not Active, Not Active
2026/07/17 10:11:37.034, 1192, 877, 173.52, 68, 69, 100, 8404, Not Active, Not Active, Not Active
2026/07/17 10:11:37.086, 1192, 877, 165.72, 68, 69, 100, 8404, Not Active, Not Active, Not Active
2026/07/17 10:11:37.138, 1192, 877, 168.23, 68, 69, 100, 8404, Not Active, Not Active, Not Active
2026/07/17 10:11:37.190, 1192, 877, 142.39, 68, 69, 100, 8404, Not Active, Not Active, Not Active
2026/07/17 10:11:37.242, 1192, 877, 168.49, 68, 68, 100, 8404, Not Active, Not Active, Not Active
2026/07/17 10:11:37.296, 1192, 877, 170.52, 68, 69, 100, 8404, Not Active, Not Active, Not Active
2026/07/17 10:11:37.348, 1192, 877, 173.40, 68, 69, 100, 8404, Not Active, Not Active, Not Active
2026/07/17 10:11:37.400, 1192, 877, 168.12, 68, 69, 100, 8404, Not Active, Not Active, Not Active
2026/07/17 10:11:37.452, 1192, 877, 169.08, 68, 69, 100, 8404, Not Active, Not Active, Not Active
2026/07/17 10:11:37.503, 1192, 877, 175.09, 68, 69, 100, 8404, Not Active, Not Active, Not Active
2026/07/17 10:11:37.557, 1192, 877, 169.56, 68, 69, 100, 8404, Not Active, Not Active, Not Active
2026/07/17 10:11:37.609, 1192, 877, 159.96, 68, 68, 100, 8404, Not Active, Not Active, Not Active
2026/07/17 10:11:37.661, 1192, 877, 173.65, 68, 69, 100, 8404, Not Active, Not Active, Not Active
2026/07/17 10:11:37.712, 1192, 877, 176.16, 68, 69, 100, 8404, Not Active, Not Active, Not Active
2026/07/17 10:11:37.764, 1192, 877, 168.60, 68, 69, 100, 8404, Not Active, Not Active, Not Active
2026/07/17 10:11:37.818, 1192, 877, 177.12, 68, 69, 100, 8404, Not Active, Not Active, Not Active
2026/07/17 10:11:37.870, 1192, 877, 176.52, 68, 69, 100, 8404, Not Active, Not Active, Not Active
2026/07/17 10:11:37.922, 1192, 877, 176.28, 68, 69, 100, 8404, Not Active, Not Active, Not Active
2026/07/17 10:11:37.974, 1192, 877, 171.73, 68, 69, 100, 8404, Not Active, Not Active, Not Active
2026/07/17 10:11:38.025, 1192, 877, 162.36, 68, 68, 100, 8404, Not Active, Not Active, Not Active
2026/07/17 10:11:38.078, 1192, 877, 172.44, 68, 69, 100, 8404, Not Active, Not Active, Not Active
2026/07/17 10:11:38.130, 1192, 877, 173.28, 68, 69, 100, 8404, Not Active, Not Active, Not Active
2026/07/17 10:11:38.182, 1192, 877, 173.40, 68, 69, 100, 8404, Not Active, Not Active, Not Active
2026/07/17 10:11:38.233, 1192, 877, 177.24, 68, 69, 100, 8404, Not Active, Not Active, Not Active
2026/07/17 10:11:38.285, 1192, 877, 172.80, 68, 69, 100, 8404, Not Active, Not Active, Not Active
2026/07/17 10:11:38.339, 1192, 877, 170.04, 68, 69, 100, 8404, Not Active, Not Active, Not Active
2026/07/17 10:11:38.391, 1192, 877, 174.36, 68, 69, 100, 8404, Not Active, Not Active, Not Active
2026/07/17 10:11:38.443, 1192, 877, 159.48, 68, 68, 100, 8404, Not Active, Not Active, Not Active
2026/07/17 10:11:38.495, 1192, 877, 167.90, 68, 69, 100, 8404, Not Active, Not Active, Not Active
2026/07/17 10:11:38.546, 1192, 877, 169.45, 68, 69, 100, 8404, Not Active, Not Active, Not Active
2026/07/17 10:11:38.600, 1192, 877, 174.72, 68, 69, 100, 8404, Not Active, Not Active, Not Active
2026/07/17 10:11:38.651, 1192, 877, 175.09, 68, 69, 100, 8404, Not Active, Not Active, Not Active
2026/07/17 10:11:38.703, 1192, 877, 174.72, 68, 69, 100, 8404, Not Active, Not Active, Not Active
2026/07/17 10:11:38.755, 1192, 877, 174.48, 69, 69, 100, 8404, Not Active, Not Active, Not Active
2026/07/17 10:11:38.807, 1192, 877, 171.00, 68, 69, 100, 8404, Not Active, Not Active, Not Active
2026/07/17 10:11:38.862, 1192, 877, 164.50, 68, 68, 100, 8404, Not Active, Not Active, Not Active
2026/07/17 10:11:38.914, 1192, 877, 174.84, 68, 69, 100, 8404, Not Active, Not Active, Not Active
2026/07/17 10:11:38.965, 1192, 877, 175.68, 68, 69, 100, 8404, Not Active, Not Active, Not Active
2026/07/17 10:11:39.017, 1192, 877, 175.92, 68, 69, 100, 8404, Not Active, Not Active, Not Active
2026/07/17 10:11:39.069, 1192, 877, 170.41, 68, 69, 100, 8404, Not Active, Not Active, Not Active
2026/07/17 10:11:39.122, 1192, 877, 174.72, 68, 69, 100, 8404, Not Active, Not Active, Not Active
2026/07/17 10:11:39.174, 1192, 877, 175.32, 68, 69, 100, 8404, Not Active, Not Active, Not Active
2026/07/17 10:11:39.226, 1192, 877, 176.16, 69, 69, 100, 8404, Not Active, Not Active, Not Active
2026/07/17 10:11:39.278, 1192, 877, 155.26, 68, 68, 100, 8404, Not Active, Not Active, Not Active
2026/07/17 10:11:39.330, 1192, 877, 174.84, 68, 69, 100, 8404, Not Active, Not Active, Not Active
2026/07/17 10:11:39.383, 1192, 877, 173.40, 68, 69, 100, 8404, Not Active, Not Active, Not Active
2026/07/17 10:11:39.435, 1192, 877, 171.85, 68, 69, 100, 8404, Not Active, Not Active, Not Active
2026/07/17 10:11:39.486, 1192, 877, 170.41, 69, 69, 100, 8404, Not Active, Not Active, Not Active
2026/07/17 10:11:39.538, 1192, 877, 170.89, 69, 69, 100, 8404, Not Active, Not Active, Not Active
2026/07/17 10:11:39.590, 1192, 877, 168.01, 68, 69, 100, 8404, Not Active, Not Active, Not Active
2026/07/17 10:11:39.643, 1192, 877, 170.41, 69, 69, 100, 8404, Not Active, Not Active, Not Active
2026/07/17 10:11:39.695, 1192, 877, 124.86, 69, 69, 100, 8404, Not Active, Not Active, Not Active
2026/07/17 10:11:39.747, 1192, 877, 158.15, 69, 69, 100, 8404, Not Active, Not Active, Not Active
2026/07/17 10:11:39.799, 1192, 877, 162.95, 68, 69, 100, 8404, Not Active, Not Active, Not Active
2026/07/17 10:11:39.851, 1192, 877, 164.87, 68, 69, 100, 8404, Not Active, Not Active, Not Active
2026/07/17 10:11:39.904, 1192, 877, 160.55, 69, 70, 100, 8404, Not Active, Not Active, Not Active
2026/07/17 10:11:39.956, 1192, 877, 158.63, 69, 69, 100, 8404, Not Active, Not Active, Not Active
2026/07/17 10:11:40.007, 1192, 877, 157.08, 68, 69, 100, 8404, Not Active, Not Active, Not Active
2026/07/17 10:11:40.059, 1192, 877, 151.90, 69, 69, 100, 8404, Not Active, Not Active, Not Active
2026/07/17 10:11:40.111, 1192, 877, 153.93, 69, 69, 100, 8404, Not Active, Not Active, Not Active
2026/07/17 10:11:40.165, 1192, 877, 170.04, 69, 69, 100, 8404, Not Active, Not Active, Not Active
2026/07/17 10:11:40.216, 1192, 877, 173.88, 69, 69, 100, 8404, Not Active, Not Active, Not Active
2026/07/17 10:11:40.268, 1192, 877, 174.72, 68, 69, 100, 8404, Not Active, Not Active, Not Active
2026/07/17 10:11:40.320, 1192, 877, 176.28, 69, 69, 100, 8404, Not Active, Not Active, Not Active
2026/07/17 10:11:40.372, 1192, 877, 174.36, 69, 69, 100, 8404, Not Active, Not Active, Not Active
2026/07/17 10:11:40.427, 1192, 877, 174.72, 69, 69, 100, 8404, Not Active, Not Active, Not Active
2026/07/17 10:11:40.479, 1192, 877, 176.64, 69, 69, 100, 8404, Not Active, Not Active, Not Active
2026/07/17 10:11:40.531, 1192, 877, 174.72, 69, 69, 100, 8404, Not Active, Not Active, Not Active
2026/07/17 10:11:40.582, 1192, 877, 158.63, 68, 70, 100, 8404, Not Active, Not Active, Not Active
2026/07/17 10:11:40.634, 1192, 877, 173.88, 69, 69, 100, 8404, Not Active, Not Active, Not Active
2026/07/17 10:11:40.688, 1192, 877, 173.65, 69, 69, 100, 8404, Not Active, Not Active, Not Active
2026/07/17 10:11:40.740, 1192, 877, 169.56, 69, 69, 100, 8404, Not Active, Not Active, Not Active
2026/07/17 10:11:40.791, 1192, 877, 169.08, 69, 69, 100, 8404, Not Active, Not Active, Not Active
2026/07/17 10:11:40.843, 1192, 877, 172.80, 69, 69, 100, 8404, Not Active, Not Active, Not Active
2026/07/17 10:11:40.895, 1192, 877, 169.93, 69, 69, 100, 8404, Not Active, Not Active, Not Active
2026/07/17 10:11:40.948, 1192, 877, 165.61, 69, 69, 100, 8404, Not Active, Not Active, Not Active
2026/07/17 10:11:40.999, 1192, 877, 106.70, 69, 70, 100, 8404, Not Active, Not Active, Not Active
2026/07/17 10:11:41.051, 1192, 877, 151.52, 68, 69, 100, 8404, Not Active, Not Active, Not Active
2026/07/17 10:11:41.103, 1192, 877, 148.26, 69, 69, 100, 8404, Not Active, Not Active, Not Active
2026/07/17 10:11:41.155, 1192, 877, 150.08, 69, 69, 100, 8404, Not Active, Not Active, Not Active
2026/07/17 10:11:41.208, 1192, 877, 158.63, 69, 69, 100, 8404, Not Active, Not Active, Not Active
2026/07/17 10:11:41.260, 1192, 877, 166.68, 69, 69, 100, 8404, Not Active, Not Active, Not Active
2026/07/17 10:11:41.312, 1192, 877, 169.45, 69, 69, 100, 8404, Not Active, Not Active, Not Active
2026/07/17 10:11:41.364, 1192, 877, 173.76, 69, 69, 100, 8404, Not Active, Not Active, Not Active
2026/07/17 10:11:41.416, 1192, 877, 174.84, 69, 70, 100, 8404, Not Active, Not Active, Not Active
2026/07/17 10:11:41.471, 1192, 877, 170.52, 69, 69, 100, 8404, Not Active, Not Active, Not Active
2026/07/17 10:11:41.523, 1192, 877, 173.17, 69, 69, 100, 8404, Not Active, Not Active, Not Active
2026/07/17 10:11:41.574, 1192, 877, 176.16, 69, 69, 100, 8404, Not Active, Not Active, Not Active
2026/07/17 10:11:41.626, 1192, 877, 166.09, 69, 69, 100, 8404, Not Active, Not Active, Not Active
2026/07/17 10:11:41.678, 1192, 877, 167.16, 69, 69, 100, 8404, Not Active, Not Active, Not Active
2026/07/17 10:11:41.731, 1192, 877, 173.88, 69, 69, 100, 8404, Not Active, Not Active, Not Active
2026/07/17 10:11:41.783, 1192, 877, 167.16, 69, 69, 100, 8404, Not Active, Not Active, Not Active
2026/07/17 10:11:41.835, 1192, 877, 169.56, 69, 70, 100, 8404, Not Active, Not Active, Not Active
2026/07/17 10:11:41.887, 1192, 877, 132.95, 69, 70, 100, 8404, Not Active, Not Active, Not Active
2026/07/17 10:11:41.939, 1192, 877, 151.42, 69, 69, 100, 8404, Not Active, Not Active, Not Active
2026/07/17 10:11:41.991, 1192, 877, 165.72, 69, 69, 100, 8404, Not Active, Not Active, Not Active
2026/07/17 10:11:42.043, 1192, 877, 170.52, 69, 69, 100, 8404, Not Active, Not Active, Not Active
2026/07/17 10:11:42.095, 1192, 877, 177.24, 69, 69, 100, 8404, Not Active, Not Active, Not Active
2026/07/17 10:11:42.146, 1192, 877, 178.92, 69, 69, 100, 8404, Not Active, Not Active, Not Active
2026/07/17 10:11:42.198, 1192, 877, 175.68, 69, 69, 100, 8404, Not Active, Not Active, Not Active
2026/07/17 10:11:42.253, 1192, 877, 170.89, 69, 69, 100, 8404, Not Active, Not Active, Not Active
2026/07/17 10:11:42.305, 1192, 877, 174.72, 69, 69, 100, 8404, Not Active, Not Active, Not Active
2026/07/17 10:11:42.357, 1192, 877, 153.24, 69, 70, 100, 8404, Not Active, Not Active, Not Active
2026/07/17 10:11:42.409, 1192, 877, 164.87, 69, 69, 100, 8404, Not Active, Not Active, Not Active
2026/07/17 10:11:42.460, 1192, 877, 162.36, 69, 70, 100, 8404, Not Active, Not Active, Not Active
2026/07/17 10:11:42.513, 1192, 877, 161.99, 69, 70, 100, 8404, Not Active, Not Active, Not Active
2026/07/17 10:11:42.564, 1192, 877, 151.04, 69, 70, 100, 8404, Not Active, Not Active, Not Active
2026/07/17 10:11:42.616, 1192, 877, 147.20, 69, 70, 100, 8404, Not Active, Not Active, Not Active
2026/07/17 10:11:42.668, 1192, 877, 160.55, 69, 70, 100, 8404, Not Active, Not Active, Not Active
2026/07/17 10:11:42.720, 1192, 877, 166.79, 69, 70, 100, 8404, Not Active, Not Active, Not Active
2026/07/17 10:11:42.775, 1192, 877, 169.93, 69, 70, 100, 8404, Not Active, Not Active, Not Active
2026/07/17 10:11:42.827, 1192, 877, 171.00, 69, 69, 100, 8404, Not Active, Not Active, Not Active
2026/07/17 10:11:42.878, 1192, 877, 169.81, 69, 69, 100, 8404, Not Active, Not Active, Not Active
2026/07/17 10:11:42.930, 1192, 877, 169.45, 69, 69, 100, 8404, Not Active, Not Active, Not Active
2026/07/17 10:11:42.982, 1192, 877, 172.44, 69, 69, 100, 8404, Not Active, Not Active, Not Active
2026/07/17 10:11:43.035, 1192, 877, 167.16, 69, 70, 100, 8404, Not Active, Not Active, Not Active
2026/07/17 10:11:43.087, 1192, 877, 164.39, 69, 70, 100, 8404, Not Active, Not Active, Not Active
2026/07/17 10:11:43.139, 1192, 877, 160.44, 69, 70, 100, 8404, Not Active, Not Active, Not Active
2026/07/17 10:11:43.191, 1192, 877, 142.39, 69, 70, 100, 8404, Not Active, Not Active, Not Active
2026/07/17 10:11:43.243, 1192, 877, 150.56, 69, 70, 100, 8404, Not Active, Not Active, Not Active
2026/07/17 10:11:43.295, 1192, 877, 174.84, 69, 69, 100, 8404, Not Active, Not Active, Not Active
2026/07/17 10:11:43.347, 1192, 877, 172.92, 69, 69, 100, 8404, Not Active, Not Active, Not Active
2026/07/17 10:11:43.399, 1192, 877, 172.32, 69, 69, 100, 8404, Not Active, Not Active, Not Active
2026/07/17 10:11:43.451, 1192, 877, 173.76, 69, 70, 100, 8404, Not Active, Not Active, Not Active
2026/07/17 10:11:43.502, 1192, 877, 168.60, 69, 70, 100, 8404, Not Active, Not Active, Not Active
2026/07/17 10:11:43.557, 1192, 877, 167.42, 69, 70, 100, 8404, Not Active, Not Active, Not Active
2026/07/17 10:11:43.609, 1192, 877, 165.24, 69, 70, 100, 8404, Not Active, Not Active, Not Active
2026/07/17 10:11:43.660, 1192, 877, 154.41, 69, 70, 100, 8404, Not Active, Not Active, Not Active
2026/07/17 10:11:43.712, 1192, 877, 148.64, 69, 70, 100, 8404, Not Active, Not Active, Not Active
2026/07/17 10:11:43.764, 1192, 877, 169.08, 69, 69, 100, 8404, Not Active, Not Active, Not Active
2026/07/17 10:11:43.818, 1192, 877, 173.40, 69, 70, 100, 8404, Not Active, Not Active, Not Active
2026/07/17 10:11:43.870, 1192, 877, 175.09, 69, 70, 100, 8404, Not Active, Not Active, Not Active
2026/07/17 10:11:43.922, 1192, 877, 174.84, 69, 70, 100, 8404, Not Active, Not Active, Not Active
2026/07/17 10:11:43.974, 1192, 877, 176.76, 69, 70, 100, 8404, Not Active, Not Active, Not Active
2026/07/17 10:11:44.026, 1192, 877, 166.68, 69, 70, 100, 8404, Not Active, Not Active, Not Active
2026/07/17 10:11:44.079, 1192, 877, 165.24, 69, 69, 100, 8404, Not Active, Not Active, Not Active
2026/07/17 10:11:44.130, 1192, 877, 157.66, 69, 70, 100, 8404, Not Active, Not Active, Not Active
2026/07/17 10:11:44.182, 1192, 877, 151.90, 69, 70, 100, 8404, Not Active, Not Active, Not Active
2026/07/17 10:11:44.234, 1192, 877, 168.60, 69, 69, 100, 8404, Not Active, Not Active, Not Active
2026/07/17 10:11:44.286, 1192, 877, 173.76, 69, 70, 100, 8404, Not Active, Not Active, Not Active
2026/07/17 10:11:44.340, 1192, 877, 175.32, 69, 70, 100, 8404, Not Active, Not Active, Not Active
2026/07/17 10:11:44.392, 1192, 877, 177.12, 69, 70, 100, 8404, Not Active, Not Active, Not Active
2026/07/17 10:11:44.444, 1192, 877, 174.72, 69, 70, 100, 8404, Not Active, Not Active, Not Active
2026/07/17 10:11:44.495, 1192, 877, 173.40, 69, 69, 100, 8404, Not Active, Not Active, Not Active
2026/07/17 10:11:44.547, 1192, 877, 164.39, 69, 69, 100, 8404, Not Active, Not Active, Not Active
2026/07/17 10:11:44.600, 1192, 877, 154.41, 69, 70, 100, 8404, Not Active, Not Active, Not Active
2026/07/17 10:11:44.652, 1192, 877, 145.56, 69, 70, 100, 8404, Not Active, Not Active, Not Active
2026/07/17 10:11:44.705, 1192, 877, 169.08, 69, 69, 100, 8404, Not Active, Not Active, Not Active
2026/07/17 10:11:44.756, 1192, 877, 180.96, 69, 70, 100, 8404, Not Active, Not Active, Not Active
2026/07/17 10:11:44.808, 1192, 877, 168.60, 69, 69, 100, 8404, Not Active, Not Active, Not Active
2026/07/17 10:11:44.862, 1192, 877, 167.05, 69, 70, 100, 8404, Not Active, Not Active, Not Active
2026/07/17 10:11:44.914, 1192, 877, 169.45, 69, 70, 100, 8404, Not Active, Not Active, Not Active
2026/07/17 10:11:44.965, 1192, 877, 167.16, 69, 69, 100, 8404, Not Active, Not Active, Not Active
2026/07/17 10:11:45.017, 1192, 877, 157.18, 69, 70, 100, 8404, Not Active, Not Active, Not Active
2026/07/17 10:11:45.069, 1192, 877, 147.10, 69, 70, 100, 8404, Not Active, Not Active, Not Active
2026/07/17 10:11:45.121, 1192, 877, 149.22, 69, 70, 100, 8404, Not Active, Not Active, Not Active
2026/07/17 10:11:45.173, 1192, 877, 174.36, 69, 69, 100, 8404, Not Active, Not Active, Not Active
2026/07/17 10:11:45.225, 1192, 877, 177.00, 69, 70, 100, 8404, Not Active, Not Active, Not Active
2026/07/17 10:11:45.276, 1192, 877, 173.76, 69, 70, 100, 8404, Not Active, Not Active, Not Active
2026/07/17 10:11:45.328, 1192, 877, 166.57, 69, 70, 100, 8404, Not Active, Not Active, Not Active
2026/07/17 10:11:45.383, 1192, 877, 163.91, 69, 70, 100, 8404, Not Active, Not Active, Not Active
2026/07/17 10:11:45.435, 1192, 877, 156.91, 69, 70, 100, 8404, Not Active, Not Active, Not Active
2026/07/17 10:11:45.487, 1192, 877, 143.45, 69, 70, 100, 8404, Not Active, Not Active, Not Active
2026/07/17 10:11:45.538, 1192, 877, 161.99, 69, 70, 100, 8404, Not Active, Not Active, Not Active
2026/07/17 10:11:45.591, 1192, 877, 170.04, 69, 70, 100, 8404, Not Active, Not Active, Not Active
2026/07/17 10:11:45.644, 1192, 877, 163.43, 69, 69, 100, 8404, Not Active, Not Active, Not Active
2026/07/17 10:11:45.696, 1192, 877, 169.08, 69, 70, 100, 8404, Not Active, Not Active, Not Active
2026/07/17 10:11:45.748, 1192, 877, 160.44, 69, 69, 100, 8404, Not Active, Not Active, Not Active
2026/07/17 10:11:45.800, 1192, 877, 160.07, 69, 70, 100, 8404, Not Active, Not Active, Not Active
2026/07/17 10:11:45.852, 1192, 877, 139.60, 69, 70, 100, 8404, Not Active, Not Active, Not Active
2026/07/17 10:11:45.904, 1192, 877, 159.96, 69, 70, 100, 8404, Not Active, Not Active, Not Active
2026/07/17 10:11:45.956, 1192, 877, 169.45, 69, 70, 100, 8404, Not Active, Not Active, Not Active
2026/07/17 10:11:46.007, 1192, 877, 163.43, 69, 70, 100, 8404, Not Active, Not Active, Not Active
2026/07/17 10:11:46.075, 1192, 877, 169.56, 69, 70, 100, 8404, Not Active, Not Active, Not Active
2026/07/17 10:11:46.127, 1192, 877, 156.33, 69, 69, 100, 8404, Not Active, Not Active, Not Active
2026/07/17 10:11:46.179, 1192, 877, 164.39, 69, 70, 100, 8404, Not Active, Not Active, Not Active
2026/07/17 10:11:46.233, 1192, 877, 160.07, 69, 70, 100, 8404, Not Active, Not Active, Not Active
2026/07/17 10:11:46.284, 1192, 877, 155.37, 69, 70, 100, 8404, Not Active, Not Active, Not Active
2026/07/17 10:11:46.336, 1192, 877, 142.48, 69, 70, 100, 8404, Not Active, Not Active, Not Active
2026/07/17 10:11:46.388, 1192, 877, 164.39, 69, 70, 100, 8404, Not Active, Not Active, Not Active
2026/07/17 10:11:46.440, 1192, 877, 168.38, 69, 70, 100, 8404, Not Active, Not Active, Not Active
2026/07/17 10:11:46.494, 1192, 877, 168.60, 69, 70, 100, 8404, Not Active, Not Active, Not Active
2026/07/17 10:11:46.545, 1192, 877, 167.16, 69, 70, 100, 8404, Not Active, Not Active, Not Active
2026/07/17 10:11:46.597, 1192, 877, 117.23, 69, 70, 100, 8404, Not Active, Not Active, Not Active
2026/07/17 10:11:46.649, 1192, 877, 136.14, 69, 70, 100, 8404, Not Active, Not Active, Not Active
2026/07/17 10:11:46.701, 1192, 877, 151.52, 69, 70, 100, 8404, Not Active, Not Active, Not Active
2026/07/17 10:11:46.754, 1192, 877, 167.27, 69, 70, 100, 8404, Not Active, Not Active, Not Active
2026/07/17 10:11:46.805, 1192, 877, 170.41, 69, 70, 100, 8404, Not Active, Not Active, Not Active
2026/07/17 10:11:46.857, 1192, 877, 167.64, 69, 70, 100, 8404, Not Active, Not Active, Not Active
2026/07/17 10:11:46.909, 1192, 877, 164.76, 69, 70, 100, 8404, Not Active, Not Active, Not Active
2026/07/17 10:11:46.960, 1192, 877, 161.03, 69, 70, 100, 8404, Not Active, Not Active, Not Active
2026/07/17 10:11:47.015, 1192, 877, 154.10, 69, 70, 100, 8404, Not Active, Not Active, Not Active
2026/07/17 10:11:47.067, 1192, 877, 143.93, 69, 70, 100, 8404, Not Active, Not Active, Not Active
2026/07/17 10:11:47.118, 1192, 877, 174.72, 69, 70, 100, 8404, Not Active, Not Active, Not Active
2026/07/17 10:11:47.170, 1192, 877, 174.72, 69, 70, 100, 8404, Not Active, Not Active, Not Active
2026/07/17 10:11:47.222, 1192, 877, 171.48, 69, 70, 100, 8404, Not Active, Not Active, Not Active
2026/07/17 10:11:47.276, 1192, 877, 160.07, 69, 70, 100, 8404, Not Active, Not Active, Not Active
2026/07/17 10:11:47.328, 1192, 877, 159.11, 69, 70, 100, 8404, Not Active, Not Active, Not Active
2026/07/17 10:11:47.380, 1192, 877, 145.75, 69, 70, 100, 8404, Not Active, Not Active, Not Active
2026/07/17 10:11:47.431, 1192, 877, 168.12, 69, 70, 100, 8404, Not Active, Not Active, Not Active
2026/07/17 10:11:47.483, 1192, 877, 173.76, 69, 70, 100, 8404, Not Active, Not Active, Not Active
2026/07/17 10:11:47.538, 1192, 877, 174.13, 69, 70, 100, 8404, Not Active, Not Active, Not Active
2026/07/17 10:11:47.589, 1192, 877, 131.90, 69, 70, 100, 8404, Not Active, Not Active, Not Active
2026/07/17 10:11:47.642, 1192, 877, 150.66, 69, 70, 100, 8404, Not Active, Not Active, Not Active
2026/07/17 10:11:47.694, 1192, 877, 152.48, 69, 70, 100, 8404, Not Active, Not Active, Not Active
2026/07/17 10:11:47.745, 1192, 877, 168.01, 69, 70, 100, 8404, Not Active, Not Active, Not Active
2026/07/17 10:11:47.798, 1192, 877, 173.17, 69, 70, 100, 8404, Not Active, Not Active, Not Active
2026/07/17 10:11:47.850, 1192, 877, 171.48, 69, 70, 100, 8404, Not Active, Not Active, Not Active
2026/07/17 10:11:47.902, 1192, 877, 171.48, 69, 69, 100, 8404, Not Active, Not Active, Not Active
2026/07/17 10:11:47.954, 1192, 877, 162.47, 69, 70, 100, 8404, Not Active, Not Active, Not Active
2026/07/17 10:11:48.006, 1192, 877, 142.39, 69, 70, 100, 8404, Not Active, Not Active, Not Active
2026/07/17 10:11:48.058, 1192, 877, 159.00, 69, 70, 100, 8404, Not Active, Not Active, Not Active
2026/07/17 10:11:48.110, 1192, 877, 171.00, 69, 70, 100, 8404, Not Active, Not Active, Not Active
2026/07/17 10:11:48.161, 1192, 877, 173.40, 69, 70, 100, 8404, Not Active, Not Active, Not Active
2026/07/17 10:11:48.213, 1192, 877, 165.83, 69, 70, 100, 8404, Not Active, Not Active, Not Active
2026/07/17 10:11:48.265, 1192, 877, 155.74, 69, 70, 100, 8404, Not Active, Not Active, Not Active
2026/07/17 10:11:48.319, 1192, 877, 148.16, 69, 70, 100, 8404, Not Active, Not Active, Not Active
2026/07/17 10:11:48.370, 1192, 877, 168.60, 69, 70, 100, 8404, Not Active, Not Active, Not Active
2026/07/17 10:11:48.422, 1192, 877, 174.24, 69, 70, 100, 8404, Not Active, Not Active, Not Active
2026/07/17 10:11:48.474, 1192, 877, 168.12, 69, 70, 100, 8404, Not Active, Not Active, Not Active
2026/07/17 10:11:48.526, 1192, 877, 168.23, 69, 70, 100, 8404, Not Active, Not Active, Not Active
2026/07/17 10:11:48.581, 1192, 877, 112.00, 69, 70, 100, 8404, Not Active, Not Active, Not Active
2026/07/17 10:11:48.633, 1192, 877, 161.03, 69, 70, 100, 8404, Not Active, Not Active, Not Active
2026/07/17 10:11:48.685, 1192, 877, 172.92, 69, 70, 100, 8404, Not Active, Not Active, Not Active
2026/07/17 10:11:48.737, 1192, 877, 176.16, 69, 70, 100, 8404, Not Active, Not Active, Not Active
2026/07/17 10:11:48.789, 1192, 877, 168.12, 69, 70, 100, 8404, Not Active, Not Active, Not Active
2026/07/17 10:11:48.842, 1192, 877, 168.12, 69, 70, 100, 8404, Not Active, Not Active, Not Active
2026/07/17 10:11:48.893, 1192, 877, 143.74, 69, 70, 100, 8404, Not Active, Not Active, Not Active
2026/07/17 10:11:48.945, 1192, 877, 157.66, 70, 70, 100, 8404, Not Active, Not Active, Not Active
2026/07/17 10:11:48.997, 1192, 877, 172.80, 69, 70, 100, 8404, Not Active, Not Active, Not Active
2026/07/17 10:11:49.049, 1192, 877, 172.80, 69, 70, 100, 8404, Not Active, Not Active, Not Active
2026/07/17 10:11:49.103, 1192, 877, 130.55, 69, 70, 100, 8404, Not Active, Not Active, Not Active
2026/07/17 10:11:49.155, 1192, 877, 148.16, 69, 70, 100, 8404, Not Active, Not Active, Not Active
2026/07/17 10:11:49.206, 1192, 877, 154.89, 69, 70, 100, 8404, Not Active, Not Active, Not Active
2026/07/17 10:11:49.258, 1192, 877, 170.52, 69, 70, 100, 8404, Not Active, Not Active, Not Active
2026/07/17 10:11:49.310, 1192, 877, 168.12, 69, 70, 100, 8404, Not Active, Not Active, Not Active
2026/07/17 10:11:49.364, 1192, 877, 175.68, 69, 70, 100, 8404, Not Active, Not Active, Not Active
2026/07/17 10:11:49.415, 1192, 877, 161.51, 69, 70, 100, 8404, Not Active, Not Active, Not Active
2026/07/17 10:11:49.467, 1192, 877, 143.45, 69, 71, 100, 8404, Not Active, Not Active, Not Active
2026/07/17 10:11:49.519, 1192, 877, 156.70, 70, 71, 100, 8404, Not Active, Not Active, Not Active
2026/07/17 10:11:49.571, 1192, 877, 168.60, 69, 70, 100, 8404, Not Active, Not Active, Not Active
2026/07/17 10:11:49.624, 1192, 877, 152.86, 69, 69, 100, 8404, Not Active, Not Active, Not Active
2026/07/17 10:11:49.676, 1192, 877, 165.24, 69, 70, 100, 8404, Not Active, Not Active, Not Active
2026/07/17 10:11:49.728, 1192, 877, 135.27, 70, 70, 100, 8404, Not Active, Not Active, Not Active
2026/07/17 10:11:49.780, 1192, 877, 166.79, 70, 70, 100, 8404, Not Active, Not Active, Not Active
2026/07/17 10:11:49.831, 1192, 877, 172.92, 69, 70, 100, 8404, Not Active, Not Active, Not Active
2026/07/17 10:11:49.886, 1192, 877, 178.56, 69, 70, 100, 8404, Not Active, Not Active, Not Active
2026/07/17 10:11:49.937, 1192, 877, 168.12, 69, 70, 100, 8404, Not Active, Not Active, Not Active
2026/07/17 10:11:49.989, 1192, 877, 154.30, 69, 71, 100, 8404, Not Active, Not Active, Not Active
2026/07/17 10:11:50.041, 1192, 877, 141.52, 69, 70, 100, 8404, Not Active, Not Active, Not Active
2026/07/17 10:11:50.094, 1192, 877, 164.76, 69, 70, 100, 8404, Not Active, Not Active, Not Active
2026/07/17 10:11:50.146, 1192, 877, 163.32, 69, 69, 100, 8404, Not Active, Not Active, Not Active
2026/07/17 10:11:50.198, 1192, 877, 159.96, 69, 69, 100, 8404, Not Active, Not Active, Not Active
2026/07/17 10:11:50.250, 1192, 877, 149.40, 69, 70, 100, 8404, Not Active, Not Active, Not Active
2026/07/17 10:11:50.302, 1192, 877, 152.00, 69, 70, 100, 8404, Not Active, Not Active, Not Active
2026/07/17 10:11:50.353, 1192, 877, 171.48, 69, 70, 100, 8404, Not Active, Not Active, Not Active
2026/07/17 10:11:50.408, 1192, 877, 174.24, 70, 70, 100, 8404, Not Active, Not Active, Not Active
2026/07/17 10:11:50.459, 1192, 877, 174.72, 69, 70, 100, 8404, Not Active, Not Active, Not Active
2026/07/17 10:11:50.513, 1192, 877, 165.72, 69, 70, 100, 8404, Not Active, Not Active, Not Active
2026/07/17 10:11:50.567, 1192, 877, 155.26, 70, 71, 100, 8404, Not Active, Not Active, Not Active
2026/07/17 10:11:50.619, 1192, 877, 152.96, 70, 71, 100, 8404, Not Active, Not Active, Not Active
2026/07/17 10:11:50.671, 1192, 877, 169.19, 69, 70, 100, 8404, Not Active, Not Active, Not Active
2026/07/17 10:11:50.723, 1192, 877, 164.87, 69, 70, 100, 8404, Not Active, Not Active, Not Active
2026/07/17 10:11:50.774, 1192, 877, 162.58, 69, 71, 100, 8404, Not Active, Not Active, Not Active
2026/07/17 10:11:50.827, 1192, 877, 139.60, 70, 71, 100, 8404, Not Active, Not Active, Not Active
2026/07/17 10:11:50.879, 1192, 877, 168.60, 70, 70, 100, 8404, Not Active, Not Active, Not Active
2026/07/17 10:11:50.931, 1192, 877, 172.69, 69, 70, 100, 8404, Not Active, Not Active, Not Active
2026/07/17 10:11:50.983, 1192, 877, 176.64, 69, 70, 100, 8404, Not Active, Not Active, Not Active
2026/07/17 10:11:51.035, 1192, 877, 163.43, 69, 70, 100, 8404, Not Active, Not Active, Not Active
2026/07/17 10:11:51.089, 1192, 877, 147.20, 69, 71, 100, 8404, Not Active, Not Active, Not Active
2026/07/17 10:11:51.141, 1192, 877, 154.41, 70, 71, 100, 8404, Not Active, Not Active, Not Active
2026/07/17 10:11:51.193, 1192, 877, 169.56, 69, 70, 100, 8404, Not Active, Not Active, Not Active
2026/07/17 10:11:51.244, 1192, 877, 172.44, 69, 70, 100, 8404, Not Active, Not Active, Not Active
2026/07/17 10:11:51.297, 1192, 877, 151.04, 69, 71, 100, 8404, Not Active, Not Active, Not Active
2026/07/17 10:11:51.349, 1192, 877, 143.83, 70, 71, 100, 8404, Not Active, Not Active, Not Active
2026/07/17 10:11:51.401, 1192, 877, 171.48, 70, 70, 100, 8404, Not Active, Not Active, Not Active
2026/07/17 10:11:51.453, 1192, 877, 175.68, 70, 70, 100, 8404, Not Active, Not Active, Not Active
2026/07/17 10:11:51.505, 1192, 877, 168.60, 70, 70, 100, 8404, Not Active, Not Active, Not Active
2026/07/17 10:11:51.557, 1192, 877, 157.29, 70, 70, 100, 8404, Not Active, Not Active, Not Active
2026/07/17 10:11:51.611, 1192, 877, 140.56, 70, 71, 100, 8404, Not Active, Not Active, Not Active
2026/07/17 10:11:51.662, 1192, 877, 166.68, 70, 70, 100, 8404, Not Active, Not Active, Not Active
2026/07/17 10:11:51.714, 1192, 877, 157.18, 69, 69, 100, 8404, Not Active, Not Active, Not Active
2026/07/17 10:11:51.766, 1192, 877, 158.63, 69, 70, 100, 8404, Not Active, Not Active, Not Active
2026/07/17 10:11:51.817, 1192, 877, 136.80, 70, 71, 100, 8404, Not Active, Not Active, Not Active
2026/07/17 10:11:51.872, 1192, 877, 166.20, 70, 71, 100, 8404, Not Active, Not Active, Not Active
2026/07/17 10:11:51.923, 1192, 877, 173.53, 70, 70, 100, 8404, Not Active, Not Active, Not Active
2026/07/17 10:11:51.975, 1192, 877, 175.09, 70, 70, 100, 8404, Not Active, Not Active, Not Active
2026/07/17 10:11:52.027, 1192, 877, 165.83, 69, 71, 100, 8404, Not Active, Not Active, Not Active
2026/07/17 10:11:52.079, 1192, 877, 136.23, 70, 71, 100, 8404, Not Active, Not Active, Not Active
2026/07/17 10:11:52.132, 1192, 877, 166.20, 70, 71, 100, 8404, Not Active, Not Active, Not Active
2026/07/17 10:11:52.184, 1192, 877, 180.96, 70, 70, 100, 8404, Not Active, Not Active, Not Active
2026/07/17 10:11:52.236, 1192, 877, 127.57, 69, 70, 100, 8404, Not Active, Not Active, Not Active
2026/07/17 10:11:52.288, 1192, 877, 133.35, 69, 70, 100, 8404, Not Active, Not Active, Not Active
2026/07/17 10:11:52.339, 1192, 877, 162.47, 70, 70, 100, 8404, Not Active, Not Active, Not Active
2026/07/17 10:11:52.394, 1192, 877, 174.72, 70, 70, 100, 8404, Not Active, Not Active, Not Active
2026/07/17 10:11:52.446, 1192, 877, 170.52, 70, 70, 100, 8404, Not Active, Not Active, Not Active
2026/07/17 10:11:52.497, 1192, 877, 163.91, 69, 70, 100, 8404, Not Active, Not Active, Not Active
2026/07/17 10:11:52.549, 1192, 877, 135.18, 70, 71, 100, 8404, Not Active, Not Active, Not Active
2026/07/17 10:11:52.602, 1192, 877, 164.76, 70, 71, 100, 8404, Not Active, Not Active, Not Active
2026/07/17 10:11:52.655, 1192, 877, 179.04, 70, 70, 100, 8404, Not Active, Not Active, Not Active
2026/07/17 10:11:52.707, 1192, 877, 174.84, 70, 70, 100, 8404, Not Active, Not Active, Not Active
2026/07/17 10:11:52.759, 1192, 877, 104.28, 70, 70, 100, 8404, Not Active, Not Active, Not Active
2026/07/17 10:11:52.811, 1192, 877, 164.76, 69, 70, 100, 8404, Not Active, Not Active, Not Active
2026/07/17 10:11:52.863, 1192, 877, 174.24, 70, 70, 100, 8404, Not Active, Not Active, Not Active
2026/07/17 10:11:52.917, 1192, 877, 170.04, 70, 70, 100, 8404, Not Active, Not Active, Not Active
2026/07/17 10:11:52.969, 1192, 877, 161.99, 70, 70, 100, 8404, Not Active, Not Active, Not Active
2026/07/17 10:11:53.021, 1192, 877, 135.75, 70, 71, 100, 8404, Not Active, Not Active, Not Active
2026/07/17 10:11:53.072, 1192, 877, 167.64, 70, 71, 100, 8404, Not Active, Not Active, Not Active
2026/07/17 10:11:53.124, 1192, 877, 174.13, 70, 70, 100, 8404, Not Active, Not Active, Not Active
2026/07/17 10:11:53.177, 1192, 877, 171.48, 69, 70, 100, 8404, Not Active, Not Active, Not Active
2026/07/17 10:11:53.229, 1192, 877, 161.03, 70, 70, 100, 8404, Not Active, Not Active, Not Active
2026/07/17 10:11:53.281, 1192, 877, 143.45, 70, 71, 100, 8404, Not Active, Not Active, Not Active
2026/07/17 10:11:53.332, 1192, 877, 166.68, 69, 70, 100, 8404, Not Active, Not Active, Not Active
2026/07/17 10:11:53.384, 1192, 877, 169.45, 70, 70, 100, 8404, Not Active, Not Active, Not Active
2026/07/17 10:11:53.438, 1192, 877, 154.78, 70, 71, 100, 8404, Not Active, Not Active, Not Active
2026/07/17 10:11:53.490, 1192, 877, 146.71, 70, 71, 100, 8404, Not Active, Not Active, Not Active
2026/07/17 10:11:53.542, 1192, 877, 169.45, 70, 71, 100, 8404, Not Active, Not Active, Not Active
2026/07/17 10:11:53.593, 1192, 877, 173.88, 70, 70, 100, 8404, Not Active, Not Active, Not Active
2026/07/17 10:11:53.645, 1192, 877, 164.76, 70, 71, 100, 8404, Not Active, Not Active, Not Active
2026/07/17 10:11:53.698, 1192, 877, 142.48, 70, 71, 100, 8404, Not Active, Not Active, Not Active
2026/07/17 10:11:53.750, 1192, 877, 163.43, 70, 71, 100, 8404, Not Active, Not Active, Not Active
2026/07/17 10:11:53.802, 1192, 877, 176.64, 70, 71, 100, 8404, Not Active, Not Active, Not Active
2026/07/17 10:11:53.853, 1192, 877, 129.10, 69, 69, 100, 8404, Not Active, Not Active, Not Active
2026/07/17 10:11:53.907, 1192, 877, 136.71, 69, 71, 100, 8404, Not Active, Not Active, Not Active
2026/07/17 10:11:53.959, 1192, 877, 165.61, 70, 71, 100, 8404, Not Active, Not Active, Not Active
2026/07/17 10:11:54.011, 1192, 877, 172.21, 70, 70, 100, 8404, Not Active, Not Active, Not Active
2026/07/17 10:11:54.063, 1192, 877, 165.13, 70, 70, 100, 8404, Not Active, Not Active, Not Active
2026/07/17 10:11:54.115, 1192, 877, 150.36, 69, 71, 100, 8404, Not Active, Not Active, Not Active
2026/07/17 10:11:54.166, 1192, 877, 151.52, 70, 71, 100, 8404, Not Active, Not Active, Not Active
2026/07/17 10:11:54.220, 1192, 877, 174.84, 70, 70, 100, 8404, Not Active, Not Active, Not Active
2026/07/17 10:11:54.272, 1192, 877, 166.57, 70, 71, 100, 8404, Not Active, Not Active, Not Active
2026/07/17 10:11:54.324, 1192, 877, 164.87, 70, 70, 100, 8404, Not Active, Not Active, Not Active
2026/07/17 10:11:54.375, 1192, 877, 136.71, 70, 71, 100, 8404, Not Active, Not Active, Not Active
2026/07/17 10:11:54.427, 1192, 877, 171.48, 69, 70, 100, 8404, Not Active, Not Active, Not Active
2026/07/17 10:11:54.482, 1192, 877, 175.80, 70, 70, 100, 8404, Not Active, Not Active, Not Active
2026/07/17 10:11:54.534, 1192, 877, 153.72, 70, 71, 100, 8404, Not Active, Not Active, Not Active
2026/07/17 10:11:54.586, 1192, 877, 143.93, 70, 71, 100, 8404, Not Active, Not Active, Not Active
2026/07/17 10:11:54.637, 1192, 877, 170.04, 70, 71, 100, 8404, Not Active, Not Active, Not Active
2026/07/17 10:11:54.689, 1192, 877, 178.08, 70, 70, 100, 8404, Not Active, Not Active, Not Active
2026/07/17 10:11:54.743, 1192, 877, 166.57, 70, 70, 100, 8404, Not Active, Not Active, Not Active
2026/07/17 10:11:54.795, 1192, 877, 133.83, 70, 71, 100, 8404, Not Active, Not Active, Not Active
2026/07/17 10:11:54.846, 1192, 877, 164.76, 70, 71, 100, 8404, Not Active, Not Active, Not Active
2026/07/17 10:11:54.898, 1192, 877, 175.20, 70, 71, 100, 8404, Not Active, Not Active, Not Active
2026/07/17 10:11:54.950, 1192, 877, 112.33, 69, 70, 100, 8404, Not Active, Not Active, Not Active
2026/07/17 10:11:55.003, 1192, 877, 142.96, 70, 71, 100, 8404, Not Active, Not Active, Not Active
2026/07/17 10:11:55.054, 1192, 877, 169.56, 70, 71, 100, 8404, Not Active, Not Active, Not Active
2026/07/17 10:11:55.106, 1192, 877, 171.48, 70, 70, 100, 8404, Not Active, Not Active, Not Active
2026/07/17 10:11:55.158, 1192, 877, 164.87, 70, 70, 100, 8404, Not Active, Not Active, Not Active
2026/07/17 10:11:55.211, 1192, 877, 134.88, 70, 71, 100, 8404, Not Active, Not Active, Not Active
2026/07/17 10:11:55.264, 1192, 877, 166.20, 70, 71, 100, 8404, Not Active, Not Active, Not Active
2026/07/17 10:11:55.316, 1192, 877, 171.37, 70, 71, 100, 8404, Not Active, Not Active, Not Active
2026/07/17 10:11:55.367, 1192, 877, 171.85, 70, 71, 100, 8404, Not Active, Not Active, Not Active
2026/07/17 10:11:55.419, 1192, 877, 146.14, 70, 71, 100, 8404, Not Active, Not Active, Not Active
2026/07/17 10:11:55.471, 1192, 877, 157.18, 70, 71, 100, 8404, Not Active, Not Active, Not Active
2026/07/17 10:11:55.525, 1192, 877, 161.99, 69, 70, 100, 8404, Not Active, Not Active, Not Active
2026/07/17 10:11:55.577, 1192, 877, 163.32, 70, 70, 100, 8404, Not Active, Not Active, Not Active
2026/07/17 10:11:55.629, 1192, 877, 140.56, 70, 71, 100, 8404, Not Active, Not Active, Not Active
2026/07/17 10:11:55.681, 1192, 877, 170.52, 70, 71, 100, 8404, Not Active, Not Active, Not Active
2026/07/17 10:11:55.732, 1192, 877, 174.36, 70, 70, 100, 8404, Not Active, Not Active, Not Active
2026/07/17 10:11:55.787, 1192, 877, 167.53, 70, 71, 100, 8404, Not Active, Not Active, Not Active
2026/07/17 10:11:55.839, 1192, 877, 133.26, 70, 71, 100, 8404, Not Active, Not Active, Not Active
2026/07/17 10:11:55.891, 1192, 877, 165.72, 70, 71, 100, 8404, Not Active, Not Active, Not Active
2026/07/17 10:11:55.942, 1192, 877, 170.29, 70, 71, 100, 8404, Not Active, Not Active, Not Active
2026/07/17 10:11:55.994, 1192, 877, 171.96, 70, 70, 100, 8404, Not Active, Not Active, Not Active
2026/07/17 10:11:56.047, 1192, 877, 147.68, 70, 71, 100, 8404, Not Active, Not Active, Not Active
2026/07/17 10:11:56.099, 1192, 877, 168.85, 70, 70, 100, 8404, Not Active, Not Active, Not Active
2026/07/17 10:11:56.150, 1192, 877, 171.73, 70, 70, 100, 8404, Not Active, Not Active, Not Active
2026/07/17 10:11:56.202, 1192, 877, 149.98, 70, 70, 100, 8404, Not Active, Not Active, Not Active
2026/07/17 10:11:56.254, 1192, 877, 149.12, 70, 71, 100, 8404, Not Active, Not Active, Not Active
2026/07/17 10:11:56.307, 1192, 877, 171.37, 70, 71, 100, 8404, Not Active, Not Active, Not Active
2026/07/17 10:11:56.359, 1192, 877, 171.48, 70, 70, 100, 8404, Not Active, Not Active, Not Active
2026/07/17 10:11:56.411, 1192, 877, 159.00, 70, 71, 100, 8404, Not Active, Not Active, Not Active
2026/07/17 10:11:56.463, 1192, 877, 146.24, 70, 71, 100, 8404, Not Active, Not Active, Not Active
2026/07/17 10:11:56.515, 1192, 877, 168.97, 70, 71, 100, 8404, Not Active, Not Active, Not Active
2026/07/17 10:11:56.568, 1192, 877, 171.00, 70, 71, 100, 8404, Not Active, Not Active, Not Active
2026/07/17 10:11:56.620, 1192, 877, 105.73, 70, 71, 100, 8404, Not Active, Not Active, Not Active
2026/07/17 10:11:56.673, 1192, 877, 165.24, 70, 70, 100, 8404, Not Active, Not Active, Not Active
2026/07/17 10:11:56.725, 1192, 877, 171.73, 70, 71, 100, 8404, Not Active, Not Active, Not Active
2026/07/17 10:11:56.776, 1192, 877, 166.68, 70, 71, 100, 8404, Not Active, Not Active, Not Active
2026/07/17 10:11:56.829, 1192, 877, 131.42, 70, 71, 100, 8404, Not Active, Not Active, Not Active
2026/07/17 10:11:56.881, 1192, 877, 167.53, 70, 71, 100, 8404, Not Active, Not Active, Not Active
2026/07/17 10:11:56.933, 1192, 877, 169.33, 70, 71, 100, 8404, Not Active, Not Active, Not Active
2026/07/17 10:11:56.985, 1192, 877, 166.09, 70, 71, 100, 8404, Not Active, Not Active, Not Active
2026/07/17 10:11:57.037, 1192, 877, 135.84, 70, 71, 100, 8404, Not Active, Not Active, Not Active
2026/07/17 10:11:57.090, 1192, 877, 166.20, 70, 71, 100, 8404, Not Active, Not Active, Not Active
2026/07/17 10:11:57.142, 1192, 877, 173.65, 70, 71, 100, 8404, Not Active, Not Active, Not Active
2026/07/17 10:11:57.194, 1192, 877, 83.66, 69, 70, 100, 8404, Not Active, Not Active, Not Active
2026/07/17 10:11:57.245, 1192, 877, 160.07, 70, 71, 100, 8404, Not Active, Not Active, Not Active
2026/07/17 10:11:57.297, 1192, 877, 177.24, 70, 70, 100, 8404, Not Active, Not Active, Not Active
2026/07/17 10:11:57.352, 1192, 877, 171.85, 70, 71, 100, 8404, Not Active, Not Active, Not Active
2026/07/17 10:11:57.404, 1192, 877, 154.89, 70, 71, 100, 8404, Not Active, Not Active, Not Active
2026/07/17 10:11:57.456, 1192, 877, 159.11, 70, 71, 100, 8404, Not Active, Not Active, Not Active
2026/07/17 10:11:57.507, 1192, 877, 179.88, 70, 71, 100, 8404, Not Active, Not Active, Not Active
2026/07/17 10:11:57.559, 1192, 877, 167.53, 70, 71, 100, 8404, Not Active, Not Active, Not Active
2026/07/17 10:11:57.612, 1192, 877, 153.44, 70, 72, 100, 8404, Not Active, Not Active, Not Active
2026/07/17 10:11:57.664, 1192, 877, 161.03, 70, 71, 100, 8404, Not Active, Not Active, Not Active
2026/07/17 10:11:57.716, 1192, 877, 176.16, 70, 71, 100, 8404, Not Active, Not Active, Not Active
2026/07/17 10:11:57.768, 1192, 877, 92.23, 69, 70, 100, 8404, Not Active, Not Active, Not Active
2026/07/17 10:11:57.819, 1192, 877, 152.86, 70, 71, 100, 8404, Not Active, Not Active, Not Active
2026/07/17 10:11:57.873, 1192, 877, 173.76, 70, 71, 100, 8404, Not Active, Not Active, Not Active
2026/07/17 10:11:57.925, 1192, 877, 172.32, 70, 71, 100, 8404, Not Active, Not Active, Not Active
2026/07/17 10:11:57.976, 1192, 877, 149.40, 70, 71, 100, 8404, Not Active, Not Active, Not Active
2026/07/17 10:11:58.028, 1192, 877, 161.40, 70, 71, 100, 8404, Not Active, Not Active, Not Active
2026/07/17 10:11:58.080, 1192, 877, 173.05, 70, 71, 100, 8404, Not Active, Not Active, Not Active
2026/07/17 10:11:58.135, 1192, 877, 171.37, 70, 72, 100, 8404, Not Active, Not Active, Not Active
2026/07/17 10:11:58.187, 1192, 877, 152.76, 70, 72, 100, 8404, Not Active, Not Active, Not Active
2026/07/17 10:11:58.239, 1192, 877, 161.40, 70, 71, 100, 8404, Not Active, Not Active, Not Active
2026/07/17 10:11:58.290, 1192, 877, 177.96, 70, 71, 100, 8404, Not Active, Not Active, Not Active
2026/07/17 10:11:58.342, 1192, 877, 80.28, 69, 71, 100, 6746, Not Active, Not Active, Not Active
2026/07/17 10:11:58.394, 1192, 877, 47.57, 68, 69, 100, 354, Not Active, Not Active, Not Active
2026/07/17 10:11:58.446, 1192, 877, 46.60, 68, 68, 100, 354, Not Active, Not Active, Not Active
2026/07/17 10:11:58.498, 1192, 877, 46.60, 67, 67, 99, 352, Not Active, Not Active, Not Active
