timestamp,graphics_clock_mhz,memory_clock_mhz,power_w,gpu_temperature_c,memory_temperature_c,gpu_util_pct,memory_used_mib,sw_power_cap,sw_thermal_slowdown,hw_thermal_slowdown
2026/07/17 10:47:57.705, 1192, 877, 35.97, 50, 49, 0, 6, Not Active, Not Active, Not Active
2026/07/17 10:47:57.757, 1192, 877, 35.97, 50, 49, 0, 8, Not Active, Not Active, Not Active
2026/07/17 10:47:57.809, 1192, 877, 35.97, 50, 49, 0, 8, Not Active, Not Active, Not Active
2026/07/17 10:47:57.860, 1192, 877, 35.97, 50, 49, 0, 316, Not Active, Not Active, Not Active
2026/07/17 10:47:57.912, 1192, 877, 35.97, 50, 49, 0, 316, Not Active, Not Active, Not Active
2026/07/17 10:47:57.965, 1192, 877, 35.97, 50, 49, 3, 316, Not Active, Not Active, Not Active
2026/07/17 10:47:58.017, 1192, 877, 35.97, 50, 49, 3, 316, Not Active, Not Active, Not Active
2026/07/17 10:47:58.070, 1192, 877, 35.97, 50, 49, 3, 316, Not Active, Not Active, Not Active
2026/07/17 10:47:58.122, 1192, 877, 36.46, 50, 49, 3, 11402, Not Active, Not Active, Not Active
2026/07/17 10:47:58.175, 1192, 877, 36.94, 50, 49, 19, 11402, Not Active, Not Active, Not Active
2026/07/17 10:47:58.229, 1192, 877, 36.94, 50, 49, 19, 11402, Not Active, Not Active, Not Active
2026/07/17 10:47:58.281, 1192, 877, 36.94, 50, 49, 19, 11402, Not Active, Not Active, Not Active
2026/07/17 10:47:58.334, 1192, 877, 36.94, 50, 49, 100, 11402, Not Active, Not Active, Not Active
2026/07/17 10:47:58.387, 1192, 877, 36.94, 50, 49, 100, 11402, Not Active, Not Active, Not Active
2026/07/17 10:47:58.439, 1192, 877, 36.94, 50, 49, 100, 11402, Not Active, Not Active, Not Active
2026/07/17 10:47:58.492, 1192, 877, 36.94, 50, 49, 100, 11402, Not Active, Not Active, Not Active
2026/07/17 10:47:58.544, 1192, 877, 36.94, 50, 49, 100, 11402, Not Active, Not Active, Not Active
2026/07/17 10:47:58.597, 1192, 877, 36.94, 50, 49, 100, 11402, Not Active, Not Active, Not Active
2026/07/17 10:47:58.650, 1192, 877, 36.94, 50, 49, 99, 11402, Not Active, Not Active, Not Active
2026/07/17 10:47:58.702, 1192, 877, 36.94, 50, 49, 99, 11402, Not Active, Not Active, Not Active
2026/07/17 10:47:58.755, 1192, 877, 36.94, 50, 49, 99, 11402, Not Active, Not Active, Not Active
2026/07/17 10:47:58.807, 1192, 877, 36.94, 50, 49, 99, 11402, Not Active, Not Active, Not Active
2026/07/17 10:47:58.860, 1192, 877, 36.94, 50, 49, 99, 11402, Not Active, Not Active, Not Active
2026/07/17 10:47:58.913, 1192, 877, 36.94, 50, 49, 99, 11402, Not Active, Not Active, Not Active
2026/07/17 10:47:58.965, 1192, 877, 36.94, 50, 49, 99, 11402, Not Active, Not Active, Not Active
2026/07/17 10:47:59.018, 1192, 877, 36.94, 50, 49, 99, 11402, Not Active, Not Active, Not Active
2026/07/17 10:47:59.072, 1192, 877, 36.94, 50, 49, 99, 11402, Not Active, Not Active, Not Active
2026/07/17 10:47:59.124, 1192, 877, 36.94, 50, 49, 99, 11402, Not Active, Not Active, Not Active
2026/07/17 10:47:59.177, 1192, 877, 36.94, 50, 49, 99, 11402, Not Active, Not Active, Not Active
2026/07/17 10:47:59.230, 1192, 877, 36.94, 50, 49, 99, 11402, Not Active, Not Active, Not Active
2026/07/17 10:47:59.282, 1192, 877, 36.94, 50, 49, 99, 11402, Not Active, Not Active, Not Active
2026/07/17 10:47:59.335, 1192, 877, 36.94, 50, 49, 99, 11402, Not Active, Not Active, Not Active
2026/07/17 10:47:59.387, 1192, 877, 36.94, 50, 49, 99, 11402, Not Active, Not Active, Not Active
2026/07/17 10:47:59.440, 1192, 877, 36.94, 50, 49, 99, 11402, Not Active, Not Active, Not Active
2026/07/17 10:47:59.493, 1192, 877, 36.94, 50, 49, 99, 11402, Not Active, Not Active, Not Active
2026/07/17 10:47:59.546, 1192, 877, 36.94, 50, 49, 99, 11402, Not Active, Not Active, Not Active
2026/07/17 10:47:59.598, 1192, 877, 36.94, 50, 49, 99, 11402, Not Active, Not Active, Not Active
2026/07/17 10:47:59.651, 1192, 877, 36.94, 50, 49, 99, 11402, Not Active, Not Active, Not Active
2026/07/17 10:47:59.703, 1192, 877, 36.94, 50, 49, 99, 11402, Not Active, Not Active, Not Active
2026/07/17 10:47:59.756, 1192, 877, 36.46, 50, 49, 99, 11402, Not Active, Not Active, Not Active
2026/07/17 10:47:59.808, 1192, 877, 36.94, 50, 49, 99, 11402, Not Active, Not Active, Not Active
2026/07/17 10:47:59.861, 1192, 877, 36.94, 50, 49, 99, 11402, Not Active, Not Active, Not Active
2026/07/17 10:47:59.914, 1192, 877, 36.94, 50, 49, 99, 11402, Not Active, Not Active, Not Active
2026/07/17 10:47:59.967, 1192, 877, 36.94, 50, 49, 99, 11402, Not Active, Not Active, Not Active
2026/07/17 10:48:00.019, 1192, 877, 36.94, 50, 49, 99, 11402, Not Active, Not Active, Not Active
2026/07/17 10:48:00.072, 1192, 877, 36.94, 50, 49, 99, 11402, Not Active, Not Active, Not Active
2026/07/17 10:48:00.124, 1192, 877, 36.94, 50, 49, 99, 11402, Not Active, Not Active, Not Active
2026/07/17 10:48:00.177, 1192, 877, 36.94, 50, 49, 99, 11402, Not Active, Not Active, Not Active
2026/07/17 10:48:00.229, 1192, 877, 36.94, 50, 49, 99, 11402, Not Active, Not Active, Not Active
2026/07/17 10:48:00.282, 1192, 877, 36.94, 50, 49, 99, 11402, Not Active, Not Active, Not Active
2026/07/17 10:48:00.336, 1192, 877, 36.94, 50, 49, 99, 11402, Not Active, Not Active, Not Active
2026/07/17 10:48:00.388, 1192, 877, 36.94, 50, 49, 99, 11402, Not Active, Not Active, Not Active
2026/07/17 10:48:00.441, 1192, 877, 36.94, 50, 49, 99, 11402, Not Active, Not Active, Not Active
2026/07/17 10:48:00.493, 1192, 877, 36.94, 50, 49, 99, 11402, Not Active, Not Active, Not Active
2026/07/17 10:48:00.546, 1192, 877, 36.94, 50, 49, 99, 11402, Not Active, Not Active, Not Active
2026/07/17 10:48:00.598, 1192, 877, 36.94, 50, 49, 99, 11402, Not Active, Not Active, Not Active
2026/07/17 10:48:00.650, 1192, 877, 36.94, 50, 49, 99, 11402, Not Active, Not Active, Not Active
2026/07/17 10:48:00.703, 1192, 877, 36.46, 50, 49, 99, 11402, Not Active, Not Active, Not Active
2026/07/17 10:48:00.757, 1192, 877, 36.94, 50, 49, 99, 11402, Not Active, Not Active, Not Active
2026/07/17 10:48:00.810, 1192, 877, 36.94, 50, 49, 99, 11402, Not Active, Not Active, Not Active
2026/07/17 10:48:00.862, 1192, 877, 36.46, 50, 49, 99, 11402, Not Active, Not Active, Not Active
2026/07/17 10:48:00.915, 1192, 877, 36.94, 50, 49, 99, 11402, Not Active, Not Active, Not Active
2026/07/17 10:48:00.968, 1192, 877, 36.94, 50, 49, 99, 11402, Not Active, Not Active, Not Active
2026/07/17 10:48:01.020, 1192, 877, 36.94, 50, 49, 99, 11402, Not Active, Not Active, Not Active
2026/07/17 10:48:01.073, 1192, 877, 36.94, 50, 49, 99, 11402, Not Active, Not Active, Not Active
2026/07/17 10:48:01.125, 1192, 877, 36.94, 50, 49, 99, 11402, Not Active, Not Active, Not Active
2026/07/17 10:48:01.180, 1192, 877, 36.94, 50, 49, 99, 11402, Not Active, Not Active, Not Active
2026/07/17 10:48:01.232, 1192, 877, 36.94, 50, 49, 99, 11402, Not Active, Not Active, Not Active
2026/07/17 10:48:01.284, 1192, 877, 36.94, 50, 49, 99, 11402, Not Active, Not Active, Not Active
2026/07/17 10:48:01.337, 1192, 877, 36.46, 50, 49, 99, 11402, Not Active, Not Active, Not Active
2026/07/17 10:48:01.390, 1192, 877, 36.94, 50, 49, 99, 11402, Not Active, Not Active, Not Active
2026/07/17 10:48:01.442, 1192, 877, 36.94, 50, 49, 99, 11402, Not Active, Not Active, Not Active
2026/07/17 10:48:01.495, 1192, 877, 36.94, 50, 49, 99, 11402, Not Active, Not Active, Not Active
2026/07/17 10:48:01.547, 1192, 877, 36.94, 50, 49, 99, 11402, Not Active, Not Active, Not Active
2026/07/17 10:48:01.600, 1192, 877, 36.46, 50, 49, 99, 11402, Not Active, Not Active, Not Active
2026/07/17 10:48:01.653, 1192, 877, 36.46, 50, 49, 99, 11402, Not Active, Not Active, Not Active
2026/07/17 10:48:01.705, 1192, 877, 35.97, 50, 49, 99, 11402, Not Active, Not Active, Not Active
2026/07/17 10:48:01.757, 1192, 877, 47.08, 50, 49, 99, 14224, Not Active, Not Active, Not Active
2026/07/17 10:48:01.809, 1192, 877, 130.07, 51, 50, 99, 14342, Not Active, Not Active, Not Active
2026/07/17 10:48:01.861, 1192, 877, 188.99, 52, 52, 48, 14342, Not Active, Not Active, Not Active
2026/07/17 10:48:01.913, 1192, 877, 184.19, 53, 53, 48, 14342, Not Active, Not Active, Not Active
2026/07/17 10:48:01.965, 1192, 877, 182.99, 54, 54, 48, 14342, Not Active, Not Active, Not Active
2026/07/17 10:48:02.016, 1192, 877, 188.51, 54, 54, 100, 14342, Not Active, Not Active, Not Active
2026/07/17 10:48:02.068, 1192, 877, 191.38, 55, 54, 100, 14342, Not Active, Not Active, Not Active
2026/07/17 10:48:02.120, 1192, 877, 178.80, 55, 55, 100, 14342, Not Active, Not Active, Not Active
2026/07/17 10:48:02.172, 1192, 877, 189.69, 55, 55, 100, 14342, Not Active, Not Active, Not Active
2026/07/17 10:48:02.228, 1192, 877, 192.47, 55, 55, 100, 14342, Not Active, Not Active, Not Active
2026/07/17 10:48:02.279, 1192, 877, 182.63, 55, 55, 100, 14342, Not Active, Not Active, Not Active
2026/07/17 10:48:02.331, 1192, 877, 193.78, 56, 55, 100, 14342, Not Active, Not Active, Not Active
2026/07/17 10:48:02.383, 1192, 877, 186.59, 56, 55, 100, 14342, Not Active, Not Active, Not Active
2026/07/17 10:48:02.435, 1192, 877, 181.68, 56, 56, 100, 14342, Not Active, Not Active, Not Active
2026/07/17 10:48:02.492, 1192, 877, 195.09, 56, 56, 100, 14342, Not Active, Not Active, Not Active
2026/07/17 10:48:02.544, 1192, 877, 189.95, 56, 56, 100, 14342, Not Active, Not Active, Not Active
2026/07/17 10:48:02.596, 1192, 877, 185.03, 56, 56, 100, 14342, Not Active, Not Active, Not Active
2026/07/17 10:48:02.648, 1192, 877, 185.51, 56, 56, 100, 14342, Not Active, Not Active, Not Active
2026/07/17 10:48:02.699, 1192, 877, 188.38, 56, 56, 100, 14342, Not Active, Not Active, Not Active
2026/07/17 10:48:02.753, 1192, 877, 186.11, 56, 56, 100, 14342, Not Active, Not Active, Not Active
2026/07/17 10:48:02.805, 1192, 877, 183.47, 57, 56, 100, 14342, Not Active, Not Active, Not Active
2026/07/17 10:48:02.857, 1192, 877, 188.38, 57, 56, 100, 14342, Not Active, Not Active, Not Active
2026/07/17 10:48:02.909, 1192, 877, 185.99, 57, 56, 100, 14342, Not Active, Not Active, Not Active
2026/07/17 10:48:02.961, 1192, 877, 188.26, 57, 56, 100, 14342, Not Active, Not Active, Not Active
2026/07/17 10:48:03.015, 1192, 877, 192.82, 57, 57, 100, 14342, Not Active, Not Active, Not Active
2026/07/17 10:48:03.067, 1192, 877, 186.34, 57, 56, 100, 14342, Not Active, Not Active, Not Active
2026/07/17 10:48:03.119, 1192, 877, 188.03, 57, 56, 100, 14342, Not Active, Not Active, Not Active
2026/07/17 10:48:03.171, 1192, 877, 185.03, 57, 57, 100, 14342, Not Active, Not Active, Not Active
2026/07/17 10:48:03.222, 1192, 877, 182.63, 57, 57, 100, 14342, Not Active, Not Active, Not Active
2026/07/17 10:48:03.295, 1192, 877, 186.95, 57, 57, 100, 14342, Not Active, Not Active, Not Active
2026/07/17 10:48:03.347, 1192, 877, 187.90, 57, 57, 100, 14342, Not Active, Not Active, Not Active
2026/07/17 10:48:03.398, 1192, 877, 184.19, 57, 57, 100, 14342, Not Active, Not Active, Not Active
2026/07/17 10:48:03.450, 1192, 877, 186.34, 57, 57, 100, 14342, Not Active, Not Active, Not Active
2026/07/17 10:48:03.508, 1192, 877, 187.42, 57, 57, 100, 14342, Not Active, Not Active, Not Active
2026/07/17 10:48:03.560, 1192, 877, 183.59, 57, 57, 100, 14342, Not Active, Not Active, Not Active
2026/07/17 10:48:03.612, 1192, 877, 182.40, 57, 57, 100, 14342, Not Active, Not Active, Not Active
2026/07/17 10:48:03.664, 1192, 877, 188.74, 57, 57, 100, 14342, Not Active, Not Active, Not Active
2026/07/17 10:48:03.716, 1192, 877, 179.04, 57, 57, 100, 14342, Not Active, Not Active, Not Active
2026/07/17 10:48:03.769, 1192, 877, 182.15, 58, 57, 100, 14342, Not Active, Not Active, Not Active
2026/07/17 10:48:03.821, 1192, 877, 187.07, 58, 57, 100, 14342, Not Active, Not Active, Not Active
2026/07/17 10:48:03.872, 1192, 877, 191.99, 58, 57, 100, 14342, Not Active, Not Active, Not Active
2026/07/17 10:48:03.924, 1192, 877, 181.44, 58, 58, 100, 14342, Not Active, Not Active, Not Active
2026/07/17 10:48:03.976, 1192, 877, 178.68, 58, 57, 100, 14342, Not Active, Not Active, Not Active
2026/07/17 10:48:04.028, 1192, 877, 181.20, 58, 58, 100, 14342, Not Active, Not Active, Not Active
2026/07/17 10:48:04.080, 1192, 877, 174.49, 58, 58, 100, 14342, Not Active, Not Active, Not Active
2026/07/17 10:48:04.132, 1192, 877, 178.08, 58, 58, 100, 14342, Not Active, Not Active, Not Active
2026/07/17 10:48:04.184, 1192, 877, 185.51, 58, 57, 98, 14342, Not Active, Not Active, Not Active
2026/07/17 10:48:04.236, 1192, 877, 184.07, 58, 58, 98, 14342, Not Active, Not Active, Not Active
2026/07/17 10:48:04.288, 1192, 877, 176.04, 58, 58, 98, 14342, Not Active, Not Active, Not Active
2026/07/17 10:48:04.340, 1192, 877, 125.82, 58, 58, 98, 14342, Not Active, Not Active, Not Active
2026/07/17 10:48:04.395, 1192, 877, 186.59, 58, 58, 93, 14342, Not Active, Not Active, Not Active
2026/07/17 10:48:04.446, 1192, 877, 191.13, 58, 58, 93, 14342, Not Active, Not Active, Not Active
2026/07/17 10:48:04.499, 1192, 877, 194.74, 58, 58, 93, 14342, Not Active, Not Active, Not Active
2026/07/17 10:48:04.550, 1192, 877, 186.47, 58, 58, 100, 14342, Not Active, Not Active, Not Active
2026/07/17 10:48:04.602, 1192, 877, 185.99, 59, 58, 100, 14342, Not Active, Not Active, Not Active
2026/07/17 10:48:04.713, 1192, 877, 184.67, 58, 58, 100, 14342, Not Active, Not Active, Not Active
2026/07/17 10:48:04.765, 1192, 877, 183.71, 58, 58, 100, 14342, Not Active, Not Active, Not Active
2026/07/17 10:48:04.817, 1192, 877, 185.86, 58, 58, 100, 14342, Not Active, Not Active, Not Active
2026/07/17 10:48:04.871, 1192, 877, 173.76, 59, 58, 100, 14342, Not Active, Not Active, Not Active
2026/07/17 10:48:04.923, 1192, 877, 185.51, 59, 58, 100, 14342, Not Active, Not Active, Not Active
2026/07/17 10:48:04.974, 1192, 877, 183.11, 59, 58, 100, 14342, Not Active, Not Active, Not Active
2026/07/17 10:48:05.026, 1192, 877, 180.60, 58, 58, 100, 14342, Not Active, Not Active, Not Active
2026/07/17 10:48:05.078, 1192, 877, 171.73, 59, 58, 100, 14342, Not Active, Not Active, Not Active
2026/07/17 10:48:05.130, 1192, 877, 181.55, 59, 58, 100, 14342, Not Active, Not Active, Not Active
2026/07/17 10:48:05.182, 1192, 877, 180.84, 59, 59, 100, 14342, Not Active, Not Active, Not Active
2026/07/17 10:48:05.241, 1192, 877, 170.41, 59, 58, 100, 14342, Not Active, Not Active, Not Active
2026/07/17 10:48:05.293, 1192, 877, 185.52, 59, 59, 100, 14342, Not Active, Not Active, Not Active
2026/07/17 10:48:05.345, 1192, 877, 184.80, 59, 58, 100, 14342, Not Active, Not Active, Not Active
2026/07/17 10:48:05.396, 1192, 877, 190.90, 59, 59, 100, 14342, Not Active, Not Active, Not Active
2026/07/17 10:48:05.448, 1192, 877, 175.20, 59, 59, 100, 14342, Not Active, Not Active, Not Active
2026/07/17 10:48:05.500, 1192, 877, 174.49, 59, 59, 100, 14342, Not Active, Not Active, Not Active
2026/07/17 10:48:05.552, 1192, 877, 179.28, 59, 59, 100, 14342, Not Active, Not Active, Not Active
2026/07/17 10:48:05.604, 1192, 877, 188.03, 59, 59, 100, 14342, Not Active, Not Active, Not Active
2026/07/17 10:48:05.656, 1192, 877, 175.57, 59, 59, 100, 14342, Not Active, Not Active, Not Active
2026/07/17 10:48:05.710, 1192, 877, 178.80, 59, 59, 100, 14342, Not Active, Not Active, Not Active
2026/07/17 10:48:05.762, 1192, 877, 186.71, 59, 59, 100, 14342, Not Active, Not Active, Not Active
2026/07/17 10:48:05.813, 1192, 877, 183.95, 59, 59, 100, 14342, Not Active, Not Active, Not Active
2026/07/17 10:48:05.865, 1192, 877, 169.33, 59, 59, 100, 14342, Not Active, Not Active, Not Active
2026/07/17 10:48:05.917, 1192, 877, 182.40, 59, 59, 100, 14342, Not Active, Not Active, Not Active
2026/07/17 10:48:05.968, 1192, 877, 177.37, 59, 59, 100, 14342, Not Active, Not Active, Not Active
2026/07/17 10:48:06.020, 1192, 877, 190.90, 59, 59, 100, 14342, Not Active, Not Active, Not Active
2026/07/17 10:48:06.072, 1192, 877, 166.46, 59, 60, 100, 14342, Not Active, Not Active, Not Active
2026/07/17 10:48:06.124, 1192, 877, 182.16, 60, 59, 100, 14342, Not Active, Not Active, Not Active
2026/07/17 10:48:06.175, 1192, 877, 177.37, 59, 59, 100, 14342, Not Active, Not Active, Not Active
2026/07/17 10:48:06.227, 1192, 877, 187.20, 60, 59, 100, 14342, Not Active, Not Active, Not Active
2026/07/17 10:48:06.280, 1192, 877, 172.80, 60, 59, 100, 14342, Not Active, Not Active, Not Active
2026/07/17 10:48:06.331, 1192, 877, 141.04, 60, 60, 100, 14342, Not Active, Not Active, Not Active
2026/07/17 10:48:06.384, 1192, 877, 183.24, 60, 59, 100, 14342, Not Active, Not Active, Not Active
2026/07/17 10:48:06.436, 1192, 877, 185.63, 60, 60, 100, 14342, Not Active, Not Active, Not Active
2026/07/17 10:48:06.489, 1192, 877, 180.36, 60, 59, 100, 14342, Not Active, Not Active, Not Active
2026/07/17 10:48:06.541, 1192, 877, 181.80, 60, 60, 100, 14342, Not Active, Not Active, Not Active
2026/07/17 10:48:06.592, 1192, 877, 186.71, 60, 60, 100, 14342, Not Active, Not Active, Not Active
2026/07/17 10:48:06.644, 1192, 877, 189.95, 60, 59, 100, 14342, Not Active, Not Active, Not Active
2026/07/17 10:48:06.696, 1192, 877, 192.34, 60, 60, 100, 14342, Not Active, Not Active, Not Active
2026/07/17 10:48:06.748, 1192, 877, 173.28, 60, 60, 100, 14342, Not Active, Not Active, Not Active
2026/07/17 10:48:06.799, 1192, 877, 182.15, 60, 60, 100, 14342, Not Active, Not Active, Not Active
2026/07/17 10:48:06.851, 1192, 877, 183.59, 60, 60, 100, 14342, Not Active, Not Active, Not Active
2026/07/17 10:48:06.903, 1192, 877, 182.51, 60, 60, 100, 14342, Not Active, Not Active, Not Active
2026/07/17 10:48:06.955, 1192, 877, 171.85, 60, 60, 100, 14342, Not Active, Not Active, Not Active
2026/07/17 10:48:07.007, 1192, 877, 135.36, 60, 60, 100, 14342, Not Active, Not Active, Not Active
2026/07/17 10:48:07.060, 1192, 877, 179.76, 60, 60, 100, 14342, Not Active, Not Active, Not Active
2026/07/17 10:48:07.112, 1192, 877, 190.55, 60, 60, 100, 14342, Not Active, Not Active, Not Active
2026/07/17 10:48:07.165, 1192, 877, 184.30, 60, 60, 100, 14342, Not Active, Not Active, Not Active
2026/07/17 10:48:07.216, 1192, 877, 169.45, 60, 60, 100, 14342, Not Active, Not Active, Not Active
2026/07/17 10:48:07.268, 1192, 877, 180.48, 60, 60, 100, 14342, Not Active, Not Active, Not Active
2026/07/17 10:48:07.320, 1192, 877, 182.28, 60, 60, 100, 14342, Not Active, Not Active, Not Active
2026/07/17 10:48:07.371, 1192, 877, 189.34, 60, 60, 100, 14342, Not Active, Not Active, Not Active
2026/07/17 10:48:07.423, 1192, 877, 171.48, 60, 60, 100, 14342, Not Active, Not Active, Not Active
2026/07/17 10:48:07.475, 1192, 877, 178.56, 60, 60, 100, 14342, Not Active, Not Active, Not Active
2026/07/17 10:48:07.527, 1192, 877, 184.19, 61, 60, 100, 14342, Not Active, Not Active, Not Active
2026/07/17 10:48:07.578, 1192, 877, 187.42, 61, 60, 100, 14342, Not Active, Not Active, Not Active
2026/07/17 10:48:07.630, 1192, 877, 193.30, 61, 60, 100, 14342, Not Active, Not Active, Not Active
2026/07/17 10:48:07.682, 1192, 877, 173.88, 61, 61, 100, 14342, Not Active, Not Active, Not Active
2026/07/17 10:48:07.734, 1192, 877, 177.96, 61, 60, 100, 14342, Not Active, Not Active, Not Active
2026/07/17 10:48:07.786, 1192, 877, 182.04, 61, 60, 100, 14342, Not Active, Not Active, Not Active
2026/07/17 10:48:07.841, 1192, 877, 185.28, 61, 61, 100, 14342, Not Active, Not Active, Not Active
2026/07/17 10:48:07.893, 1192, 877, 180.84, 61, 61, 100, 14342, Not Active, Not Active, Not Active
2026/07/17 10:48:07.945, 1192, 877, 178.56, 61, 60, 100, 14342, Not Active, Not Active, Not Active
2026/07/17 10:48:07.996, 1192, 877, 177.48, 61, 61, 100, 14342, Not Active, Not Active, Not Active
2026/07/17 10:48:08.048, 1192, 877, 184.07, 61, 61, 100, 14342, Not Active, Not Active, Not Active
2026/07/17 10:48:08.100, 1192, 877, 183.59, 61, 61, 100, 14342, Not Active, Not Active, Not Active
2026/07/17 10:48:08.152, 1192, 877, 162.84, 61, 61, 100, 14342, Not Active, Not Active, Not Active
2026/07/17 10:48:08.208, 1192, 877, 184.08, 61, 61, 100, 14342, Not Active, Not Active, Not Active
2026/07/17 10:48:08.259, 1192, 877, 188.15, 61, 61, 100, 14342, Not Active, Not Active, Not Active
2026/07/17 10:48:08.314, 1192, 877, 188.74, 61, 61, 100, 14342, Not Active, Not Active, Not Active
2026/07/17 10:48:08.366, 1192, 877, 167.16, 61, 61, 100, 14342, Not Active, Not Active, Not Active
2026/07/17 10:48:08.418, 1192, 877, 173.88, 61, 61, 100, 14342, Not Active, Not Active, Not Active
2026/07/17 10:48:08.470, 1192, 877, 182.88, 61, 61, 100, 14342, Not Active, Not Active, Not Active
2026/07/17 10:48:08.521, 1192, 877, 184.55, 61, 61, 100, 14342, Not Active, Not Active, Not Active
2026/07/17 10:48:08.577, 1192, 877, 192.21, 61, 61, 100, 14342, Not Active, Not Active, Not Active
2026/07/17 10:48:08.629, 1192, 877, 170.52, 61, 61, 100, 14342, Not Active, Not Active, Not Active
2026/07/17 10:48:08.681, 1192, 877, 173.42, 61, 61, 100, 14342, Not Active, Not Active, Not Active
2026/07/17 10:48:08.733, 1192, 877, 184.91, 61, 61, 100, 14342, Not Active, Not Active, Not Active
2026/07/17 10:48:08.785, 1192, 877, 189.34, 61, 61, 100, 14342, Not Active, Not Active, Not Active
2026/07/17 10:48:08.836, 1192, 877, 186.95, 62, 61, 100, 14342, Not Active, Not Active, Not Active
2026/07/17 10:48:08.888, 1192, 877, 170.52, 62, 61, 100, 14342, Not Active, Not Active, Not Active
2026/07/17 10:48:08.942, 1192, 877, 181.44, 62, 61, 100, 14342, Not Active, Not Active, Not Active
2026/07/17 10:48:08.993, 1192, 877, 182.99, 62, 61, 100, 14342, Not Active, Not Active, Not Active
2026/07/17 10:48:09.045, 1192, 877, 186.95, 62, 61, 100, 14342, Not Active, Not Active, Not Active
2026/07/17 10:48:09.097, 1192, 877, 184.19, 62, 61, 100, 14342, Not Active, Not Active, Not Active
2026/07/17 10:48:09.149, 1192, 877, 162.84, 62, 61, 100, 14342, Not Active, Not Active, Not Active
2026/07/17 10:48:09.203, 1192, 877, 181.32, 62, 62, 100, 14342, Not Active, Not Active, Not Active
2026/07/17 10:48:09.255, 1192, 877, 182.51, 62, 61, 100, 14342, Not Active, Not Active, Not Active
2026/07/17 10:48:09.307, 1192, 877, 183.47, 62, 61, 100, 14342, Not Active, Not Active, Not Active
2026/07/17 10:48:09.358, 1192, 877, 185.38, 62, 61, 100, 14342, Not Active, Not Active, Not Active
2026/07/17 10:48:09.410, 1192, 877, 163.69, 62, 61, 100, 14342, Not Active, Not Active, Not Active
2026/07/17 10:48:09.464, 1192, 877, 174.49, 62, 62, 100, 14342, Not Active, Not Active, Not Active
2026/07/17 10:48:09.516, 1192, 877, 183.35, 62, 61, 100, 14342, Not Active, Not Active, Not Active
2026/07/17 10:48:09.568, 1192, 877, 187.90, 62, 62, 100, 14342, Not Active, Not Active, Not Active
2026/07/17 10:48:09.623, 1192, 877, 196.53, 62, 62, 100, 14342, Not Active, Not Active, Not Active
2026/07/17 10:48:09.675, 1192, 877, 171.00, 62, 62, 100, 14342, Not Active, Not Active, Not Active
2026/07/17 10:48:09.727, 1192, 877, 180.72, 62, 62, 100, 14342, Not Active, Not Active, Not Active
2026/07/17 10:48:09.779, 1192, 877, 148.34, 62, 62, 100, 14342, Not Active, Not Active, Not Active
2026/07/17 10:48:09.830, 1192, 877, 185.26, 62, 61, 100, 14342, Not Active, Not Active, Not Active
2026/07/17 10:48:09.882, 1192, 877, 191.74, 62, 62, 100, 14342, Not Active, Not Active, Not Active
2026/07/17 10:48:09.934, 1192, 877, 186.24, 62, 62, 100, 14342, Not Active, Not Active, Not Active
2026/07/17 10:48:09.990, 1192, 877, 172.21, 62, 62, 100, 14342, Not Active, Not Active, Not Active
2026/07/17 10:48:10.042, 1192, 877, 180.00, 62, 62, 100, 14342, Not Active, Not Active, Not Active
2026/07/17 10:48:10.093, 1192, 877, 185.28, 62, 62, 100, 14342, Not Active, Not Active, Not Active
2026/07/17 10:48:10.145, 1192, 877, 190.78, 62, 62, 100, 14342, Not Active, Not Active, Not Active
2026/07/17 10:48:10.197, 1192, 877, 189.69, 62, 62, 100, 14342, Not Active, Not Active, Not Active
2026/07/17 10:48:10.249, 1192, 877, 159.48, 62, 62, 100, 14342, Not Active, Not Active, Not Active
2026/07/17 10:48:10.301, 1192, 877, 177.84, 62, 62, 100, 14342, Not Active, Not Active, Not Active
2026/07/17 10:48:10.355, 1192, 877, 185.28, 62, 62, 100, 14342, Not Active, Not Active, Not Active
2026/07/17 10:48:10.407, 1192, 877, 187.30, 62, 62, 100, 14342, Not Active, Not Active, Not Active
2026/07/17 10:48:10.458, 1192, 877, 185.99, 62, 62, 100, 14342, Not Active, Not Active, Not Active
2026/07/17 10:48:10.510, 1192, 877, 181.80, 62, 62, 100, 14342, Not Active, Not Active, Not Active
2026/07/17 10:48:10.562, 1192, 877, 159.11, 62, 62, 100, 14342, Not Active, Not Active, Not Active
2026/07/17 10:48:10.615, 1192, 877, 174.24, 63, 62, 100, 14342, Not Active, Not Active, Not Active
2026/07/17 10:48:10.667, 1192, 877, 188.63, 62, 62, 100, 14342, Not Active, Not Active, Not Active
2026/07/17 10:48:10.719, 1192, 877, 186.95, 63, 62, 100, 14342, Not Active, Not Active, Not Active
2026/07/17 10:48:10.770, 1192, 877, 188.03, 63, 62, 100, 14342, Not Active, Not Active, Not Active
2026/07/17 10:48:10.822, 1192, 877, 171.48, 63, 62, 100, 14342, Not Active, Not Active, Not Active
2026/07/17 10:48:10.877, 1192, 877, 173.65, 63, 62, 100, 14342, Not Active, Not Active, Not Active
2026/07/17 10:48:10.929, 1192, 877, 176.28, 63, 62, 100, 14342, Not Active, Not Active, Not Active
2026/07/17 10:48:10.981, 1192, 877, 176.77, 63, 62, 100, 14342, Not Active, Not Active, Not Active
2026/07/17 10:48:11.033, 1192, 877, 185.99, 63, 62, 100, 14342, Not Active, Not Active, Not Active
2026/07/17 10:48:11.085, 1192, 877, 190.65, 63, 62, 100, 14342, Not Active, Not Active, Not Active
2026/07/17 10:48:11.138, 1192, 877, 158.25, 63, 63, 100, 14342, Not Active, Not Active, Not Active
2026/07/17 10:48:11.190, 1192, 877, 151.90, 63, 63, 100, 14342, Not Active, Not Active, Not Active
2026/07/17 10:48:11.242, 1192, 877, 176.40, 63, 62, 100, 14342, Not Active, Not Active, Not Active
2026/07/17 10:48:11.295, 1192, 877, 183.36, 63, 62, 100, 14342, Not Active, Not Active, Not Active
2026/07/17 10:48:11.346, 1192, 877, 184.07, 63, 62, 100, 14342, Not Active, Not Active, Not Active
2026/07/17 10:48:11.399, 1192, 877, 187.20, 63, 63, 100, 14342, Not Active, Not Active, Not Active
2026/07/17 10:48:11.451, 1192, 877, 183.48, 63, 63, 100, 14342, Not Active, Not Active, Not Active
2026/07/17 10:48:11.502, 1192, 877, 166.31, 63, 63, 100, 14342, Not Active, Not Active, Not Active
2026/07/17 10:48:11.555, 1192, 877, 175.09, 63, 63, 100, 14342, Not Active, Not Active, Not Active
2026/07/17 10:48:11.606, 1192, 877, 183.36, 63, 63, 100, 14342, Not Active, Not Active, Not Active
2026/07/17 10:48:11.659, 1192, 877, 186.47, 63, 63, 100, 14342, Not Active, Not Active, Not Active
2026/07/17 10:48:11.711, 1192, 877, 186.47, 63, 63, 100, 14342, Not Active, Not Active, Not Active
2026/07/17 10:48:11.763, 1192, 877, 177.00, 63, 63, 100, 14342, Not Active, Not Active, Not Active
2026/07/17 10:48:11.815, 1192, 877, 159.00, 63, 63, 100, 14342, Not Active, Not Active, Not Active
2026/07/17 10:48:11.867, 1192, 877, 173.88, 63, 63, 100, 14342, Not Active, Not Active, Not Active
2026/07/17 10:48:11.920, 1192, 877, 146.04, 63, 63, 100, 14342, Not Active, Not Active, Not Active
2026/07/17 10:48:11.972, 1192, 877, 181.56, 63, 63, 100, 14342, Not Active, Not Active, Not Active
2026/07/17 10:48:12.023, 1192, 877, 184.55, 63, 63, 100, 14342, Not Active, Not Active, Not Active
2026/07/17 10:48:12.075, 1192, 877, 189.69, 63, 63, 100, 14342, Not Active, Not Active, Not Active
2026/07/17 10:48:12.127, 1192, 877, 175.32, 63, 63, 100, 14342, Not Active, Not Active, Not Active
2026/07/17 10:48:12.183, 1192, 877, 168.97, 63, 63, 100, 14342, Not Active, Not Active, Not Active
2026/07/17 10:48:12.234, 1192, 877, 174.00, 64, 63, 100, 14342, Not Active, Not Active, Not Active
2026/07/17 10:48:12.286, 1192, 877, 184.43, 63, 63, 100, 14342, Not Active, Not Active, Not Active
2026/07/17 10:48:12.338, 1192, 877, 159.59, 64, 63, 100, 14342, Not Active, Not Active, Not Active
2026/07/17 10:48:12.412, 1192, 877, 175.92, 64, 63, 100, 14342, Not Active, Not Active, Not Active
2026/07/17 10:48:12.465, 1192, 877, 179.04, 64, 63, 100, 14342, Not Active, Not Active, Not Active
2026/07/17 10:48:12.517, 1192, 877, 180.84, 64, 63, 100, 14342, Not Active, Not Active, Not Active
2026/07/17 10:48:12.568, 1192, 877, 189.59, 64, 63, 100, 14342, Not Active, Not Active, Not Active
2026/07/17 10:48:12.620, 1192, 877, 186.34, 64, 63, 100, 14342, Not Active, Not Active, Not Active
2026/07/17 10:48:12.672, 1192, 877, 182.28, 63, 63, 100, 14342, Not Active, Not Active, Not Active
2026/07/17 10:48:12.727, 1192, 877, 154.68, 64, 63, 100, 14342, Not Active, Not Active, Not Active
2026/07/17 10:48:12.779, 1192, 877, 168.23, 64, 64, 100, 14342, Not Active, Not Active, Not Active
2026/07/17 10:48:12.831, 1192, 877, 186.24, 64, 64, 100, 14342, Not Active, Not Active, Not Active
2026/07/17 10:48:12.887, 1192, 877, 180.84, 64, 63, 100, 14342, Not Active, Not Active, Not Active
2026/07/17 10:48:12.938, 1192, 877, 187.07, 64, 63, 100, 14342, Not Active, Not Active, Not Active
2026/07/17 10:48:12.990, 1192, 877, 191.51, 64, 63, 100, 14342, Not Active, Not Active, Not Active
2026/07/17 10:48:13.042, 1192, 877, 173.40, 64, 63, 100, 14342, Not Active, Not Active, Not Active
2026/07/17 10:48:13.094, 1192, 877, 161.40, 64, 64, 100, 14342, Not Active, Not Active, Not Active
2026/07/17 10:48:13.146, 1192, 877, 175.45, 64, 64, 100, 14342, Not Active, Not Active, Not Active
2026/07/17 10:48:13.198, 1192, 877, 182.63, 64, 63, 100, 14342, Not Active, Not Active, Not Active
2026/07/17 10:48:13.250, 1192, 877, 185.88, 64, 63, 100, 14342, Not Active, Not Active, Not Active
2026/07/17 10:48:13.301, 1192, 877, 187.55, 64, 64, 100, 14342, Not Active, Not Active, Not Active
2026/07/17 10:48:13.353, 1192, 877, 187.20, 64, 64, 100, 14342, Not Active, Not Active, Not Active
2026/07/17 10:48:13.409, 1192, 877, 180.48, 64, 64, 100, 14342, Not Active, Not Active, Not Active
2026/07/17 10:48:13.461, 1192, 877, 154.41, 64, 64, 100, 14342, Not Active, Not Active, Not Active
2026/07/17 10:48:13.513, 1192, 877, 167.16, 64, 64, 100, 14342, Not Active, Not Active, Not Active
2026/07/17 10:48:13.565, 1192, 877, 173.88, 64, 64, 100, 14342, Not Active, Not Active, Not Active
2026/07/17 10:48:13.616, 1192, 877, 181.20, 64, 63, 100, 14342, Not Active, Not Active, Not Active
2026/07/17 10:48:13.669, 1192, 877, 186.47, 64, 64, 100, 14342, Not Active, Not Active, Not Active
2026/07/17 10:48:13.721, 1192, 877, 191.86, 64, 64, 100, 14342, Not Active, Not Active, Not Active
2026/07/17 10:48:13.773, 1192, 877, 190.55, 64, 64, 100, 14342, Not Active, Not Active, Not Active
2026/07/17 10:48:13.825, 1192, 877, 168.01, 64, 64, 100, 14342, Not Active, Not Active, Not Active
2026/07/17 10:48:13.877, 1192, 877, 161.40, 64, 64, 100, 14342, Not Active, Not Active, Not Active
2026/07/17 10:48:13.929, 1192, 877, 172.10, 64, 64, 100, 14342, Not Active, Not Active, Not Active
2026/07/17 10:48:13.981, 1192, 877, 180.48, 64, 64, 100, 14342, Not Active, Not Active, Not Active
2026/07/17 10:48:14.033, 1192, 877, 178.08, 64, 63, 100, 14342, Not Active, Not Active, Not Active
2026/07/17 10:48:14.084, 1192, 877, 192.69, 64, 64, 100, 14342, Not Active, Not Active, Not Active
2026/07/17 10:48:14.136, 1192, 877, 177.24, 64, 64, 100, 14342, Not Active, Not Active, Not Active
2026/07/17 10:48:14.191, 1192, 877, 189.82, 64, 64, 100, 14342, Not Active, Not Active, Not Active
2026/07/17 10:48:14.243, 1192, 877, 174.24, 64, 64, 100, 14342, Not Active, Not Active, Not Active
2026/07/17 10:48:14.295, 1192, 877, 150.56, 65, 64, 100, 14342, Not Active, Not Active, Not Active
2026/07/17 10:48:14.347, 1192, 877, 170.04, 64, 64, 100, 14342, Not Active, Not Active, Not Active
2026/07/17 10:48:14.399, 1192, 877, 181.92, 64, 64, 100, 14342, Not Active, Not Active, Not Active
2026/07/17 10:48:14.453, 1192, 877, 181.20, 65, 64, 100, 14342, Not Active, Not Active, Not Active
2026/07/17 10:48:14.505, 1192, 877, 181.32, 64, 64, 100, 14342, Not Active, Not Active, Not Active
2026/07/17 10:48:14.557, 1192, 877, 187.20, 65, 64, 100, 14342, Not Active, Not Active, Not Active
2026/07/17 10:48:14.609, 1192, 877, 195.22, 65, 64, 100, 14342, Not Active, Not Active, Not Active
2026/07/17 10:48:14.660, 1192, 877, 167.16, 65, 64, 100, 14342, Not Active, Not Active, Not Active
2026/07/17 10:48:14.714, 1192, 877, 155.64, 65, 64, 100, 14342, Not Active, Not Active, Not Active
2026/07/17 10:48:14.766, 1192, 877, 167.90, 65, 64, 100, 14342, Not Active, Not Active, Not Active
2026/07/17 10:48:14.817, 1192, 877, 178.80, 65, 64, 100, 14342, Not Active, Not Active, Not Active
2026/07/17 10:48:14.869, 1192, 877, 146.04, 65, 64, 100, 14342, Not Active, Not Active, Not Active
2026/07/17 10:48:14.921, 1192, 877, 183.96, 65, 64, 100, 14342, Not Active, Not Active, Not Active
2026/07/17 10:48:14.974, 1192, 877, 183.24, 65, 64, 100, 14342, Not Active, Not Active, Not Active
2026/07/17 10:48:15.026, 1192, 877, 191.86, 65, 64, 100, 14342, Not Active, Not Active, Not Active
2026/07/17 10:48:15.078, 1192, 877, 192.34, 65, 64, 100, 14342, Not Active, Not Active, Not Active
2026/07/17 10:48:15.130, 1192, 877, 179.52, 65, 64, 100, 14342, Not Active, Not Active, Not Active
2026/07/17 10:48:15.181, 1192, 877, 154.99, 65, 65, 100, 14342, Not Active, Not Active, Not Active
2026/07/17 10:48:15.235, 1192, 877, 168.01, 65, 65, 100, 14342, Not Active, Not Active, Not Active
2026/07/17 10:48:15.287, 1192, 877, 163.58, 65, 65, 100, 14342, Not Active, Not Active, Not Active
2026/07/17 10:48:15.338, 1192, 877, 184.67, 65, 64, 100, 14342, Not Active, Not Active, Not Active
2026/07/17 10:48:15.390, 1192, 877, 183.11, 65, 65, 100, 14342, Not Active, Not Active, Not Active
2026/07/17 10:48:15.442, 1192, 877, 185.86, 65, 65, 100, 14342, Not Active, Not Active, Not Active
2026/07/17 10:48:15.497, 1192, 877, 186.95, 65, 65, 100, 14342, Not Active, Not Active, Not Active
2026/07/17 10:48:15.549, 1192, 877, 183.36, 65, 65, 100, 14342, Not Active, Not Active, Not Active
2026/07/17 10:48:15.600, 1192, 877, 157.18, 65, 65, 100, 14342, Not Active, Not Active, Not Active
2026/07/17 10:48:15.653, 1192, 877, 171.96, 65, 65, 100, 14342, Not Active, Not Active, Not Active
2026/07/17 10:48:15.704, 1192, 877, 149.50, 65, 65, 100, 14342, Not Active, Not Active, Not Active
2026/07/17 10:48:15.756, 1192, 877, 163.91, 65, 65, 100, 14342, Not Active, Not Active, Not Active
2026/07/17 10:48:15.808, 1192, 877, 175.80, 65, 65, 100, 14342, Not Active, Not Active, Not Active
2026/07/17 10:48:15.860, 1192, 877, 180.48, 65, 64, 100, 14342, Not Active, Not Active, Not Active
2026/07/17 10:48:15.912, 1192, 877, 181.80, 65, 65, 100, 14342, Not Active, Not Active, Not Active
2026/07/17 10:48:15.963, 1192, 877, 185.51, 65, 65, 100, 14342, Not Active, Not Active, Not Active
2026/07/17 10:48:16.018, 1192, 877, 188.51, 65, 65, 100, 14342, Not Active, Not Active, Not Active
2026/07/17 10:48:16.070, 1192, 877, 195.09, 65, 65, 100, 14342, Not Active, Not Active, Not Active
2026/07/17 10:48:16.122, 1192, 877, 177.60, 65, 65, 100, 14342, Not Active, Not Active, Not Active
2026/07/17 10:48:16.174, 1192, 877, 157.66, 65, 65, 100, 14342, Not Active, Not Active, Not Active
2026/07/17 10:48:16.225, 1192, 877, 161.29, 65, 65, 100, 14342, Not Active, Not Active, Not Active
2026/07/17 10:48:16.278, 1192, 877, 170.29, 66, 65, 100, 14342, Not Active, Not Active, Not Active
2026/07/17 10:48:16.329, 1192, 877, 176.64, 65, 65, 100, 14342, Not Active, Not Active, Not Active
2026/07/17 10:48:16.381, 1192, 877, 127.97, 65, 64, 100, 14342, Not Active, Not Active, Not Active
2026/07/17 10:48:16.433, 1192, 877, 182.40, 65, 65, 100, 14342, Not Active, Not Active, Not Active
2026/07/17 10:48:16.485, 1192, 877, 175.69, 65, 65, 100, 14342, Not Active, Not Active, Not Active
2026/07/17 10:48:16.536, 1192, 877, 186.71, 65, 65, 100, 14342, Not Active, Not Active, Not Active
2026/07/17 10:48:16.588, 1192, 877, 187.42, 66, 65, 100, 14342, Not Active, Not Active, Not Active
2026/07/17 10:48:16.641, 1192, 877, 187.42, 66, 65, 100, 14342, Not Active, Not Active, Not Active
2026/07/17 10:48:16.693, 1192, 877, 190.43, 66, 65, 100, 14342, Not Active, Not Active, Not Active
2026/07/17 10:48:16.745, 1192, 877, 165.72, 66, 65, 100, 14342, Not Active, Not Active, Not Active
2026/07/17 10:48:16.797, 1192, 877, 150.94, 66, 65, 100, 14342, Not Active, Not Active, Not Active
2026/07/17 10:48:16.849, 1192, 877, 159.00, 66, 65, 100, 14342, Not Active, Not Active, Not Active
2026/07/17 10:48:16.901, 1192, 877, 172.32, 66, 65, 100, 14342, Not Active, Not Active, Not Active
2026/07/17 10:48:16.953, 1192, 877, 169.81, 66, 65, 100, 14342, Not Active, Not Active, Not Active
2026/07/17 10:48:17.004, 1192, 877, 183.24, 66, 65, 100, 14342, Not Active, Not Active, Not Active
2026/07/17 10:48:17.056, 1192, 877, 180.00, 66, 65, 100, 14342, Not Active, Not Active, Not Active
2026/07/17 10:48:17.108, 1192, 877, 188.74, 66, 65, 100, 14342, Not Active, Not Active, Not Active
2026/07/17 10:48:17.163, 1192, 877, 177.37, 65, 65, 100, 14342, Not Active, Not Active, Not Active
2026/07/17 10:48:17.215, 1192, 877, 186.70, 66, 65, 100, 14342, Not Active, Not Active, Not Active
2026/07/17 10:48:17.267, 1192, 877, 186.95, 66, 65, 100, 14342, Not Active, Not Active, Not Active
2026/07/17 10:48:17.319, 1192, 877, 178.80, 66, 65, 100, 14342, Not Active, Not Active, Not Active
2026/07/17 10:48:17.371, 1192, 877, 163.21, 66, 66, 100, 14342, Not Active, Not Active, Not Active
2026/07/17 10:48:17.424, 1192, 877, 145.56, 66, 66, 100, 14342, Not Active, Not Active, Not Active
2026/07/17 10:48:17.476, 1192, 877, 158.04, 66, 66, 100, 14342, Not Active, Not Active, Not Active
2026/07/17 10:48:17.527, 1192, 877, 167.05, 66, 65, 100, 14342, Not Active, Not Active, Not Active
2026/07/17 10:48:17.579, 1192, 877, 171.96, 66, 65, 100, 14342, Not Active, Not Active, Not Active
2026/07/17 10:48:17.631, 1192, 877, 180.84, 66, 65, 100, 14342, Not Active, Not Active, Not Active
2026/07/17 10:48:17.685, 1192, 877, 185.15, 66, 65, 100, 14342, Not Active, Not Active, Not Active
2026/07/17 10:48:17.736, 1192, 877, 188.38, 66, 65, 100, 14342, Not Active, Not Active, Not Active
2026/07/17 10:48:17.788, 1192, 877, 181.91, 66, 65, 100, 14342, Not Active, Not Active, Not Active
2026/07/17 10:48:17.840, 1192, 877, 189.34, 66, 65, 100, 14342, Not Active, Not Active, Not Active
2026/07/17 10:48:17.892, 1192, 877, 178.08, 66, 66, 100, 14342, Not Active, Not Active, Not Active
2026/07/17 10:48:17.947, 1192, 877, 189.47, 66, 65, 100, 14342, Not Active, Not Active, Not Active
2026/07/17 10:48:17.998, 1192, 877, 175.32, 66, 66, 100, 14342, Not Active, Not Active, Not Active
2026/07/17 10:48:18.050, 1192, 877, 162.95, 66, 66, 100, 14342, Not Active, Not Active, Not Active
2026/07/17 10:48:18.102, 1192, 877, 143.26, 66, 65, 100, 14342, Not Active, Not Active, Not Active
2026/07/17 10:48:18.154, 1192, 877, 158.15, 66, 66, 100, 14342, Not Active, Not Active, Not Active
2026/07/17 10:48:18.206, 1192, 877, 169.67, 66, 66, 100, 14342, Not Active, Not Active, Not Active
2026/07/17 10:48:18.258, 1192, 877, 164.06, 66, 65, 100, 14342, Not Active, Not Active, Not Active
2026/07/17 10:48:18.309, 1192, 877, 179.52, 66, 65, 100, 14342, Not Active, Not Active, Not Active
2026/07/17 10:48:18.361, 1192, 877, 180.84, 66, 65, 100, 14342, Not Active, Not Active, Not Active
2026/07/17 10:48:18.413, 1192, 877, 186.95, 66, 65, 100, 14342, Not Active, Not Active, Not Active
2026/07/17 10:48:18.468, 1192, 877, 188.51, 66, 66, 100, 14342, Not Active, Not Active, Not Active
2026/07/17 10:48:18.519, 1192, 877, 185.03, 66, 66, 100, 14342, Not Active, Not Active, Not Active
2026/07/17 10:48:18.571, 1192, 877, 188.86, 66, 66, 100, 14342, Not Active, Not Active, Not Active
2026/07/17 10:48:18.623, 1192, 877, 183.24, 66, 66, 100, 14342, Not Active, Not Active, Not Active
2026/07/17 10:48:18.675, 1192, 877, 166.31, 66, 66, 100, 14342, Not Active, Not Active, Not Active
2026/07/17 10:48:18.728, 1192, 877, 181.80, 66, 66, 100, 14342, Not Active, Not Active, Not Active
2026/07/17 10:48:18.780, 1192, 877, 169.93, 66, 66, 100, 14342, Not Active, Not Active, Not Active
2026/07/17 10:48:18.832, 1192, 877, 161.40, 66, 66, 100, 14342, Not Active, Not Active, Not Active
2026/07/17 10:48:18.884, 1192, 877, 142.39, 66, 66, 100, 14342, Not Active, Not Active, Not Active
2026/07/17 10:48:18.936, 1192, 877, 157.08, 66, 66, 100, 14342, Not Active, Not Active, Not Active
2026/07/17 10:48:18.988, 1192, 877, 167.05, 66, 66, 100, 14342, Not Active, Not Active, Not Active
2026/07/17 10:48:19.040, 1192, 877, 168.38, 66, 66, 100, 14342, Not Active, Not Active, Not Active
2026/07/17 10:48:19.091, 1192, 877, 170.18, 67, 65, 100, 14342, Not Active, Not Active, Not Active
2026/07/17 10:48:19.143, 1192, 877, 179.88, 66, 65, 100, 14342, Not Active, Not Active, Not Active
2026/07/17 10:48:19.195, 1192, 877, 185.76, 66, 66, 100, 14342, Not Active, Not Active, Not Active
2026/07/17 10:48:19.251, 1192, 877, 188.99, 67, 66, 100, 14342, Not Active, Not Active, Not Active
2026/07/17 10:48:19.303, 1192, 877, 189.47, 66, 66, 100, 14342, Not Active, Not Active, Not Active
2026/07/17 10:48:19.354, 1192, 877, 192.82, 66, 66, 100, 14342, Not Active, Not Active, Not Active
2026/07/17 10:48:19.406, 1192, 877, 191.86, 67, 66, 100, 14342, Not Active, Not Active, Not Active
2026/07/17 10:48:19.458, 1192, 877, 172.32, 67, 66, 100, 14342, Not Active, Not Active, Not Active
2026/07/17 10:48:19.512, 1192, 877, 188.76, 66, 66, 100, 14342, Not Active, Not Active, Not Active
2026/07/17 10:48:19.566, 1192, 877, 175.32, 67, 66, 100, 14342, Not Active, Not Active, Not Active
2026/07/17 10:48:19.618, 1192, 877, 152.48, 67, 66, 100, 14342, Not Active, Not Active, Not Active
2026/07/17 10:48:19.672, 1192, 877, 143.83, 67, 66, 100, 14342, Not Active, Not Active, Not Active
2026/07/17 10:48:19.724, 1192, 877, 157.18, 67, 66, 100, 14342, Not Active, Not Active, Not Active
2026/07/17 10:48:19.776, 1192, 877, 162.14, 67, 66, 100, 14342, Not Active, Not Active, Not Active
2026/07/17 10:48:19.827, 1192, 877, 171.48, 67, 66, 100, 14342, Not Active, Not Active, Not Active
2026/07/17 10:48:19.879, 1192, 877, 166.57, 67, 66, 100, 14342, Not Active, Not Active, Not Active
2026/07/17 10:48:19.932, 1192, 877, 185.28, 67, 66, 100, 14342, Not Active, Not Active, Not Active
2026/07/17 10:48:19.984, 1192, 877, 181.08, 67, 65, 100, 14342, Not Active, Not Active, Not Active
2026/07/17 10:48:20.036, 1192, 877, 181.68, 67, 66, 100, 14342, Not Active, Not Active, Not Active
2026/07/17 10:48:20.088, 1192, 877, 183.95, 67, 66, 100, 14342, Not Active, Not Active, Not Active
2026/07/17 10:48:20.139, 1192, 877, 185.74, 67, 66, 100, 14342, Not Active, Not Active, Not Active
2026/07/17 10:48:20.196, 1192, 877, 186.47, 67, 66, 100, 14342, Not Active, Not Active, Not Active
2026/07/17 10:48:20.248, 1192, 877, 194.26, 67, 66, 100, 14342, Not Active, Not Active, Not Active
2026/07/17 10:48:20.299, 1192, 877, 187.07, 67, 66, 100, 14342, Not Active, Not Active, Not Active
2026/07/17 10:48:20.355, 1192, 877, 183.59, 67, 67, 100, 14342, Not Active, Not Active, Not Active
2026/07/17 10:48:20.407, 1192, 877, 172.69, 67, 66, 100, 14342, Not Active, Not Active, Not Active
2026/07/17 10:48:20.458, 1192, 877, 163.80, 67, 67, 100, 14342, Not Active, Not Active, Not Active
2026/07/17 10:48:20.510, 1192, 877, 158.15, 67, 67, 100, 14342, Not Active, Not Active, Not Active
2026/07/17 10:48:20.562, 1192, 877, 140.95, 67, 66, 100, 14342, Not Active, Not Active, Not Active
2026/07/17 10:48:20.614, 1192, 877, 153.55, 67, 67, 100, 14342, Not Active, Not Active, Not Active
2026/07/17 10:48:20.666, 1192, 877, 157.18, 67, 67, 100, 14342, Not Active, Not Active, Not Active
2026/07/17 10:48:20.718, 1192, 877, 166.20, 67, 66, 100, 14342, Not Active, Not Active, Not Active
2026/07/17 10:48:20.770, 1192, 877, 168.97, 67, 66, 100, 14342, Not Active, Not Active, Not Active
2026/07/17 10:48:20.821, 1192, 877, 174.85, 67, 66, 100, 14342, Not Active, Not Active, Not Active
2026/07/17 10:48:20.876, 1192, 877, 178.68, 67, 66, 100, 14342, Not Active, Not Active, Not Active
2026/07/17 10:48:20.928, 1192, 877, 180.24, 67, 66, 100, 14342, Not Active, Not Active, Not Active
2026/07/17 10:48:20.980, 1192, 877, 175.93, 67, 66, 100, 14342, Not Active, Not Active, Not Active
2026/07/17 10:48:21.031, 1192, 877, 185.51, 67, 67, 100, 14342, Not Active, Not Active, Not Active
2026/07/17 10:48:21.083, 1192, 877, 161.03, 67, 65, 100, 14342, Not Active, Not Active, Not Active
2026/07/17 10:48:21.136, 1192, 877, 182.15, 67, 66, 100, 14342, Not Active, Not Active, Not Active
2026/07/17 10:48:21.188, 1192, 877, 179.76, 67, 67, 100, 14342, Not Active, Not Active, Not Active
2026/07/17 10:48:21.240, 1192, 877, 185.99, 67, 67, 100, 14342, Not Active, Not Active, Not Active
2026/07/17 10:48:21.291, 1192, 877, 184.19, 67, 66, 100, 14342, Not Active, Not Active, Not Active
2026/07/17 10:48:21.343, 1192, 877, 186.47, 67, 67, 100, 14342, Not Active, Not Active, Not Active
2026/07/17 10:48:21.400, 1192, 877, 193.17, 67, 67, 100, 14342, Not Active, Not Active, Not Active
2026/07/17 10:48:21.451, 1192, 877, 189.57, 67, 67, 100, 14342, Not Active, Not Active, Not Active
2026/07/17 10:48:21.503, 1192, 877, 187.55, 67, 67, 100, 14342, Not Active, Not Active, Not Active
2026/07/17 10:48:21.555, 1192, 877, 178.92, 67, 67, 100, 14342, Not Active, Not Active, Not Active
2026/07/17 10:48:21.607, 1192, 877, 163.80, 67, 67, 100, 14342, Not Active, Not Active, Not Active
2026/07/17 10:48:21.660, 1192, 877, 159.21, 67, 67, 100, 14342, Not Active, Not Active, Not Active
2026/07/17 10:48:21.712, 1192, 877, 144.31, 67, 67, 100, 14342, Not Active, Not Active, Not Active
2026/07/17 10:48:21.764, 1192, 877, 145.85, 67, 67, 100, 14342, Not Active, Not Active, Not Active
2026/07/17 10:48:21.816, 1192, 877, 148.16, 67, 67, 100, 14342, Not Active, Not Active, Not Active
2026/07/17 10:48:21.867, 1192, 877, 156.22, 67, 67, 100, 14342, Not Active, Not Active, Not Active
2026/07/17 10:48:21.919, 1192, 877, 153.93, 67, 67, 100, 14342, Not Active, Not Active, Not Active
2026/07/17 10:48:21.971, 1192, 877, 149.70, 67, 67, 100, 14342, Not Active, Not Active, Not Active
2026/07/17 10:48:22.022, 1192, 877, 140.65, 67, 67, 100, 14342, Not Active, Not Active, Not Active
2026/07/17 10:48:22.074, 1192, 877, 138.64, 67, 67, 100, 14342, Not Active, Not Active, Not Active
2026/07/17 10:48:22.126, 1192, 877, 151.04, 67, 67, 100, 14342, Not Active, Not Active, Not Active
2026/07/17 10:48:22.179, 1192, 877, 168.23, 67, 66, 100, 14342, Not Active, Not Active, Not Active
2026/07/17 10:48:22.237, 1192, 877, 170.41, 68, 67, 100, 14342, Not Active, Not Active, Not Active
2026/07/17 10:48:22.288, 1192, 877, 180.24, 67, 67, 100, 14342, Not Active, Not Active, Not Active
2026/07/17 10:48:22.344, 1192, 877, 181.08, 67, 67, 100, 14342, Not Active, Not Active, Not Active
2026/07/17 10:48:22.395, 1192, 877, 178.08, 67, 67, 100, 14342, Not Active, Not Active, Not Active
2026/07/17 10:48:22.447, 1192, 877, 182.76, 67, 66, 100, 14342, Not Active, Not Active, Not Active
2026/07/17 10:48:22.499, 1192, 877, 182.99, 67, 67, 100, 14342, Not Active, Not Active, Not Active
2026/07/17 10:48:22.551, 1192, 877, 187.55, 68, 67, 100, 14342, Not Active, Not Active, Not Active
2026/07/17 10:48:22.606, 1192, 877, 180.12, 68, 67, 100, 14342, Not Active, Not Active, Not Active
2026/07/17 10:48:22.658, 1192, 877, 191.74, 67, 67, 100, 14342, Not Active, Not Active, Not Active
2026/07/17 10:48:22.709, 1192, 877, 177.12, 67, 67, 100, 14342, Not Active, Not Active, Not Active
2026/07/17 10:48:22.762, 1192, 877, 191.26, 67, 67, 100, 14342, Not Active, Not Active, Not Active
2026/07/17 10:48:22.813, 1192, 877, 187.42, 68, 67, 100, 14342, Not Active, Not Active, Not Active
2026/07/17 10:48:22.867, 1192, 877, 181.55, 67, 67, 100, 14342, Not Active, Not Active, Not Active
2026/07/17 10:48:22.918, 1192, 877, 191.16, 68, 67, 100, 14342, Not Active, Not Active, Not Active
2026/07/17 10:48:22.970, 1192, 877, 190.78, 68, 67, 100, 14342, Not Active, Not Active, Not Active
2026/07/17 10:48:23.022, 1192, 877, 189.95, 68, 67, 100, 14342, Not Active, Not Active, Not Active
2026/07/17 10:48:23.074, 1192, 877, 193.52, 68, 67, 100, 14342, Not Active, Not Active, Not Active
2026/07/17 10:48:23.127, 1192, 877, 183.59, 68, 67, 100, 14342, Not Active, Not Active, Not Active
2026/07/17 10:48:23.179, 1192, 877, 182.63, 68, 67, 100, 14342, Not Active, Not Active, Not Active
2026/07/17 10:48:23.231, 1192, 877, 176.04, 68, 67, 100, 14342, Not Active, Not Active, Not Active
2026/07/17 10:48:23.283, 1192, 877, 171.11, 68, 67, 100, 14342, Not Active, Not Active, Not Active
2026/07/17 10:48:23.335, 1192, 877, 163.80, 68, 67, 100, 14342, Not Active, Not Active, Not Active
2026/07/17 10:48:23.388, 1192, 877, 161.51, 68, 67, 100, 14342, Not Active, Not Active, Not Active
2026/07/17 10:48:23.440, 1192, 877, 155.37, 68, 67, 100, 14342, Not Active, Not Active, Not Active
2026/07/17 10:48:23.491, 1192, 877, 147.20, 68, 68, 100, 14342, Not Active, Not Active, Not Active
2026/07/17 10:48:23.543, 1192, 877, 171.37, 68, 67, 100, 14342, Not Active, Not Active, Not Active
2026/07/17 10:48:23.595, 1192, 877, 164.76, 68, 68, 100, 14342, Not Active, Not Active, Not Active
2026/07/17 10:48:23.649, 1192, 877, 161.51, 68, 68, 100, 14342, Not Active, Not Active, Not Active
2026/07/17 10:48:23.701, 1192, 877, 161.51, 68, 68, 100, 14342, Not Active, Not Active, Not Active
2026/07/17 10:48:23.752, 1192, 877, 157.66, 68, 68, 100, 14342, Not Active, Not Active, Not Active
2026/07/17 10:48:23.804, 1192, 877, 152.96, 68, 68, 100, 14342, Not Active, Not Active, Not Active
2026/07/17 10:48:23.856, 1192, 877, 147.68, 68, 68, 100, 14342, Not Active, Not Active, Not Active
2026/07/17 10:48:23.908, 1192, 877, 143.35, 68, 68, 100, 14342, Not Active, Not Active, Not Active
2026/07/17 10:48:23.960, 1192, 877, 139.12, 68, 68, 100, 14342, Not Active, Not Active, Not Active
2026/07/17 10:48:24.012, 1192, 877, 134.70, 68, 68, 100, 14342, Not Active, Not Active, Not Active
2026/07/17 10:48:24.064, 1192, 877, 140.08, 68, 68, 100, 14342, Not Active, Not Active, Not Active
2026/07/17 10:48:24.115, 1192, 877, 150.18, 68, 68, 100, 14342, Not Active, Not Active, Not Active
2026/07/17 10:48:24.169, 1192, 877, 148.54, 68, 68, 100, 14342, Not Active, Not Active, Not Active
2026/07/17 10:48:24.220, 1192, 877, 156.60, 68, 68, 100, 14342, Not Active, Not Active, Not Active
2026/07/17 10:48:24.272, 1192, 877, 154.41, 68, 68, 100, 14342, Not Active, Not Active, Not Active
2026/07/17 10:48:24.324, 1192, 877, 162.84, 68, 68, 100, 14342, Not Active, Not Active, Not Active
2026/07/17 10:48:24.376, 1192, 877, 135.27, 68, 68, 100, 14342, Not Active, Not Active, Not Active
2026/07/17 10:48:24.430, 1192, 877, 140.65, 68, 68, 100, 14342, Not Active, Not Active, Not Active
2026/07/17 10:48:24.481, 1192, 877, 136.71, 68, 68, 100, 14342, Not Active, Not Active, Not Active
2026/07/17 10:48:24.533, 1192, 877, 137.68, 68, 68, 100, 14342, Not Active, Not Active, Not Active
2026/07/17 10:48:24.585, 1192, 877, 138.16, 68, 68, 100, 14342, Not Active, Not Active, Not Active
2026/07/17 10:48:24.637, 1192, 877, 147.58, 68, 68, 100, 14342, Not Active, Not Active, Not Active
2026/07/17 10:48:24.691, 1192, 877, 153.34, 68, 68, 100, 14342, Not Active, Not Active, Not Active
2026/07/17 10:48:24.743, 1192, 877, 154.68, 68, 68, 100, 14342, Not Active, Not Active, Not Active
2026/07/17 10:48:24.795, 1192, 877, 155.16, 68, 68, 100, 14342, Not Active, Not Active, Not Active
2026/07/17 10:48:24.846, 1192, 877, 159.96, 68, 68, 100, 14342, Not Active, Not Active, Not Active
2026/07/17 10:48:24.898, 1192, 877, 163.80, 68, 68, 100, 14342, Not Active, Not Active, Not Active
2026/07/17 10:48:24.951, 1192, 877, 164.28, 68, 68, 100, 14342, Not Active, Not Active, Not Active
2026/07/17 10:48:25.003, 1192, 877, 163.21, 68, 67, 100, 14342, Not Active, Not Active, Not Active
2026/07/17 10:48:25.055, 1192, 877, 162.62, 68, 68, 100, 14342, Not Active, Not Active, Not Active
2026/07/17 10:48:25.107, 1192, 877, 164.76, 68, 67, 100, 14342, Not Active, Not Active, Not Active
2026/07/17 10:48:25.158, 1192, 877, 142.48, 68, 67, 100, 14342, Not Active, Not Active, Not Active
2026/07/17 10:48:25.213, 1192, 877, 140.95, 68, 68, 100, 14342, Not Active, Not Active, Not Active
2026/07/17 10:48:25.265, 1192, 877, 146.14, 68, 68, 100, 14342, Not Active, Not Active, Not Active
2026/07/17 10:48:25.317, 1192, 877, 140.47, 68, 68, 100, 14342, Not Active, Not Active, Not Active
2026/07/17 10:48:25.369, 1192, 877, 141.52, 68, 68, 100, 14342, Not Active, Not Active, Not Active
2026/07/17 10:48:25.420, 1192, 877, 148.26, 68, 68, 100, 14342, Not Active, Not Active, Not Active
2026/07/17 10:48:25.473, 1192, 877, 147.68, 68, 68, 100, 14342, Not Active, Not Active, Not Active
2026/07/17 10:48:25.525, 1192, 877, 146.24, 68, 68, 100, 14342, Not Active, Not Active, Not Active
2026/07/17 10:48:25.577, 1192, 877, 144.41, 68, 68, 100, 14342, Not Active, Not Active, Not Active
2026/07/17 10:48:25.628, 1192, 877, 143.83, 68, 68, 100, 14342, Not Active, Not Active, Not Active
2026/07/17 10:48:25.680, 1192, 877, 141.43, 68, 68, 100, 14342, Not Active, Not Active, Not Active
2026/07/17 10:48:25.732, 1192, 877, 142.96, 68, 68, 100, 14342, Not Active, Not Active, Not Active
2026/07/17 10:48:25.784, 1192, 877, 141.91, 68, 68, 100, 14342, Not Active, Not Active, Not Active
2026/07/17 10:48:25.836, 1192, 877, 143.35, 68, 68, 100, 14342, Not Active, Not Active, Not Active
2026/07/17 10:48:25.889, 1192, 877, 148.06, 68, 68, 100, 14342, Not Active, Not Active, Not Active
2026/07/17 10:48:25.941, 1192, 877, 145.56, 68, 68, 100, 14342, Not Active, Not Active, Not Active
2026/07/17 10:48:25.992, 1192, 877, 147.68, 68, 68, 100, 14342, Not Active, Not Active, Not Active
2026/07/17 10:48:26.044, 1192, 877, 153.34, 68, 68, 100, 14342, Not Active, Not Active, Not Active
2026/07/17 10:48:26.097, 1192, 877, 158.25, 68, 68, 100, 14342, Not Active, Not Active, Not Active
2026/07/17 10:48:26.149, 1192, 877, 158.52, 68, 68, 100, 14342, Not Active, Not Active, Not Active
2026/07/17 10:48:26.201, 1192, 877, 157.18, 68, 68, 100, 14342, Not Active, Not Active, Not Active
2026/07/17 10:48:26.252, 1192, 877, 161.03, 68, 68, 100, 14342, Not Active, Not Active, Not Active
2026/07/17 10:48:26.304, 1192, 877, 157.29, 68, 68, 100, 14342, Not Active, Not Active, Not Active
2026/07/17 10:48:26.358, 1192, 877, 155.26, 69, 68, 100, 14342, Not Active, Not Active, Not Active
2026/07/17 10:48:26.410, 1192, 877, 158.73, 68, 68, 100, 14342, Not Active, Not Active, Not Active
2026/07/17 10:48:26.462, 1192, 877, 159.11, 68, 68, 100, 14342, Not Active, Not Active, Not Active
2026/07/17 10:48:26.513, 1192, 877, 157.18, 69, 68, 100, 14342, Not Active, Not Active, Not Active
2026/07/17 10:48:26.565, 1192, 877, 151.04, 69, 68, 100, 14342, Not Active, Not Active, Not Active
2026/07/17 10:48:26.620, 1192, 877, 150.46, 69, 68, 100, 14342, Not Active, Not Active, Not Active
2026/07/17 10:48:26.672, 1192, 877, 153.44, 68, 68, 100, 14342, Not Active, Not Active, Not Active
2026/07/17 10:48:26.724, 1192, 877, 156.81, 68, 68, 100, 14342, Not Active, Not Active, Not Active
2026/07/17 10:48:26.775, 1192, 877, 159.59, 69, 68, 100, 14342, Not Active, Not Active, Not Active
2026/07/17 10:48:26.827, 1192, 877, 154.78, 69, 68, 100, 14342, Not Active, Not Active, Not Active
2026/07/17 10:48:26.880, 1192, 877, 187.42, 68, 68, 100, 14342, Not Active, Not Active, Not Active
2026/07/17 10:48:26.932, 1192, 877, 194.61, 68, 68, 100, 14342, Not Active, Not Active, Not Active
2026/07/17 10:48:26.984, 1192, 877, 187.90, 68, 68, 100, 14342, Not Active, Not Active, Not Active
2026/07/17 10:48:27.035, 1192, 877, 190.65, 69, 68, 100, 14342, Not Active, Not Active, Not Active
2026/07/17 10:48:27.087, 1192, 877, 189.82, 68, 68, 100, 14342, Not Active, Not Active, Not Active
2026/07/17 10:48:27.143, 1192, 877, 191.74, 69, 68, 100, 14342, Not Active, Not Active, Not Active
2026/07/17 10:48:27.195, 1192, 877, 195.22, 69, 68, 100, 14342, Not Active, Not Active, Not Active
2026/07/17 10:48:27.247, 1192, 877, 191.74, 69, 68, 100, 14342, Not Active, Not Active, Not Active
2026/07/17 10:48:27.299, 1192, 877, 190.17, 69, 68, 100, 14342, Not Active, Not Active, Not Active
2026/07/17 10:48:27.351, 1192, 877, 194.35, 69, 68, 100, 14342, Not Active, Not Active, Not Active
2026/07/17 10:48:27.404, 1192, 877, 197.96, 69, 68, 100, 14342, Not Active, Not Active, Not Active
2026/07/17 10:48:27.455, 1192, 877, 195.79, 69, 68, 100, 14342, Not Active, Not Active, Not Active
2026/07/17 10:48:27.507, 1192, 877, 193.78, 69, 68, 100, 14342, Not Active, Not Active, Not Active
2026/07/17 10:48:27.560, 1192, 877, 196.05, 69, 68, 100, 14342, Not Active, Not Active, Not Active
2026/07/17 10:48:27.611, 1192, 877, 189.57, 69, 68, 100, 14342, Not Active, Not Active, Not Active
2026/07/17 10:48:27.667, 1192, 877, 194.26, 69, 68, 100, 14342, Not Active, Not Active, Not Active
2026/07/17 10:48:27.718, 1192, 877, 171.37, 68, 67, 100, 14342, Not Active, Not Active, Not Active
2026/07/17 10:48:27.770, 1192, 877, 186.82, 68, 68, 100, 14342, Not Active, Not Active, Not Active
2026/07/17 10:48:27.822, 1192, 877, 182.63, 69, 68, 100, 14342, Not Active, Not Active, Not Active
2026/07/17 10:48:27.874, 1192, 877, 186.34, 69, 68, 100, 14342, Not Active, Not Active, Not Active
2026/07/17 10:48:27.927, 1192, 877, 190.17, 69, 68, 100, 14342, Not Active, Not Active, Not Active
2026/07/17 10:48:27.978, 1192, 877, 188.38, 69, 68, 100, 14342, Not Active, Not Active, Not Active
2026/07/17 10:48:28.030, 1192, 877, 182.99, 69, 68, 100, 14342, Not Active, Not Active, Not Active
2026/07/17 10:48:28.082, 1192, 877, 179.64, 69, 68, 100, 14342, Not Active, Not Active, Not Active
2026/07/17 10:48:28.134, 1192, 877, 179.04, 69, 68, 100, 14342, Not Active, Not Active, Not Active
2026/07/17 10:48:28.188, 1192, 877, 179.88, 69, 68, 100, 14342, Not Active, Not Active, Not Active
2026/07/17 10:48:28.240, 1192, 877, 183.48, 69, 68, 100, 14342, Not Active, Not Active, Not Active
2026/07/17 10:48:28.292, 1192, 877, 183.11, 69, 68, 100, 14342, Not Active, Not Active, Not Active
2026/07/17 10:48:28.344, 1192, 877, 184.80, 69, 67, 100, 14342, Not Active, Not Active, Not Active
2026/07/17 10:48:28.395, 1192, 877, 182.28, 69, 68, 100, 14342, Not Active, Not Active, Not Active
2026/07/17 10:48:28.449, 1192, 877, 182.63, 69, 68, 100, 14342, Not Active, Not Active, Not Active
2026/07/17 10:48:28.501, 1192, 877, 187.55, 69, 68, 100, 14342, Not Active, Not Active, Not Active
2026/07/17 10:48:28.553, 1192, 877, 108.14, 69, 68, 100, 14342, Not Active, Not Active, Not Active
2026/07/17 10:48:28.605, 1192, 877, 152.76, 69, 68, 100, 14342, Not Active, Not Active, Not Active
2026/07/17 10:48:28.657, 1192, 877, 142.87, 69, 69, 100, 14342, Not Active, Not Active, Not Active
2026/07/17 10:48:28.709, 1192, 877, 139.99, 69, 69, 100, 14342, Not Active, Not Active, Not Active
2026/07/17 10:48:28.760, 1192, 877, 134.70, 69, 69, 100, 14342, Not Active, Not Active, Not Active
2026/07/17 10:48:28.812, 1192, 877, 140.08, 69, 69, 100, 14342, Not Active, Not Active, Not Active
2026/07/17 10:48:28.864, 1192, 877, 148.16, 69, 69, 100, 14342, Not Active, Not Active, Not Active
2026/07/17 10:48:28.916, 1192, 877, 150.66, 69, 69, 100, 14342, Not Active, Not Active, Not Active
2026/07/17 10:48:28.969, 1192, 877, 151.90, 69, 69, 100, 14342, Not Active, Not Active, Not Active
2026/07/17 10:48:29.021, 1192, 877, 160.55, 69, 69, 100, 14342, Not Active, Not Active, Not Active
2026/07/17 10:48:29.073, 1192, 877, 163.91, 69, 69, 100, 14342, Not Active, Not Active, Not Active
2026/07/17 10:48:29.125, 1192, 877, 168.49, 69, 69, 100, 14342, Not Active, Not Active, Not Active
2026/07/17 10:48:29.176, 1192, 877, 174.84, 69, 69, 100, 14342, Not Active, Not Active, Not Active
2026/07/17 10:48:29.229, 1192, 877, 173.28, 69, 69, 100, 14342, Not Active, Not Active, Not Active
2026/07/17 10:48:29.280, 1192, 877, 179.52, 69, 69, 100, 14342, Not Active, Not Active, Not Active
2026/07/17 10:48:29.334, 1192, 877, 177.00, 69, 69, 100, 14342, Not Active, Not Active, Not Active
2026/07/17 10:48:29.386, 1192, 877, 184.80, 69, 69, 100, 14342, Not Active, Not Active, Not Active
2026/07/17 10:48:29.438, 1192, 877, 182.88, 69, 68, 100, 14342, Not Active, Not Active, Not Active
2026/07/17 10:48:29.490, 1192, 877, 190.78, 69, 68, 100, 14342, Not Active, Not Active, Not Active
2026/07/17 10:48:29.542, 1192, 877, 187.42, 69, 68, 100, 14342, Not Active, Not Active, Not Active
2026/07/17 10:48:29.594, 1192, 877, 189.09, 69, 68, 100, 14342, Not Active, Not Active, Not Active
2026/07/17 10:48:29.646, 1192, 877, 185.03, 69, 69, 100, 14342, Not Active, Not Active, Not Active
2026/07/17 10:48:29.698, 1192, 877, 183.84, 69, 68, 100, 14342, Not Active, Not Active, Not Active
2026/07/17 10:48:29.750, 1192, 877, 184.32, 69, 68, 100, 14342, Not Active, Not Active, Not Active
2026/07/17 10:48:29.802, 1192, 877, 186.59, 69, 68, 100, 14342, Not Active, Not Active, Not Active
2026/07/17 10:48:29.856, 1192, 877, 184.80, 69, 68, 100, 14342, Not Active, Not Active, Not Active
2026/07/17 10:48:29.907, 1192, 877, 187.55, 69, 68, 100, 14342, Not Active, Not Active, Not Active
2026/07/17 10:48:29.959, 1192, 877, 180.96, 69, 68, 100, 14342, Not Active, Not Active, Not Active
2026/07/17 10:48:30.011, 1192, 877, 170.29, 69, 69, 100, 14342, Not Active, Not Active, Not Active
2026/07/17 10:48:30.063, 1192, 877, 167.42, 69, 68, 100, 14342, Not Active, Not Active, Not Active
2026/07/17 10:48:30.116, 1192, 877, 160.60, 70, 68, 100, 14342, Not Active, Not Active, Not Active
2026/07/17 10:48:30.168, 1192, 877, 163.32, 69, 68, 100, 14342, Not Active, Not Active, Not Active
2026/07/17 10:48:30.219, 1192, 877, 167.16, 69, 68, 100, 14342, Not Active, Not Active, Not Active
2026/07/17 10:48:30.271, 1192, 877, 159.48, 69, 69, 100, 14342, Not Active, Not Active, Not Active
2026/07/17 10:48:30.323, 1192, 877, 155.26, 69, 69, 100, 14342, Not Active, Not Active, Not Active
2026/07/17 10:48:30.376, 1192, 877, 163.43, 69, 69, 100, 14342, Not Active, Not Active, Not Active
2026/07/17 10:48:30.428, 1192, 877, 168.12, 70, 69, 100, 14342, Not Active, Not Active, Not Active
2026/07/17 10:48:30.479, 1192, 877, 176.52, 70, 69, 100, 14342, Not Active, Not Active, Not Active
2026/07/17 10:48:30.531, 1192, 877, 192.21, 69, 69, 100, 14342, Not Active, Not Active, Not Active
2026/07/17 10:48:30.583, 1192, 877, 171.37, 70, 69, 100, 14342, Not Active, Not Active, Not Active
2026/07/17 10:48:30.640, 1192, 877, 185.63, 70, 69, 100, 14342, Not Active, Not Active, Not Active
2026/07/17 10:48:30.692, 1192, 877, 198.57, 70, 69, 100, 14342, Not Active, Not Active, Not Active
2026/07/17 10:48:30.744, 1192, 877, 182.99, 70, 69, 100, 14342, Not Active, Not Active, Not Active
2026/07/17 10:48:30.800, 1192, 877, 196.40, 69, 69, 100, 14342, Not Active, Not Active, Not Active
2026/07/17 10:48:30.852, 1192, 877, 193.17, 70, 69, 100, 14342, Not Active, Not Active, Not Active
2026/07/17 10:48:30.904, 1192, 877, 192.57, 70, 69, 100, 14342, Not Active, Not Active, Not Active
2026/07/17 10:48:30.956, 1192, 877, 194.87, 69, 69, 100, 14342, Not Active, Not Active, Not Active
2026/07/17 10:48:31.008, 1192, 877, 188.86, 69, 69, 100, 14342, Not Active, Not Active, Not Active
2026/07/17 10:48:31.061, 1192, 877, 189.34, 70, 69, 100, 14342, Not Active, Not Active, Not Active
2026/07/17 10:48:31.113, 1192, 877, 192.69, 70, 69, 100, 14342, Not Active, Not Active, Not Active
2026/07/17 10:48:31.165, 1192, 877, 151.42, 69, 68, 100, 14342, Not Active, Not Active, Not Active
2026/07/17 10:48:31.217, 1192, 877, 170.29, 69, 68, 100, 14342, Not Active, Not Active, Not Active
2026/07/17 10:48:31.269, 1192, 877, 167.42, 69, 68, 100, 14342, Not Active, Not Active, Not Active
2026/07/17 10:48:31.321, 1192, 877, 162.14, 69, 69, 100, 14342, Not Active, Not Active, Not Active
2026/07/17 10:48:31.372, 1192, 877, 152.28, 70, 69, 100, 14342, Not Active, Not Active, Not Active
2026/07/17 10:48:31.424, 1192, 877, 141.43, 70, 69, 100, 14342, Not Active, Not Active, Not Active
2026/07/17 10:48:31.476, 1192, 877, 131.34, 70, 69, 100, 14342, Not Active, Not Active, Not Active
2026/07/17 10:48:31.528, 1192, 877, 138.64, 69, 69, 100, 14342, Not Active, Not Active, Not Active
2026/07/17 10:48:31.580, 1192, 877, 146.71, 70, 69, 100, 14342, Not Active, Not Active, Not Active
2026/07/17 10:48:31.632, 1192, 877, 161.51, 70, 70, 100, 14342, Not Active, Not Active, Not Active
2026/07/17 10:48:31.684, 1192, 877, 170.41, 70, 70, 100, 14342, Not Active, Not Active, Not Active
2026/07/17 10:48:31.736, 1192, 877, 180.84, 70, 70, 100, 14342, Not Active, Not Active, Not Active
2026/07/17 10:48:31.787, 1192, 877, 173.28, 70, 69, 100, 14342, Not Active, Not Active, Not Active
2026/07/17 10:48:31.844, 1192, 877, 178.92, 70, 69, 100, 14342, Not Active, Not Active, Not Active
2026/07/17 10:48:31.896, 1192, 877, 191.26, 70, 69, 100, 14342, Not Active, Not Active, Not Active
2026/07/17 10:48:31.947, 1192, 877, 197.22, 70, 69, 100, 14342, Not Active, Not Active, Not Active
2026/07/17 10:48:32.000, 1192, 877, 195.57, 70, 69, 100, 14342, Not Active, Not Active, Not Active
2026/07/17 10:48:32.051, 1192, 877, 155.81, 69, 70, 100, 14342, Not Active, Not Active, Not Active
2026/07/17 10:48:32.103, 1192, 877, 177.96, 69, 68, 100, 14342, Not Active, Not Active, Not Active
2026/07/17 10:48:32.155, 1192, 877, 180.36, 70, 69, 100, 14342, Not Active, Not Active, Not Active
2026/07/17 10:48:32.207, 1192, 877, 158.31, 70, 70, 100, 14342, Not Active, Not Active, Not Active
2026/07/17 10:48:32.258, 1192, 877, 165.72, 70, 69, 100, 14342, Not Active, Not Active, Not Active
2026/07/17 10:48:32.310, 1192, 877, 152.86, 70, 70, 100, 14342, Not Active, Not Active, Not Active
2026/07/17 10:48:32.363, 1192, 877, 144.41, 70, 70, 100, 14342, Not Active, Not Active, Not Active
2026/07/17 10:48:32.415, 1192, 877, 131.51, 70, 70, 100, 14342, Not Active, Not Active, Not Active
2026/07/17 10:48:32.466, 1192, 877, 142.39, 70, 70, 100, 14342, Not Active, Not Active, Not Active
2026/07/17 10:48:32.518, 1192, 877, 159.11, 70, 69, 100, 14342, Not Active, Not Active, Not Active
2026/07/17 10:48:32.570, 1192, 877, 159.59, 70, 70, 100, 14342, Not Active, Not Active, Not Active
2026/07/17 10:48:32.624, 1192, 877, 169.45, 70, 70, 100, 14342, Not Active, Not Active, Not Active
2026/07/17 10:48:32.676, 1192, 877, 181.56, 70, 70, 100, 14342, Not Active, Not Active, Not Active
2026/07/17 10:48:32.728, 1192, 877, 191.48, 70, 69, 100, 14342, Not Active, Not Active, Not Active
2026/07/17 10:48:32.780, 1192, 877, 196.40, 70, 69, 100, 14342, Not Active, Not Active, Not Active
2026/07/17 10:48:32.831, 1192, 877, 196.26, 70, 70, 100, 14342, Not Active, Not Active, Not Active
2026/07/17 10:48:32.888, 1192, 877, 192.09, 70, 69, 100, 14342, Not Active, Not Active, Not Active
2026/07/17 10:48:32.939, 1192, 877, 156.50, 69, 69, 100, 14342, Not Active, Not Active, Not Active
2026/07/17 10:48:32.991, 1192, 877, 175.81, 70, 69, 100, 14342, Not Active, Not Active, Not Active
2026/07/17 10:48:33.047, 1192, 877, 182.40, 70, 70, 100, 14342, Not Active, Not Active, Not Active
2026/07/17 10:48:33.098, 1192, 877, 177.37, 69, 70, 100, 14342, Not Active, Not Active, Not Active
2026/07/17 10:48:33.150, 1192, 877, 166.83, 70, 70, 100, 14342, Not Active, Not Active, Not Active
2026/07/17 10:48:33.202, 1192, 877, 162.73, 70, 70, 100, 14342, Not Active, Not Active, Not Active
2026/07/17 10:48:33.254, 1192, 877, 149.98, 70, 70, 100, 14342, Not Active, Not Active, Not Active
2026/07/17 10:48:33.306, 1192, 877, 134.70, 70, 70, 100, 14342, Not Active, Not Active, Not Active
2026/07/17 10:48:33.358, 1192, 877, 139.60, 70, 70, 100, 14342, Not Active, Not Active, Not Active
2026/07/17 10:48:33.409, 1192, 877, 154.78, 70, 70, 100, 14342, Not Active, Not Active, Not Active
2026/07/17 10:48:33.461, 1192, 877, 162.84, 70, 70, 100, 14342, Not Active, Not Active, Not Active
2026/07/17 10:48:33.513, 1192, 877, 166.31, 70, 70, 100, 14342, Not Active, Not Active, Not Active
2026/07/17 10:48:33.568, 1192, 877, 178.56, 70, 70, 100, 14342, Not Active, Not Active, Not Active
2026/07/17 10:48:33.620, 1192, 877, 195.09, 70, 70, 100, 14342, Not Active, Not Active, Not Active
2026/07/17 10:48:33.672, 1192, 877, 196.87, 70, 69, 100, 14342, Not Active, Not Active, Not Active
2026/07/17 10:48:33.724, 1192, 877, 190.30, 70, 70, 100, 14342, Not Active, Not Active, Not Active
2026/07/17 10:48:33.776, 1192, 877, 184.30, 70, 70, 100, 14342, Not Active, Not Active, Not Active
2026/07/17 10:48:33.830, 1192, 877, 160.55, 70, 70, 100, 14342, Not Active, Not Active, Not Active
2026/07/17 10:48:33.882, 1192, 877, 177.96, 70, 69, 100, 14342, Not Active, Not Active, Not Active
2026/07/17 10:48:33.934, 1192, 877, 157.93, 70, 70, 100, 14342, Not Active, Not Active, Not Active
2026/07/17 10:48:33.986, 1192, 877, 165.61, 70, 70, 100, 14342, Not Active, Not Active, Not Active
2026/07/17 10:48:34.038, 1192, 877, 146.14, 70, 70, 100, 14342, Not Active, Not Active, Not Active
2026/07/17 10:48:34.089, 1192, 877, 127.57, 70, 70, 100, 14342, Not Active, Not Active, Not Active
2026/07/17 10:48:34.141, 1192, 877, 149.12, 70, 70, 100, 14342, Not Active, Not Active, Not Active
2026/07/17 10:48:34.193, 1192, 877, 161.99, 70, 70, 100, 14342, Not Active, Not Active, Not Active
2026/07/17 10:48:34.245, 1192, 877, 168.97, 70, 70, 100, 14342, Not Active, Not Active, Not Active
2026/07/17 10:48:34.297, 1192, 877, 173.40, 70, 70, 100, 14342, Not Active, Not Active, Not Active
2026/07/17 10:48:34.352, 1192, 877, 183.95, 70, 70, 100, 14342, Not Active, Not Active, Not Active
2026/07/17 10:48:34.404, 1192, 877, 194.48, 70, 70, 100, 14342, Not Active, Not Active, Not Active
2026/07/17 10:48:34.456, 1192, 877, 191.51, 70, 69, 100, 14342, Not Active, Not Active, Not Active
2026/07/17 10:48:34.508, 1192, 877, 192.82, 70, 70, 100, 14342, Not Active, Not Active, Not Active
2026/07/17 10:48:34.560, 1192, 877, 184.91, 70, 69, 100, 14342, Not Active, Not Active, Not Active
2026/07/17 10:48:34.612, 1192, 877, 184.91, 70, 69, 100, 14342, Not Active, Not Active, Not Active
2026/07/17 10:48:34.664, 1192, 877, 179.28, 70, 69, 100, 14342, Not Active, Not Active, Not Active
2026/07/17 10:48:34.716, 1192, 877, 107.18, 70, 69, 100, 14342, Not Active, Not Active, Not Active
2026/07/17 10:48:34.768, 1192, 877, 125.73, 70, 70, 100, 14342, Not Active, Not Active, Not Active
2026/07/17 10:48:34.820, 1192, 877, 146.71, 70, 70, 100, 14342, Not Active, Not Active, Not Active
2026/07/17 10:48:34.872, 1192, 877, 159.96, 70, 70, 100, 14342, Not Active, Not Active, Not Active
2026/07/17 10:48:34.924, 1192, 877, 171.25, 70, 70, 100, 14342, Not Active, Not Active, Not Active
2026/07/17 10:48:34.976, 1192, 877, 188.26, 70, 70, 100, 14342, Not Active, Not Active, Not Active
2026/07/17 10:48:35.027, 1192, 877, 192.09, 70, 70, 100, 14342, Not Active, Not Active, Not Active
2026/07/17 10:48:35.079, 1192, 877, 194.48, 70, 70, 100, 14342, Not Active, Not Active, Not Active
2026/07/17 10:48:35.136, 1192, 877, 183.47, 70, 70, 100, 14342, Not Active, Not Active, Not Active
2026/07/17 10:48:35.187, 1192, 877, 188.61, 70, 69, 100, 14342, Not Active, Not Active, Not Active
2026/07/17 10:48:35.239, 1192, 877, 192.91, 70, 69, 100, 14342, Not Active, Not Active, Not Active
2026/07/17 10:48:35.295, 1192, 877, 184.43, 70, 69, 100, 14342, Not Active, Not Active, Not Active
2026/07/17 10:48:35.347, 1192, 877, 184.55, 70, 70, 100, 14342, Not Active, Not Active, Not Active
2026/07/17 10:48:35.399, 1192, 877, 178.08, 70, 70, 100, 14342, Not Active, Not Active, Not Active
2026/07/17 10:48:35.451, 1192, 877, 170.89, 70, 70, 100, 14342, Not Active, Not Active, Not Active
2026/07/17 10:48:35.503, 1192, 877, 160.55, 70, 70, 100, 14342, Not Active, Not Active, Not Active
2026/07/17 10:48:35.554, 1192, 877, 135.66, 70, 70, 100, 14342, Not Active, Not Active, Not Active
2026/07/17 10:48:35.606, 1192, 877, 133.35, 70, 70, 100, 14342, Not Active, Not Active, Not Active
2026/07/17 10:48:35.658, 1192, 877, 191.13, 70, 70, 100, 14342, Not Active, Not Active, Not Active
2026/07/17 10:48:35.710, 1192, 877, 194.13, 70, 70, 100, 14342, Not Active, Not Active, Not Active
2026/07/17 10:48:35.761, 1192, 877, 189.69, 70, 70, 100, 14342, Not Active, Not Active, Not Active
2026/07/17 10:48:35.817, 1192, 877, 194.13, 70, 70, 100, 14342, Not Active, Not Active, Not Active
2026/07/17 10:48:35.869, 1192, 877, 185.51, 70, 69, 100, 14342, Not Active, Not Active, Not Active
2026/07/17 10:48:35.921, 1192, 877, 182.63, 70, 69, 100, 14342, Not Active, Not Active, Not Active
2026/07/17 10:48:35.973, 1192, 877, 176.76, 70, 70, 100, 14342, Not Active, Not Active, Not Active
2026/07/17 10:48:36.026, 1192, 877, 166.35, 70, 69, 100, 14342, Not Active, Not Active, Not Active
2026/07/17 10:48:36.077, 1192, 877, 157.56, 70, 70, 100, 14342, Not Active, Not Active, Not Active
2026/07/17 10:48:36.129, 1192, 877, 131.42, 70, 70, 100, 14342, Not Active, Not Active, Not Active
2026/07/17 10:48:36.181, 1192, 877, 139.12, 70, 70, 100, 14342, Not Active, Not Active, Not Active
2026/07/17 10:48:36.233, 1192, 877, 158.63, 70, 70, 100, 14342, Not Active, Not Active, Not Active
2026/07/17 10:48:36.284, 1192, 877, 165.24, 70, 70, 100, 14342, Not Active, Not Active, Not Active
2026/07/17 10:48:36.339, 1192, 877, 178.56, 70, 70, 100, 14342, Not Active, Not Active, Not Active
2026/07/17 10:48:36.390, 1192, 877, 200.84, 70, 70, 100, 14342, Not Active, Not Active, Not Active
2026/07/17 10:48:36.442, 1192, 877, 188.74, 70, 70, 100, 14342, Not Active, Not Active, Not Active
2026/07/17 10:48:36.494, 1192, 877, 189.21, 70, 70, 100, 14342, Not Active, Not Active, Not Active
2026/07/17 10:48:36.546, 1192, 877, 135.09, 70, 69, 100, 14342, Not Active, Not Active, Not Active
2026/07/17 10:48:36.598, 1192, 877, 161.99, 70, 70, 100, 14342, Not Active, Not Active, Not Active
2026/07/17 10:48:36.649, 1192, 877, 138.06, 70, 70, 100, 14342, Not Active, Not Active, Not Active
2026/07/17 10:48:36.701, 1192, 877, 132.38, 70, 70, 100, 14342, Not Active, Not Active, Not Active
2026/07/17 10:48:36.753, 1192, 877, 153.72, 71, 70, 100, 14342, Not Active, Not Active, Not Active
2026/07/17 10:48:36.805, 1192, 877, 159.48, 71, 70, 100, 14342, Not Active, Not Active, Not Active
2026/07/17 10:48:36.859, 1192, 877, 174.13, 70, 70, 100, 14342, Not Active, Not Active, Not Active
2026/07/17 10:48:36.911, 1192, 877, 195.79, 70, 70, 100, 14342, Not Active, Not Active, Not Active
2026/07/17 10:48:36.963, 1192, 877, 186.34, 70, 70, 100, 14342, Not Active, Not Active, Not Active
2026/07/17 10:48:37.015, 1192, 877, 191.38, 70, 69, 100, 14342, Not Active, Not Active, Not Active
2026/07/17 10:48:37.066, 1192, 877, 191.26, 71, 69, 100, 14342, Not Active, Not Active, Not Active
2026/07/17 10:48:37.121, 1192, 877, 189.59, 70, 70, 100, 14342, Not Active, Not Active, Not Active
2026/07/17 10:48:37.173, 1192, 877, 180.96, 70, 70, 100, 14342, Not Active, Not Active, Not Active
2026/07/17 10:48:37.225, 1192, 877, 164.50, 70, 70, 100, 14342, Not Active, Not Active, Not Active
2026/07/17 10:48:37.277, 1192, 877, 156.12, 70, 70, 100, 14342, Not Active, Not Active, Not Active
2026/07/17 10:48:37.330, 1192, 877, 137.10, 71, 70, 100, 14342, Not Active, Not Active, Not Active
2026/07/17 10:48:37.382, 1192, 877, 136.71, 71, 70, 100, 14342, Not Active, Not Active, Not Active
2026/07/17 10:48:37.434, 1192, 877, 155.85, 71, 70, 100, 14342, Not Active, Not Active, Not Active
2026/07/17 10:48:37.485, 1192, 877, 190.78, 70, 70, 100, 14342, Not Active, Not Active, Not Active
2026/07/17 10:48:37.537, 1192, 877, 191.00, 70, 70, 100, 14342, Not Active, Not Active, Not Active
2026/07/17 10:48:37.589, 1192, 877, 187.30, 70, 69, 100, 14342, Not Active, Not Active, Not Active
2026/07/17 10:48:37.643, 1192, 877, 186.71, 70, 69, 100, 14342, Not Active, Not Active, Not Active
2026/07/17 10:48:37.694, 1192, 877, 176.76, 70, 69, 100, 14342, Not Active, Not Active, Not Active
2026/07/17 10:48:37.746, 1192, 877, 163.91, 70, 70, 100, 14342, Not Active, Not Active, Not Active
2026/07/17 10:48:37.798, 1192, 877, 138.06, 70, 70, 100, 14342, Not Active, Not Active, Not Active
2026/07/17 10:48:37.850, 1192, 877, 133.92, 70, 70, 100, 14342, Not Active, Not Active, Not Active
2026/07/17 10:48:37.902, 1192, 877, 154.30, 71, 70, 100, 14342, Not Active, Not Active, Not Active
2026/07/17 10:48:37.954, 1192, 877, 171.48, 71, 70, 100, 14342, Not Active, Not Active, Not Active
2026/07/17 10:48:38.005, 1192, 877, 189.34, 71, 70, 100, 14342, Not Active, Not Active, Not Active
2026/07/17 10:48:38.057, 1192, 877, 196.87, 71, 70, 100, 14342, Not Active, Not Active, Not Active
2026/07/17 10:48:38.109, 1192, 877, 188.13, 70, 70, 100, 14342, Not Active, Not Active, Not Active
2026/07/17 10:48:38.165, 1192, 877, 194.13, 70, 70, 100, 14342, Not Active, Not Active, Not Active
2026/07/17 10:48:38.217, 1192, 877, 186.70, 70, 69, 100, 14342, Not Active, Not Active, Not Active
2026/07/17 10:48:38.269, 1192, 877, 176.52, 70, 69, 100, 14342, Not Active, Not Active, Not Active
2026/07/17 10:48:38.321, 1192, 877, 171.59, 71, 69, 100, 14342, Not Active, Not Active, Not Active
2026/07/17 10:48:38.373, 1192, 877, 158.15, 71, 70, 100, 14342, Not Active, Not Active, Not Active
2026/07/17 10:48:38.425, 1192, 877, 156.60, 70, 70, 100, 14342, Not Active, Not Active, Not Active
2026/07/17 10:48:38.477, 1192, 877, 177.48, 71, 70, 100, 14342, Not Active, Not Active, Not Active
2026/07/17 10:48:38.529, 1192, 877, 195.44, 70, 70, 100, 14342, Not Active, Not Active, Not Active
2026/07/17 10:48:38.580, 1192, 877, 195.31, 70, 70, 100, 14342, Not Active, Not Active, Not Active
2026/07/17 10:48:38.634, 1192, 877, 194.74, 71, 70, 100, 14342, Not Active, Not Active, Not Active
2026/07/17 10:48:38.687, 1192, 877, 185.63, 71, 70, 100, 14342, Not Active, Not Active, Not Active
2026/07/17 10:48:38.739, 1192, 877, 179.88, 71, 69, 100, 14342, Not Active, Not Active, Not Active
2026/07/17 10:48:38.790, 1192, 877, 161.40, 70, 69, 100, 14342, Not Active, Not Active, Not Active
2026/07/17 10:48:38.843, 1192, 877, 148.16, 70, 70, 100, 14342, Not Active, Not Active, Not Active
2026/07/17 10:48:38.894, 1192, 877, 130.55, 71, 70, 100, 14342, Not Active, Not Active, Not Active
2026/07/17 10:48:38.946, 1192, 877, 153.34, 71, 70, 100, 14342, Not Active, Not Active, Not Active
2026/07/17 10:48:38.998, 1192, 877, 168.49, 71, 70, 100, 14342, Not Active, Not Active, Not Active
2026/07/17 10:48:39.049, 1192, 877, 191.74, 71, 70, 100, 14342, Not Active, Not Active, Not Active
2026/07/17 10:48:39.101, 1192, 877, 192.95, 70, 70, 100, 14342, Not Active, Not Active, Not Active
2026/07/17 10:48:39.153, 1192, 877, 188.15, 71, 70, 100, 14342, Not Active, Not Active, Not Active
2026/07/17 10:48:39.210, 1192, 877, 187.17, 71, 70, 100, 14342, Not Active, Not Active, Not Active
2026/07/17 10:48:39.261, 1192, 877, 187.20, 71, 70, 100, 14342, Not Active, Not Active, Not Active
2026/07/17 10:48:39.313, 1192, 877, 118.11, 71, 69, 100, 14342, Not Active, Not Active, Not Active
2026/07/17 10:48:39.366, 1192, 877, 137.19, 70, 70, 100, 14342, Not Active, Not Active, Not Active
2026/07/17 10:48:39.418, 1192, 877, 157.56, 71, 70, 100, 14342, Not Active, Not Active, Not Active
2026/07/17 10:48:39.470, 1192, 877, 179.16, 71, 71, 100, 14342, Not Active, Not Active, Not Active
2026/07/17 10:48:39.521, 1192, 877, 197.22, 70, 70, 100, 14342, Not Active, Not Active, Not Active
2026/07/17 10:48:39.573, 1192, 877, 187.78, 71, 70, 100, 14342, Not Active, Not Active, Not Active
2026/07/17 10:48:39.625, 1192, 877, 184.19, 71, 70, 100, 14342, Not Active, Not Active, Not Active
2026/07/17 10:48:39.677, 1192, 877, 186.59, 71, 70, 100, 14342, Not Active, Not Active, Not Active
2026/07/17 10:48:39.731, 1192, 877, 163.58, 71, 69, 100, 14342, Not Active, Not Active, Not Active
2026/07/17 10:48:39.782, 1192, 877, 157.18, 71, 70, 100, 14342, Not Active, Not Active, Not Active
2026/07/17 10:48:39.834, 1192, 877, 128.14, 71, 70, 100, 14342, Not Active, Not Active, Not Active
2026/07/17 10:48:39.886, 1192, 877, 146.24, 71, 70, 100, 14342, Not Active, Not Active, Not Active
2026/07/17 10:48:39.939, 1192, 877, 162.58, 71, 71, 100, 14342, Not Active, Not Active, Not Active
2026/07/17 10:48:39.991, 1192, 877, 177.48, 71, 70, 100, 14342, Not Active, Not Active, Not Active
2026/07/17 10:48:40.043, 1192, 877, 196.87, 71, 70, 100, 14342, Not Active, Not Active, Not Active
2026/07/17 10:48:40.095, 1192, 877, 191.96, 71, 70, 100, 14342, Not Active, Not Active, Not Active
2026/07/17 10:48:40.147, 1192, 877, 181.68, 71, 70, 100, 14342, Not Active, Not Active, Not Active
2026/07/17 10:48:40.198, 1192, 877, 178.32, 70, 70, 100, 14342, Not Active, Not Active, Not Active
2026/07/17 10:48:40.253, 1192, 877, 104.70, 71, 69, 100, 14342, Not Active, Not Active, Not Active
2026/07/17 10:48:40.306, 1192, 877, 133.83, 71, 70, 100, 14342, Not Active, Not Active, Not Active
2026/07/17 10:48:40.358, 1192, 877, 159.59, 71, 70, 100, 14342, Not Active, Not Active, Not Active
2026/07/17 10:48:40.410, 1192, 877, 180.36, 71, 70, 100, 14342, Not Active, Not Active, Not Active
2026/07/17 10:48:40.461, 1192, 877, 200.84, 71, 70, 100, 14342, Not Active, Not Active, Not Active
2026/07/17 10:48:40.515, 1192, 877, 194.13, 71, 70, 100, 14342, Not Active, Not Active, Not Active
2026/07/17 10:48:40.567, 1192, 877, 186.70, 71, 70, 100, 14342, Not Active, Not Active, Not Active
2026/07/17 10:48:40.618, 1192, 877, 179.64, 71, 69, 100, 14342, Not Active, Not Active, Not Active
2026/07/17 10:48:40.671, 1192, 877, 170.41, 71, 69, 100, 14342, Not Active, Not Active, Not Active
2026/07/17 10:48:40.722, 1192, 877, 149.60, 71, 70, 100, 14342, Not Active, Not Active, Not Active
2026/07/17 10:48:40.774, 1192, 877, 128.23, 71, 71, 100, 14342, Not Active, Not Active, Not Active
2026/07/17 10:48:40.826, 1192, 877, 156.33, 71, 70, 100, 14342, Not Active, Not Active, Not Active
2026/07/17 10:48:40.877, 1192, 877, 175.32, 71, 70, 100, 14342, Not Active, Not Active, Not Active
2026/07/17 10:48:40.929, 1192, 877, 193.65, 71, 70, 100, 14342, Not Active, Not Active, Not Active
2026/07/17 10:48:40.981, 1192, 877, 189.21, 71, 70, 100, 14342, Not Active, Not Active, Not Active
2026/07/17 10:48:41.036, 1192, 877, 188.61, 71, 70, 100, 14342, Not Active, Not Active, Not Active
2026/07/17 10:48:41.088, 1192, 877, 190.20, 71, 70, 100, 14342, Not Active, Not Active, Not Active
2026/07/17 10:48:41.140, 1192, 877, 172.21, 71, 70, 100, 14342, Not Active, Not Active, Not Active
2026/07/17 10:48:41.192, 1192, 877, 144.50, 71, 70, 100, 14342, Not Active, Not Active, Not Active
2026/07/17 10:48:41.244, 1192, 877, 157.18, 71, 70, 100, 14342, Not Active, Not Active, Not Active
2026/07/17 10:48:41.296, 1192, 877, 180.96, 71, 70, 100, 14342, Not Active, Not Active, Not Active
2026/07/17 10:48:41.348, 1192, 877, 194.96, 71, 70, 100, 14342, Not Active, Not Active, Not Active
2026/07/17 10:48:41.400, 1192, 877, 193.17, 71, 71, 100, 14342, Not Active, Not Active, Not Active
2026/07/17 10:48:41.454, 1192, 877, 184.32, 71, 70, 100, 14342, Not Active, Not Active, Not Active
2026/07/17 10:48:41.506, 1192, 877, 181.08, 71, 69, 100, 14342, Not Active, Not Active, Not Active
2026/07/17 10:48:41.558, 1192, 877, 159.85, 71, 70, 100, 14342, Not Active, Not Active, Not Active
2026/07/17 10:48:41.609, 1192, 877, 130.94, 71, 70, 100, 14342, Not Active, Not Active, Not Active
2026/07/17 10:48:41.661, 1192, 877, 143.45, 71, 71, 100, 14342, Not Active, Not Active, Not Active
2026/07/17 10:48:41.713, 1192, 877, 163.91, 71, 71, 100, 14342, Not Active, Not Active, Not Active
2026/07/17 10:48:41.765, 1192, 877, 176.16, 71, 71, 100, 14342, Not Active, Not Active, Not Active
2026/07/17 10:48:41.820, 1192, 877, 197.01, 71, 70, 100, 14342, Not Active, Not Active, Not Active
2026/07/17 10:48:41.871, 1192, 877, 191.74, 71, 70, 100, 14342, Not Active, Not Active, Not Active
2026/07/17 10:48:41.923, 1192, 877, 185.51, 71, 70, 100, 14342, Not Active, Not Active, Not Active
2026/07/17 10:48:41.979, 1192, 877, 182.76, 71, 70, 100, 14342, Not Active, Not Active, Not Active
2026/07/17 10:48:42.031, 1192, 877, 175.20, 71, 69, 100, 14342, Not Active, Not Active, Not Active
2026/07/17 10:48:42.082, 1192, 877, 146.62, 71, 70, 100, 14342, Not Active, Not Active, Not Active
2026/07/17 10:48:42.134, 1192, 877, 127.18, 71, 70, 100, 14342, Not Active, Not Active, Not Active
2026/07/17 10:48:42.186, 1192, 877, 180.72, 70, 70, 100, 14342, Not Active, Not Active, Not Active
2026/07/17 10:48:42.240, 1192, 877, 198.44, 71, 70, 100, 14342, Not Active, Not Active, Not Active
2026/07/17 10:48:42.292, 1192, 877, 187.55, 71, 70, 100, 14342, Not Active, Not Active, Not Active
2026/07/17 10:48:42.344, 1192, 877, 185.15, 71, 70, 100, 14342, Not Active, Not Active, Not Active
2026/07/17 10:48:42.396, 1192, 877, 176.40, 71, 69, 100, 14342, Not Active, Not Active, Not Active
2026/07/17 10:48:42.448, 1192, 877, 147.20, 71, 70, 100, 14342, Not Active, Not Active, Not Active
2026/07/17 10:48:42.499, 1192, 877, 130.55, 71, 71, 100, 14342, Not Active, Not Active, Not Active
2026/07/17 10:48:42.551, 1192, 877, 155.26, 71, 71, 100, 14342, Not Active, Not Active, Not Active
2026/07/17 10:48:42.603, 1192, 877, 177.48, 71, 71, 100, 14342, Not Active, Not Active, Not Active
2026/07/17 10:48:42.655, 1192, 877, 192.09, 71, 71, 100, 14342, Not Active, Not Active, Not Active
2026/07/17 10:48:42.709, 1192, 877, 187.17, 71, 70, 100, 14342, Not Active, Not Active, Not Active
2026/07/17 10:48:42.762, 1192, 877, 186.11, 71, 70, 100, 14342, Not Active, Not Active, Not Active
2026/07/17 10:48:42.813, 1192, 877, 179.52, 71, 69, 100, 14342, Not Active, Not Active, Not Active
2026/07/17 10:48:42.865, 1192, 877, 158.52, 71, 70, 100, 14342, Not Active, Not Active, Not Active
2026/07/17 10:48:42.918, 1192, 877, 125.65, 71, 70, 100, 14342, Not Active, Not Active, Not Active
2026/07/17 10:48:42.969, 1192, 877, 145.75, 71, 71, 100, 14342, Not Active, Not Active, Not Active
2026/07/17 10:48:43.021, 1192, 877, 166.20, 71, 71, 100, 14342, Not Active, Not Active, Not Active
2026/07/17 10:48:43.073, 1192, 877, 191.86, 71, 71, 100, 14342, Not Active, Not Active, Not Active
2026/07/17 10:48:43.125, 1192, 877, 159.59, 70, 69, 100, 14342, Not Active, Not Active, Not Active
2026/07/17 10:48:43.177, 1192, 877, 169.45, 71, 69, 100, 14342, Not Active, Not Active, Not Active
2026/07/17 10:48:43.229, 1192, 877, 136.62, 71, 70, 100, 14342, Not Active, Not Active, Not Active
2026/07/17 10:48:43.281, 1192, 877, 138.64, 71, 71, 100, 14342, Not Active, Not Active, Not Active
2026/07/17 10:48:43.333, 1192, 877, 159.00, 71, 71, 100, 14342, Not Active, Not Active, Not Active
2026/07/17 10:48:43.385, 1192, 877, 192.57, 71, 71, 100, 14342, Not Active, Not Active, Not Active
2026/07/17 10:48:43.437, 1192, 877, 193.87, 71, 71, 100, 14342, Not Active, Not Active, Not Active
2026/07/17 10:48:43.488, 1192, 877, 191.38, 71, 70, 100, 14342, Not Active, Not Active, Not Active
2026/07/17 10:48:43.545, 1192, 877, 181.68, 71, 70, 100, 14342, Not Active, Not Active, Not Active
2026/07/17 10:48:43.596, 1192, 877, 171.96, 71, 69, 100, 14342, Not Active, Not Active, Not Active
2026/07/17 10:48:43.648, 1192, 877, 144.60, 71, 70, 100, 14342, Not Active, Not Active, Not Active
2026/07/17 10:48:43.700, 1192, 877, 128.14, 71, 71, 100, 14342, Not Active, Not Active, Not Active
2026/07/17 10:48:43.752, 1192, 877, 155.64, 71, 71, 100, 14342, Not Active, Not Active, Not Active
2026/07/17 10:48:43.804, 1192, 877, 184.19, 71, 71, 100, 14342, Not Active, Not Active, Not Active
2026/07/17 10:48:43.855, 1192, 877, 190.65, 71, 71, 100, 14342, Not Active, Not Active, Not Active
2026/07/17 10:48:43.907, 1192, 877, 190.30, 71, 70, 100, 14342, Not Active, Not Active, Not Active
2026/07/17 10:48:43.959, 1192, 877, 183.71, 71, 69, 100, 14342, Not Active, Not Active, Not Active
2026/07/17 10:48:44.011, 1192, 877, 175.68, 71, 70, 100, 14342, Not Active, Not Active, Not Active
2026/07/17 10:48:44.065, 1192, 877, 143.35, 71, 70, 100, 14342, Not Active, Not Active, Not Active
2026/07/17 10:48:44.117, 1192, 877, 166.20, 71, 71, 100, 14342, Not Active, Not Active, Not Active
2026/07/17 10:48:44.169, 1192, 877, 192.57, 71, 71, 100, 14342, Not Active, Not Active, Not Active
2026/07/17 10:48:44.220, 1192, 877, 191.00, 71, 70, 100, 14342, Not Active, Not Active, Not Active
2026/07/17 10:48:44.272, 1192, 877, 185.03, 71, 70, 100, 14342, Not Active, Not Active, Not Active
2026/07/17 10:48:44.327, 1192, 877, 178.92, 71, 70, 100, 14342, Not Active, Not Active, Not Active
2026/07/17 10:48:44.379, 1192, 877, 152.76, 71, 70, 100, 14342, Not Active, Not Active, Not Active
2026/07/17 10:48:44.431, 1192, 877, 122.85, 71, 71, 100, 14342, Not Active, Not Active, Not Active
2026/07/17 10:48:44.483, 1192, 877, 150.94, 71, 71, 100, 14342, Not Active, Not Active, Not Active
2026/07/17 10:48:44.535, 1192, 877, 169.93, 71, 71, 100, 14342, Not Active, Not Active, Not Active
2026/07/17 10:48:44.589, 1192, 877, 199.13, 71, 71, 100, 14342, Not Active, Not Active, Not Active
2026/07/17 10:48:44.640, 1192, 877, 192.69, 71, 70, 100, 14342, Not Active, Not Active, Not Active
2026/07/17 10:48:44.692, 1192, 877, 176.65, 71, 69, 100, 14342, Not Active, Not Active, Not Active
2026/07/17 10:48:44.744, 1192, 877, 170.29, 71, 69, 100, 14342, Not Active, Not Active, Not Active
2026/07/17 10:48:44.796, 1192, 877, 145.75, 71, 70, 100, 14342, Not Active, Not Active, Not Active
2026/07/17 10:48:44.848, 1192, 877, 134.88, 71, 71, 100, 14342, Not Active, Not Active, Not Active
2026/07/17 10:48:44.899, 1192, 877, 160.55, 71, 71, 100, 14342, Not Active, Not Active, Not Active
2026/07/17 10:48:44.951, 1192, 877, 185.63, 72, 71, 100, 14342, Not Active, Not Active, Not Active
2026/07/17 10:48:45.003, 1192, 877, 194.83, 71, 71, 100, 14342, Not Active, Not Active, Not Active
2026/07/17 10:48:45.055, 1192, 877, 127.66, 71, 70, 100, 14342, Not Active, Not Active, Not Active
2026/07/17 10:48:45.108, 1192, 877, 144.31, 71, 70, 100, 14342, Not Active, Not Active, Not Active
2026/07/17 10:48:45.160, 1192, 877, 133.35, 71, 71, 100, 14342, Not Active, Not Active, Not Active
2026/07/17 10:48:45.212, 1192, 877, 161.88, 71, 71, 100, 14342, Not Active, Not Active, Not Active
2026/07/17 10:48:45.264, 1192, 877, 189.34, 71, 71, 100, 14342, Not Active, Not Active, Not Active
2026/07/17 10:48:45.315, 1192, 877, 196.40, 71, 71, 100, 14342, Not Active, Not Active, Not Active
2026/07/17 10:48:45.372, 1192, 877, 194.13, 71, 70, 100, 14342, Not Active, Not Active, Not Active
2026/07/17 10:48:45.424, 1192, 877, 180.12, 71, 71, 100, 14342, Not Active, Not Active, Not Active
2026/07/17 10:48:45.476, 1192, 877, 162.73, 71, 70, 100, 14342, Not Active, Not Active, Not Active
2026/07/17 10:48:45.530, 1192, 877, 134.70, 71, 70, 100, 14342, Not Active, Not Active, Not Active
2026/07/17 10:48:45.582, 1192, 877, 139.60, 71, 71, 100, 14342, Not Active, Not Active, Not Active
2026/07/17 10:48:45.633, 1192, 877, 160.92, 71, 71, 100, 14342, Not Active, Not Active, Not Active
2026/07/17 10:48:45.685, 1192, 877, 200.36, 71, 71, 100, 14342, Not Active, Not Active, Not Active
2026/07/17 10:48:45.737, 1192, 877, 191.13, 71, 71, 100, 14342, Not Active, Not Active, Not Active
2026/07/17 10:48:45.793, 1192, 877, 188.03, 71, 70, 100, 14342, Not Active, Not Active, Not Active
2026/07/17 10:48:45.845, 1192, 877, 175.57, 71, 70, 100, 14342, Not Active, Not Active, Not Active
2026/07/17 10:48:45.896, 1192, 877, 160.55, 71, 70, 100, 14342, Not Active, Not Active, Not Active
2026/07/17 10:48:45.949, 1192, 877, 120.52, 71, 71, 100, 14342, Not Active, Not Active, Not Active
2026/07/17 10:48:46.000, 1192, 877, 150.94, 71, 71, 100, 14342, Not Active, Not Active, Not Active
2026/07/17 10:48:46.052, 1192, 877, 189.47, 71, 70, 100, 14342, Not Active, Not Active, Not Active
2026/07/17 10:48:46.104, 1192, 877, 175.69, 71, 69, 100, 14342, Not Active, Not Active, Not Active
2026/07/17 10:48:46.155, 1192, 877, 174.24, 71, 70, 100, 14342, Not Active, Not Active, Not Active
2026/07/17 10:48:46.207, 1192, 877, 139.02, 71, 70, 100, 14342, Not Active, Not Active, Not Active
2026/07/17 10:48:46.259, 1192, 877, 136.80, 71, 71, 100, 14342, Not Active, Not Active, Not Active
2026/07/17 10:48:46.312, 1192, 877, 160.55, 71, 71, 100, 14342, Not Active, Not Active, Not Active
2026/07/17 10:48:46.364, 1192, 877, 195.57, 71, 71, 100, 14342, Not Active, Not Active, Not Active
2026/07/17 10:48:46.416, 1192, 877, 188.61, 71, 71, 100, 14342, Not Active, Not Active, Not Active
2026/07/17 10:48:46.468, 1192, 877, 188.03, 71, 70, 100, 14342, Not Active, Not Active, Not Active
2026/07/17 10:48:46.519, 1192, 877, 175.32, 71, 70, 100, 14342, Not Active, Not Active, Not Active
2026/07/17 10:48:46.574, 1192, 877, 144.70, 71, 70, 100, 14342, Not Active, Not Active, Not Active
2026/07/17 10:48:46.626, 1192, 877, 130.07, 71, 71, 100, 14342, Not Active, Not Active, Not Active
2026/07/17 10:48:46.677, 1192, 877, 159.59, 71, 71, 100, 14342, Not Active, Not Active, Not Active
2026/07/17 10:48:46.729, 1192, 877, 197.01, 71, 71, 100, 14342, Not Active, Not Active, Not Active
2026/07/17 10:48:46.781, 1192, 877, 193.04, 72, 71, 100, 14342, Not Active, Not Active, Not Active
2026/07/17 10:48:46.836, 1192, 877, 183.59, 71, 70, 100, 14342, Not Active, Not Active, Not Active
2026/07/17 10:48:46.888, 1192, 877, 181.08, 71, 69, 100, 14342, Not Active, Not Active, Not Active
2026/07/17 10:48:46.940, 1192, 877, 150.26, 71, 70, 100, 14342, Not Active, Not Active, Not Active
2026/07/17 10:48:46.992, 1192, 877, 124.37, 71, 71, 100, 14342, Not Active, Not Active, Not Active
2026/07/17 10:48:47.044, 1192, 877, 186.70, 71, 71, 100, 14342, Not Active, Not Active, Not Active
2026/07/17 10:48:47.097, 1192, 877, 190.65, 71, 69, 100, 14342, Not Active, Not Active, Not Active
2026/07/17 10:48:47.149, 1192, 877, 180.36, 71, 70, 100, 14342, Not Active, Not Active, Not Active
2026/07/17 10:48:47.200, 1192, 877, 161.51, 71, 70, 100, 14342, Not Active, Not Active, Not Active
2026/07/17 10:48:47.253, 1192, 877, 121.96, 71, 71, 100, 14342, Not Active, Not Active, Not Active
2026/07/17 10:48:47.304, 1192, 877, 150.56, 72, 71, 100, 14342, Not Active, Not Active, Not Active
2026/07/17 10:48:47.356, 1192, 877, 178.08, 72, 71, 100, 14342, Not Active, Not Active, Not Active
2026/07/17 10:48:47.408, 1192, 877, 191.13, 72, 71, 100, 14342, Not Active, Not Active, Not Active
2026/07/17 10:48:47.460, 1192, 877, 186.82, 71, 70, 100, 14342, Not Active, Not Active, Not Active
2026/07/17 10:48:47.511, 1192, 877, 172.21, 71, 70, 100, 14342, Not Active, Not Active, Not Active
2026/07/17 10:48:47.563, 1192, 877, 155.26, 71, 70, 100, 14342, Not Active, Not Active, Not Active
2026/07/17 10:48:47.617, 1192, 877, 127.18, 71, 71, 100, 14342, Not Active, Not Active, Not Active
2026/07/17 10:48:47.668, 1192, 877, 158.15, 72, 71, 100, 14342, Not Active, Not Active, Not Active
2026/07/17 10:48:47.720, 1192, 877, 184.07, 71, 71, 100, 14342, Not Active, Not Active, Not Active
2026/07/17 10:48:47.772, 1192, 877, 195.70, 71, 70, 100, 14342, Not Active, Not Active, Not Active
2026/07/17 10:48:47.824, 1192, 877, 189.95, 71, 71, 100, 14342, Not Active, Not Active, Not Active
2026/07/17 10:48:47.880, 1192, 877, 183.24, 72, 70, 100, 14342, Not Active, Not Active, Not Active
2026/07/17 10:48:47.931, 1192, 877, 157.08, 72, 70, 100, 14342, Not Active, Not Active, Not Active
2026/07/17 10:48:47.983, 1192, 877, 126.70, 72, 71, 100, 14342, Not Active, Not Active, Not Active
2026/07/17 10:48:48.036, 1192, 877, 196.05, 71, 70, 100, 14342, Not Active, Not Active, Not Active
2026/07/17 10:48:48.088, 1192, 877, 189.34, 71, 71, 100, 14342, Not Active, Not Active, Not Active
2026/07/17 10:48:48.141, 1192, 877, 185.99, 71, 70, 100, 14342, Not Active, Not Active, Not Active
2026/07/17 10:48:48.193, 1192, 877, 162.58, 71, 70, 100, 14342, Not Active, Not Active, Not Active
2026/07/17 10:48:48.245, 1192, 877, 123.33, 71, 71, 100, 14342, Not Active, Not Active, Not Active
2026/07/17 10:48:48.297, 1192, 877, 149.98, 71, 72, 100, 14342, Not Active, Not Active, Not Active
2026/07/17 10:48:48.349, 1192, 877, 174.84, 72, 71, 100, 14342, Not Active, Not Active, Not Active
2026/07/17 10:48:48.402, 1192, 877, 195.22, 72, 71, 100, 14342, Not Active, Not Active, Not Active
2026/07/17 10:48:48.454, 1192, 877, 187.30, 72, 71, 100, 14342, Not Active, Not Active, Not Active
2026/07/17 10:48:48.506, 1192, 877, 184.32, 72, 70, 100, 14342, Not Active, Not Active, Not Active
2026/07/17 10:48:48.562, 1192, 877, 159.00, 72, 70, 100, 14342, Not Active, Not Active, Not Active
2026/07/17 10:48:48.613, 1192, 877, 117.63, 72, 70, 100, 14342, Not Active, Not Active, Not Active
2026/07/17 10:48:48.666, 1192, 877, 149.50, 72, 71, 100, 14342, Not Active, Not Active, Not Active
2026/07/17 10:48:48.718, 1192, 877, 178.08, 72, 71, 100, 14342, Not Active, Not Active, Not Active
2026/07/17 10:48:48.770, 1192, 877, 194.00, 71, 71, 100, 14342, Not Active, Not Active, Not Active
2026/07/17 10:48:48.823, 1192, 877, 186.59, 71, 71, 100, 14342, Not Active, Not Active, Not Active
2026/07/17 10:48:48.875, 1192, 877, 173.53, 71, 70, 100, 14342, Not Active, Not Active, Not Active
2026/07/17 10:48:48.927, 1192, 877, 150.94, 72, 72, 100, 14342, Not Active, Not Active, Not Active
2026/07/17 10:48:48.979, 1192, 877, 129.10, 72, 71, 100, 14342, Not Active, Not Active, Not Active
2026/07/17 10:48:49.031, 1192, 877, 195.57, 71, 71, 100, 14342, Not Active, Not Active, Not Active
2026/07/17 10:48:49.085, 1192, 877, 198.44, 71, 71, 100, 14342, Not Active, Not Active, Not Active
2026/07/17 10:48:49.136, 1192, 877, 177.00, 71, 70, 100, 14342, Not Active, Not Active, Not Active
2026/07/17 10:48:49.188, 1192, 877, 154.78, 72, 70, 100, 14342, Not Active, Not Active, Not Active
2026/07/17 10:48:49.240, 1192, 877, 129.10, 72, 71, 100, 14342, Not Active, Not Active, Not Active
2026/07/17 10:48:49.292, 1192, 877, 160.07, 72, 71, 100, 14342, Not Active, Not Active, Not Active
2026/07/17 10:48:49.344, 1192, 877, 193.04, 72, 71, 100, 14342, Not Active, Not Active, Not Active
2026/07/17 10:48:49.396, 1192, 877, 191.86, 71, 71, 100, 14342, Not Active, Not Active, Not Active
2026/07/17 10:48:49.448, 1192, 877, 182.40, 71, 70, 100, 14342, Not Active, Not Active, Not Active
2026/07/17 10:48:49.500, 1192, 877, 159.00, 71, 70, 100, 14342, Not Active, Not Active, Not Active
2026/07/17 10:48:49.551, 1192, 877, 123.41, 72, 71, 100, 14342, Not Active, Not Active, Not Active
2026/07/17 10:48:49.604, 1192, 877, 154.30, 72, 72, 100, 14342, Not Active, Not Active, Not Active
2026/07/17 10:48:49.656, 1192, 877, 181.32, 72, 71, 100, 14342, Not Active, Not Active, Not Active
2026/07/17 10:48:49.708, 1192, 877, 191.03, 72, 71, 100, 14342, Not Active, Not Active, Not Active
2026/07/17 10:48:49.760, 1192, 877, 183.24, 71, 70, 100, 14342, Not Active, Not Active, Not Active
2026/07/17 10:48:49.812, 1192, 877, 174.36, 71, 70, 100, 14342, Not Active, Not Active, Not Active
2026/07/17 10:48:49.866, 1192, 877, 133.83, 72, 71, 100, 14342, Not Active, Not Active, Not Active
2026/07/17 10:48:49.918, 1192, 877, 147.29, 72, 71, 100, 14342, Not Active, Not Active, Not Active
2026/07/17 10:48:49.969, 1192, 877, 170.52, 72, 71, 100, 14342, Not Active, Not Active, Not Active
2026/07/17 10:48:50.021, 1192, 877, 166.42, 71, 70, 100, 14342, Not Active, Not Active, Not Active
2026/07/17 10:48:50.073, 1192, 877, 169.33, 71, 70, 100, 14342, Not Active, Not Active, Not Active
2026/07/17 10:48:50.127, 1192, 877, 131.99, 72, 70, 100, 14342, Not Active, Not Active, Not Active
2026/07/17 10:48:50.179, 1192, 877, 147.68, 72, 72, 100, 14342, Not Active, Not Active, Not Active
2026/07/17 10:48:50.230, 1192, 877, 171.73, 72, 71, 100, 14342, Not Active, Not Active, Not Active
2026/07/17 10:48:50.282, 1192, 877, 192.21, 72, 71, 100, 14342, Not Active, Not Active, Not Active
2026/07/17 10:48:50.334, 1192, 877, 187.07, 72, 71, 100, 14342, Not Active, Not Active, Not Active
2026/07/17 10:48:50.389, 1192, 877, 174.49, 72, 70, 100, 14342, Not Active, Not Active, Not Active
2026/07/17 10:48:50.441, 1192, 877, 145.75, 72, 70, 100, 14342, Not Active, Not Active, Not Active
2026/07/17 10:48:50.493, 1192, 877, 136.23, 72, 71, 100, 14342, Not Active, Not Active, Not Active
2026/07/17 10:48:50.545, 1192, 877, 161.40, 72, 72, 100, 14342, Not Active, Not Active, Not Active
2026/07/17 10:48:50.597, 1192, 877, 191.83, 72, 71, 100, 14342, Not Active, Not Active, Not Active
2026/07/17 10:48:50.650, 1192, 877, 194.74, 72, 71, 100, 14342, Not Active, Not Active, Not Active
2026/07/17 10:48:50.702, 1192, 877, 175.93, 72, 71, 100, 14342, Not Active, Not Active, Not Active
2026/07/17 10:48:50.754, 1192, 877, 154.78, 72, 70, 100, 14342, Not Active, Not Active, Not Active
2026/07/17 10:48:50.806, 1192, 877, 130.55, 72, 72, 100, 14342, Not Active, Not Active, Not Active
2026/07/17 10:48:50.858, 1192, 877, 160.55, 72, 71, 100, 14342, Not Active, Not Active, Not Active
2026/07/17 10:48:50.910, 1192, 877, 195.92, 72, 72, 100, 14342, Not Active, Not Active, Not Active
2026/07/17 10:48:50.962, 1192, 877, 195.57, 71, 71, 100, 14342, Not Active, Not Active, Not Active
2026/07/17 10:48:51.014, 1192, 877, 104.28, 71, 70, 100, 14342, Not Active, Not Active, Not Active
2026/07/17 10:48:51.066, 1192, 877, 144.79, 71, 71, 100, 14342, Not Active, Not Active, Not Active
2026/07/17 10:48:51.118, 1192, 877, 167.05, 72, 72, 100, 14342, Not Active, Not Active, Not Active
2026/07/17 10:48:51.172, 1192, 877, 195.22, 71, 71, 100, 14342, Not Active, Not Active, Not Active
2026/07/17 10:48:51.223, 1192, 877, 188.51, 72, 71, 100, 14342, Not Active, Not Active, Not Active
2026/07/17 10:48:51.275, 1192, 877, 166.46, 71, 70, 100, 14342, Not Active, Not Active, Not Active
2026/07/17 10:48:51.328, 1192, 877, 130.85, 71, 71, 100, 14342, Not Active, Not Active, Not Active
2026/07/17 10:48:51.379, 1192, 877, 147.58, 72, 72, 100, 14342, Not Active, Not Active, Not Active
2026/07/17 10:48:51.431, 1192, 877, 173.28, 72, 71, 100, 14342, Not Active, Not Active, Not Active
2026/07/17 10:48:51.483, 1192, 877, 192.69, 72, 71, 100, 14342, Not Active, Not Active, Not Active
2026/07/17 10:48:51.535, 1192, 877, 184.80, 72, 70, 100, 14342, Not Active, Not Active, Not Active
2026/07/17 10:48:51.587, 1192, 877, 165.72, 72, 70, 100, 14342, Not Active, Not Active, Not Active
2026/07/17 10:48:51.638, 1192, 877, 115.22, 72, 71, 100, 14342, Not Active, Not Active, Not Active
2026/07/17 10:48:51.691, 1192, 877, 151.90, 72, 72, 100, 14342, Not Active, Not Active, Not Active
2026/07/17 10:48:51.743, 1192, 877, 180.84, 72, 72, 100, 14342, Not Active, Not Active, Not Active
2026/07/17 10:48:51.795, 1192, 877, 190.43, 72, 71, 100, 14342, Not Active, Not Active, Not Active
2026/07/17 10:48:51.847, 1192, 877, 180.00, 72, 70, 100, 14342, Not Active, Not Active, Not Active
2026/07/17 10:48:51.898, 1192, 877, 163.54, 72, 70, 100, 14342, Not Active, Not Active, Not Active
2026/07/17 10:48:51.953, 1192, 877, 117.15, 72, 72, 100, 14342, Not Active, Not Active, Not Active
2026/07/17 10:48:52.004, 1192, 877, 150.94, 72, 72, 100, 14342, Not Active, Not Active, Not Active
2026/07/17 10:48:52.056, 1192, 877, 179.52, 71, 70, 100, 14342, Not Active, Not Active, Not Active
2026/07/17 10:48:52.108, 1192, 877, 183.84, 72, 70, 100, 14342, Not Active, Not Active, Not Active
2026/07/17 10:48:52.160, 1192, 877, 150.36, 72, 70, 100, 14342, Not Active, Not Active, Not Active
2026/07/17 10:48:52.213, 1192, 877, 132.38, 72, 72, 100, 14342, Not Active, Not Active, Not Active
2026/07/17 10:48:52.265, 1192, 877, 163.91, 72, 72, 100, 14342, Not Active, Not Active, Not Active
2026/07/17 10:48:52.317, 1192, 877, 198.44, 72, 71, 100, 14342, Not Active, Not Active, Not Active
2026/07/17 10:48:52.368, 1192, 877, 189.34, 71, 71, 100, 14342, Not Active, Not Active, Not Active
2026/07/17 10:48:52.420, 1192, 877, 173.40, 72, 71, 100, 14342, Not Active, Not Active, Not Active
2026/07/17 10:48:52.475, 1192, 877, 140.95, 72, 70, 100, 14342, Not Active, Not Active, Not Active
2026/07/17 10:48:52.526, 1192, 877, 139.02, 72, 72, 100, 14342, Not Active, Not Active, Not Active
2026/07/17 10:48:52.579, 1192, 877, 164.17, 72, 72, 100, 14342, Not Active, Not Active, Not Active
2026/07/17 10:48:52.631, 1192, 877, 197.14, 72, 71, 100, 14342, Not Active, Not Active, Not Active
2026/07/17 10:48:52.683, 1192, 877, 188.51, 72, 71, 100, 14342, Not Active, Not Active, Not Active
2026/07/17 10:48:52.737, 1192, 877, 171.37, 72, 70, 100, 14342, Not Active, Not Active, Not Active
2026/07/17 10:48:52.789, 1192, 877, 126.22, 72, 70, 100, 14342, Not Active, Not Active, Not Active
2026/07/17 10:48:52.841, 1192, 877, 148.64, 72, 72, 100, 14342, Not Active, Not Active, Not Active
2026/07/17 10:48:52.893, 1192, 877, 175.20, 72, 72, 100, 14342, Not Active, Not Active, Not Active
2026/07/17 10:48:52.944, 1192, 877, 192.57, 72, 71, 100, 14342, Not Active, Not Active, Not Active
2026/07/17 10:48:52.998, 1192, 877, 180.84, 72, 71, 100, 14342, Not Active, Not Active, Not Active
2026/07/17 10:48:53.050, 1192, 877, 123.97, 72, 70, 100, 14342, Not Active, Not Active, Not Active
2026/07/17 10:48:53.103, 1192, 877, 149.02, 72, 71, 100, 14342, Not Active, Not Active, Not Active
2026/07/17 10:48:53.156, 1192, 877, 185.51, 72, 71, 100, 14342, Not Active, Not Active, Not Active
2026/07/17 10:48:53.208, 1192, 877, 189.69, 71, 71, 100, 14342, Not Active, Not Active, Not Active
2026/07/17 10:48:53.260, 1192, 877, 174.13, 72, 70, 100, 14342, Not Active, Not Active, Not Active
2026/07/17 10:48:53.312, 1192, 877, 144.31, 72, 72, 100, 14342, Not Active, Not Active, Not Active
2026/07/17 10:48:53.364, 1192, 877, 135.84, 72, 71, 100, 14342, Not Active, Not Active, Not Active
2026/07/17 10:48:53.417, 1192, 877, 165.72, 72, 72, 100, 14342, Not Active, Not Active, Not Active
2026/07/17 10:48:53.469, 1192, 877, 193.52, 72, 71, 100, 14342, Not Active, Not Active, Not Active
2026/07/17 10:48:53.520, 1192, 877, 181.68, 72, 71, 100, 14342, Not Active, Not Active, Not Active
2026/07/17 10:48:53.572, 1192, 877, 163.17, 72, 70, 100, 14342, Not Active, Not Active, Not Active
2026/07/17 10:48:53.624, 1192, 877, 116.67, 72, 72, 100, 14342, Not Active, Not Active, Not Active
2026/07/17 10:48:53.678, 1192, 877, 150.08, 72, 72, 100, 14342, Not Active, Not Active, Not Active
2026/07/17 10:48:53.730, 1192, 877, 185.15, 72, 72, 100, 14342, Not Active, Not Active, Not Active
2026/07/17 10:48:53.782, 1192, 877, 191.48, 72, 71, 100, 14342, Not Active, Not Active, Not Active
2026/07/17 10:48:53.834, 1192, 877, 182.88, 72, 71, 100, 14342, Not Active, Not Active, Not Active
2026/07/17 10:48:53.886, 1192, 877, 156.98, 72, 71, 100, 14342, Not Active, Not Active, Not Active
2026/07/17 10:48:53.939, 1192, 877, 126.22, 72, 71, 100, 14342, Not Active, Not Active, Not Active
2026/07/17 10:48:53.991, 1192, 877, 161.40, 72, 72, 100, 14342, Not Active, Not Active, Not Active
2026/07/17 10:48:54.042, 1192, 877, 194.96, 72, 71, 100, 14342, Not Active, Not Active, Not Active
2026/07/17 10:48:54.094, 1192, 877, 113.93, 72, 70, 100, 14342, Not Active, Not Active, Not Active
2026/07/17 10:48:54.146, 1192, 877, 115.70, 72, 71, 100, 14342, Not Active, Not Active, Not Active
2026/07/17 10:48:54.198, 1192, 877, 154.78, 72, 72, 100, 14342, Not Active, Not Active, Not Active
2026/07/17 10:48:54.250, 1192, 877, 189.11, 72, 71, 100, 14342, Not Active, Not Active, Not Active
2026/07/17 10:48:54.304, 1192, 877, 190.65, 72, 71, 100, 14342, Not Active, Not Active, Not Active
2026/07/17 10:48:54.355, 1192, 877, 177.84, 72, 70, 100, 14342, Not Active, Not Active, Not Active
2026/07/17 10:48:54.407, 1192, 877, 148.06, 72, 70, 100, 14342, Not Active, Not Active, Not Active
2026/07/17 10:48:54.461, 1192, 877, 136.71, 72, 71, 100, 14342, Not Active, Not Active, Not Active
2026/07/17 10:48:54.513, 1192, 877, 167.64, 72, 72, 100, 14342, Not Active, Not Active, Not Active
2026/07/17 10:48:54.564, 1192, 877, 193.30, 72, 71, 100, 14342, Not Active, Not Active, Not Active
2026/07/17 10:48:54.616, 1192, 877, 187.55, 72, 71, 100, 14342, Not Active, Not Active, Not Active
2026/07/17 10:48:54.668, 1192, 877, 156.60, 72, 71, 100, 14342, Not Active, Not Active, Not Active
2026/07/17 10:48:54.720, 1192, 877, 121.88, 72, 72, 100, 14342, Not Active, Not Active, Not Active
2026/07/17 10:48:54.772, 1192, 877, 158.15, 72, 72, 100, 14342, Not Active, Not Active, Not Active
2026/07/17 10:48:54.824, 1192, 877, 199.88, 72, 71, 100, 14342, Not Active, Not Active, Not Active
2026/07/17 10:48:54.875, 1192, 877, 185.51, 72, 71, 100, 14342, Not Active, Not Active, Not Active
2026/07/17 10:48:54.927, 1192, 877, 170.27, 72, 71, 100, 14342, Not Active, Not Active, Not Active
2026/07/17 10:48:54.979, 1192, 877, 120.04, 72, 71, 100, 14342, Not Active, Not Active, Not Active
2026/07/17 10:48:55.031, 1192, 877, 151.52, 72, 72, 100, 14342, Not Active, Not Active, Not Active
2026/07/17 10:48:55.083, 1192, 877, 180.00, 72, 72, 100, 14342, Not Active, Not Active, Not Active
2026/07/17 10:48:55.135, 1192, 877, 168.38, 72, 71, 100, 14342, Not Active, Not Active, Not Active
2026/07/17 10:48:55.188, 1192, 877, 200.09, 72, 72, 100, 14342, Not Active, Not Active, Not Active
2026/07/17 10:48:55.240, 1192, 877, 201.32, 72, 73, 97, 14342, Not Active, Not Active, Not Active
2026/07/17 10:48:55.292, 1192, 877, 198.79, 73, 73, 97, 14342, Not Active, Not Active, Not Active
2026/07/17 10:48:55.356, 1192, 877, 198.31, 73, 73, 97, 14342, Not Active, Not Active, Not Active
2026/07/17 10:48:55.411, 1192, 877, 195.70, 73, 73, 100, 14342, Not Active, Not Active, Not Active
2026/07/17 10:48:55.462, 1192, 877, 197.35, 73, 73, 100, 14342, Not Active, Not Active, Not Active
2026/07/17 10:48:55.515, 1192, 877, 200.01, 73, 73, 100, 14342, Not Active, Not Active, Not Active
2026/07/17 10:48:55.571, 1192, 877, 197.83, 73, 73, 100, 14342, Not Active, Not Active, Not Active
2026/07/17 10:48:55.623, 1192, 877, 201.80, 73, 73, 100, 14342, Not Active, Not Active, Not Active
2026/07/17 10:48:55.674, 1192, 877, 193.39, 73, 73, 100, 14342, Not Active, Not Active, Not Active
2026/07/17 10:48:55.727, 1192, 877, 193.04, 73, 74, 100, 14342, Not Active, Not Active, Not Active
2026/07/17 10:48:55.778, 1192, 877, 189.69, 73, 73, 100, 14342, Not Active, Not Active, Not Active
2026/07/17 10:48:55.831, 1192, 877, 197.96, 73, 73, 100, 14342, Not Active, Not Active, Not Active
2026/07/17 10:48:55.883, 1192, 877, 190.90, 73, 73, 100, 14342, Not Active, Not Active, Not Active
2026/07/17 10:48:55.934, 1192, 877, 192.91, 73, 74, 100, 14342, Not Active, Not Active, Not Active
2026/07/17 10:48:55.986, 1192, 877, 198.31, 73, 73, 100, 14342, Not Active, Not Active, Not Active
2026/07/17 10:48:56.038, 1192, 877, 200.49, 73, 73, 100, 14342, Not Active, Not Active, Not Active
2026/07/17 10:48:56.093, 1192, 877, 199.27, 73, 74, 100, 14342, Not Active, Not Active, Not Active
2026/07/17 10:48:56.145, 1192, 877, 197.22, 73, 73, 100, 14342, Not Active, Not Active, Not Active
2026/07/17 10:48:56.197, 1192, 877, 199.75, 73, 74, 100, 14342, Not Active, Not Active, Not Active
2026/07/17 10:48:56.249, 1192, 877, 199.75, 73, 74, 100, 14342, Not Active, Not Active, Not Active
2026/07/17 10:48:56.301, 1192, 877, 197.35, 73, 74, 100, 14342, Not Active, Not Active, Not Active
2026/07/17 10:48:56.354, 1192, 877, 200.09, 73, 74, 100, 14342, Not Active, Not Active, Not Active
2026/07/17 10:48:56.406, 1192, 877, 190.30, 73, 73, 100, 14342, Not Active, Not Active, Not Active
2026/07/17 10:48:56.457, 1192, 877, 190.78, 73, 73, 100, 14342, Not Active, Not Active, Not Active
2026/07/17 10:48:56.510, 1192, 877, 196.05, 73, 74, 100, 14342, Not Active, Not Active, Not Active
2026/07/17 10:48:56.561, 1192, 877, 192.57, 73, 74, 100, 14342, Not Active, Not Active, Not Active
2026/07/17 10:48:56.614, 1192, 877, 202.62, 73, 74, 100, 14342, Not Active, Not Active, Not Active
2026/07/17 10:48:56.666, 1192, 877, 193.87, 73, 74, 100, 14342, Not Active, Not Active, Not Active
2026/07/17 10:48:56.718, 1192, 877, 198.71, 73, 74, 100, 14342, Not Active, Not Active, Not Active
2026/07/17 10:48:56.771, 1192, 877, 197.83, 73, 74, 100, 14342, Not Active, Not Active, Not Active
2026/07/17 10:48:56.822, 1192, 877, 193.52, 73, 74, 100, 14342, Not Active, Not Active, Not Active
2026/07/17 10:48:56.876, 1192, 877, 200.01, 73, 74, 100, 14342, Not Active, Not Active, Not Active
2026/07/17 10:48:56.928, 1192, 877, 189.57, 73, 74, 100, 14342, Not Active, Not Active, Not Active
2026/07/17 10:48:56.979, 1192, 877, 189.21, 73, 74, 100, 14342, Not Active, Not Active, Not Active
2026/07/17 10:48:57.032, 1192, 877, 170.89, 73, 74, 100, 14342, Not Active, Not Active, Not Active
2026/07/17 10:48:57.083, 1192, 877, 196.13, 73, 74, 100, 14342, Not Active, Not Active, Not Active
2026/07/17 10:48:57.137, 1192, 877, 198.44, 73, 74, 100, 14342, Not Active, Not Active, Not Active
2026/07/17 10:48:57.189, 1192, 877, 185.26, 73, 74, 100, 14342, Not Active, Not Active, Not Active
2026/07/17 10:48:57.241, 1192, 877, 198.31, 73, 74, 100, 14342, Not Active, Not Active, Not Active
2026/07/17 10:48:57.297, 1192, 877, 199.48, 73, 74, 100, 14342, Not Active, Not Active, Not Active
2026/07/17 10:48:57.349, 1192, 877, 190.78, 74, 74, 100, 14342, Not Active, Not Active, Not Active
2026/07/17 10:48:57.400, 1192, 877, 185.26, 73, 74, 100, 14342, Not Active, Not Active, Not Active
2026/07/17 10:48:57.453, 1192, 877, 191.74, 73, 74, 100, 14342, Not Active, Not Active, Not Active
2026/07/17 10:48:57.504, 1192, 877, 191.86, 74, 74, 100, 14342, Not Active, Not Active, Not Active
2026/07/17 10:48:57.558, 1192, 877, 195.44, 74, 74, 100, 14342, Not Active, Not Active, Not Active
2026/07/17 10:48:57.610, 1192, 877, 197.96, 73, 74, 100, 14342, Not Active, Not Active, Not Active
2026/07/17 10:48:57.662, 1192, 877, 184.07, 74, 74, 100, 14342, Not Active, Not Active, Not Active
2026/07/17 10:48:57.714, 1192, 877, 189.34, 73, 74, 100, 14342, Not Active, Not Active, Not Active
2026/07/17 10:48:57.766, 1192, 877, 197.01, 74, 74, 100, 14342, Not Active, Not Active, Not Active
2026/07/17 10:48:57.819, 1192, 877, 191.83, 74, 74, 100, 14342, Not Active, Not Active, Not Active
2026/07/17 10:48:57.870, 1192, 877, 179.28, 74, 74, 100, 14342, Not Active, Not Active, Not Active
2026/07/17 10:48:57.923, 1192, 877, 198.57, 73, 74, 100, 14342, Not Active, Not Active, Not Active
2026/07/17 10:48:57.975, 1192, 877, 195.44, 74, 74, 100, 14342, Not Active, Not Active, Not Active
2026/07/17 10:48:58.026, 1192, 877, 199.40, 73, 74, 100, 14342, Not Active, Not Active, Not Active
2026/07/17 10:48:58.080, 1192, 877, 197.48, 74, 74, 100, 14342, Not Active, Not Active, Not Active
2026/07/17 10:48:58.132, 1192, 877, 195.57, 74, 74, 100, 14342, Not Active, Not Active, Not Active
2026/07/17 10:48:58.183, 1192, 877, 196.53, 74, 74, 100, 14342, Not Active, Not Active, Not Active
2026/07/17 10:48:58.236, 1192, 877, 189.34, 74, 74, 100, 14342, Not Active, Not Active, Not Active
2026/07/17 10:48:58.287, 1192, 877, 197.48, 74, 74, 100, 14342, Not Active, Not Active, Not Active
2026/07/17 10:48:58.341, 1192, 877, 177.72, 73, 74, 100, 14342, Not Active, Not Active, Not Active
2026/07/17 10:48:58.393, 1192, 877, 198.66, 74, 74, 100, 14342, Not Active, Not Active, Not Active
2026/07/17 10:48:58.445, 1192, 877, 191.74, 74, 74, 100, 14342, Not Active, Not Active, Not Active
2026/07/17 10:48:58.501, 1192, 877, 191.35, 74, 74, 100, 14342, Not Active, Not Active, Not Active
2026/07/17 10:48:58.553, 1192, 877, 197.48, 74, 74, 100, 14342, Not Active, Not Active, Not Active
2026/07/17 10:48:58.604, 1192, 877, 198.79, 74, 74, 100, 14342, Not Active, Not Active, Not Active
2026/07/17 10:48:58.657, 1192, 877, 191.13, 74, 74, 100, 14342, Not Active, Not Active, Not Active
2026/07/17 10:48:58.709, 1192, 877, 196.74, 74, 74, 100, 14342, Not Active, Not Active, Not Active
2026/07/17 10:48:58.770, 1192, 877, 186.59, 74, 74, 100, 14342, Not Active, Not Active, Not Active
2026/07/17 10:48:58.826, 1192, 877, 190.30, 74, 74, 100, 14342, Not Active, Not Active, Not Active
2026/07/17 10:48:58.877, 1192, 877, 196.53, 74, 74, 100, 14342, Not Active, Not Active, Not Active
2026/07/17 10:48:58.929, 1192, 877, 188.03, 74, 74, 100, 14342, Not Active, Not Active, Not Active
2026/07/17 10:48:58.986, 1192, 877, 152.00, 74, 74, 100, 14342, Not Active, Not Active, Not Active
2026/07/17 10:48:59.038, 1192, 877, 195.22, 74, 74, 100, 14342, Not Active, Not Active, Not Active
2026/07/17 10:48:59.090, 1192, 877, 201.66, 74, 74, 100, 14342, Not Active, Not Active, Not Active
2026/07/17 10:48:59.142, 1192, 877, 199.61, 74, 74, 100, 14342, Not Active, Not Active, Not Active
2026/07/17 10:48:59.194, 1192, 877, 187.30, 74, 74, 100, 14342, Not Active, Not Active, Not Active
2026/07/17 10:48:59.247, 1192, 877, 194.61, 74, 74, 100, 14342, Not Active, Not Active, Not Active
2026/07/17 10:48:59.299, 1192, 877, 197.70, 74, 74, 100, 14342, Not Active, Not Active, Not Active
2026/07/17 10:48:59.350, 1192, 877, 189.82, 74, 74, 100, 14342, Not Active, Not Active, Not Active
2026/07/17 10:48:59.402, 1192, 877, 188.99, 74, 74, 100, 14342, Not Active, Not Active, Not Active
2026/07/17 10:48:59.454, 1192, 877, 196.66, 74, 74, 100, 14342, Not Active, Not Active, Not Active
2026/07/17 10:48:59.511, 1192, 877, 192.57, 74, 74, 100, 14342, Not Active, Not Active, Not Active
2026/07/17 10:48:59.563, 1192, 877, 185.63, 74, 74, 100, 14342, Not Active, Not Active, Not Active
2026/07/17 10:48:59.615, 1192, 877, 195.09, 74, 74, 100, 14342, Not Active, Not Active, Not Active
2026/07/17 10:48:59.670, 1192, 877, 178.80, 74, 74, 100, 14342, Not Active, Not Active, Not Active
2026/07/17 10:48:59.722, 1192, 877, 201.18, 74, 74, 100, 14342, Not Active, Not Active, Not Active
2026/07/17 10:48:59.773, 1192, 877, 183.71, 74, 74, 100, 14342, Not Active, Not Active, Not Active
2026/07/17 10:48:59.825, 1192, 877, 193.43, 74, 74, 100, 14342, Not Active, Not Active, Not Active
2026/07/17 10:48:59.877, 1192, 877, 194.13, 74, 74, 100, 14342, Not Active, Not Active, Not Active
2026/07/17 10:48:59.932, 1192, 877, 196.40, 74, 74, 100, 14342, Not Active, Not Active, Not Active
2026/07/17 10:48:59.984, 1192, 877, 182.99, 74, 74, 100, 14342, Not Active, Not Active, Not Active
2026/07/17 10:49:00.035, 1192, 877, 184.43, 74, 74, 100, 14342, Not Active, Not Active, Not Active
2026/07/17 10:49:00.087, 1192, 877, 193.52, 74, 74, 100, 14342, Not Active, Not Active, Not Active
2026/07/17 10:49:00.139, 1192, 877, 196.87, 74, 75, 100, 14342, Not Active, Not Active, Not Active
2026/07/17 10:49:00.194, 1192, 877, 184.80, 74, 74, 100, 14342, Not Active, Not Active, Not Active
2026/07/17 10:49:00.245, 1192, 877, 194.48, 74, 74, 100, 14342, Not Active, Not Active, Not Active
2026/07/17 10:49:00.297, 1192, 877, 192.44, 74, 74, 100, 14342, Not Active, Not Active, Not Active
2026/07/17 10:49:00.349, 1192, 877, 192.34, 74, 74, 100, 14342, Not Active, Not Active, Not Active
2026/07/17 10:49:00.401, 1192, 877, 184.19, 74, 74, 100, 14342, Not Active, Not Active, Not Active
2026/07/17 10:49:00.456, 1192, 877, 185.38, 74, 74, 100, 14342, Not Active, Not Active, Not Active
2026/07/17 10:49:00.508, 1192, 877, 194.13, 74, 74, 100, 14342, Not Active, Not Active, Not Active
2026/07/17 10:49:00.560, 1192, 877, 199.40, 74, 75, 100, 14342, Not Active, Not Active, Not Active
2026/07/17 10:49:00.618, 1192, 877, 183.24, 74, 75, 100, 14342, Not Active, Not Active, Not Active
2026/07/17 10:49:00.670, 1192, 877, 184.30, 74, 74, 100, 14342, Not Active, Not Active, Not Active
2026/07/17 10:49:00.722, 1192, 877, 194.26, 74, 74, 100, 14342, Not Active, Not Active, Not Active
2026/07/17 10:49:00.777, 1192, 877, 198.92, 74, 74, 100, 14342, Not Active, Not Active, Not Active
2026/07/17 10:49:00.829, 1192, 877, 184.19, 74, 74, 100, 14342, Not Active, Not Active, Not Active
2026/07/17 10:49:00.881, 1192, 877, 188.61, 74, 75, 100, 14342, Not Active, Not Active, Not Active
2026/07/17 10:49:00.932, 1192, 877, 188.48, 74, 74, 100, 14342, Not Active, Not Active, Not Active
2026/07/17 10:49:00.984, 1192, 877, 194.83, 74, 74, 100, 14342, Not Active, Not Active, Not Active
2026/07/17 10:49:01.040, 1192, 877, 187.55, 74, 74, 100, 14342, Not Active, Not Active, Not Active
2026/07/17 10:49:01.091, 1192, 877, 185.99, 74, 75, 100, 14342, Not Active, Not Active, Not Active
2026/07/17 10:49:01.143, 1192, 877, 193.26, 74, 74, 100, 14342, Not Active, Not Active, Not Active
2026/07/17 10:49:01.195, 1192, 877, 196.05, 74, 74, 100, 14342, Not Active, Not Active, Not Active
2026/07/17 10:49:01.247, 1192, 877, 202.62, 74, 75, 100, 14342, Not Active, Not Active, Not Active
2026/07/17 10:49:01.302, 1192, 877, 180.60, 74, 74, 100, 14342, Not Active, Not Active, Not Active
2026/07/17 10:49:01.354, 1192, 877, 189.11, 74, 75, 100, 14342, Not Active, Not Active, Not Active
2026/07/17 10:49:01.406, 1192, 877, 189.69, 74, 75, 100, 14342, Not Active, Not Active, Not Active
2026/07/17 10:49:01.458, 1192, 877, 193.04, 74, 75, 100, 14342, Not Active, Not Active, Not Active
2026/07/17 10:49:01.509, 1192, 877, 177.96, 74, 75, 100, 14342, Not Active, Not Active, Not Active
2026/07/17 10:49:01.564, 1192, 877, 189.34, 74, 75, 100, 14342, Not Active, Not Active, Not Active
2026/07/17 10:49:01.616, 1192, 877, 197.01, 74, 75, 100, 14342, Not Active, Not Active, Not Active
2026/07/17 10:49:01.667, 1192, 877, 195.31, 74, 75, 100, 14342, Not Active, Not Active, Not Active
2026/07/17 10:49:01.719, 1192, 877, 190.17, 74, 74, 100, 14342, Not Active, Not Active, Not Active
2026/07/17 10:49:01.771, 1192, 877, 178.92, 74, 74, 100, 14342, Not Active, Not Active, Not Active
2026/07/17 10:49:01.827, 1192, 877, 190.04, 74, 75, 100, 14342, Not Active, Not Active, Not Active
2026/07/17 10:49:01.879, 1192, 877, 184.78, 74, 75, 100, 14342, Not Active, Not Active, Not Active
2026/07/17 10:49:01.931, 1192, 877, 199.75, 74, 75, 100, 14342, Not Active, Not Active, Not Active
2026/07/17 10:49:01.987, 1192, 877, 174.72, 74, 75, 100, 14342, Not Active, Not Active, Not Active
2026/07/17 10:49:02.039, 1192, 877, 188.38, 74, 75, 100, 14342, Not Active, Not Active, Not Active
2026/07/17 10:49:02.090, 1192, 877, 192.57, 74, 75, 100, 14342, Not Active, Not Active, Not Active
2026/07/17 10:49:02.143, 1192, 877, 197.14, 74, 75, 100, 14342, Not Active, Not Active, Not Active
2026/07/17 10:49:02.195, 1192, 877, 201.11, 74, 75, 100, 14342, Not Active, Not Active, Not Active
2026/07/17 10:49:02.249, 1192, 877, 182.88, 74, 75, 100, 14342, Not Active, Not Active, Not Active
2026/07/17 10:49:02.301, 1192, 877, 194.48, 74, 74, 100, 14342, Not Active, Not Active, Not Active
2026/07/17 10:49:02.353, 1192, 877, 199.88, 74, 75, 100, 14342, Not Active, Not Active, Not Active
2026/07/17 10:49:02.405, 1192, 877, 182.63, 74, 74, 100, 14342, Not Active, Not Active, Not Active
2026/07/17 10:49:02.457, 1192, 877, 205.01, 74, 75, 100, 14342, Not Active, Not Active, Not Active
2026/07/17 10:49:02.511, 1192, 877, 173.05, 74, 75, 100, 14342, Not Active, Not Active, Not Active
2026/07/17 10:49:02.563, 1192, 877, 187.80, 74, 75, 100, 14342, Not Active, Not Active, Not Active
2026/07/17 10:49:02.615, 1192, 877, 187.65, 74, 75, 100, 14342, Not Active, Not Active, Not Active
2026/07/17 10:49:02.667, 1192, 877, 197.48, 74, 74, 100, 14342, Not Active, Not Active, Not Active
2026/07/17 10:49:02.719, 1192, 877, 192.47, 74, 75, 100, 14342, Not Active, Not Active, Not Active
2026/07/17 10:49:02.774, 1192, 877, 179.88, 74, 75, 100, 14342, Not Active, Not Active, Not Active
2026/07/17 10:49:02.826, 1192, 877, 182.51, 74, 75, 100, 14342, Not Active, Not Active, Not Active
2026/07/17 10:49:02.877, 1192, 877, 192.57, 74, 75, 100, 14342, Not Active, Not Active, Not Active
2026/07/17 10:49:02.930, 1192, 877, 199.88, 74, 75, 100, 14342, Not Active, Not Active, Not Active
2026/07/17 10:49:02.981, 1192, 877, 169.56, 74, 75, 100, 14342, Not Active, Not Active, Not Active
2026/07/17 10:49:03.037, 1192, 877, 183.59, 74, 75, 100, 14342, Not Active, Not Active, Not Active
2026/07/17 10:49:03.089, 1192, 877, 153.44, 74, 75, 100, 14342, Not Active, Not Active, Not Active
2026/07/17 10:49:03.141, 1192, 877, 194.61, 74, 75, 100, 14342, Not Active, Not Active, Not Active
2026/07/17 10:49:03.198, 1192, 877, 198.44, 74, 75, 100, 14342, Not Active, Not Active, Not Active
2026/07/17 10:49:03.250, 1192, 877, 193.78, 74, 75, 100, 14342, Not Active, Not Active, Not Active
2026/07/17 10:49:03.301, 1192, 877, 179.76, 74, 75, 100, 14342, Not Active, Not Active, Not Active
2026/07/17 10:49:03.353, 1192, 877, 184.78, 74, 75, 100, 14342, Not Active, Not Active, Not Active
2026/07/17 10:49:03.405, 1192, 877, 186.22, 74, 75, 100, 14342, Not Active, Not Active, Not Active
2026/07/17 10:49:03.460, 1192, 877, 193.91, 74, 75, 100, 14342, Not Active, Not Active, Not Active
2026/07/17 10:49:03.512, 1192, 877, 197.14, 74, 75, 100, 14342, Not Active, Not Active, Not Active
2026/07/17 10:49:03.564, 1192, 877, 175.68, 74, 75, 100, 14342, Not Active, Not Active, Not Active
2026/07/17 10:49:03.615, 1192, 877, 187.32, 74, 75, 100, 14342, Not Active, Not Active, Not Active
2026/07/17 10:49:03.667, 1192, 877, 195.44, 74, 75, 100, 14342, Not Active, Not Active, Not Active
2026/07/17 10:49:03.723, 1192, 877, 197.83, 74, 75, 100, 14342, Not Active, Not Active, Not Active
2026/07/17 10:49:03.774, 1192, 877, 197.14, 75, 75, 100, 14342, Not Active, Not Active, Not Active
2026/07/17 10:49:03.826, 1192, 877, 180.96, 74, 75, 100, 14342, Not Active, Not Active, Not Active
2026/07/17 10:49:03.878, 1192, 877, 178.08, 74, 75, 100, 14342, Not Active, Not Active, Not Active
2026/07/17 10:49:03.929, 1192, 877, 190.17, 74, 75, 100, 14342, Not Active, Not Active, Not Active
2026/07/17 10:49:03.985, 1192, 877, 195.09, 74, 75, 100, 14342, Not Active, Not Active, Not Active
2026/07/17 10:49:04.036, 1192, 877, 189.09, 75, 75, 100, 14342, Not Active, Not Active, Not Active
2026/07/17 10:49:04.088, 1192, 877, 199.40, 74, 75, 100, 14342, Not Active, Not Active, Not Active
2026/07/17 10:49:04.140, 1192, 877, 173.28, 74, 75, 100, 14342, Not Active, Not Active, Not Active
2026/07/17 10:49:04.192, 1192, 877, 189.82, 75, 75, 100, 14342, Not Active, Not Active, Not Active
2026/07/17 10:49:04.248, 1192, 877, 186.47, 74, 75, 100, 14342, Not Active, Not Active, Not Active
2026/07/17 10:49:04.300, 1192, 877, 199.27, 74, 75, 100, 14342, Not Active, Not Active, Not Active
2026/07/17 10:49:04.352, 1192, 877, 200.36, 74, 75, 100, 14342, Not Active, Not Active, Not Active
2026/07/17 10:49:04.404, 1192, 877, 171.85, 75, 75, 100, 14342, Not Active, Not Active, Not Active
2026/07/17 10:49:04.456, 1192, 877, 188.63, 74, 75, 100, 14342, Not Active, Not Active, Not Active
2026/07/17 10:49:04.509, 1192, 877, 150.84, 74, 75, 100, 14342, Not Active, Not Active, Not Active
2026/07/17 10:49:04.561, 1192, 877, 195.09, 74, 75, 100, 14342, Not Active, Not Active, Not Active
2026/07/17 10:49:04.612, 1192, 877, 194.83, 74, 75, 100, 14342, Not Active, Not Active, Not Active
2026/07/17 10:49:04.664, 1192, 877, 195.79, 75, 75, 100, 14342, Not Active, Not Active, Not Active
2026/07/17 10:49:04.716, 1192, 877, 167.53, 75, 75, 100, 14342, Not Active, Not Active, Not Active
2026/07/17 10:49:04.771, 1192, 877, 181.20, 75, 75, 100, 14342, Not Active, Not Active, Not Active
2026/07/17 10:49:04.823, 1192, 877, 186.70, 75, 74, 100, 14342, Not Active, Not Active, Not Active
2026/07/17 10:49:04.875, 1192, 877, 187.17, 74, 75, 100, 14342, Not Active, Not Active, Not Active
2026/07/17 10:49:04.927, 1192, 877, 195.22, 75, 75, 100, 14342, Not Active, Not Active, Not Active
2026/07/17 10:49:04.979, 1192, 877, 189.47, 75, 75, 100, 14342, Not Active, Not Active, Not Active
2026/07/17 10:49:05.033, 1192, 877, 168.12, 75, 75, 100, 14342, Not Active, Not Active, Not Active
2026/07/17 10:49:05.084, 1192, 877, 179.88, 75, 75, 100, 14342, Not Active, Not Active, Not Active
2026/07/17 10:49:05.136, 1192, 877, 187.42, 75, 75, 100, 14342, Not Active, Not Active, Not Active
2026/07/17 10:49:05.188, 1192, 877, 191.48, 75, 75, 100, 14342, Not Active, Not Active, Not Active
2026/07/17 10:49:05.240, 1192, 877, 189.47, 74, 75, 100, 14342, Not Active, Not Active, Not Active
2026/07/17 10:49:05.295, 1192, 877, 202.14, 75, 75, 100, 14342, Not Active, Not Active, Not Active
2026/07/17 10:49:05.347, 1192, 877, 171.85, 75, 75, 100, 14342, Not Active, Not Active, Not Active
2026/07/17 10:49:05.399, 1192, 877, 175.09, 75, 75, 100, 14342, Not Active, Not Active, Not Active
2026/07/17 10:49:05.450, 1192, 877, 191.86, 75, 75, 100, 14342, Not Active, Not Active, Not Active
2026/07/17 10:49:05.502, 1192, 877, 195.70, 75, 75, 100, 14342, Not Active, Not Active, Not Active
2026/07/17 10:49:05.560, 1192, 877, 188.74, 75, 75, 100, 14342, Not Active, Not Active, Not Active
2026/07/17 10:49:05.611, 1192, 877, 200.97, 75, 75, 100, 14342, Not Active, Not Active, Not Active
2026/07/17 10:49:05.663, 1192, 877, 166.46, 75, 75, 100, 14342, Not Active, Not Active, Not Active
2026/07/17 10:49:05.717, 1192, 877, 182.63, 75, 75, 100, 14342, Not Active, Not Active, Not Active
2026/07/17 10:49:05.769, 1192, 877, 191.38, 75, 75, 100, 14342, Not Active, Not Active, Not Active
2026/07/17 10:49:05.821, 1192, 877, 186.34, 75, 75, 100, 14342, Not Active, Not Active, Not Active
2026/07/17 10:49:05.873, 1192, 877, 198.10, 75, 75, 100, 14342, Not Active, Not Active, Not Active
2026/07/17 10:49:05.924, 1192, 877, 201.53, 75, 75, 100, 14342, Not Active, Not Active, Not Active
2026/07/17 10:49:05.976, 1192, 877, 192.44, 75, 75, 100, 14342, Not Active, Not Active, Not Active
2026/07/17 10:49:06.028, 1192, 877, 163.43, 75, 75, 100, 14342, Not Active, Not Active, Not Active
2026/07/17 10:49:06.083, 1192, 877, 185.15, 75, 75, 100, 14342, Not Active, Not Active, Not Active
2026/07/17 10:49:06.135, 1192, 877, 188.15, 75, 75, 100, 14342, Not Active, Not Active, Not Active
2026/07/17 10:49:06.187, 1192, 877, 194.13, 75, 75, 100, 14342, Not Active, Not Active, Not Active
2026/07/17 10:49:06.239, 1192, 877, 193.26, 75, 75, 100, 14342, Not Active, Not Active, Not Active
2026/07/17 10:49:06.291, 1192, 877, 196.74, 75, 75, 100, 14342, Not Active, Not Active, Not Active
2026/07/17 10:49:06.346, 1192, 877, 170.41, 75, 75, 100, 14342, Not Active, Not Active, Not Active
2026/07/17 10:49:06.398, 1192, 877, 171.73, 75, 75, 100, 14342, Not Active, Not Active, Not Active
2026/07/17 10:49:06.449, 1192, 877, 180.72, 75, 75, 100, 14342, Not Active, Not Active, Not Active
2026/07/17 10:49:06.501, 1192, 877, 188.01, 75, 75, 100, 14342, Not Active, Not Active, Not Active
2026/07/17 10:49:06.553, 1192, 877, 191.74, 75, 75, 100, 14342, Not Active, Not Active, Not Active
2026/07/17 10:49:06.608, 1192, 877, 189.21, 75, 75, 100, 14342, Not Active, Not Active, Not Active
2026/07/17 10:49:06.660, 1192, 877, 193.17, 75, 75, 100, 14342, Not Active, Not Active, Not Active
2026/07/17 10:49:06.711, 1192, 877, 187.20, 74, 75, 100, 14342, Not Active, Not Active, Not Active
2026/07/17 10:49:06.763, 1192, 877, 165.35, 75, 75, 100, 14342, Not Active, Not Active, Not Active
2026/07/17 10:49:06.815, 1192, 877, 185.88, 75, 75, 100, 14342, Not Active, Not Active, Not Active
2026/07/17 10:49:06.872, 1192, 877, 190.17, 75, 75, 100, 14342, Not Active, Not Active, Not Active
2026/07/17 10:49:06.924, 1192, 877, 196.05, 75, 75, 100, 14342, Not Active, Not Active, Not Active
2026/07/17 10:49:06.976, 1192, 877, 194.74, 75, 75, 100, 14342, Not Active, Not Active, Not Active
2026/07/17 10:49:07.028, 1192, 877, 201.53, 75, 75, 100, 14342, Not Active, Not Active, Not Active
2026/07/17 10:49:07.079, 1192, 877, 166.57, 75, 75, 100, 14342, Not Active, Not Active, Not Active
2026/07/17 10:49:07.134, 1192, 877, 171.73, 75, 75, 100, 14342, Not Active, Not Active, Not Active
2026/07/17 10:49:07.186, 1192, 877, 184.92, 75, 75, 100, 14342, Not Active, Not Active, Not Active
2026/07/17 10:49:07.237, 1192, 877, 186.82, 75, 75, 100, 14342, Not Active, Not Active, Not Active
2026/07/17 10:49:07.289, 1192, 877, 191.86, 75, 75, 100, 14342, Not Active, Not Active, Not Active
2026/07/17 10:49:07.341, 1192, 877, 192.09, 75, 75, 100, 14342, Not Active, Not Active, Not Active
2026/07/17 10:49:07.397, 1192, 877, 187.20, 75, 76, 100, 14342, Not Active, Not Active, Not Active
2026/07/17 10:49:07.449, 1192, 877, 189.69, 75, 75, 100, 14342, Not Active, Not Active, Not Active
2026/07/17 10:49:07.501, 1192, 877, 163.21, 75, 75, 100, 14342, Not Active, Not Active, Not Active
2026/07/17 10:49:07.555, 1192, 877, 179.52, 75, 75, 100, 14342, Not Active, Not Active, Not Active
2026/07/17 10:49:07.607, 1192, 877, 178.80, 75, 75, 100, 14342, Not Active, Not Active, Not Active
2026/07/17 10:49:07.659, 1192, 877, 188.51, 75, 75, 100, 14342, Not Active, Not Active, Not Active
2026/07/17 10:49:07.711, 1192, 877, 194.74, 75, 75, 100, 14342, Not Active, Not Active, Not Active
2026/07/17 10:49:07.762, 1192, 877, 197.96, 75, 75, 100, 14342, Not Active, Not Active, Not Active
2026/07/17 10:49:07.814, 1192, 877, 199.75, 75, 75, 100, 14342, Not Active, Not Active, Not Active
2026/07/17 10:49:07.866, 1192, 877, 166.31, 75, 75, 100, 14342, Not Active, Not Active, Not Active
2026/07/17 10:49:07.921, 1192, 877, 171.48, 75, 76, 100, 14342, Not Active, Not Active, Not Active
2026/07/17 10:49:07.973, 1192, 877, 179.16, 75, 75, 100, 14342, Not Active, Not Active, Not Active
2026/07/17 10:49:08.025, 1192, 877, 187.78, 75, 75, 100, 14342, Not Active, Not Active, Not Active
2026/07/17 10:49:08.077, 1192, 877, 188.03, 75, 75, 100, 14342, Not Active, Not Active, Not Active
2026/07/17 10:49:08.129, 1192, 877, 191.13, 75, 75, 100, 14342, Not Active, Not Active, Not Active
2026/07/17 10:49:08.185, 1192, 877, 182.99, 75, 75, 100, 14342, Not Active, Not Active, Not Active
2026/07/17 10:49:08.237, 1192, 877, 200.84, 75, 75, 100, 14342, Not Active, Not Active, Not Active
2026/07/17 10:49:08.289, 1192, 877, 182.88, 75, 75, 100, 14342, Not Active, Not Active, Not Active
2026/07/17 10:49:08.341, 1192, 877, 159.48, 75, 75, 100, 14342, Not Active, Not Active, Not Active
2026/07/17 10:49:08.393, 1192, 877, 179.88, 75, 75, 100, 14342, Not Active, Not Active, Not Active
2026/07/17 10:49:08.445, 1192, 877, 184.44, 75, 76, 100, 14342, Not Active, Not Active, Not Active
2026/07/17 10:49:08.497, 1192, 877, 188.99, 75, 76, 100, 14342, Not Active, Not Active, Not Active
2026/07/17 10:49:08.549, 1192, 877, 189.95, 75, 75, 100, 14342, Not Active, Not Active, Not Active
2026/07/17 10:49:08.601, 1192, 877, 193.87, 75, 75, 100, 14342, Not Active, Not Active, Not Active
2026/07/17 10:49:08.652, 1192, 877, 198.31, 75, 75, 100, 14342, Not Active, Not Active, Not Active
2026/07/17 10:49:08.705, 1192, 877, 191.61, 75, 75, 100, 14342, Not Active, Not Active, Not Active
2026/07/17 10:49:08.756, 1192, 877, 155.74, 75, 75, 100, 14342, Not Active, Not Active, Not Active
2026/07/17 10:49:08.811, 1192, 877, 175.93, 75, 75, 100, 14342, Not Active, Not Active, Not Active
2026/07/17 10:49:08.863, 1192, 877, 177.00, 75, 76, 100, 14342, Not Active, Not Active, Not Active
2026/07/17 10:49:08.914, 1192, 877, 132.47, 75, 75, 100, 14342, Not Active, Not Active, Not Active
2026/07/17 10:49:08.966, 1192, 877, 177.84, 75, 75, 100, 14342, Not Active, Not Active, Not Active
2026/07/17 10:49:09.018, 1192, 877, 187.90, 75, 75, 100, 14342, Not Active, Not Active, Not Active
2026/07/17 10:49:09.073, 1192, 877, 196.87, 75, 75, 100, 14342, Not Active, Not Active, Not Active
2026/07/17 10:49:09.125, 1192, 877, 192.91, 75, 75, 100, 14342, Not Active, Not Active, Not Active
2026/07/17 10:49:09.177, 1192, 877, 198.52, 75, 75, 100, 14342, Not Active, Not Active, Not Active
2026/07/17 10:49:09.228, 1192, 877, 184.67, 75, 75, 100, 14342, Not Active, Not Active, Not Active
2026/07/17 10:49:09.280, 1192, 877, 158.15, 75, 75, 100, 14342, Not Active, Not Active, Not Active
2026/07/17 10:49:09.334, 1192, 877, 176.76, 75, 75, 100, 14342, Not Active, Not Active, Not Active
2026/07/17 10:49:09.386, 1192, 877, 183.60, 75, 75, 100, 14342, Not Active, Not Active, Not Active
2026/07/17 10:49:09.438, 1192, 877, 188.99, 75, 75, 100, 14342, Not Active, Not Active, Not Active
2026/07/17 10:49:09.490, 1192, 877, 191.03, 75, 76, 100, 14342, Not Active, Not Active, Not Active
2026/07/17 10:49:09.542, 1192, 877, 197.48, 75, 75, 100, 14342, Not Active, Not Active, Not Active
2026/07/17 10:49:09.600, 1192, 877, 199.27, 75, 75, 100, 14342, Not Active, Not Active, Not Active
2026/07/17 10:49:09.652, 1192, 877, 181.32, 75, 76, 100, 14342, Not Active, Not Active, Not Active
2026/07/17 10:49:09.703, 1192, 877, 168.01, 75, 75, 100, 14342, Not Active, Not Active, Not Active
2026/07/17 10:49:09.760, 1192, 877, 157.08, 75, 75, 100, 14342, Not Active, Not Active, Not Active
2026/07/17 10:49:09.811, 1192, 877, 175.09, 75, 76, 100, 14342, Not Active, Not Active, Not Active
2026/07/17 10:49:09.863, 1192, 877, 185.28, 75, 75, 100, 14342, Not Active, Not Active, Not Active
2026/07/17 10:49:09.915, 1192, 877, 182.63, 75, 75, 100, 14342, Not Active, Not Active, Not Active
2026/07/17 10:49:09.967, 1192, 877, 194.74, 75, 75, 100, 14342, Not Active, Not Active, Not Active
2026/07/17 10:49:10.024, 1192, 877, 193.65, 75, 75, 100, 14342, Not Active, Not Active, Not Active
2026/07/17 10:49:10.075, 1192, 877, 195.09, 75, 75, 100, 14342, Not Active, Not Active, Not Active
2026/07/17 10:49:10.127, 1192, 877, 197.35, 75, 75, 100, 14342, Not Active, Not Active, Not Active
2026/07/17 10:49:10.179, 1192, 877, 181.08, 75, 75, 100, 14342, Not Active, Not Active, Not Active
2026/07/17 10:49:10.231, 1192, 877, 158.15, 75, 76, 100, 14342, Not Active, Not Active, Not Active
2026/07/17 10:49:10.284, 1192, 877, 173.17, 75, 76, 100, 14342, Not Active, Not Active, Not Active
2026/07/17 10:49:10.336, 1192, 877, 173.17, 75, 75, 100, 14342, Not Active, Not Active, Not Active
2026/07/17 10:49:10.387, 1192, 877, 182.63, 75, 75, 100, 14342, Not Active, Not Active, Not Active
2026/07/17 10:49:10.439, 1192, 877, 140.85, 75, 75, 100, 14342, Not Active, Not Active, Not Active
2026/07/17 10:49:10.491, 1192, 877, 194.26, 75, 75, 100, 14342, Not Active, Not Active, Not Active
2026/07/17 10:49:10.543, 1192, 877, 193.65, 75, 75, 100, 14342, Not Active, Not Active, Not Active
2026/07/17 10:49:10.595, 1192, 877, 199.40, 75, 75, 100, 14342, Not Active, Not Active, Not Active
2026/07/17 10:49:10.649, 1192, 877, 192.79, 75, 75, 100, 14342, Not Active, Not Active, Not Active
2026/07/17 10:49:10.701, 1192, 877, 198.44, 75, 75, 100, 14342, Not Active, Not Active, Not Active
2026/07/17 10:49:10.752, 1192, 877, 197.96, 75, 76, 100, 14342, Not Active, Not Active, Not Active
2026/07/17 10:49:10.805, 1192, 877, 177.12, 75, 75, 100, 14342, Not Active, Not Active, Not Active
2026/07/17 10:49:10.856, 1192, 877, 158.41, 75, 76, 100, 14342, Not Active, Not Active, Not Active
2026/07/17 10:49:10.911, 1192, 877, 176.41, 75, 75, 100, 14342, Not Active, Not Active, Not Active
2026/07/17 10:49:10.963, 1192, 877, 182.63, 75, 75, 100, 14342, Not Active, Not Active, Not Active
2026/07/17 10:49:11.015, 1192, 877, 187.55, 75, 75, 100, 14342, Not Active, Not Active, Not Active
2026/07/17 10:49:11.066, 1192, 877, 192.69, 75, 75, 100, 14342, Not Active, Not Active, Not Active
2026/07/17 10:49:11.118, 1192, 877, 200.70, 75, 75, 100, 14342, Not Active, Not Active, Not Active
2026/07/17 10:49:11.174, 1192, 877, 194.61, 75, 76, 100, 14342, Not Active, Not Active, Not Active
2026/07/17 10:49:11.226, 1192, 877, 184.43, 75, 75, 100, 14342, Not Active, Not Active, Not Active
2026/07/17 10:49:11.278, 1192, 877, 191.13, 75, 75, 100, 14342, Not Active, Not Active, Not Active
2026/07/17 10:49:11.330, 1192, 877, 201.32, 75, 75, 100, 14342, Not Active, Not Active, Not Active
2026/07/17 10:49:11.382, 1192, 877, 173.17, 75, 76, 100, 14342, Not Active, Not Active, Not Active
2026/07/17 10:49:11.438, 1192, 877, 151.04, 75, 76, 100, 14342, Not Active, Not Active, Not Active
2026/07/17 10:49:11.489, 1192, 877, 164.17, 75, 76, 100, 14342, Not Active, Not Active, Not Active
2026/07/17 10:49:11.541, 1192, 877, 171.96, 75, 75, 100, 14342, Not Active, Not Active, Not Active
2026/07/17 10:49:11.593, 1192, 877, 176.29, 75, 75, 100, 14342, Not Active, Not Active, Not Active
2026/07/17 10:49:11.645, 1192, 877, 179.76, 75, 76, 100, 14342, Not Active, Not Active, Not Active
2026/07/17 10:49:11.698, 1192, 877, 191.74, 75, 75, 100, 14342, Not Active, Not Active, Not Active
2026/07/17 10:49:11.750, 1192, 877, 188.38, 75, 75, 100, 14342, Not Active, Not Active, Not Active
2026/07/17 10:49:11.801, 1192, 877, 199.40, 75, 75, 100, 14342, Not Active, Not Active, Not Active
2026/07/17 10:49:11.853, 1192, 877, 193.78, 75, 75, 100, 14342, Not Active, Not Active, Not Active
2026/07/17 10:49:11.905, 1192, 877, 198.92, 75, 75, 100, 14342, Not Active, Not Active, Not Active
2026/07/17 10:49:11.957, 1192, 877, 203.23, 75, 76, 100, 14342, Not Active, Not Active, Not Active
2026/07/17 10:49:12.008, 1192, 877, 187.78, 75, 75, 100, 14342, Not Active, Not Active, Not Active
2026/07/17 10:49:12.064, 1192, 877, 194.13, 75, 75, 100, 14342, Not Active, Not Active, Not Active
2026/07/17 10:49:12.116, 1192, 877, 179.04, 75, 76, 100, 14342, Not Active, Not Active, Not Active
2026/07/17 10:49:12.168, 1192, 877, 166.31, 75, 76, 100, 14342, Not Active, Not Active, Not Active
2026/07/17 10:49:12.219, 1192, 877, 151.42, 75, 76, 100, 14342, Not Active, Not Active, Not Active
2026/07/17 10:49:12.271, 1192, 877, 160.81, 75, 76, 100, 14342, Not Active, Not Active, Not Active
2026/07/17 10:49:12.323, 1192, 877, 175.09, 75, 76, 100, 14342, Not Active, Not Active, Not Active
2026/07/17 10:49:12.375, 1192, 877, 189.82, 75, 75, 100, 14342, Not Active, Not Active, Not Active
2026/07/17 10:49:12.432, 1192, 877, 190.30, 75, 76, 100, 14342, Not Active, Not Active, Not Active
2026/07/17 10:49:12.484, 1192, 877, 189.82, 75, 75, 100, 14342, Not Active, Not Active, Not Active
2026/07/17 10:49:12.536, 1192, 877, 194.48, 75, 75, 100, 14342, Not Active, Not Active, Not Active
2026/07/17 10:49:12.588, 1192, 877, 195.44, 75, 76, 100, 14342, Not Active, Not Active, Not Active
2026/07/17 10:49:12.639, 1192, 877, 198.10, 75, 75, 100, 14342, Not Active, Not Active, Not Active
2026/07/17 10:49:12.692, 1192, 877, 197.70, 75, 76, 100, 14342, Not Active, Not Active, Not Active
2026/07/17 10:49:12.743, 1192, 877, 178.56, 75, 76, 100, 14342, Not Active, Not Active, Not Active
2026/07/17 10:49:12.799, 1192, 877, 191.38, 75, 75, 100, 14342, Not Active, Not Active, Not Active
2026/07/17 10:49:12.851, 1192, 877, 179.52, 75, 76, 100, 14342, Not Active, Not Active, Not Active
2026/07/17 10:49:12.903, 1192, 877, 168.01, 75, 76, 100, 14342, Not Active, Not Active, Not Active
2026/07/17 10:49:12.954, 1192, 877, 151.04, 75, 76, 100, 14342, Not Active, Not Active, Not Active
2026/07/17 10:49:13.006, 1192, 877, 156.12, 75, 76, 100, 14342, Not Active, Not Active, Not Active
2026/07/17 10:49:13.058, 1192, 877, 165.24, 75, 76, 100, 14342, Not Active, Not Active, Not Active
2026/07/17 10:49:13.109, 1192, 877, 177.84, 75, 76, 100, 14342, Not Active, Not Active, Not Active
2026/07/17 10:49:13.164, 1192, 877, 176.89, 75, 75, 100, 14342, Not Active, Not Active, Not Active
2026/07/17 10:49:13.216, 1192, 877, 187.55, 75, 75, 100, 14342, Not Active, Not Active, Not Active
2026/07/17 10:49:13.268, 1192, 877, 186.22, 75, 76, 100, 14342, Not Active, Not Active, Not Active
2026/07/17 10:49:13.319, 1192, 877, 188.63, 75, 75, 100, 14342, Not Active, Not Active, Not Active
2026/07/17 10:49:13.371, 1192, 877, 192.57, 75, 75, 100, 14342, Not Active, Not Active, Not Active
2026/07/17 10:49:13.423, 1192, 877, 196.18, 75, 75, 100, 14342, Not Active, Not Active, Not Active
2026/07/17 10:49:13.475, 1192, 877, 189.95, 75, 75, 100, 14342, Not Active, Not Active, Not Active
2026/07/17 10:49:13.527, 1192, 877, 198.57, 75, 76, 100, 14342, Not Active, Not Active, Not Active
2026/07/17 10:49:13.579, 1192, 877, 182.03, 75, 75, 100, 14342, Not Active, Not Active, Not Active
2026/07/17 10:49:13.633, 1192, 877, 198.79, 75, 75, 100, 14342, Not Active, Not Active, Not Active
2026/07/17 10:49:13.685, 1192, 877, 203.44, 75, 75, 100, 14342, Not Active, Not Active, Not Active
2026/07/17 10:49:13.737, 1192, 877, 195.22, 75, 76, 100, 14342, Not Active, Not Active, Not Active
2026/07/17 10:49:13.789, 1192, 877, 184.32, 75, 75, 100, 14342, Not Active, Not Active, Not Active
2026/07/17 10:49:13.840, 1192, 877, 172.80, 75, 76, 100, 14342, Not Active, Not Active, Not Active
2026/07/17 10:49:13.892, 1192, 877, 162.36, 75, 76, 100, 14342, Not Active, Not Active, Not Active
2026/07/17 10:49:13.944, 1192, 877, 151.32, 75, 76, 100, 14342, Not Active, Not Active, Not Active
2026/07/17 10:49:13.995, 1192, 877, 157.66, 75, 76, 100, 14342, Not Active, Not Active, Not Active
2026/07/17 10:49:14.047, 1192, 877, 165.02, 76, 76, 100, 14342, Not Active, Not Active, Not Active
2026/07/17 10:49:14.100, 1192, 877, 176.41, 75, 76, 100, 14342, Not Active, Not Active, Not Active
2026/07/17 10:49:14.151, 1192, 877, 185.51, 75, 76, 100, 14342, Not Active, Not Active, Not Active
2026/07/17 10:49:14.206, 1192, 877, 188.03, 76, 75, 100, 14342, Not Active, Not Active, Not Active
2026/07/17 10:49:14.258, 1192, 877, 188.26, 75, 75, 100, 14342, Not Active, Not Active, Not Active
2026/07/17 10:49:14.310, 1192, 877, 196.66, 75, 75, 100, 14342, Not Active, Not Active, Not Active
2026/07/17 10:49:14.362, 1192, 877, 162.99, 75, 75, 100, 14342, Not Active, Not Active, Not Active
2026/07/17 10:49:14.413, 1192, 877, 188.61, 75, 75, 100, 14342, Not Active, Not Active, Not Active
2026/07/17 10:49:14.465, 1192, 877, 186.95, 75, 75, 100, 14342, Not Active, Not Active, Not Active
2026/07/17 10:49:14.517, 1192, 877, 196.31, 75, 75, 100, 14342, Not Active, Not Active, Not Active
2026/07/17 10:49:14.570, 1192, 877, 197.57, 76, 75, 100, 14342, Not Active, Not Active, Not Active
2026/07/17 10:49:14.621, 1192, 877, 198.31, 76, 76, 100, 14342, Not Active, Not Active, Not Active
2026/07/17 10:49:14.680, 1192, 877, 202.41, 75, 76, 100, 14342, Not Active, Not Active, Not Active
2026/07/17 10:49:14.732, 1192, 877, 202.27, 76, 76, 100, 14342, Not Active, Not Active, Not Active
2026/07/17 10:49:14.783, 1192, 877, 185.86, 76, 76, 100, 14342, Not Active, Not Active, Not Active
2026/07/17 10:49:14.835, 1192, 877, 175.57, 75, 76, 100, 14342, Not Active, Not Active, Not Active
2026/07/17 10:49:14.887, 1192, 877, 171.96, 76, 76, 100, 14342, Not Active, Not Active, Not Active
2026/07/17 10:49:14.939, 1192, 877, 158.63, 76, 76, 100, 14342, Not Active, Not Active, Not Active
2026/07/17 10:49:14.991, 1192, 877, 147.96, 75, 76, 100, 14342, Not Active, Not Active, Not Active
2026/07/17 10:49:15.043, 1192, 877, 160.55, 76, 76, 100, 14342, Not Active, Not Active, Not Active
2026/07/17 10:49:15.095, 1192, 877, 164.28, 76, 76, 100, 14342, Not Active, Not Active, Not Active
2026/07/17 10:49:15.147, 1192, 877, 177.96, 75, 76, 100, 14342, Not Active, Not Active, Not Active
2026/07/17 10:49:15.199, 1192, 877, 148.74, 75, 76, 100, 14342, Not Active, Not Active, Not Active
2026/07/17 10:49:15.251, 1192, 877, 150.94, 75, 76, 100, 14342, Not Active, Not Active, Not Active
2026/07/17 10:49:15.302, 1192, 877, 159.96, 76, 76, 100, 14342, Not Active, Not Active, Not Active
2026/07/17 10:49:15.354, 1192, 877, 166.68, 75, 76, 100, 14342, Not Active, Not Active, Not Active
2026/07/17 10:49:15.406, 1192, 877, 169.81, 76, 76, 100, 14342, Not Active, Not Active, Not Active
2026/07/17 10:49:15.458, 1192, 877, 174.49, 76, 76, 100, 14342, Not Active, Not Active, Not Active
2026/07/17 10:49:15.510, 1192, 877, 179.40, 75, 75, 100, 14342, Not Active, Not Active, Not Active
2026/07/17 10:49:15.562, 1192, 877, 184.32, 75, 76, 100, 14342, Not Active, Not Active, Not Active
2026/07/17 10:49:15.616, 1192, 877, 187.42, 76, 75, 100, 14342, Not Active, Not Active, Not Active
2026/07/17 10:49:15.667, 1192, 877, 185.51, 75, 75, 100, 14342, Not Active, Not Active, Not Active
2026/07/17 10:49:15.719, 1192, 877, 193.17, 75, 76, 100, 14342, Not Active, Not Active, Not Active
2026/07/17 10:49:15.771, 1192, 877, 197.27, 76, 75, 100, 14342, Not Active, Not Active, Not Active
2026/07/17 10:49:15.823, 1192, 877, 193.30, 76, 75, 100, 14342, Not Active, Not Active, Not Active
2026/07/17 10:49:15.878, 1192, 877, 195.65, 76, 75, 100, 14342, Not Active, Not Active, Not Active
2026/07/17 10:49:15.929, 1192, 877, 199.40, 76, 76, 100, 14342, Not Active, Not Active, Not Active
2026/07/17 10:49:15.981, 1192, 877, 170.18, 75, 75, 100, 14342, Not Active, Not Active, Not Active
2026/07/17 10:49:16.033, 1192, 877, 193.04, 75, 75, 100, 14342, Not Active, Not Active, Not Active
2026/07/17 10:49:16.085, 1192, 877, 199.61, 75, 75, 100, 14342, Not Active, Not Active, Not Active
2026/07/17 10:49:16.139, 1192, 877, 199.75, 76, 76, 100, 14342, Not Active, Not Active, Not Active
2026/07/17 10:49:16.191, 1192, 877, 189.57, 76, 76, 100, 14342, Not Active, Not Active, Not Active
2026/07/17 10:49:16.243, 1192, 877, 199.05, 75, 76, 100, 14342, Not Active, Not Active, Not Active
2026/07/17 10:49:16.297, 1192, 877, 203.10, 76, 76, 100, 14342, Not Active, Not Active, Not Active
2026/07/17 10:49:16.349, 1192, 877, 195.92, 76, 76, 100, 14342, Not Active, Not Active, Not Active
2026/07/17 10:49:16.403, 1192, 877, 182.15, 76, 76, 100, 14342, Not Active, Not Active, Not Active
2026/07/17 10:49:16.455, 1192, 877, 180.36, 76, 76, 100, 14342, Not Active, Not Active, Not Active
2026/07/17 10:49:16.507, 1192, 877, 164.39, 76, 76, 100, 14342, Not Active, Not Active, Not Active
2026/07/17 10:49:16.562, 1192, 877, 155.26, 76, 76, 100, 14342, Not Active, Not Active, Not Active
2026/07/17 10:49:16.614, 1192, 877, 146.81, 76, 76, 100, 14342, Not Active, Not Active, Not Active
2026/07/17 10:49:16.666, 1192, 877, 145.18, 75, 76, 100, 14342, Not Active, Not Active, Not Active
2026/07/17 10:49:16.717, 1192, 877, 156.22, 76, 76, 100, 14342, Not Active, Not Active, Not Active
2026/07/17 10:49:16.769, 1192, 877, 164.17, 76, 76, 100, 14342, Not Active, Not Active, Not Active
2026/07/17 10:49:16.821, 1192, 877, 160.55, 76, 76, 100, 14342, Not Active, Not Active, Not Active
2026/07/17 10:49:16.873, 1192, 877, 152.38, 76, 76, 100, 14342, Not Active, Not Active, Not Active
2026/07/17 10:49:16.925, 1192, 877, 152.00, 76, 76, 100, 14342, Not Active, Not Active, Not Active
2026/07/17 10:49:16.977, 1192, 877, 147.68, 76, 76, 100, 14342, Not Active, Not Active, Not Active
2026/07/17 10:49:17.028, 1192, 877, 153.34, 76, 76, 100, 14342, Not Active, Not Active, Not Active
2026/07/17 10:49:17.082, 1192, 877, 154.68, 76, 76, 100, 14342, Not Active, Not Active, Not Active
2026/07/17 10:49:17.134, 1192, 877, 166.09, 76, 76, 100, 14342, Not Active, Not Active, Not Active
2026/07/17 10:49:17.186, 1192, 877, 163.69, 76, 76, 100, 14342, Not Active, Not Active, Not Active
2026/07/17 10:49:17.237, 1192, 877, 172.69, 75, 76, 100, 14342, Not Active, Not Active, Not Active
2026/07/17 10:49:17.289, 1192, 877, 172.92, 76, 75, 100, 14342, Not Active, Not Active, Not Active
2026/07/17 10:49:17.341, 1192, 877, 175.20, 76, 76, 100, 14342, Not Active, Not Active, Not Active
2026/07/17 10:49:17.393, 1192, 877, 171.73, 75, 75, 100, 14342, Not Active, Not Active, Not Active
2026/07/17 10:49:17.445, 1192, 877, 175.93, 76, 76, 100, 14342, Not Active, Not Active, Not Active
2026/07/17 10:49:17.496, 1192, 877, 182.52, 76, 75, 100, 14342, Not Active, Not Active, Not Active
2026/07/17 10:49:17.548, 1192, 877, 177.84, 76, 75, 100, 14342, Not Active, Not Active, Not Active
2026/07/17 10:49:17.600, 1192, 877, 121.08, 76, 76, 100, 14342, Not Active, Not Active, Not Active
2026/07/17 10:49:17.652, 1192, 877, 162.36, 75, 76, 100, 14342, Not Active, Not Active, Not Active
2026/07/17 10:49:17.705, 1192, 877, 168.60, 76, 76, 100, 14342, Not Active, Not Active, Not Active
2026/07/17 10:49:17.757, 1192, 877, 174.24, 76, 76, 100, 14342, Not Active, Not Active, Not Active
2026/07/17 10:49:17.808, 1192, 877, 175.09, 75, 76, 100, 14342, Not Active, Not Active, Not Active
2026/07/17 10:49:17.860, 1192, 877, 170.29, 76, 76, 100, 14342, Not Active, Not Active, Not Active
2026/07/17 10:49:17.912, 1192, 877, 177.00, 76, 75, 100, 14342, Not Active, Not Active, Not Active
2026/07/17 10:49:17.967, 1192, 877, 181.80, 76, 75, 100, 14342, Not Active, Not Active, Not Active
2026/07/17 10:49:18.018, 1192, 877, 182.51, 76, 75, 100, 14342, Not Active, Not Active, Not Active
2026/07/17 10:49:18.070, 1192, 877, 177.37, 76, 75, 100, 14342, Not Active, Not Active, Not Active
2026/07/17 10:49:18.122, 1192, 877, 181.20, 76, 75, 100, 14342, Not Active, Not Active, Not Active
2026/07/17 10:49:18.174, 1192, 877, 188.51, 76, 76, 100, 14342, Not Active, Not Active, Not Active
2026/07/17 10:49:18.228, 1192, 877, 194.61, 76, 75, 100, 14342, Not Active, Not Active, Not Active
2026/07/17 10:49:18.280, 1192, 877, 187.78, 76, 75, 100, 14342, Not Active, Not Active, Not Active
2026/07/17 10:49:18.332, 1192, 877, 187.17, 76, 76, 100, 14342, Not Active, Not Active, Not Active
2026/07/17 10:49:18.383, 1192, 877, 187.78, 76, 75, 100, 14342, Not Active, Not Active, Not Active
2026/07/17 10:49:18.435, 1192, 877, 125.34, 75, 76, 100, 14342, Not Active, Not Active, Not Active
2026/07/17 10:49:18.487, 1192, 877, 176.16, 76, 75, 100, 14342, Not Active, Not Active, Not Active
2026/07/17 10:49:18.539, 1192, 877, 171.14, 76, 76, 100, 14342, Not Active, Not Active, Not Active
2026/07/17 10:49:18.590, 1192, 877, 176.89, 75, 75, 100, 14342, Not Active, Not Active, Not Active
2026/07/17 10:49:18.642, 1192, 877, 176.28, 76, 76, 100, 14342, Not Active, Not Active, Not Active
2026/07/17 10:49:18.694, 1192, 877, 168.74, 76, 76, 100, 14342, Not Active, Not Active, Not Active
2026/07/17 10:49:18.746, 1192, 877, 177.37, 76, 76, 100, 14342, Not Active, Not Active, Not Active
2026/07/17 10:49:18.798, 1192, 877, 178.92, 76, 76, 100, 14342, Not Active, Not Active, Not Active
2026/07/17 10:49:18.849, 1192, 877, 171.85, 76, 76, 100, 14342, Not Active, Not Active, Not Active
2026/07/17 10:49:18.901, 1192, 877, 174.49, 76, 75, 100, 14342, Not Active, Not Active, Not Active
2026/07/17 10:49:18.953, 1192, 877, 179.64, 76, 75, 100, 14342, Not Active, Not Active, Not Active
2026/07/17 10:49:19.006, 1192, 877, 171.62, 76, 75, 100, 14342, Not Active, Not Active, Not Active
2026/07/17 10:49:19.058, 1192, 877, 179.28, 76, 76, 100, 14342, Not Active, Not Active, Not Active
2026/07/17 10:49:19.111, 1192, 877, 181.68, 76, 75, 100, 14342, Not Active, Not Active, Not Active
2026/07/17 10:49:19.163, 1192, 877, 175.81, 76, 76, 100, 14342, Not Active, Not Active, Not Active
2026/07/17 10:49:19.214, 1192, 877, 184.91, 76, 75, 100, 14342, Not Active, Not Active, Not Active
2026/07/17 10:49:19.266, 1192, 877, 112.33, 76, 75, 100, 14342, Not Active, Not Active, Not Active
2026/07/17 10:49:19.318, 1192, 877, 160.33, 76, 76, 100, 14342, Not Active, Not Active, Not Active
2026/07/17 10:49:19.371, 1192, 877, 161.77, 76, 76, 100, 14342, Not Active, Not Active, Not Active
2026/07/17 10:49:19.422, 1192, 877, 161.29, 76, 76, 100, 14342, Not Active, Not Active, Not Active
2026/07/17 10:49:19.474, 1192, 877, 161.40, 76, 76, 100, 14342, Not Active, Not Active, Not Active
2026/07/17 10:49:19.527, 1192, 877, 162.25, 76, 76, 100, 14342, Not Active, Not Active, Not Active
2026/07/17 10:49:19.578, 1192, 877, 168.49, 76, 76, 100, 14342, Not Active, Not Active, Not Active
2026/07/17 10:49:19.632, 1192, 877, 170.52, 76, 76, 100, 14342, Not Active, Not Active, Not Active
2026/07/17 10:49:19.683, 1192, 877, 171.37, 76, 75, 100, 14342, Not Active, Not Active, Not Active
2026/07/17 10:49:19.735, 1192, 877, 162.73, 76, 76, 100, 14342, Not Active, Not Active, Not Active
2026/07/17 10:49:19.787, 1192, 877, 160.81, 76, 76, 100, 14342, Not Active, Not Active, Not Active
2026/07/17 10:49:19.839, 1192, 877, 167.05, 76, 76, 100, 14342, Not Active, Not Active, Not Active
2026/07/17 10:49:19.892, 1192, 877, 168.01, 76, 76, 100, 14342, Not Active, Not Active, Not Active
2026/07/17 10:49:19.944, 1192, 877, 169.56, 76, 76, 100, 14342, Not Active, Not Active, Not Active
2026/07/17 10:49:19.996, 1192, 877, 170.41, 76, 76, 100, 14342, Not Active, Not Active, Not Active
2026/07/17 10:49:20.047, 1192, 877, 163.58, 76, 76, 100, 14342, Not Active, Not Active, Not Active
2026/07/17 10:49:20.099, 1192, 877, 163.43, 76, 76, 100, 14342, Not Active, Not Active, Not Active
2026/07/17 10:49:20.154, 1192, 877, 141.04, 76, 76, 100, 14342, Not Active, Not Active, Not Active
2026/07/17 10:49:20.206, 1192, 877, 146.24, 76, 76, 100, 14342, Not Active, Not Active, Not Active
2026/07/17 10:49:20.257, 1192, 877, 147.20, 76, 76, 100, 14342, Not Active, Not Active, Not Active
2026/07/17 10:49:20.311, 1192, 877, 144.89, 76, 76, 100, 14342, Not Active, Not Active, Not Active
2026/07/17 10:49:20.363, 1192, 877, 146.71, 76, 76, 100, 14342, Not Active, Not Active, Not Active
2026/07/17 10:49:20.415, 1192, 877, 150.66, 76, 76, 100, 14342, Not Active, Not Active, Not Active
2026/07/17 10:49:20.466, 1192, 877, 149.98, 76, 76, 100, 14342, Not Active, Not Active, Not Active
2026/07/17 10:49:20.518, 1192, 877, 156.22, 76, 76, 100, 14342, Not Active, Not Active, Not Active
2026/07/17 10:49:20.570, 1192, 877, 163.06, 76, 76, 100, 14342, Not Active, Not Active, Not Active
2026/07/17 10:49:20.622, 1192, 877, 154.78, 76, 76, 100, 14342, Not Active, Not Active, Not Active
2026/07/17 10:49:20.676, 1192, 877, 156.22, 76, 76, 100, 14342, Not Active, Not Active, Not Active
2026/07/17 10:49:20.728, 1192, 877, 158.73, 76, 76, 100, 14342, Not Active, Not Active, Not Active
2026/07/17 10:49:20.779, 1192, 877, 159.48, 76, 76, 100, 14342, Not Active, Not Active, Not Active
2026/07/17 10:49:20.831, 1192, 877, 168.12, 76, 76, 100, 14342, Not Active, Not Active, Not Active
2026/07/17 10:49:20.883, 1192, 877, 154.78, 76, 76, 100, 14342, Not Active, Not Active, Not Active
2026/07/17 10:49:20.937, 1192, 877, 158.63, 76, 76, 100, 14342, Not Active, Not Active, Not Active
2026/07/17 10:49:20.989, 1192, 877, 190.78, 76, 76, 100, 14342, Not Active, Not Active, Not Active
2026/07/17 10:49:21.041, 1192, 877, 197.83, 76, 76, 100, 14342, Not Active, Not Active, Not Active
2026/07/17 10:49:21.093, 1192, 877, 206.79, 76, 76, 100, 14342, Not Active, Not Active, Not Active
2026/07/17 10:49:21.144, 1192, 877, 197.83, 76, 76, 100, 14342, Not Active, Not Active, Not Active
2026/07/17 10:49:21.200, 1192, 877, 201.80, 76, 76, 100, 14342, Not Active, Not Active, Not Active
2026/07/17 10:49:21.252, 1192, 877, 202.35, 76, 76, 100, 14342, Not Active, Not Active, Not Active
2026/07/17 10:49:21.304, 1192, 877, 196.96, 76, 76, 100, 14342, Not Active, Not Active, Not Active
2026/07/17 10:49:21.356, 1192, 877, 200.09, 76, 76, 100, 14342, Not Active, Not Active, Not Active
2026/07/17 10:49:21.408, 1192, 877, 200.36, 76, 76, 100, 14342, Not Active, Not Active, Not Active
2026/07/17 10:49:21.461, 1192, 877, 202.48, 76, 76, 100, 14342, Not Active, Not Active, Not Active
2026/07/17 10:49:21.513, 1192, 877, 200.23, 76, 76, 100, 14342, Not Active, Not Active, Not Active
2026/07/17 10:49:21.565, 1192, 877, 198.66, 76, 76, 100, 14342, Not Active, Not Active, Not Active
2026/07/17 10:49:21.617, 1192, 877, 192.09, 76, 76, 100, 14342, Not Active, Not Active, Not Active
2026/07/17 10:49:21.668, 1192, 877, 195.92, 76, 76, 100, 14342, Not Active, Not Active, Not Active
2026/07/17 10:49:21.723, 1192, 877, 191.48, 76, 76, 100, 14342, Not Active, Not Active, Not Active
2026/07/17 10:49:21.774, 1192, 877, 196.61, 76, 76, 100, 14342, Not Active, Not Active, Not Active
2026/07/17 10:49:21.826, 1192, 877, 180.72, 75, 75, 100, 14342, Not Active, Not Active, Not Active
2026/07/17 10:49:21.881, 1192, 877, 196.26, 76, 75, 100, 14342, Not Active, Not Active, Not Active
2026/07/17 10:49:21.933, 1192, 877, 188.15, 76, 76, 100, 14342, Not Active, Not Active, Not Active
2026/07/17 10:49:21.984, 1192, 877, 191.74, 76, 75, 100, 14342, Not Active, Not Active, Not Active
2026/07/17 10:49:22.036, 1192, 877, 192.34, 76, 75, 100, 14342, Not Active, Not Active, Not Active
2026/07/17 10:49:22.088, 1192, 877, 186.47, 76, 76, 100, 14342, Not Active, Not Active, Not Active
2026/07/17 10:49:22.143, 1192, 877, 187.30, 76, 76, 100, 14342, Not Active, Not Active, Not Active
2026/07/17 10:49:22.194, 1192, 877, 187.55, 76, 75, 100, 14342, Not Active, Not Active, Not Active
2026/07/17 10:49:22.246, 1192, 877, 182.63, 76, 76, 100, 14342, Not Active, Not Active, Not Active
2026/07/17 10:49:22.298, 1192, 877, 180.00, 76, 75, 100, 14342, Not Active, Not Active, Not Active
2026/07/17 10:49:22.350, 1192, 877, 181.68, 76, 75, 100, 14342, Not Active, Not Active, Not Active
2026/07/17 10:49:22.403, 1192, 877, 163.95, 76, 75, 100, 14342, Not Active, Not Active, Not Active
2026/07/17 10:49:22.455, 1192, 877, 177.60, 76, 75, 100, 14342, Not Active, Not Active, Not Active
2026/07/17 10:49:22.507, 1192, 877, 171.37, 76, 76, 100, 14342, Not Active, Not Active, Not Active
2026/07/17 10:49:22.559, 1192, 877, 167.05, 76, 76, 100, 14342, Not Active, Not Active, Not Active
2026/07/17 10:49:22.610, 1192, 877, 166.20, 76, 75, 100, 14342, Not Active, Not Active, Not Active
2026/07/17 10:49:22.663, 1192, 877, 165.13, 76, 76, 100, 14342, Not Active, Not Active, Not Active
2026/07/17 10:49:22.715, 1192, 877, 159.48, 76, 76, 100, 14342, Not Active, Not Active, Not Active
2026/07/17 10:49:22.767, 1192, 877, 167.05, 76, 76, 100, 14342, Not Active, Not Active, Not Active
2026/07/17 10:49:22.819, 1192, 877, 170.29, 76, 76, 100, 14342, Not Active, Not Active, Not Active
2026/07/17 10:49:22.871, 1192, 877, 169.56, 76, 76, 100, 14342, Not Active, Not Active, Not Active
2026/07/17 10:49:22.926, 1192, 877, 177.24, 76, 76, 100, 14342, Not Active, Not Active, Not Active
2026/07/17 10:49:22.978, 1192, 877, 185.15, 76, 76, 100, 14342, Not Active, Not Active, Not Active
2026/07/17 10:49:23.029, 1192, 877, 193.65, 76, 76, 100, 14342, Not Active, Not Active, Not Active
2026/07/17 10:49:23.081, 1192, 877, 200.09, 76, 76, 100, 14342, Not Active, Not Active, Not Active
2026/07/17 10:49:23.133, 1192, 877, 193.04, 76, 76, 100, 14342, Not Active, Not Active, Not Active
2026/07/17 10:49:23.188, 1192, 877, 200.43, 76, 76, 100, 14342, Not Active, Not Active, Not Active
2026/07/17 10:49:23.239, 1192, 877, 200.57, 76, 76, 100, 14342, Not Active, Not Active, Not Active
2026/07/17 10:49:23.291, 1192, 877, 200.36, 76, 76, 100, 14342, Not Active, Not Active, Not Active
2026/07/17 10:49:23.348, 1192, 877, 204.53, 76, 76, 100, 14342, Not Active, Not Active, Not Active
2026/07/17 10:49:23.400, 1192, 877, 202.00, 76, 76, 100, 14342, Not Active, Not Active, Not Active
2026/07/17 10:49:23.452, 1192, 877, 205.15, 76, 76, 100, 14342, Not Active, Not Active, Not Active
2026/07/17 10:49:23.508, 1192, 877, 204.05, 76, 76, 100, 14342, Not Active, Not Active, Not Active
2026/07/17 10:49:23.560, 1192, 877, 178.68, 76, 75, 100, 14342, Not Active, Not Active, Not Active
2026/07/17 10:49:23.612, 1192, 877, 198.79, 76, 75, 100, 14342, Not Active, Not Active, Not Active
2026/07/17 10:49:23.668, 1192, 877, 198.18, 76, 76, 100, 14342, Not Active, Not Active, Not Active
2026/07/17 10:49:23.720, 1192, 877, 192.69, 76, 76, 100, 14342, Not Active, Not Active, Not Active
2026/07/17 10:49:23.772, 1192, 877, 184.55, 76, 76, 100, 14342, Not Active, Not Active, Not Active
2026/07/17 10:49:23.824, 1192, 877, 192.21, 76, 76, 100, 14342, Not Active, Not Active, Not Active
2026/07/17 10:49:23.876, 1192, 877, 189.82, 76, 75, 100, 14342, Not Active, Not Active, Not Active
2026/07/17 10:49:23.929, 1192, 877, 186.70, 76, 75, 100, 14342, Not Active, Not Active, Not Active
2026/07/17 10:49:23.981, 1192, 877, 185.63, 76, 76, 100, 14342, Not Active, Not Active, Not Active
2026/07/17 10:49:24.033, 1192, 877, 171.73, 76, 75, 100, 14342, Not Active, Not Active, Not Active
2026/07/17 10:49:24.085, 1192, 877, 174.13, 76, 76, 100, 14342, Not Active, Not Active, Not Active
2026/07/17 10:49:24.137, 1192, 877, 171.48, 76, 76, 100, 14342, Not Active, Not Active, Not Active
2026/07/17 10:49:24.188, 1192, 877, 158.04, 76, 75, 100, 14342, Not Active, Not Active, Not Active
2026/07/17 10:49:24.240, 1192, 877, 151.52, 76, 76, 100, 14342, Not Active, Not Active, Not Active
2026/07/17 10:49:24.292, 1192, 877, 141.52, 76, 76, 100, 14342, Not Active, Not Active, Not Active
2026/07/17 10:49:24.344, 1192, 877, 142.48, 76, 76, 100, 14342, Not Active, Not Active, Not Active
2026/07/17 10:49:24.395, 1192, 877, 148.26, 76, 76, 100, 14342, Not Active, Not Active, Not Active
2026/07/17 10:49:24.449, 1192, 877, 184.91, 75, 76, 100, 14342, Not Active, Not Active, Not Active
2026/07/17 10:49:24.501, 1192, 877, 202.48, 76, 76, 100, 14342, Not Active, Not Active, Not Active
2026/07/17 10:49:24.552, 1192, 877, 200.09, 76, 76, 100, 14342, Not Active, Not Active, Not Active
2026/07/17 10:49:24.604, 1192, 877, 195.65, 76, 76, 100, 14342, Not Active, Not Active, Not Active
2026/07/17 10:49:24.656, 1192, 877, 193.39, 76, 76, 100, 14342, Not Active, Not Active, Not Active
2026/07/17 10:49:24.712, 1192, 877, 191.13, 76, 76, 100, 14342, Not Active, Not Active, Not Active
2026/07/17 10:49:24.764, 1192, 877, 198.31, 76, 76, 100, 14342, Not Active, Not Active, Not Active
2026/07/17 10:49:24.816, 1192, 877, 194.96, 76, 76, 100, 14342, Not Active, Not Active, Not Active
2026/07/17 10:49:24.868, 1192, 877, 186.22, 76, 76, 100, 14342, Not Active, Not Active, Not Active
2026/07/17 10:49:24.919, 1192, 877, 185.38, 76, 76, 100, 14342, Not Active, Not Active, Not Active
2026/07/17 10:49:24.973, 1192, 877, 186.82, 76, 75, 100, 14342, Not Active, Not Active, Not Active
2026/07/17 10:49:25.025, 1192, 877, 183.95, 76, 75, 100, 14342, Not Active, Not Active, Not Active
2026/07/17 10:49:25.076, 1192, 877, 178.32, 76, 75, 100, 14342, Not Active, Not Active, Not Active
2026/07/17 10:49:25.128, 1192, 877, 169.81, 76, 76, 100, 14342, Not Active, Not Active, Not Active
2026/07/17 10:49:25.180, 1192, 877, 172.44, 76, 75, 100, 14342, Not Active, Not Active, Not Active
2026/07/17 10:49:25.232, 1192, 877, 162.73, 76, 76, 100, 14342, Not Active, Not Active, Not Active
2026/07/17 10:49:25.284, 1192, 877, 156.60, 76, 76, 100, 14342, Not Active, Not Active, Not Active
2026/07/17 10:49:25.336, 1192, 877, 169.08, 76, 76, 100, 14342, Not Active, Not Active, Not Active
2026/07/17 10:49:25.387, 1192, 877, 188.15, 76, 76, 100, 14342, Not Active, Not Active, Not Active
2026/07/17 10:49:25.439, 1192, 877, 178.92, 76, 76, 100, 14342, Not Active, Not Active, Not Active
2026/07/17 10:49:25.495, 1192, 877, 192.69, 76, 76, 100, 14342, Not Active, Not Active, Not Active
2026/07/17 10:49:25.547, 1192, 877, 200.23, 76, 76, 100, 14342, Not Active, Not Active, Not Active
2026/07/17 10:49:25.599, 1192, 877, 200.23, 76, 76, 100, 14342, Not Active, Not Active, Not Active
2026/07/17 10:49:25.651, 1192, 877, 195.57, 76, 76, 100, 14342, Not Active, Not Active, Not Active
2026/07/17 10:49:25.703, 1192, 877, 192.44, 76, 76, 100, 14342, Not Active, Not Active, Not Active
2026/07/17 10:49:25.757, 1192, 877, 199.40, 76, 76, 100, 14342, Not Active, Not Active, Not Active
2026/07/17 10:49:25.808, 1192, 877, 188.74, 76, 75, 100, 14342, Not Active, Not Active, Not Active
2026/07/17 10:49:25.860, 1192, 877, 195.83, 76, 75, 100, 14342, Not Active, Not Active, Not Active
2026/07/17 10:49:25.912, 1192, 877, 186.95, 76, 76, 100, 14342, Not Active, Not Active, Not Active
2026/07/17 10:49:25.964, 1192, 877, 183.71, 76, 75, 100, 14342, Not Active, Not Active, Not Active
2026/07/17 10:49:26.016, 1192, 877, 170.77, 76, 75, 100, 14342, Not Active, Not Active, Not Active
2026/07/17 10:49:26.068, 1192, 877, 175.80, 76, 76, 100, 14342, Not Active, Not Active, Not Active
2026/07/17 10:49:26.120, 1192, 877, 165.61, 76, 76, 100, 14342, Not Active, Not Active, Not Active
2026/07/17 10:49:26.172, 1192, 877, 151.42, 76, 76, 100, 14342, Not Active, Not Active, Not Active
2026/07/17 10:49:26.223, 1192, 877, 163.91, 76, 76, 100, 14342, Not Active, Not Active, Not Active
2026/07/17 10:49:26.277, 1192, 877, 173.76, 76, 76, 100, 14342, Not Active, Not Active, Not Active
2026/07/17 10:49:26.329, 1192, 877, 188.03, 76, 76, 100, 14342, Not Active, Not Active, Not Active
2026/07/17 10:49:26.381, 1192, 877, 203.58, 76, 76, 100, 14342, Not Active, Not Active, Not Active
2026/07/17 10:49:26.432, 1192, 877, 201.80, 76, 76, 100, 14342, Not Active, Not Active, Not Active
2026/07/17 10:49:26.484, 1192, 877, 197.83, 76, 76, 100, 14342, Not Active, Not Active, Not Active
2026/07/17 10:49:26.540, 1192, 877, 195.22, 76, 76, 100, 14342, Not Active, Not Active, Not Active
2026/07/17 10:49:26.592, 1192, 877, 196.40, 76, 76, 100, 14342, Not Active, Not Active, Not Active
2026/07/17 10:49:26.643, 1192, 877, 195.92, 76, 76, 100, 14342, Not Active, Not Active, Not Active
2026/07/17 10:49:26.699, 1192, 877, 193.52, 76, 76, 100, 14342, Not Active, Not Active, Not Active
2026/07/17 10:49:26.751, 1192, 877, 186.84, 76, 76, 100, 14342, Not Active, Not Active, Not Active
2026/07/17 10:49:26.803, 1192, 877, 186.71, 76, 76, 100, 14342, Not Active, Not Active, Not Active
2026/07/17 10:49:26.854, 1192, 877, 177.37, 76, 75, 100, 14342, Not Active, Not Active, Not Active
2026/07/17 10:49:26.906, 1192, 877, 164.06, 76, 75, 100, 14342, Not Active, Not Active, Not Active
2026/07/17 10:49:26.959, 1192, 877, 166.46, 76, 76, 100, 14342, Not Active, Not Active, Not Active
2026/07/17 10:49:27.011, 1192, 877, 157.46, 76, 76, 100, 14342, Not Active, Not Active, Not Active
2026/07/17 10:49:27.062, 1192, 877, 142.00, 76, 75, 100, 14342, Not Active, Not Active, Not Active
2026/07/17 10:49:27.114, 1192, 877, 172.80, 76, 76, 100, 14342, Not Active, Not Active, Not Active
2026/07/17 10:49:27.166, 1192, 877, 181.08, 76, 76, 100, 14342, Not Active, Not Active, Not Active
2026/07/17 10:49:27.222, 1192, 877, 189.34, 76, 76, 100, 14342, Not Active, Not Active, Not Active
2026/07/17 10:49:27.274, 1192, 877, 204.05, 76, 76, 100, 14342, Not Active, Not Active, Not Active
2026/07/17 10:49:27.325, 1192, 877, 196.26, 76, 76, 100, 14342, Not Active, Not Active, Not Active
2026/07/17 10:49:27.378, 1192, 877, 195.44, 76, 76, 100, 14342, Not Active, Not Active, Not Active
2026/07/17 10:49:27.429, 1192, 877, 201.32, 76, 76, 100, 14342, Not Active, Not Active, Not Active
2026/07/17 10:49:27.483, 1192, 877, 186.09, 76, 76, 100, 14342, Not Active, Not Active, Not Active
2026/07/17 10:49:27.535, 1192, 877, 189.95, 76, 75, 100, 14342, Not Active, Not Active, Not Active
2026/07/17 10:49:27.586, 1192, 877, 180.12, 76, 75, 100, 14342, Not Active, Not Active, Not Active
2026/07/17 10:49:27.638, 1192, 877, 175.92, 76, 75, 100, 14342, Not Active, Not Active, Not Active
2026/07/17 10:49:27.690, 1192, 877, 166.20, 76, 75, 100, 14342, Not Active, Not Active, Not Active
2026/07/17 10:49:27.742, 1192, 877, 156.22, 76, 76, 100, 14342, Not Active, Not Active, Not Active
2026/07/17 10:49:27.794, 1192, 877, 136.71, 76, 76, 100, 14342, Not Active, Not Active, Not Active
2026/07/17 10:49:27.846, 1192, 877, 144.31, 76, 76, 100, 14342, Not Active, Not Active, Not Active
2026/07/17 10:49:27.897, 1192, 877, 159.96, 76, 77, 100, 14342, Not Active, Not Active, Not Active
2026/07/17 10:49:27.949, 1192, 877, 165.83, 76, 76, 100, 14342, Not Active, Not Active, Not Active
2026/07/17 10:49:28.004, 1192, 877, 191.86, 76, 76, 100, 14342, Not Active, Not Active, Not Active
2026/07/17 10:49:28.055, 1192, 877, 196.05, 76, 76, 100, 14342, Not Active, Not Active, Not Active
2026/07/17 10:49:28.108, 1192, 877, 189.21, 76, 76, 100, 14342, Not Active, Not Active, Not Active
2026/07/17 10:49:28.160, 1192, 877, 182.75, 76, 76, 100, 14342, Not Active, Not Active, Not Active
2026/07/17 10:49:28.211, 1192, 877, 185.86, 76, 76, 100, 14342, Not Active, Not Active, Not Active
2026/07/17 10:49:28.265, 1192, 877, 181.55, 76, 75, 100, 14342, Not Active, Not Active, Not Active
2026/07/17 10:49:28.316, 1192, 877, 169.81, 76, 75, 100, 14342, Not Active, Not Active, Not Active
2026/07/17 10:49:28.368, 1192, 877, 162.25, 76, 76, 100, 14342, Not Active, Not Active, Not Active
2026/07/17 10:49:28.420, 1192, 877, 139.02, 76, 76, 100, 14342, Not Active, Not Active, Not Active
2026/07/17 10:49:28.472, 1192, 877, 138.64, 76, 76, 100, 14342, Not Active, Not Active, Not Active
2026/07/17 10:49:28.524, 1192, 877, 160.92, 76, 76, 100, 14342, Not Active, Not Active, Not Active
2026/07/17 10:49:28.575, 1192, 877, 171.37, 76, 76, 100, 14342, Not Active, Not Active, Not Active
2026/07/17 10:49:28.627, 1192, 877, 187.30, 76, 76, 100, 14342, Not Active, Not Active, Not Active
2026/07/17 10:49:28.679, 1192, 877, 197.91, 76, 76, 100, 14342, Not Active, Not Active, Not Active
2026/07/17 10:49:28.731, 1192, 877, 198.87, 76, 76, 100, 14342, Not Active, Not Active, Not Active
2026/07/17 10:49:28.787, 1192, 877, 198.92, 76, 76, 100, 14342, Not Active, Not Active, Not Active
2026/07/17 10:49:28.839, 1192, 877, 196.53, 76, 76, 100, 14342, Not Active, Not Active, Not Active
2026/07/17 10:49:28.891, 1192, 877, 135.75, 75, 75, 100, 14342, Not Active, Not Active, Not Active
2026/07/17 10:49:28.943, 1192, 877, 168.49, 76, 76, 100, 14342, Not Active, Not Active, Not Active
2026/07/17 10:49:28.995, 1192, 877, 151.80, 76, 76, 100, 14342, Not Active, Not Active, Not Active
2026/07/17 10:49:29.046, 1192, 877, 132.38, 76, 76, 100, 14342, Not Active, Not Active, Not Active
2026/07/17 10:49:29.098, 1192, 877, 157.18, 76, 76, 100, 14342, Not Active, Not Active, Not Active
2026/07/17 10:49:29.150, 1192, 877, 170.52, 76, 76, 100, 14342, Not Active, Not Active, Not Active
2026/07/17 10:49:29.202, 1192, 877, 182.76, 76, 76, 100, 14342, Not Active, Not Active, Not Active
2026/07/17 10:49:29.254, 1192, 877, 189.47, 76, 76, 100, 14342, Not Active, Not Active, Not Active
2026/07/17 10:49:29.310, 1192, 877, 200.57, 76, 76, 100, 14342, Not Active, Not Active, Not Active
2026/07/17 10:49:29.362, 1192, 877, 199.40, 76, 76, 100, 14342, Not Active, Not Active, Not Active
2026/07/17 10:49:29.414, 1192, 877, 195.57, 76, 76, 100, 14342, Not Active, Not Active, Not Active
2026/07/17 10:49:29.470, 1192, 877, 197.14, 76, 76, 100, 14342, Not Active, Not Active, Not Active
2026/07/17 10:49:29.522, 1192, 877, 193.04, 76, 76, 100, 14342, Not Active, Not Active, Not Active
2026/07/17 10:49:29.573, 1192, 877, 192.60, 76, 76, 100, 14342, Not Active, Not Active, Not Active
2026/07/17 10:49:29.629, 1192, 877, 189.34, 76, 75, 100, 14342, Not Active, Not Active, Not Active
2026/07/17 10:49:29.681, 1192, 877, 174.85, 76, 75, 100, 14342, Not Active, Not Active, Not Active
2026/07/17 10:49:29.733, 1192, 877, 168.12, 76, 76, 100, 14342, Not Active, Not Active, Not Active
2026/07/17 10:49:29.785, 1192, 877, 155.74, 76, 76, 100, 14342, Not Active, Not Active, Not Active
2026/07/17 10:49:29.836, 1192, 877, 164.76, 76, 76, 100, 14342, Not Active, Not Active, Not Active
2026/07/17 10:49:29.890, 1192, 877, 181.08, 76, 76, 100, 14342, Not Active, Not Active, Not Active
2026/07/17 10:49:29.943, 1192, 877, 200.36, 76, 76, 100, 14342, Not Active, Not Active, Not Active
2026/07/17 10:49:29.995, 1192, 877, 202.14, 76, 76, 100, 14342, Not Active, Not Active, Not Active
2026/07/17 10:49:30.047, 1192, 877, 196.40, 76, 76, 100, 14342, Not Active, Not Active, Not Active
2026/07/17 10:49:30.099, 1192, 877, 190.78, 76, 75, 100, 14342, Not Active, Not Active, Not Active
2026/07/17 10:49:30.152, 1192, 877, 186.11, 76, 76, 100, 14342, Not Active, Not Active, Not Active
2026/07/17 10:49:30.203, 1192, 877, 177.96, 76, 76, 100, 14342, Not Active, Not Active, Not Active
2026/07/17 10:49:30.255, 1192, 877, 163.10, 76, 76, 100, 14342, Not Active, Not Active, Not Active
2026/07/17 10:49:30.307, 1192, 877, 157.93, 76, 76, 100, 14342, Not Active, Not Active, Not Active
2026/07/17 10:49:30.359, 1192, 877, 135.75, 76, 76, 100, 14342, Not Active, Not Active, Not Active
2026/07/17 10:49:30.411, 1192, 877, 152.86, 76, 76, 100, 14342, Not Active, Not Active, Not Active
2026/07/17 10:49:30.462, 1192, 877, 168.12, 76, 76, 100, 14342, Not Active, Not Active, Not Active
2026/07/17 10:49:30.514, 1192, 877, 184.67, 76, 76, 100, 14342, Not Active, Not Active, Not Active
2026/07/17 10:49:30.566, 1192, 877, 206.45, 76, 76, 100, 14342, Not Active, Not Active, Not Active
2026/07/17 10:49:30.618, 1192, 877, 196.31, 76, 76, 100, 14342, Not Active, Not Active, Not Active
2026/07/17 10:49:30.670, 1192, 877, 194.35, 76, 76, 100, 14342, Not Active, Not Active, Not Active
2026/07/17 10:49:30.721, 1192, 877, 119.88, 75, 76, 100, 14342, Not Active, Not Active, Not Active
2026/07/17 10:49:30.773, 1192, 877, 160.92, 76, 76, 100, 14342, Not Active, Not Active, Not Active
2026/07/17 10:49:30.825, 1192, 877, 132.38, 76, 76, 100, 14342, Not Active, Not Active, Not Active
2026/07/17 10:49:30.877, 1192, 877, 148.16, 76, 76, 100, 14342, Not Active, Not Active, Not Active
2026/07/17 10:49:30.928, 1192, 877, 165.61, 76, 76, 100, 14342, Not Active, Not Active, Not Active
2026/07/17 10:49:30.980, 1192, 877, 174.36, 76, 76, 100, 14342, Not Active, Not Active, Not Active
2026/07/17 10:49:31.036, 1192, 877, 188.74, 76, 76, 100, 14342, Not Active, Not Active, Not Active
2026/07/17 10:49:31.087, 1192, 877, 200.23, 76, 76, 100, 14342, Not Active, Not Active, Not Active
2026/07/17 10:49:31.139, 1192, 877, 195.79, 76, 76, 100, 14342, Not Active, Not Active, Not Active
2026/07/17 10:49:31.191, 1192, 877, 192.91, 76, 76, 100, 14342, Not Active, Not Active, Not Active
2026/07/17 10:49:31.243, 1192, 877, 191.99, 76, 75, 100, 14342, Not Active, Not Active, Not Active
2026/07/17 10:49:31.296, 1192, 877, 179.76, 76, 76, 100, 14342, Not Active, Not Active, Not Active
2026/07/17 10:49:31.348, 1192, 877, 169.08, 76, 76, 100, 14342, Not Active, Not Active, Not Active
2026/07/17 10:49:31.400, 1192, 877, 151.42, 76, 76, 100, 14342, Not Active, Not Active, Not Active
2026/07/17 10:49:31.452, 1192, 877, 133.92, 76, 76, 100, 14342, Not Active, Not Active, Not Active
2026/07/17 10:49:31.504, 1192, 877, 155.64, 76, 76, 100, 14342, Not Active, Not Active, Not Active
2026/07/17 10:49:31.556, 1192, 877, 171.00, 76, 76, 100, 14342, Not Active, Not Active, Not Active
2026/07/17 10:49:31.607, 1192, 877, 188.38, 76, 76, 100, 14342, Not Active, Not Active, Not Active
2026/07/17 10:49:31.659, 1192, 877, 170.18, 75, 75, 100, 14342, Not Active, Not Active, Not Active
2026/07/17 10:49:31.711, 1192, 877, 191.51, 76, 75, 100, 14342, Not Active, Not Active, Not Active
2026/07/17 10:49:31.763, 1192, 877, 171.14, 76, 75, 100, 14342, Not Active, Not Active, Not Active
2026/07/17 10:49:31.816, 1192, 877, 162.73, 76, 75, 100, 14342, Not Active, Not Active, Not Active
2026/07/17 10:49:31.868, 1192, 877, 141.81, 76, 76, 100, 14342, Not Active, Not Active, Not Active
2026/07/17 10:49:31.920, 1192, 877, 142.00, 76, 76, 100, 14342, Not Active, Not Active, Not Active
2026/07/17 10:49:31.972, 1192, 877, 166.20, 76, 76, 100, 14342, Not Active, Not Active, Not Active
2026/07/17 10:49:32.023, 1192, 877, 173.28, 76, 76, 100, 14342, Not Active, Not Active, Not Active
2026/07/17 10:49:32.079, 1192, 877, 197.96, 76, 76, 100, 14342, Not Active, Not Active, Not Active
2026/07/17 10:49:32.130, 1192, 877, 202.00, 76, 76, 100, 14342, Not Active, Not Active, Not Active
2026/07/17 10:49:32.182, 1192, 877, 194.96, 76, 76, 100, 14342, Not Active, Not Active, Not Active
2026/07/17 10:49:32.234, 1192, 877, 186.82, 76, 76, 100, 14342, Not Active, Not Active, Not Active
2026/07/17 10:49:32.286, 1192, 877, 186.34, 76, 75, 100, 14342, Not Active, Not Active, Not Active
2026/07/17 10:49:32.340, 1192, 877, 167.90, 76, 75, 100, 14342, Not Active, Not Active, Not Active
2026/07/17 10:49:32.392, 1192, 877, 161.18, 76, 76, 100, 14342, Not Active, Not Active, Not Active
2026/07/17 10:49:32.443, 1192, 877, 132.30, 76, 76, 100, 14342, Not Active, Not Active, Not Active
2026/07/17 10:49:32.495, 1192, 877, 145.75, 76, 77, 100, 14342, Not Active, Not Active, Not Active
2026/07/17 10:49:32.547, 1192, 877, 161.99, 76, 76, 100, 14342, Not Active, Not Active, Not Active
2026/07/17 10:49:32.601, 1192, 877, 186.71, 76, 75, 100, 14342, Not Active, Not Active, Not Active
2026/07/17 10:49:32.652, 1192, 877, 196.18, 76, 76, 100, 14342, Not Active, Not Active, Not Active
2026/07/17 10:49:32.704, 1192, 877, 189.47, 76, 76, 100, 14342, Not Active, Not Active, Not Active
2026/07/17 10:49:32.756, 1192, 877, 165.98, 76, 76, 100, 14342, Not Active, Not Active, Not Active
2026/07/17 10:49:32.808, 1192, 877, 159.00, 76, 76, 100, 14342, Not Active, Not Active, Not Active
2026/07/17 10:49:32.860, 1192, 877, 128.14, 76, 76, 100, 14342, Not Active, Not Active, Not Active
2026/07/17 10:49:32.912, 1192, 877, 155.26, 76, 76, 100, 14342, Not Active, Not Active, Not Active
2026/07/17 10:49:32.963, 1192, 877, 170.52, 76, 76, 100, 14342, Not Active, Not Active, Not Active
2026/07/17 10:49:33.015, 1192, 877, 199.75, 76, 76, 100, 14342, Not Active, Not Active, Not Active
2026/07/17 10:49:33.067, 1192, 877, 203.10, 76, 76, 100, 14342, Not Active, Not Active, Not Active
2026/07/17 10:49:33.124, 1192, 877, 201.18, 76, 76, 100, 14342, Not Active, Not Active, Not Active
2026/07/17 10:49:33.176, 1192, 877, 193.04, 76, 76, 100, 14342, Not Active, Not Active, Not Active
2026/07/17 10:49:33.228, 1192, 877, 191.74, 76, 75, 100, 14342, Not Active, Not Active, Not Active
2026/07/17 10:49:33.284, 1192, 877, 184.55, 76, 75, 100, 14342, Not Active, Not Active, Not Active
2026/07/17 10:49:33.335, 1192, 877, 165.02, 76, 75, 100, 14342, Not Active, Not Active, Not Active
2026/07/17 10:49:33.387, 1192, 877, 153.44, 76, 76, 100, 14342, Not Active, Not Active, Not Active
2026/07/17 10:49:33.439, 1192, 877, 129.10, 76, 76, 100, 14342, Not Active, Not Active, Not Active
2026/07/17 10:49:33.491, 1192, 877, 154.30, 76, 76, 100, 14342, Not Active, Not Active, Not Active
2026/07/17 10:49:33.543, 1192, 877, 194.26, 76, 76, 100, 14342, Not Active, Not Active, Not Active
2026/07/17 10:49:33.594, 1192, 877, 194.83, 76, 76, 100, 14342, Not Active, Not Active, Not Active
2026/07/17 10:49:33.646, 1192, 877, 185.26, 76, 75, 100, 14342, Not Active, Not Active, Not Active
2026/07/17 10:49:33.698, 1192, 877, 181.32, 76, 75, 100, 14342, Not Active, Not Active, Not Active
2026/07/17 10:49:33.750, 1192, 877, 169.08, 76, 75, 100, 14342, Not Active, Not Active, Not Active
2026/07/17 10:49:33.803, 1192, 877, 146.24, 76, 76, 100, 14342, Not Active, Not Active, Not Active
2026/07/17 10:49:33.857, 1192, 877, 134.88, 76, 76, 100, 14342, Not Active, Not Active, Not Active
2026/07/17 10:49:33.908, 1192, 877, 159.11, 76, 76, 100, 14342, Not Active, Not Active, Not Active
2026/07/17 10:49:33.960, 1192, 877, 183.48, 76, 76, 100, 14342, Not Active, Not Active, Not Active
2026/07/17 10:49:34.012, 1192, 877, 199.53, 76, 76, 100, 14342, Not Active, Not Active, Not Active
2026/07/17 10:49:34.067, 1192, 877, 200.84, 76, 76, 100, 14342, Not Active, Not Active, Not Active
2026/07/17 10:49:34.119, 1192, 877, 193.39, 76, 76, 100, 14342, Not Active, Not Active, Not Active
2026/07/17 10:49:34.171, 1192, 877, 183.95, 76, 76, 100, 14342, Not Active, Not Active, Not Active
2026/07/17 10:49:34.227, 1192, 877, 182.39, 76, 75, 100, 14342, Not Active, Not Active, Not Active
2026/07/17 10:49:34.278, 1192, 877, 175.80, 76, 76, 100, 14342, Not Active, Not Active, Not Active
2026/07/17 10:49:34.330, 1192, 877, 152.96, 76, 76, 100, 14342, Not Active, Not Active, Not Active
2026/07/17 10:49:34.382, 1192, 877, 132.87, 76, 76, 100, 14342, Not Active, Not Active, Not Active
2026/07/17 10:49:34.434, 1192, 877, 159.11, 76, 76, 100, 14342, Not Active, Not Active, Not Active
2026/07/17 10:49:34.486, 1192, 877, 191.96, 76, 76, 100, 14342, Not Active, Not Active, Not Active
2026/07/17 10:49:34.538, 1192, 877, 192.91, 76, 76, 100, 14342, Not Active, Not Active, Not Active
2026/07/17 10:49:34.590, 1192, 877, 184.91, 76, 75, 100, 14342, Not Active, Not Active, Not Active
2026/07/17 10:49:34.642, 1192, 877, 164.06, 76, 76, 100, 14342, Not Active, Not Active, Not Active
2026/07/17 10:49:34.693, 1192, 877, 151.90, 76, 75, 100, 14342, Not Active, Not Active, Not Active
2026/07/17 10:49:34.746, 1192, 877, 132.95, 76, 76, 100, 14342, Not Active, Not Active, Not Active
2026/07/17 10:49:34.798, 1192, 877, 158.52, 76, 76, 100, 14342, Not Active, Not Active, Not Active
2026/07/17 10:49:34.850, 1192, 877, 178.08, 76, 76, 100, 14342, Not Active, Not Active, Not Active
2026/07/17 10:49:34.901, 1192, 877, 206.45, 76, 76, 100, 14342, Not Active, Not Active, Not Active
2026/07/17 10:49:34.953, 1192, 877, 191.13, 76, 76, 100, 14342, Not Active, Not Active, Not Active
2026/07/17 10:49:35.010, 1192, 877, 197.14, 76, 76, 100, 14342, Not Active, Not Active, Not Active
2026/07/17 10:49:35.061, 1192, 877, 184.55, 76, 75, 100, 14342, Not Active, Not Active, Not Active
2026/07/17 10:49:35.113, 1192, 877, 168.01, 76, 75, 100, 14342, Not Active, Not Active, Not Active
2026/07/17 10:49:35.165, 1192, 877, 157.08, 76, 76, 100, 14342, Not Active, Not Active, Not Active
2026/07/17 10:49:35.217, 1192, 877, 132.47, 76, 76, 100, 14342, Not Active, Not Active, Not Active
2026/07/17 10:49:35.269, 1192, 877, 157.56, 76, 76, 100, 14342, Not Active, Not Active, Not Active
2026/07/17 10:49:35.320, 1192, 877, 175.57, 76, 76, 100, 14342, Not Active, Not Active, Not Active
2026/07/17 10:49:35.372, 1192, 877, 198.31, 76, 76, 100, 14342, Not Active, Not Active, Not Active
2026/07/17 10:49:35.424, 1192, 877, 162.36, 75, 76, 100, 14342, Not Active, Not Active, Not Active
2026/07/17 10:49:35.476, 1192, 877, 175.44, 76, 76, 100, 14342, Not Active, Not Active, Not Active
2026/07/17 10:49:35.530, 1192, 877, 157.93, 76, 75, 100, 14342, Not Active, Not Active, Not Active
2026/07/17 10:49:35.582, 1192, 877, 128.06, 76, 76, 100, 14342, Not Active, Not Active, Not Active
2026/07/17 10:49:35.634, 1192, 877, 158.52, 76, 76, 100, 14342, Not Active, Not Active, Not Active
2026/07/17 10:49:35.685, 1192, 877, 181.32, 76, 76, 100, 14342, Not Active, Not Active, Not Active
2026/07/17 10:49:35.737, 1192, 877, 197.48, 76, 76, 100, 14342, Not Active, Not Active, Not Active
2026/07/17 10:49:35.793, 1192, 877, 203.71, 76, 76, 100, 14342, Not Active, Not Active, Not Active
2026/07/17 10:49:35.845, 1192, 877, 189.57, 76, 76, 100, 14342, Not Active, Not Active, Not Active
2026/07/17 10:49:35.897, 1192, 877, 184.43, 76, 75, 100, 14342, Not Active, Not Active, Not Active
2026/07/17 10:49:35.953, 1192, 877, 179.28, 76, 75, 100, 14342, Not Active, Not Active, Not Active
2026/07/17 10:49:36.005, 1192, 877, 165.61, 76, 76, 100, 14342, Not Active, Not Active, Not Active
2026/07/17 10:49:36.057, 1192, 877, 127.18, 76, 76, 100, 14342, Not Active, Not Active, Not Active
2026/07/17 10:49:36.109, 1192, 877, 155.74, 76, 76, 100, 14342, Not Active, Not Active, Not Active
2026/07/17 10:49:36.161, 1192, 877, 169.93, 76, 76, 100, 14342, Not Active, Not Active, Not Active
2026/07/17 10:49:36.214, 1192, 877, 194.61, 76, 76, 100, 14342, Not Active, Not Active, Not Active
2026/07/17 10:49:36.266, 1192, 877, 199.61, 76, 76, 100, 14342, Not Active, Not Active, Not Active
2026/07/17 10:49:36.318, 1192, 877, 194.74, 76, 76, 100, 14342, Not Active, Not Active, Not Active
2026/07/17 10:49:36.370, 1192, 877, 105.80, 76, 75, 100, 14342, Not Active, Not Active, Not Active
2026/07/17 10:49:36.423, 1192, 877, 133.92, 76, 76, 100, 14342, Not Active, Not Active, Not Active
2026/07/17 10:49:36.474, 1192, 877, 161.88, 76, 76, 100, 14342, Not Active, Not Active, Not Active
2026/07/17 10:49:36.526, 1192, 877, 185.03, 76, 76, 100, 14342, Not Active, Not Active, Not Active
2026/07/17 10:49:36.578, 1192, 877, 197.83, 76, 76, 100, 14342, Not Active, Not Active, Not Active
2026/07/17 10:49:36.630, 1192, 877, 194.13, 76, 76, 100, 14342, Not Active, Not Active, Not Active
2026/07/17 10:49:36.681, 1192, 877, 181.91, 76, 76, 100, 14342, Not Active, Not Active, Not Active
2026/07/17 10:49:36.735, 1192, 877, 164.91, 76, 75, 100, 14342, Not Active, Not Active, Not Active
2026/07/17 10:49:36.787, 1192, 877, 151.04, 76, 76, 100, 14342, Not Active, Not Active, Not Active
2026/07/17 10:49:36.839, 1192, 877, 137.19, 76, 77, 100, 14342, Not Active, Not Active, Not Active
2026/07/17 10:49:36.891, 1192, 877, 162.84, 76, 76, 100, 14342, Not Active, Not Active, Not Active
2026/07/17 10:49:36.942, 1192, 877, 176.16, 76, 76, 100, 14342, Not Active, Not Active, Not Active
2026/07/17 10:49:36.998, 1192, 877, 201.80, 76, 76, 100, 14342, Not Active, Not Active, Not Active
2026/07/17 10:49:37.049, 1192, 877, 193.87, 76, 76, 100, 14342, Not Active, Not Active, Not Active
2026/07/17 10:49:37.101, 1192, 877, 184.30, 76, 76, 100, 14342, Not Active, Not Active, Not Active
2026/07/17 10:49:37.157, 1192, 877, 181.80, 76, 76, 100, 14342, Not Active, Not Active, Not Active
2026/07/17 10:49:37.209, 1192, 877, 167.53, 76, 76, 100, 14342, Not Active, Not Active, Not Active
2026/07/17 10:49:37.260, 1192, 877, 128.54, 76, 76, 100, 14342, Not Active, Not Active, Not Active
2026/07/17 10:49:37.312, 1192, 877, 147.68, 76, 76, 100, 14342, Not Active, Not Active, Not Active
2026/07/17 10:49:37.364, 1192, 877, 196.66, 76, 76, 100, 14342, Not Active, Not Active, Not Active
2026/07/17 10:49:37.419, 1192, 877, 195.31, 76, 76, 100, 14342, Not Active, Not Active, Not Active
2026/07/17 10:49:37.470, 1192, 877, 190.43, 76, 76, 100, 14342, Not Active, Not Active, Not Active
2026/07/17 10:49:37.522, 1192, 877, 163.95, 76, 75, 100, 14342, Not Active, Not Active, Not Active
2026/07/17 10:49:37.574, 1192, 877, 146.62, 76, 76, 100, 14342, Not Active, Not Active, Not Active
2026/07/17 10:49:37.626, 1192, 877, 140.08, 76, 77, 100, 14342, Not Active, Not Active, Not Active
2026/07/17 10:49:37.678, 1192, 877, 165.72, 76, 76, 100, 14342, Not Active, Not Active, Not Active
2026/07/17 10:49:37.729, 1192, 877, 201.32, 76, 76, 100, 14342, Not Active, Not Active, Not Active
2026/07/17 10:49:37.781, 1192, 877, 199.53, 76, 76, 100, 14342, Not Active, Not Active, Not Active
2026/07/17 10:49:37.833, 1192, 877, 183.59, 76, 76, 100, 14342, Not Active, Not Active, Not Active
2026/07/17 10:49:37.884, 1192, 877, 190.43, 76, 75, 100, 14342, Not Active, Not Active, Not Active
2026/07/17 10:49:37.940, 1192, 877, 165.72, 76, 75, 100, 14342, Not Active, Not Active, Not Active
2026/07/17 10:49:37.991, 1192, 877, 128.06, 76, 76, 100, 14342, Not Active, Not Active, Not Active
2026/07/17 10:49:38.043, 1192, 877, 150.94, 76, 76, 100, 14342, Not Active, Not Active, Not Active
2026/07/17 10:49:38.095, 1192, 877, 170.29, 76, 76, 100, 14342, Not Active, Not Active, Not Active
2026/07/17 10:49:38.147, 1192, 877, 192.57, 76, 77, 100, 14342, Not Active, Not Active, Not Active
2026/07/17 10:49:38.202, 1192, 877, 200.01, 76, 76, 100, 14342, Not Active, Not Active, Not Active
2026/07/17 10:49:38.253, 1192, 877, 184.91, 76, 76, 100, 14342, Not Active, Not Active, Not Active
2026/07/17 10:49:38.305, 1192, 877, 96.63, 76, 76, 100, 14342, Not Active, Not Active, Not Active
2026/07/17 10:49:38.359, 1192, 877, 130.55, 76, 76, 100, 14342, Not Active, Not Active, Not Active
2026/07/17 10:49:38.411, 1192, 877, 161.03, 76, 76, 100, 14342, Not Active, Not Active, Not Active
2026/07/17 10:49:38.463, 1192, 877, 191.74, 76, 76, 100, 14342, Not Active, Not Active, Not Active
2026/07/17 10:49:38.514, 1192, 877, 192.44, 76, 76, 100, 14342, Not Active, Not Active, Not Active
2026/07/17 10:49:38.566, 1192, 877, 197.35, 76, 76, 100, 14342, Not Active, Not Active, Not Active
2026/07/17 10:49:38.622, 1192, 877, 187.07, 76, 76, 100, 14342, Not Active, Not Active, Not Active
2026/07/17 10:49:38.674, 1192, 877, 171.25, 76, 75, 100, 14342, Not Active, Not Active, Not Active
2026/07/17 10:49:38.726, 1192, 877, 136.14, 76, 76, 100, 14342, Not Active, Not Active, Not Active
2026/07/17 10:49:38.778, 1192, 877, 148.16, 76, 76, 100, 14342, Not Active, Not Active, Not Active
2026/07/17 10:49:38.830, 1192, 877, 168.71, 76, 76, 100, 14342, Not Active, Not Active, Not Active
2026/07/17 10:49:38.883, 1192, 877, 203.30, 76, 76, 100, 14342, Not Active, Not Active, Not Active
2026/07/17 10:49:38.934, 1192, 877, 192.91, 76, 76, 100, 14342, Not Active, Not Active, Not Active
2026/07/17 10:49:38.986, 1192, 877, 184.92, 76, 76, 100, 14342, Not Active, Not Active, Not Active
2026/07/17 10:49:39.038, 1192, 877, 175.20, 76, 76, 100, 14342, Not Active, Not Active, Not Active
2026/07/17 10:49:39.089, 1192, 877, 147.58, 76, 76, 100, 14342, Not Active, Not Active, Not Active
2026/07/17 10:49:39.142, 1192, 877, 139.60, 76, 76, 100, 14342, Not Active, Not Active, Not Active
2026/07/17 10:49:39.194, 1192, 877, 167.16, 76, 76, 100, 14342, Not Active, Not Active, Not Active
2026/07/17 10:49:39.246, 1192, 877, 199.75, 76, 77, 100, 14342, Not Active, Not Active, Not Active
2026/07/17 10:49:39.297, 1192, 877, 156.50, 76, 75, 100, 14342, Not Active, Not Active, Not Active
2026/07/17 10:49:39.349, 1192, 877, 170.75, 76, 76, 100, 14342, Not Active, Not Active, Not Active
2026/07/17 10:49:39.403, 1192, 877, 131.82, 76, 76, 100, 14342, Not Active, Not Active, Not Active
2026/07/17 10:49:39.455, 1192, 877, 150.56, 76, 76, 100, 14342, Not Active, Not Active, Not Active
2026/07/17 10:49:39.506, 1192, 877, 169.93, 76, 76, 100, 14342, Not Active, Not Active, Not Active
2026/07/17 10:49:39.558, 1192, 877, 199.61, 76, 76, 100, 14342, Not Active, Not Active, Not Active
2026/07/17 10:49:39.610, 1192, 877, 192.44, 76, 76, 100, 14342, Not Active, Not Active, Not Active
2026/07/17 10:49:39.666, 1192, 877, 193.30, 76, 75, 100, 14342, Not Active, Not Active, Not Active
2026/07/17 10:49:39.718, 1192, 877, 175.44, 76, 76, 100, 14342, Not Active, Not Active, Not Active
2026/07/17 10:49:39.770, 1192, 877, 143.83, 76, 75, 100, 14342, Not Active, Not Active, Not Active
2026/07/17 10:49:39.822, 1192, 877, 140.95, 76, 76, 100, 14342, Not Active, Not Active, Not Active
2026/07/17 10:49:39.874, 1192, 877, 164.76, 76, 76, 100, 14342, Not Active, Not Active, Not Active
2026/07/17 10:49:39.926, 1192, 877, 201.66, 76, 76, 100, 14342, Not Active, Not Active, Not Active
2026/07/17 10:49:39.978, 1192, 877, 195.57, 76, 76, 100, 14342, Not Active, Not Active, Not Active
2026/07/17 10:49:40.030, 1192, 877, 177.73, 76, 76, 100, 14342, Not Active, Not Active, Not Active
2026/07/17 10:49:40.082, 1192, 877, 180.00, 76, 75, 100, 14342, Not Active, Not Active, Not Active
2026/07/17 10:49:40.133, 1192, 877, 141.91, 76, 76, 100, 14342, Not Active, Not Active, Not Active
2026/07/17 10:49:40.185, 1192, 877, 144.79, 76, 76, 100, 14342, Not Active, Not Active, Not Active
2026/07/17 10:49:40.237, 1192, 877, 169.56, 76, 76, 100, 14342, Not Active, Not Active, Not Active
2026/07/17 10:49:40.289, 1192, 877, 173.65, 76, 76, 100, 14342, Not Active, Not Active, Not Active
2026/07/17 10:49:40.340, 1192, 877, 179.28, 76, 76, 100, 14342, Not Active, Not Active, Not Active
2026/07/17 10:49:40.393, 1192, 877, 160.07, 76, 75, 100, 14342, Not Active, Not Active, Not Active
2026/07/17 10:49:40.446, 1192, 877, 131.51, 76, 76, 100, 14342, Not Active, Not Active, Not Active
2026/07/17 10:49:40.498, 1192, 877, 159.48, 76, 76, 100, 14342, Not Active, Not Active, Not Active
2026/07/17 10:49:40.550, 1192, 877, 194.87, 76, 76, 100, 14342, Not Active, Not Active, Not Active
2026/07/17 10:49:40.601, 1192, 877, 197.96, 76, 76, 100, 14342, Not Active, Not Active, Not Active
2026/07/17 10:49:40.653, 1192, 877, 191.74, 76, 76, 100, 14342, Not Active, Not Active, Not Active
2026/07/17 10:49:40.705, 1192, 877, 175.20, 76, 76, 100, 14342, Not Active, Not Active, Not Active
2026/07/17 10:49:40.757, 1192, 877, 139.51, 76, 76, 100, 14342, Not Active, Not Active, Not Active
2026/07/17 10:49:40.809, 1192, 877, 150.56, 76, 76, 100, 14342, Not Active, Not Active, Not Active
2026/07/17 10:49:40.861, 1192, 877, 169.81, 76, 76, 100, 14342, Not Active, Not Active, Not Active
2026/07/17 10:49:40.912, 1192, 877, 202.75, 76, 76, 100, 14342, Not Active, Not Active, Not Active
2026/07/17 10:49:40.964, 1192, 877, 194.13, 76, 76, 100, 14342, Not Active, Not Active, Not Active
2026/07/17 10:49:41.016, 1192, 877, 184.19, 76, 75, 100, 14342, Not Active, Not Active, Not Active
2026/07/17 10:49:41.070, 1192, 877, 166.42, 76, 75, 100, 14342, Not Active, Not Active, Not Active
2026/07/17 10:49:41.122, 1192, 877, 119.96, 76, 76, 100, 14342, Not Active, Not Active, Not Active
2026/07/17 10:49:41.174, 1192, 877, 155.37, 76, 76, 100, 14342, Not Active, Not Active, Not Active
2026/07/17 10:49:41.225, 1192, 877, 180.00, 76, 76, 100, 14342, Not Active, Not Active, Not Active
2026/07/17 10:49:41.277, 1192, 877, 155.81, 76, 76, 100, 14342, Not Active, Not Active, Not Active
2026/07/17 10:49:41.330, 1192, 877, 174.36, 76, 75, 100, 14342, Not Active, Not Active, Not Active
2026/07/17 10:49:41.381, 1192, 877, 135.09, 76, 75, 100, 14342, Not Active, Not Active, Not Active
2026/07/17 10:49:41.433, 1192, 877, 151.42, 76, 76, 100, 14342, Not Active, Not Active, Not Active
2026/07/17 10:49:41.485, 1192, 877, 175.20, 76, 76, 100, 14342, Not Active, Not Active, Not Active
2026/07/17 10:49:41.537, 1192, 877, 201.18, 76, 76, 100, 14342, Not Active, Not Active, Not Active
2026/07/17 10:49:41.594, 1192, 877, 195.22, 76, 76, 100, 14342, Not Active, Not Active, Not Active
2026/07/17 10:49:41.646, 1192, 877, 183.35, 76, 76, 100, 14342, Not Active, Not Active, Not Active
2026/07/17 10:49:41.697, 1192, 877, 178.80, 76, 76, 100, 14342, Not Active, Not Active, Not Active
2026/07/17 10:49:41.752, 1192, 877, 142.29, 76, 75, 100, 14342, Not Active, Not Active, Not Active
2026/07/17 10:49:41.804, 1192, 877, 143.35, 76, 76, 100, 14342, Not Active, Not Active, Not Active
2026/07/17 10:49:41.856, 1192, 877, 168.97, 76, 76, 100, 14342, Not Active, Not Active, Not Active
2026/07/17 10:49:41.907, 1192, 877, 199.61, 76, 76, 100, 14342, Not Active, Not Active, Not Active
2026/07/17 10:49:41.959, 1192, 877, 196.40, 76, 76, 100, 14342, Not Active, Not Active, Not Active
2026/07/17 10:49:42.015, 1192, 877, 188.51, 76, 75, 100, 14342, Not Active, Not Active, Not Active
2026/07/17 10:49:42.067, 1192, 877, 159.64, 76, 75, 100, 14342, Not Active, Not Active, Not Active
2026/07/17 10:49:42.118, 1192, 877, 120.52, 76, 76, 100, 14342, Not Active, Not Active, Not Active
2026/07/17 10:49:42.171, 1192, 877, 154.30, 76, 76, 100, 14342, Not Active, Not Active, Not Active
2026/07/17 10:49:42.222, 1192, 877, 177.00, 76, 76, 100, 14342, Not Active, Not Active, Not Active
2026/07/17 10:49:42.276, 1192, 877, 165.35, 76, 76, 100, 14342, Not Active, Not Active, Not Active
2026/07/17 10:49:42.328, 1192, 877, 161.18, 76, 75, 100, 14342, Not Active, Not Active, Not Active
2026/07/17 10:49:42.380, 1192, 877, 126.22, 76, 76, 100, 14342, Not Active, Not Active, Not Active
2026/07/17 10:49:42.432, 1192, 877, 151.42, 76, 76, 100, 14342, Not Active, Not Active, Not Active
2026/07/17 10:49:42.485, 1192, 877, 174.36, 76, 76, 100, 14342, Not Active, Not Active, Not Active
2026/07/17 10:49:42.537, 1192, 877, 196.74, 76, 76, 100, 14342, Not Active, Not Active, Not Active
2026/07/17 10:49:42.589, 1192, 877, 193.04, 76, 76, 100, 14342, Not Active, Not Active, Not Active
2026/07/17 10:49:42.641, 1192, 877, 178.68, 76, 76, 100, 14342, Not Active, Not Active, Not Active
2026/07/17 10:49:42.693, 1192, 877, 145.18, 76, 76, 100, 14342, Not Active, Not Active, Not Active
2026/07/17 10:49:42.745, 1192, 877, 144.41, 76, 76, 100, 14342, Not Active, Not Active, Not Active
2026/07/17 10:49:42.796, 1192, 877, 167.53, 76, 76, 100, 14342, Not Active, Not Active, Not Active
2026/07/17 10:49:42.848, 1192, 877, 202.27, 76, 76, 100, 14342, Not Active, Not Active, Not Active
2026/07/17 10:49:42.900, 1192, 877, 194.48, 76, 76, 100, 14342, Not Active, Not Active, Not Active
2026/07/17 10:49:42.952, 1192, 877, 179.04, 76, 75, 100, 14342, Not Active, Not Active, Not Active
2026/07/17 10:49:43.003, 1192, 877, 146.52, 76, 76, 100, 14342, Not Active, Not Active, Not Active
2026/07/17 10:49:43.057, 1192, 877, 133.35, 76, 76, 100, 14342, Not Active, Not Active, Not Active
2026/07/17 10:49:43.108, 1192, 877, 163.32, 76, 76, 100, 14342, Not Active, Not Active, Not Active
2026/07/17 10:49:43.160, 1192, 877, 199.61, 76, 76, 100, 14342, Not Active, Not Active, Not Active
2026/07/17 10:49:43.212, 1192, 877, 198.44, 76, 76, 100, 14342, Not Active, Not Active, Not Active
2026/07/17 10:49:43.264, 1192, 877, 88.91, 75, 75, 100, 14342, Not Active, Not Active, Not Active
2026/07/17 10:49:43.317, 1192, 877, 132.87, 76, 76, 100, 14342, Not Active, Not Active, Not Active
2026/07/17 10:49:43.369, 1192, 877, 165.72, 76, 76, 100, 14342, Not Active, Not Active, Not Active
2026/07/17 10:49:43.421, 1192, 877, 204.53, 76, 76, 100, 14342, Not Active, Not Active, Not Active
2026/07/17 10:49:43.473, 1192, 877, 196.13, 76, 76, 100, 14342, Not Active, Not Active, Not Active
2026/07/17 10:49:43.524, 1192, 877, 189.47, 76, 75, 100, 14342, Not Active, Not Active, Not Active
2026/07/17 10:49:43.580, 1192, 877, 159.27, 76, 76, 100, 14342, Not Active, Not Active, Not Active
2026/07/17 10:49:43.632, 1192, 877, 122.45, 76, 75, 100, 14342, Not Active, Not Active, Not Active
2026/07/17 10:49:43.684, 1192, 877, 157.56, 76, 76, 100, 14342, Not Active, Not Active, Not Active
2026/07/17 10:49:43.736, 1192, 877, 191.26, 76, 76, 100, 14342, Not Active, Not Active, Not Active
2026/07/17 10:49:43.788, 1192, 877, 195.22, 76, 76, 100, 14342, Not Active, Not Active, Not Active
2026/07/17 10:49:43.842, 1192, 877, 190.65, 76, 75, 100, 14342, Not Active, Not Active, Not Active
2026/07/17 10:49:43.894, 1192, 877, 168.71, 76, 75, 100, 14342, Not Active, Not Active, Not Active
2026/07/17 10:49:43.946, 1192, 877, 124.69, 76, 76, 100, 14342, Not Active, Not Active, Not Active
2026/07/17 10:49:43.998, 1192, 877, 151.90, 76, 76, 100, 14342, Not Active, Not Active, Not Active
2026/07/17 10:49:44.050, 1192, 877, 178.56, 76, 76, 100, 14342, Not Active, Not Active, Not Active
2026/07/17 10:49:44.103, 1192, 877, 200.23, 76, 76, 100, 14342, Not Active, Not Active, Not Active
2026/07/17 10:49:44.155, 1192, 877, 194.00, 76, 76, 100, 14342, Not Active, Not Active, Not Active
2026/07/17 10:49:44.207, 1192, 877, 179.40, 76, 76, 100, 14342, Not Active, Not Active, Not Active
2026/07/17 10:49:44.262, 1192, 877, 154.20, 76, 76, 100, 14342, Not Active, Not Active, Not Active
2026/07/17 10:49:44.314, 1192, 877, 178.08, 76, 76, 100, 14342, Not Active, Not Active, Not Active
2026/07/17 10:49:44.365, 1192, 877, 203.71, 76, 76, 100, 14342, Not Active, Not Active, Not Active
2026/07/17 10:49:44.417, 1192, 877, 188.63, 76, 75, 100, 14342, Not Active, Not Active, Not Active
2026/07/17 10:49:44.469, 1192, 877, 170.04, 76, 76, 100, 14342, Not Active, Not Active, Not Active
2026/07/17 10:49:44.522, 1192, 877, 126.30, 76, 76, 100, 14342, Not Active, Not Active, Not Active
2026/07/17 10:49:44.574, 1192, 877, 154.30, 76, 77, 100, 14342, Not Active, Not Active, Not Active
2026/07/17 10:49:44.626, 1192, 877, 181.20, 76, 76, 100, 14342, Not Active, Not Active, Not Active
2026/07/17 10:49:44.677, 1192, 877, 195.22, 76, 76, 100, 14342, Not Active, Not Active, Not Active
2026/07/17 10:49:44.729, 1192, 877, 190.55, 76, 75, 100, 14342, Not Active, Not Active, Not Active
2026/07/17 10:49:44.785, 1192, 877, 173.52, 76, 76, 100, 14342, Not Active, Not Active, Not Active
2026/07/17 10:49:44.837, 1192, 877, 129.50, 76, 76, 100, 14342, Not Active, Not Active, Not Active
2026/07/17 10:49:44.888, 1192, 877, 152.48, 76, 76, 100, 14342, Not Active, Not Active, Not Active
2026/07/17 10:49:44.940, 1192, 877, 178.56, 76, 76, 100, 14342, Not Active, Not Active, Not Active
2026/07/17 10:49:44.994, 1192, 877, 196.26, 76, 76, 100, 14342, Not Active, Not Active, Not Active
2026/07/17 10:49:45.047, 1192, 877, 188.74, 76, 76, 100, 14342, Not Active, Not Active, Not Active
2026/07/17 10:49:45.099, 1192, 877, 164.06, 76, 76, 100, 14342, Not Active, Not Active, Not Active
2026/07/17 10:49:45.151, 1192, 877, 139.51, 76, 76, 100, 14342, Not Active, Not Active, Not Active
2026/07/17 10:49:45.204, 1192, 877, 145.27, 76, 76, 100, 14342, Not Active, Not Active, Not Active
2026/07/17 10:49:45.256, 1192, 877, 171.37, 76, 76, 100, 14342, Not Active, Not Active, Not Active
2026/07/17 10:49:45.308, 1192, 877, 171.59, 75, 76, 100, 14342, Not Active, Not Active, Not Active
2026/07/17 10:49:45.360, 1192, 877, 158.89, 76, 76, 100, 14342, Not Active, Not Active, Not Active
2026/07/17 10:49:45.411, 1192, 877, 121.00, 76, 76, 100, 14342, Not Active, Not Active, Not Active
2026/07/17 10:49:45.465, 1192, 877, 156.70, 76, 76, 100, 14342, Not Active, Not Active, Not Active
2026/07/17 10:49:45.517, 1192, 877, 188.86, 76, 76, 100, 14342, Not Active, Not Active, Not Active
2026/07/17 10:49:45.569, 1192, 877, 196.87, 76, 75, 100, 14342, Not Active, Not Active, Not Active
2026/07/17 10:49:45.620, 1192, 877, 184.19, 76, 75, 100, 14342, Not Active, Not Active, Not Active
2026/07/17 10:49:45.672, 1192, 877, 158.52, 76, 76, 100, 14342, Not Active, Not Active, Not Active
2026/07/17 10:49:45.724, 1192, 877, 135.75, 76, 76, 100, 14342, Not Active, Not Active, Not Active
2026/07/17 10:49:45.776, 1192, 877, 164.39, 76, 76, 100, 14342, Not Active, Not Active, Not Active
2026/07/17 10:49:45.829, 1192, 877, 199.75, 76, 76, 100, 14342, Not Active, Not Active, Not Active
2026/07/17 10:49:45.880, 1192, 877, 192.21, 76, 75, 100, 14342, Not Active, Not Active, Not Active
2026/07/17 10:49:45.932, 1192, 877, 173.40, 76, 75, 100, 14342, Not Active, Not Active, Not Active
2026/07/17 10:49:45.984, 1192, 877, 132.78, 76, 75, 100, 14342, Not Active, Not Active, Not Active
2026/07/17 10:49:46.036, 1192, 877, 150.94, 76, 76, 100, 14342, Not Active, Not Active, Not Active
2026/07/17 10:49:46.088, 1192, 877, 181.80, 76, 76, 100, 14342, Not Active, Not Active, Not Active
2026/07/17 10:49:46.140, 1192, 877, 194.26, 76, 76, 100, 14342, Not Active, Not Active, Not Active
2026/07/17 10:49:46.191, 1192, 877, 193.43, 76, 76, 100, 14342, Not Active, Not Active, Not Active
2026/07/17 10:49:46.243, 1192, 877, 163.21, 76, 75, 100, 14342, Not Active, Not Active, Not Active
2026/07/17 10:49:46.295, 1192, 877, 120.52, 76, 75, 100, 14342, Not Active, Not Active, Not Active
2026/07/17 10:49:46.349, 1192, 877, 199.05, 76, 76, 100, 14342, Not Active, Not Active, Not Active
2026/07/17 10:49:46.400, 1192, 877, 195.22, 76, 76, 100, 14342, Not Active, Not Active, Not Active
2026/07/17 10:49:46.452, 1192, 877, 178.20, 76, 75, 100, 14342, Not Active, Not Active, Not Active
2026/07/17 10:49:46.504, 1192, 877, 139.51, 76, 75, 100, 14342, Not Active, Not Active, Not Active
2026/07/17 10:49:46.556, 1192, 877, 142.00, 76, 76, 100, 14342, Not Active, Not Active, Not Active
2026/07/17 10:49:46.610, 1192, 877, 172.92, 76, 76, 100, 14342, Not Active, Not Active, Not Active
2026/07/17 10:49:46.661, 1192, 877, 198.66, 76, 76, 100, 14342, Not Active, Not Active, Not Active
2026/07/17 10:49:46.713, 1192, 877, 189.09, 76, 76, 100, 14342, Not Active, Not Active, Not Active
2026/07/17 10:49:46.765, 1192, 877, 159.85, 76, 75, 100, 14342, Not Active, Not Active, Not Active
2026/07/17 10:49:46.817, 1192, 877, 119.56, 76, 76, 100, 14342, Not Active, Not Active, Not Active
2026/07/17 10:49:46.870, 1192, 877, 156.70, 76, 76, 100, 14342, Not Active, Not Active, Not Active
2026/07/17 10:49:46.922, 1192, 877, 197.01, 76, 76, 100, 14342, Not Active, Not Active, Not Active
2026/07/17 10:49:46.973, 1192, 877, 193.65, 76, 76, 100, 14342, Not Active, Not Active, Not Active
2026/07/17 10:49:47.025, 1192, 877, 178.20, 76, 75, 100, 14342, Not Active, Not Active, Not Active
2026/07/17 10:49:47.077, 1192, 877, 145.18, 76, 76, 100, 14342, Not Active, Not Active, Not Active
2026/07/17 10:49:47.131, 1192, 877, 139.60, 76, 76, 100, 14342, Not Active, Not Active, Not Active
2026/07/17 10:49:47.183, 1192, 877, 169.93, 76, 76, 100, 14342, Not Active, Not Active, Not Active
2026/07/17 10:49:47.234, 1192, 877, 198.66, 76, 76, 100, 14342, Not Active, Not Active, Not Active
2026/07/17 10:49:47.286, 1192, 877, 189.57, 76, 75, 100, 14342, Not Active, Not Active, Not Active
2026/07/17 10:49:47.338, 1192, 877, 126.30, 76, 76, 100, 14342, Not Active, Not Active, Not Active
2026/07/17 10:49:47.391, 1192, 877, 155.26, 76, 76, 100, 14342, Not Active, Not Active, Not Active
2026/07/17 10:49:47.442, 1192, 877, 202.14, 76, 76, 100, 14342, Not Active, Not Active, Not Active
2026/07/17 10:49:47.496, 1192, 877, 191.48, 76, 75, 100, 14342, Not Active, Not Active, Not Active
2026/07/17 10:49:47.547, 1192, 877, 177.72, 76, 75, 100, 14342, Not Active, Not Active, Not Active
2026/07/17 10:49:47.599, 1192, 877, 144.31, 76, 75, 100, 14342, Not Active, Not Active, Not Active
2026/07/17 10:49:47.653, 1192, 877, 144.79, 76, 76, 100, 14342, Not Active, Not Active, Not Active
2026/07/17 10:49:47.705, 1192, 877, 175.68, 76, 76, 100, 14342, Not Active, Not Active, Not Active
2026/07/17 10:49:47.756, 1192, 877, 202.27, 76, 76, 100, 14342, Not Active, Not Active, Not Active
2026/07/17 10:49:47.808, 1192, 877, 182.39, 76, 76, 100, 14342, Not Active, Not Active, Not Active
2026/07/17 10:49:47.860, 1192, 877, 166.42, 76, 75, 100, 14342, Not Active, Not Active, Not Active
2026/07/17 10:49:47.914, 1192, 877, 122.45, 76, 75, 100, 14342, Not Active, Not Active, Not Active
2026/07/17 10:49:47.966, 1192, 877, 157.66, 76, 77, 100, 14342, Not Active, Not Active, Not Active
2026/07/17 10:49:48.018, 1192, 877, 199.75, 76, 76, 100, 14342, Not Active, Not Active, Not Active
2026/07/17 10:49:48.070, 1192, 877, 190.78, 76, 76, 100, 14342, Not Active, Not Active, Not Active
2026/07/17 10:49:48.122, 1192, 877, 174.01, 76, 75, 100, 14342, Not Active, Not Active, Not Active
2026/07/17 10:49:48.175, 1192, 877, 135.18, 76, 75, 100, 14342, Not Active, Not Active, Not Active
2026/07/17 10:49:48.227, 1192, 877, 150.46, 76, 76, 100, 14342, Not Active, Not Active, Not Active
2026/07/17 10:49:48.279, 1192, 877, 175.68, 76, 76, 100, 14342, Not Active, Not Active, Not Active
2026/07/17 10:49:48.331, 1192, 877, 200.01, 76, 76, 100, 14342, Not Active, Not Active, Not Active
2026/07/17 10:49:48.382, 1192, 877, 96.63, 75, 76, 100, 13638, Not Active, Not Active, Not Active
2026/07/17 10:49:48.436, 1192, 877, 51.41, 74, 74, 100, 354, Not Active, Not Active, Not Active
2026/07/17 10:49:48.487, 1192, 877, 49.96, 73, 73, 99, 354, Not Active, Not Active, Not Active
