timestamp,graphics_clock_mhz,memory_clock_mhz,power_w,gpu_temperature_c,memory_temperature_c,gpu_util_pct,memory_used_mib,sw_power_cap,sw_thermal_slowdown,hw_thermal_slowdown
2026/07/17 10:39:29.731, 1192, 877, 35.97, 50, 49, 0, 6, Not Active, Not Active, Not Active
2026/07/17 10:39:29.785, 1192, 877, 35.97, 50, 49, 0, 8, Not Active, Not Active, Not Active
2026/07/17 10:39:29.837, 1192, 877, 35.97, 50, 49, 0, 8, Not Active, Not Active, Not Active
2026/07/17 10:39:29.889, 1192, 877, 35.97, 50, 49, 0, 8, Not Active, Not Active, Not Active
2026/07/17 10:39:29.942, 1192, 877, 35.97, 50, 49, 0, 316, Not Active, Not Active, Not Active
2026/07/17 10:39:29.993, 1192, 877, 35.97, 50, 49, 0, 316, Not Active, Not Active, Not Active
2026/07/17 10:39:30.046, 1192, 877, 35.97, 50, 49, 0, 316, Not Active, Not Active, Not Active
2026/07/17 10:39:30.098, 1192, 877, 35.97, 50, 49, 3, 316, Not Active, Not Active, Not Active
2026/07/17 10:39:30.149, 1192, 877, 35.97, 50, 49, 3, 316, Not Active, Not Active, Not Active
2026/07/17 10:39:30.201, 1192, 877, 36.94, 50, 49, 3, 6708, Not Active, Not Active, Not Active
2026/07/17 10:39:30.254, 1192, 877, 36.94, 50, 49, 37, 6708, Not Active, Not Active, Not Active
2026/07/17 10:39:30.307, 1192, 877, 36.94, 50, 49, 37, 6708, Not Active, Not Active, Not Active
2026/07/17 10:39:30.359, 1192, 877, 36.94, 50, 49, 37, 6708, Not Active, Not Active, Not Active
2026/07/17 10:39:30.412, 1192, 877, 36.94, 50, 49, 100, 6708, Not Active, Not Active, Not Active
2026/07/17 10:39:30.464, 1192, 877, 36.94, 50, 49, 100, 6708, Not Active, Not Active, Not Active
2026/07/17 10:39:30.517, 1192, 877, 36.94, 50, 49, 100, 6708, Not Active, Not Active, Not Active
2026/07/17 10:39:30.569, 1192, 877, 36.94, 50, 49, 99, 6708, Not Active, Not Active, Not Active
2026/07/17 10:39:30.622, 1192, 877, 36.94, 50, 49, 99, 6708, Not Active, Not Active, Not Active
2026/07/17 10:39:30.675, 1192, 877, 36.94, 50, 49, 99, 6708, Not Active, Not Active, Not Active
2026/07/17 10:39:30.728, 1192, 877, 36.94, 50, 49, 99, 6708, Not Active, Not Active, Not Active
2026/07/17 10:39:30.781, 1192, 877, 36.94, 50, 49, 99, 6708, Not Active, Not Active, Not Active
2026/07/17 10:39:30.833, 1192, 877, 36.94, 50, 49, 99, 6708, Not Active, Not Active, Not Active
2026/07/17 10:39:30.886, 1192, 877, 36.94, 50, 49, 99, 6708, Not Active, Not Active, Not Active
2026/07/17 10:39:30.938, 1192, 877, 36.94, 50, 49, 99, 6708, Not Active, Not Active, Not Active
2026/07/17 10:39:30.991, 1192, 877, 36.94, 50, 49, 99, 6708, Not Active, Not Active, Not Active
2026/07/17 10:39:31.043, 1192, 877, 36.94, 50, 49, 99, 6708, Not Active, Not Active, Not Active
2026/07/17 10:39:31.096, 1192, 877, 36.94, 50, 49, 99, 6708, Not Active, Not Active, Not Active
2026/07/17 10:39:31.151, 1192, 877, 36.94, 50, 49, 99, 6708, Not Active, Not Active, Not Active
2026/07/17 10:39:31.203, 1192, 877, 36.94, 50, 49, 99, 6708, Not Active, Not Active, Not Active
2026/07/17 10:39:31.255, 1192, 877, 36.94, 50, 49, 99, 6708, Not Active, Not Active, Not Active
2026/07/17 10:39:31.308, 1192, 877, 36.94, 50, 49, 99, 6708, Not Active, Not Active, Not Active
2026/07/17 10:39:31.361, 1192, 877, 36.94, 50, 49, 99, 6708, Not Active, Not Active, Not Active
2026/07/17 10:39:31.413, 1192, 877, 36.94, 50, 49, 99, 6708, Not Active, Not Active, Not Active
2026/07/17 10:39:31.466, 1192, 877, 36.94, 50, 49, 99, 6708, Not Active, Not Active, Not Active
2026/07/17 10:39:31.518, 1192, 877, 36.94, 50, 49, 99, 6708, Not Active, Not Active, Not Active
2026/07/17 10:39:31.572, 1192, 877, 36.94, 50, 49, 99, 6708, Not Active, Not Active, Not Active
2026/07/17 10:39:31.624, 1192, 877, 36.94, 50, 49, 99, 6708, Not Active, Not Active, Not Active
2026/07/17 10:39:31.677, 1192, 877, 36.94, 50, 49, 99, 6708, Not Active, Not Active, Not Active
2026/07/17 10:39:31.729, 1192, 877, 36.94, 50, 49, 99, 6708, Not Active, Not Active, Not Active
2026/07/17 10:39:31.782, 1192, 877, 36.94, 50, 49, 99, 6708, Not Active, Not Active, Not Active
2026/07/17 10:39:31.834, 1192, 877, 36.94, 50, 49, 99, 6708, Not Active, Not Active, Not Active
2026/07/17 10:39:31.887, 1192, 877, 36.94, 50, 49, 99, 6708, Not Active, Not Active, Not Active
2026/07/17 10:39:31.939, 1192, 877, 36.94, 50, 49, 99, 6708, Not Active, Not Active, Not Active
2026/07/17 10:39:31.993, 1192, 877, 36.94, 50, 49, 99, 6708, Not Active, Not Active, Not Active
2026/07/17 10:39:32.047, 1192, 877, 36.94, 50, 49, 99, 6708, Not Active, Not Active, Not Active
2026/07/17 10:39:32.100, 1192, 877, 36.94, 50, 49, 99, 6708, Not Active, Not Active, Not Active
2026/07/17 10:39:32.153, 1192, 877, 36.94, 50, 49, 99, 6708, Not Active, Not Active, Not Active
2026/07/17 10:39:32.205, 1192, 877, 36.94, 50, 49, 99, 6708, Not Active, Not Active, Not Active
2026/07/17 10:39:32.258, 1192, 877, 40.82, 50, 49, 95, 8228, Not Active, Not Active, Not Active
2026/07/17 10:39:32.309, 1192, 877, 118.59, 50, 49, 95, 8404, Not Active, Not Active, Not Active
2026/07/17 10:39:32.361, 1192, 877, 166.09, 52, 51, 95, 8404, Not Active, Not Active, Not Active
2026/07/17 10:39:32.416, 1192, 877, 168.12, 52, 53, 69, 8404, Not Active, Not Active, Not Active
2026/07/17 10:39:32.468, 1192, 877, 171.73, 53, 53, 69, 8404, Not Active, Not Active, Not Active
2026/07/17 10:39:32.520, 1192, 877, 176.28, 54, 54, 69, 8404, Not Active, Not Active, Not Active
2026/07/17 10:39:32.572, 1192, 877, 168.01, 54, 54, 69, 8404, Not Active, Not Active, Not Active
2026/07/17 10:39:32.624, 1192, 877, 161.77, 54, 54, 100, 8404, Not Active, Not Active, Not Active
2026/07/17 10:39:32.677, 1192, 877, 172.55, 54, 54, 100, 8404, Not Active, Not Active, Not Active
2026/07/17 10:39:32.728, 1192, 877, 175.32, 54, 55, 100, 8404, Not Active, Not Active, Not Active
2026/07/17 10:39:32.780, 1192, 877, 176.64, 55, 55, 100, 8404, Not Active, Not Active, Not Active
2026/07/17 10:39:32.832, 1192, 877, 173.05, 55, 55, 100, 8404, Not Active, Not Active, Not Active
2026/07/17 10:39:32.884, 1192, 877, 168.38, 55, 55, 100, 8404, Not Active, Not Active, Not Active
2026/07/17 10:39:32.938, 1192, 877, 159.69, 55, 55, 100, 8404, Not Active, Not Active, Not Active
2026/07/17 10:39:32.989, 1192, 877, 170.41, 55, 55, 100, 8404, Not Active, Not Active, Not Active
2026/07/17 10:39:33.041, 1192, 877, 162.25, 55, 55, 100, 8404, Not Active, Not Active, Not Active
2026/07/17 10:39:33.093, 1192, 877, 171.96, 55, 55, 100, 8404, Not Active, Not Active, Not Active
2026/07/17 10:39:33.145, 1192, 877, 171.37, 55, 55, 100, 8404, Not Active, Not Active, Not Active
2026/07/17 10:39:33.198, 1192, 877, 166.09, 55, 55, 100, 8404, Not Active, Not Active, Not Active
2026/07/17 10:39:33.250, 1192, 877, 172.32, 55, 55, 100, 8404, Not Active, Not Active, Not Active
2026/07/17 10:39:33.302, 1192, 877, 168.85, 55, 56, 100, 8404, Not Active, Not Active, Not Active
2026/07/17 10:39:33.354, 1192, 877, 164.76, 56, 56, 100, 8404, Not Active, Not Active, Not Active
2026/07/17 10:39:33.406, 1192, 877, 169.30, 56, 56, 100, 8404, Not Active, Not Active, Not Active
2026/07/17 10:39:33.460, 1192, 877, 166.42, 56, 56, 99, 8404, Not Active, Not Active, Not Active
2026/07/17 10:39:33.512, 1192, 877, 164.87, 56, 56, 99, 8404, Not Active, Not Active, Not Active
2026/07/17 10:39:33.564, 1192, 877, 168.12, 56, 56, 99, 8404, Not Active, Not Active, Not Active
2026/07/17 10:39:33.616, 1192, 877, 118.51, 56, 56, 97, 8404, Not Active, Not Active, Not Active
2026/07/17 10:39:33.668, 1192, 877, 164.28, 56, 56, 97, 8404, Not Active, Not Active, Not Active
2026/07/17 10:39:33.721, 1192, 877, 167.16, 56, 56, 97, 8404, Not Active, Not Active, Not Active
2026/07/17 10:39:33.773, 1192, 877, 163.32, 56, 56, 94, 8404, Not Active, Not Active, Not Active
2026/07/17 10:39:33.824, 1192, 877, 168.60, 56, 56, 94, 8404, Not Active, Not Active, Not Active
2026/07/17 10:39:33.876, 1192, 877, 166.20, 56, 56, 94, 8404, Not Active, Not Active, Not Active
2026/07/17 10:39:33.928, 1192, 877, 171.48, 56, 56, 100, 8404, Not Active, Not Active, Not Active
2026/07/17 10:39:33.982, 1192, 877, 169.45, 56, 56, 100, 8404, Not Active, Not Active, Not Active
2026/07/17 10:39:34.034, 1192, 877, 167.75, 56, 56, 100, 8404, Not Active, Not Active, Not Active
2026/07/17 10:39:34.086, 1192, 877, 165.83, 56, 57, 100, 8404, Not Active, Not Active, Not Active
2026/07/17 10:39:34.137, 1192, 877, 168.12, 56, 56, 100, 8404, Not Active, Not Active, Not Active
2026/07/17 10:39:34.189, 1192, 877, 166.31, 56, 57, 100, 8404, Not Active, Not Active, Not Active
2026/07/17 10:39:34.243, 1192, 877, 161.77, 56, 57, 100, 8404, Not Active, Not Active, Not Active
2026/07/17 10:39:34.295, 1192, 877, 134.88, 57, 57, 100, 8404, Not Active, Not Active, Not Active
2026/07/17 10:39:34.347, 1192, 877, 163.69, 56, 57, 100, 8404, Not Active, Not Active, Not Active
2026/07/17 10:39:34.399, 1192, 877, 167.64, 57, 57, 100, 8404, Not Active, Not Active, Not Active
2026/07/17 10:39:34.450, 1192, 877, 168.12, 57, 57, 100, 8404, Not Active, Not Active, Not Active
2026/07/17 10:39:34.505, 1192, 877, 157.83, 57, 57, 100, 8404, Not Active, Not Active, Not Active
2026/07/17 10:39:34.557, 1192, 877, 166.09, 57, 57, 100, 8404, Not Active, Not Active, Not Active
2026/07/17 10:39:34.608, 1192, 877, 167.90, 57, 57, 100, 8404, Not Active, Not Active, Not Active
2026/07/17 10:39:34.660, 1192, 877, 159.96, 57, 57, 100, 8404, Not Active, Not Active, Not Active
2026/07/17 10:39:34.712, 1192, 877, 166.09, 57, 57, 100, 8404, Not Active, Not Active, Not Active
2026/07/17 10:39:34.765, 1192, 877, 170.04, 57, 57, 100, 8404, Not Active, Not Active, Not Active
2026/07/17 10:39:34.817, 1192, 877, 166.31, 57, 57, 100, 8404, Not Active, Not Active, Not Active
2026/07/17 10:39:34.869, 1192, 877, 164.28, 57, 57, 100, 8404, Not Active, Not Active, Not Active
2026/07/17 10:39:34.921, 1192, 877, 169.08, 57, 57, 100, 8404, Not Active, Not Active, Not Active
2026/07/17 10:39:34.972, 1192, 877, 165.13, 57, 57, 100, 8404, Not Active, Not Active, Not Active
2026/07/17 10:39:35.026, 1192, 877, 164.28, 57, 57, 100, 8404, Not Active, Not Active, Not Active
2026/07/17 10:39:35.078, 1192, 877, 156.22, 57, 57, 100, 8404, Not Active, Not Active, Not Active
2026/07/17 10:39:35.130, 1192, 877, 162.47, 57, 57, 100, 8404, Not Active, Not Active, Not Active
2026/07/17 10:39:35.182, 1192, 877, 165.02, 57, 57, 100, 8404, Not Active, Not Active, Not Active
2026/07/17 10:39:35.234, 1192, 877, 171.00, 57, 58, 100, 8404, Not Active, Not Active, Not Active
2026/07/17 10:39:35.288, 1192, 877, 163.80, 57, 58, 100, 8404, Not Active, Not Active, Not Active
2026/07/17 10:39:35.340, 1192, 877, 167.75, 57, 57, 100, 8404, Not Active, Not Active, Not Active
2026/07/17 10:39:35.391, 1192, 877, 153.82, 57, 57, 100, 8404, Not Active, Not Active, Not Active
2026/07/17 10:39:35.443, 1192, 877, 160.07, 57, 58, 100, 8404, Not Active, Not Active, Not Active
2026/07/17 10:39:35.495, 1192, 877, 163.69, 57, 58, 100, 8404, Not Active, Not Active, Not Active
2026/07/17 10:39:35.548, 1192, 877, 168.97, 57, 58, 100, 8404, Not Active, Not Active, Not Active
2026/07/17 10:39:35.600, 1192, 877, 170.89, 58, 58, 100, 8404, Not Active, Not Active, Not Active
2026/07/17 10:39:35.652, 1192, 877, 170.41, 58, 58, 100, 8404, Not Active, Not Active, Not Active
2026/07/17 10:39:35.703, 1192, 877, 159.96, 58, 58, 100, 8404, Not Active, Not Active, Not Active
2026/07/17 10:39:35.755, 1192, 877, 161.99, 58, 57, 100, 8404, Not Active, Not Active, Not Active
2026/07/17 10:39:35.807, 1192, 877, 161.29, 58, 58, 100, 8404, Not Active, Not Active, Not Active
2026/07/17 10:39:35.859, 1192, 877, 167.64, 58, 58, 100, 8404, Not Active, Not Active, Not Active
2026/07/17 10:39:35.913, 1192, 877, 167.27, 58, 58, 100, 8404, Not Active, Not Active, Not Active
2026/07/17 10:39:35.964, 1192, 877, 165.24, 58, 58, 100, 8404, Not Active, Not Active, Not Active
2026/07/17 10:39:36.016, 1192, 877, 171.37, 58, 58, 100, 8404, Not Active, Not Active, Not Active
2026/07/17 10:39:36.068, 1192, 877, 157.66, 58, 58, 100, 8404, Not Active, Not Active, Not Active
2026/07/17 10:39:36.120, 1192, 877, 165.83, 58, 58, 100, 8404, Not Active, Not Active, Not Active
2026/07/17 10:39:36.174, 1192, 877, 170.15, 58, 58, 100, 8404, Not Active, Not Active, Not Active
2026/07/17 10:39:36.226, 1192, 877, 171.00, 58, 58, 100, 8404, Not Active, Not Active, Not Active
2026/07/17 10:39:36.278, 1192, 877, 170.41, 58, 58, 100, 8404, Not Active, Not Active, Not Active
2026/07/17 10:39:36.330, 1192, 877, 170.04, 58, 58, 100, 8404, Not Active, Not Active, Not Active
2026/07/17 10:39:36.381, 1192, 877, 174.36, 58, 58, 100, 8404, Not Active, Not Active, Not Active
2026/07/17 10:39:36.435, 1192, 877, 154.20, 58, 58, 100, 8404, Not Active, Not Active, Not Active
2026/07/17 10:39:36.486, 1192, 877, 151.52, 58, 58, 100, 8404, Not Active, Not Active, Not Active
2026/07/17 10:39:36.538, 1192, 877, 161.29, 58, 58, 100, 8404, Not Active, Not Active, Not Active
2026/07/17 10:39:36.590, 1192, 877, 168.97, 58, 58, 100, 8404, Not Active, Not Active, Not Active
2026/07/17 10:39:36.642, 1192, 877, 168.49, 58, 58, 100, 8404, Not Active, Not Active, Not Active
2026/07/17 10:39:36.696, 1192, 877, 170.52, 58, 58, 100, 8404, Not Active, Not Active, Not Active
2026/07/17 10:39:36.748, 1192, 877, 169.81, 58, 58, 100, 8404, Not Active, Not Active, Not Active
2026/07/17 10:39:36.799, 1192, 877, 172.21, 58, 58, 100, 8404, Not Active, Not Active, Not Active
2026/07/17 10:39:36.851, 1192, 877, 168.12, 58, 58, 100, 8404, Not Active, Not Active, Not Active
2026/07/17 10:39:36.903, 1192, 877, 153.93, 58, 59, 100, 8404, Not Active, Not Active, Not Active
2026/07/17 10:39:36.957, 1192, 877, 161.62, 58, 58, 100, 8404, Not Active, Not Active, Not Active
2026/07/17 10:39:37.010, 1192, 877, 168.12, 58, 58, 100, 8404, Not Active, Not Active, Not Active
2026/07/17 10:39:37.062, 1192, 877, 164.76, 58, 59, 100, 8404, Not Active, Not Active, Not Active
2026/07/17 10:39:37.113, 1192, 877, 161.40, 58, 59, 100, 8404, Not Active, Not Active, Not Active
2026/07/17 10:39:37.165, 1192, 877, 168.12, 58, 59, 100, 8404, Not Active, Not Active, Not Active
2026/07/17 10:39:37.220, 1192, 877, 161.99, 58, 58, 100, 8404, Not Active, Not Active, Not Active
2026/07/17 10:39:37.272, 1192, 877, 167.27, 58, 59, 100, 8404, Not Active, Not Active, Not Active
2026/07/17 10:39:37.323, 1192, 877, 171.00, 59, 59, 100, 8404, Not Active, Not Active, Not Active
2026/07/17 10:39:37.375, 1192, 877, 155.37, 59, 59, 100, 8404, Not Active, Not Active, Not Active
2026/07/17 10:39:37.427, 1192, 877, 164.39, 59, 59, 100, 8404, Not Active, Not Active, Not Active
2026/07/17 10:39:37.480, 1192, 877, 165.24, 59, 59, 100, 8404, Not Active, Not Active, Not Active
2026/07/17 10:39:37.532, 1192, 877, 163.32, 59, 59, 100, 8404, Not Active, Not Active, Not Active
2026/07/17 10:39:37.584, 1192, 877, 140.56, 58, 59, 100, 8404, Not Active, Not Active, Not Active
2026/07/17 10:39:37.635, 1192, 877, 168.60, 59, 59, 100, 8404, Not Active, Not Active, Not Active
2026/07/17 10:39:37.687, 1192, 877, 168.85, 59, 59, 100, 8404, Not Active, Not Active, Not Active
2026/07/17 10:39:37.742, 1192, 877, 167.53, 59, 59, 100, 8404, Not Active, Not Active, Not Active
2026/07/17 10:39:37.793, 1192, 877, 164.17, 59, 59, 100, 8404, Not Active, Not Active, Not Active
2026/07/17 10:39:37.845, 1192, 877, 175.80, 59, 59, 100, 8404, Not Active, Not Active, Not Active
2026/07/17 10:39:37.897, 1192, 877, 163.69, 59, 59, 100, 8404, Not Active, Not Active, Not Active
2026/07/17 10:39:37.949, 1192, 877, 154.30, 59, 59, 100, 8404, Not Active, Not Active, Not Active
2026/07/17 10:39:38.002, 1192, 877, 150.94, 59, 59, 100, 8404, Not Active, Not Active, Not Active
2026/07/17 10:39:38.053, 1192, 877, 155.16, 59, 59, 100, 8404, Not Active, Not Active, Not Active
2026/07/17 10:39:38.105, 1192, 877, 159.11, 59, 59, 100, 8404, Not Active, Not Active, Not Active
2026/07/17 10:39:38.157, 1192, 877, 166.09, 59, 60, 100, 8404, Not Active, Not Active, Not Active
2026/07/17 10:39:38.209, 1192, 877, 161.77, 59, 60, 100, 8404, Not Active, Not Active, Not Active
2026/07/17 10:39:38.263, 1192, 877, 161.40, 59, 59, 100, 8404, Not Active, Not Active, Not Active
2026/07/17 10:39:38.314, 1192, 877, 168.01, 59, 59, 100, 8404, Not Active, Not Active, Not Active
2026/07/17 10:39:38.366, 1192, 877, 152.86, 59, 60, 100, 8404, Not Active, Not Active, Not Active
2026/07/17 10:39:38.418, 1192, 877, 170.89, 59, 59, 100, 8404, Not Active, Not Active, Not Active
2026/07/17 10:39:38.469, 1192, 877, 172.44, 59, 60, 100, 8404, Not Active, Not Active, Not Active
2026/07/17 10:39:38.524, 1192, 877, 169.56, 59, 59, 100, 8404, Not Active, Not Active, Not Active
2026/07/17 10:39:38.576, 1192, 877, 168.85, 59, 60, 100, 8404, Not Active, Not Active, Not Active
2026/07/17 10:39:38.628, 1192, 877, 166.68, 59, 60, 100, 8404, Not Active, Not Active, Not Active
2026/07/17 10:39:38.680, 1192, 877, 152.86, 59, 60, 100, 8404, Not Active, Not Active, Not Active
2026/07/17 10:39:38.731, 1192, 877, 152.00, 60, 60, 100, 8404, Not Active, Not Active, Not Active
2026/07/17 10:39:38.784, 1192, 877, 148.16, 59, 59, 100, 8404, Not Active, Not Active, Not Active
2026/07/17 10:39:38.836, 1192, 877, 150.74, 59, 60, 100, 8404, Not Active, Not Active, Not Active
2026/07/17 10:39:38.888, 1192, 877, 158.41, 59, 60, 100, 8404, Not Active, Not Active, Not Active
2026/07/17 10:39:38.940, 1192, 877, 160.17, 60, 60, 100, 8404, Not Active, Not Active, Not Active
2026/07/17 10:39:38.991, 1192, 877, 162.84, 59, 60, 100, 8404, Not Active, Not Active, Not Active
2026/07/17 10:39:39.046, 1192, 877, 170.41, 60, 59, 100, 8404, Not Active, Not Active, Not Active
2026/07/17 10:39:39.098, 1192, 877, 162.47, 60, 60, 100, 8404, Not Active, Not Active, Not Active
2026/07/17 10:39:39.150, 1192, 877, 148.44, 60, 60, 100, 8404, Not Active, Not Active, Not Active
2026/07/17 10:39:39.201, 1192, 877, 166.79, 60, 60, 100, 8404, Not Active, Not Active, Not Active
2026/07/17 10:39:39.253, 1192, 877, 165.61, 60, 60, 100, 8404, Not Active, Not Active, Not Active
2026/07/17 10:39:39.307, 1192, 877, 165.24, 60, 60, 100, 8404, Not Active, Not Active, Not Active
2026/07/17 10:39:39.359, 1192, 877, 168.97, 60, 60, 100, 8404, Not Active, Not Active, Not Active
2026/07/17 10:39:39.411, 1192, 877, 172.92, 60, 60, 100, 8404, Not Active, Not Active, Not Active
2026/07/17 10:39:39.462, 1192, 877, 168.01, 60, 60, 100, 8404, Not Active, Not Active, Not Active
2026/07/17 10:39:39.514, 1192, 877, 171.96, 60, 60, 100, 8404, Not Active, Not Active, Not Active
2026/07/17 10:39:39.568, 1192, 877, 159.48, 60, 60, 100, 8404, Not Active, Not Active, Not Active
2026/07/17 10:39:39.619, 1192, 877, 171.96, 60, 60, 100, 8404, Not Active, Not Active, Not Active
2026/07/17 10:39:39.671, 1192, 877, 173.76, 60, 60, 100, 8404, Not Active, Not Active, Not Active
2026/07/17 10:39:39.723, 1192, 877, 169.56, 60, 60, 100, 8404, Not Active, Not Active, Not Active
2026/07/17 10:39:39.775, 1192, 877, 166.68, 60, 60, 100, 8404, Not Active, Not Active, Not Active
2026/07/17 10:39:39.829, 1192, 877, 157.18, 60, 60, 100, 8404, Not Active, Not Active, Not Active
2026/07/17 10:39:39.881, 1192, 877, 146.62, 60, 60, 100, 8404, Not Active, Not Active, Not Active
2026/07/17 10:39:39.933, 1192, 877, 151.04, 60, 61, 100, 8404, Not Active, Not Active, Not Active
2026/07/17 10:39:39.985, 1192, 877, 156.33, 60, 60, 100, 8404, Not Active, Not Active, Not Active
2026/07/17 10:39:40.036, 1192, 877, 150.56, 60, 60, 100, 8404, Not Active, Not Active, Not Active
2026/07/17 10:39:40.090, 1192, 877, 145.66, 60, 60, 100, 8404, Not Active, Not Active, Not Active
2026/07/17 10:39:40.141, 1192, 877, 155.64, 60, 61, 100, 8404, Not Active, Not Active, Not Active
2026/07/17 10:39:40.193, 1192, 877, 161.99, 60, 61, 100, 8404, Not Active, Not Active, Not Active
2026/07/17 10:39:40.245, 1192, 877, 161.62, 60, 61, 100, 8404, Not Active, Not Active, Not Active
2026/07/17 10:39:40.296, 1192, 877, 158.15, 60, 60, 100, 8404, Not Active, Not Active, Not Active
2026/07/17 10:39:40.350, 1192, 877, 114.26, 60, 61, 100, 8404, Not Active, Not Active, Not Active
2026/07/17 10:39:40.402, 1192, 877, 160.55, 60, 61, 100, 8404, Not Active, Not Active, Not Active
2026/07/17 10:39:40.454, 1192, 877, 157.66, 60, 61, 100, 8404, Not Active, Not Active, Not Active
2026/07/17 10:39:40.506, 1192, 877, 156.22, 60, 61, 100, 8404, Not Active, Not Active, Not Active
2026/07/17 10:39:40.557, 1192, 877, 161.99, 60, 61, 100, 8404, Not Active, Not Active, Not Active
2026/07/17 10:39:40.611, 1192, 877, 164.65, 60, 61, 100, 8404, Not Active, Not Active, Not Active
2026/07/17 10:39:40.663, 1192, 877, 162.95, 60, 61, 100, 8404, Not Active, Not Active, Not Active
2026/07/17 10:39:40.715, 1192, 877, 159.69, 61, 61, 100, 8404, Not Active, Not Active, Not Active
2026/07/17 10:39:40.767, 1192, 877, 121.48, 61, 60, 100, 8404, Not Active, Not Active, Not Active
2026/07/17 10:39:40.818, 1192, 877, 160.44, 60, 60, 100, 8404, Not Active, Not Active, Not Active
2026/07/17 10:39:40.872, 1192, 877, 163.69, 60, 61, 100, 8404, Not Active, Not Active, Not Active
2026/07/17 10:39:40.924, 1192, 877, 163.21, 61, 61, 100, 8404, Not Active, Not Active, Not Active
2026/07/17 10:39:40.975, 1192, 877, 163.58, 61, 61, 100, 8404, Not Active, Not Active, Not Active
2026/07/17 10:39:41.027, 1192, 877, 159.96, 61, 61, 100, 8404, Not Active, Not Active, Not Active
2026/07/17 10:39:41.079, 1192, 877, 160.92, 61, 61, 100, 8404, Not Active, Not Active, Not Active
2026/07/17 10:39:41.133, 1192, 877, 165.13, 61, 61, 100, 8404, Not Active, Not Active, Not Active
2026/07/17 10:39:41.185, 1192, 877, 120.04, 61, 61, 100, 8404, Not Active, Not Active, Not Active
2026/07/17 10:39:41.237, 1192, 877, 158.04, 61, 61, 100, 8404, Not Active, Not Active, Not Active
2026/07/17 10:39:41.288, 1192, 877, 162.36, 61, 61, 100, 8404, Not Active, Not Active, Not Active
2026/07/17 10:39:41.340, 1192, 877, 158.04, 61, 61, 100, 8404, Not Active, Not Active, Not Active
2026/07/17 10:39:41.393, 1192, 877, 164.17, 61, 62, 100, 8404, Not Active, Not Active, Not Active
2026/07/17 10:39:41.445, 1192, 877, 165.72, 61, 61, 100, 8404, Not Active, Not Active, Not Active
2026/07/17 10:39:41.497, 1192, 877, 162.95, 61, 62, 100, 8404, Not Active, Not Active, Not Active
2026/07/17 10:39:41.549, 1192, 877, 164.17, 61, 61, 100, 8404, Not Active, Not Active, Not Active
2026/07/17 10:39:41.600, 1192, 877, 113.37, 61, 62, 100, 8404, Not Active, Not Active, Not Active
2026/07/17 10:39:41.654, 1192, 877, 154.10, 61, 61, 100, 8404, Not Active, Not Active, Not Active
2026/07/17 10:39:41.706, 1192, 877, 155.54, 61, 62, 100, 8404, Not Active, Not Active, Not Active
2026/07/17 10:39:41.758, 1192, 877, 159.69, 61, 61, 100, 8404, Not Active, Not Active, Not Active
2026/07/17 10:39:41.809, 1192, 877, 160.55, 61, 62, 100, 8404, Not Active, Not Active, Not Active
2026/07/17 10:39:41.861, 1192, 877, 151.32, 61, 62, 100, 8404, Not Active, Not Active, Not Active
2026/07/17 10:39:41.913, 1192, 877, 155.26, 61, 62, 100, 8404, Not Active, Not Active, Not Active
2026/07/17 10:39:41.965, 1192, 877, 154.78, 61, 61, 100, 8404, Not Active, Not Active, Not Active
2026/07/17 10:39:42.017, 1192, 877, 153.34, 61, 62, 100, 8404, Not Active, Not Active, Not Active
2026/07/17 10:39:42.069, 1192, 877, 155.85, 61, 61, 100, 8404, Not Active, Not Active, Not Active
2026/07/17 10:39:42.120, 1192, 877, 162.47, 61, 61, 100, 8404, Not Active, Not Active, Not Active
2026/07/17 10:39:42.172, 1192, 877, 162.73, 61, 61, 100, 8404, Not Active, Not Active, Not Active
2026/07/17 10:39:42.224, 1192, 877, 161.88, 61, 61, 100, 8404, Not Active, Not Active, Not Active
2026/07/17 10:39:42.277, 1192, 877, 165.72, 61, 62, 100, 8404, Not Active, Not Active, Not Active
2026/07/17 10:39:42.329, 1192, 877, 166.20, 61, 62, 100, 8404, Not Active, Not Active, Not Active
2026/07/17 10:39:42.380, 1192, 877, 165.72, 61, 61, 100, 8404, Not Active, Not Active, Not Active
2026/07/17 10:39:42.432, 1192, 877, 164.65, 61, 62, 100, 8404, Not Active, Not Active, Not Active
2026/07/17 10:39:42.484, 1192, 877, 166.68, 61, 61, 100, 8404, Not Active, Not Active, Not Active
2026/07/17 10:39:42.538, 1192, 877, 166.57, 61, 61, 100, 8404, Not Active, Not Active, Not Active
2026/07/17 10:39:42.589, 1192, 877, 164.54, 61, 62, 100, 8404, Not Active, Not Active, Not Active
2026/07/17 10:39:42.641, 1192, 877, 166.20, 61, 62, 100, 8404, Not Active, Not Active, Not Active
2026/07/17 10:39:42.693, 1192, 877, 174.36, 61, 62, 100, 8404, Not Active, Not Active, Not Active
2026/07/17 10:39:42.745, 1192, 877, 169.81, 61, 62, 100, 8404, Not Active, Not Active, Not Active
2026/07/17 10:39:42.799, 1192, 877, 172.80, 61, 62, 100, 8404, Not Active, Not Active, Not Active
2026/07/17 10:39:42.851, 1192, 877, 171.37, 62, 62, 100, 8404, Not Active, Not Active, Not Active
2026/07/17 10:39:42.903, 1192, 877, 147.77, 61, 62, 100, 8404, Not Active, Not Active, Not Active
2026/07/17 10:39:42.955, 1192, 877, 169.56, 61, 61, 100, 8404, Not Active, Not Active, Not Active
2026/07/17 10:39:43.007, 1192, 877, 170.04, 61, 62, 100, 8404, Not Active, Not Active, Not Active
2026/07/17 10:39:43.060, 1192, 877, 166.31, 62, 62, 100, 8404, Not Active, Not Active, Not Active
2026/07/17 10:39:43.112, 1192, 877, 164.28, 62, 62, 100, 8404, Not Active, Not Active, Not Active
2026/07/17 10:39:43.164, 1192, 877, 161.40, 62, 62, 100, 8404, Not Active, Not Active, Not Active
2026/07/17 10:39:43.215, 1192, 877, 166.79, 62, 62, 100, 8404, Not Active, Not Active, Not Active
2026/07/17 10:39:43.267, 1192, 877, 161.03, 62, 62, 100, 8404, Not Active, Not Active, Not Active
2026/07/17 10:39:43.320, 1192, 877, 121.96, 62, 62, 100, 8404, Not Active, Not Active, Not Active
2026/07/17 10:39:43.373, 1192, 877, 141.04, 62, 62, 100, 8404, Not Active, Not Active, Not Active
2026/07/17 10:39:43.424, 1192, 877, 146.24, 62, 62, 100, 8404, Not Active, Not Active, Not Active
2026/07/17 10:39:43.476, 1192, 877, 155.26, 62, 62, 100, 8404, Not Active, Not Active, Not Active
2026/07/17 10:39:43.528, 1192, 877, 158.52, 62, 62, 100, 8404, Not Active, Not Active, Not Active
2026/07/17 10:39:43.582, 1192, 877, 163.80, 62, 62, 100, 8404, Not Active, Not Active, Not Active
2026/07/17 10:39:43.634, 1192, 877, 164.65, 62, 62, 100, 8404, Not Active, Not Active, Not Active
2026/07/17 10:39:43.685, 1192, 877, 171.00, 62, 62, 100, 8404, Not Active, Not Active, Not Active
2026/07/17 10:39:43.737, 1192, 877, 170.04, 62, 62, 100, 8404, Not Active, Not Active, Not Active
2026/07/17 10:39:43.789, 1192, 877, 160.92, 62, 61, 100, 8404, Not Active, Not Active, Not Active
2026/07/17 10:39:43.842, 1192, 877, 167.16, 62, 62, 100, 8404, Not Active, Not Active, Not Active
2026/07/17 10:39:43.894, 1192, 877, 172.32, 62, 62, 100, 8404, Not Active, Not Active, Not Active
2026/07/17 10:39:43.946, 1192, 877, 167.53, 62, 62, 100, 8404, Not Active, Not Active, Not Active
2026/07/17 10:39:43.997, 1192, 877, 163.69, 62, 62, 100, 8404, Not Active, Not Active, Not Active
2026/07/17 10:39:44.049, 1192, 877, 169.19, 62, 63, 100, 8404, Not Active, Not Active, Not Active
2026/07/17 10:39:44.104, 1192, 877, 167.53, 62, 62, 100, 8404, Not Active, Not Active, Not Active
2026/07/17 10:39:44.155, 1192, 877, 158.15, 62, 62, 100, 8404, Not Active, Not Active, Not Active
2026/07/17 10:39:44.207, 1192, 877, 107.66, 62, 62, 100, 8404, Not Active, Not Active, Not Active
2026/07/17 10:39:44.259, 1192, 877, 139.99, 62, 62, 100, 8404, Not Active, Not Active, Not Active
2026/07/17 10:39:44.311, 1192, 877, 143.83, 62, 63, 100, 8404, Not Active, Not Active, Not Active
2026/07/17 10:39:44.364, 1192, 877, 153.34, 62, 62, 100, 8404, Not Active, Not Active, Not Active
2026/07/17 10:39:44.415, 1192, 877, 165.72, 62, 62, 100, 8404, Not Active, Not Active, Not Active
2026/07/17 10:39:44.467, 1192, 877, 169.08, 62, 63, 100, 8404, Not Active, Not Active, Not Active
2026/07/17 10:39:44.519, 1192, 877, 170.04, 62, 63, 100, 8404, Not Active, Not Active, Not Active
2026/07/17 10:39:44.571, 1192, 877, 170.29, 62, 63, 100, 8404, Not Active, Not Active, Not Active
2026/07/17 10:39:44.623, 1192, 877, 164.54, 62, 63, 100, 8404, Not Active, Not Active, Not Active
2026/07/17 10:39:44.675, 1192, 877, 149.98, 62, 62, 100, 8404, Not Active, Not Active, Not Active
2026/07/17 10:39:44.726, 1192, 877, 162.25, 62, 63, 100, 8404, Not Active, Not Active, Not Active
2026/07/17 10:39:44.778, 1192, 877, 161.03, 62, 63, 100, 8404, Not Active, Not Active, Not Active
2026/07/17 10:39:44.830, 1192, 877, 160.44, 62, 63, 100, 8404, Not Active, Not Active, Not Active
2026/07/17 10:39:44.882, 1192, 877, 151.42, 62, 63, 100, 8404, Not Active, Not Active, Not Active
2026/07/17 10:39:44.933, 1192, 877, 151.52, 62, 63, 100, 8404, Not Active, Not Active, Not Active
2026/07/17 10:39:44.986, 1192, 877, 144.31, 62, 63, 100, 8404, Not Active, Not Active, Not Active
2026/07/17 10:39:45.038, 1192, 877, 149.02, 62, 63, 100, 8404, Not Active, Not Active, Not Active
2026/07/17 10:39:45.090, 1192, 877, 162.47, 62, 63, 100, 8404, Not Active, Not Active, Not Active
2026/07/17 10:39:45.141, 1192, 877, 163.21, 62, 62, 100, 8404, Not Active, Not Active, Not Active
2026/07/17 10:39:45.193, 1192, 877, 165.72, 62, 63, 100, 8404, Not Active, Not Active, Not Active
2026/07/17 10:39:45.248, 1192, 877, 173.17, 62, 63, 100, 8404, Not Active, Not Active, Not Active
2026/07/17 10:39:45.300, 1192, 877, 166.57, 62, 63, 100, 8404, Not Active, Not Active, Not Active
2026/07/17 10:39:45.352, 1192, 877, 165.13, 62, 63, 100, 8404, Not Active, Not Active, Not Active
2026/07/17 10:39:45.404, 1192, 877, 167.05, 62, 63, 100, 8404, Not Active, Not Active, Not Active
2026/07/17 10:39:45.455, 1192, 877, 163.32, 63, 63, 100, 8404, Not Active, Not Active, Not Active
2026/07/17 10:39:45.508, 1192, 877, 163.69, 63, 63, 100, 8404, Not Active, Not Active, Not Active
2026/07/17 10:39:45.560, 1192, 877, 151.90, 62, 62, 100, 8404, Not Active, Not Active, Not Active
2026/07/17 10:39:45.633, 1192, 877, 158.04, 62, 63, 100, 8404, Not Active, Not Active, Not Active
2026/07/17 10:39:45.685, 1192, 877, 156.70, 63, 64, 100, 8404, Not Active, Not Active, Not Active
2026/07/17 10:39:45.736, 1192, 877, 148.06, 63, 63, 100, 8404, Not Active, Not Active, Not Active
2026/07/17 10:39:45.790, 1192, 877, 150.46, 63, 63, 100, 8404, Not Active, Not Active, Not Active
2026/07/17 10:39:45.842, 1192, 877, 141.91, 63, 63, 100, 8404, Not Active, Not Active, Not Active
2026/07/17 10:39:45.894, 1192, 877, 158.63, 63, 63, 100, 8404, Not Active, Not Active, Not Active
2026/07/17 10:39:45.945, 1192, 877, 164.17, 63, 63, 100, 8404, Not Active, Not Active, Not Active
2026/07/17 10:39:45.997, 1192, 877, 169.56, 63, 63, 100, 8404, Not Active, Not Active, Not Active
2026/07/17 10:39:46.052, 1192, 877, 161.77, 63, 62, 100, 8404, Not Active, Not Active, Not Active
2026/07/17 10:39:46.104, 1192, 877, 168.97, 63, 63, 100, 8404, Not Active, Not Active, Not Active
2026/07/17 10:39:46.156, 1192, 877, 163.32, 63, 63, 100, 8404, Not Active, Not Active, Not Active
2026/07/17 10:39:46.208, 1192, 877, 160.44, 63, 63, 100, 8404, Not Active, Not Active, Not Active
2026/07/17 10:39:46.259, 1192, 877, 158.63, 63, 63, 100, 8404, Not Active, Not Active, Not Active
2026/07/17 10:39:46.312, 1192, 877, 152.86, 63, 64, 100, 8404, Not Active, Not Active, Not Active
2026/07/17 10:39:46.364, 1192, 877, 137.68, 63, 64, 100, 8404, Not Active, Not Active, Not Active
2026/07/17 10:39:46.416, 1192, 877, 152.48, 63, 63, 100, 8404, Not Active, Not Active, Not Active
2026/07/17 10:39:46.467, 1192, 877, 165.24, 63, 63, 100, 8404, Not Active, Not Active, Not Active
2026/07/17 10:39:46.519, 1192, 877, 160.92, 63, 64, 100, 8404, Not Active, Not Active, Not Active
2026/07/17 10:39:46.573, 1192, 877, 162.62, 63, 63, 100, 8404, Not Active, Not Active, Not Active
2026/07/17 10:39:46.625, 1192, 877, 163.80, 63, 63, 100, 8404, Not Active, Not Active, Not Active
2026/07/17 10:39:46.677, 1192, 877, 164.65, 63, 63, 100, 8404, Not Active, Not Active, Not Active
2026/07/17 10:39:46.729, 1192, 877, 162.84, 63, 63, 100, 8404, Not Active, Not Active, Not Active
2026/07/17 10:39:46.780, 1192, 877, 153.34, 63, 64, 100, 8404, Not Active, Not Active, Not Active
2026/07/17 10:39:46.834, 1192, 877, 143.45, 63, 64, 100, 8404, Not Active, Not Active, Not Active
2026/07/17 10:39:46.886, 1192, 877, 147.68, 63, 64, 100, 8404, Not Active, Not Active, Not Active
2026/07/17 10:39:46.937, 1192, 877, 164.28, 63, 64, 100, 8404, Not Active, Not Active, Not Active
2026/07/17 10:39:46.989, 1192, 877, 162.84, 63, 63, 100, 8404, Not Active, Not Active, Not Active
2026/07/17 10:39:47.041, 1192, 877, 171.96, 63, 63, 100, 8404, Not Active, Not Active, Not Active
2026/07/17 10:39:47.096, 1192, 877, 166.68, 63, 64, 100, 8404, Not Active, Not Active, Not Active
2026/07/17 10:39:47.147, 1192, 877, 168.49, 63, 63, 100, 8404, Not Active, Not Active, Not Active
2026/07/17 10:39:47.199, 1192, 877, 164.28, 63, 64, 100, 8404, Not Active, Not Active, Not Active
2026/07/17 10:39:47.251, 1192, 877, 151.70, 63, 64, 100, 8404, Not Active, Not Active, Not Active
2026/07/17 10:39:47.303, 1192, 877, 139.21, 63, 64, 100, 8404, Not Active, Not Active, Not Active
2026/07/17 10:39:47.355, 1192, 877, 153.44, 63, 64, 100, 8404, Not Active, Not Active, Not Active
2026/07/17 10:39:47.408, 1192, 877, 161.88, 63, 64, 100, 8404, Not Active, Not Active, Not Active
2026/07/17 10:39:47.460, 1192, 877, 164.39, 63, 63, 100, 8404, Not Active, Not Active, Not Active
2026/07/17 10:39:47.512, 1192, 877, 167.05, 63, 64, 100, 8404, Not Active, Not Active, Not Active
2026/07/17 10:39:47.563, 1192, 877, 165.13, 63, 63, 100, 8404, Not Active, Not Active, Not Active
2026/07/17 10:39:47.616, 1192, 877, 162.47, 63, 63, 100, 8404, Not Active, Not Active, Not Active
2026/07/17 10:39:47.667, 1192, 877, 153.93, 63, 64, 100, 8404, Not Active, Not Active, Not Active
2026/07/17 10:39:47.719, 1192, 877, 137.19, 63, 64, 100, 8404, Not Active, Not Active, Not Active
2026/07/17 10:39:47.771, 1192, 877, 155.74, 63, 64, 100, 8404, Not Active, Not Active, Not Active
2026/07/17 10:39:47.823, 1192, 877, 166.20, 63, 64, 100, 8404, Not Active, Not Active, Not Active
2026/07/17 10:39:47.874, 1192, 877, 165.72, 63, 64, 100, 8404, Not Active, Not Active, Not Active
2026/07/17 10:39:47.926, 1192, 877, 148.74, 63, 64, 100, 8404, Not Active, Not Active, Not Active
2026/07/17 10:39:47.980, 1192, 877, 156.12, 63, 63, 100, 8404, Not Active, Not Active, Not Active
2026/07/17 10:39:48.031, 1192, 877, 152.48, 63, 64, 100, 8404, Not Active, Not Active, Not Active
2026/07/17 10:39:48.083, 1192, 877, 138.06, 63, 64, 100, 8404, Not Active, Not Active, Not Active
2026/07/17 10:39:48.135, 1192, 877, 148.64, 64, 64, 100, 8404, Not Active, Not Active, Not Active
2026/07/17 10:39:48.187, 1192, 877, 164.28, 64, 64, 100, 8404, Not Active, Not Active, Not Active
2026/07/17 10:39:48.241, 1192, 877, 169.56, 64, 64, 100, 8404, Not Active, Not Active, Not Active
2026/07/17 10:39:48.293, 1192, 877, 166.57, 64, 64, 100, 8404, Not Active, Not Active, Not Active
2026/07/17 10:39:48.345, 1192, 877, 162.84, 64, 64, 100, 8404, Not Active, Not Active, Not Active
2026/07/17 10:39:48.396, 1192, 877, 121.00, 63, 64, 100, 8404, Not Active, Not Active, Not Active
2026/07/17 10:39:48.448, 1192, 877, 140.37, 63, 64, 100, 8404, Not Active, Not Active, Not Active
2026/07/17 10:39:48.501, 1192, 877, 143.83, 64, 64, 100, 8404, Not Active, Not Active, Not Active
2026/07/17 10:39:48.553, 1192, 877, 163.80, 64, 64, 100, 8404, Not Active, Not Active, Not Active
2026/07/17 10:39:48.605, 1192, 877, 173.88, 64, 64, 100, 8404, Not Active, Not Active, Not Active
2026/07/17 10:39:48.656, 1192, 877, 168.97, 64, 64, 100, 8404, Not Active, Not Active, Not Active
2026/07/17 10:39:48.710, 1192, 877, 167.53, 64, 64, 100, 8404, Not Active, Not Active, Not Active
2026/07/17 10:39:48.763, 1192, 877, 161.99, 64, 64, 100, 8404, Not Active, Not Active, Not Active
2026/07/17 10:39:48.815, 1192, 877, 160.07, 64, 64, 100, 8404, Not Active, Not Active, Not Active
2026/07/17 10:39:48.867, 1192, 877, 145.85, 64, 64, 100, 8404, Not Active, Not Active, Not Active
2026/07/17 10:39:48.919, 1192, 877, 163.80, 64, 64, 100, 8404, Not Active, Not Active, Not Active
2026/07/17 10:39:48.971, 1192, 877, 169.56, 64, 64, 100, 8404, Not Active, Not Active, Not Active
2026/07/17 10:39:49.025, 1192, 877, 167.42, 64, 64, 100, 8404, Not Active, Not Active, Not Active
2026/07/17 10:39:49.076, 1192, 877, 168.85, 64, 64, 100, 8404, Not Active, Not Active, Not Active
2026/07/17 10:39:49.128, 1192, 877, 169.08, 64, 64, 100, 8404, Not Active, Not Active, Not Active
2026/07/17 10:39:49.180, 1192, 877, 156.70, 64, 64, 100, 8404, Not Active, Not Active, Not Active
2026/07/17 10:39:49.231, 1192, 877, 143.93, 64, 65, 100, 8404, Not Active, Not Active, Not Active
2026/07/17 10:39:49.284, 1192, 877, 149.12, 64, 64, 100, 8404, Not Active, Not Active, Not Active
2026/07/17 10:39:49.336, 1192, 877, 165.72, 64, 64, 100, 8404, Not Active, Not Active, Not Active
2026/07/17 10:39:49.388, 1192, 877, 160.55, 64, 64, 100, 8404, Not Active, Not Active, Not Active
2026/07/17 10:39:49.439, 1192, 877, 164.76, 64, 64, 100, 8404, Not Active, Not Active, Not Active
2026/07/17 10:39:49.491, 1192, 877, 159.00, 64, 64, 100, 8404, Not Active, Not Active, Not Active
2026/07/17 10:39:49.546, 1192, 877, 152.38, 64, 65, 100, 8404, Not Active, Not Active, Not Active
2026/07/17 10:39:49.597, 1192, 877, 142.00, 64, 65, 100, 8404, Not Active, Not Active, Not Active
2026/07/17 10:39:49.649, 1192, 877, 163.80, 64, 64, 100, 8404, Not Active, Not Active, Not Active
2026/07/17 10:39:49.701, 1192, 877, 175.32, 64, 64, 100, 8404, Not Active, Not Active, Not Active
2026/07/17 10:39:49.753, 1192, 877, 171.00, 64, 64, 100, 8404, Not Active, Not Active, Not Active
2026/07/17 10:39:49.807, 1192, 877, 172.32, 64, 65, 100, 8404, Not Active, Not Active, Not Active
2026/07/17 10:39:49.859, 1192, 877, 98.43, 64, 64, 100, 8404, Not Active, Not Active, Not Active
2026/07/17 10:39:49.910, 1192, 877, 138.64, 64, 64, 100, 8404, Not Active, Not Active, Not Active
2026/07/17 10:39:49.962, 1192, 877, 164.39, 64, 65, 100, 8404, Not Active, Not Active, Not Active
2026/07/17 10:39:50.014, 1192, 877, 170.04, 64, 65, 100, 8404, Not Active, Not Active, Not Active
2026/07/17 10:39:50.069, 1192, 877, 165.24, 64, 65, 100, 8404, Not Active, Not Active, Not Active
2026/07/17 10:39:50.120, 1192, 877, 173.28, 64, 65, 100, 8404, Not Active, Not Active, Not Active
2026/07/17 10:39:50.172, 1192, 877, 164.76, 64, 65, 100, 8404, Not Active, Not Active, Not Active
2026/07/17 10:39:50.224, 1192, 877, 149.98, 64, 65, 100, 8404, Not Active, Not Active, Not Active
2026/07/17 10:39:50.276, 1192, 877, 135.75, 64, 65, 100, 8404, Not Active, Not Active, Not Active
2026/07/17 10:39:50.328, 1192, 877, 162.47, 64, 65, 100, 8404, Not Active, Not Active, Not Active
2026/07/17 10:39:50.380, 1192, 877, 160.33, 64, 64, 100, 8404, Not Active, Not Active, Not Active
2026/07/17 10:39:50.431, 1192, 877, 164.76, 64, 64, 100, 8404, Not Active, Not Active, Not Active
2026/07/17 10:39:50.483, 1192, 877, 162.36, 64, 65, 100, 8404, Not Active, Not Active, Not Active
2026/07/17 10:39:50.535, 1192, 877, 146.71, 64, 65, 100, 8404, Not Active, Not Active, Not Active
2026/07/17 10:39:50.589, 1192, 877, 147.20, 64, 65, 100, 8404, Not Active, Not Active, Not Active
2026/07/17 10:39:50.641, 1192, 877, 167.64, 64, 65, 100, 8404, Not Active, Not Active, Not Active
2026/07/17 10:39:50.692, 1192, 877, 171.85, 64, 65, 100, 8404, Not Active, Not Active, Not Active
2026/07/17 10:39:50.744, 1192, 877, 163.80, 64, 65, 100, 8404, Not Active, Not Active, Not Active
2026/07/17 10:39:50.796, 1192, 877, 163.80, 64, 65, 100, 8404, Not Active, Not Active, Not Active
2026/07/17 10:39:50.850, 1192, 877, 107.66, 64, 65, 100, 8404, Not Active, Not Active, Not Active
2026/07/17 10:39:50.903, 1192, 877, 152.86, 64, 65, 100, 8404, Not Active, Not Active, Not Active
2026/07/17 10:39:50.955, 1192, 877, 168.01, 64, 65, 100, 8404, Not Active, Not Active, Not Active
2026/07/17 10:39:51.006, 1192, 877, 167.05, 64, 65, 100, 8404, Not Active, Not Active, Not Active
2026/07/17 10:39:51.058, 1192, 877, 171.25, 64, 65, 100, 8404, Not Active, Not Active, Not Active
2026/07/17 10:39:51.111, 1192, 877, 157.56, 64, 65, 100, 8404, Not Active, Not Active, Not Active
2026/07/17 10:39:51.163, 1192, 877, 152.96, 64, 65, 100, 8404, Not Active, Not Active, Not Active
2026/07/17 10:39:51.215, 1192, 877, 145.27, 65, 65, 100, 8404, Not Active, Not Active, Not Active
2026/07/17 10:39:51.266, 1192, 877, 167.16, 65, 65, 100, 8404, Not Active, Not Active, Not Active
2026/07/17 10:39:51.318, 1192, 877, 178.20, 64, 65, 100, 8404, Not Active, Not Active, Not Active
2026/07/17 10:39:51.372, 1192, 877, 147.10, 64, 64, 100, 8404, Not Active, Not Active, Not Active
2026/07/17 10:39:51.424, 1192, 877, 150.84, 64, 65, 100, 8404, Not Active, Not Active, Not Active
2026/07/17 10:39:51.476, 1192, 877, 136.71, 64, 65, 100, 8404, Not Active, Not Active, Not Active
2026/07/17 10:39:51.528, 1192, 877, 162.36, 65, 65, 100, 8404, Not Active, Not Active, Not Active
2026/07/17 10:39:51.579, 1192, 877, 173.40, 65, 65, 100, 8404, Not Active, Not Active, Not Active
2026/07/17 10:39:51.634, 1192, 877, 174.24, 65, 65, 100, 8404, Not Active, Not Active, Not Active
2026/07/17 10:39:51.685, 1192, 877, 161.40, 65, 65, 100, 8404, Not Active, Not Active, Not Active
2026/07/17 10:39:51.737, 1192, 877, 156.60, 65, 65, 100, 8404, Not Active, Not Active, Not Active
2026/07/17 10:39:51.789, 1192, 877, 137.58, 65, 66, 100, 8404, Not Active, Not Active, Not Active
2026/07/17 10:39:51.841, 1192, 877, 155.26, 65, 65, 100, 8404, Not Active, Not Active, Not Active
2026/07/17 10:39:51.894, 1192, 877, 166.68, 64, 64, 100, 8404, Not Active, Not Active, Not Active
2026/07/17 10:39:51.945, 1192, 877, 165.24, 64, 65, 100, 8404, Not Active, Not Active, Not Active
2026/07/17 10:39:51.997, 1192, 877, 154.20, 65, 65, 100, 8404, Not Active, Not Active, Not Active
2026/07/17 10:39:52.049, 1192, 877, 134.40, 65, 66, 100, 8404, Not Active, Not Active, Not Active
2026/07/17 10:39:52.101, 1192, 877, 160.55, 65, 65, 100, 8404, Not Active, Not Active, Not Active
2026/07/17 10:39:52.155, 1192, 877, 167.42, 65, 65, 100, 8404, Not Active, Not Active, Not Active
2026/07/17 10:39:52.206, 1192, 877, 175.20, 65, 65, 100, 8404, Not Active, Not Active, Not Active
2026/07/17 10:39:52.258, 1192, 877, 163.21, 65, 65, 100, 8404, Not Active, Not Active, Not Active
2026/07/17 10:39:52.310, 1192, 877, 158.73, 65, 65, 100, 8404, Not Active, Not Active, Not Active
2026/07/17 10:39:52.362, 1192, 877, 134.88, 65, 66, 100, 8404, Not Active, Not Active, Not Active
2026/07/17 10:39:52.415, 1192, 877, 172.80, 65, 65, 100, 8404, Not Active, Not Active, Not Active
2026/07/17 10:39:52.466, 1192, 877, 164.28, 65, 65, 100, 8404, Not Active, Not Active, Not Active
2026/07/17 10:39:52.518, 1192, 877, 164.76, 65, 65, 100, 8404, Not Active, Not Active, Not Active
2026/07/17 10:39:52.570, 1192, 877, 149.30, 65, 66, 100, 8404, Not Active, Not Active, Not Active
2026/07/17 10:39:52.622, 1192, 877, 144.41, 65, 66, 100, 8404, Not Active, Not Active, Not Active
2026/07/17 10:39:52.676, 1192, 877, 164.76, 65, 66, 100, 8404, Not Active, Not Active, Not Active
2026/07/17 10:39:52.727, 1192, 877, 172.69, 65, 65, 100, 8404, Not Active, Not Active, Not Active
2026/07/17 10:39:52.779, 1192, 877, 170.41, 65, 65, 100, 8404, Not Active, Not Active, Not Active
2026/07/17 10:39:52.831, 1192, 877, 162.47, 65, 66, 100, 8404, Not Active, Not Active, Not Active
2026/07/17 10:39:52.883, 1192, 877, 145.85, 65, 66, 100, 8404, Not Active, Not Active, Not Active
2026/07/17 10:39:52.937, 1192, 877, 163.80, 65, 65, 100, 8404, Not Active, Not Active, Not Active
2026/07/17 10:39:52.988, 1192, 877, 170.04, 65, 65, 100, 8404, Not Active, Not Active, Not Active
2026/07/17 10:39:53.040, 1192, 877, 164.87, 65, 65, 100, 8404, Not Active, Not Active, Not Active
2026/07/17 10:39:53.092, 1192, 877, 150.36, 65, 66, 100, 8404, Not Active, Not Active, Not Active
2026/07/17 10:39:53.144, 1192, 877, 135.27, 65, 66, 100, 8404, Not Active, Not Active, Not Active
2026/07/17 10:39:53.197, 1192, 877, 163.32, 65, 66, 100, 8404, Not Active, Not Active, Not Active
2026/07/17 10:39:53.249, 1192, 877, 173.28, 65, 66, 100, 8404, Not Active, Not Active, Not Active
2026/07/17 10:39:53.301, 1192, 877, 165.72, 65, 66, 100, 8404, Not Active, Not Active, Not Active
2026/07/17 10:39:53.352, 1192, 877, 160.44, 65, 65, 100, 8404, Not Active, Not Active, Not Active
2026/07/17 10:39:53.404, 1192, 877, 149.12, 65, 66, 100, 8404, Not Active, Not Active, Not Active
2026/07/17 10:39:53.458, 1192, 877, 163.32, 65, 65, 100, 8404, Not Active, Not Active, Not Active
2026/07/17 10:39:53.510, 1192, 877, 166.20, 65, 65, 100, 8404, Not Active, Not Active, Not Active
2026/07/17 10:39:53.562, 1192, 877, 165.61, 65, 65, 100, 8404, Not Active, Not Active, Not Active
2026/07/17 10:39:53.614, 1192, 877, 150.94, 65, 66, 100, 8404, Not Active, Not Active, Not Active
2026/07/17 10:39:53.665, 1192, 877, 136.71, 65, 66, 100, 8404, Not Active, Not Active, Not Active
2026/07/17 10:39:53.719, 1192, 877, 163.32, 65, 66, 100, 8404, Not Active, Not Active, Not Active
2026/07/17 10:39:53.771, 1192, 877, 173.65, 65, 66, 100, 8404, Not Active, Not Active, Not Active
2026/07/17 10:39:53.822, 1192, 877, 170.52, 65, 66, 100, 8404, Not Active, Not Active, Not Active
2026/07/17 10:39:53.874, 1192, 877, 157.18, 65, 65, 100, 8404, Not Active, Not Active, Not Active
2026/07/17 10:39:53.926, 1192, 877, 139.99, 65, 66, 100, 8404, Not Active, Not Active, Not Active
2026/07/17 10:39:53.979, 1192, 877, 165.72, 65, 65, 100, 8404, Not Active, Not Active, Not Active
2026/07/17 10:39:54.031, 1192, 877, 168.85, 65, 66, 100, 8404, Not Active, Not Active, Not Active
2026/07/17 10:39:54.083, 1192, 877, 168.60, 65, 65, 100, 8404, Not Active, Not Active, Not Active
2026/07/17 10:39:54.135, 1192, 877, 154.78, 65, 66, 100, 8404, Not Active, Not Active, Not Active
2026/07/17 10:39:54.186, 1192, 877, 144.79, 65, 66, 100, 8404, Not Active, Not Active, Not Active
2026/07/17 10:39:54.241, 1192, 877, 166.68, 65, 66, 100, 8404, Not Active, Not Active, Not Active
2026/07/17 10:39:54.293, 1192, 877, 166.68, 65, 66, 100, 8404, Not Active, Not Active, Not Active
2026/07/17 10:39:54.344, 1192, 877, 162.84, 65, 66, 100, 8404, Not Active, Not Active, Not Active
2026/07/17 10:39:54.396, 1192, 877, 150.36, 65, 66, 100, 8404, Not Active, Not Active, Not Active
2026/07/17 10:39:54.448, 1192, 877, 137.68, 65, 66, 100, 8404, Not Active, Not Active, Not Active
2026/07/17 10:39:54.501, 1192, 877, 164.39, 65, 65, 100, 8404, Not Active, Not Active, Not Active
2026/07/17 10:39:54.553, 1192, 877, 163.21, 65, 66, 100, 8404, Not Active, Not Active, Not Active
2026/07/17 10:39:54.605, 1192, 877, 155.16, 65, 66, 100, 8404, Not Active, Not Active, Not Active
2026/07/17 10:39:54.656, 1192, 877, 138.16, 65, 66, 100, 8404, Not Active, Not Active, Not Active
2026/07/17 10:39:54.708, 1192, 877, 164.28, 65, 66, 100, 8404, Not Active, Not Active, Not Active
2026/07/17 10:39:54.760, 1192, 877, 171.48, 65, 66, 100, 8404, Not Active, Not Active, Not Active
2026/07/17 10:39:54.812, 1192, 877, 166.31, 65, 66, 100, 8404, Not Active, Not Active, Not Active
2026/07/17 10:39:54.864, 1192, 877, 153.93, 65, 66, 100, 8404, Not Active, Not Active, Not Active
2026/07/17 10:39:54.916, 1192, 877, 139.12, 65, 66, 100, 8404, Not Active, Not Active, Not Active
2026/07/17 10:39:54.967, 1192, 877, 164.65, 66, 66, 100, 8404, Not Active, Not Active, Not Active
2026/07/17 10:39:55.019, 1192, 877, 149.98, 65, 66, 100, 8404, Not Active, Not Active, Not Active
2026/07/17 10:39:55.071, 1192, 877, 150.36, 65, 66, 100, 8404, Not Active, Not Active, Not Active
2026/07/17 10:39:55.124, 1192, 877, 138.16, 65, 66, 100, 8404, Not Active, Not Active, Not Active
2026/07/17 10:39:55.175, 1192, 877, 164.65, 65, 66, 100, 8404, Not Active, Not Active, Not Active
2026/07/17 10:39:55.227, 1192, 877, 171.96, 65, 66, 100, 8404, Not Active, Not Active, Not Active
2026/07/17 10:39:55.279, 1192, 877, 169.08, 66, 66, 100, 8404, Not Active, Not Active, Not Active
2026/07/17 10:39:55.330, 1192, 877, 146.14, 66, 66, 100, 8404, Not Active, Not Active, Not Active
2026/07/17 10:39:55.384, 1192, 877, 142.96, 66, 66, 100, 8404, Not Active, Not Active, Not Active
2026/07/17 10:39:55.436, 1192, 877, 165.72, 66, 66, 100, 8404, Not Active, Not Active, Not Active
2026/07/17 10:39:55.488, 1192, 877, 175.20, 66, 66, 100, 8404, Not Active, Not Active, Not Active
2026/07/17 10:39:55.539, 1192, 877, 91.26, 65, 66, 100, 8404, Not Active, Not Active, Not Active
2026/07/17 10:39:55.591, 1192, 877, 146.71, 66, 66, 100, 8404, Not Active, Not Active, Not Active
2026/07/17 10:39:55.643, 1192, 877, 170.89, 66, 66, 100, 8404, Not Active, Not Active, Not Active
2026/07/17 10:39:55.695, 1192, 877, 171.25, 66, 66, 100, 8404, Not Active, Not Active, Not Active
2026/07/17 10:39:55.747, 1192, 877, 160.44, 65, 66, 100, 8404, Not Active, Not Active, Not Active
2026/07/17 10:39:55.799, 1192, 877, 139.60, 66, 67, 100, 8404, Not Active, Not Active, Not Active
2026/07/17 10:39:55.851, 1192, 877, 161.88, 66, 66, 100, 8404, Not Active, Not Active, Not Active
2026/07/17 10:39:55.902, 1192, 877, 173.28, 66, 66, 100, 8404, Not Active, Not Active, Not Active
2026/07/17 10:39:55.954, 1192, 877, 170.89, 66, 66, 100, 8404, Not Active, Not Active, Not Active
2026/07/17 10:39:56.008, 1192, 877, 163.80, 66, 66, 100, 8404, Not Active, Not Active, Not Active
2026/07/17 10:39:56.059, 1192, 877, 133.83, 66, 67, 100, 8404, Not Active, Not Active, Not Active
2026/07/17 10:39:56.111, 1192, 877, 171.00, 65, 66, 100, 8404, Not Active, Not Active, Not Active
2026/07/17 10:39:56.163, 1192, 877, 169.93, 66, 66, 100, 8404, Not Active, Not Active, Not Active
2026/07/17 10:39:56.215, 1192, 877, 154.20, 65, 66, 100, 8404, Not Active, Not Active, Not Active
2026/07/17 10:39:56.267, 1192, 877, 139.51, 66, 67, 100, 8404, Not Active, Not Active, Not Active
2026/07/17 10:39:56.319, 1192, 877, 165.13, 66, 66, 100, 8404, Not Active, Not Active, Not Active
2026/07/17 10:39:56.371, 1192, 877, 175.68, 66, 66, 100, 8404, Not Active, Not Active, Not Active
2026/07/17 10:39:56.423, 1192, 877, 165.24, 66, 66, 100, 8404, Not Active, Not Active, Not Active
2026/07/17 10:39:56.474, 1192, 877, 144.22, 65, 67, 100, 8404, Not Active, Not Active, Not Active
2026/07/17 10:39:56.528, 1192, 877, 155.26, 66, 67, 100, 8404, Not Active, Not Active, Not Active
2026/07/17 10:39:56.580, 1192, 877, 169.45, 66, 66, 100, 8404, Not Active, Not Active, Not Active
2026/07/17 10:39:56.631, 1192, 877, 126.78, 65, 65, 100, 8404, Not Active, Not Active, Not Active
2026/07/17 10:39:56.683, 1192, 877, 132.47, 66, 66, 100, 8404, Not Active, Not Active, Not Active
2026/07/17 10:39:56.735, 1192, 877, 161.88, 66, 66, 100, 8404, Not Active, Not Active, Not Active
2026/07/17 10:39:56.790, 1192, 877, 170.29, 66, 66, 100, 8404, Not Active, Not Active, Not Active
2026/07/17 10:39:56.842, 1192, 877, 167.16, 66, 66, 100, 8404, Not Active, Not Active, Not Active
2026/07/17 10:39:56.894, 1192, 877, 147.68, 66, 67, 100, 8404, Not Active, Not Active, Not Active
2026/07/17 10:39:56.946, 1192, 877, 146.71, 66, 67, 100, 8404, Not Active, Not Active, Not Active
2026/07/17 10:39:56.997, 1192, 877, 168.01, 66, 67, 100, 8404, Not Active, Not Active, Not Active
2026/07/17 10:39:57.051, 1192, 877, 170.41, 66, 66, 100, 8404, Not Active, Not Active, Not Active
2026/07/17 10:39:57.103, 1192, 877, 161.51, 66, 66, 100, 8404, Not Active, Not Active, Not Active
2026/07/17 10:39:57.155, 1192, 877, 129.50, 66, 67, 100, 8404, Not Active, Not Active, Not Active
2026/07/17 10:39:57.206, 1192, 877, 172.92, 66, 66, 100, 8404, Not Active, Not Active, Not Active
2026/07/17 10:39:57.258, 1192, 877, 166.09, 66, 66, 100, 8404, Not Active, Not Active, Not Active
2026/07/17 10:39:57.311, 1192, 877, 154.20, 66, 67, 100, 8404, Not Active, Not Active, Not Active
2026/07/17 10:39:57.363, 1192, 877, 140.47, 66, 67, 100, 8404, Not Active, Not Active, Not Active
2026/07/17 10:39:57.415, 1192, 877, 166.57, 66, 67, 100, 8404, Not Active, Not Active, Not Active
2026/07/17 10:39:57.467, 1192, 877, 169.45, 66, 66, 100, 8404, Not Active, Not Active, Not Active
2026/07/17 10:39:57.519, 1192, 877, 157.08, 66, 66, 100, 8404, Not Active, Not Active, Not Active
2026/07/17 10:39:57.572, 1192, 877, 130.07, 66, 67, 100, 8404, Not Active, Not Active, Not Active
2026/07/17 10:39:57.623, 1192, 877, 163.80, 66, 67, 100, 8404, Not Active, Not Active, Not Active
2026/07/17 10:39:57.675, 1192, 877, 170.04, 66, 67, 100, 8404, Not Active, Not Active, Not Active
2026/07/17 10:39:57.727, 1192, 877, 93.68, 66, 66, 100, 8404, Not Active, Not Active, Not Active
2026/07/17 10:39:57.779, 1192, 877, 140.95, 66, 67, 100, 8404, Not Active, Not Active, Not Active
2026/07/17 10:39:57.832, 1192, 877, 166.57, 66, 67, 100, 8404, Not Active, Not Active, Not Active
2026/07/17 10:39:57.884, 1192, 877, 165.13, 66, 67, 100, 8404, Not Active, Not Active, Not Active
2026/07/17 10:39:57.937, 1192, 877, 163.32, 66, 66, 100, 8404, Not Active, Not Active, Not Active
2026/07/17 10:39:57.989, 1192, 877, 135.27, 66, 67, 100, 8404, Not Active, Not Active, Not Active
2026/07/17 10:39:58.041, 1192, 877, 164.76, 66, 67, 100, 8404, Not Active, Not Active, Not Active
2026/07/17 10:39:58.094, 1192, 877, 167.27, 66, 67, 100, 8404, Not Active, Not Active, Not Active
2026/07/17 10:39:58.146, 1192, 877, 166.57, 66, 67, 100, 8404, Not Active, Not Active, Not Active
2026/07/17 10:39:58.198, 1192, 877, 140.08, 66, 67, 100, 8404, Not Active, Not Active, Not Active
2026/07/17 10:39:58.250, 1192, 877, 162.36, 66, 67, 100, 8404, Not Active, Not Active, Not Active
2026/07/17 10:39:58.301, 1192, 877, 158.63, 66, 65, 100, 8404, Not Active, Not Active, Not Active
2026/07/17 10:39:58.354, 1192, 877, 154.68, 66, 67, 100, 8404, Not Active, Not Active, Not Active
2026/07/17 10:39:58.406, 1192, 877, 143.83, 66, 67, 100, 8404, Not Active, Not Active, Not Active
2026/07/17 10:39:58.458, 1192, 877, 168.12, 66, 67, 100, 8404, Not Active, Not Active, Not Active
2026/07/17 10:39:58.510, 1192, 877, 165.24, 66, 67, 100, 8404, Not Active, Not Active, Not Active
2026/07/17 10:39:58.561, 1192, 877, 163.80, 66, 67, 100, 8404, Not Active, Not Active, Not Active
2026/07/17 10:39:58.616, 1192, 877, 133.83, 66, 68, 100, 8404, Not Active, Not Active, Not Active
2026/07/17 10:39:58.667, 1192, 877, 163.80, 66, 67, 100, 8404, Not Active, Not Active, Not Active
2026/07/17 10:39:58.719, 1192, 877, 172.69, 66, 67, 100, 8404, Not Active, Not Active, Not Active
2026/07/17 10:39:58.771, 1192, 877, 162.36, 66, 68, 100, 8404, Not Active, Not Active, Not Active
2026/07/17 10:39:58.823, 1192, 877, 129.59, 66, 68, 100, 8404, Not Active, Not Active, Not Active
2026/07/17 10:39:58.876, 1192, 877, 169.45, 66, 66, 100, 8404, Not Active, Not Active, Not Active
2026/07/17 10:39:58.928, 1192, 877, 163.69, 66, 67, 100, 8404, Not Active, Not Active, Not Active
2026/07/17 10:39:58.979, 1192, 877, 141.43, 66, 68, 100, 8404, Not Active, Not Active, Not Active
2026/07/17 10:39:59.031, 1192, 877, 161.03, 66, 67, 100, 8404, Not Active, Not Active, Not Active
2026/07/17 10:39:59.083, 1192, 877, 171.37, 66, 67, 100, 8404, Not Active, Not Active, Not Active
2026/07/17 10:39:59.138, 1192, 877, 173.28, 66, 67, 100, 8404, Not Active, Not Active, Not Active
2026/07/17 10:39:59.190, 1192, 877, 147.10, 66, 68, 100, 8404, Not Active, Not Active, Not Active
2026/07/17 10:39:59.242, 1192, 877, 146.24, 66, 67, 100, 8404, Not Active, Not Active, Not Active
2026/07/17 10:39:59.294, 1192, 877, 171.85, 66, 67, 100, 8404, Not Active, Not Active, Not Active
2026/07/17 10:39:59.345, 1192, 877, 166.57, 66, 67, 100, 8404, Not Active, Not Active, Not Active
2026/07/17 10:39:59.399, 1192, 877, 112.89, 66, 68, 100, 8404, Not Active, Not Active, Not Active
2026/07/17 10:39:59.451, 1192, 877, 163.32, 66, 66, 100, 8404, Not Active, Not Active, Not Active
2026/07/17 10:39:59.503, 1192, 877, 173.65, 66, 67, 100, 8404, Not Active, Not Active, Not Active
2026/07/17 10:39:59.555, 1192, 877, 156.22, 66, 68, 100, 8404, Not Active, Not Active, Not Active
2026/07/17 10:39:59.607, 1192, 877, 133.83, 66, 67, 100, 8404, Not Active, Not Active, Not Active
2026/07/17 10:39:59.659, 1192, 877, 167.16, 66, 67, 100, 8404, Not Active, Not Active, Not Active
2026/07/17 10:39:59.710, 1192, 877, 171.25, 66, 67, 100, 8404, Not Active, Not Active, Not Active
2026/07/17 10:39:59.762, 1192, 877, 162.47, 66, 67, 100, 8404, Not Active, Not Active, Not Active
2026/07/17 10:39:59.814, 1192, 877, 136.23, 66, 68, 100, 8404, Not Active, Not Active, Not Active
2026/07/17 10:39:59.866, 1192, 877, 164.28, 67, 67, 100, 8404, Not Active, Not Active, Not Active
2026/07/17 10:39:59.920, 1192, 877, 173.28, 67, 67, 100, 8404, Not Active, Not Active, Not Active
2026/07/17 10:39:59.972, 1192, 877, 90.84, 66, 67, 100, 8404, Not Active, Not Active, Not Active
2026/07/17 10:40:00.024, 1192, 877, 160.55, 66, 67, 100, 8404, Not Active, Not Active, Not Active
2026/07/17 10:40:00.076, 1192, 877, 169.08, 66, 67, 100, 8404, Not Active, Not Active, Not Active
2026/07/17 10:40:00.128, 1192, 877, 166.68, 66, 68, 100, 8404, Not Active, Not Active, Not Active
2026/07/17 10:40:00.181, 1192, 877, 129.59, 67, 68, 100, 8404, Not Active, Not Active, Not Active
2026/07/17 10:40:00.233, 1192, 877, 163.80, 67, 67, 100, 8404, Not Active, Not Active, Not Active
2026/07/17 10:40:00.284, 1192, 877, 169.93, 67, 67, 100, 8404, Not Active, Not Active, Not Active
2026/07/17 10:40:00.339, 1192, 877, 168.12, 67, 67, 100, 8404, Not Active, Not Active, Not Active
2026/07/17 10:40:00.391, 1192, 877, 128.14, 67, 68, 100, 8404, Not Active, Not Active, Not Active
2026/07/17 10:40:00.443, 1192, 877, 163.80, 67, 67, 100, 8404, Not Active, Not Active, Not Active
2026/07/17 10:40:00.494, 1192, 877, 168.12, 67, 68, 100, 8404, Not Active, Not Active, Not Active
2026/07/17 10:40:00.546, 1192, 877, 88.00, 67, 67, 100, 8404, Not Active, Not Active, Not Active
2026/07/17 10:40:00.599, 1192, 877, 159.00, 66, 67, 100, 8404, Not Active, Not Active, Not Active
2026/07/17 10:40:00.651, 1192, 877, 172.32, 67, 67, 100, 8404, Not Active, Not Active, Not Active
2026/07/17 10:40:00.703, 1192, 877, 168.60, 66, 68, 100, 8404, Not Active, Not Active, Not Active
2026/07/17 10:40:00.755, 1192, 877, 132.87, 67, 68, 100, 8404, Not Active, Not Active, Not Active
2026/07/17 10:40:00.807, 1192, 877, 162.84, 67, 68, 100, 8404, Not Active, Not Active, Not Active
2026/07/17 10:40:00.858, 1192, 877, 171.48, 67, 67, 100, 8404, Not Active, Not Active, Not Active
2026/07/17 10:40:00.910, 1192, 877, 160.44, 66, 68, 100, 8404, Not Active, Not Active, Not Active
2026/07/17 10:40:00.963, 1192, 877, 132.95, 67, 68, 100, 8404, Not Active, Not Active, Not Active
2026/07/17 10:40:01.015, 1192, 877, 164.28, 67, 67, 100, 8404, Not Active, Not Active, Not Active
2026/07/17 10:40:01.067, 1192, 877, 170.52, 67, 67, 100, 8404, Not Active, Not Active, Not Active
2026/07/17 10:40:01.118, 1192, 877, 108.62, 66, 68, 100, 8404, Not Active, Not Active, Not Active
2026/07/17 10:40:01.170, 1192, 877, 183.71, 67, 67, 100, 8404, Not Active, Not Active, Not Active
2026/07/17 10:40:01.225, 1192, 877, 179.64, 67, 68, 97, 8404, Not Active, Not Active, Not Active
2026/07/17 10:40:01.277, 1192, 877, 179.40, 67, 68, 97, 8404, Not Active, Not Active, Not Active
2026/07/17 10:40:01.329, 1192, 877, 179.28, 67, 68, 97, 8404, Not Active, Not Active, Not Active
2026/07/17 10:40:01.381, 1192, 877, 183.71, 67, 68, 97, 8404, Not Active, Not Active, Not Active
2026/07/17 10:40:01.433, 1192, 877, 164.91, 67, 68, 100, 8404, Not Active, Not Active, Not Active
2026/07/17 10:40:01.485, 1192, 877, 173.65, 67, 68, 100, 8404, Not Active, Not Active, Not Active
2026/07/17 10:40:01.536, 1192, 877, 174.84, 67, 68, 100, 8404, Not Active, Not Active, Not Active
2026/07/17 10:40:01.588, 1192, 877, 178.20, 67, 68, 100, 8404, Not Active, Not Active, Not Active
2026/07/17 10:40:01.640, 1192, 877, 179.52, 67, 68, 100, 8404, Not Active, Not Active, Not Active
2026/07/17 10:40:01.692, 1192, 877, 174.01, 67, 68, 100, 8404, Not Active, Not Active, Not Active
2026/07/17 10:40:01.747, 1192, 877, 161.40, 67, 68, 100, 8404, Not Active, Not Active, Not Active
2026/07/17 10:40:01.798, 1192, 877, 173.76, 67, 68, 100, 8404, Not Active, Not Active, Not Active
2026/07/17 10:40:01.850, 1192, 877, 177.12, 68, 68, 100, 8404, Not Active, Not Active, Not Active
2026/07/17 10:40:01.902, 1192, 877, 173.17, 68, 68, 100, 8404, Not Active, Not Active, Not Active
2026/07/17 10:40:01.954, 1192, 877, 175.20, 68, 68, 100, 8404, Not Active, Not Active, Not Active
2026/07/17 10:40:02.007, 1192, 877, 177.48, 68, 68, 100, 8404, Not Active, Not Active, Not Active
2026/07/17 10:40:02.059, 1192, 877, 176.16, 68, 68, 100, 8404, Not Active, Not Active, Not Active
2026/07/17 10:40:02.111, 1192, 877, 170.04, 68, 68, 100, 8404, Not Active, Not Active, Not Active
2026/07/17 10:40:02.163, 1192, 877, 181.44, 68, 68, 100, 8404, Not Active, Not Active, Not Active
2026/07/17 10:40:02.215, 1192, 877, 174.13, 68, 68, 100, 8404, Not Active, Not Active, Not Active
2026/07/17 10:40:02.268, 1192, 877, 175.57, 68, 68, 100, 8404, Not Active, Not Active, Not Active
2026/07/17 10:40:02.320, 1192, 877, 177.12, 68, 68, 100, 8404, Not Active, Not Active, Not Active
2026/07/17 10:40:02.372, 1192, 877, 174.36, 68, 68, 100, 8404, Not Active, Not Active, Not Active
2026/07/17 10:40:02.424, 1192, 877, 167.16, 68, 68, 100, 8404, Not Active, Not Active, Not Active
2026/07/17 10:40:02.475, 1192, 877, 175.68, 68, 68, 100, 8404, Not Active, Not Active, Not Active
2026/07/17 10:40:02.529, 1192, 877, 174.24, 68, 68, 100, 8404, Not Active, Not Active, Not Active
2026/07/17 10:40:02.581, 1192, 877, 167.78, 68, 68, 100, 8404, Not Active, Not Active, Not Active
2026/07/17 10:40:02.633, 1192, 877, 178.80, 68, 68, 100, 8404, Not Active, Not Active, Not Active
2026/07/17 10:40:02.684, 1192, 877, 170.41, 68, 68, 100, 8404, Not Active, Not Active, Not Active
2026/07/17 10:40:02.736, 1192, 877, 177.00, 68, 68, 100, 8404, Not Active, Not Active, Not Active
2026/07/17 10:40:02.790, 1192, 877, 164.91, 68, 68, 100, 8404, Not Active, Not Active, Not Active
2026/07/17 10:40:02.842, 1192, 877, 179.40, 68, 68, 100, 8404, Not Active, Not Active, Not Active
2026/07/17 10:40:02.894, 1192, 877, 173.40, 68, 68, 100, 8404, Not Active, Not Active, Not Active
2026/07/17 10:40:02.945, 1192, 877, 176.76, 68, 68, 100, 8404, Not Active, Not Active, Not Active
2026/07/17 10:40:02.997, 1192, 877, 171.73, 68, 68, 100, 8404, Not Active, Not Active, Not Active
2026/07/17 10:40:03.052, 1192, 877, 171.85, 68, 68, 100, 8404, Not Active, Not Active, Not Active
2026/07/17 10:40:03.103, 1192, 877, 155.37, 68, 68, 100, 8404, Not Active, Not Active, Not Active
2026/07/17 10:40:03.155, 1192, 877, 174.72, 68, 68, 100, 8404, Not Active, Not Active, Not Active
2026/07/17 10:40:03.207, 1192, 877, 178.44, 68, 68, 100, 8404, Not Active, Not Active, Not Active
2026/07/17 10:40:03.259, 1192, 877, 170.41, 68, 68, 100, 8404, Not Active, Not Active, Not Active
2026/07/17 10:40:03.312, 1192, 877, 167.64, 68, 68, 100, 8404, Not Active, Not Active, Not Active
2026/07/17 10:40:03.364, 1192, 877, 174.72, 68, 68, 100, 8404, Not Active, Not Active, Not Active
2026/07/17 10:40:03.415, 1192, 877, 177.60, 68, 68, 100, 8404, Not Active, Not Active, Not Active
2026/07/17 10:40:03.467, 1192, 877, 170.89, 68, 68, 100, 8404, Not Active, Not Active, Not Active
2026/07/17 10:40:03.519, 1192, 877, 176.04, 68, 68, 100, 8404, Not Active, Not Active, Not Active
2026/07/17 10:40:03.572, 1192, 877, 170.66, 68, 68, 100, 8404, Not Active, Not Active, Not Active
2026/07/17 10:40:03.624, 1192, 877, 174.84, 68, 68, 100, 8404, Not Active, Not Active, Not Active
2026/07/17 10:40:03.699, 1192, 877, 165.13, 68, 68, 100, 8404, Not Active, Not Active, Not Active
2026/07/17 10:40:03.750, 1192, 877, 168.49, 68, 68, 100, 8404, Not Active, Not Active, Not Active
2026/07/17 10:40:03.802, 1192, 877, 150.46, 68, 69, 100, 8404, Not Active, Not Active, Not Active
2026/07/17 10:40:03.854, 1192, 877, 173.76, 68, 68, 100, 8404, Not Active, Not Active, Not Active
2026/07/17 10:40:03.906, 1192, 877, 170.52, 68, 69, 100, 8404, Not Active, Not Active, Not Active
2026/07/17 10:40:03.960, 1192, 877, 172.80, 68, 68, 100, 8404, Not Active, Not Active, Not Active
2026/07/17 10:40:04.012, 1192, 877, 160.55, 68, 68, 100, 8404, Not Active, Not Active, Not Active
2026/07/17 10:40:04.064, 1192, 877, 168.60, 68, 69, 100, 8404, Not Active, Not Active, Not Active
2026/07/17 10:40:04.116, 1192, 877, 171.37, 68, 69, 100, 8404, Not Active, Not Active, Not Active
2026/07/17 10:40:04.167, 1192, 877, 156.12, 68, 68, 100, 8404, Not Active, Not Active, Not Active
2026/07/17 10:40:04.219, 1192, 877, 167.53, 68, 68, 100, 8404, Not Active, Not Active, Not Active
2026/07/17 10:40:04.271, 1192, 877, 169.45, 68, 68, 100, 8404, Not Active, Not Active, Not Active
2026/07/17 10:40:04.323, 1192, 877, 172.80, 68, 68, 100, 8404, Not Active, Not Active, Not Active
2026/07/17 10:40:04.375, 1192, 877, 170.41, 68, 69, 100, 8404, Not Active, Not Active, Not Active
2026/07/17 10:40:04.426, 1192, 877, 165.72, 68, 69, 100, 8404, Not Active, Not Active, Not Active
2026/07/17 10:40:04.481, 1192, 877, 170.52, 68, 69, 100, 8404, Not Active, Not Active, Not Active
2026/07/17 10:40:04.533, 1192, 877, 166.09, 68, 68, 100, 8404, Not Active, Not Active, Not Active
2026/07/17 10:40:04.584, 1192, 877, 176.64, 68, 69, 100, 8404, Not Active, Not Active, Not Active
2026/07/17 10:40:04.636, 1192, 877, 169.45, 68, 69, 100, 8404, Not Active, Not Active, Not Active
2026/07/17 10:40:04.688, 1192, 877, 156.60, 68, 69, 100, 8404, Not Active, Not Active, Not Active
2026/07/17 10:40:04.742, 1192, 877, 166.79, 68, 69, 100, 8404, Not Active, Not Active, Not Active
2026/07/17 10:40:04.793, 1192, 877, 169.45, 68, 69, 100, 8404, Not Active, Not Active, Not Active
2026/07/17 10:40:04.845, 1192, 877, 168.60, 68, 69, 100, 8404, Not Active, Not Active, Not Active
2026/07/17 10:40:04.897, 1192, 877, 160.92, 68, 67, 100, 8404, Not Active, Not Active, Not Active
2026/07/17 10:40:04.949, 1192, 877, 173.88, 68, 69, 100, 8404, Not Active, Not Active, Not Active
2026/07/17 10:40:05.003, 1192, 877, 171.14, 68, 69, 100, 8404, Not Active, Not Active, Not Active
2026/07/17 10:40:05.055, 1192, 877, 160.44, 68, 69, 100, 8404, Not Active, Not Active, Not Active
2026/07/17 10:40:05.107, 1192, 877, 163.10, 68, 69, 100, 8404, Not Active, Not Active, Not Active
2026/07/17 10:40:05.159, 1192, 877, 167.05, 68, 69, 100, 8404, Not Active, Not Active, Not Active
2026/07/17 10:40:05.211, 1192, 877, 166.68, 68, 69, 100, 8404, Not Active, Not Active, Not Active
2026/07/17 10:40:05.264, 1192, 877, 158.52, 68, 68, 100, 8404, Not Active, Not Active, Not Active
2026/07/17 10:40:05.316, 1192, 877, 166.57, 68, 69, 100, 8404, Not Active, Not Active, Not Active
2026/07/17 10:40:05.368, 1192, 877, 168.97, 68, 69, 100, 8404, Not Active, Not Active, Not Active
2026/07/17 10:40:05.420, 1192, 877, 177.12, 68, 69, 100, 8404, Not Active, Not Active, Not Active
2026/07/17 10:40:05.471, 1192, 877, 155.64, 68, 69, 100, 8404, Not Active, Not Active, Not Active
2026/07/17 10:40:05.525, 1192, 877, 165.35, 68, 69, 100, 8404, Not Active, Not Active, Not Active
2026/07/17 10:40:05.576, 1192, 877, 171.00, 68, 69, 100, 8404, Not Active, Not Active, Not Active
2026/07/17 10:40:05.628, 1192, 877, 149.02, 68, 69, 100, 8404, Not Active, Not Active, Not Active
2026/07/17 10:40:05.680, 1192, 877, 171.37, 68, 69, 100, 8404, Not Active, Not Active, Not Active
2026/07/17 10:40:05.732, 1192, 877, 174.72, 68, 69, 100, 8404, Not Active, Not Active, Not Active
2026/07/17 10:40:05.786, 1192, 877, 173.05, 68, 69, 100, 8404, Not Active, Not Active, Not Active
2026/07/17 10:40:05.838, 1192, 877, 171.73, 68, 69, 100, 8404, Not Active, Not Active, Not Active
2026/07/17 10:40:05.890, 1192, 877, 172.44, 68, 69, 100, 8404, Not Active, Not Active, Not Active
2026/07/17 10:40:05.941, 1192, 877, 158.04, 68, 69, 100, 8404, Not Active, Not Active, Not Active
2026/07/17 10:40:05.993, 1192, 877, 141.43, 68, 69, 100, 8404, Not Active, Not Active, Not Active
2026/07/17 10:40:06.046, 1192, 877, 160.92, 68, 69, 100, 8404, Not Active, Not Active, Not Active
2026/07/17 10:40:06.098, 1192, 877, 167.27, 68, 69, 100, 8404, Not Active, Not Active, Not Active
2026/07/17 10:40:06.150, 1192, 877, 174.72, 68, 69, 100, 8404, Not Active, Not Active, Not Active
2026/07/17 10:40:06.202, 1192, 877, 169.45, 68, 69, 100, 8404, Not Active, Not Active, Not Active
2026/07/17 10:40:06.253, 1192, 877, 170.29, 68, 69, 100, 8404, Not Active, Not Active, Not Active
2026/07/17 10:40:06.307, 1192, 877, 170.04, 68, 69, 100, 8404, Not Active, Not Active, Not Active
2026/07/17 10:40:06.358, 1192, 877, 175.57, 68, 69, 100, 8404, Not Active, Not Active, Not Active
2026/07/17 10:40:06.410, 1192, 877, 176.04, 68, 68, 100, 8404, Not Active, Not Active, Not Active
2026/07/17 10:40:06.462, 1192, 877, 170.89, 68, 69, 100, 8404, Not Active, Not Active, Not Active
2026/07/17 10:40:06.514, 1192, 877, 160.44, 68, 69, 100, 8404, Not Active, Not Active, Not Active
2026/07/17 10:40:06.568, 1192, 877, 167.16, 68, 69, 100, 8404, Not Active, Not Active, Not Active
2026/07/17 10:40:06.619, 1192, 877, 170.77, 68, 69, 100, 8404, Not Active, Not Active, Not Active
2026/07/17 10:40:06.671, 1192, 877, 171.85, 68, 69, 100, 8404, Not Active, Not Active, Not Active
2026/07/17 10:40:06.723, 1192, 877, 170.41, 68, 69, 100, 8404, Not Active, Not Active, Not Active
2026/07/17 10:40:06.775, 1192, 877, 157.56, 68, 69, 100, 8404, Not Active, Not Active, Not Active
2026/07/17 10:40:06.828, 1192, 877, 170.77, 68, 69, 100, 8404, Not Active, Not Active, Not Active
2026/07/17 10:40:06.880, 1192, 877, 172.80, 68, 69, 100, 8404, Not Active, Not Active, Not Active
2026/07/17 10:40:06.931, 1192, 877, 173.17, 68, 69, 100, 8404, Not Active, Not Active, Not Active
2026/07/17 10:40:06.983, 1192, 877, 173.76, 68, 69, 100, 8404, Not Active, Not Active, Not Active
2026/07/17 10:40:07.035, 1192, 877, 170.04, 68, 69, 100, 8404, Not Active, Not Active, Not Active
2026/07/17 10:40:07.114, 1192, 877, 169.08, 68, 69, 100, 8404, Not Active, Not Active, Not Active
2026/07/17 10:40:07.166, 1192, 877, 154.41, 68, 69, 100, 8404, Not Active, Not Active, Not Active
2026/07/17 10:40:07.217, 1192, 877, 171.00, 68, 69, 100, 8404, Not Active, Not Active, Not Active
2026/07/17 10:40:07.269, 1192, 877, 166.09, 68, 69, 100, 8404, Not Active, Not Active, Not Active
2026/07/17 10:40:07.321, 1192, 877, 176.64, 68, 69, 100, 8404, Not Active, Not Active, Not Active
2026/07/17 10:40:07.375, 1192, 877, 173.17, 68, 69, 100, 8404, Not Active, Not Active, Not Active
2026/07/17 10:40:07.427, 1192, 877, 171.73, 68, 69, 100, 8404, Not Active, Not Active, Not Active
2026/07/17 10:40:07.478, 1192, 877, 171.48, 68, 69, 100, 8404, Not Active, Not Active, Not Active
2026/07/17 10:40:07.530, 1192, 877, 155.64, 69, 69, 100, 8404, Not Active, Not Active, Not Active
2026/07/17 10:40:07.582, 1192, 877, 161.88, 68, 69, 100, 8404, Not Active, Not Active, Not Active
2026/07/17 10:40:07.635, 1192, 877, 151.90, 68, 69, 100, 8404, Not Active, Not Active, Not Active
2026/07/17 10:40:07.687, 1192, 877, 159.00, 69, 69, 100, 8404, Not Active, Not Active, Not Active
2026/07/17 10:40:07.738, 1192, 877, 162.84, 68, 69, 100, 8404, Not Active, Not Active, Not Active
2026/07/17 10:40:07.790, 1192, 877, 160.44, 69, 69, 100, 8404, Not Active, Not Active, Not Active
2026/07/17 10:40:07.842, 1192, 877, 164.87, 69, 69, 100, 8404, Not Active, Not Active, Not Active
2026/07/17 10:40:07.895, 1192, 877, 170.41, 68, 69, 100, 8404, Not Active, Not Active, Not Active
2026/07/17 10:40:07.947, 1192, 877, 139.99, 68, 70, 100, 8404, Not Active, Not Active, Not Active
2026/07/17 10:40:07.999, 1192, 877, 167.05, 68, 69, 100, 8404, Not Active, Not Active, Not Active
2026/07/17 10:40:08.050, 1192, 877, 173.28, 68, 69, 100, 8404, Not Active, Not Active, Not Active
2026/07/17 10:40:08.102, 1192, 877, 172.32, 68, 69, 100, 8404, Not Active, Not Active, Not Active
2026/07/17 10:40:08.157, 1192, 877, 168.01, 69, 69, 100, 8404, Not Active, Not Active, Not Active
2026/07/17 10:40:08.209, 1192, 877, 171.25, 69, 69, 100, 8404, Not Active, Not Active, Not Active
2026/07/17 10:40:08.260, 1192, 877, 175.57, 69, 69, 100, 8404, Not Active, Not Active, Not Active
2026/07/17 10:40:08.312, 1192, 877, 171.00, 69, 69, 100, 8404, Not Active, Not Active, Not Active
2026/07/17 10:40:08.364, 1192, 877, 161.88, 68, 69, 100, 8404, Not Active, Not Active, Not Active
2026/07/17 10:40:08.417, 1192, 877, 176.64, 69, 69, 100, 8404, Not Active, Not Active, Not Active
2026/07/17 10:40:08.468, 1192, 877, 166.68, 69, 69, 100, 8404, Not Active, Not Active, Not Active
2026/07/17 10:40:08.520, 1192, 877, 169.81, 69, 69, 100, 8404, Not Active, Not Active, Not Active
2026/07/17 10:40:08.572, 1192, 877, 176.52, 69, 70, 100, 8404, Not Active, Not Active, Not Active
2026/07/17 10:40:08.623, 1192, 877, 167.42, 69, 69, 100, 8404, Not Active, Not Active, Not Active
2026/07/17 10:40:08.680, 1192, 877, 159.59, 69, 69, 100, 8404, Not Active, Not Active, Not Active
2026/07/17 10:40:08.732, 1192, 877, 152.38, 69, 69, 100, 8404, Not Active, Not Active, Not Active
2026/07/17 10:40:08.784, 1192, 877, 168.49, 68, 69, 100, 8404, Not Active, Not Active, Not Active
2026/07/17 10:40:08.836, 1192, 877, 163.91, 69, 69, 100, 8404, Not Active, Not Active, Not Active
2026/07/17 10:40:08.888, 1192, 877, 154.78, 69, 69, 100, 8404, Not Active, Not Active, Not Active
2026/07/17 10:40:08.940, 1192, 877, 155.16, 69, 69, 100, 8404, Not Active, Not Active, Not Active
2026/07/17 10:40:08.992, 1192, 877, 158.52, 69, 69, 100, 8404, Not Active, Not Active, Not Active
2026/07/17 10:40:09.044, 1192, 877, 161.29, 69, 70, 100, 8404, Not Active, Not Active, Not Active
2026/07/17 10:40:09.095, 1192, 877, 164.28, 69, 69, 100, 8404, Not Active, Not Active, Not Active
2026/07/17 10:40:09.147, 1192, 877, 140.47, 69, 70, 100, 8404, Not Active, Not Active, Not Active
2026/07/17 10:40:09.200, 1192, 877, 161.40, 69, 69, 100, 8404, Not Active, Not Active, Not Active
2026/07/17 10:40:09.252, 1192, 877, 160.23, 69, 69, 100, 8404, Not Active, Not Active, Not Active
2026/07/17 10:40:09.304, 1192, 877, 166.31, 69, 70, 100, 8404, Not Active, Not Active, Not Active
2026/07/17 10:40:09.356, 1192, 877, 162.25, 69, 70, 100, 8404, Not Active, Not Active, Not Active
2026/07/17 10:40:09.407, 1192, 877, 161.99, 69, 70, 100, 8404, Not Active, Not Active, Not Active
2026/07/17 10:40:09.459, 1192, 877, 166.20, 69, 70, 100, 8404, Not Active, Not Active, Not Active
2026/07/17 10:40:09.511, 1192, 877, 168.01, 69, 69, 100, 8404, Not Active, Not Active, Not Active
2026/07/17 10:40:09.562, 1192, 877, 118.67, 69, 70, 100, 8404, Not Active, Not Active, Not Active
2026/07/17 10:40:09.614, 1192, 877, 160.81, 69, 70, 100, 8404, Not Active, Not Active, Not Active
2026/07/17 10:40:09.668, 1192, 877, 158.04, 69, 70, 100, 8404, Not Active, Not Active, Not Active
2026/07/17 10:40:09.720, 1192, 877, 157.08, 69, 70, 100, 8404, Not Active, Not Active, Not Active
2026/07/17 10:40:09.771, 1192, 877, 160.81, 69, 70, 100, 8404, Not Active, Not Active, Not Active
2026/07/17 10:40:09.823, 1192, 877, 160.33, 69, 70, 100, 8404, Not Active, Not Active, Not Active
2026/07/17 10:40:09.875, 1192, 877, 166.57, 69, 70, 100, 8404, Not Active, Not Active, Not Active
2026/07/17 10:40:09.927, 1192, 877, 169.19, 69, 70, 100, 8404, Not Active, Not Active, Not Active
2026/07/17 10:40:09.978, 1192, 877, 123.97, 69, 70, 100, 8404, Not Active, Not Active, Not Active
2026/07/17 10:40:10.031, 1192, 877, 156.98, 69, 70, 100, 8404, Not Active, Not Active, Not Active
2026/07/17 10:40:10.083, 1192, 877, 159.11, 69, 69, 100, 8404, Not Active, Not Active, Not Active
2026/07/17 10:40:10.135, 1192, 877, 157.93, 69, 70, 100, 8404, Not Active, Not Active, Not Active
2026/07/17 10:40:10.187, 1192, 877, 158.89, 69, 70, 100, 8404, Not Active, Not Active, Not Active
2026/07/17 10:40:10.238, 1192, 877, 165.72, 69, 70, 100, 8404, Not Active, Not Active, Not Active
2026/07/17 10:40:10.293, 1192, 877, 163.43, 69, 70, 100, 8404, Not Active, Not Active, Not Active
2026/07/17 10:40:10.344, 1192, 877, 159.96, 69, 70, 100, 8404, Not Active, Not Active, Not Active
2026/07/17 10:40:10.396, 1192, 877, 145.85, 69, 70, 100, 8404, Not Active, Not Active, Not Active
2026/07/17 10:40:10.449, 1192, 877, 152.86, 69, 69, 100, 8404, Not Active, Not Active, Not Active
2026/07/17 10:40:10.501, 1192, 877, 150.84, 69, 70, 100, 8404, Not Active, Not Active, Not Active
2026/07/17 10:40:10.553, 1192, 877, 147.58, 69, 70, 100, 8404, Not Active, Not Active, Not Active
2026/07/17 10:40:10.605, 1192, 877, 147.58, 69, 70, 100, 8404, Not Active, Not Active, Not Active
2026/07/17 10:40:10.657, 1192, 877, 148.64, 69, 70, 100, 8404, Not Active, Not Active, Not Active
2026/07/17 10:40:10.709, 1192, 877, 148.16, 69, 70, 100, 8404, Not Active, Not Active, Not Active
2026/07/17 10:40:10.760, 1192, 877, 150.08, 69, 70, 100, 8404, Not Active, Not Active, Not Active
2026/07/17 10:40:10.812, 1192, 877, 150.08, 69, 70, 100, 8404, Not Active, Not Active, Not Active
2026/07/17 10:40:10.864, 1192, 877, 166.46, 69, 69, 100, 8404, Not Active, Not Active, Not Active
2026/07/17 10:40:10.918, 1192, 877, 170.89, 69, 70, 100, 8404, Not Active, Not Active, Not Active
2026/07/17 10:40:10.970, 1192, 877, 169.93, 69, 70, 100, 8404, Not Active, Not Active, Not Active
2026/07/17 10:40:11.022, 1192, 877, 169.93, 69, 70, 100, 8404, Not Active, Not Active, Not Active
2026/07/17 10:40:11.074, 1192, 877, 172.80, 69, 70, 100, 8404, Not Active, Not Active, Not Active
2026/07/17 10:40:11.125, 1192, 877, 171.37, 69, 70, 100, 8404, Not Active, Not Active, Not Active
2026/07/17 10:40:11.180, 1192, 877, 169.45, 69, 70, 100, 8404, Not Active, Not Active, Not Active
2026/07/17 10:40:11.232, 1192, 877, 168.85, 69, 70, 100, 8404, Not Active, Not Active, Not Active
2026/07/17 10:40:11.284, 1192, 877, 172.32, 69, 69, 100, 8404, Not Active, Not Active, Not Active
2026/07/17 10:40:11.335, 1192, 877, 175.20, 69, 70, 100, 8404, Not Active, Not Active, Not Active
2026/07/17 10:40:11.387, 1192, 877, 176.04, 69, 70, 100, 8404, Not Active, Not Active, Not Active
2026/07/17 10:40:11.442, 1192, 877, 173.88, 69, 70, 100, 8404, Not Active, Not Active, Not Active
2026/07/17 10:40:11.494, 1192, 877, 172.92, 69, 70, 100, 8404, Not Active, Not Active, Not Active
2026/07/17 10:40:11.545, 1192, 877, 177.12, 69, 70, 100, 8404, Not Active, Not Active, Not Active
2026/07/17 10:40:11.597, 1192, 877, 178.08, 69, 70, 100, 8404, Not Active, Not Active, Not Active
2026/07/17 10:40:11.649, 1192, 877, 176.04, 69, 70, 100, 8404, Not Active, Not Active, Not Active
2026/07/17 10:40:11.707, 1192, 877, 160.92, 69, 69, 100, 8404, Not Active, Not Active, Not Active
2026/07/17 10:40:11.759, 1192, 877, 174.97, 69, 70, 100, 8404, Not Active, Not Active, Not Active
2026/07/17 10:40:11.810, 1192, 877, 173.76, 69, 70, 100, 8404, Not Active, Not Active, Not Active
2026/07/17 10:40:11.862, 1192, 877, 171.37, 69, 70, 100, 8404, Not Active, Not Active, Not Active
2026/07/17 10:40:11.914, 1192, 877, 169.08, 69, 70, 100, 8404, Not Active, Not Active, Not Active
2026/07/17 10:40:11.967, 1192, 877, 173.28, 69, 70, 100, 8404, Not Active, Not Active, Not Active
2026/07/17 10:40:12.018, 1192, 877, 168.38, 69, 70, 100, 8404, Not Active, Not Active, Not Active
2026/07/17 10:40:12.070, 1192, 877, 166.20, 69, 70, 100, 8404, Not Active, Not Active, Not Active
2026/07/17 10:40:12.122, 1192, 877, 112.82, 69, 70, 100, 8404, Not Active, Not Active, Not Active
2026/07/17 10:40:12.174, 1192, 877, 156.22, 69, 70, 100, 8404, Not Active, Not Active, Not Active
2026/07/17 10:40:12.227, 1192, 877, 155.16, 69, 70, 100, 8404, Not Active, Not Active, Not Active
2026/07/17 10:40:12.279, 1192, 877, 149.12, 69, 70, 100, 8404, Not Active, Not Active, Not Active
2026/07/17 10:40:12.330, 1192, 877, 151.04, 69, 70, 100, 8404, Not Active, Not Active, Not Active
2026/07/17 10:40:12.382, 1192, 877, 156.70, 69, 70, 100, 8404, Not Active, Not Active, Not Active
2026/07/17 10:40:12.434, 1192, 877, 166.68, 69, 70, 100, 8404, Not Active, Not Active, Not Active
2026/07/17 10:40:12.486, 1192, 877, 168.49, 69, 70, 100, 8404, Not Active, Not Active, Not Active
2026/07/17 10:40:12.538, 1192, 877, 171.48, 69, 70, 100, 8404, Not Active, Not Active, Not Active
2026/07/17 10:40:12.591, 1192, 877, 168.49, 69, 69, 100, 8404, Not Active, Not Active, Not Active
2026/07/17 10:40:12.643, 1192, 877, 175.57, 69, 70, 100, 8404, Not Active, Not Active, Not Active
2026/07/17 10:40:12.695, 1192, 877, 175.80, 69, 70, 100, 8404, Not Active, Not Active, Not Active
2026/07/17 10:40:12.747, 1192, 877, 168.49, 69, 70, 100, 8404, Not Active, Not Active, Not Active
2026/07/17 10:40:12.799, 1192, 877, 169.45, 69, 70, 100, 8404, Not Active, Not Active, Not Active
2026/07/17 10:40:12.853, 1192, 877, 174.61, 69, 70, 100, 8404, Not Active, Not Active, Not Active
2026/07/17 10:40:12.905, 1192, 877, 168.01, 69, 70, 100, 8404, Not Active, Not Active, Not Active
2026/07/17 10:40:12.957, 1192, 877, 167.42, 69, 70, 100, 8404, Not Active, Not Active, Not Active
2026/07/17 10:40:13.009, 1192, 877, 122.76, 69, 70, 100, 8404, Not Active, Not Active, Not Active
2026/07/17 10:40:13.060, 1192, 877, 163.80, 69, 70, 100, 8404, Not Active, Not Active, Not Active
2026/07/17 10:40:13.117, 1192, 877, 159.85, 69, 70, 100, 8404, Not Active, Not Active, Not Active
2026/07/17 10:40:13.169, 1192, 877, 163.80, 69, 70, 100, 8404, Not Active, Not Active, Not Active
2026/07/17 10:40:13.221, 1192, 877, 150.94, 69, 70, 100, 8404, Not Active, Not Active, Not Active
2026/07/17 10:40:13.273, 1192, 877, 147.20, 69, 70, 100, 8404, Not Active, Not Active, Not Active
2026/07/17 10:40:13.325, 1192, 877, 153.82, 69, 70, 100, 8404, Not Active, Not Active, Not Active
2026/07/17 10:40:13.378, 1192, 877, 161.88, 69, 70, 100, 8404, Not Active, Not Active, Not Active
2026/07/17 10:40:13.430, 1192, 877, 168.49, 69, 70, 100, 8404, Not Active, Not Active, Not Active
2026/07/17 10:40:13.482, 1192, 877, 167.64, 69, 70, 100, 8404, Not Active, Not Active, Not Active
2026/07/17 10:40:13.533, 1192, 877, 175.09, 69, 70, 100, 8404, Not Active, Not Active, Not Active
2026/07/17 10:40:13.585, 1192, 877, 170.89, 69, 70, 100, 8404, Not Active, Not Active, Not Active
2026/07/17 10:40:13.640, 1192, 877, 176.16, 69, 70, 100, 8404, Not Active, Not Active, Not Active
2026/07/17 10:40:13.692, 1192, 877, 169.93, 69, 70, 100, 8404, Not Active, Not Active, Not Active
2026/07/17 10:40:13.744, 1192, 877, 175.68, 69, 70, 100, 8404, Not Active, Not Active, Not Active
2026/07/17 10:40:13.795, 1192, 877, 168.49, 69, 70, 100, 8404, Not Active, Not Active, Not Active
2026/07/17 10:40:13.847, 1192, 877, 163.69, 69, 70, 100, 8404, Not Active, Not Active, Not Active
2026/07/17 10:40:13.901, 1192, 877, 116.19, 69, 70, 100, 8404, Not Active, Not Active, Not Active
2026/07/17 10:40:13.954, 1192, 877, 146.71, 69, 70, 100, 8404, Not Active, Not Active, Not Active
2026/07/17 10:40:14.006, 1192, 877, 161.03, 69, 70, 100, 8404, Not Active, Not Active, Not Active
2026/07/17 10:40:14.057, 1192, 877, 170.41, 69, 70, 100, 8404, Not Active, Not Active, Not Active
2026/07/17 10:40:14.109, 1192, 877, 170.41, 69, 70, 100, 8404, Not Active, Not Active, Not Active
2026/07/17 10:40:14.165, 1192, 877, 174.24, 69, 70, 100, 8404, Not Active, Not Active, Not Active
2026/07/17 10:40:14.216, 1192, 877, 178.44, 69, 70, 100, 8404, Not Active, Not Active, Not Active
2026/07/17 10:40:14.268, 1192, 877, 176.16, 69, 70, 100, 8404, Not Active, Not Active, Not Active
2026/07/17 10:40:14.320, 1192, 877, 172.80, 69, 70, 100, 8404, Not Active, Not Active, Not Active
2026/07/17 10:40:14.372, 1192, 877, 154.30, 69, 69, 100, 8404, Not Active, Not Active, Not Active
2026/07/17 10:40:14.427, 1192, 877, 165.35, 69, 70, 100, 8404, Not Active, Not Active, Not Active
2026/07/17 10:40:14.479, 1192, 877, 163.80, 69, 70, 100, 8404, Not Active, Not Active, Not Active
2026/07/17 10:40:14.531, 1192, 877, 161.51, 69, 70, 100, 8404, Not Active, Not Active, Not Active
2026/07/17 10:40:14.582, 1192, 877, 149.50, 69, 70, 100, 8404, Not Active, Not Active, Not Active
2026/07/17 10:40:14.634, 1192, 877, 146.24, 69, 70, 100, 8404, Not Active, Not Active, Not Active
2026/07/17 10:40:14.688, 1192, 877, 158.04, 69, 70, 100, 8404, Not Active, Not Active, Not Active
2026/07/17 10:40:14.740, 1192, 877, 169.93, 69, 70, 100, 8404, Not Active, Not Active, Not Active
2026/07/17 10:40:14.792, 1192, 877, 172.69, 69, 70, 100, 8404, Not Active, Not Active, Not Active
2026/07/17 10:40:14.843, 1192, 877, 164.17, 69, 70, 100, 8404, Not Active, Not Active, Not Active
2026/07/17 10:40:14.895, 1192, 877, 172.32, 69, 70, 100, 8404, Not Active, Not Active, Not Active
2026/07/17 10:40:14.947, 1192, 877, 172.80, 69, 70, 100, 8404, Not Active, Not Active, Not Active
2026/07/17 10:40:14.999, 1192, 877, 164.39, 69, 70, 100, 8404, Not Active, Not Active, Not Active
2026/07/17 10:40:15.053, 1192, 877, 163.80, 69, 70, 100, 8404, Not Active, Not Active, Not Active
2026/07/17 10:40:15.105, 1192, 877, 159.48, 69, 70, 100, 8404, Not Active, Not Active, Not Active
2026/07/17 10:40:15.156, 1192, 877, 142.48, 69, 70, 100, 8404, Not Active, Not Active, Not Active
2026/07/17 10:40:15.208, 1192, 877, 157.18, 70, 70, 100, 8404, Not Active, Not Active, Not Active
2026/07/17 10:40:15.260, 1192, 877, 169.56, 70, 70, 100, 8404, Not Active, Not Active, Not Active
2026/07/17 10:40:15.312, 1192, 877, 173.28, 69, 70, 100, 8404, Not Active, Not Active, Not Active
2026/07/17 10:40:15.364, 1192, 877, 171.37, 69, 70, 100, 8404, Not Active, Not Active, Not Active
2026/07/17 10:40:15.416, 1192, 877, 170.29, 69, 70, 100, 8404, Not Active, Not Active, Not Active
2026/07/17 10:40:15.468, 1192, 877, 169.33, 69, 70, 100, 8404, Not Active, Not Active, Not Active
2026/07/17 10:40:15.520, 1192, 877, 164.39, 70, 70, 100, 8404, Not Active, Not Active, Not Active
2026/07/17 10:40:15.572, 1192, 877, 160.55, 70, 70, 100, 8404, Not Active, Not Active, Not Active
2026/07/17 10:40:15.623, 1192, 877, 143.83, 70, 70, 100, 8404, Not Active, Not Active, Not Active
2026/07/17 10:40:15.675, 1192, 877, 159.00, 70, 70, 100, 8404, Not Active, Not Active, Not Active
2026/07/17 10:40:15.727, 1192, 877, 167.53, 70, 71, 100, 8404, Not Active, Not Active, Not Active
2026/07/17 10:40:15.780, 1192, 877, 171.85, 69, 70, 100, 8404, Not Active, Not Active, Not Active
2026/07/17 10:40:15.832, 1192, 877, 174.72, 69, 70, 100, 8404, Not Active, Not Active, Not Active
2026/07/17 10:40:15.883, 1192, 877, 168.01, 70, 70, 100, 8404, Not Active, Not Active, Not Active
2026/07/17 10:40:15.935, 1192, 877, 164.28, 70, 70, 100, 8404, Not Active, Not Active, Not Active
2026/07/17 10:40:15.987, 1192, 877, 155.16, 70, 70, 100, 8404, Not Active, Not Active, Not Active
2026/07/17 10:40:16.039, 1192, 877, 150.46, 69, 71, 100, 8404, Not Active, Not Active, Not Active
2026/07/17 10:40:16.091, 1192, 877, 140.85, 69, 71, 100, 8404, Not Active, Not Active, Not Active
2026/07/17 10:40:16.148, 1192, 877, 150.94, 70, 70, 100, 8404, Not Active, Not Active, Not Active
2026/07/17 10:40:16.200, 1192, 877, 169.45, 70, 70, 100, 8404, Not Active, Not Active, Not Active
2026/07/17 10:40:16.251, 1192, 877, 171.00, 69, 70, 100, 8404, Not Active, Not Active, Not Active
2026/07/17 10:40:16.303, 1192, 877, 176.16, 70, 70, 100, 8404, Not Active, Not Active, Not Active
2026/07/17 10:40:16.355, 1192, 877, 171.25, 69, 70, 100, 8404, Not Active, Not Active, Not Active
2026/07/17 10:40:16.407, 1192, 877, 167.64, 69, 71, 100, 8404, Not Active, Not Active, Not Active
2026/07/17 10:40:16.458, 1192, 877, 154.30, 69, 71, 100, 8404, Not Active, Not Active, Not Active
2026/07/17 10:40:16.513, 1192, 877, 148.06, 69, 70, 100, 8404, Not Active, Not Active, Not Active
2026/07/17 10:40:16.564, 1192, 877, 154.30, 70, 70, 100, 8404, Not Active, Not Active, Not Active
2026/07/17 10:40:16.616, 1192, 877, 169.93, 70, 70, 100, 8404, Not Active, Not Active, Not Active
2026/07/17 10:40:16.668, 1192, 877, 174.24, 70, 71, 100, 8404, Not Active, Not Active, Not Active
2026/07/17 10:40:16.720, 1192, 877, 162.36, 69, 69, 100, 8404, Not Active, Not Active, Not Active
2026/07/17 10:40:16.772, 1192, 877, 166.57, 69, 70, 100, 8404, Not Active, Not Active, Not Active
2026/07/17 10:40:16.823, 1192, 877, 160.92, 70, 70, 100, 8404, Not Active, Not Active, Not Active
2026/07/17 10:40:16.875, 1192, 877, 155.26, 70, 70, 100, 8404, Not Active, Not Active, Not Active
2026/07/17 10:40:16.927, 1192, 877, 149.98, 70, 71, 100, 8404, Not Active, Not Active, Not Active
2026/07/17 10:40:16.979, 1192, 877, 168.49, 70, 70, 100, 8404, Not Active, Not Active, Not Active
2026/07/17 10:40:17.030, 1192, 877, 174.72, 70, 70, 100, 8404, Not Active, Not Active, Not Active
2026/07/17 10:40:17.082, 1192, 877, 172.32, 70, 70, 100, 8404, Not Active, Not Active, Not Active
2026/07/17 10:40:17.134, 1192, 877, 173.40, 69, 70, 100, 8404, Not Active, Not Active, Not Active
2026/07/17 10:40:17.186, 1192, 877, 114.26, 70, 70, 100, 8404, Not Active, Not Active, Not Active
2026/07/17 10:40:17.237, 1192, 877, 154.78, 69, 70, 100, 8404, Not Active, Not Active, Not Active
2026/07/17 10:40:17.291, 1192, 877, 151.04, 69, 71, 100, 8404, Not Active, Not Active, Not Active
2026/07/17 10:40:17.343, 1192, 877, 170.04, 70, 70, 100, 8404, Not Active, Not Active, Not Active
2026/07/17 10:40:17.395, 1192, 877, 178.56, 70, 70, 100, 8404, Not Active, Not Active, Not Active
2026/07/17 10:40:17.447, 1192, 877, 172.80, 70, 70, 100, 8404, Not Active, Not Active, Not Active
2026/07/17 10:40:17.499, 1192, 877, 175.09, 70, 70, 100, 8404, Not Active, Not Active, Not Active
2026/07/17 10:40:17.550, 1192, 877, 175.20, 70, 70, 100, 8404, Not Active, Not Active, Not Active
2026/07/17 10:40:17.602, 1192, 877, 162.84, 70, 70, 100, 8404, Not Active, Not Active, Not Active
2026/07/17 10:40:17.654, 1192, 877, 152.48, 70, 71, 100, 8404, Not Active, Not Active, Not Active
2026/07/17 10:40:17.706, 1192, 877, 169.56, 69, 70, 100, 8404, Not Active, Not Active, Not Active
2026/07/17 10:40:17.757, 1192, 877, 178.80, 70, 70, 100, 8404, Not Active, Not Active, Not Active
2026/07/17 10:40:17.809, 1192, 877, 174.24, 70, 70, 100, 8404, Not Active, Not Active, Not Active
2026/07/17 10:40:17.861, 1192, 877, 164.43, 70, 70, 100, 8404, Not Active, Not Active, Not Active
2026/07/17 10:40:17.913, 1192, 877, 165.50, 70, 70, 100, 8404, Not Active, Not Active, Not Active
2026/07/17 10:40:17.967, 1192, 877, 159.11, 70, 71, 100, 8404, Not Active, Not Active, Not Active
2026/07/17 10:40:18.019, 1192, 877, 143.26, 70, 71, 100, 8404, Not Active, Not Active, Not Active
2026/07/17 10:40:18.071, 1192, 877, 157.56, 70, 71, 100, 8404, Not Active, Not Active, Not Active
2026/07/17 10:40:18.122, 1192, 877, 172.92, 70, 71, 100, 8404, Not Active, Not Active, Not Active
2026/07/17 10:40:18.174, 1192, 877, 165.24, 69, 70, 100, 8404, Not Active, Not Active, Not Active
2026/07/17 10:40:18.226, 1192, 877, 172.32, 70, 70, 100, 8404, Not Active, Not Active, Not Active
2026/07/17 10:40:18.278, 1192, 877, 163.80, 70, 70, 100, 8404, Not Active, Not Active, Not Active
2026/07/17 10:40:18.329, 1192, 877, 148.16, 70, 71, 100, 8404, Not Active, Not Active, Not Active
2026/07/17 10:40:18.381, 1192, 877, 156.70, 70, 71, 100, 8404, Not Active, Not Active, Not Active
2026/07/17 10:40:18.433, 1192, 877, 171.37, 70, 71, 100, 8404, Not Active, Not Active, Not Active
2026/07/17 10:40:18.485, 1192, 877, 175.57, 70, 71, 100, 8404, Not Active, Not Active, Not Active
2026/07/17 10:40:18.536, 1192, 877, 166.94, 70, 70, 100, 8404, Not Active, Not Active, Not Active
2026/07/17 10:40:18.588, 1192, 877, 170.89, 70, 70, 100, 8404, Not Active, Not Active, Not Active
2026/07/17 10:40:18.640, 1192, 877, 115.30, 69, 71, 100, 8404, Not Active, Not Active, Not Active
2026/07/17 10:40:18.692, 1192, 877, 153.34, 70, 70, 100, 8404, Not Active, Not Active, Not Active
2026/07/17 10:40:18.746, 1192, 877, 172.92, 70, 71, 100, 8404, Not Active, Not Active, Not Active
2026/07/17 10:40:18.798, 1192, 877, 176.04, 70, 70, 100, 8404, Not Active, Not Active, Not Active
2026/07/17 10:40:18.850, 1192, 877, 169.81, 70, 70, 100, 8404, Not Active, Not Active, Not Active
2026/07/17 10:40:18.902, 1192, 877, 168.97, 70, 70, 100, 8404, Not Active, Not Active, Not Active
2026/07/17 10:40:18.953, 1192, 877, 159.11, 70, 71, 100, 8404, Not Active, Not Active, Not Active
2026/07/17 10:40:19.005, 1192, 877, 138.54, 70, 71, 100, 8404, Not Active, Not Active, Not Active
2026/07/17 10:40:19.057, 1192, 877, 161.03, 70, 71, 100, 8404, Not Active, Not Active, Not Active
2026/07/17 10:40:19.109, 1192, 877, 170.89, 70, 71, 100, 8404, Not Active, Not Active, Not Active
2026/07/17 10:40:19.160, 1192, 877, 152.28, 69, 69, 100, 8404, Not Active, Not Active, Not Active
2026/07/17 10:40:19.212, 1192, 877, 162.36, 70, 70, 100, 8404, Not Active, Not Active, Not Active
2026/07/17 10:40:19.264, 1192, 877, 150.84, 70, 71, 100, 8404, Not Active, Not Active, Not Active
2026/07/17 10:40:19.317, 1192, 877, 148.64, 70, 71, 100, 8404, Not Active, Not Active, Not Active
2026/07/17 10:40:19.369, 1192, 877, 160.44, 70, 71, 100, 8404, Not Active, Not Active, Not Active
2026/07/17 10:40:19.425, 1192, 877, 172.32, 70, 71, 100, 8404, Not Active, Not Active, Not Active
2026/07/17 10:40:19.477, 1192, 877, 171.85, 70, 71, 100, 8404, Not Active, Not Active, Not Active
2026/07/17 10:40:19.529, 1192, 877, 169.81, 70, 71, 100, 8404, Not Active, Not Active, Not Active
2026/07/17 10:40:19.580, 1192, 877, 163.21, 70, 71, 100, 8404, Not Active, Not Active, Not Active
2026/07/17 10:40:19.632, 1192, 877, 148.26, 70, 71, 100, 8404, Not Active, Not Active, Not Active
2026/07/17 10:40:19.685, 1192, 877, 166.20, 70, 70, 100, 8404, Not Active, Not Active, Not Active
2026/07/17 10:40:19.737, 1192, 877, 177.48, 70, 71, 100, 8404, Not Active, Not Active, Not Active
2026/07/17 10:40:19.788, 1192, 877, 172.21, 70, 71, 100, 8404, Not Active, Not Active, Not Active
2026/07/17 10:40:19.840, 1192, 877, 170.89, 70, 71, 100, 8404, Not Active, Not Active, Not Active
2026/07/17 10:40:19.892, 1192, 877, 159.96, 70, 71, 100, 8404, Not Active, Not Active, Not Active
2026/07/17 10:40:19.944, 1192, 877, 139.51, 70, 71, 100, 8404, Not Active, Not Active, Not Active
2026/07/17 10:40:19.996, 1192, 877, 158.04, 70, 71, 100, 8404, Not Active, Not Active, Not Active
2026/07/17 10:40:20.050, 1192, 877, 170.41, 70, 71, 100, 8404, Not Active, Not Active, Not Active
2026/07/17 10:40:20.102, 1192, 877, 173.40, 70, 71, 100, 8404, Not Active, Not Active, Not Active
2026/07/17 10:40:20.154, 1192, 877, 132.38, 70, 70, 100, 8404, Not Active, Not Active, Not Active
2026/07/17 10:40:20.206, 1192, 877, 148.06, 70, 71, 100, 8404, Not Active, Not Active, Not Active
2026/07/17 10:40:20.258, 1192, 877, 149.60, 70, 71, 100, 8404, Not Active, Not Active, Not Active
2026/07/17 10:40:20.311, 1192, 877, 170.89, 70, 71, 100, 8404, Not Active, Not Active, Not Active
2026/07/17 10:40:20.362, 1192, 877, 172.21, 70, 71, 100, 8404, Not Active, Not Active, Not Active
2026/07/17 10:40:20.414, 1192, 877, 174.01, 70, 71, 100, 8404, Not Active, Not Active, Not Active
2026/07/17 10:40:20.466, 1192, 877, 164.87, 70, 71, 100, 8404, Not Active, Not Active, Not Active
2026/07/17 10:40:20.518, 1192, 877, 157.77, 70, 71, 100, 8404, Not Active, Not Active, Not Active
2026/07/17 10:40:20.571, 1192, 877, 143.35, 70, 71, 100, 8404, Not Active, Not Active, Not Active
2026/07/17 10:40:20.623, 1192, 877, 167.64, 70, 71, 100, 8404, Not Active, Not Active, Not Active
2026/07/17 10:40:20.675, 1192, 877, 159.00, 70, 69, 100, 8404, Not Active, Not Active, Not Active
2026/07/17 10:40:20.727, 1192, 877, 164.65, 70, 70, 100, 8404, Not Active, Not Active, Not Active
2026/07/17 10:40:20.779, 1192, 877, 154.41, 70, 71, 100, 8404, Not Active, Not Active, Not Active
2026/07/17 10:40:20.833, 1192, 877, 144.31, 70, 71, 100, 8404, Not Active, Not Active, Not Active
2026/07/17 10:40:20.885, 1192, 877, 169.45, 70, 71, 100, 8404, Not Active, Not Active, Not Active
2026/07/17 10:40:20.936, 1192, 877, 179.88, 70, 71, 100, 8404, Not Active, Not Active, Not Active
2026/07/17 10:40:20.988, 1192, 877, 171.96, 70, 71, 100, 8404, Not Active, Not Active, Not Active
2026/07/17 10:40:21.040, 1192, 877, 166.94, 70, 71, 100, 8404, Not Active, Not Active, Not Active
2026/07/17 10:40:21.094, 1192, 877, 152.48, 70, 71, 100, 8404, Not Active, Not Active, Not Active
2026/07/17 10:40:21.146, 1192, 877, 141.91, 70, 71, 100, 8404, Not Active, Not Active, Not Active
2026/07/17 10:40:21.197, 1192, 877, 170.29, 70, 70, 100, 8404, Not Active, Not Active, Not Active
2026/07/17 10:40:21.249, 1192, 877, 173.65, 70, 71, 100, 8404, Not Active, Not Active, Not Active
2026/07/17 10:40:21.301, 1192, 877, 164.87, 70, 71, 100, 8404, Not Active, Not Active, Not Active
2026/07/17 10:40:21.355, 1192, 877, 156.70, 70, 71, 100, 8404, Not Active, Not Active, Not Active
2026/07/17 10:40:21.407, 1192, 877, 150.46, 70, 71, 100, 8404, Not Active, Not Active, Not Active
2026/07/17 10:40:21.458, 1192, 877, 172.32, 70, 71, 100, 8404, Not Active, Not Active, Not Active
2026/07/17 10:40:21.510, 1192, 877, 169.45, 70, 71, 100, 8404, Not Active, Not Active, Not Active
2026/07/17 10:40:21.562, 1192, 877, 176.64, 70, 71, 100, 8404, Not Active, Not Active, Not Active
2026/07/17 10:40:21.616, 1192, 877, 160.92, 70, 71, 100, 8404, Not Active, Not Active, Not Active
2026/07/17 10:40:21.668, 1192, 877, 143.35, 70, 71, 100, 8404, Not Active, Not Active, Not Active
2026/07/17 10:40:21.720, 1192, 877, 168.97, 70, 70, 100, 8404, Not Active, Not Active, Not Active
2026/07/17 10:40:21.772, 1192, 877, 177.00, 70, 71, 100, 8404, Not Active, Not Active, Not Active
2026/07/17 10:40:21.823, 1192, 877, 168.85, 70, 71, 100, 8404, Not Active, Not Active, Not Active
2026/07/17 10:40:21.878, 1192, 877, 164.65, 70, 71, 100, 8404, Not Active, Not Active, Not Active
2026/07/17 10:40:21.930, 1192, 877, 136.71, 70, 72, 100, 8404, Not Active, Not Active, Not Active
2026/07/17 10:40:21.981, 1192, 877, 166.20, 70, 71, 100, 8404, Not Active, Not Active, Not Active
2026/07/17 10:40:22.035, 1192, 877, 177.60, 70, 71, 100, 8404, Not Active, Not Active, Not Active
2026/07/17 10:40:22.087, 1192, 877, 176.04, 70, 71, 100, 8404, Not Active, Not Active, Not Active
2026/07/17 10:40:22.139, 1192, 877, 171.85, 70, 72, 100, 8404, Not Active, Not Active, Not Active
2026/07/17 10:40:22.191, 1192, 877, 141.62, 70, 71, 100, 8404, Not Active, Not Active, Not Active
2026/07/17 10:40:22.243, 1192, 877, 166.68, 70, 70, 100, 8404, Not Active, Not Active, Not Active
2026/07/17 10:40:22.296, 1192, 877, 172.21, 70, 71, 100, 8404, Not Active, Not Active, Not Active
2026/07/17 10:40:22.347, 1192, 877, 176.28, 70, 71, 100, 8404, Not Active, Not Active, Not Active
2026/07/17 10:40:22.400, 1192, 877, 165.72, 70, 71, 100, 8404, Not Active, Not Active, Not Active
2026/07/17 10:40:22.452, 1192, 877, 136.23, 70, 71, 100, 8404, Not Active, Not Active, Not Active
2026/07/17 10:40:22.503, 1192, 877, 166.57, 70, 71, 100, 8404, Not Active, Not Active, Not Active
2026/07/17 10:40:22.555, 1192, 877, 180.48, 70, 71, 100, 8404, Not Active, Not Active, Not Active
2026/07/17 10:40:22.607, 1192, 877, 170.41, 70, 71, 100, 8404, Not Active, Not Active, Not Active
2026/07/17 10:40:22.661, 1192, 877, 172.32, 70, 72, 100, 8404, Not Active, Not Active, Not Active
2026/07/17 10:40:22.713, 1192, 877, 143.35, 70, 71, 100, 8404, Not Active, Not Active, Not Active
2026/07/17 10:40:22.766, 1192, 877, 166.57, 70, 71, 100, 8404, Not Active, Not Active, Not Active
2026/07/17 10:40:22.818, 1192, 877, 173.28, 70, 71, 100, 8404, Not Active, Not Active, Not Active
2026/07/17 10:40:22.870, 1192, 877, 168.97, 70, 71, 100, 8404, Not Active, Not Active, Not Active
2026/07/17 10:40:22.922, 1192, 877, 161.03, 70, 71, 100, 8404, Not Active, Not Active, Not Active
2026/07/17 10:40:22.974, 1192, 877, 140.95, 70, 71, 100, 8404, Not Active, Not Active, Not Active
2026/07/17 10:40:23.025, 1192, 877, 167.05, 70, 71, 100, 8404, Not Active, Not Active, Not Active
2026/07/17 10:40:23.077, 1192, 877, 177.96, 70, 71, 100, 8404, Not Active, Not Active, Not Active
2026/07/17 10:40:23.129, 1192, 877, 172.21, 70, 71, 100, 8404, Not Active, Not Active, Not Active
2026/07/17 10:40:23.183, 1192, 877, 163.58, 70, 71, 100, 8404, Not Active, Not Active, Not Active
2026/07/17 10:40:23.234, 1192, 877, 136.23, 70, 72, 100, 8404, Not Active, Not Active, Not Active
2026/07/17 10:40:23.286, 1192, 877, 172.80, 70, 70, 100, 8404, Not Active, Not Active, Not Active
2026/07/17 10:40:23.339, 1192, 877, 175.20, 70, 71, 100, 8404, Not Active, Not Active, Not Active
2026/07/17 10:40:23.391, 1192, 877, 162.95, 70, 72, 100, 8404, Not Active, Not Active, Not Active
2026/07/17 10:40:23.443, 1192, 877, 136.23, 70, 72, 100, 8404, Not Active, Not Active, Not Active
2026/07/17 10:40:23.495, 1192, 877, 166.68, 70, 71, 100, 8404, Not Active, Not Active, Not Active
2026/07/17 10:40:23.547, 1192, 877, 177.48, 70, 71, 100, 8404, Not Active, Not Active, Not Active
2026/07/17 10:40:23.599, 1192, 877, 175.80, 70, 71, 100, 8404, Not Active, Not Active, Not Active
2026/07/17 10:40:23.650, 1192, 877, 160.33, 70, 71, 100, 8404, Not Active, Not Active, Not Active
2026/07/17 10:40:23.704, 1192, 877, 142.87, 70, 72, 100, 8404, Not Active, Not Active, Not Active
2026/07/17 10:40:23.756, 1192, 877, 161.03, 70, 71, 100, 8404, Not Active, Not Active, Not Active
2026/07/17 10:40:23.808, 1192, 877, 162.36, 70, 70, 100, 8404, Not Active, Not Active, Not Active
2026/07/17 10:40:23.860, 1192, 877, 165.35, 70, 71, 100, 8404, Not Active, Not Active, Not Active
2026/07/17 10:40:23.911, 1192, 877, 141.43, 70, 71, 100, 8404, Not Active, Not Active, Not Active
2026/07/17 10:40:23.965, 1192, 877, 158.15, 70, 71, 100, 8404, Not Active, Not Active, Not Active
2026/07/17 10:40:24.016, 1192, 877, 173.17, 70, 71, 100, 8404, Not Active, Not Active, Not Active
2026/07/17 10:40:24.068, 1192, 877, 168.60, 70, 71, 100, 8404, Not Active, Not Active, Not Active
2026/07/17 10:40:24.120, 1192, 877, 162.47, 70, 71, 100, 8404, Not Active, Not Active, Not Active
2026/07/17 10:40:24.172, 1192, 877, 143.74, 70, 72, 100, 8404, Not Active, Not Active, Not Active
2026/07/17 10:40:24.225, 1192, 877, 162.36, 70, 72, 100, 8404, Not Active, Not Active, Not Active
2026/07/17 10:40:24.277, 1192, 877, 177.60, 70, 71, 100, 8404, Not Active, Not Active, Not Active
2026/07/17 10:40:24.329, 1192, 877, 136.23, 70, 70, 100, 8404, Not Active, Not Active, Not Active
2026/07/17 10:40:24.381, 1192, 877, 138.54, 70, 71, 100, 8404, Not Active, Not Active, Not Active
2026/07/17 10:40:24.432, 1192, 877, 159.48, 70, 71, 100, 8404, Not Active, Not Active, Not Active
2026/07/17 10:40:24.487, 1192, 877, 172.21, 70, 71, 100, 8404, Not Active, Not Active, Not Active
2026/07/17 10:40:24.539, 1192, 877, 167.05, 70, 71, 100, 8404, Not Active, Not Active, Not Active
2026/07/17 10:40:24.591, 1192, 877, 163.32, 70, 71, 100, 8404, Not Active, Not Active, Not Active
2026/07/17 10:40:24.644, 1192, 877, 141.04, 70, 72, 100, 8404, Not Active, Not Active, Not Active
2026/07/17 10:40:24.696, 1192, 877, 167.16, 70, 71, 100, 8404, Not Active, Not Active, Not Active
2026/07/17 10:40:24.749, 1192, 877, 174.97, 70, 71, 100, 8404, Not Active, Not Active, Not Active
2026/07/17 10:40:24.801, 1192, 877, 176.04, 70, 71, 100, 8404, Not Active, Not Active, Not Active
2026/07/17 10:40:24.852, 1192, 877, 110.07, 70, 72, 100, 8404, Not Active, Not Active, Not Active
2026/07/17 10:40:24.905, 1192, 877, 164.28, 70, 71, 100, 8404, Not Active, Not Active, Not Active
2026/07/17 10:40:24.957, 1192, 877, 173.65, 70, 71, 100, 8404, Not Active, Not Active, Not Active
2026/07/17 10:40:25.010, 1192, 877, 171.25, 70, 71, 100, 8404, Not Active, Not Active, Not Active
2026/07/17 10:40:25.062, 1192, 877, 155.26, 70, 72, 100, 8404, Not Active, Not Active, Not Active
2026/07/17 10:40:25.113, 1192, 877, 145.75, 70, 71, 100, 8404, Not Active, Not Active, Not Active
2026/07/17 10:40:25.165, 1192, 877, 169.93, 70, 71, 100, 8404, Not Active, Not Active, Not Active
2026/07/17 10:40:25.217, 1192, 877, 176.64, 70, 71, 100, 8404, Not Active, Not Active, Not Active
2026/07/17 10:40:25.271, 1192, 877, 170.29, 70, 71, 100, 8404, Not Active, Not Active, Not Active
2026/07/17 10:40:25.323, 1192, 877, 148.06, 70, 72, 100, 8404, Not Active, Not Active, Not Active
2026/07/17 10:40:25.375, 1192, 877, 157.66, 70, 72, 100, 8404, Not Active, Not Active, Not Active
2026/07/17 10:40:25.427, 1192, 877, 161.29, 70, 70, 100, 8404, Not Active, Not Active, Not Active
2026/07/17 10:40:25.478, 1192, 877, 160.44, 70, 71, 100, 8404, Not Active, Not Active, Not Active
2026/07/17 10:40:25.531, 1192, 877, 134.79, 70, 72, 100, 8404, Not Active, Not Active, Not Active
2026/07/17 10:40:25.583, 1192, 877, 167.64, 70, 71, 100, 8404, Not Active, Not Active, Not Active
2026/07/17 10:40:25.635, 1192, 877, 174.01, 70, 71, 100, 8404, Not Active, Not Active, Not Active
2026/07/17 10:40:25.687, 1192, 877, 166.94, 70, 71, 100, 8404, Not Active, Not Active, Not Active
2026/07/17 10:40:25.738, 1192, 877, 155.37, 70, 72, 100, 8404, Not Active, Not Active, Not Active
2026/07/17 10:40:25.791, 1192, 877, 150.08, 70, 71, 100, 8404, Not Active, Not Active, Not Active
2026/07/17 10:40:25.843, 1192, 877, 170.89, 70, 71, 100, 8404, Not Active, Not Active, Not Active
2026/07/17 10:40:25.895, 1192, 877, 172.32, 70, 71, 100, 8404, Not Active, Not Active, Not Active
2026/07/17 10:40:25.947, 1192, 877, 99.94, 70, 72, 100, 8404, Not Active, Not Active, Not Active
2026/07/17 10:40:25.999, 1192, 877, 159.11, 70, 71, 100, 8404, Not Active, Not Active, Not Active
2026/07/17 10:40:26.053, 1192, 877, 174.49, 70, 71, 100, 8404, Not Active, Not Active, Not Active
2026/07/17 10:40:26.105, 1192, 877, 176.16, 70, 71, 100, 8404, Not Active, Not Active, Not Active
2026/07/17 10:40:26.157, 1192, 877, 155.06, 70, 71, 100, 8404, Not Active, Not Active, Not Active
2026/07/17 10:40:26.208, 1192, 877, 144.31, 70, 71, 100, 8404, Not Active, Not Active, Not Active
2026/07/17 10:40:26.260, 1192, 877, 168.49, 70, 71, 100, 8404, Not Active, Not Active, Not Active
2026/07/17 10:40:26.315, 1192, 877, 179.04, 70, 71, 100, 8404, Not Active, Not Active, Not Active
2026/07/17 10:40:26.366, 1192, 877, 167.64, 70, 71, 100, 8404, Not Active, Not Active, Not Active
2026/07/17 10:40:26.418, 1192, 877, 135.18, 70, 72, 100, 8404, Not Active, Not Active, Not Active
2026/07/17 10:40:26.470, 1192, 877, 164.17, 70, 71, 100, 8404, Not Active, Not Active, Not Active
2026/07/17 10:40:26.521, 1192, 877, 163.80, 70, 70, 100, 8404, Not Active, Not Active, Not Active
2026/07/17 10:40:26.575, 1192, 877, 160.07, 70, 71, 100, 8404, Not Active, Not Active, Not Active
2026/07/17 10:40:26.626, 1192, 877, 142.87, 70, 71, 100, 8404, Not Active, Not Active, Not Active
2026/07/17 10:40:26.678, 1192, 877, 171.37, 70, 71, 100, 8404, Not Active, Not Active, Not Active
2026/07/17 10:40:26.730, 1192, 877, 174.61, 70, 71, 100, 8404, Not Active, Not Active, Not Active
2026/07/17 10:40:26.781, 1192, 877, 167.90, 70, 71, 100, 8404, Not Active, Not Active, Not Active
2026/07/17 10:40:26.836, 1192, 877, 135.18, 70, 72, 100, 8404, Not Active, Not Active, Not Active
2026/07/17 10:40:26.888, 1192, 877, 165.61, 70, 71, 100, 8404, Not Active, Not Active, Not Active
2026/07/17 10:40:26.939, 1192, 877, 178.44, 70, 71, 100, 8404, Not Active, Not Active, Not Active
2026/07/17 10:40:26.991, 1192, 877, 169.45, 70, 71, 100, 8404, Not Active, Not Active, Not Active
2026/07/17 10:40:27.043, 1192, 877, 149.02, 70, 71, 100, 8404, Not Active, Not Active, Not Active
2026/07/17 10:40:27.097, 1192, 877, 170.04, 70, 71, 100, 8404, Not Active, Not Active, Not Active
2026/07/17 10:40:27.149, 1192, 877, 170.89, 70, 71, 100, 8404, Not Active, Not Active, Not Active
2026/07/17 10:40:27.201, 1192, 877, 164.17, 70, 72, 100, 8404, Not Active, Not Active, Not Active
2026/07/17 10:40:27.253, 1192, 877, 137.58, 70, 72, 100, 8404, Not Active, Not Active, Not Active
2026/07/17 10:40:27.304, 1192, 877, 167.64, 70, 71, 100, 8404, Not Active, Not Active, Not Active
2026/07/17 10:40:27.358, 1192, 877, 171.85, 70, 71, 100, 8404, Not Active, Not Active, Not Active
2026/07/17 10:40:27.410, 1192, 877, 167.05, 70, 71, 100, 8404, Not Active, Not Active, Not Active
2026/07/17 10:40:27.462, 1192, 877, 132.87, 70, 72, 100, 8404, Not Active, Not Active, Not Active
2026/07/17 10:40:27.513, 1192, 877, 167.64, 70, 71, 100, 8404, Not Active, Not Active, Not Active
2026/07/17 10:40:27.565, 1192, 877, 174.24, 70, 71, 100, 8404, Not Active, Not Active, Not Active
2026/07/17 10:40:27.619, 1192, 877, 90.78, 70, 71, 100, 8404, Not Active, Not Active, Not Active
2026/07/17 10:40:27.671, 1192, 877, 155.26, 70, 71, 100, 8404, Not Active, Not Active, Not Active
2026/07/17 10:40:27.723, 1192, 877, 174.72, 70, 71, 100, 8404, Not Active, Not Active, Not Active
2026/07/17 10:40:27.774, 1192, 877, 171.37, 70, 71, 100, 8404, Not Active, Not Active, Not Active
2026/07/17 10:40:27.826, 1192, 877, 150.84, 70, 72, 100, 8404, Not Active, Not Active, Not Active
2026/07/17 10:40:27.879, 1192, 877, 149.02, 70, 72, 100, 8404, Not Active, Not Active, Not Active
2026/07/17 10:40:27.931, 1192, 877, 175.68, 70, 71, 100, 8404, Not Active, Not Active, Not Active
2026/07/17 10:40:27.982, 1192, 877, 175.09, 70, 71, 100, 8404, Not Active, Not Active, Not Active
2026/07/17 10:40:28.034, 1192, 877, 146.62, 70, 71, 100, 8404, Not Active, Not Active, Not Active
2026/07/17 10:40:28.086, 1192, 877, 150.56, 70, 72, 100, 8404, Not Active, Not Active, Not Active
2026/07/17 10:40:28.138, 1192, 877, 171.25, 70, 72, 100, 8404, Not Active, Not Active, Not Active
2026/07/17 10:40:28.190, 1192, 877, 127.09, 70, 71, 100, 8404, Not Active, Not Active, Not Active
2026/07/17 10:40:28.242, 1192, 877, 139.99, 70, 72, 100, 8404, Not Active, Not Active, Not Active
2026/07/17 10:40:28.293, 1192, 877, 169.45, 70, 71, 100, 8404, Not Active, Not Active, Not Active
2026/07/17 10:40:28.345, 1192, 877, 172.21, 70, 71, 100, 8404, Not Active, Not Active, Not Active
2026/07/17 10:40:28.397, 1192, 877, 163.80, 70, 71, 100, 8404, Not Active, Not Active, Not Active
2026/07/17 10:40:28.449, 1192, 877, 142.39, 70, 72, 100, 8404, Not Active, Not Active, Not Active
2026/07/17 10:40:28.501, 1192, 877, 169.56, 70, 71, 100, 8404, Not Active, Not Active, Not Active
2026/07/17 10:40:28.553, 1192, 877, 169.33, 70, 71, 100, 8404, Not Active, Not Active, Not Active
2026/07/17 10:40:28.605, 1192, 877, 165.61, 70, 71, 100, 8404, Not Active, Not Active, Not Active
2026/07/17 10:40:28.658, 1192, 877, 138.16, 70, 72, 100, 8404, Not Active, Not Active, Not Active
2026/07/17 10:40:28.710, 1192, 877, 169.56, 70, 72, 100, 8404, Not Active, Not Active, Not Active
2026/07/17 10:40:28.763, 1192, 877, 147.10, 70, 70, 100, 8404, Not Active, Not Active, Not Active
2026/07/17 10:40:28.815, 1192, 877, 136.71, 70, 72, 100, 8404, Not Active, Not Active, Not Active
2026/07/17 10:40:28.867, 1192, 877, 165.72, 70, 71, 100, 8404, Not Active, Not Active, Not Active
2026/07/17 10:40:28.919, 1192, 877, 174.24, 70, 71, 100, 8404, Not Active, Not Active, Not Active
2026/07/17 10:40:28.970, 1192, 877, 171.85, 70, 71, 100, 8404, Not Active, Not Active, Not Active
2026/07/17 10:40:29.024, 1192, 877, 135.36, 70, 72, 100, 8404, Not Active, Not Active, Not Active
2026/07/17 10:40:29.076, 1192, 877, 167.16, 70, 71, 100, 8404, Not Active, Not Active, Not Active
2026/07/17 10:40:29.128, 1192, 877, 170.29, 70, 71, 100, 8404, Not Active, Not Active, Not Active
2026/07/17 10:40:29.179, 1192, 877, 167.64, 70, 71, 100, 8404, Not Active, Not Active, Not Active
2026/07/17 10:40:29.231, 1192, 877, 133.43, 70, 72, 100, 8404, Not Active, Not Active, Not Active
2026/07/17 10:40:29.285, 1192, 877, 166.68, 70, 71, 100, 8404, Not Active, Not Active, Not Active
2026/07/17 10:40:29.337, 1192, 877, 144.70, 70, 70, 100, 8404, Not Active, Not Active, Not Active
2026/07/17 10:40:29.388, 1192, 877, 139.02, 70, 72, 100, 8404, Not Active, Not Active, Not Active
2026/07/17 10:40:29.440, 1192, 877, 165.24, 70, 72, 100, 8404, Not Active, Not Active, Not Active
2026/07/17 10:40:29.492, 1192, 877, 175.09, 70, 71, 100, 8404, Not Active, Not Active, Not Active
2026/07/17 10:40:29.547, 1192, 877, 171.48, 70, 71, 100, 8404, Not Active, Not Active, Not Active
2026/07/17 10:40:29.599, 1192, 877, 136.71, 70, 72, 100, 8404, Not Active, Not Active, Not Active
2026/07/17 10:40:29.650, 1192, 877, 166.09, 70, 72, 100, 8404, Not Active, Not Active, Not Active
2026/07/17 10:40:29.702, 1192, 877, 171.85, 70, 71, 100, 8404, Not Active, Not Active, Not Active
2026/07/17 10:40:29.754, 1192, 877, 163.21, 70, 71, 100, 8404, Not Active, Not Active, Not Active
2026/07/17 10:40:29.807, 1192, 877, 133.35, 71, 72, 100, 8404, Not Active, Not Active, Not Active
2026/07/17 10:40:29.859, 1192, 877, 167.05, 70, 71, 100, 8404, Not Active, Not Active, Not Active
2026/07/17 10:40:29.911, 1192, 877, 61.53, 70, 70, 100, 354, Not Active, Not Active, Not Active
2026/07/17 10:40:29.963, 1192, 877, 47.57, 68, 70, 100, 354, Not Active, Not Active, Not Active
2026/07/17 10:40:30.015, 1192, 877, 47.08, 68, 68, 99, 354, Not Active, Not Active, Not Active
