timestamp,graphics_clock_mhz,memory_clock_mhz,power_w,gpu_temperature_c,memory_temperature_c,gpu_util_pct,memory_used_mib,sw_power_cap,sw_thermal_slowdown,hw_thermal_slowdown
2026/07/17 10:45:11.092, 1192, 877, 35.97, 50, 49, 0, 6, Not Active, Not Active, Not Active
2026/07/17 10:45:11.144, 1192, 877, 35.97, 50, 49, 0, 8, Not Active, Not Active, Not Active
2026/07/17 10:45:11.196, 1192, 877, 35.97, 50, 49, 0, 8, Not Active, Not Active, Not Active
2026/07/17 10:45:11.247, 1192, 877, 35.97, 50, 49, 0, 316, Not Active, Not Active, Not Active
2026/07/17 10:45:11.299, 1192, 877, 35.97, 50, 49, 3, 316, Not Active, Not Active, Not Active
2026/07/17 10:45:11.351, 1192, 877, 35.97, 50, 49, 3, 316, Not Active, Not Active, Not Active
2026/07/17 10:45:11.403, 1192, 877, 35.97, 50, 49, 3, 316, Not Active, Not Active, Not Active
2026/07/17 10:45:11.456, 1192, 877, 35.97, 50, 49, 0, 316, Not Active, Not Active, Not Active
2026/07/17 10:45:11.507, 1192, 877, 36.46, 50, 49, 0, 11402, Not Active, Not Active, Not Active
2026/07/17 10:45:11.560, 1192, 877, 36.46, 50, 49, 0, 11402, Not Active, Not Active, Not Active
2026/07/17 10:45:11.612, 1192, 877, 36.46, 50, 49, 72, 11402, Not Active, Not Active, Not Active
2026/07/17 10:45:11.666, 1192, 877, 36.46, 50, 49, 72, 11402, Not Active, Not Active, Not Active
2026/07/17 10:45:11.719, 1192, 877, 36.46, 50, 49, 72, 11402, Not Active, Not Active, Not Active
2026/07/17 10:45:11.771, 1192, 877, 36.46, 50, 49, 72, 11402, Not Active, Not Active, Not Active
2026/07/17 10:45:11.824, 1192, 877, 36.46, 50, 49, 100, 11402, Not Active, Not Active, Not Active
2026/07/17 10:45:11.876, 1192, 877, 36.46, 50, 49, 100, 11402, Not Active, Not Active, Not Active
2026/07/17 10:45:11.929, 1192, 877, 36.46, 50, 49, 100, 11402, Not Active, Not Active, Not Active
2026/07/17 10:45:11.981, 1192, 877, 36.46, 50, 49, 99, 11402, Not Active, Not Active, Not Active
2026/07/17 10:45:12.034, 1192, 877, 36.46, 50, 49, 99, 11402, Not Active, Not Active, Not Active
2026/07/17 10:45:12.087, 1192, 877, 36.46, 50, 49, 99, 11402, Not Active, Not Active, Not Active
2026/07/17 10:45:12.140, 1192, 877, 36.46, 50, 49, 99, 11402, Not Active, Not Active, Not Active
2026/07/17 10:45:12.192, 1192, 877, 36.46, 50, 49, 99, 11402, Not Active, Not Active, Not Active
2026/07/17 10:45:12.245, 1192, 877, 36.46, 50, 49, 99, 11402, Not Active, Not Active, Not Active
2026/07/17 10:45:12.297, 1192, 877, 36.46, 50, 49, 99, 11402, Not Active, Not Active, Not Active
2026/07/17 10:45:12.350, 1192, 877, 36.46, 50, 49, 99, 11402, Not Active, Not Active, Not Active
2026/07/17 10:45:12.402, 1192, 877, 36.46, 50, 49, 99, 11402, Not Active, Not Active, Not Active
2026/07/17 10:45:12.455, 1192, 877, 36.46, 50, 49, 99, 11402, Not Active, Not Active, Not Active
2026/07/17 10:45:12.509, 1192, 877, 36.46, 50, 49, 99, 11402, Not Active, Not Active, Not Active
2026/07/17 10:45:12.561, 1192, 877, 36.46, 50, 49, 99, 11402, Not Active, Not Active, Not Active
2026/07/17 10:45:12.614, 1192, 877, 36.46, 50, 49, 99, 11402, Not Active, Not Active, Not Active
2026/07/17 10:45:12.666, 1192, 877, 36.46, 50, 49, 99, 11402, Not Active, Not Active, Not Active
2026/07/17 10:45:12.719, 1192, 877, 36.46, 50, 49, 99, 11402, Not Active, Not Active, Not Active
2026/07/17 10:45:12.771, 1192, 877, 36.46, 50, 49, 99, 11402, Not Active, Not Active, Not Active
2026/07/17 10:45:12.824, 1192, 877, 36.46, 50, 49, 99, 11402, Not Active, Not Active, Not Active
2026/07/17 10:45:12.876, 1192, 877, 36.46, 50, 49, 99, 11402, Not Active, Not Active, Not Active
2026/07/17 10:45:12.930, 1192, 877, 36.46, 50, 49, 99, 11402, Not Active, Not Active, Not Active
2026/07/17 10:45:12.983, 1192, 877, 36.46, 50, 49, 99, 11402, Not Active, Not Active, Not Active
2026/07/17 10:45:13.035, 1192, 877, 36.46, 50, 49, 99, 11402, Not Active, Not Active, Not Active
2026/07/17 10:45:13.088, 1192, 877, 36.46, 50, 49, 99, 11402, Not Active, Not Active, Not Active
2026/07/17 10:45:13.140, 1192, 877, 36.46, 50, 49, 99, 11402, Not Active, Not Active, Not Active
2026/07/17 10:45:13.192, 1192, 877, 36.46, 50, 49, 99, 11402, Not Active, Not Active, Not Active
2026/07/17 10:45:13.245, 1192, 877, 36.46, 50, 49, 99, 11402, Not Active, Not Active, Not Active
2026/07/17 10:45:13.297, 1192, 877, 36.46, 50, 49, 99, 11402, Not Active, Not Active, Not Active
2026/07/17 10:45:13.351, 1192, 877, 36.46, 50, 49, 99, 11402, Not Active, Not Active, Not Active
2026/07/17 10:45:13.404, 1192, 877, 36.46, 50, 49, 99, 11402, Not Active, Not Active, Not Active
2026/07/17 10:45:13.456, 1192, 877, 36.46, 50, 48, 99, 11402, Not Active, Not Active, Not Active
2026/07/17 10:45:13.509, 1192, 877, 36.46, 50, 49, 99, 11402, Not Active, Not Active, Not Active
2026/07/17 10:45:13.562, 1192, 877, 36.46, 50, 49, 99, 11402, Not Active, Not Active, Not Active
2026/07/17 10:45:13.614, 1192, 877, 36.46, 50, 48, 99, 11402, Not Active, Not Active, Not Active
2026/07/17 10:45:13.667, 1192, 877, 36.46, 50, 49, 99, 11402, Not Active, Not Active, Not Active
2026/07/17 10:45:13.720, 1192, 877, 36.46, 50, 49, 99, 11402, Not Active, Not Active, Not Active
2026/07/17 10:45:13.773, 1192, 877, 36.46, 50, 49, 99, 11402, Not Active, Not Active, Not Active
2026/07/17 10:45:13.826, 1192, 877, 36.46, 50, 49, 99, 11402, Not Active, Not Active, Not Active
2026/07/17 10:45:13.878, 1192, 877, 36.46, 50, 49, 99, 11402, Not Active, Not Active, Not Active
2026/07/17 10:45:13.931, 1192, 877, 36.46, 50, 49, 99, 11402, Not Active, Not Active, Not Active
2026/07/17 10:45:13.983, 1192, 877, 36.46, 50, 49, 99, 11402, Not Active, Not Active, Not Active
2026/07/17 10:45:14.036, 1192, 877, 36.46, 50, 48, 99, 11402, Not Active, Not Active, Not Active
2026/07/17 10:45:14.088, 1192, 877, 36.46, 50, 49, 99, 11402, Not Active, Not Active, Not Active
2026/07/17 10:45:14.141, 1192, 877, 36.46, 50, 48, 99, 11402, Not Active, Not Active, Not Active
2026/07/17 10:45:14.195, 1192, 877, 36.46, 50, 49, 99, 11402, Not Active, Not Active, Not Active
2026/07/17 10:45:14.247, 1192, 877, 36.46, 50, 48, 99, 11402, Not Active, Not Active, Not Active
2026/07/17 10:45:14.299, 1192, 877, 36.46, 50, 48, 99, 11402, Not Active, Not Active, Not Active
2026/07/17 10:45:14.352, 1192, 877, 36.46, 50, 48, 99, 11402, Not Active, Not Active, Not Active
2026/07/17 10:45:14.404, 1192, 877, 36.46, 50, 48, 99, 11402, Not Active, Not Active, Not Active
2026/07/17 10:45:14.457, 1192, 877, 36.46, 50, 48, 99, 11402, Not Active, Not Active, Not Active
2026/07/17 10:45:14.509, 1192, 877, 36.46, 50, 48, 99, 11402, Not Active, Not Active, Not Active
2026/07/17 10:45:14.562, 1192, 877, 36.46, 50, 48, 99, 11402, Not Active, Not Active, Not Active
2026/07/17 10:45:14.615, 1192, 877, 36.46, 50, 48, 99, 11402, Not Active, Not Active, Not Active
2026/07/17 10:45:14.667, 1192, 877, 36.46, 50, 48, 99, 11402, Not Active, Not Active, Not Active
2026/07/17 10:45:14.720, 1192, 877, 36.46, 50, 48, 99, 11402, Not Active, Not Active, Not Active
2026/07/17 10:45:14.772, 1192, 877, 36.46, 50, 48, 99, 11402, Not Active, Not Active, Not Active
2026/07/17 10:45:14.825, 1192, 877, 36.46, 50, 49, 99, 11402, Not Active, Not Active, Not Active
2026/07/17 10:45:14.877, 1192, 877, 36.46, 50, 49, 99, 11402, Not Active, Not Active, Not Active
2026/07/17 10:45:14.930, 1192, 877, 36.46, 50, 48, 99, 11402, Not Active, Not Active, Not Active
2026/07/17 10:45:14.982, 1192, 877, 36.46, 50, 48, 99, 11402, Not Active, Not Active, Not Active
2026/07/17 10:45:15.035, 1192, 877, 36.46, 50, 48, 99, 11402, Not Active, Not Active, Not Active
2026/07/17 10:45:15.088, 1192, 877, 35.97, 50, 48, 99, 11402, Not Active, Not Active, Not Active
2026/07/17 10:45:15.140, 1192, 877, 40.33, 50, 48, 66, 14224, Not Active, Not Active, Not Active
2026/07/17 10:45:15.192, 1192, 877, 139.78, 50, 50, 66, 14342, Not Active, Not Active, Not Active
2026/07/17 10:45:15.244, 1192, 877, 194.48, 52, 52, 66, 14342, Not Active, Not Active, Not Active
2026/07/17 10:45:15.295, 1192, 877, 195.09, 53, 53, 81, 14342, Not Active, Not Active, Not Active
2026/07/17 10:45:15.347, 1192, 877, 199.75, 54, 54, 81, 14342, Not Active, Not Active, Not Active
2026/07/17 10:45:15.402, 1192, 877, 199.75, 54, 54, 81, 14342, Not Active, Not Active, Not Active
2026/07/17 10:45:15.454, 1192, 877, 200.23, 55, 54, 81, 14342, Not Active, Not Active, Not Active
2026/07/17 10:45:15.506, 1192, 877, 206.59, 55, 54, 100, 14342, Not Active, Not Active, Not Active
2026/07/17 10:45:15.563, 1192, 877, 201.80, 55, 55, 100, 14342, Not Active, Not Active, Not Active
2026/07/17 10:45:15.614, 1192, 877, 199.27, 55, 55, 100, 14342, Not Active, Not Active, Not Active
2026/07/17 10:45:15.666, 1192, 877, 198.44, 56, 55, 100, 14342, Not Active, Not Active, Not Active
2026/07/17 10:45:15.718, 1192, 877, 196.87, 56, 55, 100, 14342, Not Active, Not Active, Not Active
2026/07/17 10:45:15.770, 1192, 877, 194.48, 56, 55, 100, 14342, Not Active, Not Active, Not Active
2026/07/17 10:45:15.823, 1192, 877, 206.31, 56, 55, 100, 14342, Not Active, Not Active, Not Active
2026/07/17 10:45:15.875, 1192, 877, 201.66, 56, 56, 100, 14342, Not Active, Not Active, Not Active
2026/07/17 10:45:15.926, 1192, 877, 200.09, 56, 56, 100, 14342, Not Active, Not Active, Not Active
2026/07/17 10:45:15.979, 1192, 877, 202.75, 56, 56, 100, 14342, Not Active, Not Active, Not Active
2026/07/17 10:45:16.030, 1192, 877, 199.27, 56, 56, 100, 14342, Not Active, Not Active, Not Active
2026/07/17 10:45:16.085, 1192, 877, 201.05, 57, 56, 100, 14342, Not Active, Not Active, Not Active
2026/07/17 10:45:16.137, 1192, 877, 201.66, 57, 56, 100, 14342, Not Active, Not Active, Not Active
2026/07/17 10:45:16.189, 1192, 877, 197.83, 57, 56, 100, 14342, Not Active, Not Active, Not Active
2026/07/17 10:45:16.245, 1192, 877, 201.32, 57, 56, 100, 14342, Not Active, Not Active, Not Active
2026/07/17 10:45:16.297, 1192, 877, 200.23, 57, 57, 100, 14342, Not Active, Not Active, Not Active
2026/07/17 10:45:16.349, 1192, 877, 196.53, 57, 56, 100, 14342, Not Active, Not Active, Not Active
2026/07/17 10:45:16.401, 1192, 877, 200.23, 57, 57, 100, 14342, Not Active, Not Active, Not Active
2026/07/17 10:45:16.452, 1192, 877, 198.66, 57, 57, 100, 14342, Not Active, Not Active, Not Active
2026/07/17 10:45:16.506, 1192, 877, 196.26, 57, 57, 100, 14342, Not Active, Not Active, Not Active
2026/07/17 10:45:16.573, 1192, 877, 203.71, 57, 57, 100, 14342, Not Active, Not Active, Not Active
2026/07/17 10:45:16.629, 1192, 877, 202.14, 57, 57, 100, 14342, Not Active, Not Active, Not Active
2026/07/17 10:45:16.681, 1192, 877, 201.39, 57, 57, 100, 14342, Not Active, Not Active, Not Active
2026/07/17 10:45:16.733, 1192, 877, 199.75, 57, 57, 100, 14342, Not Active, Not Active, Not Active
2026/07/17 10:45:16.785, 1192, 877, 201.18, 58, 57, 100, 14342, Not Active, Not Active, Not Active
2026/07/17 10:45:16.837, 1192, 877, 200.84, 58, 57, 100, 14342, Not Active, Not Active, Not Active
2026/07/17 10:45:16.892, 1192, 877, 167.53, 58, 57, 100, 14342, Not Active, Not Active, Not Active
2026/07/17 10:45:16.943, 1192, 877, 198.66, 58, 57, 100, 14342, Not Active, Not Active, Not Active
2026/07/17 10:45:16.995, 1192, 877, 201.32, 58, 57, 100, 14342, Not Active, Not Active, Not Active
2026/07/17 10:45:17.051, 1192, 877, 198.79, 58, 57, 100, 14342, Not Active, Not Active, Not Active
2026/07/17 10:45:17.103, 1192, 877, 199.75, 58, 58, 100, 14342, Not Active, Not Active, Not Active
2026/07/17 10:45:17.155, 1192, 877, 200.70, 58, 58, 100, 14342, Not Active, Not Active, Not Active
2026/07/17 10:45:17.212, 1192, 877, 203.37, 58, 58, 100, 14342, Not Active, Not Active, Not Active
2026/07/17 10:45:17.264, 1192, 877, 200.36, 58, 57, 100, 14342, Not Active, Not Active, Not Active
2026/07/17 10:45:17.316, 1192, 877, 192.79, 58, 58, 99, 14342, Not Active, Not Active, Not Active
2026/07/17 10:45:17.386, 1192, 877, 191.74, 58, 57, 99, 14342, Not Active, Not Active, Not Active
2026/07/17 10:45:17.438, 1192, 877, 190.55, 58, 58, 99, 14342, Not Active, Not Active, Not Active
2026/07/17 10:45:17.490, 1192, 877, 133.74, 58, 58, 93, 14342, Not Active, Not Active, Not Active
2026/07/17 10:45:17.542, 1192, 877, 203.85, 58, 57, 93, 14342, Not Active, Not Active, Not Active
2026/07/17 10:45:17.598, 1192, 877, 198.92, 58, 58, 93, 14342, Not Active, Not Active, Not Active
2026/07/17 10:45:17.649, 1192, 877, 199.40, 58, 58, 99, 14342, Not Active, Not Active, Not Active
2026/07/17 10:45:17.701, 1192, 877, 194.96, 58, 58, 99, 14342, Not Active, Not Active, Not Active
2026/07/17 10:45:17.758, 1192, 877, 200.09, 59, 58, 99, 14342, Not Active, Not Active, Not Active
2026/07/17 10:45:17.809, 1192, 877, 199.88, 59, 58, 99, 14342, Not Active, Not Active, Not Active
2026/07/17 10:45:17.861, 1192, 877, 200.70, 59, 58, 100, 14342, Not Active, Not Active, Not Active
2026/07/17 10:45:17.914, 1192, 877, 201.66, 59, 58, 100, 14342, Not Active, Not Active, Not Active
2026/07/17 10:45:17.965, 1192, 877, 198.79, 59, 58, 100, 14342, Not Active, Not Active, Not Active
2026/07/17 10:45:18.019, 1192, 877, 203.10, 59, 58, 100, 14342, Not Active, Not Active, Not Active
2026/07/17 10:45:18.071, 1192, 877, 150.46, 59, 58, 100, 14342, Not Active, Not Active, Not Active
2026/07/17 10:45:18.123, 1192, 877, 201.87, 59, 58, 100, 14342, Not Active, Not Active, Not Active
2026/07/17 10:45:18.175, 1192, 877, 195.70, 59, 58, 100, 14342, Not Active, Not Active, Not Active
2026/07/17 10:45:18.226, 1192, 877, 201.32, 59, 59, 100, 14342, Not Active, Not Active, Not Active
2026/07/17 10:45:18.280, 1192, 877, 205.49, 59, 59, 100, 14342, Not Active, Not Active, Not Active
2026/07/17 10:45:18.332, 1192, 877, 204.40, 59, 58, 100, 14342, Not Active, Not Active, Not Active
2026/07/17 10:45:18.384, 1192, 877, 200.57, 59, 58, 100, 14342, Not Active, Not Active, Not Active
2026/07/17 10:45:18.440, 1192, 877, 202.00, 59, 59, 100, 14342, Not Active, Not Active, Not Active
2026/07/17 10:45:18.492, 1192, 877, 200.57, 59, 59, 100, 14342, Not Active, Not Active, Not Active
2026/07/17 10:45:18.544, 1192, 877, 195.44, 59, 59, 100, 14342, Not Active, Not Active, Not Active
2026/07/17 10:45:18.596, 1192, 877, 202.96, 59, 59, 100, 14342, Not Active, Not Active, Not Active
2026/07/17 10:45:18.648, 1192, 877, 191.86, 59, 59, 100, 14342, Not Active, Not Active, Not Active
2026/07/17 10:45:18.701, 1192, 877, 197.48, 59, 59, 100, 14342, Not Active, Not Active, Not Active
2026/07/17 10:45:18.753, 1192, 877, 199.61, 59, 59, 100, 14342, Not Active, Not Active, Not Active
2026/07/17 10:45:18.805, 1192, 877, 195.92, 59, 59, 100, 14342, Not Active, Not Active, Not Active
2026/07/17 10:45:18.857, 1192, 877, 200.57, 60, 59, 100, 14342, Not Active, Not Active, Not Active
2026/07/17 10:45:18.908, 1192, 877, 194.74, 60, 59, 100, 14342, Not Active, Not Active, Not Active
2026/07/17 10:45:18.962, 1192, 877, 203.92, 60, 59, 100, 14342, Not Active, Not Active, Not Active
2026/07/17 10:45:19.014, 1192, 877, 199.48, 60, 59, 100, 14342, Not Active, Not Active, Not Active
2026/07/17 10:45:19.066, 1192, 877, 195.44, 60, 59, 100, 14342, Not Active, Not Active, Not Active
2026/07/17 10:45:19.118, 1192, 877, 207.88, 60, 59, 100, 14342, Not Active, Not Active, Not Active
2026/07/17 10:45:19.170, 1192, 877, 196.74, 60, 59, 100, 14342, Not Active, Not Active, Not Active
2026/07/17 10:45:19.223, 1192, 877, 199.27, 60, 60, 100, 14342, Not Active, Not Active, Not Active
2026/07/17 10:45:19.275, 1192, 877, 194.00, 60, 59, 100, 14342, Not Active, Not Active, Not Active
2026/07/17 10:45:19.327, 1192, 877, 195.44, 60, 59, 100, 14342, Not Active, Not Active, Not Active
2026/07/17 10:45:19.379, 1192, 877, 205.97, 60, 59, 100, 14342, Not Active, Not Active, Not Active
2026/07/17 10:45:19.431, 1192, 877, 188.99, 60, 60, 100, 14342, Not Active, Not Active, Not Active
2026/07/17 10:45:19.485, 1192, 877, 203.10, 60, 60, 100, 14342, Not Active, Not Active, Not Active
2026/07/17 10:45:19.537, 1192, 877, 208.22, 60, 60, 100, 14342, Not Active, Not Active, Not Active
2026/07/17 10:45:19.588, 1192, 877, 205.97, 60, 60, 100, 14342, Not Active, Not Active, Not Active
2026/07/17 10:45:19.645, 1192, 877, 204.40, 60, 60, 100, 14342, Not Active, Not Active, Not Active
2026/07/17 10:45:19.697, 1192, 877, 198.92, 60, 60, 100, 14342, Not Active, Not Active, Not Active
2026/07/17 10:45:19.749, 1192, 877, 199.48, 60, 60, 100, 14342, Not Active, Not Active, Not Active
2026/07/17 10:45:19.801, 1192, 877, 193.17, 60, 60, 100, 14342, Not Active, Not Active, Not Active
2026/07/17 10:45:19.853, 1192, 877, 144.70, 60, 60, 100, 14342, Not Active, Not Active, Not Active
2026/07/17 10:45:19.904, 1192, 877, 201.87, 60, 59, 100, 14342, Not Active, Not Active, Not Active
2026/07/17 10:45:19.956, 1192, 877, 201.32, 61, 60, 100, 14342, Not Active, Not Active, Not Active
2026/07/17 10:45:20.008, 1192, 877, 199.75, 61, 60, 100, 14342, Not Active, Not Active, Not Active
2026/07/17 10:45:20.060, 1192, 877, 202.00, 61, 60, 100, 14342, Not Active, Not Active, Not Active
2026/07/17 10:45:20.111, 1192, 877, 197.96, 61, 60, 100, 14342, Not Active, Not Active, Not Active
2026/07/17 10:45:20.167, 1192, 877, 203.58, 61, 60, 100, 14342, Not Active, Not Active, Not Active
2026/07/17 10:45:20.219, 1192, 877, 189.82, 61, 60, 100, 14342, Not Active, Not Active, Not Active
2026/07/17 10:45:20.271, 1192, 877, 203.92, 61, 60, 100, 14342, Not Active, Not Active, Not Active
2026/07/17 10:45:20.328, 1192, 877, 204.05, 61, 60, 100, 14342, Not Active, Not Active, Not Active
2026/07/17 10:45:20.379, 1192, 877, 199.27, 61, 60, 100, 14342, Not Active, Not Active, Not Active
2026/07/17 10:45:20.431, 1192, 877, 204.67, 61, 60, 100, 14342, Not Active, Not Active, Not Active
2026/07/17 10:45:20.488, 1192, 877, 188.26, 61, 60, 100, 14342, Not Active, Not Active, Not Active
2026/07/17 10:45:20.540, 1192, 877, 200.84, 61, 60, 100, 14342, Not Active, Not Active, Not Active
2026/07/17 10:45:20.592, 1192, 877, 191.03, 61, 61, 100, 14342, Not Active, Not Active, Not Active
2026/07/17 10:45:20.648, 1192, 877, 197.57, 61, 60, 100, 14342, Not Active, Not Active, Not Active
2026/07/17 10:45:20.700, 1192, 877, 202.62, 61, 61, 100, 14342, Not Active, Not Active, Not Active
2026/07/17 10:45:20.752, 1192, 877, 194.61, 61, 61, 100, 14342, Not Active, Not Active, Not Active
2026/07/17 10:45:20.804, 1192, 877, 198.66, 61, 60, 100, 14342, Not Active, Not Active, Not Active
2026/07/17 10:45:20.856, 1192, 877, 195.70, 61, 61, 100, 14342, Not Active, Not Active, Not Active
2026/07/17 10:45:20.910, 1192, 877, 198.79, 61, 61, 100, 14342, Not Active, Not Active, Not Active
2026/07/17 10:45:20.962, 1192, 877, 202.00, 61, 61, 100, 14342, Not Active, Not Active, Not Active
2026/07/17 10:45:21.014, 1192, 877, 194.00, 61, 61, 100, 14342, Not Active, Not Active, Not Active
2026/07/17 10:45:21.070, 1192, 877, 175.09, 61, 60, 100, 14342, Not Active, Not Active, Not Active
2026/07/17 10:45:21.121, 1192, 877, 207.54, 61, 61, 100, 14342, Not Active, Not Active, Not Active
2026/07/17 10:45:21.173, 1192, 877, 194.96, 61, 61, 100, 14342, Not Active, Not Active, Not Active
2026/07/17 10:45:21.225, 1192, 877, 208.36, 61, 61, 100, 14342, Not Active, Not Active, Not Active
2026/07/17 10:45:21.277, 1192, 877, 186.95, 62, 61, 100, 14342, Not Active, Not Active, Not Active
2026/07/17 10:45:21.332, 1192, 877, 202.14, 62, 61, 100, 14342, Not Active, Not Active, Not Active
2026/07/17 10:45:21.384, 1192, 877, 201.39, 62, 61, 100, 14342, Not Active, Not Active, Not Active
2026/07/17 10:45:21.435, 1192, 877, 196.05, 62, 61, 100, 14342, Not Active, Not Active, Not Active
2026/07/17 10:45:21.492, 1192, 877, 204.05, 62, 61, 100, 14342, Not Active, Not Active, Not Active
2026/07/17 10:45:21.544, 1192, 877, 193.30, 62, 61, 100, 14342, Not Active, Not Active, Not Active
2026/07/17 10:45:21.595, 1192, 877, 202.75, 62, 61, 100, 14342, Not Active, Not Active, Not Active
2026/07/17 10:45:21.648, 1192, 877, 205.01, 62, 61, 100, 14342, Not Active, Not Active, Not Active
2026/07/17 10:45:21.699, 1192, 877, 185.03, 62, 61, 100, 14342, Not Active, Not Active, Not Active
2026/07/17 10:45:21.754, 1192, 877, 200.84, 62, 61, 100, 14342, Not Active, Not Active, Not Active
2026/07/17 10:45:21.805, 1192, 877, 204.88, 62, 61, 100, 14342, Not Active, Not Active, Not Active
2026/07/17 10:45:21.857, 1192, 877, 193.87, 62, 62, 100, 14342, Not Active, Not Active, Not Active
2026/07/17 10:45:21.914, 1192, 877, 203.10, 62, 61, 100, 14342, Not Active, Not Active, Not Active
2026/07/17 10:45:21.966, 1192, 877, 184.55, 62, 62, 100, 14342, Not Active, Not Active, Not Active
2026/07/17 10:45:22.018, 1192, 877, 199.27, 62, 61, 100, 14342, Not Active, Not Active, Not Active
2026/07/17 10:45:22.074, 1192, 877, 202.48, 62, 62, 100, 14342, Not Active, Not Active, Not Active
2026/07/17 10:45:22.126, 1192, 877, 206.45, 62, 62, 100, 14342, Not Active, Not Active, Not Active
2026/07/17 10:45:22.203, 1192, 877, 189.21, 62, 62, 100, 14342, Not Active, Not Active, Not Active
2026/07/17 10:45:22.255, 1192, 877, 201.18, 62, 61, 100, 14342, Not Active, Not Active, Not Active
2026/07/17 10:45:22.307, 1192, 877, 199.40, 62, 61, 100, 14342, Not Active, Not Active, Not Active
2026/07/17 10:45:22.361, 1192, 877, 195.70, 62, 61, 100, 14342, Not Active, Not Active, Not Active
2026/07/17 10:45:22.413, 1192, 877, 200.57, 62, 62, 100, 14342, Not Active, Not Active, Not Active
2026/07/17 10:45:22.465, 1192, 877, 190.65, 62, 62, 100, 14342, Not Active, Not Active, Not Active
2026/07/17 10:45:22.522, 1192, 877, 201.39, 62, 62, 100, 14342, Not Active, Not Active, Not Active
2026/07/17 10:45:22.574, 1192, 877, 206.11, 62, 62, 100, 14342, Not Active, Not Active, Not Active
2026/07/17 10:45:22.626, 1192, 877, 193.39, 62, 62, 100, 14342, Not Active, Not Active, Not Active
2026/07/17 10:45:22.682, 1192, 877, 202.62, 63, 62, 100, 14342, Not Active, Not Active, Not Active
2026/07/17 10:45:22.734, 1192, 877, 194.96, 63, 62, 100, 14342, Not Active, Not Active, Not Active
2026/07/17 10:45:22.785, 1192, 877, 199.40, 63, 62, 100, 14342, Not Active, Not Active, Not Active
2026/07/17 10:45:22.838, 1192, 877, 199.61, 63, 62, 100, 14342, Not Active, Not Active, Not Active
2026/07/17 10:45:22.889, 1192, 877, 185.99, 63, 62, 100, 14342, Not Active, Not Active, Not Active
2026/07/17 10:45:22.943, 1192, 877, 192.21, 63, 62, 100, 14342, Not Active, Not Active, Not Active
2026/07/17 10:45:22.995, 1192, 877, 201.53, 63, 62, 100, 14342, Not Active, Not Active, Not Active
2026/07/17 10:45:23.047, 1192, 877, 200.84, 63, 62, 100, 14342, Not Active, Not Active, Not Active
2026/07/17 10:45:23.099, 1192, 877, 195.31, 63, 62, 100, 14342, Not Active, Not Active, Not Active
2026/07/17 10:45:23.150, 1192, 877, 201.18, 63, 62, 100, 14342, Not Active, Not Active, Not Active
2026/07/17 10:45:23.205, 1192, 877, 187.90, 63, 62, 100, 14342, Not Active, Not Active, Not Active
2026/07/17 10:45:23.257, 1192, 877, 197.48, 63, 62, 100, 14342, Not Active, Not Active, Not Active
2026/07/17 10:45:23.310, 1192, 877, 204.40, 63, 62, 100, 14342, Not Active, Not Active, Not Active
2026/07/17 10:45:23.366, 1192, 877, 197.35, 63, 62, 100, 14342, Not Active, Not Active, Not Active
2026/07/17 10:45:23.418, 1192, 877, 201.87, 63, 62, 100, 14342, Not Active, Not Active, Not Active
2026/07/17 10:45:23.470, 1192, 877, 190.90, 63, 63, 100, 14342, Not Active, Not Active, Not Active
2026/07/17 10:45:23.525, 1192, 877, 199.40, 63, 62, 100, 14342, Not Active, Not Active, Not Active
2026/07/17 10:45:23.601, 1192, 877, 190.30, 63, 63, 100, 14342, Not Active, Not Active, Not Active
2026/07/17 10:45:23.653, 1192, 877, 204.67, 63, 63, 100, 14342, Not Active, Not Active, Not Active
2026/07/17 10:45:23.709, 1192, 877, 186.95, 63, 63, 100, 14342, Not Active, Not Active, Not Active
2026/07/17 10:45:23.761, 1192, 877, 200.01, 63, 63, 100, 14342, Not Active, Not Active, Not Active
2026/07/17 10:45:23.813, 1192, 877, 209.46, 63, 63, 100, 14342, Not Active, Not Active, Not Active
2026/07/17 10:45:23.869, 1192, 877, 189.34, 63, 63, 100, 14342, Not Active, Not Active, Not Active
2026/07/17 10:45:23.921, 1192, 877, 197.70, 63, 63, 100, 14342, Not Active, Not Active, Not Active
2026/07/17 10:45:23.973, 1192, 877, 208.36, 63, 63, 100, 14342, Not Active, Not Active, Not Active
2026/07/17 10:45:24.025, 1192, 877, 191.13, 63, 63, 100, 14342, Not Active, Not Active, Not Active
2026/07/17 10:45:24.077, 1192, 877, 201.80, 63, 63, 100, 14342, Not Active, Not Active, Not Active
2026/07/17 10:45:24.131, 1192, 877, 202.14, 64, 63, 100, 14342, Not Active, Not Active, Not Active
2026/07/17 10:45:24.183, 1192, 877, 181.80, 63, 62, 100, 14342, Not Active, Not Active, Not Active
2026/07/17 10:45:24.235, 1192, 877, 197.83, 63, 63, 100, 14342, Not Active, Not Active, Not Active
2026/07/17 10:45:24.291, 1192, 877, 204.53, 63, 63, 100, 14342, Not Active, Not Active, Not Active
2026/07/17 10:45:24.343, 1192, 877, 194.61, 64, 63, 100, 14342, Not Active, Not Active, Not Active
2026/07/17 10:45:24.395, 1192, 877, 198.31, 64, 63, 100, 14342, Not Active, Not Active, Not Active
2026/07/17 10:45:24.447, 1192, 877, 203.58, 64, 63, 100, 14342, Not Active, Not Active, Not Active
2026/07/17 10:45:24.498, 1192, 877, 197.75, 64, 63, 100, 14342, Not Active, Not Active, Not Active
2026/07/17 10:45:24.552, 1192, 877, 200.57, 64, 63, 100, 14342, Not Active, Not Active, Not Active
2026/07/17 10:45:24.604, 1192, 877, 207.74, 64, 63, 100, 14342, Not Active, Not Active, Not Active
2026/07/17 10:45:24.655, 1192, 877, 192.21, 64, 63, 100, 14342, Not Active, Not Active, Not Active
2026/07/17 10:45:24.708, 1192, 877, 199.61, 64, 63, 100, 14342, Not Active, Not Active, Not Active
2026/07/17 10:45:24.759, 1192, 877, 201.32, 64, 63, 100, 14342, Not Active, Not Active, Not Active
2026/07/17 10:45:24.815, 1192, 877, 180.36, 64, 63, 100, 14342, Not Active, Not Active, Not Active
2026/07/17 10:45:24.866, 1192, 877, 197.09, 64, 63, 100, 14342, Not Active, Not Active, Not Active
2026/07/17 10:45:24.918, 1192, 877, 206.93, 64, 63, 100, 14342, Not Active, Not Active, Not Active
2026/07/17 10:45:24.975, 1192, 877, 190.65, 64, 64, 100, 14342, Not Active, Not Active, Not Active
2026/07/17 10:45:25.027, 1192, 877, 197.70, 64, 63, 100, 14342, Not Active, Not Active, Not Active
2026/07/17 10:45:25.079, 1192, 877, 204.53, 64, 64, 100, 14342, Not Active, Not Active, Not Active
2026/07/17 10:45:25.135, 1192, 877, 193.04, 64, 64, 100, 14342, Not Active, Not Active, Not Active
2026/07/17 10:45:25.187, 1192, 877, 205.49, 64, 63, 100, 14342, Not Active, Not Active, Not Active
2026/07/17 10:45:25.239, 1192, 877, 184.19, 64, 64, 100, 14342, Not Active, Not Active, Not Active
2026/07/17 10:45:25.296, 1192, 877, 201.93, 64, 63, 100, 14342, Not Active, Not Active, Not Active
2026/07/17 10:45:25.348, 1192, 877, 203.92, 64, 63, 100, 14342, Not Active, Not Active, Not Active
2026/07/17 10:45:25.400, 1192, 877, 188.63, 64, 64, 100, 14342, Not Active, Not Active, Not Active
2026/07/17 10:45:25.456, 1192, 877, 186.47, 64, 64, 100, 14342, Not Active, Not Active, Not Active
2026/07/17 10:45:25.508, 1192, 877, 205.01, 64, 64, 100, 14342, Not Active, Not Active, Not Active
2026/07/17 10:45:25.559, 1192, 877, 208.36, 64, 64, 100, 14342, Not Active, Not Active, Not Active
2026/07/17 10:45:25.611, 1192, 877, 189.69, 65, 64, 100, 14342, Not Active, Not Active, Not Active
2026/07/17 10:45:25.663, 1192, 877, 202.96, 64, 63, 100, 14342, Not Active, Not Active, Not Active
2026/07/17 10:45:25.717, 1192, 877, 204.60, 65, 64, 100, 14342, Not Active, Not Active, Not Active
2026/07/17 10:45:25.769, 1192, 877, 192.69, 65, 64, 100, 14342, Not Active, Not Active, Not Active
2026/07/17 10:45:25.822, 1192, 877, 204.88, 65, 64, 100, 14342, Not Active, Not Active, Not Active
2026/07/17 10:45:25.878, 1192, 877, 196.40, 65, 64, 100, 14342, Not Active, Not Active, Not Active
2026/07/17 10:45:25.930, 1192, 877, 193.65, 65, 64, 100, 14342, Not Active, Not Active, Not Active
2026/07/17 10:45:25.982, 1192, 877, 207.88, 65, 64, 100, 14342, Not Active, Not Active, Not Active
2026/07/17 10:45:26.034, 1192, 877, 207.40, 65, 64, 100, 14342, Not Active, Not Active, Not Active
2026/07/17 10:45:26.086, 1192, 877, 173.76, 64, 64, 100, 14342, Not Active, Not Active, Not Active
2026/07/17 10:45:26.139, 1192, 877, 200.23, 65, 64, 100, 14342, Not Active, Not Active, Not Active
2026/07/17 10:45:26.191, 1192, 877, 207.88, 65, 64, 100, 14342, Not Active, Not Active, Not Active
2026/07/17 10:45:26.242, 1192, 877, 193.17, 65, 64, 100, 14342, Not Active, Not Active, Not Active
2026/07/17 10:45:26.294, 1192, 877, 190.65, 65, 64, 100, 14342, Not Active, Not Active, Not Active
2026/07/17 10:45:26.346, 1192, 877, 202.48, 65, 64, 100, 14342, Not Active, Not Active, Not Active
2026/07/17 10:45:26.401, 1192, 877, 196.40, 65, 64, 100, 14342, Not Active, Not Active, Not Active
2026/07/17 10:45:26.452, 1192, 877, 193.17, 65, 64, 100, 14342, Not Active, Not Active, Not Active
2026/07/17 10:45:26.504, 1192, 877, 201.53, 65, 64, 100, 14342, Not Active, Not Active, Not Active
2026/07/17 10:45:26.561, 1192, 877, 180.84, 65, 64, 100, 14342, Not Active, Not Active, Not Active
2026/07/17 10:45:26.613, 1192, 877, 198.57, 65, 64, 100, 14342, Not Active, Not Active, Not Active
2026/07/17 10:45:26.664, 1192, 877, 198.66, 65, 64, 100, 14342, Not Active, Not Active, Not Active
2026/07/17 10:45:26.722, 1192, 877, 202.62, 65, 64, 100, 14342, Not Active, Not Active, Not Active
2026/07/17 10:45:26.774, 1192, 877, 191.51, 65, 64, 100, 14342, Not Active, Not Active, Not Active
2026/07/17 10:45:26.826, 1192, 877, 202.96, 65, 64, 100, 14342, Not Active, Not Active, Not Active
2026/07/17 10:45:26.882, 1192, 877, 204.40, 65, 65, 100, 14342, Not Active, Not Active, Not Active
2026/07/17 10:45:26.933, 1192, 877, 191.86, 65, 65, 100, 14342, Not Active, Not Active, Not Active
2026/07/17 10:45:26.985, 1192, 877, 199.40, 65, 64, 100, 14342, Not Active, Not Active, Not Active
2026/07/17 10:45:27.037, 1192, 877, 207.74, 65, 64, 100, 14342, Not Active, Not Active, Not Active
2026/07/17 10:45:27.089, 1192, 877, 183.11, 65, 65, 100, 14342, Not Active, Not Active, Not Active
2026/07/17 10:45:27.142, 1192, 877, 198.92, 65, 65, 100, 14342, Not Active, Not Active, Not Active
2026/07/17 10:45:27.194, 1192, 877, 201.53, 65, 65, 100, 14342, Not Active, Not Active, Not Active
2026/07/17 10:45:27.246, 1192, 877, 184.67, 65, 65, 100, 14342, Not Active, Not Active, Not Active
2026/07/17 10:45:27.298, 1192, 877, 193.52, 65, 65, 100, 14342, Not Active, Not Active, Not Active
2026/07/17 10:45:27.349, 1192, 877, 166.68, 66, 65, 100, 14342, Not Active, Not Active, Not Active
2026/07/17 10:45:27.402, 1192, 877, 204.67, 65, 65, 100, 14342, Not Active, Not Active, Not Active
2026/07/17 10:45:27.454, 1192, 877, 196.53, 65, 65, 100, 14342, Not Active, Not Active, Not Active
2026/07/17 10:45:27.505, 1192, 877, 192.21, 65, 65, 100, 14342, Not Active, Not Active, Not Active
2026/07/17 10:45:27.558, 1192, 877, 204.53, 66, 64, 100, 14342, Not Active, Not Active, Not Active
2026/07/17 10:45:27.609, 1192, 877, 196.05, 66, 65, 100, 14342, Not Active, Not Active, Not Active
2026/07/17 10:45:27.666, 1192, 877, 192.21, 66, 65, 100, 14342, Not Active, Not Active, Not Active
2026/07/17 10:45:27.718, 1192, 877, 207.07, 66, 65, 100, 14342, Not Active, Not Active, Not Active
2026/07/17 10:45:27.770, 1192, 877, 194.48, 66, 65, 100, 14342, Not Active, Not Active, Not Active
2026/07/17 10:45:27.826, 1192, 877, 193.65, 66, 65, 100, 14342, Not Active, Not Active, Not Active
2026/07/17 10:45:27.878, 1192, 877, 202.14, 66, 65, 100, 14342, Not Active, Not Active, Not Active
2026/07/17 10:45:27.930, 1192, 877, 204.05, 66, 65, 100, 14342, Not Active, Not Active, Not Active
2026/07/17 10:45:27.982, 1192, 877, 183.35, 66, 65, 100, 14342, Not Active, Not Active, Not Active
2026/07/17 10:45:28.034, 1192, 877, 188.38, 66, 65, 100, 14342, Not Active, Not Active, Not Active
2026/07/17 10:45:28.086, 1192, 877, 201.05, 66, 65, 100, 14342, Not Active, Not Active, Not Active
2026/07/17 10:45:28.138, 1192, 877, 206.45, 66, 65, 100, 14342, Not Active, Not Active, Not Active
2026/07/17 10:45:28.190, 1192, 877, 178.56, 66, 65, 100, 14342, Not Active, Not Active, Not Active
2026/07/17 10:45:28.242, 1192, 877, 195.44, 66, 65, 100, 14342, Not Active, Not Active, Not Active
2026/07/17 10:45:28.293, 1192, 877, 203.10, 66, 65, 100, 14342, Not Active, Not Active, Not Active
2026/07/17 10:45:28.349, 1192, 877, 180.60, 66, 65, 100, 14342, Not Active, Not Active, Not Active
2026/07/17 10:45:28.400, 1192, 877, 191.74, 66, 65, 100, 14342, Not Active, Not Active, Not Active
2026/07/17 10:45:28.452, 1192, 877, 203.58, 66, 65, 100, 14342, Not Active, Not Active, Not Active
2026/07/17 10:45:28.509, 1192, 877, 187.55, 66, 65, 100, 14342, Not Active, Not Active, Not Active
2026/07/17 10:45:28.561, 1192, 877, 190.78, 66, 65, 100, 14342, Not Active, Not Active, Not Active
2026/07/17 10:45:28.613, 1192, 877, 203.44, 66, 65, 100, 14342, Not Active, Not Active, Not Active
2026/07/17 10:45:28.670, 1192, 877, 195.57, 66, 65, 100, 14342, Not Active, Not Active, Not Active
2026/07/17 10:45:28.722, 1192, 877, 173.28, 66, 66, 100, 14342, Not Active, Not Active, Not Active
2026/07/17 10:45:28.773, 1192, 877, 197.70, 66, 65, 100, 14342, Not Active, Not Active, Not Active
2026/07/17 10:45:28.830, 1192, 877, 204.05, 66, 66, 100, 14342, Not Active, Not Active, Not Active
2026/07/17 10:45:28.881, 1192, 877, 191.26, 66, 65, 100, 14342, Not Active, Not Active, Not Active
2026/07/17 10:45:28.933, 1192, 877, 189.34, 66, 66, 100, 14342, Not Active, Not Active, Not Active
2026/07/17 10:45:28.985, 1192, 877, 200.23, 66, 66, 100, 14342, Not Active, Not Active, Not Active
2026/07/17 10:45:29.037, 1192, 877, 209.80, 66, 66, 100, 14342, Not Active, Not Active, Not Active
2026/07/17 10:45:29.092, 1192, 877, 181.55, 66, 66, 100, 14342, Not Active, Not Active, Not Active
2026/07/17 10:45:29.143, 1192, 877, 201.18, 66, 66, 100, 14342, Not Active, Not Active, Not Active
2026/07/17 10:45:29.195, 1192, 877, 210.62, 67, 66, 100, 14342, Not Active, Not Active, Not Active
2026/07/17 10:45:29.252, 1192, 877, 182.88, 67, 66, 100, 14342, Not Active, Not Active, Not Active
2026/07/17 10:45:29.304, 1192, 877, 123.33, 66, 66, 100, 14342, Not Active, Not Active, Not Active
2026/07/17 10:45:29.356, 1192, 877, 200.23, 66, 66, 100, 14342, Not Active, Not Active, Not Active
2026/07/17 10:45:29.412, 1192, 877, 202.96, 66, 66, 100, 14342, Not Active, Not Active, Not Active
2026/07/17 10:45:29.464, 1192, 877, 178.44, 67, 66, 100, 14342, Not Active, Not Active, Not Active
2026/07/17 10:45:29.516, 1192, 877, 195.79, 67, 66, 100, 14342, Not Active, Not Active, Not Active
2026/07/17 10:45:29.568, 1192, 877, 208.36, 67, 66, 100, 14342, Not Active, Not Active, Not Active
2026/07/17 10:45:29.620, 1192, 877, 197.83, 67, 66, 100, 14342, Not Active, Not Active, Not Active
2026/07/17 10:45:29.673, 1192, 877, 187.90, 67, 66, 100, 14342, Not Active, Not Active, Not Active
2026/07/17 10:45:29.725, 1192, 877, 199.75, 67, 65, 100, 14342, Not Active, Not Active, Not Active
2026/07/17 10:45:29.777, 1192, 877, 203.78, 67, 66, 100, 14342, Not Active, Not Active, Not Active
2026/07/17 10:45:29.829, 1192, 877, 179.88, 67, 66, 100, 14342, Not Active, Not Active, Not Active
2026/07/17 10:45:29.881, 1192, 877, 189.82, 67, 66, 100, 14342, Not Active, Not Active, Not Active
2026/07/17 10:45:29.934, 1192, 877, 205.01, 67, 66, 100, 14342, Not Active, Not Active, Not Active
2026/07/17 10:45:29.985, 1192, 877, 191.74, 67, 65, 100, 14342, Not Active, Not Active, Not Active
2026/07/17 10:45:30.039, 1192, 877, 185.40, 67, 66, 100, 14342, Not Active, Not Active, Not Active
2026/07/17 10:45:30.096, 1192, 877, 190.78, 67, 66, 100, 14342, Not Active, Not Active, Not Active
2026/07/17 10:45:30.148, 1192, 877, 204.19, 67, 66, 100, 14342, Not Active, Not Active, Not Active
2026/07/17 10:45:30.200, 1192, 877, 202.14, 67, 66, 100, 14342, Not Active, Not Active, Not Active
2026/07/17 10:45:30.257, 1192, 877, 189.21, 67, 66, 100, 14342, Not Active, Not Active, Not Active
2026/07/17 10:45:30.309, 1192, 877, 196.87, 67, 66, 100, 14342, Not Active, Not Active, Not Active
2026/07/17 10:45:30.361, 1192, 877, 203.30, 67, 66, 100, 14342, Not Active, Not Active, Not Active
2026/07/17 10:45:30.417, 1192, 877, 177.37, 67, 66, 100, 14342, Not Active, Not Active, Not Active
2026/07/17 10:45:30.469, 1192, 877, 201.66, 67, 65, 100, 14342, Not Active, Not Active, Not Active
2026/07/17 10:45:30.521, 1192, 877, 203.58, 67, 66, 100, 14342, Not Active, Not Active, Not Active
2026/07/17 10:45:30.578, 1192, 877, 187.07, 67, 66, 100, 14342, Not Active, Not Active, Not Active
2026/07/17 10:45:30.629, 1192, 877, 160.44, 67, 66, 100, 14342, Not Active, Not Active, Not Active
2026/07/17 10:45:30.682, 1192, 877, 195.92, 67, 65, 100, 14342, Not Active, Not Active, Not Active
2026/07/17 10:45:30.738, 1192, 877, 204.40, 67, 66, 100, 14342, Not Active, Not Active, Not Active
2026/07/17 10:45:30.789, 1192, 877, 203.10, 67, 66, 100, 14342, Not Active, Not Active, Not Active
2026/07/17 10:45:30.841, 1192, 877, 183.95, 67, 67, 100, 14342, Not Active, Not Active, Not Active
2026/07/17 10:45:30.893, 1192, 877, 200.09, 67, 65, 100, 14342, Not Active, Not Active, Not Active
2026/07/17 10:45:30.945, 1192, 877, 209.66, 67, 66, 100, 14342, Not Active, Not Active, Not Active
2026/07/17 10:45:31.045, 1192, 877, 177.37, 67, 67, 100, 14342, Not Active, Not Active, Not Active
2026/07/17 10:45:31.097, 1192, 877, 192.69, 67, 66, 100, 14342, Not Active, Not Active, Not Active
2026/07/17 10:45:31.149, 1192, 877, 197.22, 67, 66, 100, 14342, Not Active, Not Active, Not Active
2026/07/17 10:45:31.205, 1192, 877, 188.86, 67, 67, 100, 14342, Not Active, Not Active, Not Active
2026/07/17 10:45:31.257, 1192, 877, 181.20, 67, 67, 100, 14342, Not Active, Not Active, Not Active
2026/07/17 10:45:31.309, 1192, 877, 139.60, 67, 66, 100, 14342, Not Active, Not Active, Not Active
2026/07/17 10:45:31.362, 1192, 877, 197.35, 67, 66, 100, 14342, Not Active, Not Active, Not Active
2026/07/17 10:45:31.413, 1192, 877, 199.61, 67, 67, 100, 14342, Not Active, Not Active, Not Active
2026/07/17 10:45:31.465, 1192, 877, 175.68, 67, 67, 100, 14342, Not Active, Not Active, Not Active
2026/07/17 10:45:31.517, 1192, 877, 183.11, 67, 67, 100, 14342, Not Active, Not Active, Not Active
2026/07/17 10:45:31.569, 1192, 877, 199.13, 67, 67, 100, 14342, Not Active, Not Active, Not Active
2026/07/17 10:45:31.626, 1192, 877, 206.11, 67, 67, 100, 14342, Not Active, Not Active, Not Active
2026/07/17 10:45:31.677, 1192, 877, 177.60, 68, 67, 100, 14342, Not Active, Not Active, Not Active
2026/07/17 10:45:31.729, 1192, 877, 193.04, 67, 66, 100, 14342, Not Active, Not Active, Not Active
2026/07/17 10:45:31.786, 1192, 877, 198.18, 68, 67, 100, 14342, Not Active, Not Active, Not Active
2026/07/17 10:45:31.838, 1192, 877, 190.43, 67, 67, 100, 14342, Not Active, Not Active, Not Active
2026/07/17 10:45:31.889, 1192, 877, 184.32, 68, 67, 100, 14342, Not Active, Not Active, Not Active
2026/07/17 10:45:31.942, 1192, 877, 193.17, 68, 67, 100, 14342, Not Active, Not Active, Not Active
2026/07/17 10:45:31.993, 1192, 877, 170.89, 67, 66, 100, 14342, Not Active, Not Active, Not Active
2026/07/17 10:45:32.045, 1192, 877, 199.88, 67, 67, 100, 14342, Not Active, Not Active, Not Active
2026/07/17 10:45:32.097, 1192, 877, 189.47, 68, 67, 100, 14342, Not Active, Not Active, Not Active
2026/07/17 10:45:32.150, 1192, 877, 188.15, 67, 67, 100, 14342, Not Active, Not Active, Not Active
2026/07/17 10:45:32.202, 1192, 877, 197.01, 68, 67, 100, 14342, Not Active, Not Active, Not Active
2026/07/17 10:45:32.254, 1192, 877, 206.93, 68, 67, 100, 14342, Not Active, Not Active, Not Active
2026/07/17 10:45:32.309, 1192, 877, 175.68, 68, 67, 100, 14342, Not Active, Not Active, Not Active
2026/07/17 10:45:32.361, 1192, 877, 181.55, 68, 67, 100, 14342, Not Active, Not Active, Not Active
2026/07/17 10:45:32.412, 1192, 877, 198.66, 68, 67, 100, 14342, Not Active, Not Active, Not Active
2026/07/17 10:45:32.469, 1192, 877, 202.96, 68, 67, 100, 14342, Not Active, Not Active, Not Active
2026/07/17 10:45:32.521, 1192, 877, 168.97, 68, 67, 100, 14342, Not Active, Not Active, Not Active
2026/07/17 10:45:32.573, 1192, 877, 190.78, 68, 67, 100, 14342, Not Active, Not Active, Not Active
2026/07/17 10:45:32.625, 1192, 877, 202.27, 68, 67, 100, 14342, Not Active, Not Active, Not Active
2026/07/17 10:45:32.677, 1192, 877, 179.88, 68, 67, 100, 14342, Not Active, Not Active, Not Active
2026/07/17 10:45:32.728, 1192, 877, 199.00, 68, 67, 100, 14342, Not Active, Not Active, Not Active
2026/07/17 10:45:32.780, 1192, 877, 182.76, 68, 67, 100, 14342, Not Active, Not Active, Not Active
2026/07/17 10:45:32.832, 1192, 877, 180.84, 68, 67, 100, 14342, Not Active, Not Active, Not Active
2026/07/17 10:45:32.884, 1192, 877, 197.14, 68, 67, 100, 14342, Not Active, Not Active, Not Active
2026/07/17 10:45:32.935, 1192, 877, 204.26, 68, 67, 100, 14342, Not Active, Not Active, Not Active
2026/07/17 10:45:32.992, 1192, 877, 173.28, 68, 67, 100, 14342, Not Active, Not Active, Not Active
2026/07/17 10:45:33.044, 1192, 877, 182.15, 68, 67, 100, 14342, Not Active, Not Active, Not Active
2026/07/17 10:45:33.095, 1192, 877, 204.53, 68, 67, 100, 14342, Not Active, Not Active, Not Active
2026/07/17 10:45:33.152, 1192, 877, 201.53, 68, 67, 100, 14342, Not Active, Not Active, Not Active
2026/07/17 10:45:33.204, 1192, 877, 168.12, 68, 67, 100, 14342, Not Active, Not Active, Not Active
2026/07/17 10:45:33.255, 1192, 877, 183.71, 68, 68, 100, 14342, Not Active, Not Active, Not Active
2026/07/17 10:45:33.308, 1192, 877, 194.96, 68, 67, 100, 14342, Not Active, Not Active, Not Active
2026/07/17 10:45:33.359, 1192, 877, 174.24, 68, 67, 100, 14342, Not Active, Not Active, Not Active
2026/07/17 10:45:33.411, 1192, 877, 202.14, 68, 67, 100, 14342, Not Active, Not Active, Not Active
2026/07/17 10:45:33.463, 1192, 877, 187.07, 68, 67, 100, 14342, Not Active, Not Active, Not Active
2026/07/17 10:45:33.515, 1192, 877, 179.28, 68, 68, 100, 14342, Not Active, Not Active, Not Active
2026/07/17 10:45:33.566, 1192, 877, 197.96, 68, 68, 100, 14342, Not Active, Not Active, Not Active
2026/07/17 10:45:33.618, 1192, 877, 200.23, 68, 67, 100, 14342, Not Active, Not Active, Not Active
2026/07/17 10:45:33.674, 1192, 877, 188.86, 68, 68, 100, 14342, Not Active, Not Active, Not Active
2026/07/17 10:45:33.726, 1192, 877, 176.52, 68, 68, 100, 14342, Not Active, Not Active, Not Active
2026/07/17 10:45:33.777, 1192, 877, 195.09, 68, 68, 100, 14342, Not Active, Not Active, Not Active
2026/07/17 10:45:33.834, 1192, 877, 201.32, 68, 67, 100, 14342, Not Active, Not Active, Not Active
2026/07/17 10:45:33.886, 1192, 877, 190.78, 68, 68, 100, 14342, Not Active, Not Active, Not Active
2026/07/17 10:45:33.937, 1192, 877, 177.00, 68, 68, 100, 14342, Not Active, Not Active, Not Active
2026/07/17 10:45:33.990, 1192, 877, 205.01, 68, 67, 100, 14342, Not Active, Not Active, Not Active
2026/07/17 10:45:34.060, 1192, 877, 195.65, 68, 67, 100, 14342, Not Active, Not Active, Not Active
2026/07/17 10:45:34.112, 1192, 877, 161.88, 68, 68, 100, 14342, Not Active, Not Active, Not Active
2026/07/17 10:45:34.164, 1192, 877, 191.26, 68, 68, 100, 14342, Not Active, Not Active, Not Active
2026/07/17 10:45:34.218, 1192, 877, 203.85, 68, 67, 100, 14342, Not Active, Not Active, Not Active
2026/07/17 10:45:34.270, 1192, 877, 205.97, 68, 68, 100, 14342, Not Active, Not Active, Not Active
2026/07/17 10:45:34.322, 1192, 877, 182.40, 68, 68, 100, 14342, Not Active, Not Active, Not Active
2026/07/17 10:45:34.374, 1192, 877, 182.63, 68, 68, 100, 14342, Not Active, Not Active, Not Active
2026/07/17 10:45:34.426, 1192, 877, 196.05, 68, 68, 100, 14342, Not Active, Not Active, Not Active
2026/07/17 10:45:34.480, 1192, 877, 198.92, 68, 68, 100, 14342, Not Active, Not Active, Not Active
2026/07/17 10:45:34.532, 1192, 877, 198.44, 68, 68, 100, 14342, Not Active, Not Active, Not Active
2026/07/17 10:45:34.584, 1192, 877, 181.80, 69, 67, 100, 14342, Not Active, Not Active, Not Active
2026/07/17 10:45:34.639, 1192, 877, 194.13, 68, 67, 100, 14342, Not Active, Not Active, Not Active
2026/07/17 10:45:34.691, 1192, 877, 198.18, 69, 68, 100, 14342, Not Active, Not Active, Not Active
2026/07/17 10:45:34.743, 1192, 877, 186.82, 68, 67, 100, 14342, Not Active, Not Active, Not Active
2026/07/17 10:45:34.794, 1192, 877, 204.88, 68, 68, 100, 14342, Not Active, Not Active, Not Active
2026/07/17 10:45:34.846, 1192, 877, 163.80, 68, 68, 100, 14342, Not Active, Not Active, Not Active
2026/07/17 10:45:34.900, 1192, 877, 186.95, 69, 68, 100, 14342, Not Active, Not Active, Not Active
2026/07/17 10:45:34.951, 1192, 877, 198.92, 68, 67, 100, 14342, Not Active, Not Active, Not Active
2026/07/17 10:45:35.003, 1192, 877, 201.66, 69, 68, 100, 14342, Not Active, Not Active, Not Active
2026/07/17 10:45:35.055, 1192, 877, 192.21, 69, 68, 100, 14342, Not Active, Not Active, Not Active
2026/07/17 10:45:35.107, 1192, 877, 180.60, 69, 68, 100, 14342, Not Active, Not Active, Not Active
2026/07/17 10:45:35.160, 1192, 877, 197.83, 69, 67, 100, 14342, Not Active, Not Active, Not Active
2026/07/17 10:45:35.212, 1192, 877, 199.00, 69, 68, 100, 14342, Not Active, Not Active, Not Active
2026/07/17 10:45:35.264, 1192, 877, 204.88, 69, 68, 100, 14342, Not Active, Not Active, Not Active
2026/07/17 10:45:35.316, 1192, 877, 170.04, 69, 68, 100, 14342, Not Active, Not Active, Not Active
2026/07/17 10:45:35.367, 1192, 877, 182.63, 69, 68, 100, 14342, Not Active, Not Active, Not Active
2026/07/17 10:45:35.422, 1192, 877, 125.17, 69, 68, 100, 14342, Not Active, Not Active, Not Active
2026/07/17 10:45:35.474, 1192, 877, 195.70, 69, 67, 100, 14342, Not Active, Not Active, Not Active
2026/07/17 10:45:35.526, 1192, 877, 201.53, 69, 68, 100, 14342, Not Active, Not Active, Not Active
2026/07/17 10:45:35.578, 1192, 877, 207.07, 69, 68, 100, 14342, Not Active, Not Active, Not Active
2026/07/17 10:45:35.629, 1192, 877, 160.81, 69, 68, 100, 14342, Not Active, Not Active, Not Active
2026/07/17 10:45:35.683, 1192, 877, 185.63, 69, 68, 100, 14342, Not Active, Not Active, Not Active
2026/07/17 10:45:35.734, 1192, 877, 196.05, 69, 68, 100, 14342, Not Active, Not Active, Not Active
2026/07/17 10:45:35.786, 1192, 877, 199.13, 69, 68, 100, 14342, Not Active, Not Active, Not Active
2026/07/17 10:45:35.838, 1192, 877, 198.18, 69, 68, 100, 14342, Not Active, Not Active, Not Active
2026/07/17 10:45:35.890, 1192, 877, 173.88, 69, 68, 100, 14342, Not Active, Not Active, Not Active
2026/07/17 10:45:35.942, 1192, 877, 190.30, 69, 68, 100, 14342, Not Active, Not Active, Not Active
2026/07/17 10:45:35.994, 1192, 877, 196.74, 69, 68, 100, 14342, Not Active, Not Active, Not Active
2026/07/17 10:45:36.046, 1192, 877, 201.18, 69, 68, 100, 14342, Not Active, Not Active, Not Active
2026/07/17 10:45:36.097, 1192, 877, 194.61, 69, 68, 100, 14342, Not Active, Not Active, Not Active
2026/07/17 10:45:36.149, 1192, 877, 176.64, 68, 68, 100, 14342, Not Active, Not Active, Not Active
2026/07/17 10:45:36.205, 1192, 877, 176.89, 69, 68, 100, 14342, Not Active, Not Active, Not Active
2026/07/17 10:45:36.257, 1192, 877, 192.82, 69, 68, 100, 14342, Not Active, Not Active, Not Active
2026/07/17 10:45:36.309, 1192, 877, 197.22, 69, 68, 100, 14342, Not Active, Not Active, Not Active
2026/07/17 10:45:36.361, 1192, 877, 208.70, 69, 68, 100, 14342, Not Active, Not Active, Not Active
2026/07/17 10:45:36.413, 1192, 877, 167.64, 69, 68, 100, 14342, Not Active, Not Active, Not Active
2026/07/17 10:45:36.467, 1192, 877, 179.04, 69, 68, 100, 14342, Not Active, Not Active, Not Active
2026/07/17 10:45:36.519, 1192, 877, 199.05, 69, 67, 100, 14342, Not Active, Not Active, Not Active
2026/07/17 10:45:36.570, 1192, 877, 202.14, 69, 68, 100, 14342, Not Active, Not Active, Not Active
2026/07/17 10:45:36.623, 1192, 877, 203.92, 69, 68, 100, 14342, Not Active, Not Active, Not Active
2026/07/17 10:45:36.674, 1192, 877, 163.91, 69, 68, 100, 14342, Not Active, Not Active, Not Active
2026/07/17 10:45:36.727, 1192, 877, 184.32, 69, 68, 100, 14342, Not Active, Not Active, Not Active
2026/07/17 10:45:36.779, 1192, 877, 194.00, 69, 68, 100, 14342, Not Active, Not Active, Not Active
2026/07/17 10:45:36.831, 1192, 877, 160.33, 69, 68, 100, 14342, Not Active, Not Active, Not Active
2026/07/17 10:45:36.883, 1192, 877, 204.67, 69, 68, 100, 14342, Not Active, Not Active, Not Active
2026/07/17 10:45:36.935, 1192, 877, 208.84, 69, 68, 100, 14342, Not Active, Not Active, Not Active
2026/07/17 10:45:36.990, 1192, 877, 158.63, 69, 68, 100, 14342, Not Active, Not Active, Not Active
2026/07/17 10:45:37.042, 1192, 877, 178.44, 69, 68, 100, 14342, Not Active, Not Active, Not Active
2026/07/17 10:45:37.093, 1192, 877, 198.79, 69, 67, 100, 14342, Not Active, Not Active, Not Active
2026/07/17 10:45:37.149, 1192, 877, 198.18, 69, 68, 100, 14342, Not Active, Not Active, Not Active
2026/07/17 10:45:37.201, 1192, 877, 195.44, 69, 69, 100, 14342, Not Active, Not Active, Not Active
2026/07/17 10:45:37.253, 1192, 877, 169.08, 69, 69, 100, 14342, Not Active, Not Active, Not Active
2026/07/17 10:45:37.304, 1192, 877, 180.24, 69, 68, 100, 14342, Not Active, Not Active, Not Active
2026/07/17 10:45:37.356, 1192, 877, 198.31, 69, 68, 100, 14342, Not Active, Not Active, Not Active
2026/07/17 10:45:37.411, 1192, 877, 198.18, 69, 69, 100, 14342, Not Active, Not Active, Not Active
2026/07/17 10:45:37.462, 1192, 877, 195.57, 69, 69, 100, 14342, Not Active, Not Active, Not Active
2026/07/17 10:45:37.514, 1192, 877, 160.07, 70, 69, 100, 14342, Not Active, Not Active, Not Active
2026/07/17 10:45:37.566, 1192, 877, 162.95, 69, 69, 100, 14342, Not Active, Not Active, Not Active
2026/07/17 10:45:37.617, 1192, 877, 177.84, 69, 69, 100, 14342, Not Active, Not Active, Not Active
2026/07/17 10:45:37.672, 1192, 877, 193.17, 69, 68, 100, 14342, Not Active, Not Active, Not Active
2026/07/17 10:45:37.723, 1192, 877, 200.70, 69, 68, 100, 14342, Not Active, Not Active, Not Active
2026/07/17 10:45:37.775, 1192, 877, 206.31, 69, 69, 100, 14342, Not Active, Not Active, Not Active
2026/07/17 10:45:37.827, 1192, 877, 180.00, 69, 69, 100, 14342, Not Active, Not Active, Not Active
2026/07/17 10:45:37.879, 1192, 877, 177.12, 69, 69, 100, 14342, Not Active, Not Active, Not Active
2026/07/17 10:45:37.933, 1192, 877, 193.17, 69, 68, 100, 14342, Not Active, Not Active, Not Active
2026/07/17 10:45:37.985, 1192, 877, 205.35, 70, 68, 100, 14342, Not Active, Not Active, Not Active
2026/07/17 10:45:38.036, 1192, 877, 201.05, 69, 69, 100, 14342, Not Active, Not Active, Not Active
2026/07/17 10:45:38.088, 1192, 877, 181.80, 70, 69, 100, 14342, Not Active, Not Active, Not Active
2026/07/17 10:45:38.140, 1192, 877, 175.68, 69, 69, 100, 14342, Not Active, Not Active, Not Active
2026/07/17 10:45:38.194, 1192, 877, 187.78, 70, 69, 100, 14342, Not Active, Not Active, Not Active
2026/07/17 10:45:38.246, 1192, 877, 130.85, 69, 69, 100, 14342, Not Active, Not Active, Not Active
2026/07/17 10:45:38.297, 1192, 877, 195.57, 69, 68, 100, 14342, Not Active, Not Active, Not Active
2026/07/17 10:45:38.349, 1192, 877, 198.66, 70, 69, 100, 14342, Not Active, Not Active, Not Active
2026/07/17 10:45:38.401, 1192, 877, 197.48, 70, 69, 100, 14342, Not Active, Not Active, Not Active
2026/07/17 10:45:38.457, 1192, 877, 160.81, 70, 69, 100, 14342, Not Active, Not Active, Not Active
2026/07/17 10:45:38.509, 1192, 877, 183.11, 70, 69, 100, 14342, Not Active, Not Active, Not Active
2026/07/17 10:45:38.561, 1192, 877, 201.18, 70, 69, 100, 14342, Not Active, Not Active, Not Active
2026/07/17 10:45:38.617, 1192, 877, 201.66, 70, 69, 100, 14342, Not Active, Not Active, Not Active
2026/07/17 10:45:38.669, 1192, 877, 201.18, 70, 69, 100, 14342, Not Active, Not Active, Not Active
2026/07/17 10:45:38.720, 1192, 877, 158.15, 70, 69, 100, 14342, Not Active, Not Active, Not Active
2026/07/17 10:45:38.773, 1192, 877, 177.84, 70, 69, 100, 14342, Not Active, Not Active, Not Active
2026/07/17 10:45:38.824, 1192, 877, 193.04, 70, 69, 100, 14342, Not Active, Not Active, Not Active
2026/07/17 10:45:38.880, 1192, 877, 198.79, 70, 69, 100, 14342, Not Active, Not Active, Not Active
2026/07/17 10:45:38.932, 1192, 877, 206.59, 70, 69, 100, 14342, Not Active, Not Active, Not Active
2026/07/17 10:45:38.983, 1192, 877, 193.39, 69, 69, 100, 14342, Not Active, Not Active, Not Active
2026/07/17 10:45:39.036, 1192, 877, 182.76, 70, 69, 100, 14342, Not Active, Not Active, Not Active
2026/07/17 10:45:39.087, 1192, 877, 175.32, 70, 69, 100, 14342, Not Active, Not Active, Not Active
2026/07/17 10:45:39.139, 1192, 877, 188.03, 70, 69, 100, 14342, Not Active, Not Active, Not Active
2026/07/17 10:45:39.191, 1192, 877, 194.61, 70, 69, 100, 14342, Not Active, Not Active, Not Active
2026/07/17 10:45:39.243, 1192, 877, 202.48, 70, 69, 100, 14342, Not Active, Not Active, Not Active
2026/07/17 10:45:39.294, 1192, 877, 203.78, 70, 69, 100, 14342, Not Active, Not Active, Not Active
2026/07/17 10:45:39.346, 1192, 877, 158.15, 70, 69, 100, 14342, Not Active, Not Active, Not Active
2026/07/17 10:45:39.402, 1192, 877, 184.32, 70, 70, 100, 14342, Not Active, Not Active, Not Active
2026/07/17 10:45:39.454, 1192, 877, 193.17, 70, 69, 100, 14342, Not Active, Not Active, Not Active
2026/07/17 10:45:39.505, 1192, 877, 198.79, 70, 69, 100, 14342, Not Active, Not Active, Not Active
2026/07/17 10:45:39.557, 1192, 877, 203.30, 70, 69, 100, 14342, Not Active, Not Active, Not Active
2026/07/17 10:45:39.609, 1192, 877, 180.00, 70, 69, 100, 14342, Not Active, Not Active, Not Active
2026/07/17 10:45:39.664, 1192, 877, 170.77, 70, 69, 100, 14342, Not Active, Not Active, Not Active
2026/07/17 10:45:39.716, 1192, 877, 155.16, 70, 69, 100, 14342, Not Active, Not Active, Not Active
2026/07/17 10:45:39.768, 1192, 877, 179.40, 70, 69, 100, 14342, Not Active, Not Active, Not Active
2026/07/17 10:45:39.820, 1192, 877, 193.04, 70, 69, 100, 14342, Not Active, Not Active, Not Active
2026/07/17 10:45:39.872, 1192, 877, 203.23, 70, 69, 100, 14342, Not Active, Not Active, Not Active
2026/07/17 10:45:39.926, 1192, 877, 204.26, 70, 69, 100, 14342, Not Active, Not Active, Not Active
2026/07/17 10:45:39.978, 1192, 877, 183.71, 70, 69, 100, 14342, Not Active, Not Active, Not Active
2026/07/17 10:45:40.030, 1192, 877, 164.76, 70, 69, 100, 14342, Not Active, Not Active, Not Active
2026/07/17 10:45:40.082, 1192, 877, 186.47, 70, 69, 100, 14342, Not Active, Not Active, Not Active
2026/07/17 10:45:40.134, 1192, 877, 200.70, 70, 69, 100, 14342, Not Active, Not Active, Not Active
2026/07/17 10:45:40.189, 1192, 877, 199.61, 70, 69, 100, 14342, Not Active, Not Active, Not Active
2026/07/17 10:45:40.241, 1192, 877, 205.01, 70, 69, 100, 14342, Not Active, Not Active, Not Active
2026/07/17 10:45:40.293, 1192, 877, 157.08, 70, 70, 100, 14342, Not Active, Not Active, Not Active
2026/07/17 10:45:40.348, 1192, 877, 178.80, 70, 69, 100, 14342, Not Active, Not Active, Not Active
2026/07/17 10:45:40.399, 1192, 877, 107.18, 70, 70, 100, 14342, Not Active, Not Active, Not Active
2026/07/17 10:45:40.451, 1192, 877, 188.13, 70, 69, 100, 14342, Not Active, Not Active, Not Active
2026/07/17 10:45:40.503, 1192, 877, 198.44, 70, 69, 100, 14342, Not Active, Not Active, Not Active
2026/07/17 10:45:40.555, 1192, 877, 204.26, 70, 69, 100, 14342, Not Active, Not Active, Not Active
2026/07/17 10:45:40.611, 1192, 877, 189.34, 70, 69, 100, 14342, Not Active, Not Active, Not Active
2026/07/17 10:45:40.663, 1192, 877, 157.08, 70, 70, 100, 14342, Not Active, Not Active, Not Active
2026/07/17 10:45:40.715, 1192, 877, 177.37, 70, 70, 100, 14342, Not Active, Not Active, Not Active
2026/07/17 10:45:40.767, 1192, 877, 196.53, 70, 70, 100, 14342, Not Active, Not Active, Not Active
2026/07/17 10:45:40.819, 1192, 877, 201.18, 70, 69, 100, 14342, Not Active, Not Active, Not Active
2026/07/17 10:45:40.873, 1192, 877, 206.45, 70, 69, 100, 14342, Not Active, Not Active, Not Active
2026/07/17 10:45:40.925, 1192, 877, 189.47, 70, 70, 100, 14342, Not Active, Not Active, Not Active
2026/07/17 10:45:40.977, 1192, 877, 159.00, 70, 70, 100, 14342, Not Active, Not Active, Not Active
2026/07/17 10:45:41.029, 1192, 877, 181.32, 70, 70, 100, 14342, Not Active, Not Active, Not Active
2026/07/17 10:45:41.081, 1192, 877, 191.26, 70, 70, 100, 14342, Not Active, Not Active, Not Active
2026/07/17 10:45:41.134, 1192, 877, 141.91, 70, 70, 100, 14342, Not Active, Not Active, Not Active
2026/07/17 10:45:41.186, 1192, 877, 192.34, 70, 70, 100, 14342, Not Active, Not Active, Not Active
2026/07/17 10:45:41.238, 1192, 877, 203.10, 70, 69, 100, 14342, Not Active, Not Active, Not Active
2026/07/17 10:45:41.290, 1192, 877, 203.44, 70, 69, 100, 14342, Not Active, Not Active, Not Active
2026/07/17 10:45:41.342, 1192, 877, 168.12, 70, 70, 100, 14342, Not Active, Not Active, Not Active
2026/07/17 10:45:41.398, 1192, 877, 176.28, 70, 70, 100, 14342, Not Active, Not Active, Not Active
2026/07/17 10:45:41.450, 1192, 877, 185.51, 70, 69, 100, 14342, Not Active, Not Active, Not Active
2026/07/17 10:45:41.501, 1192, 877, 199.13, 70, 69, 100, 14342, Not Active, Not Active, Not Active
2026/07/17 10:45:41.557, 1192, 877, 202.82, 71, 70, 100, 14342, Not Active, Not Active, Not Active
2026/07/17 10:45:41.609, 1192, 877, 201.18, 70, 70, 100, 14342, Not Active, Not Active, Not Active
2026/07/17 10:45:41.661, 1192, 877, 172.44, 70, 70, 100, 14342, Not Active, Not Active, Not Active
2026/07/17 10:45:41.713, 1192, 877, 171.25, 71, 70, 100, 14342, Not Active, Not Active, Not Active
2026/07/17 10:45:41.764, 1192, 877, 191.74, 70, 69, 100, 14342, Not Active, Not Active, Not Active
2026/07/17 10:45:41.819, 1192, 877, 199.27, 71, 69, 100, 14342, Not Active, Not Active, Not Active
2026/07/17 10:45:41.871, 1192, 877, 161.77, 70, 69, 100, 14342, Not Active, Not Active, Not Active
2026/07/17 10:45:41.923, 1192, 877, 198.66, 70, 69, 100, 14342, Not Active, Not Active, Not Active
2026/07/17 10:45:41.975, 1192, 877, 203.78, 70, 70, 100, 14342, Not Active, Not Active, Not Active
2026/07/17 10:45:42.027, 1192, 877, 183.71, 70, 70, 100, 14342, Not Active, Not Active, Not Active
2026/07/17 10:45:42.082, 1192, 877, 163.69, 71, 70, 100, 14342, Not Active, Not Active, Not Active
2026/07/17 10:45:42.134, 1192, 877, 181.32, 71, 70, 100, 14342, Not Active, Not Active, Not Active
2026/07/17 10:45:42.186, 1192, 877, 196.05, 70, 70, 100, 14342, Not Active, Not Active, Not Active
2026/07/17 10:45:42.242, 1192, 877, 204.67, 71, 69, 100, 14342, Not Active, Not Active, Not Active
2026/07/17 10:45:42.294, 1192, 877, 205.35, 70, 70, 100, 14342, Not Active, Not Active, Not Active
2026/07/17 10:45:42.345, 1192, 877, 187.07, 71, 70, 100, 14342, Not Active, Not Active, Not Active
2026/07/17 10:45:42.397, 1192, 877, 154.78, 71, 70, 100, 14342, Not Active, Not Active, Not Active
2026/07/17 10:45:42.449, 1192, 877, 177.84, 70, 70, 100, 14342, Not Active, Not Active, Not Active
2026/07/17 10:45:42.503, 1192, 877, 193.65, 71, 70, 100, 14342, Not Active, Not Active, Not Active
2026/07/17 10:45:42.555, 1192, 877, 202.27, 71, 69, 100, 14342, Not Active, Not Active, Not Active
2026/07/17 10:45:42.606, 1192, 877, 158.41, 70, 70, 100, 14342, Not Active, Not Active, Not Active
2026/07/17 10:45:42.658, 1192, 877, 200.09, 70, 69, 100, 14342, Not Active, Not Active, Not Active
2026/07/17 10:45:42.710, 1192, 877, 209.18, 70, 70, 100, 14342, Not Active, Not Active, Not Active
2026/07/17 10:45:42.767, 1192, 877, 181.80, 71, 70, 100, 14342, Not Active, Not Active, Not Active
2026/07/17 10:45:42.819, 1192, 877, 155.64, 71, 70, 100, 14342, Not Active, Not Active, Not Active
2026/07/17 10:45:42.870, 1192, 877, 177.84, 71, 69, 100, 14342, Not Active, Not Active, Not Active
2026/07/17 10:45:42.922, 1192, 877, 189.57, 71, 69, 100, 14342, Not Active, Not Active, Not Active
2026/07/17 10:45:42.974, 1192, 877, 205.01, 71, 69, 100, 14342, Not Active, Not Active, Not Active
2026/07/17 10:45:43.028, 1192, 877, 201.53, 71, 70, 100, 14342, Not Active, Not Active, Not Active
2026/07/17 10:45:43.080, 1192, 877, 200.23, 71, 70, 100, 14342, Not Active, Not Active, Not Active
2026/07/17 10:45:43.132, 1192, 877, 179.88, 71, 70, 100, 14342, Not Active, Not Active, Not Active
2026/07/17 10:45:43.184, 1192, 877, 172.32, 71, 70, 100, 14342, Not Active, Not Active, Not Active
2026/07/17 10:45:43.236, 1192, 877, 179.88, 71, 70, 100, 14342, Not Active, Not Active, Not Active
2026/07/17 10:45:43.289, 1192, 877, 195.09, 71, 70, 100, 14342, Not Active, Not Active, Not Active
2026/07/17 10:45:43.341, 1192, 877, 138.64, 71, 70, 100, 14342, Not Active, Not Active, Not Active
2026/07/17 10:45:43.393, 1192, 877, 190.65, 70, 70, 100, 14342, Not Active, Not Active, Not Active
2026/07/17 10:45:43.445, 1192, 877, 205.01, 71, 69, 100, 14342, Not Active, Not Active, Not Active
2026/07/17 10:45:43.496, 1192, 877, 202.00, 70, 70, 100, 14342, Not Active, Not Active, Not Active
2026/07/17 10:45:43.548, 1192, 877, 199.27, 71, 70, 100, 14342, Not Active, Not Active, Not Active
2026/07/17 10:45:43.600, 1192, 877, 168.60, 71, 70, 100, 14342, Not Active, Not Active, Not Active
2026/07/17 10:45:43.654, 1192, 877, 168.97, 71, 70, 100, 14342, Not Active, Not Active, Not Active
2026/07/17 10:45:43.705, 1192, 877, 181.80, 71, 70, 100, 14342, Not Active, Not Active, Not Active
2026/07/17 10:45:43.757, 1192, 877, 194.00, 71, 69, 100, 14342, Not Active, Not Active, Not Active
2026/07/17 10:45:43.809, 1192, 877, 205.63, 71, 69, 100, 14342, Not Active, Not Active, Not Active
2026/07/17 10:45:43.861, 1192, 877, 208.70, 71, 70, 100, 14342, Not Active, Not Active, Not Active
2026/07/17 10:45:43.919, 1192, 877, 180.84, 71, 70, 100, 14342, Not Active, Not Active, Not Active
2026/07/17 10:45:43.971, 1192, 877, 151.42, 71, 70, 100, 14342, Not Active, Not Active, Not Active
2026/07/17 10:45:44.022, 1192, 877, 180.36, 71, 69, 100, 14342, Not Active, Not Active, Not Active
2026/07/17 10:45:44.077, 1192, 877, 117.71, 71, 69, 100, 14342, Not Active, Not Active, Not Active
2026/07/17 10:45:44.130, 1192, 877, 176.41, 71, 69, 100, 14342, Not Active, Not Active, Not Active
2026/07/17 10:45:44.182, 1192, 877, 189.57, 71, 69, 100, 14342, Not Active, Not Active, Not Active
2026/07/17 10:45:44.234, 1192, 877, 195.79, 71, 69, 100, 14342, Not Active, Not Active, Not Active
2026/07/17 10:45:44.285, 1192, 877, 201.53, 71, 70, 100, 14342, Not Active, Not Active, Not Active
2026/07/17 10:45:44.340, 1192, 877, 205.83, 71, 70, 100, 14342, Not Active, Not Active, Not Active
2026/07/17 10:45:44.392, 1192, 877, 179.88, 71, 70, 100, 14342, Not Active, Not Active, Not Active
2026/07/17 10:45:44.444, 1192, 877, 152.86, 71, 70, 100, 14342, Not Active, Not Active, Not Active
2026/07/17 10:45:44.496, 1192, 877, 178.80, 71, 70, 100, 14342, Not Active, Not Active, Not Active
2026/07/17 10:45:44.548, 1192, 877, 192.21, 71, 69, 100, 14342, Not Active, Not Active, Not Active
2026/07/17 10:45:44.601, 1192, 877, 199.61, 71, 69, 100, 14342, Not Active, Not Active, Not Active
2026/07/17 10:45:44.653, 1192, 877, 198.66, 71, 70, 100, 14342, Not Active, Not Active, Not Active
2026/07/17 10:45:44.705, 1192, 877, 202.96, 71, 70, 100, 14342, Not Active, Not Active, Not Active
2026/07/17 10:45:44.757, 1192, 877, 193.17, 71, 71, 100, 14342, Not Active, Not Active, Not Active
2026/07/17 10:45:44.808, 1192, 877, 155.26, 71, 71, 100, 14342, Not Active, Not Active, Not Active
2026/07/17 10:45:44.863, 1192, 877, 178.08, 71, 70, 100, 14342, Not Active, Not Active, Not Active
2026/07/17 10:45:44.915, 1192, 877, 155.74, 71, 70, 100, 14342, Not Active, Not Active, Not Active
2026/07/17 10:45:44.967, 1192, 877, 173.28, 71, 70, 100, 14342, Not Active, Not Active, Not Active
2026/07/17 10:45:45.018, 1192, 877, 183.47, 71, 70, 100, 14342, Not Active, Not Active, Not Active
2026/07/17 10:45:45.070, 1192, 877, 195.79, 71, 70, 100, 14342, Not Active, Not Active, Not Active
2026/07/17 10:45:45.128, 1192, 877, 199.61, 71, 70, 100, 14342, Not Active, Not Active, Not Active
2026/07/17 10:45:45.179, 1192, 877, 205.22, 71, 70, 100, 14342, Not Active, Not Active, Not Active
2026/07/17 10:45:45.231, 1192, 877, 189.82, 71, 70, 100, 14342, Not Active, Not Active, Not Active
2026/07/17 10:45:45.283, 1192, 877, 164.28, 71, 70, 100, 14342, Not Active, Not Active, Not Active
2026/07/17 10:45:45.335, 1192, 877, 169.93, 71, 70, 100, 14342, Not Active, Not Active, Not Active
2026/07/17 10:45:45.387, 1192, 877, 180.48, 71, 70, 100, 14342, Not Active, Not Active, Not Active
2026/07/17 10:45:45.439, 1192, 877, 193.65, 71, 70, 100, 14342, Not Active, Not Active, Not Active
2026/07/17 10:45:45.490, 1192, 877, 196.40, 71, 70, 100, 14342, Not Active, Not Active, Not Active
2026/07/17 10:45:45.542, 1192, 877, 200.84, 71, 70, 100, 14342, Not Active, Not Active, Not Active
2026/07/17 10:45:45.594, 1192, 877, 178.32, 71, 69, 100, 14342, Not Active, Not Active, Not Active
2026/07/17 10:45:45.649, 1192, 877, 199.13, 71, 70, 100, 14342, Not Active, Not Active, Not Active
2026/07/17 10:45:45.700, 1192, 877, 205.08, 71, 70, 100, 14342, Not Active, Not Active, Not Active
2026/07/17 10:45:45.752, 1192, 877, 195.09, 71, 71, 100, 14342, Not Active, Not Active, Not Active
2026/07/17 10:45:45.804, 1192, 877, 173.88, 71, 71, 100, 14342, Not Active, Not Active, Not Active
2026/07/17 10:45:45.856, 1192, 877, 159.96, 71, 71, 100, 14342, Not Active, Not Active, Not Active
2026/07/17 10:45:45.908, 1192, 877, 178.44, 71, 71, 100, 14342, Not Active, Not Active, Not Active
2026/07/17 10:45:45.960, 1192, 877, 187.42, 71, 69, 100, 14342, Not Active, Not Active, Not Active
2026/07/17 10:45:46.013, 1192, 877, 196.26, 71, 70, 100, 14342, Not Active, Not Active, Not Active
2026/07/17 10:45:46.064, 1192, 877, 200.43, 71, 70, 100, 14342, Not Active, Not Active, Not Active
2026/07/17 10:45:46.116, 1192, 877, 206.45, 71, 70, 100, 14342, Not Active, Not Active, Not Active
2026/07/17 10:45:46.168, 1192, 877, 205.83, 71, 71, 100, 14342, Not Active, Not Active, Not Active
2026/07/17 10:45:46.220, 1192, 877, 165.24, 71, 71, 100, 14342, Not Active, Not Active, Not Active
2026/07/17 10:45:46.275, 1192, 877, 160.92, 71, 71, 100, 14342, Not Active, Not Active, Not Active
2026/07/17 10:45:46.327, 1192, 877, 151.04, 71, 70, 100, 14342, Not Active, Not Active, Not Active
2026/07/17 10:45:46.380, 1192, 877, 158.89, 71, 70, 100, 14342, Not Active, Not Active, Not Active
2026/07/17 10:45:46.432, 1192, 877, 180.12, 71, 71, 100, 14342, Not Active, Not Active, Not Active
2026/07/17 10:45:46.484, 1192, 877, 191.61, 71, 69, 100, 14342, Not Active, Not Active, Not Active
2026/07/17 10:45:46.539, 1192, 877, 200.09, 71, 70, 100, 14342, Not Active, Not Active, Not Active
2026/07/17 10:45:46.591, 1192, 877, 201.18, 71, 70, 100, 14342, Not Active, Not Active, Not Active
2026/07/17 10:45:46.643, 1192, 877, 207.74, 71, 71, 100, 14342, Not Active, Not Active, Not Active
2026/07/17 10:45:46.695, 1192, 877, 192.69, 71, 71, 100, 14342, Not Active, Not Active, Not Active
2026/07/17 10:45:46.747, 1192, 877, 170.52, 71, 71, 100, 14342, Not Active, Not Active, Not Active
2026/07/17 10:45:46.800, 1192, 877, 163.43, 71, 71, 100, 14342, Not Active, Not Active, Not Active
2026/07/17 10:45:46.852, 1192, 877, 175.09, 71, 70, 100, 14342, Not Active, Not Active, Not Active
2026/07/17 10:45:46.904, 1192, 877, 185.38, 72, 70, 100, 14342, Not Active, Not Active, Not Active
2026/07/17 10:45:46.956, 1192, 877, 191.74, 71, 70, 100, 14342, Not Active, Not Active, Not Active
2026/07/17 10:45:47.007, 1192, 877, 202.75, 71, 69, 100, 14342, Not Active, Not Active, Not Active
2026/07/17 10:45:47.064, 1192, 877, 205.35, 71, 71, 100, 14342, Not Active, Not Active, Not Active
2026/07/17 10:45:47.116, 1192, 877, 181.32, 71, 69, 100, 14342, Not Active, Not Active, Not Active
2026/07/17 10:45:47.167, 1192, 877, 198.66, 71, 71, 100, 14342, Not Active, Not Active, Not Active
2026/07/17 10:45:47.219, 1192, 877, 204.05, 71, 71, 100, 14342, Not Active, Not Active, Not Active
2026/07/17 10:45:47.271, 1192, 877, 182.63, 71, 71, 100, 14342, Not Active, Not Active, Not Active
2026/07/17 10:45:47.326, 1192, 877, 162.58, 71, 71, 100, 14342, Not Active, Not Active, Not Active
2026/07/17 10:45:47.378, 1192, 877, 159.96, 71, 71, 100, 14342, Not Active, Not Active, Not Active
2026/07/17 10:45:47.429, 1192, 877, 172.80, 71, 71, 100, 14342, Not Active, Not Active, Not Active
2026/07/17 10:45:47.481, 1192, 877, 189.34, 71, 70, 100, 14342, Not Active, Not Active, Not Active
2026/07/17 10:45:47.533, 1192, 877, 196.87, 72, 69, 100, 14342, Not Active, Not Active, Not Active
2026/07/17 10:45:47.587, 1192, 877, 200.09, 72, 70, 100, 14342, Not Active, Not Active, Not Active
2026/07/17 10:45:47.639, 1192, 877, 202.96, 72, 71, 100, 14342, Not Active, Not Active, Not Active
2026/07/17 10:45:47.691, 1192, 877, 209.18, 72, 71, 100, 14342, Not Active, Not Active, Not Active
2026/07/17 10:45:47.743, 1192, 877, 186.95, 72, 71, 100, 14342, Not Active, Not Active, Not Active
2026/07/17 10:45:47.794, 1192, 877, 147.10, 72, 71, 100, 14342, Not Active, Not Active, Not Active
2026/07/17 10:45:47.850, 1192, 877, 168.49, 72, 71, 100, 14342, Not Active, Not Active, Not Active
2026/07/17 10:45:47.903, 1192, 877, 150.56, 71, 71, 100, 14342, Not Active, Not Active, Not Active
2026/07/17 10:45:47.955, 1192, 877, 165.72, 71, 71, 100, 14342, Not Active, Not Active, Not Active
2026/07/17 10:45:48.007, 1192, 877, 173.65, 72, 71, 100, 14342, Not Active, Not Active, Not Active
2026/07/17 10:45:48.059, 1192, 877, 187.17, 71, 70, 100, 14342, Not Active, Not Active, Not Active
2026/07/17 10:45:48.112, 1192, 877, 195.22, 72, 70, 100, 14342, Not Active, Not Active, Not Active
2026/07/17 10:45:48.164, 1192, 877, 202.48, 71, 70, 100, 14342, Not Active, Not Active, Not Active
2026/07/17 10:45:48.216, 1192, 877, 198.66, 72, 71, 100, 14342, Not Active, Not Active, Not Active
2026/07/17 10:45:48.268, 1192, 877, 209.80, 72, 71, 100, 14342, Not Active, Not Active, Not Active
2026/07/17 10:45:48.319, 1192, 877, 181.80, 72, 71, 100, 14342, Not Active, Not Active, Not Active
2026/07/17 10:45:48.376, 1192, 877, 153.34, 72, 71, 100, 14342, Not Active, Not Active, Not Active
2026/07/17 10:45:48.427, 1192, 877, 167.53, 72, 71, 100, 14342, Not Active, Not Active, Not Active
2026/07/17 10:45:48.479, 1192, 877, 178.56, 72, 71, 100, 14342, Not Active, Not Active, Not Active
2026/07/17 10:45:48.532, 1192, 877, 192.21, 72, 70, 100, 14342, Not Active, Not Active, Not Active
2026/07/17 10:45:48.583, 1192, 877, 191.74, 72, 70, 100, 14342, Not Active, Not Active, Not Active
2026/07/17 10:45:48.638, 1192, 877, 142.87, 72, 70, 100, 14342, Not Active, Not Active, Not Active
2026/07/17 10:45:48.689, 1192, 877, 192.09, 71, 70, 100, 14342, Not Active, Not Active, Not Active
2026/07/17 10:45:48.741, 1192, 877, 195.57, 72, 70, 100, 14342, Not Active, Not Active, Not Active
2026/07/17 10:45:48.793, 1192, 877, 202.27, 71, 71, 100, 14342, Not Active, Not Active, Not Active
2026/07/17 10:45:48.845, 1192, 877, 204.53, 72, 71, 100, 14342, Not Active, Not Active, Not Active
2026/07/17 10:45:48.900, 1192, 877, 193.52, 72, 71, 100, 14342, Not Active, Not Active, Not Active
2026/07/17 10:45:48.952, 1192, 877, 180.84, 72, 71, 100, 14342, Not Active, Not Active, Not Active
2026/07/17 10:45:49.004, 1192, 877, 158.15, 72, 71, 100, 14342, Not Active, Not Active, Not Active
2026/07/17 10:45:49.056, 1192, 877, 162.95, 72, 71, 100, 14342, Not Active, Not Active, Not Active
2026/07/17 10:45:49.108, 1192, 877, 178.80, 72, 70, 100, 14342, Not Active, Not Active, Not Active
2026/07/17 10:45:49.164, 1192, 877, 192.21, 72, 71, 100, 14342, Not Active, Not Active, Not Active
2026/07/17 10:45:49.215, 1192, 877, 196.05, 72, 71, 100, 14342, Not Active, Not Active, Not Active
2026/07/17 10:45:49.267, 1192, 877, 201.66, 72, 71, 100, 14342, Not Active, Not Active, Not Active
2026/07/17 10:45:49.319, 1192, 877, 198.66, 72, 71, 100, 14342, Not Active, Not Active, Not Active
2026/07/17 10:45:49.371, 1192, 877, 200.23, 72, 71, 100, 14342, Not Active, Not Active, Not Active
2026/07/17 10:45:49.427, 1192, 877, 185.99, 71, 70, 100, 14342, Not Active, Not Active, Not Active
2026/07/17 10:45:49.478, 1192, 877, 203.44, 71, 71, 100, 14342, Not Active, Not Active, Not Active
2026/07/17 10:45:49.530, 1192, 877, 199.88, 72, 71, 100, 14342, Not Active, Not Active, Not Active
2026/07/17 10:45:49.582, 1192, 877, 183.71, 72, 71, 100, 14342, Not Active, Not Active, Not Active
2026/07/17 10:45:49.633, 1192, 877, 158.25, 72, 71, 100, 14342, Not Active, Not Active, Not Active
2026/07/17 10:45:49.688, 1192, 877, 159.75, 72, 71, 100, 14342, Not Active, Not Active, Not Active
2026/07/17 10:45:49.739, 1192, 877, 178.68, 72, 71, 100, 14342, Not Active, Not Active, Not Active
2026/07/17 10:45:49.791, 1192, 877, 183.59, 72, 71, 100, 14342, Not Active, Not Active, Not Active
2026/07/17 10:45:49.843, 1192, 877, 192.69, 72, 71, 100, 14342, Not Active, Not Active, Not Active
2026/07/17 10:45:49.895, 1192, 877, 199.13, 72, 71, 100, 14342, Not Active, Not Active, Not Active
2026/07/17 10:45:49.951, 1192, 877, 199.13, 72, 71, 100, 14342, Not Active, Not Active, Not Active
2026/07/17 10:45:50.002, 1192, 877, 203.78, 72, 71, 100, 14342, Not Active, Not Active, Not Active
2026/07/17 10:45:50.054, 1192, 877, 204.40, 72, 71, 100, 14342, Not Active, Not Active, Not Active
2026/07/17 10:45:50.106, 1192, 877, 186.59, 72, 71, 100, 14342, Not Active, Not Active, Not Active
2026/07/17 10:45:50.158, 1192, 877, 158.63, 72, 72, 100, 14342, Not Active, Not Active, Not Active
2026/07/17 10:45:50.213, 1192, 877, 194.61, 72, 71, 100, 14342, Not Active, Not Active, Not Active
2026/07/17 10:45:50.265, 1192, 877, 184.19, 72, 71, 100, 14342, Not Active, Not Active, Not Active
2026/07/17 10:45:50.316, 1192, 877, 173.76, 72, 71, 100, 14342, Not Active, Not Active, Not Active
2026/07/17 10:45:50.368, 1192, 877, 149.60, 72, 71, 100, 14342, Not Active, Not Active, Not Active
2026/07/17 10:45:50.420, 1192, 877, 163.21, 72, 71, 100, 14342, Not Active, Not Active, Not Active
2026/07/17 10:45:50.472, 1192, 877, 174.24, 72, 71, 100, 14342, Not Active, Not Active, Not Active
2026/07/17 10:45:50.523, 1192, 877, 192.57, 72, 71, 100, 14342, Not Active, Not Active, Not Active
2026/07/17 10:45:50.582, 1192, 877, 202.62, 72, 70, 100, 14342, Not Active, Not Active, Not Active
2026/07/17 10:45:50.634, 1192, 877, 203.71, 72, 71, 100, 14342, Not Active, Not Active, Not Active
2026/07/17 10:45:50.686, 1192, 877, 205.83, 72, 71, 100, 14342, Not Active, Not Active, Not Active
2026/07/17 10:45:50.738, 1192, 877, 206.65, 72, 71, 100, 14342, Not Active, Not Active, Not Active
2026/07/17 10:45:50.790, 1192, 877, 185.76, 72, 71, 100, 14342, Not Active, Not Active, Not Active
2026/07/17 10:45:50.845, 1192, 877, 166.68, 72, 71, 100, 14342, Not Active, Not Active, Not Active
2026/07/17 10:45:50.897, 1192, 877, 146.24, 72, 71, 100, 14342, Not Active, Not Active, Not Active
2026/07/17 10:45:50.949, 1192, 877, 162.62, 72, 72, 100, 14342, Not Active, Not Active, Not Active
2026/07/17 10:45:51.000, 1192, 877, 171.85, 72, 71, 100, 14342, Not Active, Not Active, Not Active
2026/07/17 10:45:51.052, 1192, 877, 147.68, 72, 71, 100, 14342, Not Active, Not Active, Not Active
2026/07/17 10:45:51.106, 1192, 877, 157.46, 72, 72, 100, 14342, Not Active, Not Active, Not Active
2026/07/17 10:45:51.158, 1192, 877, 175.20, 72, 71, 100, 14342, Not Active, Not Active, Not Active
2026/07/17 10:45:51.209, 1192, 877, 180.84, 72, 72, 100, 14342, Not Active, Not Active, Not Active
2026/07/17 10:45:51.261, 1192, 877, 188.86, 72, 72, 100, 14342, Not Active, Not Active, Not Active
2026/07/17 10:45:51.313, 1192, 877, 194.13, 72, 72, 100, 14342, Not Active, Not Active, Not Active
2026/07/17 10:45:51.365, 1192, 877, 198.44, 72, 71, 100, 14342, Not Active, Not Active, Not Active
2026/07/17 10:45:51.416, 1192, 877, 199.61, 72, 71, 100, 14342, Not Active, Not Active, Not Active
2026/07/17 10:45:51.473, 1192, 877, 207.40, 72, 71, 100, 14342, Not Active, Not Active, Not Active
2026/07/17 10:45:51.525, 1192, 877, 198.44, 72, 71, 100, 14342, Not Active, Not Active, Not Active
2026/07/17 10:45:51.577, 1192, 877, 180.84, 72, 71, 100, 14342, Not Active, Not Active, Not Active
2026/07/17 10:45:51.628, 1192, 877, 171.85, 72, 72, 100, 14342, Not Active, Not Active, Not Active
2026/07/17 10:45:51.680, 1192, 877, 151.52, 72, 72, 100, 14342, Not Active, Not Active, Not Active
2026/07/17 10:45:51.732, 1192, 877, 157.66, 72, 72, 100, 14342, Not Active, Not Active, Not Active
2026/07/17 10:45:51.784, 1192, 877, 163.91, 72, 71, 100, 14342, Not Active, Not Active, Not Active
2026/07/17 10:45:51.838, 1192, 877, 147.68, 72, 71, 100, 14342, Not Active, Not Active, Not Active
2026/07/17 10:45:51.890, 1192, 877, 157.18, 72, 71, 100, 14342, Not Active, Not Active, Not Active
2026/07/17 10:45:51.942, 1192, 877, 171.25, 72, 71, 100, 14342, Not Active, Not Active, Not Active
2026/07/17 10:45:51.993, 1192, 877, 177.60, 72, 72, 100, 14342, Not Active, Not Active, Not Active
2026/07/17 10:45:52.045, 1192, 877, 186.95, 72, 71, 100, 14342, Not Active, Not Active, Not Active
2026/07/17 10:45:52.097, 1192, 877, 190.17, 72, 71, 100, 14342, Not Active, Not Active, Not Active
2026/07/17 10:45:52.149, 1192, 877, 203.71, 72, 71, 100, 14342, Not Active, Not Active, Not Active
2026/07/17 10:45:52.208, 1192, 877, 206.79, 72, 71, 100, 14342, Not Active, Not Active, Not Active
2026/07/17 10:45:52.260, 1192, 877, 206.79, 72, 71, 100, 14342, Not Active, Not Active, Not Active
2026/07/17 10:45:52.312, 1192, 877, 199.88, 72, 71, 100, 14342, Not Active, Not Active, Not Active
2026/07/17 10:45:52.364, 1192, 877, 183.11, 72, 72, 100, 14342, Not Active, Not Active, Not Active
2026/07/17 10:45:52.415, 1192, 877, 160.07, 72, 72, 100, 14342, Not Active, Not Active, Not Active
2026/07/17 10:45:52.470, 1192, 877, 149.60, 72, 72, 100, 14342, Not Active, Not Active, Not Active
2026/07/17 10:45:52.522, 1192, 877, 164.17, 72, 72, 100, 14342, Not Active, Not Active, Not Active
2026/07/17 10:45:52.574, 1192, 877, 168.49, 72, 71, 100, 14342, Not Active, Not Active, Not Active
2026/07/17 10:45:52.625, 1192, 877, 158.63, 72, 72, 100, 14342, Not Active, Not Active, Not Active
2026/07/17 10:45:52.677, 1192, 877, 149.60, 72, 72, 100, 14342, Not Active, Not Active, Not Active
2026/07/17 10:45:52.729, 1192, 877, 163.32, 72, 72, 100, 14342, Not Active, Not Active, Not Active
2026/07/17 10:45:52.781, 1192, 877, 169.33, 72, 72, 100, 14342, Not Active, Not Active, Not Active
2026/07/17 10:45:52.833, 1192, 877, 177.37, 72, 72, 100, 14342, Not Active, Not Active, Not Active
2026/07/17 10:45:52.884, 1192, 877, 192.91, 72, 72, 100, 14342, Not Active, Not Active, Not Active
2026/07/17 10:45:52.940, 1192, 877, 197.01, 72, 71, 100, 14342, Not Active, Not Active, Not Active
2026/07/17 10:45:52.992, 1192, 877, 198.79, 72, 72, 100, 14342, Not Active, Not Active, Not Active
2026/07/17 10:45:53.044, 1192, 877, 198.44, 72, 71, 100, 14342, Not Active, Not Active, Not Active
2026/07/17 10:45:53.096, 1192, 877, 202.82, 72, 71, 100, 14342, Not Active, Not Active, Not Active
2026/07/17 10:45:53.147, 1192, 877, 206.45, 72, 71, 100, 14342, Not Active, Not Active, Not Active
2026/07/17 10:45:53.200, 1192, 877, 205.15, 72, 71, 100, 14342, Not Active, Not Active, Not Active
2026/07/17 10:45:53.251, 1192, 877, 175.68, 72, 72, 100, 14342, Not Active, Not Active, Not Active
2026/07/17 10:45:53.307, 1192, 877, 161.40, 72, 72, 100, 14342, Not Active, Not Active, Not Active
2026/07/17 10:45:53.359, 1192, 877, 197.70, 72, 71, 100, 14342, Not Active, Not Active, Not Active
2026/07/17 10:45:53.411, 1192, 877, 195.57, 72, 72, 100, 14342, Not Active, Not Active, Not Active
2026/07/17 10:45:53.463, 1192, 877, 186.47, 72, 71, 100, 14342, Not Active, Not Active, Not Active
2026/07/17 10:45:53.514, 1192, 877, 177.60, 72, 72, 100, 14342, Not Active, Not Active, Not Active
2026/07/17 10:45:53.566, 1192, 877, 165.35, 72, 72, 100, 14342, Not Active, Not Active, Not Active
2026/07/17 10:45:53.618, 1192, 877, 147.68, 72, 72, 100, 14342, Not Active, Not Active, Not Active
2026/07/17 10:45:53.669, 1192, 877, 149.40, 72, 72, 100, 14342, Not Active, Not Active, Not Active
2026/07/17 10:45:53.721, 1192, 877, 162.84, 72, 72, 100, 14342, Not Active, Not Active, Not Active
2026/07/17 10:45:53.773, 1192, 877, 192.34, 72, 72, 100, 14342, Not Active, Not Active, Not Active
2026/07/17 10:45:53.831, 1192, 877, 192.09, 72, 72, 100, 14342, Not Active, Not Active, Not Active
2026/07/17 10:45:53.885, 1192, 877, 201.66, 72, 72, 100, 14342, Not Active, Not Active, Not Active
2026/07/17 10:45:53.937, 1192, 877, 200.09, 72, 71, 100, 14342, Not Active, Not Active, Not Active
2026/07/17 10:45:53.988, 1192, 877, 199.13, 72, 71, 100, 14342, Not Active, Not Active, Not Active
2026/07/17 10:45:54.040, 1192, 877, 203.23, 73, 72, 100, 14342, Not Active, Not Active, Not Active
2026/07/17 10:45:54.092, 1192, 877, 208.84, 72, 72, 100, 14342, Not Active, Not Active, Not Active
2026/07/17 10:45:54.146, 1192, 877, 181.68, 72, 70, 100, 14342, Not Active, Not Active, Not Active
2026/07/17 10:45:54.198, 1192, 877, 200.43, 72, 71, 100, 14342, Not Active, Not Active, Not Active
2026/07/17 10:45:54.253, 1192, 877, 204.26, 72, 72, 100, 14342, Not Active, Not Active, Not Active
2026/07/17 10:45:54.305, 1192, 877, 206.79, 72, 72, 100, 14342, Not Active, Not Active, Not Active
2026/07/17 10:45:54.357, 1192, 877, 177.12, 72, 72, 100, 14342, Not Active, Not Active, Not Active
2026/07/17 10:45:54.413, 1192, 877, 167.16, 72, 72, 100, 14342, Not Active, Not Active, Not Active
2026/07/17 10:45:54.465, 1192, 877, 151.52, 72, 72, 100, 14342, Not Active, Not Active, Not Active
2026/07/17 10:45:54.517, 1192, 877, 146.04, 72, 72, 100, 14342, Not Active, Not Active, Not Active
2026/07/17 10:45:54.568, 1192, 877, 169.19, 73, 72, 100, 14342, Not Active, Not Active, Not Active
2026/07/17 10:45:54.620, 1192, 877, 175.57, 73, 72, 100, 14342, Not Active, Not Active, Not Active
2026/07/17 10:45:54.675, 1192, 877, 184.91, 72, 72, 100, 14342, Not Active, Not Active, Not Active
2026/07/17 10:45:54.727, 1192, 877, 194.13, 73, 72, 100, 14342, Not Active, Not Active, Not Active
2026/07/17 10:45:54.779, 1192, 877, 189.21, 72, 72, 100, 14342, Not Active, Not Active, Not Active
2026/07/17 10:45:54.831, 1192, 877, 195.44, 72, 72, 100, 14342, Not Active, Not Active, Not Active
2026/07/17 10:45:54.882, 1192, 877, 197.57, 73, 71, 100, 14342, Not Active, Not Active, Not Active
2026/07/17 10:45:54.938, 1192, 877, 153.34, 72, 72, 100, 14342, Not Active, Not Active, Not Active
2026/07/17 10:45:54.990, 1192, 877, 192.21, 72, 71, 100, 14342, Not Active, Not Active, Not Active
2026/07/17 10:45:55.042, 1192, 877, 194.96, 72, 72, 100, 14342, Not Active, Not Active, Not Active
2026/07/17 10:45:55.094, 1192, 877, 196.74, 72, 71, 100, 14342, Not Active, Not Active, Not Active
2026/07/17 10:45:55.145, 1192, 877, 200.57, 72, 72, 100, 14342, Not Active, Not Active, Not Active
2026/07/17 10:45:55.200, 1192, 877, 202.48, 72, 72, 100, 14342, Not Active, Not Active, Not Active
2026/07/17 10:45:55.251, 1192, 877, 204.74, 73, 71, 100, 14342, Not Active, Not Active, Not Active
2026/07/17 10:45:55.303, 1192, 877, 184.19, 73, 72, 100, 14342, Not Active, Not Active, Not Active
2026/07/17 10:45:55.360, 1192, 877, 178.08, 73, 72, 100, 14342, Not Active, Not Active, Not Active
2026/07/17 10:45:55.412, 1192, 877, 168.60, 73, 72, 100, 14342, Not Active, Not Active, Not Active
2026/07/17 10:45:55.464, 1192, 877, 149.98, 73, 72, 100, 14342, Not Active, Not Active, Not Active
2026/07/17 10:45:55.518, 1192, 877, 153.82, 73, 72, 100, 14342, Not Active, Not Active, Not Active
2026/07/17 10:45:55.569, 1192, 877, 168.23, 72, 72, 100, 14342, Not Active, Not Active, Not Active
2026/07/17 10:45:55.621, 1192, 877, 171.48, 73, 72, 100, 14342, Not Active, Not Active, Not Active
2026/07/17 10:45:55.673, 1192, 877, 175.68, 73, 72, 100, 14342, Not Active, Not Active, Not Active
2026/07/17 10:45:55.725, 1192, 877, 123.81, 72, 72, 100, 14342, Not Active, Not Active, Not Active
2026/07/17 10:45:55.779, 1192, 877, 148.54, 72, 71, 100, 14342, Not Active, Not Active, Not Active
2026/07/17 10:45:55.831, 1192, 877, 159.37, 72, 72, 100, 14342, Not Active, Not Active, Not Active
2026/07/17 10:45:55.883, 1192, 877, 170.04, 72, 72, 100, 14342, Not Active, Not Active, Not Active
2026/07/17 10:45:55.935, 1192, 877, 172.21, 72, 72, 100, 14342, Not Active, Not Active, Not Active
2026/07/17 10:45:55.986, 1192, 877, 186.22, 73, 72, 100, 14342, Not Active, Not Active, Not Active
2026/07/17 10:45:56.041, 1192, 877, 191.13, 73, 72, 100, 14342, Not Active, Not Active, Not Active
2026/07/17 10:45:56.093, 1192, 877, 190.78, 72, 72, 100, 14342, Not Active, Not Active, Not Active
2026/07/17 10:45:56.144, 1192, 877, 195.92, 73, 72, 100, 14342, Not Active, Not Active, Not Active
2026/07/17 10:45:56.196, 1192, 877, 199.96, 73, 71, 100, 14342, Not Active, Not Active, Not Active
2026/07/17 10:45:56.248, 1192, 877, 199.27, 72, 72, 100, 14342, Not Active, Not Active, Not Active
2026/07/17 10:45:56.304, 1192, 877, 206.59, 73, 72, 100, 14342, Not Active, Not Active, Not Active
2026/07/17 10:45:56.355, 1192, 877, 209.80, 73, 72, 100, 14342, Not Active, Not Active, Not Active
2026/07/17 10:45:56.408, 1192, 877, 190.78, 73, 72, 100, 14342, Not Active, Not Active, Not Active
2026/07/17 10:45:56.464, 1192, 877, 179.40, 73, 72, 100, 14342, Not Active, Not Active, Not Active
2026/07/17 10:45:56.516, 1192, 877, 173.40, 73, 72, 100, 14342, Not Active, Not Active, Not Active
2026/07/17 10:45:56.568, 1192, 877, 198.31, 72, 71, 100, 14342, Not Active, Not Active, Not Active
2026/07/17 10:45:56.624, 1192, 877, 201.18, 73, 72, 100, 14342, Not Active, Not Active, Not Active
2026/07/17 10:45:56.676, 1192, 877, 195.09, 73, 72, 100, 14342, Not Active, Not Active, Not Active
2026/07/17 10:45:56.728, 1192, 877, 186.59, 73, 72, 100, 14342, Not Active, Not Active, Not Active
2026/07/17 10:45:56.780, 1192, 877, 177.60, 73, 72, 100, 14342, Not Active, Not Active, Not Active
2026/07/17 10:45:56.863, 1192, 877, 201.05, 73, 71, 100, 14342, Not Active, Not Active, Not Active
2026/07/17 10:45:56.915, 1192, 877, 198.79, 73, 72, 100, 14342, Not Active, Not Active, Not Active
2026/07/17 10:45:56.967, 1192, 877, 199.27, 73, 72, 100, 14342, Not Active, Not Active, Not Active
2026/07/17 10:45:57.018, 1192, 877, 209.46, 73, 72, 100, 14342, Not Active, Not Active, Not Active
2026/07/17 10:45:57.070, 1192, 877, 197.35, 73, 72, 100, 14342, Not Active, Not Active, Not Active
2026/07/17 10:45:57.127, 1192, 877, 188.38, 73, 72, 100, 14342, Not Active, Not Active, Not Active
2026/07/17 10:45:57.179, 1192, 877, 183.36, 73, 72, 100, 14342, Not Active, Not Active, Not Active
2026/07/17 10:45:57.230, 1192, 877, 165.24, 73, 72, 100, 14342, Not Active, Not Active, Not Active
2026/07/17 10:45:57.285, 1192, 877, 153.44, 73, 72, 100, 14342, Not Active, Not Active, Not Active
2026/07/17 10:45:57.337, 1192, 877, 142.87, 73, 72, 100, 14342, Not Active, Not Active, Not Active
2026/07/17 10:45:57.389, 1192, 877, 185.99, 72, 72, 100, 14342, Not Active, Not Active, Not Active
2026/07/17 10:45:57.441, 1192, 877, 185.51, 73, 72, 100, 14342, Not Active, Not Active, Not Active
2026/07/17 10:45:57.493, 1192, 877, 175.68, 73, 72, 100, 14342, Not Active, Not Active, Not Active
2026/07/17 10:45:57.547, 1192, 877, 167.16, 73, 72, 100, 14342, Not Active, Not Active, Not Active
2026/07/17 10:45:57.599, 1192, 877, 155.74, 73, 72, 100, 14342, Not Active, Not Active, Not Active
2026/07/17 10:45:57.651, 1192, 877, 151.04, 73, 72, 100, 14342, Not Active, Not Active, Not Active
2026/07/17 10:45:57.703, 1192, 877, 146.24, 73, 72, 100, 14342, Not Active, Not Active, Not Active
2026/07/17 10:45:57.755, 1192, 877, 157.77, 73, 72, 100, 14342, Not Active, Not Active, Not Active
2026/07/17 10:45:57.807, 1192, 877, 161.51, 73, 72, 100, 14342, Not Active, Not Active, Not Active
2026/07/17 10:45:57.858, 1192, 877, 164.54, 73, 72, 100, 14342, Not Active, Not Active, Not Active
2026/07/17 10:45:57.910, 1192, 877, 171.73, 73, 72, 100, 14342, Not Active, Not Active, Not Active
2026/07/17 10:45:57.962, 1192, 877, 177.12, 73, 71, 100, 14342, Not Active, Not Active, Not Active
2026/07/17 10:45:58.014, 1192, 877, 191.26, 73, 72, 100, 14342, Not Active, Not Active, Not Active
2026/07/17 10:45:58.068, 1192, 877, 193.04, 73, 72, 100, 14342, Not Active, Not Active, Not Active
2026/07/17 10:45:58.120, 1192, 877, 193.30, 73, 71, 100, 14342, Not Active, Not Active, Not Active
2026/07/17 10:45:58.172, 1192, 877, 93.74, 73, 72, 100, 14342, Not Active, Not Active, Not Active
2026/07/17 10:45:58.224, 1192, 877, 168.60, 73, 72, 100, 14342, Not Active, Not Active, Not Active
2026/07/17 10:45:58.276, 1192, 877, 173.17, 73, 72, 100, 14342, Not Active, Not Active, Not Active
2026/07/17 10:45:58.328, 1192, 877, 174.61, 73, 72, 100, 14342, Not Active, Not Active, Not Active
2026/07/17 10:45:58.380, 1192, 877, 175.45, 73, 72, 100, 14342, Not Active, Not Active, Not Active
2026/07/17 10:45:58.432, 1192, 877, 184.67, 73, 72, 100, 14342, Not Active, Not Active, Not Active
2026/07/17 10:45:58.483, 1192, 877, 190.78, 73, 71, 100, 14342, Not Active, Not Active, Not Active
2026/07/17 10:45:58.535, 1192, 877, 191.61, 73, 71, 100, 14342, Not Active, Not Active, Not Active
2026/07/17 10:45:58.591, 1192, 877, 197.35, 73, 72, 100, 14342, Not Active, Not Active, Not Active
2026/07/17 10:45:58.643, 1192, 877, 202.00, 73, 72, 100, 14342, Not Active, Not Active, Not Active
2026/07/17 10:45:58.695, 1192, 877, 201.80, 73, 72, 100, 14342, Not Active, Not Active, Not Active
2026/07/17 10:45:58.747, 1192, 877, 201.53, 73, 71, 100, 14342, Not Active, Not Active, Not Active
2026/07/17 10:45:58.799, 1192, 877, 201.66, 73, 72, 100, 14342, Not Active, Not Active, Not Active
2026/07/17 10:45:58.853, 1192, 877, 203.10, 73, 72, 100, 14342, Not Active, Not Active, Not Active
2026/07/17 10:45:58.905, 1192, 877, 208.50, 73, 72, 100, 14342, Not Active, Not Active, Not Active
2026/07/17 10:45:58.956, 1192, 877, 193.65, 73, 72, 100, 14342, Not Active, Not Active, Not Active
2026/07/17 10:45:59.014, 1192, 877, 182.15, 73, 71, 100, 14342, Not Active, Not Active, Not Active
2026/07/17 10:45:59.067, 1192, 877, 202.82, 73, 72, 100, 14342, Not Active, Not Active, Not Active
2026/07/17 10:45:59.119, 1192, 877, 204.40, 73, 72, 100, 14342, Not Active, Not Active, Not Active
2026/07/17 10:45:59.174, 1192, 877, 210.14, 73, 72, 100, 14342, Not Active, Not Active, Not Active
2026/07/17 10:45:59.226, 1192, 877, 202.14, 73, 72, 100, 14342, Not Active, Not Active, Not Active
2026/07/17 10:45:59.278, 1192, 877, 181.32, 73, 72, 100, 14342, Not Active, Not Active, Not Active
2026/07/17 10:45:59.335, 1192, 877, 173.28, 73, 72, 100, 14342, Not Active, Not Active, Not Active
2026/07/17 10:45:59.387, 1192, 877, 172.32, 73, 73, 100, 14342, Not Active, Not Active, Not Active
2026/07/17 10:45:59.438, 1192, 877, 155.26, 73, 72, 100, 14342, Not Active, Not Active, Not Active
2026/07/17 10:45:59.493, 1192, 877, 144.79, 73, 72, 100, 14342, Not Active, Not Active, Not Active
2026/07/17 10:45:59.545, 1192, 877, 138.54, 73, 72, 100, 14342, Not Active, Not Active, Not Active
2026/07/17 10:45:59.597, 1192, 877, 145.56, 73, 73, 100, 14342, Not Active, Not Active, Not Active
2026/07/17 10:45:59.649, 1192, 877, 150.26, 73, 72, 100, 14342, Not Active, Not Active, Not Active
2026/07/17 10:45:59.700, 1192, 877, 166.31, 73, 72, 100, 14342, Not Active, Not Active, Not Active
2026/07/17 10:45:59.753, 1192, 877, 163.21, 73, 72, 100, 14342, Not Active, Not Active, Not Active
2026/07/17 10:45:59.805, 1192, 877, 172.80, 73, 72, 100, 14342, Not Active, Not Active, Not Active
2026/07/17 10:45:59.856, 1192, 877, 211.38, 73, 72, 97, 14342, Not Active, Not Active, Not Active
2026/07/17 10:45:59.908, 1192, 877, 210.62, 73, 73, 97, 14342, Not Active, Not Active, Not Active
2026/07/17 10:45:59.960, 1192, 877, 211.43, 73, 74, 97, 14342, Not Active, Not Active, Not Active
2026/07/17 10:46:00.017, 1192, 877, 211.29, 73, 74, 100, 14342, Not Active, Not Active, Not Active
2026/07/17 10:46:00.069, 1192, 877, 210.00, 74, 74, 100, 14342, Not Active, Not Active, Not Active
2026/07/17 10:46:00.121, 1192, 877, 210.48, 74, 74, 100, 14342, Not Active, Not Active, Not Active
2026/07/17 10:46:00.174, 1192, 877, 215.40, 74, 74, 100, 14342, Not Active, Not Active, Not Active
2026/07/17 10:46:00.225, 1192, 877, 215.88, 74, 74, 100, 14342, Not Active, Not Active, Not Active
2026/07/17 10:46:00.282, 1192, 877, 210.48, 74, 74, 100, 14342, Not Active, Not Active, Not Active
2026/07/17 10:46:00.334, 1192, 877, 207.47, 74, 74, 100, 14342, Not Active, Not Active, Not Active
2026/07/17 10:46:00.385, 1192, 877, 174.13, 74, 74, 100, 14342, Not Active, Not Active, Not Active
2026/07/17 10:46:00.440, 1192, 877, 209.32, 74, 74, 100, 14342, Not Active, Not Active, Not Active
2026/07/17 10:46:00.492, 1192, 877, 208.36, 74, 74, 100, 14342, Not Active, Not Active, Not Active
2026/07/17 10:46:00.543, 1192, 877, 213.96, 74, 74, 100, 14342, Not Active, Not Active, Not Active
2026/07/17 10:46:00.595, 1192, 877, 208.84, 74, 74, 100, 14342, Not Active, Not Active, Not Active
2026/07/17 10:46:00.647, 1192, 877, 209.18, 74, 74, 100, 14342, Not Active, Not Active, Not Active
2026/07/17 10:46:00.703, 1192, 877, 210.14, 74, 74, 100, 14342, Not Active, Not Active, Not Active
2026/07/17 10:46:00.755, 1192, 877, 213.15, 74, 74, 100, 14342, Not Active, Not Active, Not Active
2026/07/17 10:46:00.807, 1192, 877, 211.71, 74, 74, 100, 14342, Not Active, Not Active, Not Active
2026/07/17 10:46:00.864, 1192, 877, 214.44, 74, 75, 100, 14342, Not Active, Not Active, Not Active
2026/07/17 10:46:00.916, 1192, 877, 210.62, 74, 75, 100, 14342, Not Active, Not Active, Not Active
2026/07/17 10:46:00.968, 1192, 877, 201.05, 74, 74, 100, 14342, Not Active, Not Active, Not Active
2026/07/17 10:46:01.023, 1192, 877, 210.62, 74, 75, 100, 14342, Not Active, Not Active, Not Active
2026/07/17 10:46:01.075, 1192, 877, 208.56, 74, 74, 100, 14342, Not Active, Not Active, Not Active
2026/07/17 10:46:01.127, 1192, 877, 213.01, 74, 75, 100, 14342, Not Active, Not Active, Not Active
2026/07/17 10:46:01.179, 1192, 877, 213.01, 74, 75, 100, 14342, Not Active, Not Active, Not Active
2026/07/17 10:46:01.230, 1192, 877, 213.96, 74, 75, 100, 14342, Not Active, Not Active, Not Active
2026/07/17 10:46:01.285, 1192, 877, 210.33, 74, 75, 100, 14342, Not Active, Not Active, Not Active
2026/07/17 10:46:01.337, 1192, 877, 214.44, 74, 75, 100, 14342, Not Active, Not Active, Not Active
2026/07/17 10:46:01.389, 1192, 877, 210.95, 74, 75, 100, 14342, Not Active, Not Active, Not Active
2026/07/17 10:46:01.446, 1192, 877, 214.59, 74, 75, 100, 14342, Not Active, Not Active, Not Active
2026/07/17 10:46:01.497, 1192, 877, 211.57, 74, 75, 100, 14342, Not Active, Not Active, Not Active
2026/07/17 10:46:01.549, 1192, 877, 200.09, 74, 74, 100, 14342, Not Active, Not Active, Not Active
2026/07/17 10:46:01.605, 1192, 877, 210.14, 74, 75, 100, 14342, Not Active, Not Active, Not Active
2026/07/17 10:46:01.657, 1192, 877, 212.24, 74, 75, 100, 14342, Not Active, Not Active, Not Active
2026/07/17 10:46:01.709, 1192, 877, 207.61, 74, 75, 100, 14342, Not Active, Not Active, Not Active
2026/07/17 10:46:01.761, 1192, 877, 210.48, 74, 75, 100, 14342, Not Active, Not Active, Not Active
2026/07/17 10:46:01.813, 1192, 877, 203.92, 74, 75, 100, 14342, Not Active, Not Active, Not Active
2026/07/17 10:46:01.867, 1192, 877, 207.27, 74, 75, 100, 14342, Not Active, Not Active, Not Active
2026/07/17 10:46:01.919, 1192, 877, 211.43, 74, 75, 100, 14342, Not Active, Not Active, Not Active
2026/07/17 10:46:01.971, 1192, 877, 208.36, 75, 75, 100, 14342, Not Active, Not Active, Not Active
2026/07/17 10:46:02.027, 1192, 877, 211.57, 75, 75, 100, 14342, Not Active, Not Active, Not Active
2026/07/17 10:46:02.080, 1192, 877, 209.52, 75, 75, 100, 14342, Not Active, Not Active, Not Active
2026/07/17 10:46:02.131, 1192, 877, 199.61, 74, 75, 100, 14342, Not Active, Not Active, Not Active
2026/07/17 10:46:02.188, 1192, 877, 204.74, 74, 75, 100, 14342, Not Active, Not Active, Not Active
2026/07/17 10:46:02.240, 1192, 877, 211.91, 74, 75, 100, 14342, Not Active, Not Active, Not Active
2026/07/17 10:46:02.292, 1192, 877, 209.52, 75, 75, 100, 14342, Not Active, Not Active, Not Active
2026/07/17 10:46:02.349, 1192, 877, 214.30, 75, 75, 100, 14342, Not Active, Not Active, Not Active
2026/07/17 10:46:02.400, 1192, 877, 206.65, 75, 75, 100, 14342, Not Active, Not Active, Not Active
2026/07/17 10:46:02.452, 1192, 877, 213.01, 75, 75, 100, 14342, Not Active, Not Active, Not Active
2026/07/17 10:46:02.510, 1192, 877, 209.32, 75, 75, 100, 14342, Not Active, Not Active, Not Active
2026/07/17 10:46:02.561, 1192, 877, 209.18, 75, 75, 100, 14342, Not Active, Not Active, Not Active
2026/07/17 10:46:02.613, 1192, 877, 207.40, 75, 75, 100, 14342, Not Active, Not Active, Not Active
2026/07/17 10:46:02.669, 1192, 877, 207.74, 75, 75, 100, 14342, Not Active, Not Active, Not Active
2026/07/17 10:46:02.721, 1192, 877, 202.62, 74, 74, 100, 14342, Not Active, Not Active, Not Active
2026/07/17 10:46:02.773, 1192, 877, 213.01, 75, 75, 100, 14342, Not Active, Not Active, Not Active
2026/07/17 10:46:02.830, 1192, 877, 210.00, 75, 75, 100, 14342, Not Active, Not Active, Not Active
2026/07/17 10:46:02.884, 1192, 877, 204.88, 75, 75, 100, 14342, Not Active, Not Active, Not Active
2026/07/17 10:46:02.936, 1192, 877, 210.76, 75, 75, 100, 14342, Not Active, Not Active, Not Active
2026/07/17 10:46:02.992, 1192, 877, 207.61, 75, 75, 100, 14342, Not Active, Not Active, Not Active
2026/07/17 10:46:03.043, 1192, 877, 208.08, 75, 75, 100, 14342, Not Active, Not Active, Not Active
2026/07/17 10:46:03.095, 1192, 877, 210.62, 75, 75, 100, 14342, Not Active, Not Active, Not Active
2026/07/17 10:46:03.152, 1192, 877, 215.26, 75, 75, 100, 14342, Not Active, Not Active, Not Active
2026/07/17 10:46:03.204, 1192, 877, 199.27, 75, 75, 100, 14342, Not Active, Not Active, Not Active
2026/07/17 10:46:03.255, 1192, 877, 208.84, 75, 75, 100, 14342, Not Active, Not Active, Not Active
2026/07/17 10:46:03.307, 1192, 877, 196.74, 75, 75, 100, 14342, Not Active, Not Active, Not Active
2026/07/17 10:46:03.359, 1192, 877, 208.36, 75, 75, 100, 14342, Not Active, Not Active, Not Active
2026/07/17 10:46:03.413, 1192, 877, 207.95, 75, 75, 100, 14342, Not Active, Not Active, Not Active
2026/07/17 10:46:03.465, 1192, 877, 204.19, 75, 75, 100, 14342, Not Active, Not Active, Not Active
2026/07/17 10:46:03.516, 1192, 877, 211.43, 75, 75, 100, 14342, Not Active, Not Active, Not Active
2026/07/17 10:46:03.573, 1192, 877, 211.71, 75, 75, 100, 14342, Not Active, Not Active, Not Active
2026/07/17 10:46:03.625, 1192, 877, 212.19, 75, 75, 100, 14342, Not Active, Not Active, Not Active
2026/07/17 10:46:03.677, 1192, 877, 210.95, 75, 75, 100, 14342, Not Active, Not Active, Not Active
2026/07/17 10:46:03.734, 1192, 877, 208.70, 75, 75, 100, 14342, Not Active, Not Active, Not Active
2026/07/17 10:46:03.788, 1192, 877, 214.78, 75, 75, 100, 14342, Not Active, Not Active, Not Active
2026/07/17 10:46:03.840, 1192, 877, 208.22, 75, 75, 100, 14342, Not Active, Not Active, Not Active
2026/07/17 10:46:03.897, 1192, 877, 193.39, 75, 75, 100, 14342, Not Active, Not Active, Not Active
2026/07/17 10:46:03.949, 1192, 877, 195.92, 75, 75, 100, 14342, Not Active, Not Active, Not Active
2026/07/17 10:46:04.001, 1192, 877, 210.00, 75, 75, 100, 14342, Not Active, Not Active, Not Active
2026/07/17 10:46:04.057, 1192, 877, 210.28, 75, 75, 100, 14342, Not Active, Not Active, Not Active
2026/07/17 10:46:04.109, 1192, 877, 209.80, 75, 75, 100, 14342, Not Active, Not Active, Not Active
2026/07/17 10:46:04.161, 1192, 877, 213.96, 75, 75, 100, 14342, Not Active, Not Active, Not Active
2026/07/17 10:46:04.218, 1192, 877, 204.60, 75, 75, 100, 14342, Not Active, Not Active, Not Active
2026/07/17 10:46:04.269, 1192, 877, 215.07, 75, 75, 100, 14342, Not Active, Not Active, Not Active
2026/07/17 10:46:04.321, 1192, 877, 203.92, 75, 76, 100, 14342, Not Active, Not Active, Not Active
2026/07/17 10:46:04.378, 1192, 877, 212.39, 75, 75, 100, 14342, Not Active, Not Active, Not Active
2026/07/17 10:46:04.430, 1192, 877, 197.35, 75, 75, 100, 14342, Not Active, Not Active, Not Active
2026/07/17 10:46:04.482, 1192, 877, 173.17, 75, 75, 100, 14342, Not Active, Not Active, Not Active
2026/07/17 10:46:04.536, 1192, 877, 206.65, 75, 75, 100, 14342, Not Active, Not Active, Not Active
2026/07/17 10:46:04.588, 1192, 877, 205.15, 75, 75, 100, 14342, Not Active, Not Active, Not Active
2026/07/17 10:46:04.640, 1192, 877, 208.98, 75, 75, 100, 14342, Not Active, Not Active, Not Active
2026/07/17 10:46:04.692, 1192, 877, 213.82, 75, 75, 100, 14342, Not Active, Not Active, Not Active
2026/07/17 10:46:04.744, 1192, 877, 210.00, 75, 75, 100, 14342, Not Active, Not Active, Not Active
2026/07/17 10:46:04.800, 1192, 877, 211.57, 75, 75, 100, 14342, Not Active, Not Active, Not Active
2026/07/17 10:46:04.852, 1192, 877, 205.01, 75, 75, 100, 14342, Not Active, Not Active, Not Active
2026/07/17 10:46:04.903, 1192, 877, 211.09, 75, 76, 100, 14342, Not Active, Not Active, Not Active
2026/07/17 10:46:04.961, 1192, 877, 209.80, 75, 75, 100, 14342, Not Active, Not Active, Not Active
2026/07/17 10:46:05.012, 1192, 877, 204.88, 75, 75, 100, 14342, Not Active, Not Active, Not Active
2026/07/17 10:46:05.064, 1192, 877, 195.31, 75, 76, 100, 14342, Not Active, Not Active, Not Active
2026/07/17 10:46:05.122, 1192, 877, 202.48, 75, 75, 100, 14342, Not Active, Not Active, Not Active
2026/07/17 10:46:05.174, 1192, 877, 208.08, 75, 75, 100, 14342, Not Active, Not Active, Not Active
2026/07/17 10:46:05.225, 1192, 877, 202.69, 75, 76, 100, 14342, Not Active, Not Active, Not Active
2026/07/17 10:46:05.281, 1192, 877, 208.70, 75, 75, 100, 14342, Not Active, Not Active, Not Active
2026/07/17 10:46:05.333, 1192, 877, 213.34, 75, 75, 100, 14342, Not Active, Not Active, Not Active
2026/07/17 10:46:05.384, 1192, 877, 206.31, 75, 75, 100, 14342, Not Active, Not Active, Not Active
2026/07/17 10:46:05.437, 1192, 877, 207.61, 75, 76, 100, 14342, Not Active, Not Active, Not Active
2026/07/17 10:46:05.488, 1192, 877, 197.22, 75, 76, 100, 14342, Not Active, Not Active, Not Active
2026/07/17 10:46:05.542, 1192, 877, 210.48, 75, 75, 100, 14342, Not Active, Not Active, Not Active
2026/07/17 10:46:05.594, 1192, 877, 214.44, 75, 75, 100, 14342, Not Active, Not Active, Not Active
2026/07/17 10:46:05.646, 1192, 877, 207.13, 75, 76, 100, 14342, Not Active, Not Active, Not Active
2026/07/17 10:46:05.703, 1192, 877, 195.92, 75, 76, 100, 14342, Not Active, Not Active, Not Active
2026/07/17 10:46:05.755, 1192, 877, 191.86, 75, 76, 100, 14342, Not Active, Not Active, Not Active
2026/07/17 10:46:05.807, 1192, 877, 208.56, 75, 75, 100, 14342, Not Active, Not Active, Not Active
2026/07/17 10:46:05.864, 1192, 877, 213.96, 75, 76, 100, 14342, Not Active, Not Active, Not Active
2026/07/17 10:46:05.915, 1192, 877, 201.18, 75, 76, 100, 14342, Not Active, Not Active, Not Active
2026/07/17 10:46:05.967, 1192, 877, 211.57, 75, 75, 100, 14342, Not Active, Not Active, Not Active
2026/07/17 10:46:06.019, 1192, 877, 194.48, 75, 76, 100, 14342, Not Active, Not Active, Not Active
2026/07/17 10:46:06.071, 1192, 877, 207.74, 75, 76, 100, 14342, Not Active, Not Active, Not Active
2026/07/17 10:46:06.125, 1192, 877, 210.95, 75, 76, 100, 14342, Not Active, Not Active, Not Active
2026/07/17 10:46:06.177, 1192, 877, 201.53, 75, 76, 100, 14342, Not Active, Not Active, Not Active
2026/07/17 10:46:06.229, 1192, 877, 210.00, 75, 75, 100, 14342, Not Active, Not Active, Not Active
2026/07/17 10:46:06.281, 1192, 877, 201.80, 75, 76, 100, 14342, Not Active, Not Active, Not Active
2026/07/17 10:46:06.332, 1192, 877, 202.75, 75, 76, 100, 14342, Not Active, Not Active, Not Active
2026/07/17 10:46:06.386, 1192, 877, 208.56, 75, 75, 100, 14342, Not Active, Not Active, Not Active
2026/07/17 10:46:06.438, 1192, 877, 206.93, 75, 76, 100, 14342, Not Active, Not Active, Not Active
2026/07/17 10:46:06.490, 1192, 877, 202.21, 76, 76, 100, 14342, Not Active, Not Active, Not Active
2026/07/17 10:46:06.542, 1192, 877, 208.08, 75, 76, 100, 14342, Not Active, Not Active, Not Active
2026/07/17 10:46:06.594, 1192, 877, 196.74, 75, 76, 100, 14342, Not Active, Not Active, Not Active
2026/07/17 10:46:06.648, 1192, 877, 204.74, 75, 75, 100, 14342, Not Active, Not Active, Not Active
2026/07/17 10:46:06.700, 1192, 877, 211.43, 75, 76, 100, 14342, Not Active, Not Active, Not Active
2026/07/17 10:46:06.752, 1192, 877, 205.08, 76, 76, 100, 14342, Not Active, Not Active, Not Active
2026/07/17 10:46:06.808, 1192, 877, 207.27, 76, 76, 100, 14342, Not Active, Not Active, Not Active
2026/07/17 10:46:06.860, 1192, 877, 197.35, 75, 76, 100, 14342, Not Active, Not Active, Not Active
2026/07/17 10:46:06.911, 1192, 877, 170.41, 76, 76, 100, 14342, Not Active, Not Active, Not Active
2026/07/17 10:46:06.989, 1192, 877, 200.70, 75, 76, 100, 14342, Not Active, Not Active, Not Active
2026/07/17 10:46:07.040, 1192, 877, 210.62, 75, 76, 100, 14342, Not Active, Not Active, Not Active
2026/07/17 10:46:07.092, 1192, 877, 198.31, 75, 76, 100, 14342, Not Active, Not Active, Not Active
2026/07/17 10:46:07.149, 1192, 877, 204.88, 76, 75, 100, 14342, Not Active, Not Active, Not Active
2026/07/17 10:46:07.201, 1192, 877, 217.17, 75, 76, 100, 14342, Not Active, Not Active, Not Active
2026/07/17 10:46:07.253, 1192, 877, 206.93, 75, 76, 100, 14342, Not Active, Not Active, Not Active
2026/07/17 10:46:07.310, 1192, 877, 213.63, 75, 76, 100, 14342, Not Active, Not Active, Not Active
2026/07/17 10:46:07.362, 1192, 877, 189.69, 76, 76, 100, 14342, Not Active, Not Active, Not Active
2026/07/17 10:46:07.413, 1192, 877, 208.22, 76, 76, 100, 14342, Not Active, Not Active, Not Active
2026/07/17 10:46:07.470, 1192, 877, 211.57, 76, 76, 100, 14342, Not Active, Not Active, Not Active
2026/07/17 10:46:07.522, 1192, 877, 171.85, 75, 76, 100, 14342, Not Active, Not Active, Not Active
2026/07/17 10:46:07.575, 1192, 877, 207.27, 76, 75, 100, 14342, Not Active, Not Active, Not Active
2026/07/17 10:46:07.631, 1192, 877, 213.82, 76, 76, 100, 14342, Not Active, Not Active, Not Active
2026/07/17 10:46:07.683, 1192, 877, 200.09, 76, 76, 100, 14342, Not Active, Not Active, Not Active
2026/07/17 10:46:07.734, 1192, 877, 207.61, 76, 76, 100, 14342, Not Active, Not Active, Not Active
2026/07/17 10:46:07.792, 1192, 877, 193.87, 76, 76, 100, 14342, Not Active, Not Active, Not Active
2026/07/17 10:46:07.844, 1192, 877, 210.76, 76, 76, 100, 14342, Not Active, Not Active, Not Active
2026/07/17 10:46:07.895, 1192, 877, 214.44, 76, 76, 100, 14342, Not Active, Not Active, Not Active
2026/07/17 10:46:07.952, 1192, 877, 203.44, 76, 76, 100, 14342, Not Active, Not Active, Not Active
2026/07/17 10:46:08.004, 1192, 877, 208.22, 76, 76, 100, 14342, Not Active, Not Active, Not Active
2026/07/17 10:46:08.056, 1192, 877, 201.32, 76, 76, 100, 14342, Not Active, Not Active, Not Active
2026/07/17 10:46:08.113, 1192, 877, 202.96, 76, 75, 100, 14342, Not Active, Not Active, Not Active
2026/07/17 10:46:08.165, 1192, 877, 200.84, 75, 75, 100, 14342, Not Active, Not Active, Not Active
2026/07/17 10:46:08.217, 1192, 877, 195.31, 76, 76, 100, 14342, Not Active, Not Active, Not Active
2026/07/17 10:46:08.273, 1192, 877, 210.90, 76, 76, 100, 14342, Not Active, Not Active, Not Active
2026/07/17 10:46:08.325, 1192, 877, 213.96, 76, 76, 100, 14342, Not Active, Not Active, Not Active
2026/07/17 10:46:08.377, 1192, 877, 197.48, 76, 76, 100, 14342, Not Active, Not Active, Not Active
2026/07/17 10:46:08.429, 1192, 877, 203.92, 76, 76, 100, 14342, Not Active, Not Active, Not Active
2026/07/17 10:46:08.481, 1192, 877, 214.30, 76, 76, 100, 14342, Not Active, Not Active, Not Active
2026/07/17 10:46:08.535, 1192, 877, 197.57, 76, 76, 100, 14342, Not Active, Not Active, Not Active
2026/07/17 10:46:08.587, 1192, 877, 205.69, 76, 75, 100, 14342, Not Active, Not Active, Not Active
2026/07/17 10:46:08.639, 1192, 877, 190.78, 76, 76, 100, 14342, Not Active, Not Active, Not Active
2026/07/17 10:46:08.695, 1192, 877, 205.35, 76, 76, 100, 14342, Not Active, Not Active, Not Active
2026/07/17 10:46:08.747, 1192, 877, 206.17, 76, 76, 100, 14342, Not Active, Not Active, Not Active
2026/07/17 10:46:08.799, 1192, 877, 209.32, 76, 76, 100, 14342, Not Active, Not Active, Not Active
2026/07/17 10:46:08.851, 1192, 877, 196.40, 76, 76, 100, 14342, Not Active, Not Active, Not Active
2026/07/17 10:46:08.903, 1192, 877, 212.87, 76, 76, 100, 14342, Not Active, Not Active, Not Active
2026/07/17 10:46:08.957, 1192, 877, 210.62, 76, 76, 100, 14342, Not Active, Not Active, Not Active
2026/07/17 10:46:09.009, 1192, 877, 198.18, 76, 76, 100, 14342, Not Active, Not Active, Not Active
2026/07/17 10:46:09.060, 1192, 877, 207.27, 76, 76, 100, 14342, Not Active, Not Active, Not Active
2026/07/17 10:46:09.118, 1192, 877, 190.17, 76, 76, 100, 14342, Not Active, Not Active, Not Active
2026/07/17 10:46:09.170, 1192, 877, 206.17, 76, 76, 100, 14342, Not Active, Not Active, Not Active
2026/07/17 10:46:09.222, 1192, 877, 211.09, 76, 76, 100, 14342, Not Active, Not Active, Not Active
2026/07/17 10:46:09.278, 1192, 877, 199.88, 76, 76, 100, 14342, Not Active, Not Active, Not Active
2026/07/17 10:46:09.330, 1192, 877, 202.62, 76, 76, 100, 14342, Not Active, Not Active, Not Active
2026/07/17 10:46:09.382, 1192, 877, 200.84, 76, 76, 100, 14342, Not Active, Not Active, Not Active
2026/07/17 10:46:09.439, 1192, 877, 189.47, 76, 76, 100, 14342, Not Active, Not Active, Not Active
2026/07/17 10:46:09.491, 1192, 877, 205.22, 76, 76, 100, 14342, Not Active, Not Active, Not Active
2026/07/17 10:46:09.543, 1192, 877, 213.34, 76, 76, 100, 14342, Not Active, Not Active, Not Active
2026/07/17 10:46:09.599, 1192, 877, 199.53, 76, 76, 100, 14342, Not Active, Not Active, Not Active
2026/07/17 10:46:09.651, 1192, 877, 204.40, 76, 75, 100, 14342, Not Active, Not Active, Not Active
2026/07/17 10:46:09.703, 1192, 877, 201.18, 76, 76, 100, 14342, Not Active, Not Active, Not Active
2026/07/17 10:46:09.760, 1192, 877, 201.53, 76, 76, 100, 14342, Not Active, Not Active, Not Active
2026/07/17 10:46:09.812, 1192, 877, 208.42, 76, 76, 100, 14342, Not Active, Not Active, Not Active
2026/07/17 10:46:09.864, 1192, 877, 187.55, 76, 76, 100, 14342, Not Active, Not Active, Not Active
2026/07/17 10:46:09.921, 1192, 877, 209.66, 76, 76, 100, 14342, Not Active, Not Active, Not Active
2026/07/17 10:46:09.972, 1192, 877, 206.65, 76, 76, 100, 14342, Not Active, Not Active, Not Active
2026/07/17 10:46:10.024, 1192, 877, 194.96, 76, 76, 100, 14342, Not Active, Not Active, Not Active
2026/07/17 10:46:10.080, 1192, 877, 197.35, 76, 76, 100, 14342, Not Active, Not Active, Not Active
2026/07/17 10:46:10.131, 1192, 877, 214.92, 76, 76, 100, 14342, Not Active, Not Active, Not Active
2026/07/17 10:46:10.183, 1192, 877, 215.88, 76, 76, 100, 14342, Not Active, Not Active, Not Active
2026/07/17 10:46:10.235, 1192, 877, 197.70, 76, 76, 100, 14342, Not Active, Not Active, Not Active
2026/07/17 10:46:10.287, 1192, 877, 211.43, 76, 76, 100, 14342, Not Active, Not Active, Not Active
2026/07/17 10:46:10.343, 1192, 877, 205.49, 76, 77, 100, 14342, Not Active, Not Active, Not Active
2026/07/17 10:46:10.394, 1192, 877, 198.31, 76, 76, 100, 14342, Not Active, Not Active, Not Active
2026/07/17 10:46:10.446, 1192, 877, 207.61, 76, 76, 100, 14342, Not Active, Not Active, Not Active
2026/07/17 10:46:10.503, 1192, 877, 193.30, 76, 76, 100, 14342, Not Active, Not Active, Not Active
2026/07/17 10:46:10.555, 1192, 877, 203.23, 76, 76, 100, 14342, Not Active, Not Active, Not Active
2026/07/17 10:46:10.606, 1192, 877, 212.81, 76, 76, 100, 14342, Not Active, Not Active, Not Active
2026/07/17 10:46:10.664, 1192, 877, 188.99, 76, 76, 100, 14342, Not Active, Not Active, Not Active
2026/07/17 10:46:10.716, 1192, 877, 198.10, 76, 76, 100, 14342, Not Active, Not Active, Not Active
2026/07/17 10:46:10.768, 1192, 877, 208.08, 76, 76, 100, 14342, Not Active, Not Active, Not Active
2026/07/17 10:46:10.824, 1192, 877, 202.48, 76, 76, 100, 14342, Not Active, Not Active, Not Active
2026/07/17 10:46:10.875, 1192, 877, 198.44, 76, 76, 100, 14342, Not Active, Not Active, Not Active
2026/07/17 10:46:10.927, 1192, 877, 207.27, 76, 76, 100, 14342, Not Active, Not Active, Not Active
2026/07/17 10:46:10.984, 1192, 877, 189.95, 76, 77, 100, 14342, Not Active, Not Active, Not Active
2026/07/17 10:46:11.036, 1192, 877, 204.40, 76, 76, 100, 14342, Not Active, Not Active, Not Active
2026/07/17 10:46:11.088, 1192, 877, 207.13, 76, 76, 100, 14342, Not Active, Not Active, Not Active
2026/07/17 10:46:11.145, 1192, 877, 182.39, 76, 77, 100, 14342, Not Active, Not Active, Not Active
2026/07/17 10:46:11.197, 1192, 877, 202.48, 76, 76, 100, 14342, Not Active, Not Active, Not Active
2026/07/17 10:46:11.249, 1192, 877, 213.96, 76, 77, 100, 14342, Not Active, Not Active, Not Active
2026/07/17 10:46:11.305, 1192, 877, 187.17, 76, 76, 100, 14342, Not Active, Not Active, Not Active
2026/07/17 10:46:11.357, 1192, 877, 195.92, 76, 76, 100, 14342, Not Active, Not Active, Not Active
2026/07/17 10:46:11.409, 1192, 877, 205.35, 76, 76, 100, 14342, Not Active, Not Active, Not Active
2026/07/17 10:46:11.461, 1192, 877, 213.82, 76, 76, 100, 14342, Not Active, Not Active, Not Active
2026/07/17 10:46:11.513, 1192, 877, 198.57, 76, 77, 100, 14342, Not Active, Not Active, Not Active
2026/07/17 10:46:11.566, 1192, 877, 203.44, 76, 76, 100, 14342, Not Active, Not Active, Not Active
2026/07/17 10:46:11.618, 1192, 877, 211.43, 76, 76, 100, 14342, Not Active, Not Active, Not Active
2026/07/17 10:46:11.670, 1192, 877, 183.24, 76, 77, 100, 14342, Not Active, Not Active, Not Active
2026/07/17 10:46:11.722, 1192, 877, 207.88, 76, 76, 100, 14342, Not Active, Not Active, Not Active
2026/07/17 10:46:11.774, 1192, 877, 208.70, 76, 76, 100, 14342, Not Active, Not Active, Not Active
2026/07/17 10:46:11.828, 1192, 877, 185.99, 76, 76, 100, 14342, Not Active, Not Active, Not Active
2026/07/17 10:46:11.880, 1192, 877, 202.75, 76, 76, 100, 14342, Not Active, Not Active, Not Active
2026/07/17 10:46:11.932, 1192, 877, 206.45, 76, 77, 100, 14342, Not Active, Not Active, Not Active
2026/07/17 10:46:11.989, 1192, 877, 201.66, 76, 76, 100, 14342, Not Active, Not Active, Not Active
2026/07/17 10:46:12.040, 1192, 877, 187.65, 76, 77, 100, 14342, Not Active, Not Active, Not Active
2026/07/17 10:46:12.092, 1192, 877, 205.83, 76, 77, 100, 14342, Not Active, Not Active, Not Active
2026/07/17 10:46:12.149, 1192, 877, 212.19, 76, 76, 100, 14342, Not Active, Not Active, Not Active
2026/07/17 10:46:12.201, 1192, 877, 191.74, 76, 77, 100, 14342, Not Active, Not Active, Not Active
2026/07/17 10:46:12.253, 1192, 877, 202.48, 76, 76, 100, 14342, Not Active, Not Active, Not Active
2026/07/17 10:46:12.305, 1192, 877, 206.79, 76, 76, 100, 14342, Not Active, Not Active, Not Active
2026/07/17 10:46:12.357, 1192, 877, 182.76, 76, 77, 100, 14342, Not Active, Not Active, Not Active
2026/07/17 10:46:12.411, 1192, 877, 204.53, 76, 77, 100, 14342, Not Active, Not Active, Not Active
2026/07/17 10:46:12.463, 1192, 877, 209.18, 76, 76, 100, 14342, Not Active, Not Active, Not Active
2026/07/17 10:46:12.515, 1192, 877, 178.80, 76, 76, 100, 14342, Not Active, Not Active, Not Active
2026/07/17 10:46:12.572, 1192, 877, 201.53, 76, 77, 100, 14342, Not Active, Not Active, Not Active
2026/07/17 10:46:12.623, 1192, 877, 178.92, 76, 76, 100, 14342, Not Active, Not Active, Not Active
2026/07/17 10:46:12.675, 1192, 877, 209.52, 76, 77, 100, 14342, Not Active, Not Active, Not Active
2026/07/17 10:46:12.732, 1192, 877, 189.09, 76, 77, 100, 14342, Not Active, Not Active, Not Active
2026/07/17 10:46:12.783, 1192, 877, 204.88, 76, 76, 100, 14342, Not Active, Not Active, Not Active
2026/07/17 10:46:12.835, 1192, 877, 215.73, 76, 77, 100, 14342, Not Active, Not Active, Not Active
2026/07/17 10:46:12.892, 1192, 877, 186.71, 77, 77, 100, 14342, Not Active, Not Active, Not Active
2026/07/17 10:46:12.944, 1192, 877, 202.62, 76, 77, 100, 14342, Not Active, Not Active, Not Active
2026/07/17 10:46:12.996, 1192, 877, 213.49, 77, 77, 100, 14342, Not Active, Not Active, Not Active
2026/07/17 10:46:13.053, 1192, 877, 186.11, 77, 77, 100, 14342, Not Active, Not Active, Not Active
2026/07/17 10:46:13.105, 1192, 877, 205.15, 77, 76, 100, 14342, Not Active, Not Active, Not Active
2026/07/17 10:46:13.156, 1192, 877, 212.67, 77, 77, 100, 14342, Not Active, Not Active, Not Active
2026/07/17 10:46:13.214, 1192, 877, 180.36, 77, 77, 100, 14342, Not Active, Not Active, Not Active
2026/07/17 10:46:13.266, 1192, 877, 140.08, 77, 77, 100, 14342, Not Active, Not Active, Not Active
2026/07/17 10:46:13.318, 1192, 877, 206.65, 76, 76, 100, 14342, Not Active, Not Active, Not Active
2026/07/17 10:46:13.374, 1192, 877, 211.29, 76, 76, 100, 14342, Not Active, Not Active, Not Active
2026/07/17 10:46:13.425, 1192, 877, 182.76, 77, 77, 100, 14342, Not Active, Not Active, Not Active
2026/07/17 10:46:13.477, 1192, 877, 206.31, 77, 77, 100, 14342, Not Active, Not Active, Not Active
2026/07/17 10:46:13.529, 1192, 877, 209.04, 76, 77, 100, 14342, Not Active, Not Active, Not Active
2026/07/17 10:46:13.581, 1192, 877, 196.40, 77, 77, 100, 14342, Not Active, Not Active, Not Active
2026/07/17 10:46:13.636, 1192, 877, 195.92, 76, 77, 100, 14342, Not Active, Not Active, Not Active
2026/07/17 10:46:13.687, 1192, 877, 205.83, 77, 77, 100, 14342, Not Active, Not Active, Not Active
2026/07/17 10:46:13.739, 1192, 877, 207.27, 76, 77, 100, 14342, Not Active, Not Active, Not Active
2026/07/17 10:46:13.796, 1192, 877, 195.79, 77, 76, 100, 14342, Not Active, Not Active, Not Active
2026/07/17 10:46:13.848, 1192, 877, 202.00, 77, 77, 100, 14342, Not Active, Not Active, Not Active
2026/07/17 10:46:13.900, 1192, 877, 212.19, 77, 77, 100, 14342, Not Active, Not Active, Not Active
2026/07/17 10:46:13.956, 1192, 877, 193.65, 76, 76, 100, 14342, Not Active, Not Active, Not Active
2026/07/17 10:46:14.008, 1192, 877, 192.69, 77, 77, 100, 14342, Not Active, Not Active, Not Active
2026/07/17 10:46:14.060, 1192, 877, 206.31, 77, 77, 100, 14342, Not Active, Not Active, Not Active
2026/07/17 10:46:14.117, 1192, 877, 210.81, 77, 77, 100, 14342, Not Active, Not Active, Not Active
2026/07/17 10:46:14.169, 1192, 877, 194.74, 77, 77, 100, 14342, Not Active, Not Active, Not Active
2026/07/17 10:46:14.220, 1192, 877, 204.40, 77, 77, 100, 14342, Not Active, Not Active, Not Active
2026/07/17 10:46:14.272, 1192, 877, 208.56, 77, 77, 100, 14342, Not Active, Not Active, Not Active
2026/07/17 10:46:14.324, 1192, 877, 188.51, 77, 77, 100, 14342, Not Active, Not Active, Not Active
2026/07/17 10:46:14.379, 1192, 877, 196.87, 77, 77, 100, 14342, Not Active, Not Active, Not Active
2026/07/17 10:46:14.431, 1192, 877, 206.79, 77, 77, 100, 14342, Not Active, Not Active, Not Active
2026/07/17 10:46:14.482, 1192, 877, 203.10, 77, 77, 100, 14342, Not Active, Not Active, Not Active
2026/07/17 10:46:14.540, 1192, 877, 189.69, 77, 77, 100, 14342, Not Active, Not Active, Not Active
2026/07/17 10:46:14.592, 1192, 877, 144.31, 76, 77, 100, 14342, Not Active, Not Active, Not Active
2026/07/17 10:46:14.643, 1192, 877, 209.66, 76, 76, 100, 14342, Not Active, Not Active, Not Active
2026/07/17 10:46:14.699, 1192, 877, 214.78, 77, 77, 100, 14342, Not Active, Not Active, Not Active
2026/07/17 10:46:14.751, 1192, 877, 188.38, 77, 77, 100, 14342, Not Active, Not Active, Not Active
2026/07/17 10:46:14.803, 1192, 877, 205.35, 77, 77, 100, 14342, Not Active, Not Active, Not Active
2026/07/17 10:46:14.860, 1192, 877, 209.18, 77, 77, 100, 14342, Not Active, Not Active, Not Active
2026/07/17 10:46:14.911, 1192, 877, 180.48, 77, 77, 100, 14342, Not Active, Not Active, Not Active
2026/07/17 10:46:14.963, 1192, 877, 208.22, 77, 77, 100, 14342, Not Active, Not Active, Not Active
2026/07/17 10:46:15.020, 1192, 877, 207.74, 77, 77, 100, 14342, Not Active, Not Active, Not Active
2026/07/17 10:46:15.072, 1192, 877, 202.62, 77, 77, 100, 14342, Not Active, Not Active, Not Active
2026/07/17 10:46:15.124, 1192, 877, 191.61, 77, 77, 100, 14342, Not Active, Not Active, Not Active
2026/07/17 10:46:15.176, 1192, 877, 201.18, 77, 77, 100, 14342, Not Active, Not Active, Not Active
2026/07/17 10:46:15.227, 1192, 877, 214.11, 77, 77, 100, 14342, Not Active, Not Active, Not Active
2026/07/17 10:46:15.283, 1192, 877, 203.44, 76, 76, 100, 14342, Not Active, Not Active, Not Active
2026/07/17 10:46:15.334, 1192, 877, 185.15, 77, 77, 100, 14342, Not Active, Not Active, Not Active
2026/07/17 10:46:15.386, 1192, 877, 207.88, 77, 76, 100, 14342, Not Active, Not Active, Not Active
2026/07/17 10:46:15.442, 1192, 877, 206.65, 77, 77, 100, 14342, Not Active, Not Active, Not Active
2026/07/17 10:46:15.494, 1192, 877, 197.35, 77, 77, 100, 14342, Not Active, Not Active, Not Active
2026/07/17 10:46:15.545, 1192, 877, 199.40, 77, 77, 100, 14342, Not Active, Not Active, Not Active
2026/07/17 10:46:15.602, 1192, 877, 213.96, 77, 77, 100, 14342, Not Active, Not Active, Not Active
2026/07/17 10:46:15.654, 1192, 877, 215.88, 77, 77, 100, 14342, Not Active, Not Active, Not Active
2026/07/17 10:46:15.705, 1192, 877, 181.80, 77, 77, 100, 14342, Not Active, Not Active, Not Active
2026/07/17 10:46:15.757, 1192, 877, 202.96, 77, 77, 100, 14342, Not Active, Not Active, Not Active
2026/07/17 10:46:15.809, 1192, 877, 206.65, 77, 77, 100, 14342, Not Active, Not Active, Not Active
2026/07/17 10:46:15.864, 1192, 877, 206.45, 77, 77, 100, 14342, Not Active, Not Active, Not Active
2026/07/17 10:46:15.916, 1192, 877, 186.47, 77, 77, 100, 14342, Not Active, Not Active, Not Active
2026/07/17 10:46:15.967, 1192, 877, 192.09, 77, 77, 100, 14342, Not Active, Not Active, Not Active
2026/07/17 10:46:16.023, 1192, 877, 209.80, 77, 77, 100, 14342, Not Active, Not Active, Not Active
2026/07/17 10:46:16.075, 1192, 877, 211.91, 77, 77, 100, 14342, Not Active, Not Active, Not Active
2026/07/17 10:46:16.127, 1192, 877, 175.68, 77, 77, 100, 14342, Not Active, Not Active, Not Active
2026/07/17 10:46:16.179, 1192, 877, 194.00, 77, 77, 100, 14342, Not Active, Not Active, Not Active
2026/07/17 10:46:16.231, 1192, 877, 209.18, 77, 77, 100, 14342, Not Active, Not Active, Not Active
2026/07/17 10:46:16.286, 1192, 877, 214.78, 77, 77, 100, 14342, Not Active, Not Active, Not Active
2026/07/17 10:46:16.338, 1192, 877, 182.03, 77, 77, 100, 14342, Not Active, Not Active, Not Active
2026/07/17 10:46:16.390, 1192, 877, 205.15, 77, 77, 100, 14342, Not Active, Not Active, Not Active
2026/07/17 10:46:16.446, 1192, 877, 206.31, 77, 77, 100, 14342, Not Active, Not Active, Not Active
2026/07/17 10:46:16.498, 1192, 877, 196.87, 77, 77, 100, 14342, Not Active, Not Active, Not Active
2026/07/17 10:46:16.549, 1192, 877, 191.00, 77, 77, 100, 14342, Not Active, Not Active, Not Active
2026/07/17 10:46:16.605, 1192, 877, 162.36, 77, 76, 100, 14342, Not Active, Not Active, Not Active
2026/07/17 10:46:16.657, 1192, 877, 211.57, 77, 77, 100, 14342, Not Active, Not Active, Not Active
2026/07/17 10:46:16.709, 1192, 877, 211.09, 77, 77, 100, 14342, Not Active, Not Active, Not Active
2026/07/17 10:46:16.761, 1192, 877, 176.04, 77, 77, 100, 14342, Not Active, Not Active, Not Active
2026/07/17 10:46:16.813, 1192, 877, 202.35, 77, 77, 100, 14342, Not Active, Not Active, Not Active
2026/07/17 10:46:16.867, 1192, 877, 208.36, 77, 77, 100, 14342, Not Active, Not Active, Not Active
2026/07/17 10:46:16.919, 1192, 877, 210.81, 77, 77, 100, 14342, Not Active, Not Active, Not Active
2026/07/17 10:46:16.970, 1192, 877, 178.56, 77, 77, 100, 14342, Not Active, Not Active, Not Active
2026/07/17 10:46:17.022, 1192, 877, 197.35, 77, 77, 100, 14342, Not Active, Not Active, Not Active
2026/07/17 10:46:17.079, 1192, 877, 205.97, 77, 77, 100, 14342, Not Active, Not Active, Not Active
2026/07/17 10:46:17.131, 1192, 877, 206.31, 77, 77, 100, 14342, Not Active, Not Active, Not Active
2026/07/17 10:46:17.183, 1192, 877, 189.69, 77, 77, 100, 14342, Not Active, Not Active, Not Active
2026/07/17 10:46:17.235, 1192, 877, 201.53, 77, 77, 100, 14342, Not Active, Not Active, Not Active
2026/07/17 10:46:17.289, 1192, 877, 172.69, 76, 77, 100, 14342, Not Active, Not Active, Not Active
2026/07/17 10:46:17.341, 1192, 877, 205.49, 77, 77, 100, 14342, Not Active, Not Active, Not Active
2026/07/17 10:46:17.393, 1192, 877, 212.05, 77, 77, 100, 14342, Not Active, Not Active, Not Active
2026/07/17 10:46:17.445, 1192, 877, 188.99, 77, 77, 100, 14342, Not Active, Not Active, Not Active
2026/07/17 10:46:17.497, 1192, 877, 202.00, 77, 77, 100, 14342, Not Active, Not Active, Not Active
2026/07/17 10:46:17.550, 1192, 877, 210.62, 77, 77, 100, 14342, Not Active, Not Active, Not Active
2026/07/17 10:46:17.602, 1192, 877, 211.57, 77, 77, 100, 14342, Not Active, Not Active, Not Active
2026/07/17 10:46:17.654, 1192, 877, 172.21, 77, 77, 100, 14342, Not Active, Not Active, Not Active
2026/07/17 10:46:17.706, 1192, 877, 195.92, 77, 77, 100, 14342, Not Active, Not Active, Not Active
2026/07/17 10:46:17.758, 1192, 877, 208.84, 77, 77, 100, 14342, Not Active, Not Active, Not Active
2026/07/17 10:46:17.811, 1192, 877, 210.14, 77, 77, 100, 14342, Not Active, Not Active, Not Active
2026/07/17 10:46:17.863, 1192, 877, 171.96, 77, 77, 100, 14342, Not Active, Not Active, Not Active
2026/07/17 10:46:17.915, 1192, 877, 197.70, 77, 77, 100, 14342, Not Active, Not Active, Not Active
2026/07/17 10:46:17.971, 1192, 877, 170.41, 77, 76, 100, 14342, Not Active, Not Active, Not Active
2026/07/17 10:46:18.023, 1192, 877, 208.70, 77, 77, 100, 14342, Not Active, Not Active, Not Active
2026/07/17 10:46:18.074, 1192, 877, 212.87, 77, 77, 100, 14342, Not Active, Not Active, Not Active
2026/07/17 10:46:18.127, 1192, 877, 172.80, 77, 77, 100, 14342, Not Active, Not Active, Not Active
2026/07/17 10:46:18.178, 1192, 877, 199.75, 77, 77, 100, 14342, Not Active, Not Active, Not Active
2026/07/17 10:46:18.232, 1192, 877, 209.18, 77, 77, 100, 14342, Not Active, Not Active, Not Active
2026/07/17 10:46:18.284, 1192, 877, 213.01, 77, 77, 100, 14342, Not Active, Not Active, Not Active
2026/07/17 10:46:18.336, 1192, 877, 182.76, 77, 78, 100, 14342, Not Active, Not Active, Not Active
2026/07/17 10:46:18.388, 1192, 877, 194.26, 77, 77, 100, 14342, Not Active, Not Active, Not Active
2026/07/17 10:46:18.440, 1192, 877, 206.45, 77, 77, 100, 14342, Not Active, Not Active, Not Active
2026/07/17 10:46:18.494, 1192, 877, 209.04, 77, 77, 100, 14342, Not Active, Not Active, Not Active
2026/07/17 10:46:18.546, 1192, 877, 192.21, 77, 77, 100, 14342, Not Active, Not Active, Not Active
2026/07/17 10:46:18.598, 1192, 877, 190.17, 77, 77, 100, 14342, Not Active, Not Active, Not Active
2026/07/17 10:46:18.654, 1192, 877, 149.12, 77, 77, 100, 14342, Not Active, Not Active, Not Active
2026/07/17 10:46:18.705, 1192, 877, 203.44, 77, 77, 100, 14342, Not Active, Not Active, Not Active
2026/07/17 10:46:18.757, 1192, 877, 205.35, 77, 77, 100, 14342, Not Active, Not Active, Not Active
2026/07/17 10:46:18.809, 1192, 877, 195.09, 77, 77, 100, 14342, Not Active, Not Active, Not Active
2026/07/17 10:46:18.861, 1192, 877, 190.43, 77, 77, 100, 14342, Not Active, Not Active, Not Active
2026/07/17 10:46:18.914, 1192, 877, 201.53, 77, 77, 100, 14342, Not Active, Not Active, Not Active
2026/07/17 10:46:18.966, 1192, 877, 211.09, 77, 77, 100, 14342, Not Active, Not Active, Not Active
2026/07/17 10:46:19.018, 1192, 877, 216.36, 77, 77, 100, 14342, Not Active, Not Active, Not Active
2026/07/17 10:46:19.069, 1192, 877, 172.69, 77, 77, 100, 14342, Not Active, Not Active, Not Active
2026/07/17 10:46:19.121, 1192, 877, 201.66, 77, 77, 100, 14342, Not Active, Not Active, Not Active
2026/07/17 10:46:19.176, 1192, 877, 205.83, 77, 77, 100, 14342, Not Active, Not Active, Not Active
2026/07/17 10:46:19.228, 1192, 877, 210.48, 77, 77, 100, 14342, Not Active, Not Active, Not Active
2026/07/17 10:46:19.280, 1192, 877, 187.55, 77, 77, 100, 14342, Not Active, Not Active, Not Active
2026/07/17 10:46:19.332, 1192, 877, 171.85, 77, 77, 100, 14342, Not Active, Not Active, Not Active
2026/07/17 10:46:19.384, 1192, 877, 186.95, 77, 77, 100, 14342, Not Active, Not Active, Not Active
2026/07/17 10:46:19.436, 1192, 877, 199.88, 77, 77, 100, 14342, Not Active, Not Active, Not Active
2026/07/17 10:46:19.488, 1192, 877, 206.93, 77, 77, 100, 14342, Not Active, Not Active, Not Active
2026/07/17 10:46:19.540, 1192, 877, 212.53, 77, 77, 100, 14342, Not Active, Not Active, Not Active
2026/07/17 10:46:19.592, 1192, 877, 170.89, 77, 77, 100, 14342, Not Active, Not Active, Not Active
2026/07/17 10:46:19.643, 1192, 877, 198.52, 77, 77, 100, 14342, Not Active, Not Active, Not Active
2026/07/17 10:46:19.698, 1192, 877, 206.79, 77, 77, 100, 14342, Not Active, Not Active, Not Active
2026/07/17 10:46:19.750, 1192, 877, 210.48, 77, 77, 100, 14342, Not Active, Not Active, Not Active
2026/07/17 10:46:19.801, 1192, 877, 189.82, 77, 77, 100, 14342, Not Active, Not Active, Not Active
2026/07/17 10:46:19.854, 1192, 877, 187.30, 77, 77, 100, 14342, Not Active, Not Active, Not Active
2026/07/17 10:46:19.905, 1192, 877, 204.67, 77, 77, 100, 14342, Not Active, Not Active, Not Active
2026/07/17 10:46:19.960, 1192, 877, 206.79, 77, 77, 100, 14342, Not Active, Not Active, Not Active
2026/07/17 10:46:20.011, 1192, 877, 209.18, 77, 77, 100, 14342, Not Active, Not Active, Not Active
2026/07/17 10:46:20.063, 1192, 877, 189.82, 77, 77, 100, 14342, Not Active, Not Active, Not Active
2026/07/17 10:46:20.120, 1192, 877, 185.15, 77, 77, 100, 14342, Not Active, Not Active, Not Active
2026/07/17 10:46:20.172, 1192, 877, 196.26, 77, 77, 100, 14342, Not Active, Not Active, Not Active
2026/07/17 10:46:20.224, 1192, 877, 206.31, 77, 77, 100, 14342, Not Active, Not Active, Not Active
2026/07/17 10:46:20.281, 1192, 877, 206.93, 77, 77, 100, 14342, Not Active, Not Active, Not Active
2026/07/17 10:46:20.333, 1192, 877, 175.57, 77, 78, 100, 14342, Not Active, Not Active, Not Active
2026/07/17 10:46:20.384, 1192, 877, 197.70, 77, 77, 100, 14342, Not Active, Not Active, Not Active
2026/07/17 10:46:20.440, 1192, 877, 207.40, 77, 77, 100, 14342, Not Active, Not Active, Not Active
2026/07/17 10:46:20.492, 1192, 877, 212.67, 77, 77, 100, 14342, Not Active, Not Active, Not Active
2026/07/17 10:46:20.544, 1192, 877, 184.32, 77, 77, 100, 14342, Not Active, Not Active, Not Active
2026/07/17 10:46:20.596, 1192, 877, 189.69, 77, 78, 100, 14342, Not Active, Not Active, Not Active
2026/07/17 10:46:20.648, 1192, 877, 201.66, 77, 78, 100, 14342, Not Active, Not Active, Not Active
2026/07/17 10:46:20.703, 1192, 877, 204.88, 77, 77, 100, 14342, Not Active, Not Active, Not Active
2026/07/17 10:46:20.755, 1192, 877, 192.57, 77, 77, 100, 14342, Not Active, Not Active, Not Active
2026/07/17 10:46:20.806, 1192, 877, 189.34, 77, 78, 100, 14342, Not Active, Not Active, Not Active
2026/07/17 10:46:20.864, 1192, 877, 189.82, 77, 77, 100, 14342, Not Active, Not Active, Not Active
2026/07/17 10:46:20.915, 1192, 877, 200.09, 77, 77, 100, 14342, Not Active, Not Active, Not Active
2026/07/17 10:46:20.967, 1192, 877, 208.36, 77, 77, 100, 14342, Not Active, Not Active, Not Active
2026/07/17 10:46:21.024, 1192, 877, 205.63, 77, 77, 100, 14342, Not Active, Not Active, Not Active
2026/07/17 10:46:21.076, 1192, 877, 170.04, 77, 78, 100, 14342, Not Active, Not Active, Not Active
2026/07/17 10:46:21.127, 1192, 877, 197.09, 77, 77, 100, 14342, Not Active, Not Active, Not Active
2026/07/17 10:46:21.183, 1192, 877, 211.57, 77, 77, 100, 14342, Not Active, Not Active, Not Active
2026/07/17 10:46:21.235, 1192, 877, 211.57, 77, 77, 100, 14342, Not Active, Not Active, Not Active
2026/07/17 10:46:21.287, 1192, 877, 196.05, 77, 77, 100, 14342, Not Active, Not Active, Not Active
2026/07/17 10:46:21.339, 1192, 877, 181.20, 77, 78, 100, 14342, Not Active, Not Active, Not Active
2026/07/17 10:46:21.390, 1192, 877, 200.36, 77, 77, 100, 14342, Not Active, Not Active, Not Active
2026/07/17 10:46:21.444, 1192, 877, 162.36, 77, 77, 100, 14342, Not Active, Not Active, Not Active
2026/07/17 10:46:21.496, 1192, 877, 207.74, 77, 77, 100, 14342, Not Active, Not Active, Not Active
2026/07/17 10:46:21.548, 1192, 877, 212.05, 77, 77, 100, 14342, Not Active, Not Active, Not Active
2026/07/17 10:46:21.600, 1192, 877, 198.31, 77, 78, 100, 14342, Not Active, Not Active, Not Active
2026/07/17 10:46:21.652, 1192, 877, 179.76, 77, 78, 100, 14342, Not Active, Not Active, Not Active
2026/07/17 10:46:21.704, 1192, 877, 194.35, 77, 77, 100, 14342, Not Active, Not Active, Not Active
2026/07/17 10:46:21.756, 1192, 877, 207.40, 77, 77, 100, 14342, Not Active, Not Active, Not Active
2026/07/17 10:46:21.808, 1192, 877, 209.18, 77, 77, 100, 14342, Not Active, Not Active, Not Active
2026/07/17 10:46:21.860, 1192, 877, 201.93, 77, 77, 100, 14342, Not Active, Not Active, Not Active
2026/07/17 10:46:21.911, 1192, 877, 174.24, 77, 78, 100, 14342, Not Active, Not Active, Not Active
2026/07/17 10:46:21.965, 1192, 877, 192.91, 77, 77, 100, 14342, Not Active, Not Active, Not Active
2026/07/17 10:46:22.017, 1192, 877, 201.66, 77, 77, 100, 14342, Not Active, Not Active, Not Active
2026/07/17 10:46:22.068, 1192, 877, 204.88, 77, 77, 100, 14342, Not Active, Not Active, Not Active
2026/07/17 10:46:22.120, 1192, 877, 205.49, 77, 77, 100, 14342, Not Active, Not Active, Not Active
2026/07/17 10:46:22.172, 1192, 877, 190.65, 77, 77, 100, 14342, Not Active, Not Active, Not Active
2026/07/17 10:46:22.228, 1192, 877, 173.53, 77, 77, 100, 14342, Not Active, Not Active, Not Active
2026/07/17 10:46:22.280, 1192, 877, 189.34, 77, 77, 100, 14342, Not Active, Not Active, Not Active
2026/07/17 10:46:22.331, 1192, 877, 206.31, 77, 77, 100, 14342, Not Active, Not Active, Not Active
2026/07/17 10:46:22.388, 1192, 877, 212.39, 77, 77, 100, 14342, Not Active, Not Active, Not Active
2026/07/17 10:46:22.440, 1192, 877, 192.69, 77, 77, 100, 14342, Not Active, Not Active, Not Active
2026/07/17 10:46:22.492, 1192, 877, 196.87, 77, 77, 100, 14342, Not Active, Not Active, Not Active
2026/07/17 10:46:22.552, 1192, 877, 203.44, 78, 78, 100, 14342, Not Active, Not Active, Not Active
2026/07/17 10:46:22.604, 1192, 877, 208.70, 77, 77, 100, 14342, Not Active, Not Active, Not Active
2026/07/17 10:46:22.656, 1192, 877, 205.83, 77, 78, 100, 14342, Not Active, Not Active, Not Active
2026/07/17 10:46:22.708, 1192, 877, 168.38, 77, 78, 100, 14342, Not Active, Not Active, Not Active
2026/07/17 10:46:22.760, 1192, 877, 189.82, 77, 77, 100, 14342, Not Active, Not Active, Not Active
2026/07/17 10:46:22.813, 1192, 877, 202.14, 77, 77, 100, 14342, Not Active, Not Active, Not Active
2026/07/17 10:46:22.864, 1192, 877, 162.73, 77, 78, 100, 14342, Not Active, Not Active, Not Active
2026/07/17 10:46:22.916, 1192, 877, 205.22, 77, 77, 100, 14342, Not Active, Not Active, Not Active
2026/07/17 10:46:22.968, 1192, 877, 210.95, 77, 77, 100, 14342, Not Active, Not Active, Not Active
2026/07/17 10:46:23.020, 1192, 877, 188.86, 77, 78, 100, 14342, Not Active, Not Active, Not Active
2026/07/17 10:46:23.075, 1192, 877, 177.84, 77, 78, 100, 14342, Not Active, Not Active, Not Active
2026/07/17 10:46:23.127, 1192, 877, 200.84, 77, 78, 100, 14342, Not Active, Not Active, Not Active
2026/07/17 10:46:23.179, 1192, 877, 208.70, 77, 77, 100, 14342, Not Active, Not Active, Not Active
2026/07/17 10:46:23.235, 1192, 877, 210.62, 77, 78, 100, 14342, Not Active, Not Active, Not Active
2026/07/17 10:46:23.287, 1192, 877, 189.34, 77, 77, 100, 14342, Not Active, Not Active, Not Active
2026/07/17 10:46:23.339, 1192, 877, 191.03, 77, 78, 100, 14342, Not Active, Not Active, Not Active
2026/07/17 10:46:23.394, 1192, 877, 201.05, 77, 78, 100, 14342, Not Active, Not Active, Not Active
2026/07/17 10:46:23.446, 1192, 877, 206.93, 77, 77, 100, 14342, Not Active, Not Active, Not Active
2026/07/17 10:46:23.498, 1192, 877, 209.38, 77, 77, 100, 14342, Not Active, Not Active, Not Active
2026/07/17 10:46:23.550, 1192, 877, 189.95, 77, 78, 100, 14342, Not Active, Not Active, Not Active
2026/07/17 10:46:23.602, 1192, 877, 184.19, 77, 77, 100, 14342, Not Active, Not Active, Not Active
2026/07/17 10:46:23.657, 1192, 877, 177.00, 77, 78, 100, 14342, Not Active, Not Active, Not Active
2026/07/17 10:46:23.709, 1192, 877, 193.78, 77, 77, 100, 14342, Not Active, Not Active, Not Active
2026/07/17 10:46:23.761, 1192, 877, 205.97, 77, 77, 100, 14342, Not Active, Not Active, Not Active
2026/07/17 10:46:23.817, 1192, 877, 210.28, 77, 78, 100, 14342, Not Active, Not Active, Not Active
2026/07/17 10:46:23.869, 1192, 877, 200.23, 77, 77, 100, 14342, Not Active, Not Active, Not Active
2026/07/17 10:46:23.920, 1192, 877, 165.72, 77, 78, 100, 14342, Not Active, Not Active, Not Active
2026/07/17 10:46:23.972, 1192, 877, 187.78, 77, 77, 100, 14342, Not Active, Not Active, Not Active
2026/07/17 10:46:24.024, 1192, 877, 200.70, 77, 78, 100, 14342, Not Active, Not Active, Not Active
2026/07/17 10:46:24.078, 1192, 877, 205.83, 77, 77, 100, 14342, Not Active, Not Active, Not Active
2026/07/17 10:46:24.130, 1192, 877, 213.49, 78, 78, 100, 14342, Not Active, Not Active, Not Active
2026/07/17 10:46:24.182, 1192, 877, 165.61, 78, 78, 100, 14342, Not Active, Not Active, Not Active
2026/07/17 10:46:24.238, 1192, 877, 189.11, 77, 78, 100, 14342, Not Active, Not Active, Not Active
2026/07/17 10:46:24.290, 1192, 877, 113.85, 78, 77, 100, 14342, Not Active, Not Active, Not Active
2026/07/17 10:46:24.341, 1192, 877, 194.35, 77, 77, 100, 14342, Not Active, Not Active, Not Active
2026/07/17 10:46:24.394, 1192, 877, 204.53, 77, 77, 100, 14342, Not Active, Not Active, Not Active
2026/07/17 10:46:24.446, 1192, 877, 209.18, 77, 77, 100, 14342, Not Active, Not Active, Not Active
2026/07/17 10:46:24.500, 1192, 877, 195.57, 77, 77, 100, 14342, Not Active, Not Active, Not Active
2026/07/17 10:46:24.552, 1192, 877, 163.80, 78, 78, 100, 14342, Not Active, Not Active, Not Active
2026/07/17 10:46:24.604, 1192, 877, 192.57, 78, 77, 100, 14342, Not Active, Not Active, Not Active
2026/07/17 10:46:24.659, 1192, 877, 202.27, 77, 77, 100, 14342, Not Active, Not Active, Not Active
2026/07/17 10:46:24.712, 1192, 877, 205.49, 78, 77, 100, 14342, Not Active, Not Active, Not Active
2026/07/17 10:46:24.764, 1192, 877, 213.49, 77, 77, 100, 14342, Not Active, Not Active, Not Active
2026/07/17 10:46:24.816, 1192, 877, 180.48, 78, 78, 100, 14342, Not Active, Not Active, Not Active
2026/07/17 10:46:24.867, 1192, 877, 179.88, 78, 78, 100, 14342, Not Active, Not Active, Not Active
2026/07/17 10:46:24.920, 1192, 877, 197.83, 78, 78, 100, 14342, Not Active, Not Active, Not Active
2026/07/17 10:46:24.971, 1192, 877, 199.61, 77, 78, 100, 14342, Not Active, Not Active, Not Active
2026/07/17 10:46:25.023, 1192, 877, 163.58, 77, 78, 100, 14342, Not Active, Not Active, Not Active
2026/07/17 10:46:25.075, 1192, 877, 204.26, 77, 77, 100, 14342, Not Active, Not Active, Not Active
2026/07/17 10:46:25.127, 1192, 877, 216.21, 77, 77, 100, 14342, Not Active, Not Active, Not Active
2026/07/17 10:46:25.183, 1192, 877, 186.95, 77, 78, 100, 14342, Not Active, Not Active, Not Active
2026/07/17 10:46:25.235, 1192, 877, 177.60, 78, 78, 100, 14342, Not Active, Not Active, Not Active
2026/07/17 10:46:25.286, 1192, 877, 199.61, 78, 77, 100, 14342, Not Active, Not Active, Not Active
2026/07/17 10:46:25.342, 1192, 877, 201.87, 78, 77, 100, 14342, Not Active, Not Active, Not Active
2026/07/17 10:46:25.394, 1192, 877, 207.27, 78, 78, 100, 14342, Not Active, Not Active, Not Active
2026/07/17 10:46:25.445, 1192, 877, 211.91, 78, 77, 100, 14342, Not Active, Not Active, Not Active
2026/07/17 10:46:25.498, 1192, 877, 178.56, 78, 78, 100, 14342, Not Active, Not Active, Not Active
2026/07/17 10:46:25.549, 1192, 877, 188.03, 77, 78, 100, 14342, Not Active, Not Active, Not Active
2026/07/17 10:46:25.602, 1192, 877, 202.27, 78, 78, 100, 14342, Not Active, Not Active, Not Active
2026/07/17 10:46:25.654, 1192, 877, 203.58, 78, 77, 100, 14342, Not Active, Not Active, Not Active
2026/07/17 10:46:25.706, 1192, 877, 206.93, 78, 77, 100, 14342, Not Active, Not Active, Not Active
2026/07/17 10:46:25.757, 1192, 877, 186.82, 78, 78, 100, 14342, Not Active, Not Active, Not Active
2026/07/17 10:46:25.809, 1192, 877, 216.36, 77, 78, 100, 14342, Not Active, Not Active, Not Active
2026/07/17 10:46:25.865, 1192, 877, 194.74, 77, 77, 100, 14342, Not Active, Not Active, Not Active
2026/07/17 10:46:25.916, 1192, 877, 162.36, 78, 78, 100, 14342, Not Active, Not Active, Not Active
2026/07/17 10:46:25.968, 1192, 877, 189.47, 77, 77, 100, 14342, Not Active, Not Active, Not Active
2026/07/17 10:46:26.024, 1192, 877, 198.79, 78, 78, 100, 14342, Not Active, Not Active, Not Active
2026/07/17 10:46:26.075, 1192, 877, 211.43, 77, 77, 100, 14342, Not Active, Not Active, Not Active
2026/07/17 10:46:26.127, 1192, 877, 213.01, 78, 78, 100, 14342, Not Active, Not Active, Not Active
2026/07/17 10:46:26.179, 1192, 877, 199.88, 78, 78, 100, 14342, Not Active, Not Active, Not Active
2026/07/17 10:46:26.231, 1192, 877, 160.44, 78, 78, 100, 14342, Not Active, Not Active, Not Active
2026/07/17 10:46:26.284, 1192, 877, 185.99, 78, 78, 100, 14342, Not Active, Not Active, Not Active
2026/07/17 10:46:26.336, 1192, 877, 195.44, 78, 77, 100, 14342, Not Active, Not Active, Not Active
2026/07/17 10:46:26.388, 1192, 877, 201.73, 78, 78, 100, 14342, Not Active, Not Active, Not Active
2026/07/17 10:46:26.439, 1192, 877, 205.35, 78, 77, 100, 14342, Not Active, Not Active, Not Active
2026/07/17 10:46:26.491, 1192, 877, 190.30, 77, 78, 100, 14342, Not Active, Not Active, Not Active
2026/07/17 10:46:26.546, 1192, 877, 210.14, 78, 77, 100, 14342, Not Active, Not Active, Not Active
2026/07/17 10:46:26.598, 1192, 877, 191.74, 78, 77, 100, 14342, Not Active, Not Active, Not Active
2026/07/17 10:46:26.650, 1192, 877, 161.66, 78, 78, 100, 14342, Not Active, Not Active, Not Active
2026/07/17 10:46:26.702, 1192, 877, 183.47, 78, 78, 100, 14342, Not Active, Not Active, Not Active
2026/07/17 10:46:26.754, 1192, 877, 201.53, 78, 77, 100, 14342, Not Active, Not Active, Not Active
2026/07/17 10:46:26.808, 1192, 877, 212.05, 78, 77, 100, 14342, Not Active, Not Active, Not Active
2026/07/17 10:46:26.859, 1192, 877, 211.43, 78, 78, 100, 14342, Not Active, Not Active, Not Active
2026/07/17 10:46:26.911, 1192, 877, 208.36, 78, 78, 100, 14342, Not Active, Not Active, Not Active
2026/07/17 10:46:26.963, 1192, 877, 171.00, 78, 78, 100, 14342, Not Active, Not Active, Not Active
2026/07/17 10:46:27.015, 1192, 877, 177.12, 78, 78, 100, 14342, Not Active, Not Active, Not Active
2026/07/17 10:46:27.067, 1192, 877, 190.78, 78, 77, 100, 14342, Not Active, Not Active, Not Active
2026/07/17 10:46:27.119, 1192, 877, 199.27, 78, 78, 100, 14342, Not Active, Not Active, Not Active
2026/07/17 10:46:27.171, 1192, 877, 206.93, 78, 77, 100, 14342, Not Active, Not Active, Not Active
2026/07/17 10:46:27.223, 1192, 877, 182.76, 78, 77, 100, 14342, Not Active, Not Active, Not Active
2026/07/17 10:46:27.276, 1192, 877, 206.03, 77, 78, 100, 14342, Not Active, Not Active, Not Active
2026/07/17 10:46:27.331, 1192, 877, 202.00, 78, 78, 100, 14342, Not Active, Not Active, Not Active
2026/07/17 10:46:27.383, 1192, 877, 172.44, 78, 78, 100, 14342, Not Active, Not Active, Not Active
2026/07/17 10:46:27.434, 1192, 877, 180.12, 78, 78, 100, 14342, Not Active, Not Active, Not Active
2026/07/17 10:46:27.489, 1192, 877, 194.35, 78, 78, 100, 14342, Not Active, Not Active, Not Active
2026/07/17 10:46:27.541, 1192, 877, 204.05, 78, 77, 100, 14342, Not Active, Not Active, Not Active
2026/07/17 10:46:27.592, 1192, 877, 209.32, 78, 78, 100, 14342, Not Active, Not Active, Not Active
2026/07/17 10:46:27.644, 1192, 877, 213.15, 78, 78, 100, 14342, Not Active, Not Active, Not Active
2026/07/17 10:46:27.696, 1192, 877, 178.92, 78, 78, 100, 14342, Not Active, Not Active, Not Active
2026/07/17 10:46:27.752, 1192, 877, 178.08, 78, 78, 100, 14342, Not Active, Not Active, Not Active
2026/07/17 10:46:27.804, 1192, 877, 187.42, 78, 78, 100, 14342, Not Active, Not Active, Not Active
2026/07/17 10:46:27.856, 1192, 877, 201.05, 78, 77, 100, 14342, Not Active, Not Active, Not Active
2026/07/17 10:46:27.912, 1192, 877, 204.88, 78, 78, 100, 14342, Not Active, Not Active, Not Active
2026/07/17 10:46:27.964, 1192, 877, 188.38, 77, 78, 100, 14342, Not Active, Not Active, Not Active
2026/07/17 10:46:28.016, 1192, 877, 212.19, 78, 77, 100, 14342, Not Active, Not Active, Not Active
2026/07/17 10:46:28.073, 1192, 877, 191.86, 78, 77, 100, 14342, Not Active, Not Active, Not Active
2026/07/17 10:46:28.125, 1192, 877, 159.00, 78, 78, 100, 14342, Not Active, Not Active, Not Active
2026/07/17 10:46:28.177, 1192, 877, 187.90, 78, 77, 100, 14342, Not Active, Not Active, Not Active
2026/07/17 10:46:28.233, 1192, 877, 197.96, 78, 77, 100, 14342, Not Active, Not Active, Not Active
2026/07/17 10:46:28.284, 1192, 877, 211.24, 78, 77, 100, 14342, Not Active, Not Active, Not Active
2026/07/17 10:46:28.336, 1192, 877, 207.27, 78, 78, 100, 14342, Not Active, Not Active, Not Active
2026/07/17 10:46:28.388, 1192, 877, 215.26, 78, 78, 100, 14342, Not Active, Not Active, Not Active
2026/07/17 10:46:28.440, 1192, 877, 180.96, 78, 78, 100, 14342, Not Active, Not Active, Not Active
2026/07/17 10:46:28.494, 1192, 877, 176.64, 78, 78, 100, 14342, Not Active, Not Active, Not Active
2026/07/17 10:46:28.546, 1192, 877, 187.42, 78, 78, 100, 14342, Not Active, Not Active, Not Active
2026/07/17 10:46:28.598, 1192, 877, 197.22, 78, 78, 100, 14342, Not Active, Not Active, Not Active
2026/07/17 10:46:28.650, 1192, 877, 205.35, 78, 77, 100, 14342, Not Active, Not Active, Not Active
2026/07/17 10:46:28.702, 1192, 877, 164.39, 77, 78, 100, 14342, Not Active, Not Active, Not Active
2026/07/17 10:46:28.753, 1192, 877, 202.00, 78, 77, 100, 14342, Not Active, Not Active, Not Active
2026/07/17 10:46:28.805, 1192, 877, 205.22, 78, 77, 100, 14342, Not Active, Not Active, Not Active
2026/07/17 10:46:28.857, 1192, 877, 208.56, 78, 78, 100, 14342, Not Active, Not Active, Not Active
2026/07/17 10:46:28.909, 1192, 877, 198.92, 78, 78, 100, 14342, Not Active, Not Active, Not Active
2026/07/17 10:46:28.960, 1192, 877, 159.11, 78, 78, 100, 14342, Not Active, Not Active, Not Active
2026/07/17 10:46:29.015, 1192, 877, 182.28, 78, 78, 100, 14342, Not Active, Not Active, Not Active
2026/07/17 10:46:29.067, 1192, 877, 190.65, 78, 78, 100, 14342, Not Active, Not Active, Not Active
2026/07/17 10:46:29.119, 1192, 877, 201.32, 78, 78, 100, 14342, Not Active, Not Active, Not Active
2026/07/17 10:46:29.171, 1192, 877, 209.66, 78, 77, 100, 14342, Not Active, Not Active, Not Active
2026/07/17 10:46:29.222, 1192, 877, 212.05, 78, 78, 100, 14342, Not Active, Not Active, Not Active
2026/07/17 10:46:29.278, 1192, 877, 193.17, 78, 78, 100, 14342, Not Active, Not Active, Not Active
2026/07/17 10:46:29.330, 1192, 877, 164.39, 78, 78, 100, 14342, Not Active, Not Active, Not Active
2026/07/17 10:46:29.382, 1192, 877, 182.63, 78, 77, 100, 14342, Not Active, Not Active, Not Active
2026/07/17 10:46:29.437, 1192, 877, 122.45, 78, 77, 100, 14342, Not Active, Not Active, Not Active
2026/07/17 10:46:29.490, 1192, 877, 183.24, 78, 77, 100, 14342, Not Active, Not Active, Not Active
2026/07/17 10:46:29.541, 1192, 877, 194.83, 78, 78, 100, 14342, Not Active, Not Active, Not Active
2026/07/17 10:46:29.594, 1192, 877, 202.62, 78, 78, 100, 14342, Not Active, Not Active, Not Active
2026/07/17 10:46:29.645, 1192, 877, 208.36, 78, 78, 100, 14342, Not Active, Not Active, Not Active
2026/07/17 10:46:29.700, 1192, 877, 216.36, 78, 78, 100, 14342, Not Active, Not Active, Not Active
2026/07/17 10:46:29.752, 1192, 877, 193.65, 78, 78, 100, 14342, Not Active, Not Active, Not Active
2026/07/17 10:46:29.804, 1192, 877, 158.63, 78, 78, 100, 14342, Not Active, Not Active, Not Active
2026/07/17 10:46:29.858, 1192, 877, 183.47, 78, 78, 100, 14342, Not Active, Not Active, Not Active
2026/07/17 10:46:29.910, 1192, 877, 194.22, 78, 77, 100, 14342, Not Active, Not Active, Not Active
2026/07/17 10:46:29.961, 1192, 877, 198.66, 78, 77, 100, 14342, Not Active, Not Active, Not Active
2026/07/17 10:46:30.013, 1192, 877, 206.17, 78, 77, 100, 14342, Not Active, Not Active, Not Active
2026/07/17 10:46:30.065, 1192, 877, 215.40, 78, 78, 100, 14342, Not Active, Not Active, Not Active
2026/07/17 10:46:30.121, 1192, 877, 192.21, 78, 78, 100, 14342, Not Active, Not Active, Not Active
2026/07/17 10:46:30.173, 1192, 877, 164.28, 78, 78, 100, 14342, Not Active, Not Active, Not Active
2026/07/17 10:46:30.225, 1192, 877, 176.52, 78, 77, 100, 14342, Not Active, Not Active, Not Active
2026/07/17 10:46:30.281, 1192, 877, 158.63, 78, 78, 100, 14342, Not Active, Not Active, Not Active
2026/07/17 10:46:30.333, 1192, 877, 181.44, 78, 78, 100, 14342, Not Active, Not Active, Not Active
2026/07/17 10:46:30.385, 1192, 877, 190.52, 78, 78, 100, 14342, Not Active, Not Active, Not Active
2026/07/17 10:46:30.437, 1192, 877, 198.18, 78, 78, 100, 14342, Not Active, Not Active, Not Active
2026/07/17 10:46:30.489, 1192, 877, 207.27, 78, 77, 100, 14342, Not Active, Not Active, Not Active
2026/07/17 10:46:30.543, 1192, 877, 213.96, 78, 77, 100, 14342, Not Active, Not Active, Not Active
2026/07/17 10:46:30.594, 1192, 877, 211.71, 78, 78, 100, 14342, Not Active, Not Active, Not Active
2026/07/17 10:46:30.646, 1192, 877, 165.24, 78, 78, 100, 14342, Not Active, Not Active, Not Active
2026/07/17 10:46:30.702, 1192, 877, 171.73, 78, 78, 100, 14342, Not Active, Not Active, Not Active
2026/07/17 10:46:30.754, 1192, 877, 184.07, 78, 78, 100, 14342, Not Active, Not Active, Not Active
2026/07/17 10:46:30.806, 1192, 877, 199.13, 78, 78, 100, 14342, Not Active, Not Active, Not Active
2026/07/17 10:46:30.858, 1192, 877, 203.58, 78, 78, 100, 14342, Not Active, Not Active, Not Active
2026/07/17 10:46:30.909, 1192, 877, 204.40, 78, 77, 100, 14342, Not Active, Not Active, Not Active
2026/07/17 10:46:30.964, 1192, 877, 189.34, 78, 78, 100, 14342, Not Active, Not Active, Not Active
2026/07/17 10:46:31.016, 1192, 877, 208.36, 78, 78, 100, 14342, Not Active, Not Active, Not Active
2026/07/17 10:46:31.068, 1192, 877, 203.58, 78, 78, 100, 14342, Not Active, Not Active, Not Active
2026/07/17 10:46:31.125, 1192, 877, 181.20, 78, 78, 100, 14342, Not Active, Not Active, Not Active
2026/07/17 10:46:31.177, 1192, 877, 157.56, 78, 78, 100, 14342, Not Active, Not Active, Not Active
2026/07/17 10:46:31.229, 1192, 877, 180.84, 78, 78, 100, 14342, Not Active, Not Active, Not Active
2026/07/17 10:46:31.283, 1192, 877, 197.35, 78, 78, 100, 14342, Not Active, Not Active, Not Active
2026/07/17 10:46:31.335, 1192, 877, 199.75, 78, 77, 100, 14342, Not Active, Not Active, Not Active
2026/07/17 10:46:31.387, 1192, 877, 205.83, 78, 78, 100, 14342, Not Active, Not Active, Not Active
2026/07/17 10:46:31.439, 1192, 877, 204.74, 78, 78, 100, 14342, Not Active, Not Active, Not Active
2026/07/17 10:46:31.490, 1192, 877, 199.27, 78, 78, 100, 14342, Not Active, Not Active, Not Active
2026/07/17 10:46:31.547, 1192, 877, 180.48, 78, 78, 100, 14342, Not Active, Not Active, Not Active
2026/07/17 10:46:31.598, 1192, 877, 157.08, 78, 78, 100, 14342, Not Active, Not Active, Not Active
2026/07/17 10:46:31.650, 1192, 877, 180.24, 78, 78, 100, 14342, Not Active, Not Active, Not Active
2026/07/17 10:46:31.705, 1192, 877, 132.95, 78, 78, 100, 14342, Not Active, Not Active, Not Active
2026/07/17 10:46:31.757, 1192, 877, 177.96, 78, 78, 100, 14342, Not Active, Not Active, Not Active
2026/07/17 10:46:31.809, 1192, 877, 191.38, 78, 78, 100, 14342, Not Active, Not Active, Not Active
2026/07/17 10:46:31.861, 1192, 877, 196.26, 78, 78, 100, 14342, Not Active, Not Active, Not Active
2026/07/17 10:46:31.913, 1192, 877, 205.01, 78, 77, 100, 14342, Not Active, Not Active, Not Active
2026/07/17 10:46:31.967, 1192, 877, 207.27, 78, 77, 100, 14342, Not Active, Not Active, Not Active
2026/07/17 10:46:32.019, 1192, 877, 214.44, 78, 78, 100, 14342, Not Active, Not Active, Not Active
2026/07/17 10:46:32.071, 1192, 877, 181.80, 78, 78, 100, 14342, Not Active, Not Active, Not Active
2026/07/17 10:46:32.128, 1192, 877, 156.60, 78, 78, 100, 14342, Not Active, Not Active, Not Active
2026/07/17 10:46:32.179, 1192, 877, 177.60, 78, 78, 100, 14342, Not Active, Not Active, Not Active
2026/07/17 10:46:32.231, 1192, 877, 193.87, 78, 78, 100, 14342, Not Active, Not Active, Not Active
2026/07/17 10:46:32.287, 1192, 877, 200.09, 78, 78, 100, 14342, Not Active, Not Active, Not Active
2026/07/17 10:46:32.339, 1192, 877, 210.28, 78, 78, 100, 14342, Not Active, Not Active, Not Active
2026/07/17 10:46:32.391, 1192, 877, 206.65, 78, 78, 100, 14342, Not Active, Not Active, Not Active
2026/07/17 10:46:32.444, 1192, 877, 210.48, 78, 78, 100, 14342, Not Active, Not Active, Not Active
2026/07/17 10:46:32.495, 1192, 877, 193.65, 78, 77, 100, 14342, Not Active, Not Active, Not Active
2026/07/17 10:46:32.549, 1192, 877, 213.49, 78, 78, 100, 14342, Not Active, Not Active, Not Active
2026/07/17 10:46:32.601, 1192, 877, 203.92, 78, 78, 100, 14342, Not Active, Not Active, Not Active
2026/07/17 10:46:32.652, 1192, 877, 184.19, 78, 78, 100, 14342, Not Active, Not Active, Not Active
2026/07/17 10:46:32.704, 1192, 877, 158.63, 78, 78, 100, 14342, Not Active, Not Active, Not Active
2026/07/17 10:46:32.756, 1192, 877, 169.22, 78, 78, 100, 14342, Not Active, Not Active, Not Active
2026/07/17 10:46:32.808, 1192, 877, 182.15, 78, 78, 100, 14342, Not Active, Not Active, Not Active
2026/07/17 10:46:32.859, 1192, 877, 199.40, 78, 77, 100, 14342, Not Active, Not Active, Not Active
2026/07/17 10:46:32.911, 1192, 877, 200.70, 78, 78, 100, 14342, Not Active, Not Active, Not Active
2026/07/17 10:46:32.963, 1192, 877, 202.82, 78, 77, 100, 14342, Not Active, Not Active, Not Active
2026/07/17 10:46:33.015, 1192, 877, 214.11, 78, 78, 100, 14342, Not Active, Not Active, Not Active
2026/07/17 10:46:33.071, 1192, 877, 206.79, 78, 78, 100, 14342, Not Active, Not Active, Not Active
2026/07/17 10:46:33.123, 1192, 877, 188.86, 78, 78, 100, 14342, Not Active, Not Active, Not Active
2026/07/17 10:46:33.175, 1192, 877, 154.30, 78, 78, 100, 14342, Not Active, Not Active, Not Active
2026/07/17 10:46:33.229, 1192, 877, 172.69, 78, 78, 100, 14342, Not Active, Not Active, Not Active
2026/07/17 10:46:33.281, 1192, 877, 166.20, 78, 78, 100, 14342, Not Active, Not Active, Not Active
2026/07/17 10:46:33.333, 1192, 877, 154.58, 78, 78, 100, 14342, Not Active, Not Active, Not Active
2026/07/17 10:46:33.385, 1192, 877, 179.88, 78, 78, 100, 14342, Not Active, Not Active, Not Active
2026/07/17 10:46:33.436, 1192, 877, 192.91, 78, 78, 100, 14342, Not Active, Not Active, Not Active
2026/07/17 10:46:33.491, 1192, 877, 200.70, 78, 78, 100, 14342, Not Active, Not Active, Not Active
2026/07/17 10:46:33.543, 1192, 877, 207.74, 78, 77, 100, 14342, Not Active, Not Active, Not Active
2026/07/17 10:46:33.595, 1192, 877, 206.65, 78, 78, 100, 14342, Not Active, Not Active, Not Active
2026/07/17 10:46:33.647, 1192, 877, 215.88, 78, 78, 100, 14342, Not Active, Not Active, Not Active
2026/07/17 10:46:33.699, 1192, 877, 195.44, 78, 78, 100, 14342, Not Active, Not Active, Not Active
2026/07/17 10:46:33.754, 1192, 877, 178.08, 78, 78, 100, 14342, Not Active, Not Active, Not Active
2026/07/17 10:46:33.806, 1192, 877, 156.12, 78, 78, 100, 14342, Not Active, Not Active, Not Active
2026/07/17 10:46:33.858, 1192, 877, 180.84, 78, 78, 100, 14342, Not Active, Not Active, Not Active
2026/07/17 10:46:33.912, 1192, 877, 187.17, 78, 78, 100, 14342, Not Active, Not Active, Not Active
2026/07/17 10:46:33.964, 1192, 877, 197.35, 78, 78, 100, 14342, Not Active, Not Active, Not Active
2026/07/17 10:46:34.016, 1192, 877, 108.07, 78, 78, 100, 14342, Not Active, Not Active, Not Active
2026/07/17 10:46:34.068, 1192, 877, 190.30, 78, 78, 100, 14342, Not Active, Not Active, Not Active
2026/07/17 10:46:34.119, 1192, 877, 199.61, 78, 78, 100, 14342, Not Active, Not Active, Not Active
2026/07/17 10:46:34.174, 1192, 877, 211.24, 78, 77, 100, 14342, Not Active, Not Active, Not Active
2026/07/17 10:46:34.226, 1192, 877, 204.53, 78, 78, 100, 14342, Not Active, Not Active, Not Active
2026/07/17 10:46:34.278, 1192, 877, 214.11, 78, 78, 100, 14342, Not Active, Not Active, Not Active
2026/07/17 10:46:34.330, 1192, 877, 210.48, 78, 78, 100, 14342, Not Active, Not Active, Not Active
2026/07/17 10:46:34.381, 1192, 877, 184.19, 78, 78, 100, 14342, Not Active, Not Active, Not Active
2026/07/17 10:46:34.436, 1192, 877, 163.91, 78, 78, 100, 14342, Not Active, Not Active, Not Active
2026/07/17 10:46:34.488, 1192, 877, 164.87, 78, 78, 100, 14342, Not Active, Not Active, Not Active
2026/07/17 10:46:34.540, 1192, 877, 180.12, 78, 78, 100, 14342, Not Active, Not Active, Not Active
2026/07/17 10:46:34.595, 1192, 877, 194.00, 78, 78, 100, 14342, Not Active, Not Active, Not Active
2026/07/17 10:46:34.647, 1192, 877, 197.70, 78, 77, 100, 14342, Not Active, Not Active, Not Active
2026/07/17 10:46:34.699, 1192, 877, 201.39, 78, 77, 100, 14342, Not Active, Not Active, Not Active
2026/07/17 10:46:34.750, 1192, 877, 205.35, 78, 78, 100, 14342, Not Active, Not Active, Not Active
2026/07/17 10:46:34.802, 1192, 877, 168.60, 78, 78, 100, 14342, Not Active, Not Active, Not Active
2026/07/17 10:46:34.855, 1192, 877, 203.44, 78, 78, 100, 14342, Not Active, Not Active, Not Active
2026/07/17 10:46:34.907, 1192, 877, 204.88, 78, 78, 100, 14342, Not Active, Not Active, Not Active
2026/07/17 10:46:34.959, 1192, 877, 210.14, 78, 77, 100, 14342, Not Active, Not Active, Not Active
2026/07/17 10:46:35.010, 1192, 877, 215.73, 78, 78, 100, 14342, Not Active, Not Active, Not Active
2026/07/17 10:46:35.062, 1192, 877, 185.15, 78, 78, 100, 14342, Not Active, Not Active, Not Active
2026/07/17 10:46:35.119, 1192, 877, 165.24, 78, 78, 100, 14342, Not Active, Not Active, Not Active
2026/07/17 10:46:35.171, 1192, 877, 155.06, 78, 78, 100, 14342, Not Active, Not Active, Not Active
2026/07/17 10:46:35.223, 1192, 877, 179.28, 78, 78, 100, 14342, Not Active, Not Active, Not Active
2026/07/17 10:46:35.277, 1192, 877, 187.78, 78, 78, 100, 14342, Not Active, Not Active, Not Active
2026/07/17 10:46:35.328, 1192, 877, 199.13, 78, 77, 100, 14342, Not Active, Not Active, Not Active
2026/07/17 10:46:35.380, 1192, 877, 200.23, 78, 77, 100, 14342, Not Active, Not Active, Not Active
2026/07/17 10:46:35.432, 1192, 877, 206.79, 78, 78, 100, 14342, Not Active, Not Active, Not Active
2026/07/17 10:46:35.484, 1192, 877, 205.22, 78, 78, 100, 14342, Not Active, Not Active, Not Active
2026/07/17 10:46:35.540, 1192, 877, 210.48, 78, 78, 100, 14342, Not Active, Not Active, Not Active
2026/07/17 10:46:35.592, 1192, 877, 193.30, 78, 78, 100, 14342, Not Active, Not Active, Not Active
2026/07/17 10:46:35.644, 1192, 877, 211.91, 78, 78, 100, 14342, Not Active, Not Active, Not Active
2026/07/17 10:46:35.701, 1192, 877, 197.35, 78, 78, 100, 14342, Not Active, Not Active, Not Active
2026/07/17 10:46:35.753, 1192, 877, 183.71, 78, 78, 100, 14342, Not Active, Not Active, Not Active
2026/07/17 10:46:35.804, 1192, 877, 152.00, 78, 78, 100, 14342, Not Active, Not Active, Not Active
2026/07/17 10:46:35.859, 1192, 877, 169.22, 78, 78, 100, 14342, Not Active, Not Active, Not Active
2026/07/17 10:46:35.911, 1192, 877, 177.48, 78, 78, 100, 14342, Not Active, Not Active, Not Active
2026/07/17 10:46:35.963, 1192, 877, 187.90, 78, 78, 100, 14342, Not Active, Not Active, Not Active
2026/07/17 10:46:36.014, 1192, 877, 200.23, 78, 78, 100, 14342, Not Active, Not Active, Not Active
2026/07/17 10:46:36.066, 1192, 877, 203.10, 78, 77, 100, 14342, Not Active, Not Active, Not Active
2026/07/17 10:46:36.122, 1192, 877, 210.28, 78, 78, 100, 14342, Not Active, Not Active, Not Active
2026/07/17 10:46:36.173, 1192, 877, 204.88, 78, 78, 100, 14342, Not Active, Not Active, Not Active
2026/07/17 10:46:36.225, 1192, 877, 212.05, 78, 78, 100, 14342, Not Active, Not Active, Not Active
2026/07/17 10:46:36.277, 1192, 877, 206.17, 78, 78, 100, 14342, Not Active, Not Active, Not Active
2026/07/17 10:46:36.329, 1192, 877, 182.76, 78, 78, 100, 14342, Not Active, Not Active, Not Active
2026/07/17 10:46:36.383, 1192, 877, 206.45, 77, 77, 100, 14342, Not Active, Not Active, Not Active
2026/07/17 10:46:36.435, 1192, 877, 205.49, 78, 78, 100, 14342, Not Active, Not Active, Not Active
2026/07/17 10:46:36.487, 1192, 877, 180.84, 78, 78, 100, 14342, Not Active, Not Active, Not Active
2026/07/17 10:46:36.543, 1192, 877, 156.22, 78, 78, 100, 14342, Not Active, Not Active, Not Active
2026/07/17 10:46:36.595, 1192, 877, 160.81, 78, 78, 100, 14342, Not Active, Not Active, Not Active
2026/07/17 10:46:36.646, 1192, 877, 178.44, 78, 78, 100, 14342, Not Active, Not Active, Not Active
2026/07/17 10:46:36.698, 1192, 877, 182.15, 78, 77, 100, 14342, Not Active, Not Active, Not Active
2026/07/17 10:46:36.750, 1192, 877, 191.00, 78, 77, 100, 14342, Not Active, Not Active, Not Active
2026/07/17 10:46:36.803, 1192, 877, 200.36, 78, 78, 100, 14342, Not Active, Not Active, Not Active
2026/07/17 10:46:36.855, 1192, 877, 204.53, 78, 78, 100, 14342, Not Active, Not Active, Not Active
2026/07/17 10:46:36.907, 1192, 877, 207.88, 78, 77, 100, 14342, Not Active, Not Active, Not Active
2026/07/17 10:46:36.959, 1192, 877, 204.74, 78, 78, 100, 14342, Not Active, Not Active, Not Active
2026/07/17 10:46:37.011, 1192, 877, 211.71, 78, 78, 100, 14342, Not Active, Not Active, Not Active
2026/07/17 10:46:37.066, 1192, 877, 198.44, 78, 78, 100, 14342, Not Active, Not Active, Not Active
2026/07/17 10:46:37.118, 1192, 877, 187.55, 78, 78, 100, 14342, Not Active, Not Active, Not Active
2026/07/17 10:46:37.169, 1192, 877, 202.62, 78, 77, 100, 14342, Not Active, Not Active, Not Active
2026/07/17 10:46:37.226, 1192, 877, 191.74, 78, 78, 100, 14342, Not Active, Not Active, Not Active
2026/07/17 10:46:37.278, 1192, 877, 183.24, 78, 78, 100, 14342, Not Active, Not Active, Not Active
2026/07/17 10:46:37.329, 1192, 877, 171.48, 78, 78, 100, 14342, Not Active, Not Active, Not Active
2026/07/17 10:46:37.381, 1192, 877, 149.02, 78, 78, 100, 14342, Not Active, Not Active, Not Active
2026/07/17 10:46:37.433, 1192, 877, 161.77, 78, 78, 100, 14342, Not Active, Not Active, Not Active
2026/07/17 10:46:37.485, 1192, 877, 176.04, 78, 78, 100, 14342, Not Active, Not Active, Not Active
2026/07/17 10:46:37.537, 1192, 877, 182.28, 78, 78, 100, 14342, Not Active, Not Active, Not Active
2026/07/17 10:46:37.588, 1192, 877, 194.00, 78, 78, 100, 14342, Not Active, Not Active, Not Active
2026/07/17 10:46:37.640, 1192, 877, 198.92, 78, 78, 100, 14342, Not Active, Not Active, Not Active
2026/07/17 10:46:37.692, 1192, 877, 203.78, 78, 77, 100, 14342, Not Active, Not Active, Not Active
2026/07/17 10:46:37.748, 1192, 877, 207.61, 78, 78, 100, 14342, Not Active, Not Active, Not Active
2026/07/17 10:46:37.799, 1192, 877, 204.26, 78, 78, 100, 14342, Not Active, Not Active, Not Active
2026/07/17 10:46:37.851, 1192, 877, 206.03, 78, 78, 100, 14342, Not Active, Not Active, Not Active
2026/07/17 10:46:37.903, 1192, 877, 211.09, 78, 78, 100, 14342, Not Active, Not Active, Not Active
2026/07/17 10:46:37.955, 1192, 877, 183.35, 78, 77, 100, 14342, Not Active, Not Active, Not Active
2026/07/17 10:46:38.007, 1192, 877, 207.88, 78, 78, 100, 14342, Not Active, Not Active, Not Active
2026/07/17 10:46:38.059, 1192, 877, 209.18, 78, 78, 100, 14342, Not Active, Not Active, Not Active
2026/07/17 10:46:38.111, 1192, 877, 212.05, 78, 78, 100, 14342, Not Active, Not Active, Not Active
2026/07/17 10:46:38.163, 1192, 877, 211.09, 78, 78, 100, 14342, Not Active, Not Active, Not Active
2026/07/17 10:46:38.215, 1192, 877, 185.15, 78, 78, 100, 14342, Not Active, Not Active, Not Active
2026/07/17 10:46:38.270, 1192, 877, 177.60, 78, 78, 100, 14342, Not Active, Not Active, Not Active
2026/07/17 10:46:38.322, 1192, 877, 158.63, 78, 78, 100, 14342, Not Active, Not Active, Not Active
2026/07/17 10:46:38.374, 1192, 877, 158.52, 78, 78, 100, 14342, Not Active, Not Active, Not Active
2026/07/17 10:46:38.427, 1192, 877, 177.00, 78, 78, 100, 14342, Not Active, Not Active, Not Active
2026/07/17 10:46:38.479, 1192, 877, 175.93, 78, 78, 100, 14342, Not Active, Not Active, Not Active
2026/07/17 10:46:38.531, 1192, 877, 189.34, 78, 78, 100, 14342, Not Active, Not Active, Not Active
2026/07/17 10:46:38.582, 1192, 877, 194.96, 78, 77, 100, 14342, Not Active, Not Active, Not Active
2026/07/17 10:46:38.634, 1192, 877, 200.23, 78, 78, 100, 14342, Not Active, Not Active, Not Active
2026/07/17 10:46:38.691, 1192, 877, 209.18, 78, 78, 100, 14342, Not Active, Not Active, Not Active
2026/07/17 10:46:38.742, 1192, 877, 149.50, 78, 77, 100, 14342, Not Active, Not Active, Not Active
2026/07/17 10:46:38.794, 1192, 877, 199.53, 78, 78, 100, 14342, Not Active, Not Active, Not Active
2026/07/17 10:46:38.846, 1192, 877, 198.31, 78, 78, 100, 14342, Not Active, Not Active, Not Active
2026/07/17 10:46:38.898, 1192, 877, 206.79, 78, 77, 100, 14342, Not Active, Not Active, Not Active
2026/07/17 10:46:38.952, 1192, 877, 204.40, 78, 78, 100, 14342, Not Active, Not Active, Not Active
2026/07/17 10:46:39.004, 1192, 877, 205.97, 78, 78, 100, 14342, Not Active, Not Active, Not Active
2026/07/17 10:46:39.055, 1192, 877, 215.73, 78, 78, 100, 14342, Not Active, Not Active, Not Active
2026/07/17 10:46:39.107, 1192, 877, 209.86, 78, 78, 100, 14342, Not Active, Not Active, Not Active
2026/07/17 10:46:39.159, 1192, 877, 193.65, 78, 78, 100, 14342, Not Active, Not Active, Not Active
2026/07/17 10:46:39.214, 1192, 877, 181.80, 78, 78, 100, 14342, Not Active, Not Active, Not Active
2026/07/17 10:46:39.266, 1192, 877, 170.41, 78, 78, 100, 14342, Not Active, Not Active, Not Active
2026/07/17 10:46:39.318, 1192, 877, 148.64, 78, 78, 100, 14342, Not Active, Not Active, Not Active
2026/07/17 10:46:39.371, 1192, 877, 164.76, 78, 78, 100, 14342, Not Active, Not Active, Not Active
2026/07/17 10:46:39.423, 1192, 877, 175.68, 78, 78, 100, 14342, Not Active, Not Active, Not Active
2026/07/17 10:46:39.475, 1192, 877, 176.04, 78, 78, 100, 14342, Not Active, Not Active, Not Active
2026/07/17 10:46:39.527, 1192, 877, 141.04, 78, 78, 100, 14342, Not Active, Not Active, Not Active
2026/07/17 10:46:39.579, 1192, 877, 148.74, 78, 78, 100, 14342, Not Active, Not Active, Not Active
2026/07/17 10:46:39.632, 1192, 877, 162.95, 78, 78, 100, 14342, Not Active, Not Active, Not Active
2026/07/17 10:46:39.683, 1192, 877, 172.92, 78, 78, 100, 14342, Not Active, Not Active, Not Active
2026/07/17 10:46:39.735, 1192, 877, 175.09, 78, 78, 100, 14342, Not Active, Not Active, Not Active
2026/07/17 10:46:39.787, 1192, 877, 183.59, 78, 78, 100, 14342, Not Active, Not Active, Not Active
2026/07/17 10:46:39.839, 1192, 877, 197.01, 78, 78, 100, 14342, Not Active, Not Active, Not Active
2026/07/17 10:46:39.895, 1192, 877, 199.75, 78, 78, 100, 14342, Not Active, Not Active, Not Active
2026/07/17 10:46:39.947, 1192, 877, 207.27, 78, 77, 100, 14342, Not Active, Not Active, Not Active
2026/07/17 10:46:39.999, 1192, 877, 208.22, 78, 78, 100, 14342, Not Active, Not Active, Not Active
2026/07/17 10:46:40.051, 1192, 877, 203.44, 78, 78, 100, 14342, Not Active, Not Active, Not Active
2026/07/17 10:46:40.102, 1192, 877, 212.87, 78, 78, 100, 14342, Not Active, Not Active, Not Active
2026/07/17 10:46:40.157, 1192, 877, 215.11, 78, 78, 100, 14342, Not Active, Not Active, Not Active
2026/07/17 10:46:40.209, 1192, 877, 203.10, 78, 78, 100, 14342, Not Active, Not Active, Not Active
2026/07/17 10:46:40.260, 1192, 877, 181.32, 78, 78, 100, 14342, Not Active, Not Active, Not Active
2026/07/17 10:46:40.316, 1192, 877, 175.20, 78, 78, 100, 14342, Not Active, Not Active, Not Active
2026/07/17 10:46:40.368, 1192, 877, 203.10, 78, 78, 100, 14342, Not Active, Not Active, Not Active
2026/07/17 10:46:40.420, 1192, 877, 207.61, 78, 78, 100, 14342, Not Active, Not Active, Not Active
2026/07/17 10:46:40.472, 1192, 877, 198.79, 78, 78, 100, 14342, Not Active, Not Active, Not Active
2026/07/17 10:46:40.524, 1192, 877, 183.11, 78, 78, 100, 14342, Not Active, Not Active, Not Active
2026/07/17 10:46:40.578, 1192, 877, 174.61, 78, 78, 100, 14342, Not Active, Not Active, Not Active
2026/07/17 10:46:40.630, 1192, 877, 161.99, 78, 78, 100, 14342, Not Active, Not Active, Not Active
2026/07/17 10:46:40.682, 1192, 877, 148.06, 78, 78, 100, 14342, Not Active, Not Active, Not Active
2026/07/17 10:46:40.735, 1192, 877, 168.60, 78, 78, 100, 14342, Not Active, Not Active, Not Active
2026/07/17 10:46:40.787, 1192, 877, 173.28, 78, 78, 100, 14342, Not Active, Not Active, Not Active
2026/07/17 10:46:40.839, 1192, 877, 181.44, 78, 78, 100, 14342, Not Active, Not Active, Not Active
2026/07/17 10:46:40.891, 1192, 877, 180.24, 78, 78, 100, 14342, Not Active, Not Active, Not Active
2026/07/17 10:46:40.942, 1192, 877, 189.47, 78, 78, 100, 14342, Not Active, Not Active, Not Active
2026/07/17 10:46:40.994, 1192, 877, 192.57, 78, 78, 100, 14342, Not Active, Not Active, Not Active
2026/07/17 10:46:41.046, 1192, 877, 197.96, 78, 78, 100, 14342, Not Active, Not Active, Not Active
2026/07/17 10:46:41.099, 1192, 877, 196.05, 78, 77, 100, 14342, Not Active, Not Active, Not Active
2026/07/17 10:46:41.151, 1192, 877, 96.15, 78, 78, 100, 14342, Not Active, Not Active, Not Active
2026/07/17 10:46:41.203, 1192, 877, 179.52, 78, 78, 100, 14342, Not Active, Not Active, Not Active
2026/07/17 10:46:41.255, 1192, 877, 183.24, 78, 78, 100, 14342, Not Active, Not Active, Not Active
2026/07/17 10:46:41.307, 1192, 877, 196.40, 78, 77, 100, 14342, Not Active, Not Active, Not Active
2026/07/17 10:46:41.359, 1192, 877, 197.01, 78, 77, 100, 14342, Not Active, Not Active, Not Active
2026/07/17 10:46:41.411, 1192, 877, 195.79, 78, 78, 100, 14342, Not Active, Not Active, Not Active
2026/07/17 10:46:41.463, 1192, 877, 199.27, 78, 78, 100, 14342, Not Active, Not Active, Not Active
2026/07/17 10:46:41.515, 1192, 877, 200.57, 78, 78, 100, 14342, Not Active, Not Active, Not Active
2026/07/17 10:46:41.566, 1192, 877, 208.70, 78, 78, 100, 14342, Not Active, Not Active, Not Active
2026/07/17 10:46:41.622, 1192, 877, 207.40, 78, 78, 100, 14342, Not Active, Not Active, Not Active
2026/07/17 10:46:41.674, 1192, 877, 209.04, 78, 78, 100, 14342, Not Active, Not Active, Not Active
2026/07/17 10:46:41.726, 1192, 877, 203.10, 78, 78, 100, 14342, Not Active, Not Active, Not Active
2026/07/17 10:46:41.784, 1192, 877, 189.34, 78, 78, 100, 14342, Not Active, Not Active, Not Active
2026/07/17 10:46:41.835, 1192, 877, 181.32, 78, 78, 100, 14342, Not Active, Not Active, Not Active
2026/07/17 10:46:41.887, 1192, 877, 169.56, 78, 78, 100, 14342, Not Active, Not Active, Not Active
2026/07/17 10:46:41.942, 1192, 877, 155.26, 78, 78, 100, 14342, Not Active, Not Active, Not Active
2026/07/17 10:46:41.993, 1192, 877, 199.27, 78, 78, 100, 14342, Not Active, Not Active, Not Active
2026/07/17 10:46:42.045, 1192, 877, 199.61, 78, 78, 100, 14342, Not Active, Not Active, Not Active
2026/07/17 10:46:42.097, 1192, 877, 193.04, 78, 78, 100, 14342, Not Active, Not Active, Not Active
2026/07/17 10:46:42.149, 1192, 877, 179.52, 78, 78, 100, 14342, Not Active, Not Active, Not Active
2026/07/17 10:46:42.203, 1192, 877, 175.20, 78, 78, 100, 14342, Not Active, Not Active, Not Active
2026/07/17 10:46:42.255, 1192, 877, 165.24, 78, 78, 100, 14342, Not Active, Not Active, Not Active
2026/07/17 10:46:42.307, 1192, 877, 153.93, 78, 78, 100, 14342, Not Active, Not Active, Not Active
2026/07/17 10:46:42.359, 1192, 877, 143.83, 78, 78, 100, 14342, Not Active, Not Active, Not Active
2026/07/17 10:46:42.411, 1192, 877, 156.22, 78, 78, 100, 14342, Not Active, Not Active, Not Active
2026/07/17 10:46:42.462, 1192, 877, 165.87, 78, 78, 100, 14342, Not Active, Not Active, Not Active
2026/07/17 10:46:42.514, 1192, 877, 164.06, 78, 78, 100, 14342, Not Active, Not Active, Not Active
2026/07/17 10:46:42.566, 1192, 877, 172.21, 78, 78, 100, 14342, Not Active, Not Active, Not Active
2026/07/17 10:46:42.618, 1192, 877, 180.00, 78, 78, 100, 14342, Not Active, Not Active, Not Active
2026/07/17 10:46:42.669, 1192, 877, 191.13, 78, 78, 100, 14342, Not Active, Not Active, Not Active
2026/07/17 10:46:42.724, 1192, 877, 193.65, 78, 77, 100, 14342, Not Active, Not Active, Not Active
2026/07/17 10:46:42.776, 1192, 877, 109.52, 78, 78, 100, 14342, Not Active, Not Active, Not Active
2026/07/17 10:46:42.828, 1192, 877, 170.15, 78, 78, 100, 14342, Not Active, Not Active, Not Active
2026/07/17 10:46:42.881, 1192, 877, 171.73, 78, 78, 100, 14342, Not Active, Not Active, Not Active
2026/07/17 10:46:42.932, 1192, 877, 176.52, 78, 78, 100, 14342, Not Active, Not Active, Not Active
2026/07/17 10:46:42.984, 1192, 877, 174.13, 78, 78, 100, 14342, Not Active, Not Active, Not Active
2026/07/17 10:46:43.036, 1192, 877, 181.32, 78, 78, 100, 14342, Not Active, Not Active, Not Active
2026/07/17 10:46:43.088, 1192, 877, 185.03, 78, 78, 100, 14342, Not Active, Not Active, Not Active
2026/07/17 10:46:43.140, 1192, 877, 191.61, 78, 77, 100, 14342, Not Active, Not Active, Not Active
2026/07/17 10:46:43.192, 1192, 877, 193.65, 78, 78, 100, 14342, Not Active, Not Active, Not Active
2026/07/17 10:46:43.247, 1192, 877, 199.40, 78, 78, 100, 14342, Not Active, Not Active, Not Active
2026/07/17 10:46:43.299, 1192, 877, 202.75, 78, 78, 100, 14342, Not Active, Not Active, Not Active
2026/07/17 10:46:43.350, 1192, 877, 206.31, 78, 78, 100, 14342, Not Active, Not Active, Not Active
2026/07/17 10:46:43.403, 1192, 877, 209.80, 78, 78, 100, 14342, Not Active, Not Active, Not Active
2026/07/17 10:46:43.454, 1192, 877, 203.92, 78, 78, 100, 14342, Not Active, Not Active, Not Active
2026/07/17 10:46:43.509, 1192, 877, 202.96, 78, 78, 100, 14342, Not Active, Not Active, Not Active
2026/07/17 10:46:43.560, 1192, 877, 208.84, 78, 78, 100, 14342, Not Active, Not Active, Not Active
2026/07/17 10:46:43.612, 1192, 877, 164.17, 78, 76, 100, 14342, Not Active, Not Active, Not Active
2026/07/17 10:46:43.666, 1192, 877, 199.27, 78, 77, 100, 14342, Not Active, Not Active, Not Active
2026/07/17 10:46:43.717, 1192, 877, 200.09, 78, 78, 100, 14342, Not Active, Not Active, Not Active
2026/07/17 10:46:43.769, 1192, 877, 204.88, 78, 77, 100, 14342, Not Active, Not Active, Not Active
2026/07/17 10:46:43.821, 1192, 877, 205.83, 78, 77, 100, 14342, Not Active, Not Active, Not Active
2026/07/17 10:46:43.873, 1192, 877, 205.69, 78, 78, 100, 14342, Not Active, Not Active, Not Active
2026/07/17 10:46:43.925, 1192, 877, 203.44, 78, 78, 100, 14342, Not Active, Not Active, Not Active
2026/07/17 10:46:43.977, 1192, 877, 211.09, 78, 78, 100, 14342, Not Active, Not Active, Not Active
2026/07/17 10:46:44.035, 1192, 877, 215.26, 78, 78, 100, 14342, Not Active, Not Active, Not Active
2026/07/17 10:46:44.087, 1192, 877, 206.31, 78, 78, 100, 14342, Not Active, Not Active, Not Active
2026/07/17 10:46:44.138, 1192, 877, 186.95, 78, 78, 100, 14342, Not Active, Not Active, Not Active
2026/07/17 10:46:44.195, 1192, 877, 181.80, 78, 78, 100, 14342, Not Active, Not Active, Not Active
2026/07/17 10:46:44.246, 1192, 877, 177.00, 78, 78, 100, 14342, Not Active, Not Active, Not Active
2026/07/17 10:46:44.298, 1192, 877, 175.20, 78, 78, 100, 14342, Not Active, Not Active, Not Active
2026/07/17 10:46:44.350, 1192, 877, 172.44, 78, 79, 100, 14342, Not Active, Not Active, Not Active
2026/07/17 10:46:44.402, 1192, 877, 158.63, 78, 78, 100, 14342, Not Active, Not Active, Not Active
2026/07/17 10:46:44.455, 1192, 877, 56.25, 77, 76, 99, 354, Not Active, Not Active, Not Active
2026/07/17 10:46:44.506, 1192, 877, 50.92, 76, 76, 99, 354, Not Active, Not Active, Not Active
2026/07/17 10:46:44.558, 1192, 877, 50.44, 75, 74, 99, 352, Not Active, Not Active, Not Active
