timestamp,graphics_clock_mhz,memory_clock_mhz,power_w,gpu_temperature_c,memory_temperature_c,gpu_util_pct,memory_used_mib,sw_power_cap,sw_thermal_slowdown,hw_thermal_slowdown
2026/07/17 11:11:04.976, 1192, 877, 35.97, 50, 49, 0, 6, Not Active, Not Active, Not Active
2026/07/17 11:11:05.028, 1192, 877, 35.97, 50, 49, 0, 8, Not Active, Not Active, Not Active
2026/07/17 11:11:05.080, 1192, 877, 35.97, 50, 49, 0, 8, Not Active, Not Active, Not Active
2026/07/17 11:11:05.131, 1192, 877, 35.97, 50, 49, 3, 316, Not Active, Not Active, Not Active
2026/07/17 11:11:05.183, 1192, 877, 35.97, 50, 49, 3, 316, Not Active, Not Active, Not Active
2026/07/17 11:11:05.235, 1192, 877, 35.97, 50, 49, 3, 316, Not Active, Not Active, Not Active
2026/07/17 11:11:05.287, 1192, 877, 35.97, 50, 49, 0, 316, Not Active, Not Active, Not Active
2026/07/17 11:11:05.338, 1192, 877, 35.97, 50, 49, 0, 316, Not Active, Not Active, Not Active
2026/07/17 11:11:05.390, 1192, 877, 36.46, 50, 49, 0, 11402, Not Active, Not Active, Not Active
2026/07/17 11:11:05.443, 1192, 877, 36.94, 50, 49, 0, 11402, Not Active, Not Active, Not Active
2026/07/17 11:11:05.496, 1192, 877, 36.46, 50, 49, 39, 11402, Not Active, Not Active, Not Active
2026/07/17 11:11:05.548, 1192, 877, 36.94, 50, 49, 39, 11402, Not Active, Not Active, Not Active
2026/07/17 11:11:05.601, 1192, 877, 36.46, 50, 49, 39, 11402, Not Active, Not Active, Not Active
2026/07/17 11:11:05.654, 1192, 877, 36.94, 50, 49, 100, 11402, Not Active, Not Active, Not Active
2026/07/17 11:11:05.706, 1192, 877, 36.94, 50, 49, 100, 11402, Not Active, Not Active, Not Active
2026/07/17 11:11:05.759, 1192, 877, 36.94, 50, 49, 100, 11402, Not Active, Not Active, Not Active
2026/07/17 11:11:05.811, 1192, 877, 36.46, 50, 49, 99, 11402, Not Active, Not Active, Not Active
2026/07/17 11:11:05.864, 1192, 877, 36.46, 50, 49, 99, 11402, Not Active, Not Active, Not Active
2026/07/17 11:11:05.917, 1192, 877, 36.46, 50, 49, 99, 11402, Not Active, Not Active, Not Active
2026/07/17 11:11:05.970, 1192, 877, 36.46, 50, 49, 99, 11402, Not Active, Not Active, Not Active
2026/07/17 11:11:06.022, 1192, 877, 36.46, 50, 49, 99, 11402, Not Active, Not Active, Not Active
2026/07/17 11:11:06.075, 1192, 877, 36.92, 50, 49, 99, 11402, Not Active, Not Active, Not Active
2026/07/17 11:11:06.128, 1192, 877, 36.46, 50, 49, 99, 11402, Not Active, Not Active, Not Active
2026/07/17 11:11:06.180, 1192, 877, 36.46, 50, 49, 99, 11402, Not Active, Not Active, Not Active
2026/07/17 11:11:06.233, 1192, 877, 36.46, 50, 49, 99, 11402, Not Active, Not Active, Not Active
2026/07/17 11:11:06.285, 1192, 877, 36.46, 50, 49, 99, 11402, Not Active, Not Active, Not Active
2026/07/17 11:11:06.339, 1192, 877, 36.46, 50, 49, 99, 11402, Not Active, Not Active, Not Active
2026/07/17 11:11:06.391, 1192, 877, 36.46, 50, 49, 99, 11402, Not Active, Not Active, Not Active
2026/07/17 11:11:06.444, 1192, 877, 36.46, 50, 49, 99, 11402, Not Active, Not Active, Not Active
2026/07/17 11:11:06.497, 1192, 877, 36.46, 50, 49, 99, 11402, Not Active, Not Active, Not Active
2026/07/17 11:11:06.549, 1192, 877, 36.46, 50, 49, 99, 11402, Not Active, Not Active, Not Active
2026/07/17 11:11:06.602, 1192, 877, 36.46, 50, 49, 99, 11402, Not Active, Not Active, Not Active
2026/07/17 11:11:06.654, 1192, 877, 36.46, 50, 49, 99, 11402, Not Active, Not Active, Not Active
2026/07/17 11:11:06.707, 1192, 877, 36.46, 50, 49, 99, 11402, Not Active, Not Active, Not Active
2026/07/17 11:11:06.761, 1192, 877, 36.46, 50, 49, 99, 11402, Not Active, Not Active, Not Active
2026/07/17 11:11:06.813, 1192, 877, 36.46, 50, 49, 99, 11402, Not Active, Not Active, Not Active
2026/07/17 11:11:06.866, 1192, 877, 36.46, 50, 49, 99, 11402, Not Active, Not Active, Not Active
2026/07/17 11:11:06.918, 1192, 877, 36.46, 50, 49, 99, 11402, Not Active, Not Active, Not Active
2026/07/17 11:11:06.971, 1192, 877, 36.46, 50, 49, 99, 11402, Not Active, Not Active, Not Active
2026/07/17 11:11:07.023, 1192, 877, 36.46, 50, 49, 99, 11402, Not Active, Not Active, Not Active
2026/07/17 11:11:07.076, 1192, 877, 36.46, 50, 49, 99, 11402, Not Active, Not Active, Not Active
2026/07/17 11:11:07.130, 1192, 877, 36.46, 50, 49, 99, 11402, Not Active, Not Active, Not Active
2026/07/17 11:11:07.182, 1192, 877, 36.46, 50, 49, 99, 11402, Not Active, Not Active, Not Active
2026/07/17 11:11:07.235, 1192, 877, 36.46, 50, 49, 99, 11402, Not Active, Not Active, Not Active
2026/07/17 11:11:07.287, 1192, 877, 36.46, 50, 49, 99, 11402, Not Active, Not Active, Not Active
2026/07/17 11:11:07.340, 1192, 877, 36.46, 50, 48, 99, 11402, Not Active, Not Active, Not Active
2026/07/17 11:11:07.392, 1192, 877, 36.46, 50, 48, 99, 11402, Not Active, Not Active, Not Active
2026/07/17 11:11:07.445, 1192, 877, 36.46, 50, 48, 99, 11402, Not Active, Not Active, Not Active
2026/07/17 11:11:07.497, 1192, 877, 36.46, 50, 49, 99, 11402, Not Active, Not Active, Not Active
2026/07/17 11:11:07.550, 1192, 877, 36.46, 50, 49, 99, 11402, Not Active, Not Active, Not Active
2026/07/17 11:11:07.604, 1192, 877, 36.46, 50, 49, 99, 11402, Not Active, Not Active, Not Active
2026/07/17 11:11:07.656, 1192, 877, 36.46, 50, 49, 99, 11402, Not Active, Not Active, Not Active
2026/07/17 11:11:07.709, 1192, 877, 36.46, 50, 49, 99, 11402, Not Active, Not Active, Not Active
2026/07/17 11:11:07.761, 1192, 877, 36.46, 50, 48, 99, 11402, Not Active, Not Active, Not Active
2026/07/17 11:11:07.814, 1192, 877, 36.46, 50, 48, 99, 11402, Not Active, Not Active, Not Active
2026/07/17 11:11:07.866, 1192, 877, 36.46, 50, 49, 99, 11402, Not Active, Not Active, Not Active
2026/07/17 11:11:07.919, 1192, 877, 36.46, 50, 48, 99, 11402, Not Active, Not Active, Not Active
2026/07/17 11:11:07.971, 1192, 877, 36.46, 50, 48, 99, 11402, Not Active, Not Active, Not Active
2026/07/17 11:11:08.025, 1192, 877, 36.46, 50, 48, 99, 11402, Not Active, Not Active, Not Active
2026/07/17 11:11:08.078, 1192, 877, 36.46, 50, 48, 99, 11402, Not Active, Not Active, Not Active
2026/07/17 11:11:08.130, 1192, 877, 36.46, 50, 48, 99, 11402, Not Active, Not Active, Not Active
2026/07/17 11:11:08.183, 1192, 877, 36.46, 50, 48, 99, 11402, Not Active, Not Active, Not Active
2026/07/17 11:11:08.235, 1192, 877, 36.46, 50, 48, 99, 11402, Not Active, Not Active, Not Active
2026/07/17 11:11:08.288, 1192, 877, 36.46, 50, 48, 99, 11402, Not Active, Not Active, Not Active
2026/07/17 11:11:08.340, 1192, 877, 36.46, 50, 48, 99, 11402, Not Active, Not Active, Not Active
2026/07/17 11:11:08.393, 1192, 877, 36.46, 50, 48, 99, 11402, Not Active, Not Active, Not Active
2026/07/17 11:11:08.447, 1192, 877, 36.46, 50, 48, 99, 11402, Not Active, Not Active, Not Active
2026/07/17 11:11:08.499, 1192, 877, 36.46, 50, 48, 99, 11402, Not Active, Not Active, Not Active
2026/07/17 11:11:08.551, 1192, 877, 36.46, 50, 48, 99, 11402, Not Active, Not Active, Not Active
2026/07/17 11:11:08.604, 1192, 877, 36.46, 50, 48, 99, 11402, Not Active, Not Active, Not Active
2026/07/17 11:11:08.656, 1192, 877, 36.46, 50, 48, 99, 11402, Not Active, Not Active, Not Active
2026/07/17 11:11:08.709, 1192, 877, 36.46, 50, 48, 99, 11402, Not Active, Not Active, Not Active
2026/07/17 11:11:08.761, 1192, 877, 36.46, 50, 48, 99, 11402, Not Active, Not Active, Not Active
2026/07/17 11:11:08.814, 1192, 877, 36.46, 50, 48, 99, 11402, Not Active, Not Active, Not Active
2026/07/17 11:11:08.867, 1192, 877, 36.46, 50, 48, 99, 11402, Not Active, Not Active, Not Active
2026/07/17 11:11:08.919, 1192, 877, 36.46, 50, 48, 99, 11402, Not Active, Not Active, Not Active
2026/07/17 11:11:08.972, 1192, 877, 35.97, 50, 48, 97, 11402, Not Active, Not Active, Not Active
2026/07/17 11:11:09.024, 1192, 877, 37.43, 50, 48, 97, 14108, Not Active, Not Active, Not Active
2026/07/17 11:11:09.075, 1192, 877, 156.33, 50, 49, 97, 14306, Not Active, Not Active, Not Active
2026/07/17 11:11:09.130, 1192, 877, 183.36, 52, 51, 97, 14342, Not Active, Not Active, Not Active
2026/07/17 11:11:09.181, 1192, 877, 176.04, 52, 52, 52, 14342, Not Active, Not Active, Not Active
2026/07/17 11:11:09.233, 1192, 877, 185.86, 53, 53, 52, 14342, Not Active, Not Active, Not Active
2026/07/17 11:11:09.285, 1192, 877, 192.21, 54, 53, 52, 14342, Not Active, Not Active, Not Active
2026/07/17 11:11:09.337, 1192, 877, 181.55, 54, 54, 100, 14342, Not Active, Not Active, Not Active
2026/07/17 11:11:09.392, 1192, 877, 186.47, 54, 54, 100, 14342, Not Active, Not Active, Not Active
2026/07/17 11:11:09.444, 1192, 877, 187.68, 55, 54, 100, 14342, Not Active, Not Active, Not Active
2026/07/17 11:11:09.496, 1192, 877, 182.99, 55, 54, 100, 14342, Not Active, Not Active, Not Active
2026/07/17 11:11:09.548, 1192, 877, 189.82, 55, 54, 100, 14342, Not Active, Not Active, Not Active
2026/07/17 11:11:09.600, 1192, 877, 188.86, 55, 54, 100, 14342, Not Active, Not Active, Not Active
2026/07/17 11:11:09.653, 1192, 877, 184.55, 55, 55, 100, 14342, Not Active, Not Active, Not Active
2026/07/17 11:11:09.705, 1192, 877, 169.70, 55, 55, 100, 14342, Not Active, Not Active, Not Active
2026/07/17 11:11:09.757, 1192, 877, 187.78, 55, 55, 100, 14342, Not Active, Not Active, Not Active
2026/07/17 11:11:09.809, 1192, 877, 189.47, 56, 55, 100, 14342, Not Active, Not Active, Not Active
2026/07/17 11:11:09.860, 1192, 877, 190.30, 56, 55, 100, 14342, Not Active, Not Active, Not Active
2026/07/17 11:11:09.914, 1192, 877, 189.34, 56, 55, 100, 14342, Not Active, Not Active, Not Active
2026/07/17 11:11:09.966, 1192, 877, 184.07, 56, 55, 100, 14342, Not Active, Not Active, Not Active
2026/07/17 11:11:10.018, 1192, 877, 183.11, 56, 55, 100, 14342, Not Active, Not Active, Not Active
2026/07/17 11:11:10.070, 1192, 877, 189.59, 56, 56, 100, 14342, Not Active, Not Active, Not Active
2026/07/17 11:11:10.122, 1192, 877, 188.03, 56, 56, 100, 14342, Not Active, Not Active, Not Active
2026/07/17 11:11:10.175, 1192, 877, 186.34, 56, 56, 100, 14342, Not Active, Not Active, Not Active
2026/07/17 11:11:10.227, 1192, 877, 182.99, 56, 56, 100, 14342, Not Active, Not Active, Not Active
2026/07/17 11:11:10.279, 1192, 877, 188.63, 56, 56, 100, 14342, Not Active, Not Active, Not Active
2026/07/17 11:11:10.331, 1192, 877, 162.14, 56, 56, 100, 14342, Not Active, Not Active, Not Active
2026/07/17 11:11:10.382, 1192, 877, 185.51, 56, 56, 100, 14342, Not Active, Not Active, Not Active
2026/07/17 11:11:10.436, 1192, 877, 188.86, 56, 56, 100, 14342, Not Active, Not Active, Not Active
2026/07/17 11:11:10.488, 1192, 877, 175.45, 57, 56, 100, 14342, Not Active, Not Active, Not Active
2026/07/17 11:11:10.539, 1192, 877, 185.03, 57, 56, 100, 14342, Not Active, Not Active, Not Active
2026/07/17 11:11:10.592, 1192, 877, 188.51, 57, 56, 100, 14342, Not Active, Not Active, Not Active
2026/07/17 11:11:10.643, 1192, 877, 187.30, 57, 56, 100, 14342, Not Active, Not Active, Not Active
2026/07/17 11:11:10.697, 1192, 877, 188.15, 57, 56, 100, 14342, Not Active, Not Active, Not Active
2026/07/17 11:11:10.749, 1192, 877, 182.15, 57, 56, 100, 14342, Not Active, Not Active, Not Active
2026/07/17 11:11:10.801, 1192, 877, 184.19, 57, 56, 100, 14342, Not Active, Not Active, Not Active
2026/07/17 11:11:10.853, 1192, 877, 186.82, 57, 56, 100, 14342, Not Active, Not Active, Not Active
2026/07/17 11:11:10.905, 1192, 877, 189.95, 57, 57, 100, 14342, Not Active, Not Active, Not Active
2026/07/17 11:11:10.958, 1192, 877, 182.15, 57, 57, 100, 14342, Not Active, Not Active, Not Active
2026/07/17 11:11:11.010, 1192, 877, 188.15, 57, 56, 100, 14342, Not Active, Not Active, Not Active
2026/07/17 11:11:11.062, 1192, 877, 189.24, 57, 56, 100, 14342, Not Active, Not Active, Not Active
2026/07/17 11:11:11.114, 1192, 877, 191.38, 57, 57, 100, 14342, Not Active, Not Active, Not Active
2026/07/17 11:11:11.165, 1192, 877, 185.51, 57, 57, 100, 14342, Not Active, Not Active, Not Active
2026/07/17 11:11:11.219, 1192, 877, 187.90, 57, 57, 100, 14342, Not Active, Not Active, Not Active
2026/07/17 11:11:11.270, 1192, 877, 183.47, 57, 57, 100, 14342, Not Active, Not Active, Not Active
2026/07/17 11:11:11.322, 1192, 877, 177.72, 57, 57, 100, 14342, Not Active, Not Active, Not Active
2026/07/17 11:11:11.417, 1192, 877, 179.52, 57, 57, 100, 14342, Not Active, Not Active, Not Active
2026/07/17 11:11:11.469, 1192, 877, 180.24, 57, 57, 100, 14342, Not Active, Not Active, Not Active
2026/07/17 11:11:11.524, 1192, 877, 182.76, 57, 57, 98, 14342, Not Active, Not Active, Not Active
2026/07/17 11:11:11.576, 1192, 877, 182.40, 57, 57, 98, 14342, Not Active, Not Active, Not Active
2026/07/17 11:11:11.628, 1192, 877, 116.75, 57, 57, 98, 14342, Not Active, Not Active, Not Active
2026/07/17 11:11:11.681, 1192, 877, 186.34, 57, 57, 93, 14342, Not Active, Not Active, Not Active
2026/07/17 11:11:11.733, 1192, 877, 189.95, 58, 57, 93, 14342, Not Active, Not Active, Not Active
2026/07/17 11:11:11.786, 1192, 877, 181.68, 58, 57, 93, 14342, Not Active, Not Active, Not Active
2026/07/17 11:11:11.837, 1192, 877, 184.92, 58, 57, 100, 14342, Not Active, Not Active, Not Active
2026/07/17 11:11:11.889, 1192, 877, 176.89, 58, 57, 100, 14342, Not Active, Not Active, Not Active
2026/07/17 11:11:11.941, 1192, 877, 187.90, 58, 57, 100, 14342, Not Active, Not Active, Not Active
2026/07/17 11:11:11.993, 1192, 877, 179.28, 58, 57, 100, 14342, Not Active, Not Active, Not Active
2026/07/17 11:11:12.046, 1192, 877, 183.36, 58, 58, 100, 14342, Not Active, Not Active, Not Active
2026/07/17 11:11:12.097, 1192, 877, 190.17, 58, 57, 100, 14342, Not Active, Not Active, Not Active
2026/07/17 11:11:12.149, 1192, 877, 192.34, 58, 58, 100, 14342, Not Active, Not Active, Not Active
2026/07/17 11:11:12.201, 1192, 877, 185.03, 58, 58, 100, 14342, Not Active, Not Active, Not Active
2026/07/17 11:11:12.253, 1192, 877, 181.91, 58, 58, 100, 14342, Not Active, Not Active, Not Active
2026/07/17 11:11:12.307, 1192, 877, 183.11, 58, 57, 100, 14342, Not Active, Not Active, Not Active
2026/07/17 11:11:12.359, 1192, 877, 188.28, 58, 58, 100, 14342, Not Active, Not Active, Not Active
2026/07/17 11:11:12.410, 1192, 877, 182.63, 58, 58, 100, 14342, Not Active, Not Active, Not Active
2026/07/17 11:11:12.462, 1192, 877, 188.03, 58, 58, 100, 14342, Not Active, Not Active, Not Active
2026/07/17 11:11:12.514, 1192, 877, 187.90, 58, 58, 100, 14342, Not Active, Not Active, Not Active
2026/07/17 11:11:12.568, 1192, 877, 176.52, 58, 58, 100, 14342, Not Active, Not Active, Not Active
2026/07/17 11:11:12.620, 1192, 877, 175.93, 59, 58, 100, 14342, Not Active, Not Active, Not Active
2026/07/17 11:11:12.672, 1192, 877, 180.96, 59, 58, 100, 14342, Not Active, Not Active, Not Active
2026/07/17 11:11:12.724, 1192, 877, 188.86, 59, 58, 100, 14342, Not Active, Not Active, Not Active
2026/07/17 11:11:12.776, 1192, 877, 178.56, 59, 58, 100, 14342, Not Active, Not Active, Not Active
2026/07/17 11:11:12.828, 1192, 877, 188.15, 59, 58, 100, 14342, Not Active, Not Active, Not Active
2026/07/17 11:11:12.880, 1192, 877, 189.82, 59, 58, 100, 14342, Not Active, Not Active, Not Active
2026/07/17 11:11:12.932, 1192, 877, 185.86, 59, 58, 100, 14342, Not Active, Not Active, Not Active
2026/07/17 11:11:12.983, 1192, 877, 169.93, 59, 58, 100, 14342, Not Active, Not Active, Not Active
2026/07/17 11:11:13.035, 1192, 877, 185.28, 59, 58, 100, 14342, Not Active, Not Active, Not Active
2026/07/17 11:11:13.090, 1192, 877, 190.65, 59, 58, 100, 14342, Not Active, Not Active, Not Active
2026/07/17 11:11:13.142, 1192, 877, 192.82, 59, 58, 100, 14342, Not Active, Not Active, Not Active
2026/07/17 11:11:13.194, 1192, 877, 180.24, 59, 58, 100, 14342, Not Active, Not Active, Not Active
2026/07/17 11:11:13.246, 1192, 877, 183.47, 59, 58, 100, 14342, Not Active, Not Active, Not Active
2026/07/17 11:11:13.298, 1192, 877, 188.86, 59, 58, 100, 14342, Not Active, Not Active, Not Active
2026/07/17 11:11:13.351, 1192, 877, 187.07, 59, 58, 100, 14342, Not Active, Not Active, Not Active
2026/07/17 11:11:13.428, 1192, 877, 186.47, 59, 59, 100, 14342, Not Active, Not Active, Not Active
2026/07/17 11:11:13.480, 1192, 877, 173.28, 59, 59, 100, 14342, Not Active, Not Active, Not Active
2026/07/17 11:11:13.532, 1192, 877, 173.17, 59, 59, 100, 14342, Not Active, Not Active, Not Active
2026/07/17 11:11:13.584, 1192, 877, 188.15, 59, 59, 100, 14342, Not Active, Not Active, Not Active
2026/07/17 11:11:13.636, 1192, 877, 179.64, 59, 58, 100, 14342, Not Active, Not Active, Not Active
2026/07/17 11:11:13.688, 1192, 877, 188.51, 59, 59, 100, 14342, Not Active, Not Active, Not Active
2026/07/17 11:11:13.740, 1192, 877, 177.00, 59, 59, 100, 14342, Not Active, Not Active, Not Active
2026/07/17 11:11:13.791, 1192, 877, 183.84, 59, 59, 100, 14342, Not Active, Not Active, Not Active
2026/07/17 11:11:13.843, 1192, 877, 187.07, 59, 59, 100, 14342, Not Active, Not Active, Not Active
2026/07/17 11:11:13.898, 1192, 877, 187.42, 59, 59, 100, 14342, Not Active, Not Active, Not Active
2026/07/17 11:11:13.950, 1192, 877, 177.84, 59, 59, 100, 14342, Not Active, Not Active, Not Active
2026/07/17 11:11:14.002, 1192, 877, 182.87, 59, 59, 100, 14342, Not Active, Not Active, Not Active
2026/07/17 11:11:14.054, 1192, 877, 187.90, 59, 59, 100, 14342, Not Active, Not Active, Not Active
2026/07/17 11:11:14.105, 1192, 877, 187.30, 59, 59, 100, 14342, Not Active, Not Active, Not Active
2026/07/17 11:11:14.159, 1192, 877, 179.04, 59, 59, 100, 14342, Not Active, Not Active, Not Active
2026/07/17 11:11:14.211, 1192, 877, 181.20, 60, 59, 100, 14342, Not Active, Not Active, Not Active
2026/07/17 11:11:14.262, 1192, 877, 187.90, 59, 59, 100, 14342, Not Active, Not Active, Not Active
2026/07/17 11:11:14.315, 1192, 877, 176.04, 59, 59, 100, 14342, Not Active, Not Active, Not Active
2026/07/17 11:11:14.367, 1192, 877, 172.32, 60, 59, 100, 14342, Not Active, Not Active, Not Active
2026/07/17 11:11:14.420, 1192, 877, 177.96, 60, 59, 100, 14342, Not Active, Not Active, Not Active
2026/07/17 11:11:14.471, 1192, 877, 181.20, 60, 59, 100, 14342, Not Active, Not Active, Not Active
2026/07/17 11:11:14.523, 1192, 877, 187.68, 60, 59, 100, 14342, Not Active, Not Active, Not Active
2026/07/17 11:11:14.575, 1192, 877, 188.26, 60, 59, 100, 14342, Not Active, Not Active, Not Active
2026/07/17 11:11:14.627, 1192, 877, 168.49, 60, 59, 100, 14342, Not Active, Not Active, Not Active
2026/07/17 11:11:14.679, 1192, 877, 182.28, 60, 59, 100, 14342, Not Active, Not Active, Not Active
2026/07/17 11:11:14.731, 1192, 877, 181.44, 60, 59, 100, 14342, Not Active, Not Active, Not Active
2026/07/17 11:11:14.783, 1192, 877, 183.24, 60, 60, 100, 14342, Not Active, Not Active, Not Active
2026/07/17 11:11:14.835, 1192, 877, 164.76, 60, 60, 100, 14342, Not Active, Not Active, Not Active
2026/07/17 11:11:14.886, 1192, 877, 181.08, 60, 59, 100, 14342, Not Active, Not Active, Not Active
2026/07/17 11:11:14.941, 1192, 877, 185.76, 60, 59, 100, 14342, Not Active, Not Active, Not Active
2026/07/17 11:11:14.993, 1192, 877, 176.41, 60, 59, 100, 14342, Not Active, Not Active, Not Active
2026/07/17 11:11:15.044, 1192, 877, 186.95, 60, 59, 100, 14342, Not Active, Not Active, Not Active
2026/07/17 11:11:15.096, 1192, 877, 168.23, 60, 60, 100, 14342, Not Active, Not Active, Not Active
2026/07/17 11:11:15.148, 1192, 877, 177.84, 60, 59, 100, 14342, Not Active, Not Active, Not Active
2026/07/17 11:11:15.202, 1192, 877, 186.34, 60, 59, 100, 14342, Not Active, Not Active, Not Active
2026/07/17 11:11:15.254, 1192, 877, 185.86, 60, 60, 100, 14342, Not Active, Not Active, Not Active
2026/07/17 11:11:15.306, 1192, 877, 181.80, 60, 60, 100, 14342, Not Active, Not Active, Not Active
2026/07/17 11:11:15.358, 1192, 877, 177.60, 60, 60, 100, 14342, Not Active, Not Active, Not Active
2026/07/17 11:11:15.410, 1192, 877, 186.95, 60, 59, 100, 14342, Not Active, Not Active, Not Active
2026/07/17 11:11:15.464, 1192, 877, 189.21, 60, 60, 100, 14342, Not Active, Not Active, Not Active
2026/07/17 11:11:15.516, 1192, 877, 195.44, 60, 60, 100, 14342, Not Active, Not Active, Not Active
2026/07/17 11:11:15.568, 1192, 877, 172.32, 60, 60, 100, 14342, Not Active, Not Active, Not Active
2026/07/17 11:11:15.620, 1192, 877, 183.36, 61, 60, 100, 14342, Not Active, Not Active, Not Active
2026/07/17 11:11:15.671, 1192, 877, 170.52, 61, 59, 100, 14342, Not Active, Not Active, Not Active
2026/07/17 11:11:15.723, 1192, 877, 191.03, 61, 60, 100, 14342, Not Active, Not Active, Not Active
2026/07/17 11:11:15.775, 1192, 877, 190.90, 61, 60, 100, 14342, Not Active, Not Active, Not Active
2026/07/17 11:11:15.827, 1192, 877, 166.09, 61, 60, 100, 14342, Not Active, Not Active, Not Active
2026/07/17 11:11:15.878, 1192, 877, 178.08, 61, 60, 100, 14342, Not Active, Not Active, Not Active
2026/07/17 11:11:15.930, 1192, 877, 183.11, 61, 60, 100, 14342, Not Active, Not Active, Not Active
2026/07/17 11:11:15.986, 1192, 877, 188.15, 61, 60, 100, 14342, Not Active, Not Active, Not Active
2026/07/17 11:11:16.037, 1192, 877, 189.24, 61, 60, 100, 14342, Not Active, Not Active, Not Active
2026/07/17 11:11:16.089, 1192, 877, 174.24, 61, 60, 100, 14342, Not Active, Not Active, Not Active
2026/07/17 11:11:16.141, 1192, 877, 180.24, 61, 60, 100, 14342, Not Active, Not Active, Not Active
2026/07/17 11:11:16.193, 1192, 877, 188.15, 61, 60, 100, 14342, Not Active, Not Active, Not Active
2026/07/17 11:11:16.247, 1192, 877, 185.86, 61, 60, 100, 14342, Not Active, Not Active, Not Active
2026/07/17 11:11:16.298, 1192, 877, 171.96, 61, 60, 100, 14342, Not Active, Not Active, Not Active
2026/07/17 11:11:16.350, 1192, 877, 165.35, 61, 61, 100, 14342, Not Active, Not Active, Not Active
2026/07/17 11:11:16.403, 1192, 877, 175.93, 61, 60, 100, 14342, Not Active, Not Active, Not Active
2026/07/17 11:11:16.455, 1192, 877, 190.55, 61, 60, 100, 14342, Not Active, Not Active, Not Active
2026/07/17 11:11:16.508, 1192, 877, 190.90, 61, 60, 100, 14342, Not Active, Not Active, Not Active
2026/07/17 11:11:16.559, 1192, 877, 193.91, 61, 60, 100, 14342, Not Active, Not Active, Not Active
2026/07/17 11:11:16.611, 1192, 877, 169.08, 61, 61, 100, 14342, Not Active, Not Active, Not Active
2026/07/17 11:11:16.663, 1192, 877, 178.68, 61, 61, 100, 14342, Not Active, Not Active, Not Active
2026/07/17 11:11:16.715, 1192, 877, 183.36, 61, 60, 100, 14342, Not Active, Not Active, Not Active
2026/07/17 11:11:16.767, 1192, 877, 189.34, 61, 60, 100, 14342, Not Active, Not Active, Not Active
2026/07/17 11:11:16.819, 1192, 877, 192.09, 61, 61, 100, 14342, Not Active, Not Active, Not Active
2026/07/17 11:11:16.871, 1192, 877, 169.93, 61, 61, 100, 14342, Not Active, Not Active, Not Active
2026/07/17 11:11:16.923, 1192, 877, 180.96, 61, 61, 100, 14342, Not Active, Not Active, Not Active
2026/07/17 11:11:16.974, 1192, 877, 188.63, 61, 61, 100, 14342, Not Active, Not Active, Not Active
2026/07/17 11:11:17.029, 1192, 877, 183.35, 61, 61, 100, 14342, Not Active, Not Active, Not Active
2026/07/17 11:11:17.081, 1192, 877, 188.15, 61, 60, 100, 14342, Not Active, Not Active, Not Active
2026/07/17 11:11:17.132, 1192, 877, 192.21, 61, 61, 100, 14342, Not Active, Not Active, Not Active
2026/07/17 11:11:17.184, 1192, 877, 166.68, 61, 61, 100, 14342, Not Active, Not Active, Not Active
2026/07/17 11:11:17.236, 1192, 877, 172.10, 61, 61, 100, 14342, Not Active, Not Active, Not Active
2026/07/17 11:11:17.289, 1192, 877, 185.63, 61, 61, 100, 14342, Not Active, Not Active, Not Active
2026/07/17 11:11:17.341, 1192, 877, 189.82, 62, 61, 100, 14342, Not Active, Not Active, Not Active
2026/07/17 11:11:17.393, 1192, 877, 189.82, 62, 61, 100, 14342, Not Active, Not Active, Not Active
2026/07/17 11:11:17.445, 1192, 877, 160.44, 62, 61, 100, 14342, Not Active, Not Active, Not Active
2026/07/17 11:11:17.496, 1192, 877, 178.68, 62, 61, 100, 14342, Not Active, Not Active, Not Active
2026/07/17 11:11:17.550, 1192, 877, 188.03, 62, 61, 100, 14342, Not Active, Not Active, Not Active
2026/07/17 11:11:17.601, 1192, 877, 183.71, 62, 61, 100, 14342, Not Active, Not Active, Not Active
2026/07/17 11:11:17.653, 1192, 877, 188.03, 62, 61, 100, 14342, Not Active, Not Active, Not Active
2026/07/17 11:11:17.705, 1192, 877, 177.24, 62, 61, 100, 14342, Not Active, Not Active, Not Active
2026/07/17 11:11:17.757, 1192, 877, 165.83, 62, 61, 100, 14342, Not Active, Not Active, Not Active
2026/07/17 11:11:17.811, 1192, 877, 173.53, 62, 61, 100, 14342, Not Active, Not Active, Not Active
2026/07/17 11:11:17.863, 1192, 877, 187.55, 62, 61, 100, 14342, Not Active, Not Active, Not Active
2026/07/17 11:11:17.915, 1192, 877, 186.71, 62, 61, 100, 14342, Not Active, Not Active, Not Active
2026/07/17 11:11:17.966, 1192, 877, 191.16, 62, 61, 100, 14342, Not Active, Not Active, Not Active
2026/07/17 11:11:18.018, 1192, 877, 167.16, 62, 61, 100, 14342, Not Active, Not Active, Not Active
2026/07/17 11:11:18.075, 1192, 877, 174.24, 62, 61, 100, 14342, Not Active, Not Active, Not Active
2026/07/17 11:11:18.127, 1192, 877, 184.78, 62, 61, 100, 14342, Not Active, Not Active, Not Active
2026/07/17 11:11:18.179, 1192, 877, 188.86, 62, 61, 100, 14342, Not Active, Not Active, Not Active
2026/07/17 11:11:18.235, 1192, 877, 191.74, 62, 61, 100, 14342, Not Active, Not Active, Not Active
2026/07/17 11:11:18.287, 1192, 877, 166.31, 62, 61, 100, 14342, Not Active, Not Active, Not Active
2026/07/17 11:11:18.338, 1192, 877, 175.20, 62, 62, 100, 14342, Not Active, Not Active, Not Active
2026/07/17 11:11:18.390, 1192, 877, 180.36, 62, 62, 100, 14342, Not Active, Not Active, Not Active
2026/07/17 11:11:18.442, 1192, 877, 186.47, 62, 62, 100, 14342, Not Active, Not Active, Not Active
2026/07/17 11:11:18.496, 1192, 877, 181.44, 62, 62, 100, 14342, Not Active, Not Active, Not Active
2026/07/17 11:11:18.548, 1192, 877, 190.30, 62, 62, 100, 14342, Not Active, Not Active, Not Active
2026/07/17 11:11:18.599, 1192, 877, 182.76, 62, 62, 100, 14342, Not Active, Not Active, Not Active
2026/07/17 11:11:18.651, 1192, 877, 164.76, 62, 62, 100, 14342, Not Active, Not Active, Not Active
2026/07/17 11:11:18.703, 1192, 877, 172.10, 62, 62, 100, 14342, Not Active, Not Active, Not Active
2026/07/17 11:11:18.756, 1192, 877, 182.51, 62, 61, 100, 14342, Not Active, Not Active, Not Active
2026/07/17 11:11:18.808, 1192, 877, 187.90, 62, 62, 100, 14342, Not Active, Not Active, Not Active
2026/07/17 11:11:18.859, 1192, 877, 187.78, 62, 62, 100, 14342, Not Active, Not Active, Not Active
2026/07/17 11:11:18.911, 1192, 877, 183.24, 62, 62, 100, 14342, Not Active, Not Active, Not Active
2026/07/17 11:11:18.963, 1192, 877, 161.51, 63, 62, 100, 14342, Not Active, Not Active, Not Active
2026/07/17 11:11:19.016, 1192, 877, 178.80, 62, 62, 100, 14342, Not Active, Not Active, Not Active
2026/07/17 11:11:19.068, 1192, 877, 190.07, 63, 62, 100, 14342, Not Active, Not Active, Not Active
2026/07/17 11:11:19.119, 1192, 877, 189.34, 63, 62, 100, 14342, Not Active, Not Active, Not Active
2026/07/17 11:11:19.171, 1192, 877, 132.78, 63, 61, 100, 14342, Not Active, Not Active, Not Active
2026/07/17 11:11:19.253, 1192, 877, 180.48, 63, 62, 100, 14342, Not Active, Not Active, Not Active
2026/07/17 11:11:19.305, 1192, 877, 184.19, 62, 62, 100, 14342, Not Active, Not Active, Not Active
2026/07/17 11:11:19.357, 1192, 877, 187.42, 63, 62, 100, 14342, Not Active, Not Active, Not Active
2026/07/17 11:11:19.409, 1192, 877, 174.36, 63, 62, 100, 14342, Not Active, Not Active, Not Active
2026/07/17 11:11:19.464, 1192, 877, 168.49, 63, 62, 100, 14342, Not Active, Not Active, Not Active
2026/07/17 11:11:19.516, 1192, 877, 171.00, 63, 62, 100, 14342, Not Active, Not Active, Not Active
2026/07/17 11:11:19.568, 1192, 877, 183.47, 63, 62, 100, 14342, Not Active, Not Active, Not Active
2026/07/17 11:11:19.620, 1192, 877, 188.51, 63, 62, 100, 14342, Not Active, Not Active, Not Active
2026/07/17 11:11:19.672, 1192, 877, 194.74, 63, 62, 100, 14342, Not Active, Not Active, Not Active
2026/07/17 11:11:19.725, 1192, 877, 184.67, 63, 62, 100, 14342, Not Active, Not Active, Not Active
2026/07/17 11:11:19.777, 1192, 877, 157.18, 63, 62, 100, 14342, Not Active, Not Active, Not Active
2026/07/17 11:11:19.828, 1192, 877, 173.28, 63, 62, 100, 14342, Not Active, Not Active, Not Active
2026/07/17 11:11:19.880, 1192, 877, 182.04, 63, 62, 100, 14342, Not Active, Not Active, Not Active
2026/07/17 11:11:19.932, 1192, 877, 157.18, 63, 62, 100, 14342, Not Active, Not Active, Not Active
2026/07/17 11:11:19.984, 1192, 877, 191.16, 63, 62, 100, 14342, Not Active, Not Active, Not Active
2026/07/17 11:11:20.036, 1192, 877, 190.04, 63, 62, 100, 14342, Not Active, Not Active, Not Active
2026/07/17 11:11:20.088, 1192, 877, 185.51, 63, 62, 100, 14342, Not Active, Not Active, Not Active
2026/07/17 11:11:20.140, 1192, 877, 179.88, 63, 62, 100, 14342, Not Active, Not Active, Not Active
2026/07/17 11:11:20.192, 1192, 877, 158.04, 63, 63, 100, 14342, Not Active, Not Active, Not Active
2026/07/17 11:11:20.245, 1192, 877, 174.84, 63, 62, 100, 14342, Not Active, Not Active, Not Active
2026/07/17 11:11:20.297, 1192, 877, 181.08, 63, 62, 100, 14342, Not Active, Not Active, Not Active
2026/07/17 11:11:20.348, 1192, 877, 183.59, 63, 62, 100, 14342, Not Active, Not Active, Not Active
2026/07/17 11:11:20.400, 1192, 877, 189.82, 63, 62, 100, 14342, Not Active, Not Active, Not Active
2026/07/17 11:11:20.452, 1192, 877, 192.21, 63, 63, 100, 14342, Not Active, Not Active, Not Active
2026/07/17 11:11:20.508, 1192, 877, 164.02, 63, 63, 100, 14342, Not Active, Not Active, Not Active
2026/07/17 11:11:20.559, 1192, 877, 168.60, 63, 63, 100, 14342, Not Active, Not Active, Not Active
2026/07/17 11:11:20.611, 1192, 877, 178.68, 63, 63, 100, 14342, Not Active, Not Active, Not Active
2026/07/17 11:11:20.663, 1192, 877, 142.00, 63, 62, 100, 14342, Not Active, Not Active, Not Active
2026/07/17 11:11:20.715, 1192, 877, 187.42, 63, 62, 100, 14342, Not Active, Not Active, Not Active
2026/07/17 11:11:20.768, 1192, 877, 189.95, 63, 63, 100, 14342, Not Active, Not Active, Not Active
2026/07/17 11:11:20.820, 1192, 877, 184.19, 63, 63, 100, 14342, Not Active, Not Active, Not Active
2026/07/17 11:11:20.872, 1192, 877, 193.17, 63, 63, 100, 14342, Not Active, Not Active, Not Active
2026/07/17 11:11:20.924, 1192, 877, 171.48, 63, 63, 100, 14342, Not Active, Not Active, Not Active
2026/07/17 11:11:20.976, 1192, 877, 161.77, 64, 63, 100, 14342, Not Active, Not Active, Not Active
2026/07/17 11:11:21.027, 1192, 877, 170.29, 63, 63, 100, 14342, Not Active, Not Active, Not Active
2026/07/17 11:11:21.079, 1192, 877, 179.28, 64, 63, 100, 14342, Not Active, Not Active, Not Active
2026/07/17 11:11:21.131, 1192, 877, 184.07, 64, 63, 100, 14342, Not Active, Not Active, Not Active
2026/07/17 11:11:21.183, 1192, 877, 189.95, 64, 63, 100, 14342, Not Active, Not Active, Not Active
2026/07/17 11:11:21.234, 1192, 877, 190.43, 64, 63, 100, 14342, Not Active, Not Active, Not Active
2026/07/17 11:11:21.292, 1192, 877, 156.22, 64, 63, 100, 14342, Not Active, Not Active, Not Active
2026/07/17 11:11:21.344, 1192, 877, 165.61, 64, 63, 100, 14342, Not Active, Not Active, Not Active
2026/07/17 11:11:21.396, 1192, 877, 120.52, 64, 63, 100, 14342, Not Active, Not Active, Not Active
2026/07/17 11:11:21.449, 1192, 877, 176.41, 64, 63, 100, 14342, Not Active, Not Active, Not Active
2026/07/17 11:11:21.501, 1192, 877, 183.59, 64, 63, 100, 14342, Not Active, Not Active, Not Active
2026/07/17 11:11:21.553, 1192, 877, 180.72, 64, 63, 100, 14342, Not Active, Not Active, Not Active
2026/07/17 11:11:21.605, 1192, 877, 188.03, 64, 63, 100, 14342, Not Active, Not Active, Not Active
2026/07/17 11:11:21.657, 1192, 877, 191.38, 64, 63, 100, 14342, Not Active, Not Active, Not Active
2026/07/17 11:11:21.713, 1192, 877, 162.47, 64, 63, 100, 14342, Not Active, Not Active, Not Active
2026/07/17 11:11:21.765, 1192, 877, 165.98, 64, 63, 100, 14342, Not Active, Not Active, Not Active
2026/07/17 11:11:21.817, 1192, 877, 175.57, 64, 63, 100, 14342, Not Active, Not Active, Not Active
2026/07/17 11:11:21.872, 1192, 877, 185.03, 64, 63, 100, 14342, Not Active, Not Active, Not Active
2026/07/17 11:11:21.924, 1192, 877, 187.90, 64, 63, 100, 14342, Not Active, Not Active, Not Active
2026/07/17 11:11:21.975, 1192, 877, 190.78, 64, 63, 100, 14342, Not Active, Not Active, Not Active
2026/07/17 11:11:22.027, 1192, 877, 190.78, 64, 63, 100, 14342, Not Active, Not Active, Not Active
2026/07/17 11:11:22.079, 1192, 877, 163.43, 64, 63, 100, 14342, Not Active, Not Active, Not Active
2026/07/17 11:11:22.134, 1192, 877, 161.88, 64, 63, 100, 14342, Not Active, Not Active, Not Active
2026/07/17 11:11:22.186, 1192, 877, 157.56, 64, 64, 100, 14342, Not Active, Not Active, Not Active
2026/07/17 11:11:22.238, 1192, 877, 175.09, 64, 63, 100, 14342, Not Active, Not Active, Not Active
2026/07/17 11:11:22.290, 1192, 877, 170.29, 64, 63, 100, 14342, Not Active, Not Active, Not Active
2026/07/17 11:11:22.341, 1192, 877, 181.55, 64, 63, 100, 14342, Not Active, Not Active, Not Active
2026/07/17 11:11:22.398, 1192, 877, 190.17, 64, 64, 100, 14342, Not Active, Not Active, Not Active
2026/07/17 11:11:22.452, 1192, 877, 188.63, 64, 64, 100, 14342, Not Active, Not Active, Not Active
2026/07/17 11:11:22.503, 1192, 877, 180.48, 64, 64, 100, 14342, Not Active, Not Active, Not Active
2026/07/17 11:11:22.556, 1192, 877, 151.04, 64, 64, 100, 14342, Not Active, Not Active, Not Active
2026/07/17 11:11:22.607, 1192, 877, 166.20, 64, 64, 100, 14342, Not Active, Not Active, Not Active
2026/07/17 11:11:22.659, 1192, 877, 177.12, 64, 64, 100, 14342, Not Active, Not Active, Not Active
2026/07/17 11:11:22.711, 1192, 877, 179.52, 64, 63, 100, 14342, Not Active, Not Active, Not Active
2026/07/17 11:11:22.763, 1192, 877, 188.15, 64, 64, 100, 14342, Not Active, Not Active, Not Active
2026/07/17 11:11:22.814, 1192, 877, 187.78, 64, 64, 100, 14342, Not Active, Not Active, Not Active
2026/07/17 11:11:22.866, 1192, 877, 189.34, 64, 64, 100, 14342, Not Active, Not Active, Not Active
2026/07/17 11:11:22.922, 1192, 877, 174.85, 64, 63, 100, 14342, Not Active, Not Active, Not Active
2026/07/17 11:11:22.973, 1192, 877, 197.48, 64, 64, 100, 14342, Not Active, Not Active, Not Active
2026/07/17 11:11:23.025, 1192, 877, 180.84, 64, 64, 100, 14342, Not Active, Not Active, Not Active
2026/07/17 11:11:23.077, 1192, 877, 153.93, 64, 64, 100, 14342, Not Active, Not Active, Not Active
2026/07/17 11:11:23.129, 1192, 877, 160.92, 64, 64, 100, 14342, Not Active, Not Active, Not Active
2026/07/17 11:11:23.180, 1192, 877, 172.80, 64, 64, 100, 14342, Not Active, Not Active, Not Active
2026/07/17 11:11:23.232, 1192, 877, 171.14, 65, 63, 100, 14342, Not Active, Not Active, Not Active
2026/07/17 11:11:23.284, 1192, 877, 183.95, 64, 63, 100, 14342, Not Active, Not Active, Not Active
2026/07/17 11:11:23.335, 1192, 877, 180.24, 65, 64, 100, 14342, Not Active, Not Active, Not Active
2026/07/17 11:11:23.387, 1192, 877, 191.38, 65, 64, 100, 14342, Not Active, Not Active, Not Active
2026/07/17 11:11:23.439, 1192, 877, 188.86, 65, 64, 100, 14342, Not Active, Not Active, Not Active
2026/07/17 11:11:23.491, 1192, 877, 180.36, 65, 64, 100, 14342, Not Active, Not Active, Not Active
2026/07/17 11:11:23.546, 1192, 877, 153.82, 65, 64, 100, 14342, Not Active, Not Active, Not Active
2026/07/17 11:11:23.598, 1192, 877, 161.29, 65, 64, 100, 14342, Not Active, Not Active, Not Active
2026/07/17 11:11:23.649, 1192, 877, 140.95, 65, 64, 100, 14342, Not Active, Not Active, Not Active
2026/07/17 11:11:23.703, 1192, 877, 168.97, 65, 64, 100, 14342, Not Active, Not Active, Not Active
2026/07/17 11:11:23.754, 1192, 877, 170.29, 65, 64, 100, 14342, Not Active, Not Active, Not Active
2026/07/17 11:11:23.806, 1192, 877, 186.24, 65, 63, 100, 14342, Not Active, Not Active, Not Active
2026/07/17 11:11:23.858, 1192, 877, 179.16, 65, 64, 100, 14342, Not Active, Not Active, Not Active
2026/07/17 11:11:23.910, 1192, 877, 190.78, 65, 64, 100, 14342, Not Active, Not Active, Not Active
2026/07/17 11:11:23.961, 1192, 877, 194.00, 65, 64, 100, 14342, Not Active, Not Active, Not Active
2026/07/17 11:11:24.013, 1192, 877, 190.78, 65, 64, 100, 14342, Not Active, Not Active, Not Active
2026/07/17 11:11:24.069, 1192, 877, 170.52, 65, 64, 100, 14342, Not Active, Not Active, Not Active
2026/07/17 11:11:24.121, 1192, 877, 148.06, 65, 64, 100, 14342, Not Active, Not Active, Not Active
2026/07/17 11:11:24.173, 1192, 877, 162.84, 65, 64, 100, 14342, Not Active, Not Active, Not Active
2026/07/17 11:11:24.224, 1192, 877, 167.42, 65, 64, 100, 14342, Not Active, Not Active, Not Active
2026/07/17 11:11:24.276, 1192, 877, 185.76, 65, 63, 100, 14342, Not Active, Not Active, Not Active
2026/07/17 11:11:24.331, 1192, 877, 183.35, 65, 64, 100, 14342, Not Active, Not Active, Not Active
2026/07/17 11:11:24.382, 1192, 877, 189.69, 65, 64, 100, 14342, Not Active, Not Active, Not Active
2026/07/17 11:11:24.434, 1192, 877, 173.53, 65, 63, 100, 14342, Not Active, Not Active, Not Active
2026/07/17 11:11:24.486, 1192, 877, 191.74, 65, 64, 100, 14342, Not Active, Not Active, Not Active
2026/07/17 11:11:24.538, 1192, 877, 193.17, 65, 64, 100, 14342, Not Active, Not Active, Not Active
2026/07/17 11:11:24.593, 1192, 877, 191.38, 65, 64, 100, 14342, Not Active, Not Active, Not Active
2026/07/17 11:11:24.644, 1192, 877, 170.04, 65, 65, 100, 14342, Not Active, Not Active, Not Active
2026/07/17 11:11:24.696, 1192, 877, 145.18, 65, 65, 100, 14342, Not Active, Not Active, Not Active
2026/07/17 11:11:24.748, 1192, 877, 159.85, 65, 64, 100, 14342, Not Active, Not Active, Not Active
2026/07/17 11:11:24.800, 1192, 877, 173.65, 65, 64, 100, 14342, Not Active, Not Active, Not Active
2026/07/17 11:11:24.852, 1192, 877, 177.60, 65, 64, 100, 14342, Not Active, Not Active, Not Active
2026/07/17 11:11:24.904, 1192, 877, 189.11, 65, 64, 100, 14342, Not Active, Not Active, Not Active
2026/07/17 11:11:24.956, 1192, 877, 189.59, 65, 64, 100, 14342, Not Active, Not Active, Not Active
2026/07/17 11:11:25.008, 1192, 877, 187.78, 65, 64, 100, 14342, Not Active, Not Active, Not Active
2026/07/17 11:11:25.059, 1192, 877, 190.43, 65, 64, 100, 14342, Not Active, Not Active, Not Active
2026/07/17 11:11:25.111, 1192, 877, 189.34, 65, 65, 100, 14342, Not Active, Not Active, Not Active
2026/07/17 11:11:25.163, 1192, 877, 177.96, 65, 65, 100, 14342, Not Active, Not Active, Not Active
2026/07/17 11:11:25.219, 1192, 877, 190.90, 65, 63, 100, 14342, Not Active, Not Active, Not Active
2026/07/17 11:11:25.271, 1192, 877, 178.56, 65, 65, 100, 14342, Not Active, Not Active, Not Active
2026/07/17 11:11:25.323, 1192, 877, 157.56, 65, 65, 100, 14342, Not Active, Not Active, Not Active
2026/07/17 11:11:25.375, 1192, 877, 157.29, 65, 65, 100, 14342, Not Active, Not Active, Not Active
2026/07/17 11:11:25.427, 1192, 877, 163.80, 65, 65, 100, 14342, Not Active, Not Active, Not Active
2026/07/17 11:11:25.479, 1192, 877, 171.00, 65, 65, 100, 14342, Not Active, Not Active, Not Active
2026/07/17 11:11:25.530, 1192, 877, 177.60, 65, 65, 100, 14342, Not Active, Not Active, Not Active
2026/07/17 11:11:25.582, 1192, 877, 180.12, 65, 64, 100, 14342, Not Active, Not Active, Not Active
2026/07/17 11:11:25.634, 1192, 877, 183.60, 65, 65, 100, 14342, Not Active, Not Active, Not Active
2026/07/17 11:11:25.686, 1192, 877, 188.26, 66, 65, 100, 14342, Not Active, Not Active, Not Active
2026/07/17 11:11:25.742, 1192, 877, 192.60, 66, 65, 100, 14342, Not Active, Not Active, Not Active
2026/07/17 11:11:25.793, 1192, 877, 198.92, 66, 65, 100, 14342, Not Active, Not Active, Not Active
2026/07/17 11:11:25.845, 1192, 877, 185.63, 66, 65, 100, 14342, Not Active, Not Active, Not Active
2026/07/17 11:11:25.897, 1192, 877, 168.01, 66, 65, 100, 14342, Not Active, Not Active, Not Active
2026/07/17 11:11:25.949, 1192, 877, 144.79, 66, 65, 100, 14342, Not Active, Not Active, Not Active
2026/07/17 11:11:26.002, 1192, 877, 170.89, 65, 65, 100, 14342, Not Active, Not Active, Not Active
2026/07/17 11:11:26.053, 1192, 877, 156.33, 66, 65, 100, 14342, Not Active, Not Active, Not Active
2026/07/17 11:11:26.105, 1192, 877, 145.18, 66, 65, 100, 14342, Not Active, Not Active, Not Active
2026/07/17 11:11:26.157, 1192, 877, 159.00, 66, 65, 100, 14342, Not Active, Not Active, Not Active
2026/07/17 11:11:26.209, 1192, 877, 172.80, 66, 65, 100, 14342, Not Active, Not Active, Not Active
2026/07/17 11:11:26.260, 1192, 877, 179.16, 66, 65, 100, 14342, Not Active, Not Active, Not Active
2026/07/17 11:11:26.312, 1192, 877, 188.15, 66, 65, 100, 14342, Not Active, Not Active, Not Active
2026/07/17 11:11:26.367, 1192, 877, 190.20, 66, 65, 100, 14342, Not Active, Not Active, Not Active
2026/07/17 11:11:26.419, 1192, 877, 183.71, 66, 65, 100, 14342, Not Active, Not Active, Not Active
2026/07/17 11:11:26.470, 1192, 877, 188.38, 66, 65, 100, 14342, Not Active, Not Active, Not Active
2026/07/17 11:11:26.522, 1192, 877, 189.47, 66, 65, 100, 14342, Not Active, Not Active, Not Active
2026/07/17 11:11:26.574, 1192, 877, 192.09, 66, 65, 100, 14342, Not Active, Not Active, Not Active
2026/07/17 11:11:26.631, 1192, 877, 174.13, 66, 65, 100, 14342, Not Active, Not Active, Not Active
2026/07/17 11:11:26.682, 1192, 877, 163.43, 66, 65, 100, 14342, Not Active, Not Active, Not Active
2026/07/17 11:11:26.734, 1192, 877, 143.35, 66, 65, 100, 14342, Not Active, Not Active, Not Active
2026/07/17 11:11:26.786, 1192, 877, 160.92, 66, 65, 100, 14342, Not Active, Not Active, Not Active
2026/07/17 11:11:26.838, 1192, 877, 144.31, 66, 65, 100, 14342, Not Active, Not Active, Not Active
2026/07/17 11:11:26.890, 1192, 877, 149.50, 66, 66, 100, 14342, Not Active, Not Active, Not Active
2026/07/17 11:11:26.942, 1192, 877, 160.44, 66, 65, 100, 14342, Not Active, Not Active, Not Active
2026/07/17 11:11:26.994, 1192, 877, 171.00, 66, 65, 100, 14342, Not Active, Not Active, Not Active
2026/07/17 11:11:27.045, 1192, 877, 176.52, 66, 66, 100, 14342, Not Active, Not Active, Not Active
2026/07/17 11:11:27.097, 1192, 877, 171.73, 66, 65, 100, 14342, Not Active, Not Active, Not Active
2026/07/17 11:11:27.149, 1192, 877, 182.88, 66, 65, 100, 14342, Not Active, Not Active, Not Active
2026/07/17 11:11:27.200, 1192, 877, 182.51, 66, 66, 100, 14342, Not Active, Not Active, Not Active
2026/07/17 11:11:27.256, 1192, 877, 187.20, 66, 65, 100, 14342, Not Active, Not Active, Not Active
2026/07/17 11:11:27.308, 1192, 877, 191.86, 66, 65, 100, 14342, Not Active, Not Active, Not Active
2026/07/17 11:11:27.359, 1192, 877, 184.07, 66, 65, 100, 14342, Not Active, Not Active, Not Active
2026/07/17 11:11:27.411, 1192, 877, 193.65, 66, 65, 100, 14342, Not Active, Not Active, Not Active
2026/07/17 11:11:27.463, 1192, 877, 197.48, 66, 66, 100, 14342, Not Active, Not Active, Not Active
2026/07/17 11:11:27.517, 1192, 877, 177.60, 66, 66, 100, 14342, Not Active, Not Active, Not Active
2026/07/17 11:11:27.568, 1192, 877, 190.30, 66, 65, 100, 14342, Not Active, Not Active, Not Active
2026/07/17 11:11:27.620, 1192, 877, 185.15, 66, 66, 100, 14342, Not Active, Not Active, Not Active
2026/07/17 11:11:27.672, 1192, 877, 177.96, 66, 65, 100, 14342, Not Active, Not Active, Not Active
2026/07/17 11:11:27.724, 1192, 877, 159.21, 66, 66, 100, 14342, Not Active, Not Active, Not Active
2026/07/17 11:11:27.777, 1192, 877, 142.48, 66, 66, 100, 14342, Not Active, Not Active, Not Active
2026/07/17 11:11:27.829, 1192, 877, 153.24, 66, 66, 100, 14342, Not Active, Not Active, Not Active
2026/07/17 11:11:27.881, 1192, 877, 162.36, 66, 66, 100, 14342, Not Active, Not Active, Not Active
2026/07/17 11:11:27.932, 1192, 877, 165.35, 66, 66, 100, 14342, Not Active, Not Active, Not Active
2026/07/17 11:11:27.984, 1192, 877, 166.94, 66, 65, 100, 14342, Not Active, Not Active, Not Active
2026/07/17 11:11:28.040, 1192, 877, 182.99, 66, 65, 100, 14342, Not Active, Not Active, Not Active
2026/07/17 11:11:28.091, 1192, 877, 187.55, 66, 66, 100, 14342, Not Active, Not Active, Not Active
2026/07/17 11:11:28.143, 1192, 877, 189.59, 66, 65, 100, 14342, Not Active, Not Active, Not Active
2026/07/17 11:11:28.195, 1192, 877, 185.03, 66, 65, 100, 14342, Not Active, Not Active, Not Active
2026/07/17 11:11:28.247, 1192, 877, 187.42, 66, 65, 100, 14342, Not Active, Not Active, Not Active
2026/07/17 11:11:28.302, 1192, 877, 195.44, 66, 66, 100, 14342, Not Active, Not Active, Not Active
2026/07/17 11:11:28.354, 1192, 877, 176.29, 66, 65, 100, 14342, Not Active, Not Active, Not Active
2026/07/17 11:11:28.406, 1192, 877, 185.74, 66, 65, 100, 14342, Not Active, Not Active, Not Active
2026/07/17 11:11:28.457, 1192, 877, 190.90, 66, 66, 100, 14342, Not Active, Not Active, Not Active
2026/07/17 11:11:28.509, 1192, 877, 199.05, 66, 66, 100, 14342, Not Active, Not Active, Not Active
2026/07/17 11:11:28.566, 1192, 877, 182.28, 67, 66, 100, 14342, Not Active, Not Active, Not Active
2026/07/17 11:11:28.618, 1192, 877, 172.80, 66, 66, 100, 14342, Not Active, Not Active, Not Active
2026/07/17 11:11:28.669, 1192, 877, 167.27, 66, 66, 100, 14342, Not Active, Not Active, Not Active
2026/07/17 11:11:28.722, 1192, 877, 152.48, 67, 66, 100, 14342, Not Active, Not Active, Not Active
2026/07/17 11:11:28.773, 1192, 877, 141.33, 66, 66, 100, 14342, Not Active, Not Active, Not Active
2026/07/17 11:11:28.825, 1192, 877, 152.38, 67, 66, 100, 14342, Not Active, Not Active, Not Active
2026/07/17 11:11:28.877, 1192, 877, 158.04, 67, 66, 100, 14342, Not Active, Not Active, Not Active
2026/07/17 11:11:28.929, 1192, 877, 165.13, 66, 66, 100, 14342, Not Active, Not Active, Not Active
2026/07/17 11:11:28.981, 1192, 877, 169.45, 67, 66, 100, 14342, Not Active, Not Active, Not Active
2026/07/17 11:11:29.032, 1192, 877, 176.64, 67, 66, 100, 14342, Not Active, Not Active, Not Active
2026/07/17 11:11:29.084, 1192, 877, 178.32, 66, 66, 100, 14342, Not Active, Not Active, Not Active
2026/07/17 11:11:29.136, 1192, 877, 114.82, 66, 66, 100, 14342, Not Active, Not Active, Not Active
2026/07/17 11:11:29.189, 1192, 877, 169.67, 66, 66, 100, 14342, Not Active, Not Active, Not Active
2026/07/17 11:11:29.241, 1192, 877, 170.18, 67, 65, 100, 14342, Not Active, Not Active, Not Active
2026/07/17 11:11:29.293, 1192, 877, 179.88, 66, 66, 100, 14342, Not Active, Not Active, Not Active
2026/07/17 11:11:29.345, 1192, 877, 176.28, 67, 65, 100, 14342, Not Active, Not Active, Not Active
2026/07/17 11:11:29.396, 1192, 877, 176.04, 67, 65, 100, 14342, Not Active, Not Active, Not Active
2026/07/17 11:11:29.448, 1192, 877, 179.28, 67, 65, 100, 14342, Not Active, Not Active, Not Active
2026/07/17 11:11:29.500, 1192, 877, 180.24, 67, 66, 100, 14342, Not Active, Not Active, Not Active
2026/07/17 11:11:29.556, 1192, 877, 188.51, 67, 66, 100, 14342, Not Active, Not Active, Not Active
2026/07/17 11:11:29.608, 1192, 877, 191.51, 67, 66, 100, 14342, Not Active, Not Active, Not Active
2026/07/17 11:11:29.660, 1192, 877, 189.82, 67, 66, 100, 14342, Not Active, Not Active, Not Active
2026/07/17 11:11:29.712, 1192, 877, 185.74, 67, 66, 100, 14342, Not Active, Not Active, Not Active
2026/07/17 11:11:29.764, 1192, 877, 193.04, 67, 66, 100, 14342, Not Active, Not Active, Not Active
2026/07/17 11:11:29.818, 1192, 877, 197.48, 67, 66, 100, 14342, Not Active, Not Active, Not Active
2026/07/17 11:11:29.869, 1192, 877, 190.17, 67, 66, 100, 14342, Not Active, Not Active, Not Active
2026/07/17 11:11:29.921, 1192, 877, 187.68, 67, 66, 100, 14342, Not Active, Not Active, Not Active
2026/07/17 11:11:29.973, 1192, 877, 182.28, 67, 65, 100, 14342, Not Active, Not Active, Not Active
2026/07/17 11:11:30.025, 1192, 877, 191.51, 67, 66, 100, 14342, Not Active, Not Active, Not Active
2026/07/17 11:11:30.081, 1192, 877, 181.92, 67, 66, 100, 14342, Not Active, Not Active, Not Active
2026/07/17 11:11:30.133, 1192, 877, 173.65, 67, 66, 100, 14342, Not Active, Not Active, Not Active
2026/07/17 11:11:30.185, 1192, 877, 168.97, 67, 66, 100, 14342, Not Active, Not Active, Not Active
2026/07/17 11:11:30.237, 1192, 877, 161.88, 67, 66, 100, 14342, Not Active, Not Active, Not Active
2026/07/17 11:11:30.289, 1192, 877, 152.00, 67, 66, 100, 14342, Not Active, Not Active, Not Active
2026/07/17 11:11:30.342, 1192, 877, 144.79, 67, 66, 100, 14342, Not Active, Not Active, Not Active
2026/07/17 11:11:30.394, 1192, 877, 141.81, 67, 66, 100, 14342, Not Active, Not Active, Not Active
2026/07/17 11:11:30.445, 1192, 877, 144.31, 67, 66, 100, 14342, Not Active, Not Active, Not Active
2026/07/17 11:11:30.497, 1192, 877, 152.48, 67, 66, 100, 14342, Not Active, Not Active, Not Active
2026/07/17 11:11:30.549, 1192, 877, 154.78, 67, 66, 100, 14342, Not Active, Not Active, Not Active
2026/07/17 11:11:30.601, 1192, 877, 156.98, 67, 67, 100, 14342, Not Active, Not Active, Not Active
2026/07/17 11:11:30.652, 1192, 877, 162.36, 67, 66, 100, 14342, Not Active, Not Active, Not Active
2026/07/17 11:11:30.705, 1192, 877, 169.08, 67, 67, 100, 14342, Not Active, Not Active, Not Active
2026/07/17 11:11:30.756, 1192, 877, 133.43, 67, 66, 100, 14342, Not Active, Not Active, Not Active
2026/07/17 11:11:30.809, 1192, 877, 150.94, 67, 66, 100, 14342, Not Active, Not Active, Not Active
2026/07/17 11:11:30.861, 1192, 877, 156.02, 67, 66, 100, 14342, Not Active, Not Active, Not Active
2026/07/17 11:11:30.912, 1192, 877, 158.63, 67, 66, 100, 14342, Not Active, Not Active, Not Active
2026/07/17 11:11:30.964, 1192, 877, 162.73, 67, 66, 100, 14342, Not Active, Not Active, Not Active
2026/07/17 11:11:31.016, 1192, 877, 161.29, 67, 66, 100, 14342, Not Active, Not Active, Not Active
2026/07/17 11:11:31.070, 1192, 877, 170.66, 67, 66, 100, 14342, Not Active, Not Active, Not Active
2026/07/17 11:11:31.121, 1192, 877, 176.16, 67, 66, 100, 14342, Not Active, Not Active, Not Active
2026/07/17 11:11:31.176, 1192, 877, 175.09, 67, 65, 100, 14342, Not Active, Not Active, Not Active
2026/07/17 11:11:31.228, 1192, 877, 175.93, 67, 66, 100, 14342, Not Active, Not Active, Not Active
2026/07/17 11:11:31.280, 1192, 877, 186.47, 67, 65, 100, 14342, Not Active, Not Active, Not Active
2026/07/17 11:11:31.331, 1192, 877, 186.71, 67, 66, 100, 14342, Not Active, Not Active, Not Active
2026/07/17 11:11:31.383, 1192, 877, 182.52, 67, 66, 100, 14342, Not Active, Not Active, Not Active
2026/07/17 11:11:31.438, 1192, 877, 177.13, 67, 66, 100, 14342, Not Active, Not Active, Not Active
2026/07/17 11:11:31.489, 1192, 877, 188.51, 67, 66, 100, 14342, Not Active, Not Active, Not Active
2026/07/17 11:11:31.541, 1192, 877, 184.91, 67, 66, 100, 14342, Not Active, Not Active, Not Active
2026/07/17 11:11:31.593, 1192, 877, 151.80, 67, 66, 100, 14342, Not Active, Not Active, Not Active
2026/07/17 11:11:31.645, 1192, 877, 177.37, 67, 66, 100, 14342, Not Active, Not Active, Not Active
2026/07/17 11:11:31.697, 1192, 877, 184.07, 67, 65, 100, 14342, Not Active, Not Active, Not Active
2026/07/17 11:11:31.748, 1192, 877, 184.19, 67, 66, 100, 14342, Not Active, Not Active, Not Active
2026/07/17 11:11:31.800, 1192, 877, 186.47, 67, 65, 100, 14342, Not Active, Not Active, Not Active
2026/07/17 11:11:31.852, 1192, 877, 177.61, 67, 66, 100, 14342, Not Active, Not Active, Not Active
2026/07/17 11:11:31.907, 1192, 877, 184.67, 67, 66, 100, 14342, Not Active, Not Active, Not Active
2026/07/17 11:11:31.959, 1192, 877, 188.99, 67, 66, 100, 14342, Not Active, Not Active, Not Active
2026/07/17 11:11:32.011, 1192, 877, 189.11, 67, 67, 100, 14342, Not Active, Not Active, Not Active
2026/07/17 11:11:32.063, 1192, 877, 188.86, 67, 67, 100, 14342, Not Active, Not Active, Not Active
2026/07/17 11:11:32.114, 1192, 877, 183.11, 67, 66, 100, 14342, Not Active, Not Active, Not Active
2026/07/17 11:11:32.166, 1192, 877, 189.95, 67, 66, 100, 14342, Not Active, Not Active, Not Active
2026/07/17 11:11:32.218, 1192, 877, 190.65, 67, 66, 100, 14342, Not Active, Not Active, Not Active
2026/07/17 11:11:32.273, 1192, 877, 185.26, 67, 67, 100, 14342, Not Active, Not Active, Not Active
2026/07/17 11:11:32.325, 1192, 877, 187.65, 67, 66, 100, 14342, Not Active, Not Active, Not Active
2026/07/17 11:11:32.376, 1192, 877, 180.96, 67, 67, 100, 14342, Not Active, Not Active, Not Active
2026/07/17 11:11:32.428, 1192, 877, 158.79, 67, 66, 100, 14342, Not Active, Not Active, Not Active
2026/07/17 11:11:32.480, 1192, 877, 187.20, 67, 66, 100, 14342, Not Active, Not Active, Not Active
2026/07/17 11:11:32.532, 1192, 877, 181.08, 67, 66, 100, 14342, Not Active, Not Active, Not Active
2026/07/17 11:11:32.584, 1192, 877, 183.95, 67, 66, 100, 14342, Not Active, Not Active, Not Active
2026/07/17 11:11:32.635, 1192, 877, 186.59, 67, 66, 100, 14342, Not Active, Not Active, Not Active
2026/07/17 11:11:32.687, 1192, 877, 188.38, 67, 67, 100, 14342, Not Active, Not Active, Not Active
2026/07/17 11:11:32.742, 1192, 877, 185.03, 67, 67, 100, 14342, Not Active, Not Active, Not Active
2026/07/17 11:11:32.794, 1192, 877, 188.86, 68, 66, 100, 14342, Not Active, Not Active, Not Active
2026/07/17 11:11:32.846, 1192, 877, 189.09, 67, 65, 100, 14342, Not Active, Not Active, Not Active
2026/07/17 11:11:32.897, 1192, 877, 183.11, 67, 66, 100, 14342, Not Active, Not Active, Not Active
2026/07/17 11:11:32.949, 1192, 877, 186.95, 68, 67, 100, 14342, Not Active, Not Active, Not Active
2026/07/17 11:11:33.001, 1192, 877, 188.86, 68, 67, 100, 14342, Not Active, Not Active, Not Active
2026/07/17 11:11:33.053, 1192, 877, 187.65, 68, 67, 100, 14342, Not Active, Not Active, Not Active
2026/07/17 11:11:33.106, 1192, 877, 188.74, 67, 67, 100, 14342, Not Active, Not Active, Not Active
2026/07/17 11:11:33.158, 1192, 877, 196.05, 68, 67, 100, 14342, Not Active, Not Active, Not Active
2026/07/17 11:11:33.217, 1192, 877, 187.90, 68, 67, 100, 14342, Not Active, Not Active, Not Active
2026/07/17 11:11:33.268, 1192, 877, 179.64, 67, 66, 100, 14342, Not Active, Not Active, Not Active
2026/07/17 11:11:33.320, 1192, 877, 190.78, 67, 67, 100, 14342, Not Active, Not Active, Not Active
2026/07/17 11:11:33.372, 1192, 877, 189.95, 68, 67, 100, 14342, Not Active, Not Active, Not Active
2026/07/17 11:11:33.423, 1192, 877, 191.61, 68, 67, 100, 14342, Not Active, Not Active, Not Active
2026/07/17 11:11:33.480, 1192, 877, 189.21, 68, 67, 100, 14342, Not Active, Not Active, Not Active
2026/07/17 11:11:33.531, 1192, 877, 185.74, 68, 67, 100, 14342, Not Active, Not Active, Not Active
2026/07/17 11:11:33.583, 1192, 877, 188.26, 68, 67, 100, 14342, Not Active, Not Active, Not Active
2026/07/17 11:11:33.635, 1192, 877, 189.47, 68, 67, 100, 14342, Not Active, Not Active, Not Active
2026/07/17 11:11:33.687, 1192, 877, 189.69, 68, 67, 100, 14342, Not Active, Not Active, Not Active
2026/07/17 11:11:33.738, 1192, 877, 191.26, 68, 67, 100, 14342, Not Active, Not Active, Not Active
2026/07/17 11:11:33.790, 1192, 877, 192.34, 68, 67, 100, 14342, Not Active, Not Active, Not Active
2026/07/17 11:11:33.842, 1192, 877, 188.74, 68, 67, 100, 14342, Not Active, Not Active, Not Active
2026/07/17 11:11:33.894, 1192, 877, 191.26, 68, 67, 100, 14342, Not Active, Not Active, Not Active
2026/07/17 11:11:33.946, 1192, 877, 188.99, 68, 67, 100, 14342, Not Active, Not Active, Not Active
2026/07/17 11:11:33.998, 1192, 877, 187.07, 68, 67, 100, 14342, Not Active, Not Active, Not Active
2026/07/17 11:11:34.049, 1192, 877, 187.07, 68, 67, 100, 14342, Not Active, Not Active, Not Active
2026/07/17 11:11:34.101, 1192, 877, 158.63, 68, 66, 100, 14342, Not Active, Not Active, Not Active
2026/07/17 11:11:34.154, 1192, 877, 186.47, 67, 66, 100, 14342, Not Active, Not Active, Not Active
2026/07/17 11:11:34.206, 1192, 877, 181.92, 68, 67, 100, 14342, Not Active, Not Active, Not Active
2026/07/17 11:11:34.260, 1192, 877, 186.47, 68, 66, 100, 14342, Not Active, Not Active, Not Active
2026/07/17 11:11:34.311, 1192, 877, 184.80, 68, 67, 100, 14342, Not Active, Not Active, Not Active
2026/07/17 11:11:34.363, 1192, 877, 180.96, 68, 67, 100, 14342, Not Active, Not Active, Not Active
2026/07/17 11:11:34.415, 1192, 877, 177.48, 68, 67, 100, 14342, Not Active, Not Active, Not Active
2026/07/17 11:11:34.467, 1192, 877, 185.99, 68, 67, 100, 14342, Not Active, Not Active, Not Active
2026/07/17 11:11:34.518, 1192, 877, 181.56, 68, 67, 100, 14342, Not Active, Not Active, Not Active
2026/07/17 11:11:34.570, 1192, 877, 175.09, 68, 67, 100, 14342, Not Active, Not Active, Not Active
2026/07/17 11:11:34.622, 1192, 877, 180.48, 68, 68, 100, 14342, Not Active, Not Active, Not Active
2026/07/17 11:11:34.674, 1192, 877, 172.80, 68, 67, 100, 14342, Not Active, Not Active, Not Active
2026/07/17 11:11:34.726, 1192, 877, 167.53, 68, 67, 100, 14342, Not Active, Not Active, Not Active
2026/07/17 11:11:34.778, 1192, 877, 180.00, 68, 68, 100, 14342, Not Active, Not Active, Not Active
2026/07/17 11:11:34.831, 1192, 877, 168.74, 68, 67, 100, 14342, Not Active, Not Active, Not Active
2026/07/17 11:11:34.883, 1192, 877, 176.16, 68, 68, 100, 14342, Not Active, Not Active, Not Active
2026/07/17 11:11:34.935, 1192, 877, 115.30, 68, 68, 100, 14342, Not Active, Not Active, Not Active
2026/07/17 11:11:34.987, 1192, 877, 146.71, 68, 67, 100, 14342, Not Active, Not Active, Not Active
2026/07/17 11:11:35.039, 1192, 877, 143.26, 68, 68, 100, 14342, Not Active, Not Active, Not Active
2026/07/17 11:11:35.091, 1192, 877, 140.37, 68, 68, 100, 14342, Not Active, Not Active, Not Active
2026/07/17 11:11:35.143, 1192, 877, 133.83, 68, 68, 100, 14342, Not Active, Not Active, Not Active
2026/07/17 11:11:35.195, 1192, 877, 134.31, 68, 68, 100, 14342, Not Active, Not Active, Not Active
2026/07/17 11:11:35.246, 1192, 877, 140.56, 68, 68, 100, 14342, Not Active, Not Active, Not Active
2026/07/17 11:11:35.298, 1192, 877, 146.24, 68, 68, 100, 14342, Not Active, Not Active, Not Active
2026/07/17 11:11:35.350, 1192, 877, 149.50, 68, 67, 100, 14342, Not Active, Not Active, Not Active
2026/07/17 11:11:35.402, 1192, 877, 141.52, 68, 68, 100, 14342, Not Active, Not Active, Not Active
2026/07/17 11:11:35.456, 1192, 877, 147.20, 68, 68, 100, 14342, Not Active, Not Active, Not Active
2026/07/17 11:11:35.508, 1192, 877, 154.41, 68, 68, 100, 14342, Not Active, Not Active, Not Active
2026/07/17 11:11:35.560, 1192, 877, 159.11, 68, 68, 100, 14342, Not Active, Not Active, Not Active
2026/07/17 11:11:35.612, 1192, 877, 161.88, 68, 68, 100, 14342, Not Active, Not Active, Not Active
2026/07/17 11:11:35.664, 1192, 877, 159.00, 68, 68, 100, 14342, Not Active, Not Active, Not Active
2026/07/17 11:11:35.718, 1192, 877, 161.99, 68, 68, 100, 14342, Not Active, Not Active, Not Active
2026/07/17 11:11:35.769, 1192, 877, 164.28, 68, 67, 100, 14342, Not Active, Not Active, Not Active
2026/07/17 11:11:35.821, 1192, 877, 190.43, 68, 67, 100, 14342, Not Active, Not Active, Not Active
2026/07/17 11:11:35.873, 1192, 877, 185.26, 68, 67, 100, 14342, Not Active, Not Active, Not Active
2026/07/17 11:11:35.925, 1192, 877, 194.61, 68, 68, 100, 14342, Not Active, Not Active, Not Active
2026/07/17 11:11:35.981, 1192, 877, 191.38, 68, 68, 100, 14342, Not Active, Not Active, Not Active
2026/07/17 11:11:36.032, 1192, 877, 191.61, 68, 67, 100, 14342, Not Active, Not Active, Not Active
2026/07/17 11:11:36.084, 1192, 877, 194.26, 68, 67, 100, 14342, Not Active, Not Active, Not Active
2026/07/17 11:11:36.136, 1192, 877, 189.82, 68, 67, 100, 14342, Not Active, Not Active, Not Active
2026/07/17 11:11:36.188, 1192, 877, 193.17, 68, 67, 100, 14342, Not Active, Not Active, Not Active
2026/07/17 11:11:36.241, 1192, 877, 191.13, 68, 67, 100, 14342, Not Active, Not Active, Not Active
2026/07/17 11:11:36.293, 1192, 877, 192.09, 68, 67, 100, 14342, Not Active, Not Active, Not Active
2026/07/17 11:11:36.344, 1192, 877, 186.11, 68, 67, 100, 14342, Not Active, Not Active, Not Active
2026/07/17 11:11:36.396, 1192, 877, 185.03, 68, 67, 100, 14342, Not Active, Not Active, Not Active
2026/07/17 11:11:36.448, 1192, 877, 186.59, 68, 67, 100, 14342, Not Active, Not Active, Not Active
2026/07/17 11:11:36.501, 1192, 877, 177.13, 68, 67, 100, 14342, Not Active, Not Active, Not Active
2026/07/17 11:11:36.553, 1192, 877, 190.20, 68, 67, 100, 14342, Not Active, Not Active, Not Active
2026/07/17 11:11:36.605, 1192, 877, 180.00, 68, 67, 100, 14342, Not Active, Not Active, Not Active
2026/07/17 11:11:36.660, 1192, 877, 128.85, 68, 67, 100, 14342, Not Active, Not Active, Not Active
2026/07/17 11:11:36.712, 1192, 877, 172.80, 68, 68, 100, 14342, Not Active, Not Active, Not Active
2026/07/17 11:11:36.764, 1192, 877, 167.64, 68, 68, 100, 14342, Not Active, Not Active, Not Active
2026/07/17 11:11:36.816, 1192, 877, 166.68, 68, 67, 100, 14342, Not Active, Not Active, Not Active
2026/07/17 11:11:36.867, 1192, 877, 152.76, 68, 68, 100, 14342, Not Active, Not Active, Not Active
2026/07/17 11:11:36.919, 1192, 877, 144.70, 68, 68, 100, 14342, Not Active, Not Active, Not Active
2026/07/17 11:11:36.971, 1192, 877, 144.22, 69, 68, 100, 14342, Not Active, Not Active, Not Active
2026/07/17 11:11:37.023, 1192, 877, 136.71, 68, 68, 100, 14342, Not Active, Not Active, Not Active
2026/07/17 11:11:37.075, 1192, 877, 139.12, 68, 68, 100, 14342, Not Active, Not Active, Not Active
2026/07/17 11:11:37.127, 1192, 877, 147.20, 69, 68, 100, 14342, Not Active, Not Active, Not Active
2026/07/17 11:11:37.178, 1192, 877, 155.16, 69, 68, 100, 14342, Not Active, Not Active, Not Active
2026/07/17 11:11:37.230, 1192, 877, 156.22, 69, 68, 100, 14342, Not Active, Not Active, Not Active
2026/07/17 11:11:37.284, 1192, 877, 161.99, 69, 68, 100, 14342, Not Active, Not Active, Not Active
2026/07/17 11:11:37.336, 1192, 877, 168.23, 68, 68, 100, 14342, Not Active, Not Active, Not Active
2026/07/17 11:11:37.388, 1192, 877, 175.57, 69, 68, 100, 14342, Not Active, Not Active, Not Active
2026/07/17 11:11:37.439, 1192, 877, 181.08, 69, 68, 100, 14342, Not Active, Not Active, Not Active
2026/07/17 11:11:37.491, 1192, 877, 172.44, 69, 68, 100, 14342, Not Active, Not Active, Not Active
2026/07/17 11:11:37.547, 1192, 877, 177.84, 68, 67, 100, 14342, Not Active, Not Active, Not Active
2026/07/17 11:11:37.599, 1192, 877, 194.39, 68, 67, 100, 14342, Not Active, Not Active, Not Active
2026/07/17 11:11:37.651, 1192, 877, 191.61, 68, 68, 100, 14342, Not Active, Not Active, Not Active
2026/07/17 11:11:37.703, 1192, 877, 195.70, 69, 68, 100, 14342, Not Active, Not Active, Not Active
2026/07/17 11:11:37.755, 1192, 877, 188.03, 68, 68, 100, 14342, Not Active, Not Active, Not Active
2026/07/17 11:11:37.807, 1192, 877, 186.82, 68, 68, 100, 14342, Not Active, Not Active, Not Active
2026/07/17 11:11:37.859, 1192, 877, 183.71, 68, 68, 100, 14342, Not Active, Not Active, Not Active
2026/07/17 11:11:37.911, 1192, 877, 181.08, 69, 67, 100, 14342, Not Active, Not Active, Not Active
2026/07/17 11:11:37.964, 1192, 877, 186.11, 69, 68, 100, 14342, Not Active, Not Active, Not Active
2026/07/17 11:11:38.015, 1192, 877, 173.65, 68, 67, 100, 14342, Not Active, Not Active, Not Active
2026/07/17 11:11:38.067, 1192, 877, 177.00, 68, 67, 100, 14342, Not Active, Not Active, Not Active
2026/07/17 11:11:38.119, 1192, 877, 163.80, 68, 68, 100, 14342, Not Active, Not Active, Not Active
2026/07/17 11:11:38.171, 1192, 877, 163.21, 69, 68, 100, 14342, Not Active, Not Active, Not Active
2026/07/17 11:11:38.222, 1192, 877, 153.93, 69, 68, 100, 14342, Not Active, Not Active, Not Active
2026/07/17 11:11:38.274, 1192, 877, 148.64, 69, 68, 100, 14342, Not Active, Not Active, Not Active
2026/07/17 11:11:38.327, 1192, 877, 139.02, 69, 68, 100, 14342, Not Active, Not Active, Not Active
2026/07/17 11:11:38.379, 1192, 877, 129.02, 69, 68, 100, 14342, Not Active, Not Active, Not Active
2026/07/17 11:11:38.431, 1192, 877, 175.57, 69, 68, 100, 14342, Not Active, Not Active, Not Active
2026/07/17 11:11:38.483, 1192, 877, 191.86, 69, 68, 100, 14342, Not Active, Not Active, Not Active
2026/07/17 11:11:38.534, 1192, 877, 197.70, 69, 68, 100, 14342, Not Active, Not Active, Not Active
2026/07/17 11:11:38.586, 1192, 877, 193.52, 69, 68, 100, 14342, Not Active, Not Active, Not Active
2026/07/17 11:11:38.638, 1192, 877, 186.82, 69, 68, 100, 14342, Not Active, Not Active, Not Active
2026/07/17 11:11:38.692, 1192, 877, 185.74, 69, 68, 100, 14342, Not Active, Not Active, Not Active
2026/07/17 11:11:38.743, 1192, 877, 191.74, 68, 68, 100, 14342, Not Active, Not Active, Not Active
2026/07/17 11:11:38.795, 1192, 877, 185.99, 69, 68, 100, 14342, Not Active, Not Active, Not Active
2026/07/17 11:11:38.847, 1192, 877, 178.32, 69, 67, 100, 14342, Not Active, Not Active, Not Active
2026/07/17 11:11:38.899, 1192, 877, 173.53, 69, 68, 100, 14342, Not Active, Not Active, Not Active
2026/07/17 11:11:38.952, 1192, 877, 180.60, 69, 68, 100, 14342, Not Active, Not Active, Not Active
2026/07/17 11:11:39.004, 1192, 877, 180.12, 69, 67, 100, 14342, Not Active, Not Active, Not Active
2026/07/17 11:11:39.055, 1192, 877, 167.90, 69, 67, 100, 14342, Not Active, Not Active, Not Active
2026/07/17 11:11:39.107, 1192, 877, 159.27, 69, 67, 100, 14342, Not Active, Not Active, Not Active
2026/07/17 11:11:39.159, 1192, 877, 161.66, 69, 68, 100, 14342, Not Active, Not Active, Not Active
2026/07/17 11:11:39.211, 1192, 877, 157.93, 69, 67, 100, 14342, Not Active, Not Active, Not Active
2026/07/17 11:11:39.263, 1192, 877, 148.54, 69, 68, 100, 14342, Not Active, Not Active, Not Active
2026/07/17 11:11:39.315, 1192, 877, 163.69, 68, 68, 100, 14342, Not Active, Not Active, Not Active
2026/07/17 11:11:39.366, 1192, 877, 186.24, 69, 68, 100, 14342, Not Active, Not Active, Not Active
2026/07/17 11:11:39.418, 1192, 877, 173.76, 69, 68, 100, 14342, Not Active, Not Active, Not Active
2026/07/17 11:11:39.475, 1192, 877, 191.51, 69, 68, 100, 14342, Not Active, Not Active, Not Active
2026/07/17 11:11:39.527, 1192, 877, 192.21, 69, 68, 100, 14342, Not Active, Not Active, Not Active
2026/07/17 11:11:39.579, 1192, 877, 196.87, 69, 68, 100, 14342, Not Active, Not Active, Not Active
2026/07/17 11:11:39.635, 1192, 877, 196.18, 69, 68, 100, 14342, Not Active, Not Active, Not Active
2026/07/17 11:11:39.687, 1192, 877, 185.99, 69, 68, 100, 14342, Not Active, Not Active, Not Active
2026/07/17 11:11:39.739, 1192, 877, 190.78, 69, 68, 100, 14342, Not Active, Not Active, Not Active
2026/07/17 11:11:39.791, 1192, 877, 188.13, 69, 68, 100, 14342, Not Active, Not Active, Not Active
2026/07/17 11:11:39.843, 1192, 877, 188.15, 69, 68, 100, 14342, Not Active, Not Active, Not Active
2026/07/17 11:11:39.896, 1192, 877, 184.43, 69, 68, 100, 14342, Not Active, Not Active, Not Active
2026/07/17 11:11:39.947, 1192, 877, 180.84, 69, 68, 100, 14342, Not Active, Not Active, Not Active
2026/07/17 11:11:39.999, 1192, 877, 176.04, 69, 67, 100, 14342, Not Active, Not Active, Not Active
2026/07/17 11:11:40.051, 1192, 877, 170.41, 69, 67, 100, 14342, Not Active, Not Active, Not Active
2026/07/17 11:11:40.103, 1192, 877, 172.55, 69, 67, 100, 14342, Not Active, Not Active, Not Active
2026/07/17 11:11:40.155, 1192, 877, 145.75, 69, 68, 100, 14342, Not Active, Not Active, Not Active
2026/07/17 11:11:40.208, 1192, 877, 150.56, 69, 68, 100, 14342, Not Active, Not Active, Not Active
2026/07/17 11:11:40.259, 1192, 877, 159.96, 69, 68, 100, 14342, Not Active, Not Active, Not Active
2026/07/17 11:11:40.311, 1192, 877, 170.89, 69, 68, 100, 14342, Not Active, Not Active, Not Active
2026/07/17 11:11:40.363, 1192, 877, 174.36, 69, 68, 100, 14342, Not Active, Not Active, Not Active
2026/07/17 11:11:40.418, 1192, 877, 188.99, 69, 69, 100, 14342, Not Active, Not Active, Not Active
2026/07/17 11:11:40.470, 1192, 877, 197.96, 69, 68, 100, 14342, Not Active, Not Active, Not Active
2026/07/17 11:11:40.522, 1192, 877, 200.23, 69, 68, 100, 14342, Not Active, Not Active, Not Active
2026/07/17 11:11:40.578, 1192, 877, 195.57, 69, 68, 100, 14342, Not Active, Not Active, Not Active
2026/07/17 11:11:40.630, 1192, 877, 195.35, 69, 68, 100, 14342, Not Active, Not Active, Not Active
2026/07/17 11:11:40.682, 1192, 877, 194.13, 69, 68, 100, 14342, Not Active, Not Active, Not Active
2026/07/17 11:11:40.734, 1192, 877, 189.47, 69, 68, 100, 14342, Not Active, Not Active, Not Active
2026/07/17 11:11:40.786, 1192, 877, 182.51, 69, 68, 100, 14342, Not Active, Not Active, Not Active
2026/07/17 11:11:40.839, 1192, 877, 185.15, 69, 67, 100, 14342, Not Active, Not Active, Not Active
2026/07/17 11:11:40.891, 1192, 877, 179.76, 69, 67, 100, 14342, Not Active, Not Active, Not Active
2026/07/17 11:11:40.943, 1192, 877, 176.16, 69, 67, 100, 14342, Not Active, Not Active, Not Active
2026/07/17 11:11:40.995, 1192, 877, 166.20, 69, 68, 100, 14342, Not Active, Not Active, Not Active
2026/07/17 11:11:41.047, 1192, 877, 156.70, 69, 68, 100, 14342, Not Active, Not Active, Not Active
2026/07/17 11:11:41.099, 1192, 877, 157.18, 69, 68, 100, 14342, Not Active, Not Active, Not Active
2026/07/17 11:11:41.151, 1192, 877, 167.53, 69, 68, 100, 14342, Not Active, Not Active, Not Active
2026/07/17 11:11:41.202, 1192, 877, 187.07, 69, 69, 100, 14342, Not Active, Not Active, Not Active
2026/07/17 11:11:41.254, 1192, 877, 197.14, 69, 68, 100, 14342, Not Active, Not Active, Not Active
2026/07/17 11:11:41.306, 1192, 877, 190.65, 69, 68, 100, 14342, Not Active, Not Active, Not Active
2026/07/17 11:11:41.361, 1192, 877, 193.78, 69, 68, 100, 14342, Not Active, Not Active, Not Active
2026/07/17 11:11:41.413, 1192, 877, 189.57, 69, 68, 100, 14342, Not Active, Not Active, Not Active
2026/07/17 11:11:41.464, 1192, 877, 187.07, 69, 68, 100, 14342, Not Active, Not Active, Not Active
2026/07/17 11:11:41.517, 1192, 877, 185.38, 69, 68, 100, 14342, Not Active, Not Active, Not Active
2026/07/17 11:11:41.568, 1192, 877, 187.90, 69, 68, 100, 14342, Not Active, Not Active, Not Active
2026/07/17 11:11:41.627, 1192, 877, 172.94, 69, 68, 100, 14342, Not Active, Not Active, Not Active
2026/07/17 11:11:41.680, 1192, 877, 181.08, 69, 67, 100, 14342, Not Active, Not Active, Not Active
2026/07/17 11:11:41.732, 1192, 877, 164.17, 69, 67, 100, 14342, Not Active, Not Active, Not Active
2026/07/17 11:11:41.783, 1192, 877, 166.31, 69, 68, 100, 14342, Not Active, Not Active, Not Active
2026/07/17 11:11:41.835, 1192, 877, 153.14, 69, 68, 100, 14342, Not Active, Not Active, Not Active
2026/07/17 11:11:41.887, 1192, 877, 129.50, 69, 68, 100, 14342, Not Active, Not Active, Not Active
2026/07/17 11:11:41.939, 1192, 877, 135.75, 69, 68, 100, 14342, Not Active, Not Active, Not Active
2026/07/17 11:11:41.990, 1192, 877, 170.89, 69, 68, 100, 14342, Not Active, Not Active, Not Active
2026/07/17 11:11:42.046, 1192, 877, 192.09, 69, 68, 100, 14342, Not Active, Not Active, Not Active
2026/07/17 11:11:42.097, 1192, 877, 191.61, 69, 68, 100, 14342, Not Active, Not Active, Not Active
2026/07/17 11:11:42.149, 1192, 877, 194.00, 69, 68, 100, 14342, Not Active, Not Active, Not Active
2026/07/17 11:11:42.201, 1192, 877, 194.13, 69, 68, 100, 14342, Not Active, Not Active, Not Active
2026/07/17 11:11:42.253, 1192, 877, 185.28, 69, 68, 100, 14342, Not Active, Not Active, Not Active
2026/07/17 11:11:42.306, 1192, 877, 184.67, 69, 68, 100, 14342, Not Active, Not Active, Not Active
2026/07/17 11:11:42.358, 1192, 877, 176.40, 69, 68, 100, 14342, Not Active, Not Active, Not Active
2026/07/17 11:11:42.409, 1192, 877, 172.55, 69, 68, 100, 14342, Not Active, Not Active, Not Active
2026/07/17 11:11:42.461, 1192, 877, 158.63, 69, 68, 100, 14342, Not Active, Not Active, Not Active
2026/07/17 11:11:42.513, 1192, 877, 135.36, 69, 68, 100, 14342, Not Active, Not Active, Not Active
2026/07/17 11:11:42.565, 1192, 877, 136.32, 69, 69, 100, 14342, Not Active, Not Active, Not Active
2026/07/17 11:11:42.617, 1192, 877, 155.26, 69, 69, 100, 14342, Not Active, Not Active, Not Active
2026/07/17 11:11:42.668, 1192, 877, 165.83, 69, 69, 100, 14342, Not Active, Not Active, Not Active
2026/07/17 11:11:42.720, 1192, 877, 186.59, 69, 69, 100, 14342, Not Active, Not Active, Not Active
2026/07/17 11:11:42.772, 1192, 877, 181.92, 69, 69, 100, 14342, Not Active, Not Active, Not Active
2026/07/17 11:11:42.829, 1192, 877, 195.22, 69, 69, 100, 14342, Not Active, Not Active, Not Active
2026/07/17 11:11:42.882, 1192, 877, 172.67, 69, 67, 100, 14342, Not Active, Not Active, Not Active
2026/07/17 11:11:42.933, 1192, 877, 190.30, 69, 68, 100, 14342, Not Active, Not Active, Not Active
2026/07/17 11:11:42.989, 1192, 877, 176.04, 69, 68, 100, 14342, Not Active, Not Active, Not Active
2026/07/17 11:11:43.040, 1192, 877, 175.57, 69, 67, 100, 14342, Not Active, Not Active, Not Active
2026/07/17 11:11:43.092, 1192, 877, 155.64, 69, 68, 100, 14342, Not Active, Not Active, Not Active
2026/07/17 11:11:43.144, 1192, 877, 139.41, 69, 68, 100, 14342, Not Active, Not Active, Not Active
2026/07/17 11:11:43.196, 1192, 877, 133.92, 69, 68, 100, 14342, Not Active, Not Active, Not Active
2026/07/17 11:11:43.248, 1192, 877, 154.78, 69, 69, 100, 14342, Not Active, Not Active, Not Active
2026/07/17 11:11:43.300, 1192, 877, 164.65, 69, 69, 100, 14342, Not Active, Not Active, Not Active
2026/07/17 11:11:43.351, 1192, 877, 184.80, 69, 69, 100, 14342, Not Active, Not Active, Not Active
2026/07/17 11:11:43.403, 1192, 877, 194.22, 69, 68, 100, 14342, Not Active, Not Active, Not Active
2026/07/17 11:11:43.455, 1192, 877, 193.30, 69, 69, 100, 14342, Not Active, Not Active, Not Active
2026/07/17 11:11:43.511, 1192, 877, 191.61, 69, 69, 100, 14342, Not Active, Not Active, Not Active
2026/07/17 11:11:43.563, 1192, 877, 188.74, 69, 68, 100, 14342, Not Active, Not Active, Not Active
2026/07/17 11:11:43.614, 1192, 877, 183.84, 69, 68, 100, 14342, Not Active, Not Active, Not Active
2026/07/17 11:11:43.666, 1192, 877, 174.85, 69, 68, 100, 14342, Not Active, Not Active, Not Active
2026/07/17 11:11:43.718, 1192, 877, 172.44, 69, 68, 100, 14342, Not Active, Not Active, Not Active
2026/07/17 11:11:43.770, 1192, 877, 138.25, 69, 68, 100, 14342, Not Active, Not Active, Not Active
2026/07/17 11:11:43.823, 1192, 877, 152.48, 69, 69, 100, 14342, Not Active, Not Active, Not Active
2026/07/17 11:11:43.874, 1192, 877, 168.12, 69, 69, 100, 14342, Not Active, Not Active, Not Active
2026/07/17 11:11:43.926, 1192, 877, 187.68, 69, 69, 100, 14342, Not Active, Not Active, Not Active
2026/07/17 11:11:43.978, 1192, 877, 198.31, 69, 69, 100, 14342, Not Active, Not Active, Not Active
2026/07/17 11:11:44.033, 1192, 877, 189.69, 69, 69, 100, 14342, Not Active, Not Active, Not Active
2026/07/17 11:11:44.086, 1192, 877, 191.13, 69, 69, 100, 14342, Not Active, Not Active, Not Active
2026/07/17 11:11:44.138, 1192, 877, 189.95, 69, 68, 100, 14342, Not Active, Not Active, Not Active
2026/07/17 11:11:44.193, 1192, 877, 183.71, 69, 68, 100, 14342, Not Active, Not Active, Not Active
2026/07/17 11:11:44.245, 1192, 877, 183.24, 69, 67, 100, 14342, Not Active, Not Active, Not Active
2026/07/17 11:11:44.297, 1192, 877, 172.44, 69, 68, 100, 14342, Not Active, Not Active, Not Active
2026/07/17 11:11:44.349, 1192, 877, 161.88, 69, 68, 100, 14342, Not Active, Not Active, Not Active
2026/07/17 11:11:44.401, 1192, 877, 139.02, 70, 69, 100, 14342, Not Active, Not Active, Not Active
2026/07/17 11:11:44.453, 1192, 877, 131.51, 69, 68, 100, 14342, Not Active, Not Active, Not Active
2026/07/17 11:11:44.504, 1192, 877, 155.26, 70, 69, 100, 14342, Not Active, Not Active, Not Active
2026/07/17 11:11:44.556, 1192, 877, 169.93, 69, 69, 100, 14342, Not Active, Not Active, Not Active
2026/07/17 11:11:44.608, 1192, 877, 184.67, 69, 69, 100, 14342, Not Active, Not Active, Not Active
2026/07/17 11:11:44.660, 1192, 877, 186.22, 70, 69, 100, 14342, Not Active, Not Active, Not Active
2026/07/17 11:11:44.716, 1192, 877, 166.09, 69, 67, 100, 14342, Not Active, Not Active, Not Active
2026/07/17 11:11:44.768, 1192, 877, 183.84, 69, 68, 100, 14342, Not Active, Not Active, Not Active
2026/07/17 11:11:44.819, 1192, 877, 174.24, 69, 68, 100, 14342, Not Active, Not Active, Not Active
2026/07/17 11:11:44.872, 1192, 877, 156.50, 69, 68, 100, 14342, Not Active, Not Active, Not Active
2026/07/17 11:11:44.924, 1192, 877, 139.60, 69, 68, 100, 14342, Not Active, Not Active, Not Active
2026/07/17 11:11:44.975, 1192, 877, 134.88, 70, 69, 100, 14342, Not Active, Not Active, Not Active
2026/07/17 11:11:45.027, 1192, 877, 154.68, 70, 69, 100, 14342, Not Active, Not Active, Not Active
2026/07/17 11:11:45.079, 1192, 877, 174.84, 70, 69, 100, 14342, Not Active, Not Active, Not Active
2026/07/17 11:11:45.131, 1192, 877, 195.79, 70, 69, 100, 14342, Not Active, Not Active, Not Active
2026/07/17 11:11:45.182, 1192, 877, 196.40, 69, 69, 100, 14342, Not Active, Not Active, Not Active
2026/07/17 11:11:45.238, 1192, 877, 194.13, 69, 69, 100, 14342, Not Active, Not Active, Not Active
2026/07/17 11:11:45.290, 1192, 877, 187.30, 69, 68, 100, 14342, Not Active, Not Active, Not Active
2026/07/17 11:11:45.342, 1192, 877, 188.63, 69, 68, 100, 14342, Not Active, Not Active, Not Active
2026/07/17 11:11:45.394, 1192, 877, 173.05, 70, 68, 100, 14342, Not Active, Not Active, Not Active
2026/07/17 11:11:45.446, 1192, 877, 162.47, 70, 68, 100, 14342, Not Active, Not Active, Not Active
2026/07/17 11:11:45.498, 1192, 877, 146.62, 69, 68, 100, 14342, Not Active, Not Active, Not Active
2026/07/17 11:11:45.549, 1192, 877, 124.77, 69, 69, 100, 14342, Not Active, Not Active, Not Active
2026/07/17 11:11:45.601, 1192, 877, 151.52, 70, 69, 100, 14342, Not Active, Not Active, Not Active
2026/07/17 11:11:45.653, 1192, 877, 188.99, 69, 68, 100, 14342, Not Active, Not Active, Not Active
2026/07/17 11:11:45.705, 1192, 877, 196.79, 69, 68, 100, 14342, Not Active, Not Active, Not Active
2026/07/17 11:11:45.760, 1192, 877, 188.38, 70, 69, 100, 14342, Not Active, Not Active, Not Active
2026/07/17 11:11:45.812, 1192, 877, 177.00, 69, 68, 100, 14342, Not Active, Not Active, Not Active
2026/07/17 11:11:45.864, 1192, 877, 173.05, 69, 68, 100, 14342, Not Active, Not Active, Not Active
2026/07/17 11:11:45.916, 1192, 877, 159.75, 69, 68, 100, 14342, Not Active, Not Active, Not Active
2026/07/17 11:11:45.968, 1192, 877, 143.74, 69, 68, 100, 14342, Not Active, Not Active, Not Active
2026/07/17 11:11:46.019, 1192, 877, 129.59, 70, 69, 100, 14342, Not Active, Not Active, Not Active
2026/07/17 11:11:46.071, 1192, 877, 154.30, 70, 69, 100, 14342, Not Active, Not Active, Not Active
2026/07/17 11:11:46.123, 1192, 877, 172.92, 70, 69, 100, 14342, Not Active, Not Active, Not Active
2026/07/17 11:11:46.175, 1192, 877, 200.23, 69, 69, 100, 14342, Not Active, Not Active, Not Active
2026/07/17 11:11:46.226, 1192, 877, 196.05, 70, 69, 100, 14342, Not Active, Not Active, Not Active
2026/07/17 11:11:46.282, 1192, 877, 192.82, 70, 69, 100, 14342, Not Active, Not Active, Not Active
2026/07/17 11:11:46.333, 1192, 877, 187.20, 70, 68, 100, 14342, Not Active, Not Active, Not Active
2026/07/17 11:11:46.385, 1192, 877, 178.44, 70, 68, 100, 14342, Not Active, Not Active, Not Active
2026/07/17 11:11:46.438, 1192, 877, 162.14, 70, 68, 100, 14342, Not Active, Not Active, Not Active
2026/07/17 11:11:46.489, 1192, 877, 160.33, 70, 68, 100, 14342, Not Active, Not Active, Not Active
2026/07/17 11:11:46.541, 1192, 877, 131.42, 69, 69, 100, 14342, Not Active, Not Active, Not Active
2026/07/17 11:11:46.593, 1192, 877, 183.36, 69, 69, 100, 14342, Not Active, Not Active, Not Active
2026/07/17 11:11:46.645, 1192, 877, 195.92, 69, 69, 100, 14342, Not Active, Not Active, Not Active
2026/07/17 11:11:46.696, 1192, 877, 191.38, 70, 69, 100, 14342, Not Active, Not Active, Not Active
2026/07/17 11:11:46.748, 1192, 877, 185.03, 70, 68, 100, 14342, Not Active, Not Active, Not Active
2026/07/17 11:11:46.803, 1192, 877, 179.88, 70, 68, 100, 14342, Not Active, Not Active, Not Active
2026/07/17 11:11:46.855, 1192, 877, 176.64, 70, 68, 100, 14342, Not Active, Not Active, Not Active
2026/07/17 11:11:46.906, 1192, 877, 149.50, 70, 68, 100, 14342, Not Active, Not Active, Not Active
2026/07/17 11:11:46.959, 1192, 877, 127.57, 70, 69, 100, 14342, Not Active, Not Active, Not Active
2026/07/17 11:11:47.010, 1192, 877, 149.60, 70, 69, 100, 14342, Not Active, Not Active, Not Active
2026/07/17 11:11:47.062, 1192, 877, 166.20, 70, 69, 100, 14342, Not Active, Not Active, Not Active
2026/07/17 11:11:47.114, 1192, 877, 186.34, 70, 69, 100, 14342, Not Active, Not Active, Not Active
2026/07/17 11:11:47.165, 1192, 877, 191.86, 70, 69, 100, 14342, Not Active, Not Active, Not Active
2026/07/17 11:11:47.217, 1192, 877, 194.26, 70, 69, 100, 14342, Not Active, Not Active, Not Active
2026/07/17 11:11:47.269, 1192, 877, 183.36, 70, 69, 100, 14342, Not Active, Not Active, Not Active
2026/07/17 11:11:47.324, 1192, 877, 185.63, 70, 69, 100, 14342, Not Active, Not Active, Not Active
2026/07/17 11:11:47.376, 1192, 877, 161.18, 70, 68, 100, 14342, Not Active, Not Active, Not Active
2026/07/17 11:11:47.428, 1192, 877, 147.10, 70, 68, 100, 14342, Not Active, Not Active, Not Active
2026/07/17 11:11:47.479, 1192, 877, 124.37, 70, 69, 100, 14342, Not Active, Not Active, Not Active
2026/07/17 11:11:47.531, 1192, 877, 172.21, 70, 69, 100, 14342, Not Active, Not Active, Not Active
2026/07/17 11:11:47.586, 1192, 877, 199.27, 70, 69, 100, 14342, Not Active, Not Active, Not Active
2026/07/17 11:11:47.638, 1192, 877, 192.09, 69, 69, 100, 14342, Not Active, Not Active, Not Active
2026/07/17 11:11:47.689, 1192, 877, 182.76, 70, 69, 100, 14342, Not Active, Not Active, Not Active
2026/07/17 11:11:47.741, 1192, 877, 174.13, 70, 68, 100, 14342, Not Active, Not Active, Not Active
2026/07/17 11:11:47.793, 1192, 877, 161.18, 70, 69, 100, 14342, Not Active, Not Active, Not Active
2026/07/17 11:11:47.845, 1192, 877, 135.18, 70, 68, 100, 14342, Not Active, Not Active, Not Active
2026/07/17 11:11:47.897, 1192, 877, 134.31, 70, 69, 100, 14342, Not Active, Not Active, Not Active
2026/07/17 11:11:47.948, 1192, 877, 156.70, 70, 69, 100, 14342, Not Active, Not Active, Not Active
2026/07/17 11:11:48.000, 1192, 877, 176.04, 70, 69, 100, 14342, Not Active, Not Active, Not Active
2026/07/17 11:11:48.052, 1192, 877, 191.61, 70, 69, 100, 14342, Not Active, Not Active, Not Active
2026/07/17 11:11:48.108, 1192, 877, 194.48, 70, 69, 100, 14342, Not Active, Not Active, Not Active
2026/07/17 11:11:48.159, 1192, 877, 189.82, 70, 68, 100, 14342, Not Active, Not Active, Not Active
2026/07/17 11:11:48.211, 1192, 877, 180.00, 70, 69, 100, 14342, Not Active, Not Active, Not Active
2026/07/17 11:11:48.263, 1192, 877, 162.14, 70, 68, 100, 14342, Not Active, Not Active, Not Active
2026/07/17 11:11:48.315, 1192, 877, 154.68, 70, 68, 100, 14342, Not Active, Not Active, Not Active
2026/07/17 11:11:48.367, 1192, 877, 121.88, 70, 69, 100, 14342, Not Active, Not Active, Not Active
2026/07/17 11:11:48.419, 1192, 877, 149.60, 70, 69, 100, 14342, Not Active, Not Active, Not Active
2026/07/17 11:11:48.470, 1192, 877, 185.63, 69, 68, 100, 14342, Not Active, Not Active, Not Active
2026/07/17 11:11:48.522, 1192, 877, 191.00, 70, 69, 100, 14342, Not Active, Not Active, Not Active
2026/07/17 11:11:48.574, 1192, 877, 177.73, 70, 69, 100, 14342, Not Active, Not Active, Not Active
2026/07/17 11:11:48.629, 1192, 877, 178.92, 70, 68, 100, 14342, Not Active, Not Active, Not Active
2026/07/17 11:11:48.681, 1192, 877, 158.89, 70, 68, 100, 14342, Not Active, Not Active, Not Active
2026/07/17 11:11:48.732, 1192, 877, 124.29, 70, 69, 100, 14342, Not Active, Not Active, Not Active
2026/07/17 11:11:48.784, 1192, 877, 144.31, 70, 70, 100, 14342, Not Active, Not Active, Not Active
2026/07/17 11:11:48.836, 1192, 877, 161.88, 70, 69, 100, 14342, Not Active, Not Active, Not Active
2026/07/17 11:11:48.889, 1192, 877, 182.76, 70, 69, 100, 14342, Not Active, Not Active, Not Active
2026/07/17 11:11:48.941, 1192, 877, 196.05, 70, 69, 100, 14342, Not Active, Not Active, Not Active
2026/07/17 11:11:48.993, 1192, 877, 191.61, 70, 69, 100, 14342, Not Active, Not Active, Not Active
2026/07/17 11:11:49.044, 1192, 877, 179.28, 70, 68, 100, 14342, Not Active, Not Active, Not Active
2026/07/17 11:11:49.096, 1192, 877, 170.63, 70, 68, 100, 14342, Not Active, Not Active, Not Active
2026/07/17 11:11:49.149, 1192, 877, 156.70, 70, 68, 100, 14342, Not Active, Not Active, Not Active
2026/07/17 11:11:49.201, 1192, 877, 122.45, 70, 70, 100, 14342, Not Active, Not Active, Not Active
2026/07/17 11:11:49.253, 1192, 877, 149.98, 70, 69, 100, 14342, Not Active, Not Active, Not Active
2026/07/17 11:11:49.305, 1192, 877, 166.68, 70, 69, 100, 14342, Not Active, Not Active, Not Active
2026/07/17 11:11:49.357, 1192, 877, 179.52, 70, 70, 100, 14342, Not Active, Not Active, Not Active
2026/07/17 11:11:49.413, 1192, 877, 167.90, 70, 68, 100, 14342, Not Active, Not Active, Not Active
2026/07/17 11:11:49.465, 1192, 877, 183.24, 70, 68, 100, 14342, Not Active, Not Active, Not Active
2026/07/17 11:11:49.517, 1192, 877, 156.50, 70, 68, 100, 14342, Not Active, Not Active, Not Active
2026/07/17 11:11:49.570, 1192, 877, 139.99, 70, 68, 100, 14342, Not Active, Not Active, Not Active
2026/07/17 11:11:49.622, 1192, 877, 132.87, 70, 69, 100, 14342, Not Active, Not Active, Not Active
2026/07/17 11:11:49.674, 1192, 877, 156.60, 70, 69, 100, 14342, Not Active, Not Active, Not Active
2026/07/17 11:11:49.726, 1192, 877, 180.24, 70, 69, 100, 14342, Not Active, Not Active, Not Active
2026/07/17 11:11:49.777, 1192, 877, 195.18, 70, 69, 100, 14342, Not Active, Not Active, Not Active
2026/07/17 11:11:49.834, 1192, 877, 195.57, 70, 69, 100, 14342, Not Active, Not Active, Not Active
2026/07/17 11:11:49.886, 1192, 877, 182.52, 70, 69, 100, 14342, Not Active, Not Active, Not Active
2026/07/17 11:11:49.937, 1192, 877, 178.68, 70, 70, 100, 14342, Not Active, Not Active, Not Active
2026/07/17 11:11:49.989, 1192, 877, 162.73, 70, 69, 100, 14342, Not Active, Not Active, Not Active
2026/07/17 11:11:50.041, 1192, 877, 130.55, 70, 70, 100, 14342, Not Active, Not Active, Not Active
2026/07/17 11:11:50.093, 1192, 877, 143.45, 70, 69, 100, 14342, Not Active, Not Active, Not Active
2026/07/17 11:11:50.145, 1192, 877, 166.20, 70, 69, 100, 14342, Not Active, Not Active, Not Active
2026/07/17 11:11:50.196, 1192, 877, 199.27, 70, 69, 100, 14342, Not Active, Not Active, Not Active
2026/07/17 11:11:50.248, 1192, 877, 184.67, 70, 69, 100, 14342, Not Active, Not Active, Not Active
2026/07/17 11:11:50.300, 1192, 877, 192.57, 70, 69, 100, 14342, Not Active, Not Active, Not Active
2026/07/17 11:11:50.355, 1192, 877, 90.84, 70, 70, 100, 14342, Not Active, Not Active, Not Active
2026/07/17 11:11:50.407, 1192, 877, 122.85, 70, 69, 100, 14342, Not Active, Not Active, Not Active
2026/07/17 11:11:50.459, 1192, 877, 151.32, 70, 70, 100, 14342, Not Active, Not Active, Not Active
2026/07/17 11:11:50.511, 1192, 877, 174.84, 70, 69, 100, 14342, Not Active, Not Active, Not Active
2026/07/17 11:11:50.563, 1192, 877, 195.44, 70, 69, 100, 14342, Not Active, Not Active, Not Active
2026/07/17 11:11:50.617, 1192, 877, 185.74, 70, 69, 100, 14342, Not Active, Not Active, Not Active
2026/07/17 11:11:50.668, 1192, 877, 176.17, 70, 69, 100, 14342, Not Active, Not Active, Not Active
2026/07/17 11:11:50.720, 1192, 877, 174.84, 70, 70, 100, 14342, Not Active, Not Active, Not Active
2026/07/17 11:11:50.772, 1192, 877, 155.26, 70, 68, 100, 14342, Not Active, Not Active, Not Active
2026/07/17 11:11:50.824, 1192, 877, 122.93, 70, 70, 100, 14342, Not Active, Not Active, Not Active
2026/07/17 11:11:50.876, 1192, 877, 154.30, 70, 70, 100, 14342, Not Active, Not Active, Not Active
2026/07/17 11:11:50.927, 1192, 877, 174.24, 70, 69, 100, 14342, Not Active, Not Active, Not Active
2026/07/17 11:11:50.979, 1192, 877, 195.22, 70, 69, 100, 14342, Not Active, Not Active, Not Active
2026/07/17 11:11:51.031, 1192, 877, 185.51, 70, 69, 100, 14342, Not Active, Not Active, Not Active
2026/07/17 11:11:51.082, 1192, 877, 184.67, 70, 69, 100, 14342, Not Active, Not Active, Not Active
2026/07/17 11:11:51.138, 1192, 877, 173.76, 70, 68, 100, 14342, Not Active, Not Active, Not Active
2026/07/17 11:11:51.189, 1192, 877, 152.76, 70, 70, 100, 14342, Not Active, Not Active, Not Active
2026/07/17 11:11:51.241, 1192, 877, 124.77, 70, 70, 100, 14342, Not Active, Not Active, Not Active
2026/07/17 11:11:51.293, 1192, 877, 152.38, 70, 70, 100, 14342, Not Active, Not Active, Not Active
2026/07/17 11:11:51.345, 1192, 877, 183.59, 69, 69, 100, 14342, Not Active, Not Active, Not Active
2026/07/17 11:11:51.399, 1192, 877, 186.59, 70, 69, 100, 14342, Not Active, Not Active, Not Active
2026/07/17 11:11:51.450, 1192, 877, 176.17, 70, 69, 100, 14342, Not Active, Not Active, Not Active
2026/07/17 11:11:51.502, 1192, 877, 161.40, 70, 70, 100, 14342, Not Active, Not Active, Not Active
2026/07/17 11:11:51.554, 1192, 877, 124.37, 70, 70, 100, 14342, Not Active, Not Active, Not Active
2026/07/17 11:11:51.606, 1192, 877, 149.50, 70, 70, 100, 14342, Not Active, Not Active, Not Active
2026/07/17 11:11:51.658, 1192, 877, 169.93, 70, 70, 100, 14342, Not Active, Not Active, Not Active
2026/07/17 11:11:51.710, 1192, 877, 197.14, 70, 69, 100, 14342, Not Active, Not Active, Not Active
2026/07/17 11:11:51.762, 1192, 877, 190.90, 70, 69, 100, 14342, Not Active, Not Active, Not Active
2026/07/17 11:11:51.814, 1192, 877, 175.93, 70, 69, 100, 14342, Not Active, Not Active, Not Active
2026/07/17 11:11:51.866, 1192, 877, 172.10, 70, 70, 100, 14342, Not Active, Not Active, Not Active
2026/07/17 11:11:51.919, 1192, 877, 151.42, 70, 69, 100, 14342, Not Active, Not Active, Not Active
2026/07/17 11:11:51.971, 1192, 877, 127.18, 70, 70, 100, 14342, Not Active, Not Active, Not Active
2026/07/17 11:11:52.023, 1192, 877, 155.37, 70, 70, 100, 14342, Not Active, Not Active, Not Active
2026/07/17 11:11:52.075, 1192, 877, 180.96, 70, 70, 100, 14342, Not Active, Not Active, Not Active
2026/07/17 11:11:52.126, 1192, 877, 194.00, 70, 69, 100, 14342, Not Active, Not Active, Not Active
2026/07/17 11:11:52.182, 1192, 877, 193.65, 70, 69, 100, 14342, Not Active, Not Active, Not Active
2026/07/17 11:11:52.234, 1192, 877, 177.24, 70, 69, 100, 14342, Not Active, Not Active, Not Active
2026/07/17 11:11:52.285, 1192, 877, 111.44, 70, 70, 100, 14342, Not Active, Not Active, Not Active
2026/07/17 11:11:52.338, 1192, 877, 144.89, 70, 69, 100, 14342, Not Active, Not Active, Not Active
2026/07/17 11:11:52.390, 1192, 877, 168.60, 70, 69, 100, 14342, Not Active, Not Active, Not Active
2026/07/17 11:11:52.442, 1192, 877, 193.87, 70, 69, 100, 14342, Not Active, Not Active, Not Active
2026/07/17 11:11:52.494, 1192, 877, 189.69, 70, 69, 100, 14342, Not Active, Not Active, Not Active
2026/07/17 11:11:52.545, 1192, 877, 180.36, 70, 69, 100, 14342, Not Active, Not Active, Not Active
2026/07/17 11:11:52.597, 1192, 877, 170.52, 70, 69, 100, 14342, Not Active, Not Active, Not Active
2026/07/17 11:11:52.649, 1192, 877, 132.30, 70, 70, 100, 14342, Not Active, Not Active, Not Active
2026/07/17 11:11:52.701, 1192, 877, 143.35, 70, 70, 100, 14342, Not Active, Not Active, Not Active
2026/07/17 11:11:52.753, 1192, 877, 166.31, 70, 70, 100, 14342, Not Active, Not Active, Not Active
2026/07/17 11:11:52.805, 1192, 877, 190.17, 70, 69, 100, 14342, Not Active, Not Active, Not Active
2026/07/17 11:11:52.856, 1192, 877, 189.82, 70, 69, 100, 14342, Not Active, Not Active, Not Active
2026/07/17 11:11:52.908, 1192, 877, 185.88, 70, 69, 100, 14342, Not Active, Not Active, Not Active
2026/07/17 11:11:52.964, 1192, 877, 176.52, 70, 70, 100, 14342, Not Active, Not Active, Not Active
2026/07/17 11:11:53.016, 1192, 877, 152.38, 70, 69, 100, 14342, Not Active, Not Active, Not Active
2026/07/17 11:11:53.068, 1192, 877, 126.22, 70, 70, 100, 14342, Not Active, Not Active, Not Active
2026/07/17 11:11:53.119, 1192, 877, 152.86, 70, 70, 100, 14342, Not Active, Not Active, Not Active
2026/07/17 11:11:53.171, 1192, 877, 172.32, 70, 70, 100, 14342, Not Active, Not Active, Not Active
2026/07/17 11:11:53.225, 1192, 877, 195.57, 70, 70, 100, 14342, Not Active, Not Active, Not Active
2026/07/17 11:11:53.278, 1192, 877, 136.62, 69, 68, 100, 14342, Not Active, Not Active, Not Active
2026/07/17 11:11:53.329, 1192, 877, 144.31, 70, 70, 100, 14342, Not Active, Not Active, Not Active
2026/07/17 11:11:53.382, 1192, 877, 126.70, 70, 70, 100, 14342, Not Active, Not Active, Not Active
2026/07/17 11:11:53.433, 1192, 877, 156.70, 70, 70, 100, 14342, Not Active, Not Active, Not Active
2026/07/17 11:11:53.485, 1192, 877, 187.78, 70, 70, 100, 14342, Not Active, Not Active, Not Active
2026/07/17 11:11:53.537, 1192, 877, 194.61, 70, 69, 100, 14342, Not Active, Not Active, Not Active
2026/07/17 11:11:53.589, 1192, 877, 180.96, 70, 69, 100, 14342, Not Active, Not Active, Not Active
2026/07/17 11:11:53.640, 1192, 877, 165.98, 70, 70, 100, 14342, Not Active, Not Active, Not Active
2026/07/17 11:11:53.692, 1192, 877, 142.87, 70, 69, 100, 14342, Not Active, Not Active, Not Active
2026/07/17 11:11:53.745, 1192, 877, 132.47, 70, 70, 100, 14342, Not Active, Not Active, Not Active
2026/07/17 11:11:53.797, 1192, 877, 161.03, 70, 70, 100, 14342, Not Active, Not Active, Not Active
2026/07/17 11:11:53.848, 1192, 877, 198.10, 70, 70, 100, 14342, Not Active, Not Active, Not Active
2026/07/17 11:11:53.900, 1192, 877, 189.47, 70, 69, 100, 14342, Not Active, Not Active, Not Active
2026/07/17 11:11:53.952, 1192, 877, 185.86, 70, 69, 100, 14342, Not Active, Not Active, Not Active
2026/07/17 11:11:54.008, 1192, 877, 178.56, 70, 70, 100, 14342, Not Active, Not Active, Not Active
2026/07/17 11:11:54.059, 1192, 877, 151.42, 70, 70, 100, 14342, Not Active, Not Active, Not Active
2026/07/17 11:11:54.111, 1192, 877, 127.18, 70, 70, 100, 14342, Not Active, Not Active, Not Active
2026/07/17 11:11:54.163, 1192, 877, 156.22, 70, 70, 100, 14342, Not Active, Not Active, Not Active
2026/07/17 11:11:54.214, 1192, 877, 175.68, 70, 70, 100, 14342, Not Active, Not Active, Not Active
2026/07/17 11:11:54.270, 1192, 877, 154.78, 70, 68, 100, 14342, Not Active, Not Active, Not Active
2026/07/17 11:11:54.321, 1192, 877, 160.44, 70, 70, 100, 14342, Not Active, Not Active, Not Active
2026/07/17 11:11:54.373, 1192, 877, 132.78, 70, 69, 100, 14342, Not Active, Not Active, Not Active
2026/07/17 11:11:54.427, 1192, 877, 138.64, 70, 70, 100, 14342, Not Active, Not Active, Not Active
2026/07/17 11:11:54.479, 1192, 877, 165.24, 70, 70, 100, 14342, Not Active, Not Active, Not Active
2026/07/17 11:11:54.531, 1192, 877, 191.96, 70, 69, 100, 14342, Not Active, Not Active, Not Active
2026/07/17 11:11:54.583, 1192, 877, 188.26, 70, 69, 100, 14342, Not Active, Not Active, Not Active
2026/07/17 11:11:54.634, 1192, 877, 178.68, 70, 69, 100, 14342, Not Active, Not Active, Not Active
2026/07/17 11:11:54.690, 1192, 877, 163.54, 70, 70, 100, 14342, Not Active, Not Active, Not Active
2026/07/17 11:11:54.742, 1192, 877, 134.31, 70, 69, 100, 14342, Not Active, Not Active, Not Active
2026/07/17 11:11:54.793, 1192, 877, 144.79, 70, 70, 100, 14342, Not Active, Not Active, Not Active
2026/07/17 11:11:54.845, 1192, 877, 166.09, 70, 70, 100, 14342, Not Active, Not Active, Not Active
2026/07/17 11:11:54.897, 1192, 877, 194.96, 70, 70, 100, 14342, Not Active, Not Active, Not Active
2026/07/17 11:11:54.951, 1192, 877, 190.78, 70, 69, 100, 14342, Not Active, Not Active, Not Active
2026/07/17 11:11:55.003, 1192, 877, 184.32, 70, 70, 100, 14342, Not Active, Not Active, Not Active
2026/07/17 11:11:55.055, 1192, 877, 169.79, 70, 70, 100, 14342, Not Active, Not Active, Not Active
2026/07/17 11:11:55.107, 1192, 877, 128.06, 70, 70, 100, 14342, Not Active, Not Active, Not Active
2026/07/17 11:11:55.159, 1192, 877, 146.71, 70, 70, 100, 14342, Not Active, Not Active, Not Active
2026/07/17 11:11:55.211, 1192, 877, 171.59, 70, 70, 100, 14342, Not Active, Not Active, Not Active
2026/07/17 11:11:55.262, 1192, 877, 156.77, 70, 69, 100, 14342, Not Active, Not Active, Not Active
2026/07/17 11:11:55.314, 1192, 877, 173.04, 70, 69, 100, 14342, Not Active, Not Active, Not Active
2026/07/17 11:11:55.366, 1192, 877, 130.85, 70, 70, 100, 14342, Not Active, Not Active, Not Active
2026/07/17 11:11:55.418, 1192, 877, 139.12, 70, 69, 100, 14342, Not Active, Not Active, Not Active
2026/07/17 11:11:55.471, 1192, 877, 162.36, 70, 70, 100, 14342, Not Active, Not Active, Not Active
2026/07/17 11:11:55.523, 1192, 877, 201.18, 70, 70, 100, 14342, Not Active, Not Active, Not Active
2026/07/17 11:11:55.575, 1192, 877, 185.63, 70, 69, 100, 14342, Not Active, Not Active, Not Active
2026/07/17 11:11:55.627, 1192, 877, 184.19, 70, 69, 100, 14342, Not Active, Not Active, Not Active
2026/07/17 11:11:55.678, 1192, 877, 161.88, 70, 70, 100, 14342, Not Active, Not Active, Not Active
2026/07/17 11:11:55.732, 1192, 877, 117.63, 70, 70, 100, 14342, Not Active, Not Active, Not Active
2026/07/17 11:11:55.784, 1192, 877, 151.52, 70, 70, 100, 14342, Not Active, Not Active, Not Active
2026/07/17 11:11:55.836, 1192, 877, 176.04, 70, 70, 100, 14342, Not Active, Not Active, Not Active
2026/07/17 11:11:55.888, 1192, 877, 189.92, 70, 69, 100, 14342, Not Active, Not Active, Not Active
2026/07/17 11:11:55.939, 1192, 877, 189.34, 70, 69, 100, 14342, Not Active, Not Active, Not Active
2026/07/17 11:11:55.995, 1192, 877, 174.13, 70, 69, 100, 14342, Not Active, Not Active, Not Active
2026/07/17 11:11:56.046, 1192, 877, 154.78, 70, 70, 100, 14342, Not Active, Not Active, Not Active
2026/07/17 11:11:56.098, 1192, 877, 127.18, 70, 70, 100, 14342, Not Active, Not Active, Not Active
2026/07/17 11:11:56.150, 1192, 877, 154.78, 70, 70, 100, 14342, Not Active, Not Active, Not Active
2026/07/17 11:11:56.202, 1192, 877, 183.36, 70, 70, 100, 14342, Not Active, Not Active, Not Active
2026/07/17 11:11:56.256, 1192, 877, 153.34, 70, 68, 100, 14342, Not Active, Not Active, Not Active
2026/07/17 11:11:56.308, 1192, 877, 159.21, 70, 69, 100, 14342, Not Active, Not Active, Not Active
2026/07/17 11:11:56.360, 1192, 877, 122.93, 70, 70, 100, 14342, Not Active, Not Active, Not Active
2026/07/17 11:11:56.412, 1192, 877, 153.82, 70, 70, 100, 14342, Not Active, Not Active, Not Active
2026/07/17 11:11:56.464, 1192, 877, 182.76, 70, 70, 100, 14342, Not Active, Not Active, Not Active
2026/07/17 11:11:56.518, 1192, 877, 185.74, 70, 70, 100, 14342, Not Active, Not Active, Not Active
2026/07/17 11:11:56.569, 1192, 877, 174.01, 70, 69, 100, 14342, Not Active, Not Active, Not Active
2026/07/17 11:11:56.621, 1192, 877, 168.12, 70, 70, 100, 14342, Not Active, Not Active, Not Active
2026/07/17 11:11:56.675, 1192, 877, 134.79, 70, 69, 100, 14342, Not Active, Not Active, Not Active
2026/07/17 11:11:56.727, 1192, 877, 142.48, 70, 70, 100, 14342, Not Active, Not Active, Not Active
2026/07/17 11:11:56.779, 1192, 877, 165.61, 70, 70, 100, 14342, Not Active, Not Active, Not Active
2026/07/17 11:11:56.831, 1192, 877, 189.21, 70, 70, 100, 14342, Not Active, Not Active, Not Active
2026/07/17 11:11:56.882, 1192, 877, 189.82, 70, 69, 100, 14342, Not Active, Not Active, Not Active
2026/07/17 11:11:56.938, 1192, 877, 178.80, 70, 70, 100, 14342, Not Active, Not Active, Not Active
2026/07/17 11:11:56.990, 1192, 877, 158.04, 70, 70, 100, 14342, Not Active, Not Active, Not Active
2026/07/17 11:11:57.041, 1192, 877, 124.37, 70, 70, 100, 14342, Not Active, Not Active, Not Active
2026/07/17 11:11:57.093, 1192, 877, 155.37, 70, 70, 100, 14342, Not Active, Not Active, Not Active
2026/07/17 11:11:57.145, 1192, 877, 179.40, 70, 70, 100, 14342, Not Active, Not Active, Not Active
2026/07/17 11:11:57.200, 1192, 877, 195.44, 70, 69, 100, 14342, Not Active, Not Active, Not Active
2026/07/17 11:11:57.251, 1192, 877, 103.73, 70, 70, 100, 14342, Not Active, Not Active, Not Active
2026/07/17 11:11:57.303, 1192, 877, 119.00, 70, 69, 100, 14342, Not Active, Not Active, Not Active
2026/07/17 11:11:57.357, 1192, 877, 148.54, 70, 70, 100, 14342, Not Active, Not Active, Not Active
2026/07/17 11:11:57.409, 1192, 877, 177.12, 70, 70, 100, 14342, Not Active, Not Active, Not Active
2026/07/17 11:11:57.461, 1192, 877, 193.52, 70, 69, 100, 14342, Not Active, Not Active, Not Active
2026/07/17 11:11:57.513, 1192, 877, 178.80, 70, 69, 100, 14342, Not Active, Not Active, Not Active
2026/07/17 11:11:57.564, 1192, 877, 166.94, 70, 70, 100, 14342, Not Active, Not Active, Not Active
2026/07/17 11:11:57.619, 1192, 877, 133.92, 70, 70, 100, 14342, Not Active, Not Active, Not Active
2026/07/17 11:11:57.671, 1192, 877, 146.24, 70, 70, 100, 14342, Not Active, Not Active, Not Active
2026/07/17 11:11:57.722, 1192, 877, 172.44, 70, 70, 100, 14342, Not Active, Not Active, Not Active
2026/07/17 11:11:57.774, 1192, 877, 192.34, 70, 70, 100, 14342, Not Active, Not Active, Not Active
2026/07/17 11:11:57.826, 1192, 877, 184.43, 70, 69, 100, 14342, Not Active, Not Active, Not Active
2026/07/17 11:11:57.880, 1192, 877, 174.24, 70, 69, 100, 14342, Not Active, Not Active, Not Active
2026/07/17 11:11:57.932, 1192, 877, 136.23, 70, 69, 100, 14342, Not Active, Not Active, Not Active
2026/07/17 11:11:57.984, 1192, 877, 142.00, 70, 70, 100, 14342, Not Active, Not Active, Not Active
2026/07/17 11:11:58.036, 1192, 877, 165.13, 70, 70, 100, 14342, Not Active, Not Active, Not Active
2026/07/17 11:11:58.087, 1192, 877, 193.26, 70, 70, 100, 14342, Not Active, Not Active, Not Active
2026/07/17 11:11:58.142, 1192, 877, 185.99, 70, 70, 100, 14342, Not Active, Not Active, Not Active
2026/07/17 11:11:58.194, 1192, 877, 177.37, 70, 70, 100, 14342, Not Active, Not Active, Not Active
2026/07/17 11:11:58.245, 1192, 877, 150.94, 71, 69, 100, 14342, Not Active, Not Active, Not Active
2026/07/17 11:11:58.298, 1192, 877, 171.00, 70, 70, 100, 14342, Not Active, Not Active, Not Active
2026/07/17 11:11:58.349, 1192, 877, 196.18, 70, 70, 100, 14342, Not Active, Not Active, Not Active
2026/07/17 11:11:58.403, 1192, 877, 183.00, 70, 69, 100, 14342, Not Active, Not Active, Not Active
2026/07/17 11:11:58.455, 1192, 877, 167.27, 70, 70, 100, 14342, Not Active, Not Active, Not Active
2026/07/17 11:11:58.507, 1192, 877, 125.25, 70, 70, 100, 14342, Not Active, Not Active, Not Active
2026/07/17 11:11:58.559, 1192, 877, 147.68, 70, 70, 100, 14342, Not Active, Not Active, Not Active
2026/07/17 11:11:58.610, 1192, 877, 170.52, 71, 70, 100, 14342, Not Active, Not Active, Not Active
2026/07/17 11:11:58.664, 1192, 877, 187.78, 70, 70, 100, 14342, Not Active, Not Active, Not Active
2026/07/17 11:11:58.716, 1192, 877, 177.84, 70, 69, 100, 14342, Not Active, Not Active, Not Active
2026/07/17 11:11:58.768, 1192, 877, 167.75, 70, 70, 100, 14342, Not Active, Not Active, Not Active
2026/07/17 11:11:58.820, 1192, 877, 121.00, 70, 70, 100, 14342, Not Active, Not Active, Not Active
2026/07/17 11:11:58.872, 1192, 877, 150.08, 70, 70, 100, 14342, Not Active, Not Active, Not Active
2026/07/17 11:11:58.924, 1192, 877, 177.96, 70, 70, 100, 14342, Not Active, Not Active, Not Active
2026/07/17 11:11:58.975, 1192, 877, 183.95, 70, 69, 100, 14342, Not Active, Not Active, Not Active
2026/07/17 11:11:59.027, 1192, 877, 177.37, 70, 69, 100, 14342, Not Active, Not Active, Not Active
2026/07/17 11:11:59.079, 1192, 877, 155.54, 70, 70, 100, 14342, Not Active, Not Active, Not Active
2026/07/17 11:11:59.131, 1192, 877, 121.48, 71, 70, 100, 14342, Not Active, Not Active, Not Active
2026/07/17 11:11:59.183, 1192, 877, 151.42, 71, 70, 100, 14342, Not Active, Not Active, Not Active
2026/07/17 11:11:59.235, 1192, 877, 183.59, 71, 70, 100, 14342, Not Active, Not Active, Not Active
2026/07/17 11:11:59.287, 1192, 877, 147.68, 70, 69, 100, 14342, Not Active, Not Active, Not Active
2026/07/17 11:11:59.339, 1192, 877, 137.10, 70, 70, 100, 14342, Not Active, Not Active, Not Active
2026/07/17 11:11:59.390, 1192, 877, 131.03, 70, 69, 100, 14342, Not Active, Not Active, Not Active
2026/07/17 11:11:59.445, 1192, 877, 161.51, 70, 70, 100, 14342, Not Active, Not Active, Not Active
2026/07/17 11:11:59.496, 1192, 877, 194.00, 70, 70, 100, 14342, Not Active, Not Active, Not Active
2026/07/17 11:11:59.548, 1192, 877, 188.38, 70, 69, 100, 14342, Not Active, Not Active, Not Active
2026/07/17 11:11:59.600, 1192, 877, 168.23, 70, 70, 100, 14342, Not Active, Not Active, Not Active
2026/07/17 11:11:59.652, 1192, 877, 128.62, 71, 70, 100, 14342, Not Active, Not Active, Not Active
2026/07/17 11:11:59.705, 1192, 877, 145.27, 71, 70, 100, 14342, Not Active, Not Active, Not Active
2026/07/17 11:11:59.757, 1192, 877, 170.41, 71, 70, 100, 14342, Not Active, Not Active, Not Active
2026/07/17 11:11:59.809, 1192, 877, 191.61, 71, 70, 100, 14342, Not Active, Not Active, Not Active
2026/07/17 11:11:59.861, 1192, 877, 185.40, 70, 69, 100, 14342, Not Active, Not Active, Not Active
2026/07/17 11:11:59.912, 1192, 877, 154.47, 70, 70, 100, 14342, Not Active, Not Active, Not Active
2026/07/17 11:11:59.966, 1192, 877, 113.78, 70, 70, 100, 14342, Not Active, Not Active, Not Active
2026/07/17 11:12:00.018, 1192, 877, 151.04, 70, 70, 100, 14342, Not Active, Not Active, Not Active
2026/07/17 11:12:00.070, 1192, 877, 189.82, 70, 70, 100, 14342, Not Active, Not Active, Not Active
2026/07/17 11:12:00.121, 1192, 877, 190.30, 70, 69, 100, 14342, Not Active, Not Active, Not Active
2026/07/17 11:12:00.173, 1192, 877, 185.99, 70, 69, 100, 14342, Not Active, Not Active, Not Active
2026/07/17 11:12:00.229, 1192, 877, 156.50, 70, 69, 100, 14342, Not Active, Not Active, Not Active
2026/07/17 11:12:00.281, 1192, 877, 116.67, 71, 69, 100, 14342, Not Active, Not Active, Not Active
2026/07/17 11:12:00.332, 1192, 877, 186.34, 70, 69, 100, 14342, Not Active, Not Active, Not Active
2026/07/17 11:12:00.384, 1192, 877, 182.99, 70, 69, 100, 14342, Not Active, Not Active, Not Active
2026/07/17 11:12:00.436, 1192, 877, 169.81, 70, 69, 100, 14342, Not Active, Not Active, Not Active
2026/07/17 11:12:00.489, 1192, 877, 130.94, 71, 69, 100, 14342, Not Active, Not Active, Not Active
2026/07/17 11:12:00.541, 1192, 877, 146.71, 71, 70, 100, 14342, Not Active, Not Active, Not Active
2026/07/17 11:12:00.593, 1192, 877, 174.61, 71, 70, 100, 14342, Not Active, Not Active, Not Active
2026/07/17 11:12:00.644, 1192, 877, 185.26, 71, 70, 100, 14342, Not Active, Not Active, Not Active
2026/07/17 11:12:00.696, 1192, 877, 182.40, 70, 70, 100, 14342, Not Active, Not Active, Not Active
2026/07/17 11:12:00.751, 1192, 877, 163.06, 70, 70, 100, 14342, Not Active, Not Active, Not Active
2026/07/17 11:12:00.803, 1192, 877, 118.11, 71, 69, 100, 14342, Not Active, Not Active, Not Active
2026/07/17 11:12:00.855, 1192, 877, 153.93, 71, 70, 100, 14342, Not Active, Not Active, Not Active
2026/07/17 11:12:00.906, 1192, 877, 194.48, 71, 70, 100, 14342, Not Active, Not Active, Not Active
2026/07/17 11:12:00.958, 1192, 877, 189.34, 70, 70, 100, 14342, Not Active, Not Active, Not Active
2026/07/17 11:12:01.013, 1192, 877, 176.77, 70, 69, 100, 14342, Not Active, Not Active, Not Active
2026/07/17 11:12:01.064, 1192, 877, 149.12, 70, 69, 100, 14342, Not Active, Not Active, Not Active
2026/07/17 11:12:01.116, 1192, 877, 136.32, 71, 70, 100, 14342, Not Active, Not Active, Not Active
2026/07/17 11:12:01.168, 1192, 877, 166.20, 71, 70, 100, 14342, Not Active, Not Active, Not Active
2026/07/17 11:12:01.220, 1192, 877, 196.53, 71, 70, 100, 14342, Not Active, Not Active, Not Active
2026/07/17 11:12:01.274, 1192, 877, 182.63, 71, 70, 100, 14342, Not Active, Not Active, Not Active
2026/07/17 11:12:01.325, 1192, 877, 104.70, 71, 69, 100, 14342, Not Active, Not Active, Not Active
2026/07/17 11:12:01.378, 1192, 877, 147.20, 70, 70, 100, 14342, Not Active, Not Active, Not Active
2026/07/17 11:12:01.432, 1192, 877, 178.56, 71, 70, 100, 14342, Not Active, Not Active, Not Active
2026/07/17 11:12:01.483, 1192, 877, 185.74, 71, 70, 100, 14342, Not Active, Not Active, Not Active
2026/07/17 11:12:01.535, 1192, 877, 181.44, 70, 69, 100, 14342, Not Active, Not Active, Not Active
2026/07/17 11:12:01.587, 1192, 877, 141.33, 70, 69, 100, 14342, Not Active, Not Active, Not Active
2026/07/17 11:12:01.639, 1192, 877, 133.83, 71, 70, 100, 14342, Not Active, Not Active, Not Active
2026/07/17 11:12:01.692, 1192, 877, 161.88, 71, 70, 100, 14342, Not Active, Not Active, Not Active
2026/07/17 11:12:01.744, 1192, 877, 193.52, 70, 70, 100, 14342, Not Active, Not Active, Not Active
2026/07/17 11:12:01.796, 1192, 877, 185.88, 70, 69, 100, 14342, Not Active, Not Active, Not Active
2026/07/17 11:12:01.848, 1192, 877, 158.73, 70, 69, 100, 14342, Not Active, Not Active, Not Active
2026/07/17 11:12:01.900, 1192, 877, 115.70, 70, 69, 100, 14342, Not Active, Not Active, Not Active
2026/07/17 11:12:01.953, 1192, 877, 150.94, 71, 70, 100, 14342, Not Active, Not Active, Not Active
2026/07/17 11:12:02.005, 1192, 877, 195.09, 71, 70, 100, 14342, Not Active, Not Active, Not Active
2026/07/17 11:12:02.057, 1192, 877, 187.90, 71, 70, 100, 14342, Not Active, Not Active, Not Active
2026/07/17 11:12:02.108, 1192, 877, 170.77, 71, 69, 100, 14342, Not Active, Not Active, Not Active
2026/07/17 11:12:02.160, 1192, 877, 132.30, 71, 69, 100, 14342, Not Active, Not Active, Not Active
2026/07/17 11:12:02.214, 1192, 877, 142.96, 71, 70, 100, 14342, Not Active, Not Active, Not Active
2026/07/17 11:12:02.266, 1192, 877, 167.53, 71, 70, 100, 14342, Not Active, Not Active, Not Active
2026/07/17 11:12:02.318, 1192, 877, 195.35, 70, 70, 100, 14342, Not Active, Not Active, Not Active
2026/07/17 11:12:02.369, 1192, 877, 124.21, 70, 70, 100, 14342, Not Active, Not Active, Not Active
2026/07/17 11:12:02.421, 1192, 877, 199.27, 71, 71, 97, 14342, Not Active, Not Active, Not Active
2026/07/17 11:12:02.478, 1192, 877, 201.18, 71, 71, 97, 14342, Not Active, Not Active, Not Active
2026/07/17 11:12:02.530, 1192, 877, 193.04, 71, 71, 97, 14342, Not Active, Not Active, Not Active
2026/07/17 11:12:02.581, 1192, 877, 201.66, 71, 71, 100, 14342, Not Active, Not Active, Not Active
2026/07/17 11:12:02.633, 1192, 877, 192.44, 71, 71, 100, 14342, Not Active, Not Active, Not Active
2026/07/17 11:12:02.685, 1192, 877, 205.49, 71, 72, 100, 14342, Not Active, Not Active, Not Active
2026/07/17 11:12:02.739, 1192, 877, 198.92, 72, 72, 100, 14342, Not Active, Not Active, Not Active
2026/07/17 11:12:02.791, 1192, 877, 196.53, 72, 72, 100, 14342, Not Active, Not Active, Not Active
2026/07/17 11:12:02.843, 1192, 877, 195.57, 72, 72, 100, 14342, Not Active, Not Active, Not Active
2026/07/17 11:12:02.900, 1192, 877, 201.66, 72, 72, 100, 14342, Not Active, Not Active, Not Active
2026/07/17 11:12:02.951, 1192, 877, 200.84, 72, 72, 100, 14342, Not Active, Not Active, Not Active
2026/07/17 11:12:03.003, 1192, 877, 187.90, 72, 71, 100, 14342, Not Active, Not Active, Not Active
2026/07/17 11:12:03.059, 1192, 877, 202.62, 72, 72, 100, 14342, Not Active, Not Active, Not Active
2026/07/17 11:12:03.111, 1192, 877, 200.09, 72, 72, 100, 14342, Not Active, Not Active, Not Active
2026/07/17 11:12:03.163, 1192, 877, 202.14, 72, 72, 100, 14342, Not Active, Not Active, Not Active
2026/07/17 11:12:03.215, 1192, 877, 205.01, 72, 72, 100, 14342, Not Active, Not Active, Not Active
2026/07/17 11:12:03.267, 1192, 877, 194.96, 72, 72, 100, 14342, Not Active, Not Active, Not Active
2026/07/17 11:12:03.321, 1192, 877, 198.18, 72, 72, 100, 14342, Not Active, Not Active, Not Active
2026/07/17 11:12:03.372, 1192, 877, 200.91, 72, 72, 100, 14342, Not Active, Not Active, Not Active
2026/07/17 11:12:03.424, 1192, 877, 198.44, 72, 72, 100, 14342, Not Active, Not Active, Not Active
2026/07/17 11:12:03.476, 1192, 877, 197.09, 72, 72, 100, 14342, Not Active, Not Active, Not Active
2026/07/17 11:12:03.528, 1192, 877, 194.70, 72, 72, 100, 14342, Not Active, Not Active, Not Active
2026/07/17 11:12:03.581, 1192, 877, 194.00, 72, 72, 100, 14342, Not Active, Not Active, Not Active
2026/07/17 11:12:03.633, 1192, 877, 176.28, 72, 72, 100, 14342, Not Active, Not Active, Not Active
2026/07/17 11:12:03.685, 1192, 877, 202.96, 72, 72, 100, 14342, Not Active, Not Active, Not Active
2026/07/17 11:12:03.737, 1192, 877, 202.00, 72, 72, 100, 14342, Not Active, Not Active, Not Active
2026/07/17 11:12:03.789, 1192, 877, 188.61, 72, 72, 100, 14342, Not Active, Not Active, Not Active
2026/07/17 11:12:03.843, 1192, 877, 199.61, 72, 72, 100, 14342, Not Active, Not Active, Not Active
2026/07/17 11:12:03.895, 1192, 877, 197.09, 72, 72, 100, 14342, Not Active, Not Active, Not Active
2026/07/17 11:12:03.946, 1192, 877, 195.57, 72, 72, 100, 14342, Not Active, Not Active, Not Active
2026/07/17 11:12:03.998, 1192, 877, 197.96, 72, 72, 100, 14342, Not Active, Not Active, Not Active
2026/07/17 11:12:04.050, 1192, 877, 197.70, 72, 72, 100, 14342, Not Active, Not Active, Not Active
2026/07/17 11:12:04.104, 1192, 877, 197.96, 72, 72, 100, 14342, Not Active, Not Active, Not Active
2026/07/17 11:12:04.156, 1192, 877, 200.23, 72, 72, 100, 14342, Not Active, Not Active, Not Active
2026/07/17 11:12:04.207, 1192, 877, 193.74, 72, 72, 100, 14342, Not Active, Not Active, Not Active
2026/07/17 11:12:04.260, 1192, 877, 193.52, 72, 72, 100, 14342, Not Active, Not Active, Not Active
2026/07/17 11:12:04.312, 1192, 877, 198.31, 72, 72, 100, 14342, Not Active, Not Active, Not Active
2026/07/17 11:12:04.365, 1192, 877, 199.61, 72, 72, 100, 14342, Not Active, Not Active, Not Active
2026/07/17 11:12:04.417, 1192, 877, 195.92, 72, 72, 100, 14342, Not Active, Not Active, Not Active
2026/07/17 11:12:04.469, 1192, 877, 198.92, 72, 72, 100, 14342, Not Active, Not Active, Not Active
2026/07/17 11:12:04.521, 1192, 877, 192.21, 72, 72, 100, 14342, Not Active, Not Active, Not Active
2026/07/17 11:12:04.572, 1192, 877, 195.31, 72, 73, 100, 14342, Not Active, Not Active, Not Active
2026/07/17 11:12:04.626, 1192, 877, 194.13, 72, 72, 100, 14342, Not Active, Not Active, Not Active
2026/07/17 11:12:04.677, 1192, 877, 194.13, 72, 73, 100, 14342, Not Active, Not Active, Not Active
2026/07/17 11:12:04.729, 1192, 877, 199.61, 72, 72, 100, 14342, Not Active, Not Active, Not Active
2026/07/17 11:12:04.781, 1192, 877, 190.65, 72, 72, 100, 14342, Not Active, Not Active, Not Active
2026/07/17 11:12:04.833, 1192, 877, 188.26, 72, 73, 100, 14342, Not Active, Not Active, Not Active
2026/07/17 11:12:04.887, 1192, 877, 202.62, 72, 72, 100, 14342, Not Active, Not Active, Not Active
2026/07/17 11:12:04.939, 1192, 877, 197.62, 72, 72, 100, 14342, Not Active, Not Active, Not Active
2026/07/17 11:12:04.990, 1192, 877, 194.87, 72, 73, 100, 14342, Not Active, Not Active, Not Active
2026/07/17 11:12:05.043, 1192, 877, 196.26, 72, 72, 100, 14342, Not Active, Not Active, Not Active
2026/07/17 11:12:05.094, 1192, 877, 199.13, 72, 73, 100, 14342, Not Active, Not Active, Not Active
2026/07/17 11:12:05.148, 1192, 877, 206.45, 72, 73, 100, 14342, Not Active, Not Active, Not Active
2026/07/17 11:12:05.200, 1192, 877, 196.53, 72, 73, 100, 14342, Not Active, Not Active, Not Active
2026/07/17 11:12:05.251, 1192, 877, 192.91, 73, 72, 100, 14342, Not Active, Not Active, Not Active
2026/07/17 11:12:05.303, 1192, 877, 200.36, 72, 73, 100, 14342, Not Active, Not Active, Not Active
2026/07/17 11:12:05.355, 1192, 877, 190.17, 72, 72, 100, 14342, Not Active, Not Active, Not Active
2026/07/17 11:12:05.409, 1192, 877, 194.35, 72, 73, 100, 14342, Not Active, Not Active, Not Active
2026/07/17 11:12:05.461, 1192, 877, 200.36, 72, 73, 100, 14342, Not Active, Not Active, Not Active
2026/07/17 11:12:05.513, 1192, 877, 204.67, 73, 73, 100, 14342, Not Active, Not Active, Not Active
2026/07/17 11:12:05.565, 1192, 877, 165.72, 73, 73, 100, 14342, Not Active, Not Active, Not Active
2026/07/17 11:12:05.617, 1192, 877, 200.97, 72, 72, 100, 14342, Not Active, Not Active, Not Active
2026/07/17 11:12:05.670, 1192, 877, 200.23, 72, 73, 100, 14342, Not Active, Not Active, Not Active
2026/07/17 11:12:05.722, 1192, 877, 197.70, 73, 73, 100, 14342, Not Active, Not Active, Not Active
2026/07/17 11:12:05.773, 1192, 877, 191.61, 72, 73, 100, 14342, Not Active, Not Active, Not Active
2026/07/17 11:12:05.825, 1192, 877, 198.52, 73, 72, 100, 14342, Not Active, Not Active, Not Active
2026/07/17 11:12:05.877, 1192, 877, 202.00, 73, 73, 100, 14342, Not Active, Not Active, Not Active
2026/07/17 11:12:05.932, 1192, 877, 185.63, 73, 73, 100, 14342, Not Active, Not Active, Not Active
2026/07/17 11:12:05.983, 1192, 877, 199.27, 73, 73, 100, 14342, Not Active, Not Active, Not Active
2026/07/17 11:12:06.035, 1192, 877, 200.23, 73, 73, 100, 14342, Not Active, Not Active, Not Active
2026/07/17 11:12:06.092, 1192, 877, 193.43, 73, 73, 100, 14342, Not Active, Not Active, Not Active
2026/07/17 11:12:06.143, 1192, 877, 197.01, 73, 73, 100, 14342, Not Active, Not Active, Not Active
2026/07/17 11:12:06.195, 1192, 877, 192.91, 73, 73, 100, 14342, Not Active, Not Active, Not Active
2026/07/17 11:12:06.252, 1192, 877, 187.65, 72, 73, 100, 14342, Not Active, Not Active, Not Active
2026/07/17 11:12:06.304, 1192, 877, 179.16, 73, 73, 100, 14342, Not Active, Not Active, Not Active
2026/07/17 11:12:06.355, 1192, 877, 186.34, 73, 73, 100, 14342, Not Active, Not Active, Not Active
2026/07/17 11:12:06.407, 1192, 877, 201.18, 73, 73, 100, 14342, Not Active, Not Active, Not Active
2026/07/17 11:12:06.459, 1192, 877, 197.09, 73, 73, 100, 14342, Not Active, Not Active, Not Active
2026/07/17 11:12:06.514, 1192, 877, 186.82, 73, 73, 100, 14342, Not Active, Not Active, Not Active
2026/07/17 11:12:06.566, 1192, 877, 189.57, 73, 73, 100, 14342, Not Active, Not Active, Not Active
2026/07/17 11:12:06.617, 1192, 877, 200.09, 73, 73, 100, 14342, Not Active, Not Active, Not Active
2026/07/17 11:12:06.674, 1192, 877, 183.47, 73, 73, 100, 14342, Not Active, Not Active, Not Active
2026/07/17 11:12:06.726, 1192, 877, 186.70, 73, 73, 100, 14342, Not Active, Not Active, Not Active
2026/07/17 11:12:06.778, 1192, 877, 196.66, 73, 73, 100, 14342, Not Active, Not Active, Not Active
2026/07/17 11:12:06.834, 1192, 877, 202.14, 73, 73, 100, 14342, Not Active, Not Active, Not Active
2026/07/17 11:12:06.886, 1192, 877, 186.47, 73, 73, 100, 14342, Not Active, Not Active, Not Active
2026/07/17 11:12:06.938, 1192, 877, 195.22, 73, 73, 100, 14342, Not Active, Not Active, Not Active
2026/07/17 11:12:06.990, 1192, 877, 189.82, 73, 73, 100, 14342, Not Active, Not Active, Not Active
2026/07/17 11:12:07.041, 1192, 877, 192.44, 73, 73, 100, 14342, Not Active, Not Active, Not Active
2026/07/17 11:12:07.095, 1192, 877, 180.36, 73, 73, 100, 14342, Not Active, Not Active, Not Active
2026/07/17 11:12:07.147, 1192, 877, 187.53, 73, 73, 100, 14342, Not Active, Not Active, Not Active
2026/07/17 11:12:07.199, 1192, 877, 200.23, 73, 73, 100, 14342, Not Active, Not Active, Not Active
2026/07/17 11:12:07.256, 1192, 877, 203.23, 73, 73, 100, 14342, Not Active, Not Active, Not Active
2026/07/17 11:12:07.307, 1192, 877, 185.51, 73, 73, 100, 14342, Not Active, Not Active, Not Active
2026/07/17 11:12:07.359, 1192, 877, 193.17, 73, 73, 100, 14342, Not Active, Not Active, Not Active
2026/07/17 11:12:07.411, 1192, 877, 195.44, 73, 73, 100, 14342, Not Active, Not Active, Not Active
2026/07/17 11:12:07.463, 1192, 877, 201.05, 73, 73, 100, 14342, Not Active, Not Active, Not Active
2026/07/17 11:12:07.517, 1192, 877, 186.70, 73, 73, 100, 14342, Not Active, Not Active, Not Active
2026/07/17 11:12:07.569, 1192, 877, 156.81, 73, 73, 100, 14342, Not Active, Not Active, Not Active
2026/07/17 11:12:07.621, 1192, 877, 196.66, 73, 73, 100, 14342, Not Active, Not Active, Not Active
2026/07/17 11:12:07.677, 1192, 877, 203.58, 73, 73, 100, 14342, Not Active, Not Active, Not Active
2026/07/17 11:12:07.729, 1192, 877, 181.32, 73, 73, 100, 14342, Not Active, Not Active, Not Active
2026/07/17 11:12:07.781, 1192, 877, 194.96, 73, 73, 100, 14342, Not Active, Not Active, Not Active
2026/07/17 11:12:07.833, 1192, 877, 188.96, 73, 73, 100, 14342, Not Active, Not Active, Not Active
2026/07/17 11:12:07.885, 1192, 877, 197.48, 73, 73, 100, 14342, Not Active, Not Active, Not Active
2026/07/17 11:12:07.938, 1192, 877, 183.96, 73, 73, 100, 14342, Not Active, Not Active, Not Active
2026/07/17 11:12:07.990, 1192, 877, 193.17, 73, 73, 100, 14342, Not Active, Not Active, Not Active
2026/07/17 11:12:08.042, 1192, 877, 199.88, 73, 73, 100, 14342, Not Active, Not Active, Not Active
2026/07/17 11:12:08.094, 1192, 877, 198.66, 73, 73, 100, 14342, Not Active, Not Active, Not Active
2026/07/17 11:12:08.146, 1192, 877, 193.65, 73, 73, 100, 14342, Not Active, Not Active, Not Active
2026/07/17 11:12:08.199, 1192, 877, 185.86, 73, 73, 100, 14342, Not Active, Not Active, Not Active
2026/07/17 11:12:08.251, 1192, 877, 164.39, 73, 73, 100, 14342, Not Active, Not Active, Not Active
2026/07/17 11:12:08.303, 1192, 877, 202.00, 73, 73, 100, 14342, Not Active, Not Active, Not Active
2026/07/17 11:12:08.355, 1192, 877, 197.83, 73, 73, 100, 14342, Not Active, Not Active, Not Active
2026/07/17 11:12:08.407, 1192, 877, 175.09, 73, 73, 100, 14342, Not Active, Not Active, Not Active
2026/07/17 11:12:08.460, 1192, 877, 186.82, 73, 73, 100, 14342, Not Active, Not Active, Not Active
2026/07/17 11:12:08.512, 1192, 877, 197.96, 73, 73, 100, 14342, Not Active, Not Active, Not Active
2026/07/17 11:12:08.563, 1192, 877, 202.27, 73, 73, 100, 14342, Not Active, Not Active, Not Active
2026/07/17 11:12:08.616, 1192, 877, 197.35, 73, 73, 100, 14342, Not Active, Not Active, Not Active
2026/07/17 11:12:08.667, 1192, 877, 196.31, 73, 73, 100, 14342, Not Active, Not Active, Not Active
2026/07/17 11:12:08.729, 1192, 877, 194.87, 73, 73, 100, 14342, Not Active, Not Active, Not Active
2026/07/17 11:12:08.780, 1192, 877, 189.21, 73, 73, 100, 14342, Not Active, Not Active, Not Active
2026/07/17 11:12:08.832, 1192, 877, 176.04, 73, 73, 100, 14342, Not Active, Not Active, Not Active
2026/07/17 11:12:08.888, 1192, 877, 186.82, 73, 73, 100, 14342, Not Active, Not Active, Not Active
2026/07/17 11:12:08.940, 1192, 877, 171.85, 73, 73, 100, 14342, Not Active, Not Active, Not Active
2026/07/17 11:12:08.992, 1192, 877, 198.31, 73, 73, 100, 14342, Not Active, Not Active, Not Active
2026/07/17 11:12:09.048, 1192, 877, 195.79, 73, 73, 100, 14342, Not Active, Not Active, Not Active
2026/07/17 11:12:09.100, 1192, 877, 179.88, 73, 73, 100, 14342, Not Active, Not Active, Not Active
2026/07/17 11:12:09.152, 1192, 877, 184.43, 73, 73, 100, 14342, Not Active, Not Active, Not Active
2026/07/17 11:12:09.204, 1192, 877, 192.21, 73, 73, 100, 14342, Not Active, Not Active, Not Active
2026/07/17 11:12:09.256, 1192, 877, 200.84, 73, 73, 100, 14342, Not Active, Not Active, Not Active
2026/07/17 11:12:09.309, 1192, 877, 185.15, 73, 73, 100, 14342, Not Active, Not Active, Not Active
2026/07/17 11:12:09.360, 1192, 877, 189.34, 73, 73, 100, 14342, Not Active, Not Active, Not Active
2026/07/17 11:12:09.412, 1192, 877, 187.65, 73, 73, 100, 14342, Not Active, Not Active, Not Active
2026/07/17 11:12:09.464, 1192, 877, 191.48, 73, 73, 100, 14342, Not Active, Not Active, Not Active
2026/07/17 11:12:09.516, 1192, 877, 198.79, 73, 73, 100, 14342, Not Active, Not Active, Not Active
2026/07/17 11:12:09.570, 1192, 877, 172.69, 73, 73, 100, 14342, Not Active, Not Active, Not Active
2026/07/17 11:12:09.622, 1192, 877, 140.47, 73, 73, 100, 14342, Not Active, Not Active, Not Active
2026/07/17 11:12:09.674, 1192, 877, 188.51, 73, 73, 100, 14342, Not Active, Not Active, Not Active
2026/07/17 11:12:09.726, 1192, 877, 191.61, 73, 73, 100, 14342, Not Active, Not Active, Not Active
2026/07/17 11:12:09.778, 1192, 877, 196.05, 73, 73, 100, 14342, Not Active, Not Active, Not Active
2026/07/17 11:12:09.831, 1192, 877, 179.52, 73, 73, 100, 14342, Not Active, Not Active, Not Active
2026/07/17 11:12:09.883, 1192, 877, 182.40, 73, 73, 100, 14342, Not Active, Not Active, Not Active
2026/07/17 11:12:09.935, 1192, 877, 186.22, 73, 74, 100, 14342, Not Active, Not Active, Not Active
2026/07/17 11:12:09.987, 1192, 877, 195.09, 73, 73, 100, 14342, Not Active, Not Active, Not Active
2026/07/17 11:12:10.039, 1192, 877, 195.57, 73, 73, 100, 14342, Not Active, Not Active, Not Active
2026/07/17 11:12:10.093, 1192, 877, 168.01, 73, 73, 100, 14342, Not Active, Not Active, Not Active
2026/07/17 11:12:10.145, 1192, 877, 181.68, 73, 73, 100, 14342, Not Active, Not Active, Not Active
2026/07/17 11:12:10.197, 1192, 877, 188.13, 73, 73, 100, 14342, Not Active, Not Active, Not Active
2026/07/17 11:12:10.253, 1192, 877, 197.75, 73, 73, 100, 14342, Not Active, Not Active, Not Active
2026/07/17 11:12:10.305, 1192, 877, 198.66, 73, 73, 100, 14342, Not Active, Not Active, Not Active
2026/07/17 11:12:10.356, 1192, 877, 188.03, 73, 73, 100, 14342, Not Active, Not Active, Not Active
2026/07/17 11:12:10.409, 1192, 877, 173.65, 73, 73, 100, 14342, Not Active, Not Active, Not Active
2026/07/17 11:12:10.460, 1192, 877, 182.63, 73, 74, 100, 14342, Not Active, Not Active, Not Active
2026/07/17 11:12:10.513, 1192, 877, 194.61, 73, 73, 100, 14342, Not Active, Not Active, Not Active
2026/07/17 11:12:10.565, 1192, 877, 196.53, 73, 74, 100, 14342, Not Active, Not Active, Not Active
2026/07/17 11:12:10.617, 1192, 877, 194.22, 73, 73, 100, 14342, Not Active, Not Active, Not Active
2026/07/17 11:12:10.669, 1192, 877, 168.38, 73, 73, 100, 14342, Not Active, Not Active, Not Active
2026/07/17 11:12:10.720, 1192, 877, 174.97, 73, 73, 100, 14342, Not Active, Not Active, Not Active
2026/07/17 11:12:10.774, 1192, 877, 189.95, 73, 73, 100, 14342, Not Active, Not Active, Not Active
2026/07/17 11:12:10.826, 1192, 877, 198.31, 73, 73, 100, 14342, Not Active, Not Active, Not Active
2026/07/17 11:12:10.878, 1192, 877, 198.66, 73, 73, 100, 14342, Not Active, Not Active, Not Active
2026/07/17 11:12:10.929, 1192, 877, 169.45, 73, 74, 100, 14342, Not Active, Not Active, Not Active
2026/07/17 11:12:10.981, 1192, 877, 187.20, 73, 74, 100, 14342, Not Active, Not Active, Not Active
2026/07/17 11:12:11.035, 1192, 877, 159.69, 73, 73, 100, 14342, Not Active, Not Active, Not Active
2026/07/17 11:12:11.087, 1192, 877, 188.96, 73, 73, 100, 14342, Not Active, Not Active, Not Active
2026/07/17 11:12:11.139, 1192, 877, 195.57, 73, 73, 100, 14342, Not Active, Not Active, Not Active
2026/07/17 11:12:11.191, 1192, 877, 196.40, 73, 73, 100, 14342, Not Active, Not Active, Not Active
2026/07/17 11:12:11.243, 1192, 877, 166.57, 73, 74, 100, 14342, Not Active, Not Active, Not Active
2026/07/17 11:12:11.296, 1192, 877, 182.15, 73, 73, 100, 14342, Not Active, Not Active, Not Active
2026/07/17 11:12:11.348, 1192, 877, 188.38, 73, 73, 100, 14342, Not Active, Not Active, Not Active
2026/07/17 11:12:11.400, 1192, 877, 189.21, 73, 73, 100, 14342, Not Active, Not Active, Not Active
2026/07/17 11:12:11.451, 1192, 877, 194.61, 73, 73, 100, 14342, Not Active, Not Active, Not Active
2026/07/17 11:12:11.503, 1192, 877, 180.36, 73, 73, 100, 14342, Not Active, Not Active, Not Active
2026/07/17 11:12:11.558, 1192, 877, 181.92, 73, 74, 100, 14342, Not Active, Not Active, Not Active
2026/07/17 11:12:11.610, 1192, 877, 182.03, 73, 74, 100, 14342, Not Active, Not Active, Not Active
2026/07/17 11:12:11.662, 1192, 877, 192.47, 73, 73, 100, 14342, Not Active, Not Active, Not Active
2026/07/17 11:12:11.714, 1192, 877, 197.01, 73, 74, 100, 14342, Not Active, Not Active, Not Active
2026/07/17 11:12:11.765, 1192, 877, 188.03, 73, 73, 100, 14342, Not Active, Not Active, Not Active
2026/07/17 11:12:11.819, 1192, 877, 185.99, 73, 73, 100, 14342, Not Active, Not Active, Not Active
2026/07/17 11:12:11.870, 1192, 877, 167.42, 73, 74, 100, 14342, Not Active, Not Active, Not Active
2026/07/17 11:12:11.922, 1192, 877, 176.29, 73, 74, 100, 14342, Not Active, Not Active, Not Active
2026/07/17 11:12:11.974, 1192, 877, 185.03, 73, 73, 100, 14342, Not Active, Not Active, Not Active
2026/07/17 11:12:12.026, 1192, 877, 195.22, 73, 73, 100, 14342, Not Active, Not Active, Not Active
2026/07/17 11:12:12.079, 1192, 877, 195.92, 73, 73, 100, 14342, Not Active, Not Active, Not Active
2026/07/17 11:12:12.131, 1192, 877, 187.07, 73, 74, 100, 14342, Not Active, Not Active, Not Active
2026/07/17 11:12:12.183, 1192, 877, 172.80, 73, 74, 100, 14342, Not Active, Not Active, Not Active
2026/07/17 11:12:12.235, 1192, 877, 189.72, 73, 74, 100, 14342, Not Active, Not Active, Not Active
2026/07/17 11:12:12.287, 1192, 877, 193.04, 73, 73, 100, 14342, Not Active, Not Active, Not Active
2026/07/17 11:12:12.341, 1192, 877, 193.87, 73, 73, 100, 14342, Not Active, Not Active, Not Active
2026/07/17 11:12:12.393, 1192, 877, 196.87, 73, 73, 100, 14342, Not Active, Not Active, Not Active
2026/07/17 11:12:12.444, 1192, 877, 180.00, 73, 74, 100, 14342, Not Active, Not Active, Not Active
2026/07/17 11:12:12.497, 1192, 877, 163.32, 73, 73, 100, 14342, Not Active, Not Active, Not Active
2026/07/17 11:12:12.548, 1192, 877, 179.40, 73, 74, 100, 14342, Not Active, Not Active, Not Active
2026/07/17 11:12:12.600, 1192, 877, 178.80, 73, 73, 100, 14342, Not Active, Not Active, Not Active
2026/07/17 11:12:12.652, 1192, 877, 193.52, 73, 73, 100, 14342, Not Active, Not Active, Not Active
2026/07/17 11:12:12.704, 1192, 877, 194.48, 73, 73, 100, 14342, Not Active, Not Active, Not Active
2026/07/17 11:12:12.756, 1192, 877, 194.00, 73, 74, 100, 14342, Not Active, Not Active, Not Active
2026/07/17 11:12:12.808, 1192, 877, 173.88, 74, 74, 100, 14342, Not Active, Not Active, Not Active
2026/07/17 11:12:12.862, 1192, 877, 174.72, 73, 74, 100, 14342, Not Active, Not Active, Not Active
2026/07/17 11:12:12.914, 1192, 877, 185.38, 74, 74, 100, 14342, Not Active, Not Active, Not Active
2026/07/17 11:12:12.966, 1192, 877, 189.34, 73, 73, 100, 14342, Not Active, Not Active, Not Active
2026/07/17 11:12:13.018, 1192, 877, 194.00, 74, 73, 100, 14342, Not Active, Not Active, Not Active
2026/07/17 11:12:13.070, 1192, 877, 196.87, 73, 74, 100, 14342, Not Active, Not Active, Not Active
2026/07/17 11:12:13.124, 1192, 877, 175.09, 73, 74, 100, 14342, Not Active, Not Active, Not Active
2026/07/17 11:12:13.176, 1192, 877, 171.25, 73, 74, 100, 14342, Not Active, Not Active, Not Active
2026/07/17 11:12:13.228, 1192, 877, 177.48, 73, 74, 100, 14342, Not Active, Not Active, Not Active
2026/07/17 11:12:13.282, 1192, 877, 179.28, 73, 74, 100, 14342, Not Active, Not Active, Not Active
2026/07/17 11:12:13.334, 1192, 877, 187.55, 73, 73, 100, 14342, Not Active, Not Active, Not Active
2026/07/17 11:12:13.386, 1192, 877, 194.13, 73, 73, 100, 14342, Not Active, Not Active, Not Active
2026/07/17 11:12:13.437, 1192, 877, 197.01, 73, 74, 100, 14342, Not Active, Not Active, Not Active
2026/07/17 11:12:13.489, 1192, 877, 181.44, 73, 74, 100, 14342, Not Active, Not Active, Not Active
2026/07/17 11:12:13.546, 1192, 877, 175.20, 73, 74, 100, 14342, Not Active, Not Active, Not Active
2026/07/17 11:12:13.598, 1192, 877, 188.63, 73, 74, 100, 14342, Not Active, Not Active, Not Active
2026/07/17 11:12:13.649, 1192, 877, 191.96, 73, 73, 100, 14342, Not Active, Not Active, Not Active
2026/07/17 11:12:13.706, 1192, 877, 192.91, 74, 74, 100, 14342, Not Active, Not Active, Not Active
2026/07/17 11:12:13.759, 1192, 877, 191.13, 73, 74, 100, 14342, Not Active, Not Active, Not Active
2026/07/17 11:12:13.810, 1192, 877, 163.69, 74, 74, 100, 14342, Not Active, Not Active, Not Active
2026/07/17 11:12:13.866, 1192, 877, 183.24, 74, 74, 100, 14342, Not Active, Not Active, Not Active
2026/07/17 11:12:13.918, 1192, 877, 125.73, 73, 73, 100, 14342, Not Active, Not Active, Not Active
2026/07/17 11:12:13.969, 1192, 877, 184.67, 73, 74, 100, 14342, Not Active, Not Active, Not Active
2026/07/17 11:12:14.021, 1192, 877, 184.78, 73, 73, 100, 14342, Not Active, Not Active, Not Active
2026/07/17 11:12:14.073, 1192, 877, 197.96, 73, 74, 100, 14342, Not Active, Not Active, Not Active
2026/07/17 11:12:14.128, 1192, 877, 198.10, 74, 74, 100, 14342, Not Active, Not Active, Not Active
2026/07/17 11:12:14.179, 1192, 877, 186.95, 73, 74, 100, 14342, Not Active, Not Active, Not Active
2026/07/17 11:12:14.231, 1192, 877, 159.59, 74, 74, 100, 14342, Not Active, Not Active, Not Active
2026/07/17 11:12:14.283, 1192, 877, 174.97, 74, 74, 100, 14342, Not Active, Not Active, Not Active
2026/07/17 11:12:14.335, 1192, 877, 182.76, 73, 73, 100, 14342, Not Active, Not Active, Not Active
2026/07/17 11:12:14.388, 1192, 877, 188.63, 74, 74, 100, 14342, Not Active, Not Active, Not Active
2026/07/17 11:12:14.440, 1192, 877, 197.01, 73, 74, 100, 14342, Not Active, Not Active, Not Active
2026/07/17 11:12:14.492, 1192, 877, 193.17, 73, 74, 100, 14342, Not Active, Not Active, Not Active
2026/07/17 11:12:14.544, 1192, 877, 188.74, 74, 74, 100, 14342, Not Active, Not Active, Not Active
2026/07/17 11:12:14.596, 1192, 877, 157.56, 74, 74, 100, 14342, Not Active, Not Active, Not Active
2026/07/17 11:12:14.649, 1192, 877, 170.41, 74, 74, 100, 14342, Not Active, Not Active, Not Active
2026/07/17 11:12:14.701, 1192, 877, 177.60, 73, 74, 100, 14342, Not Active, Not Active, Not Active
2026/07/17 11:12:14.753, 1192, 877, 183.48, 73, 73, 100, 14342, Not Active, Not Active, Not Active
2026/07/17 11:12:14.805, 1192, 877, 186.47, 74, 74, 100, 14342, Not Active, Not Active, Not Active
2026/07/17 11:12:14.857, 1192, 877, 196.66, 73, 74, 100, 14342, Not Active, Not Active, Not Active
2026/07/17 11:12:14.911, 1192, 877, 199.40, 74, 74, 100, 14342, Not Active, Not Active, Not Active
2026/07/17 11:12:14.963, 1192, 877, 202.62, 74, 74, 100, 14342, Not Active, Not Active, Not Active
2026/07/17 11:12:15.014, 1192, 877, 177.96, 74, 74, 100, 14342, Not Active, Not Active, Not Active
2026/07/17 11:12:15.066, 1192, 877, 165.24, 74, 74, 100, 14342, Not Active, Not Active, Not Active
2026/07/17 11:12:15.118, 1192, 877, 180.12, 73, 73, 100, 14342, Not Active, Not Active, Not Active
2026/07/17 11:12:15.171, 1192, 877, 185.88, 74, 73, 100, 14342, Not Active, Not Active, Not Active
2026/07/17 11:12:15.223, 1192, 877, 192.69, 74, 74, 100, 14342, Not Active, Not Active, Not Active
2026/07/17 11:12:15.274, 1192, 877, 197.48, 74, 74, 100, 14342, Not Active, Not Active, Not Active
2026/07/17 11:12:15.326, 1192, 877, 197.01, 74, 74, 100, 14342, Not Active, Not Active, Not Active
2026/07/17 11:12:15.378, 1192, 877, 184.19, 74, 74, 100, 14342, Not Active, Not Active, Not Active
2026/07/17 11:12:15.433, 1192, 877, 182.28, 73, 74, 100, 14342, Not Active, Not Active, Not Active
2026/07/17 11:12:15.485, 1192, 877, 159.59, 74, 74, 100, 14342, Not Active, Not Active, Not Active
2026/07/17 11:12:15.537, 1192, 877, 171.00, 74, 74, 100, 14342, Not Active, Not Active, Not Active
2026/07/17 11:12:15.589, 1192, 877, 181.32, 74, 74, 100, 14342, Not Active, Not Active, Not Active
2026/07/17 11:12:15.641, 1192, 877, 179.76, 74, 73, 100, 14342, Not Active, Not Active, Not Active
2026/07/17 11:12:15.693, 1192, 877, 193.04, 74, 74, 100, 14342, Not Active, Not Active, Not Active
2026/07/17 11:12:15.744, 1192, 877, 192.91, 74, 74, 100, 14342, Not Active, Not Active, Not Active
2026/07/17 11:12:15.797, 1192, 877, 195.65, 74, 74, 100, 14342, Not Active, Not Active, Not Active
2026/07/17 11:12:15.848, 1192, 877, 195.44, 74, 74, 100, 14342, Not Active, Not Active, Not Active
2026/07/17 11:12:15.900, 1192, 877, 169.08, 74, 74, 100, 14342, Not Active, Not Active, Not Active
2026/07/17 11:12:15.955, 1192, 877, 164.17, 74, 74, 100, 14342, Not Active, Not Active, Not Active
2026/07/17 11:12:16.006, 1192, 877, 175.09, 74, 74, 100, 14342, Not Active, Not Active, Not Active
2026/07/17 11:12:16.058, 1192, 877, 188.63, 74, 73, 100, 14342, Not Active, Not Active, Not Active
2026/07/17 11:12:16.110, 1192, 877, 192.09, 74, 74, 100, 14342, Not Active, Not Active, Not Active
2026/07/17 11:12:16.162, 1192, 877, 167.75, 73, 73, 100, 14342, Not Active, Not Active, Not Active
2026/07/17 11:12:16.214, 1192, 877, 184.43, 74, 74, 100, 14342, Not Active, Not Active, Not Active
2026/07/17 11:12:16.266, 1192, 877, 192.09, 74, 74, 100, 14342, Not Active, Not Active, Not Active
2026/07/17 11:12:16.317, 1192, 877, 185.26, 74, 74, 100, 14342, Not Active, Not Active, Not Active
2026/07/17 11:12:16.369, 1192, 877, 196.40, 74, 74, 100, 14342, Not Active, Not Active, Not Active
2026/07/17 11:12:16.421, 1192, 877, 168.01, 74, 74, 100, 14342, Not Active, Not Active, Not Active
2026/07/17 11:12:16.476, 1192, 877, 165.24, 74, 74, 100, 14342, Not Active, Not Active, Not Active
2026/07/17 11:12:16.528, 1192, 877, 179.40, 74, 74, 100, 14342, Not Active, Not Active, Not Active
2026/07/17 11:12:16.580, 1192, 877, 187.55, 74, 74, 100, 14342, Not Active, Not Active, Not Active
2026/07/17 11:12:16.631, 1192, 877, 192.95, 74, 73, 100, 14342, Not Active, Not Active, Not Active
2026/07/17 11:12:16.683, 1192, 877, 192.69, 74, 73, 100, 14342, Not Active, Not Active, Not Active
2026/07/17 11:12:16.738, 1192, 877, 195.22, 74, 74, 100, 14342, Not Active, Not Active, Not Active
2026/07/17 11:12:16.789, 1192, 877, 196.87, 74, 74, 100, 14342, Not Active, Not Active, Not Active
2026/07/17 11:12:16.841, 1192, 877, 194.87, 74, 74, 100, 14342, Not Active, Not Active, Not Active
2026/07/17 11:12:16.893, 1192, 877, 168.01, 74, 74, 100, 14342, Not Active, Not Active, Not Active
2026/07/17 11:12:16.945, 1192, 877, 172.92, 74, 74, 100, 14342, Not Active, Not Active, Not Active
2026/07/17 11:12:16.998, 1192, 877, 158.04, 73, 74, 100, 14342, Not Active, Not Active, Not Active
2026/07/17 11:12:17.050, 1192, 877, 167.64, 74, 74, 100, 14342, Not Active, Not Active, Not Active
2026/07/17 11:12:17.101, 1192, 877, 178.44, 74, 74, 100, 14342, Not Active, Not Active, Not Active
2026/07/17 11:12:17.154, 1192, 877, 181.20, 74, 73, 100, 14342, Not Active, Not Active, Not Active
2026/07/17 11:12:17.205, 1192, 877, 193.65, 74, 74, 100, 14342, Not Active, Not Active, Not Active
2026/07/17 11:12:17.259, 1192, 877, 192.09, 74, 74, 100, 14342, Not Active, Not Active, Not Active
2026/07/17 11:12:17.311, 1192, 877, 195.31, 74, 74, 100, 14342, Not Active, Not Active, Not Active
2026/07/17 11:12:17.363, 1192, 877, 194.96, 74, 74, 100, 14342, Not Active, Not Active, Not Active
2026/07/17 11:12:17.415, 1192, 877, 195.22, 74, 74, 100, 14342, Not Active, Not Active, Not Active
2026/07/17 11:12:17.466, 1192, 877, 159.59, 74, 74, 100, 14342, Not Active, Not Active, Not Active
2026/07/17 11:12:17.520, 1192, 877, 161.99, 74, 74, 100, 14342, Not Active, Not Active, Not Active
2026/07/17 11:12:17.572, 1192, 877, 170.66, 74, 74, 100, 14342, Not Active, Not Active, Not Active
2026/07/17 11:12:17.624, 1192, 877, 174.49, 74, 74, 100, 14342, Not Active, Not Active, Not Active
2026/07/17 11:12:17.676, 1192, 877, 130.94, 74, 74, 100, 14342, Not Active, Not Active, Not Active
2026/07/17 11:12:17.727, 1192, 877, 183.11, 73, 74, 100, 14342, Not Active, Not Active, Not Active
2026/07/17 11:12:17.781, 1192, 877, 191.74, 74, 74, 100, 14342, Not Active, Not Active, Not Active
2026/07/17 11:12:17.832, 1192, 877, 188.86, 74, 73, 100, 14342, Not Active, Not Active, Not Active
2026/07/17 11:12:17.884, 1192, 877, 194.48, 74, 74, 100, 14342, Not Active, Not Active, Not Active
2026/07/17 11:12:17.936, 1192, 877, 191.00, 74, 74, 100, 14342, Not Active, Not Active, Not Active
2026/07/17 11:12:17.988, 1192, 877, 199.13, 74, 74, 100, 14342, Not Active, Not Active, Not Active
2026/07/17 11:12:18.042, 1192, 877, 181.44, 74, 74, 100, 14342, Not Active, Not Active, Not Active
2026/07/17 11:12:18.094, 1192, 877, 159.69, 74, 74, 100, 14342, Not Active, Not Active, Not Active
2026/07/17 11:12:18.146, 1192, 877, 157.29, 74, 74, 100, 14342, Not Active, Not Active, Not Active
2026/07/17 11:12:18.198, 1192, 877, 168.74, 74, 74, 100, 14342, Not Active, Not Active, Not Active
2026/07/17 11:12:18.250, 1192, 877, 165.87, 74, 73, 100, 14342, Not Active, Not Active, Not Active
2026/07/17 11:12:18.302, 1192, 877, 181.08, 74, 73, 100, 14342, Not Active, Not Active, Not Active
2026/07/17 11:12:18.354, 1192, 877, 185.38, 74, 73, 100, 14342, Not Active, Not Active, Not Active
2026/07/17 11:12:18.406, 1192, 877, 193.78, 74, 74, 100, 14342, Not Active, Not Active, Not Active
2026/07/17 11:12:18.458, 1192, 877, 169.33, 74, 73, 100, 14342, Not Active, Not Active, Not Active
2026/07/17 11:12:18.510, 1192, 877, 197.48, 74, 73, 100, 14342, Not Active, Not Active, Not Active
2026/07/17 11:12:18.564, 1192, 877, 190.65, 74, 74, 100, 14342, Not Active, Not Active, Not Active
2026/07/17 11:12:18.616, 1192, 877, 195.70, 74, 74, 100, 14342, Not Active, Not Active, Not Active
2026/07/17 11:12:18.668, 1192, 877, 197.48, 74, 74, 100, 14342, Not Active, Not Active, Not Active
2026/07/17 11:12:18.721, 1192, 877, 171.73, 74, 74, 100, 14342, Not Active, Not Active, Not Active
2026/07/17 11:12:18.772, 1192, 877, 153.44, 74, 74, 100, 14342, Not Active, Not Active, Not Active
2026/07/17 11:12:18.824, 1192, 877, 158.04, 74, 74, 100, 14342, Not Active, Not Active, Not Active
2026/07/17 11:12:18.876, 1192, 877, 171.48, 74, 74, 100, 14342, Not Active, Not Active, Not Active
2026/07/17 11:12:18.928, 1192, 877, 177.84, 74, 74, 100, 14342, Not Active, Not Active, Not Active
2026/07/17 11:12:18.980, 1192, 877, 179.52, 74, 74, 100, 14342, Not Active, Not Active, Not Active
2026/07/17 11:12:19.032, 1192, 877, 184.91, 74, 73, 100, 14342, Not Active, Not Active, Not Active
2026/07/17 11:12:19.086, 1192, 877, 187.20, 74, 74, 100, 14342, Not Active, Not Active, Not Active
2026/07/17 11:12:19.138, 1192, 877, 199.27, 74, 74, 100, 14342, Not Active, Not Active, Not Active
2026/07/17 11:12:19.190, 1192, 877, 187.30, 74, 74, 100, 14342, Not Active, Not Active, Not Active
2026/07/17 11:12:19.241, 1192, 877, 184.32, 74, 73, 100, 14342, Not Active, Not Active, Not Active
2026/07/17 11:12:19.293, 1192, 877, 187.90, 74, 74, 100, 14342, Not Active, Not Active, Not Active
2026/07/17 11:12:19.348, 1192, 877, 192.09, 74, 74, 100, 14342, Not Active, Not Active, Not Active
2026/07/17 11:12:19.399, 1192, 877, 193.04, 74, 74, 100, 14342, Not Active, Not Active, Not Active
2026/07/17 11:12:19.451, 1192, 877, 180.96, 74, 74, 100, 14342, Not Active, Not Active, Not Active
2026/07/17 11:12:19.503, 1192, 877, 166.68, 74, 74, 100, 14342, Not Active, Not Active, Not Active
2026/07/17 11:12:19.555, 1192, 877, 149.50, 74, 74, 100, 14342, Not Active, Not Active, Not Active
2026/07/17 11:12:19.607, 1192, 877, 159.96, 74, 74, 100, 14342, Not Active, Not Active, Not Active
2026/07/17 11:12:19.659, 1192, 877, 166.35, 74, 74, 100, 14342, Not Active, Not Active, Not Active
2026/07/17 11:12:19.712, 1192, 877, 173.53, 74, 74, 100, 14342, Not Active, Not Active, Not Active
2026/07/17 11:12:19.764, 1192, 877, 184.67, 74, 73, 100, 14342, Not Active, Not Active, Not Active
2026/07/17 11:12:19.815, 1192, 877, 188.03, 74, 74, 100, 14342, Not Active, Not Active, Not Active
2026/07/17 11:12:19.870, 1192, 877, 191.13, 74, 74, 100, 14342, Not Active, Not Active, Not Active
2026/07/17 11:12:19.922, 1192, 877, 197.01, 74, 74, 100, 14342, Not Active, Not Active, Not Active
2026/07/17 11:12:19.974, 1192, 877, 185.38, 74, 74, 100, 14342, Not Active, Not Active, Not Active
2026/07/17 11:12:20.026, 1192, 877, 177.37, 74, 73, 100, 14342, Not Active, Not Active, Not Active
2026/07/17 11:12:20.078, 1192, 877, 191.86, 74, 74, 100, 14342, Not Active, Not Active, Not Active
2026/07/17 11:12:20.132, 1192, 877, 197.01, 74, 74, 100, 14342, Not Active, Not Active, Not Active
2026/07/17 11:12:20.183, 1192, 877, 195.65, 74, 74, 100, 14342, Not Active, Not Active, Not Active
2026/07/17 11:12:20.235, 1192, 877, 185.63, 74, 74, 100, 14342, Not Active, Not Active, Not Active
2026/07/17 11:12:20.287, 1192, 877, 174.36, 74, 74, 100, 14342, Not Active, Not Active, Not Active
2026/07/17 11:12:20.339, 1192, 877, 152.38, 74, 74, 100, 14342, Not Active, Not Active, Not Active
2026/07/17 11:12:20.391, 1192, 877, 147.58, 74, 74, 100, 14342, Not Active, Not Active, Not Active
2026/07/17 11:12:20.443, 1192, 877, 160.92, 74, 74, 100, 14342, Not Active, Not Active, Not Active
2026/07/17 11:12:20.495, 1192, 877, 168.01, 74, 74, 100, 14342, Not Active, Not Active, Not Active
2026/07/17 11:12:20.547, 1192, 877, 177.96, 74, 74, 100, 14342, Not Active, Not Active, Not Active
2026/07/17 11:12:20.598, 1192, 877, 177.84, 74, 74, 100, 14342, Not Active, Not Active, Not Active
2026/07/17 11:12:20.652, 1192, 877, 186.34, 74, 73, 100, 14342, Not Active, Not Active, Not Active
2026/07/17 11:12:20.704, 1192, 877, 193.65, 74, 74, 100, 14342, Not Active, Not Active, Not Active
2026/07/17 11:12:20.756, 1192, 877, 189.69, 74, 74, 100, 14342, Not Active, Not Active, Not Active
2026/07/17 11:12:20.807, 1192, 877, 167.16, 73, 73, 100, 14342, Not Active, Not Active, Not Active
2026/07/17 11:12:20.859, 1192, 877, 182.03, 74, 73, 100, 14342, Not Active, Not Active, Not Active
2026/07/17 11:12:20.913, 1192, 877, 194.96, 74, 74, 100, 14342, Not Active, Not Active, Not Active
2026/07/17 11:12:20.965, 1192, 877, 194.61, 74, 74, 100, 14342, Not Active, Not Active, Not Active
2026/07/17 11:12:21.017, 1192, 877, 197.62, 74, 74, 100, 14342, Not Active, Not Active, Not Active
2026/07/17 11:12:21.069, 1192, 877, 193.65, 74, 74, 100, 14342, Not Active, Not Active, Not Active
2026/07/17 11:12:21.120, 1192, 877, 198.57, 74, 74, 100, 14342, Not Active, Not Active, Not Active
2026/07/17 11:12:21.175, 1192, 877, 177.96, 74, 74, 100, 14342, Not Active, Not Active, Not Active
2026/07/17 11:12:21.227, 1192, 877, 172.32, 74, 74, 100, 14342, Not Active, Not Active, Not Active
2026/07/17 11:12:21.278, 1192, 877, 164.28, 74, 74, 100, 14342, Not Active, Not Active, Not Active
2026/07/17 11:12:21.331, 1192, 877, 148.54, 74, 74, 100, 14342, Not Active, Not Active, Not Active
2026/07/17 11:12:21.382, 1192, 877, 153.24, 74, 74, 100, 14342, Not Active, Not Active, Not Active
2026/07/17 11:12:21.434, 1192, 877, 161.77, 74, 74, 100, 14342, Not Active, Not Active, Not Active
2026/07/17 11:12:21.486, 1192, 877, 173.65, 74, 74, 100, 14342, Not Active, Not Active, Not Active
2026/07/17 11:12:21.538, 1192, 877, 174.84, 74, 74, 100, 14342, Not Active, Not Active, Not Active
2026/07/17 11:12:21.589, 1192, 877, 124.77, 74, 74, 100, 14342, Not Active, Not Active, Not Active
2026/07/17 11:12:21.642, 1192, 877, 165.98, 74, 74, 100, 14342, Not Active, Not Active, Not Active
2026/07/17 11:12:21.694, 1192, 877, 167.19, 74, 73, 100, 14342, Not Active, Not Active, Not Active
2026/07/17 11:12:21.746, 1192, 877, 178.20, 74, 74, 100, 14342, Not Active, Not Active, Not Active
2026/07/17 11:12:21.798, 1192, 877, 179.76, 74, 73, 100, 14342, Not Active, Not Active, Not Active
2026/07/17 11:12:21.849, 1192, 877, 182.15, 74, 73, 100, 14342, Not Active, Not Active, Not Active
2026/07/17 11:12:21.901, 1192, 877, 187.90, 74, 73, 100, 14342, Not Active, Not Active, Not Active
2026/07/17 11:12:21.957, 1192, 877, 188.86, 74, 74, 100, 14342, Not Active, Not Active, Not Active
2026/07/17 11:12:22.009, 1192, 877, 193.30, 74, 74, 100, 14342, Not Active, Not Active, Not Active
2026/07/17 11:12:22.061, 1192, 877, 194.74, 74, 74, 100, 14342, Not Active, Not Active, Not Active
2026/07/17 11:12:22.113, 1192, 877, 187.30, 74, 74, 100, 14342, Not Active, Not Active, Not Active
2026/07/17 11:12:22.165, 1192, 877, 197.22, 74, 74, 100, 14342, Not Active, Not Active, Not Active
2026/07/17 11:12:22.219, 1192, 877, 198.66, 74, 74, 100, 14342, Not Active, Not Active, Not Active
2026/07/17 11:12:22.270, 1192, 877, 188.26, 74, 74, 100, 14342, Not Active, Not Active, Not Active
2026/07/17 11:12:22.322, 1192, 877, 177.48, 74, 74, 100, 14342, Not Active, Not Active, Not Active
2026/07/17 11:12:22.374, 1192, 877, 168.49, 74, 74, 100, 14342, Not Active, Not Active, Not Active
2026/07/17 11:12:22.426, 1192, 877, 193.30, 74, 74, 100, 14342, Not Active, Not Active, Not Active
2026/07/17 11:12:22.479, 1192, 877, 190.65, 74, 74, 100, 14342, Not Active, Not Active, Not Active
2026/07/17 11:12:22.531, 1192, 877, 185.15, 74, 74, 100, 14342, Not Active, Not Active, Not Active
2026/07/17 11:12:22.583, 1192, 877, 176.16, 74, 74, 100, 14342, Not Active, Not Active, Not Active
2026/07/17 11:12:22.635, 1192, 877, 166.68, 74, 74, 100, 14342, Not Active, Not Active, Not Active
2026/07/17 11:12:22.687, 1192, 877, 154.78, 74, 74, 100, 14342, Not Active, Not Active, Not Active
2026/07/17 11:12:22.739, 1192, 877, 151.04, 74, 74, 100, 14342, Not Active, Not Active, Not Active
2026/07/17 11:12:22.791, 1192, 877, 148.16, 74, 74, 100, 14342, Not Active, Not Active, Not Active
2026/07/17 11:12:22.842, 1192, 877, 150.84, 74, 74, 100, 14342, Not Active, Not Active, Not Active
2026/07/17 11:12:22.894, 1192, 877, 158.79, 74, 74, 100, 14342, Not Active, Not Active, Not Active
2026/07/17 11:12:22.946, 1192, 877, 169.45, 74, 74, 100, 14342, Not Active, Not Active, Not Active
2026/07/17 11:12:22.999, 1192, 877, 173.40, 74, 74, 100, 14342, Not Active, Not Active, Not Active
2026/07/17 11:12:23.051, 1192, 877, 166.46, 74, 74, 100, 14342, Not Active, Not Active, Not Active
2026/07/17 11:12:23.102, 1192, 877, 175.57, 74, 74, 100, 14342, Not Active, Not Active, Not Active
2026/07/17 11:12:23.154, 1192, 877, 177.60, 74, 74, 100, 14342, Not Active, Not Active, Not Active
2026/07/17 11:12:23.206, 1192, 877, 118.11, 74, 73, 100, 14342, Not Active, Not Active, Not Active
2026/07/17 11:12:23.259, 1192, 877, 167.30, 74, 73, 100, 14342, Not Active, Not Active, Not Active
2026/07/17 11:12:23.311, 1192, 877, 165.87, 74, 74, 100, 14342, Not Active, Not Active, Not Active
2026/07/17 11:12:23.363, 1192, 877, 182.52, 74, 73, 100, 14342, Not Active, Not Active, Not Active
2026/07/17 11:12:23.414, 1192, 877, 183.24, 74, 73, 100, 14342, Not Active, Not Active, Not Active
2026/07/17 11:12:23.466, 1192, 877, 185.38, 74, 73, 100, 14342, Not Active, Not Active, Not Active
2026/07/17 11:12:23.522, 1192, 877, 188.15, 74, 74, 100, 14342, Not Active, Not Active, Not Active
2026/07/17 11:12:23.574, 1192, 877, 186.95, 74, 73, 100, 14342, Not Active, Not Active, Not Active
2026/07/17 11:12:23.625, 1192, 877, 182.51, 74, 74, 100, 14342, Not Active, Not Active, Not Active
2026/07/17 11:12:23.677, 1192, 877, 190.78, 74, 74, 100, 14342, Not Active, Not Active, Not Active
2026/07/17 11:12:23.729, 1192, 877, 196.87, 74, 74, 100, 14342, Not Active, Not Active, Not Active
2026/07/17 11:12:23.783, 1192, 877, 188.13, 74, 74, 100, 14342, Not Active, Not Active, Not Active
2026/07/17 11:12:23.835, 1192, 877, 192.21, 74, 74, 100, 14342, Not Active, Not Active, Not Active
2026/07/17 11:12:23.887, 1192, 877, 194.74, 74, 74, 100, 14342, Not Active, Not Active, Not Active
2026/07/17 11:12:23.939, 1192, 877, 194.61, 74, 74, 100, 14342, Not Active, Not Active, Not Active
2026/07/17 11:12:23.991, 1192, 877, 201.66, 74, 74, 100, 14342, Not Active, Not Active, Not Active
2026/07/17 11:12:24.045, 1192, 877, 179.16, 74, 73, 100, 14342, Not Active, Not Active, Not Active
2026/07/17 11:12:24.097, 1192, 877, 194.96, 74, 74, 100, 14342, Not Active, Not Active, Not Active
2026/07/17 11:12:24.148, 1192, 877, 201.18, 74, 74, 100, 14342, Not Active, Not Active, Not Active
2026/07/17 11:12:24.205, 1192, 877, 198.57, 74, 74, 100, 14342, Not Active, Not Active, Not Active
2026/07/17 11:12:24.257, 1192, 877, 188.38, 74, 74, 100, 14342, Not Active, Not Active, Not Active
2026/07/17 11:12:24.309, 1192, 877, 189.69, 74, 74, 100, 14342, Not Active, Not Active, Not Active
2026/07/17 11:12:24.361, 1192, 877, 184.67, 74, 74, 100, 14342, Not Active, Not Active, Not Active
2026/07/17 11:12:24.413, 1192, 877, 176.28, 74, 74, 100, 14342, Not Active, Not Active, Not Active
2026/07/17 11:12:24.466, 1192, 877, 169.08, 74, 74, 100, 14342, Not Active, Not Active, Not Active
2026/07/17 11:12:24.518, 1192, 877, 163.32, 74, 74, 100, 14342, Not Active, Not Active, Not Active
2026/07/17 11:12:24.570, 1192, 877, 164.76, 74, 74, 100, 14342, Not Active, Not Active, Not Active
2026/07/17 11:12:24.622, 1192, 877, 157.66, 74, 74, 100, 14342, Not Active, Not Active, Not Active
2026/07/17 11:12:24.674, 1192, 877, 151.04, 74, 74, 100, 14342, Not Active, Not Active, Not Active
2026/07/17 11:12:24.726, 1192, 877, 147.96, 74, 74, 100, 14342, Not Active, Not Active, Not Active
2026/07/17 11:12:24.782, 1192, 877, 154.41, 74, 74, 100, 14342, Not Active, Not Active, Not Active
2026/07/17 11:12:24.833, 1192, 877, 157.56, 74, 74, 100, 14342, Not Active, Not Active, Not Active
2026/07/17 11:12:24.885, 1192, 877, 155.37, 74, 74, 100, 14342, Not Active, Not Active, Not Active
2026/07/17 11:12:24.937, 1192, 877, 154.30, 74, 74, 100, 14342, Not Active, Not Active, Not Active
2026/07/17 11:12:24.989, 1192, 877, 148.64, 74, 74, 100, 14342, Not Active, Not Active, Not Active
2026/07/17 11:12:25.041, 1192, 877, 143.83, 74, 74, 100, 14342, Not Active, Not Active, Not Active
2026/07/17 11:12:25.093, 1192, 877, 141.52, 74, 74, 100, 14342, Not Active, Not Active, Not Active
2026/07/17 11:12:25.145, 1192, 877, 139.60, 74, 74, 100, 14342, Not Active, Not Active, Not Active
2026/07/17 11:12:25.196, 1192, 877, 145.85, 74, 74, 100, 14342, Not Active, Not Active, Not Active
2026/07/17 11:12:25.249, 1192, 877, 147.10, 74, 74, 100, 14342, Not Active, Not Active, Not Active
2026/07/17 11:12:25.301, 1192, 877, 151.52, 74, 74, 100, 14342, Not Active, Not Active, Not Active
2026/07/17 11:12:25.353, 1192, 877, 153.34, 74, 74, 100, 14342, Not Active, Not Active, Not Active
2026/07/17 11:12:25.404, 1192, 877, 149.50, 74, 74, 100, 14342, Not Active, Not Active, Not Active
2026/07/17 11:12:25.457, 1192, 877, 158.52, 74, 74, 100, 14342, Not Active, Not Active, Not Active
2026/07/17 11:12:25.510, 1192, 877, 164.76, 74, 74, 100, 14342, Not Active, Not Active, Not Active
2026/07/17 11:12:25.562, 1192, 877, 168.01, 74, 74, 100, 14342, Not Active, Not Active, Not Active
2026/07/17 11:12:25.613, 1192, 877, 167.53, 74, 74, 100, 14342, Not Active, Not Active, Not Active
2026/07/17 11:12:25.665, 1192, 877, 171.73, 74, 74, 100, 14342, Not Active, Not Active, Not Active
2026/07/17 11:12:25.717, 1192, 877, 142.48, 74, 74, 100, 14342, Not Active, Not Active, Not Active
2026/07/17 11:12:25.771, 1192, 877, 141.43, 74, 74, 100, 14342, Not Active, Not Active, Not Active
2026/07/17 11:12:25.822, 1192, 877, 141.52, 74, 74, 100, 14342, Not Active, Not Active, Not Active
2026/07/17 11:12:25.874, 1192, 877, 140.56, 74, 74, 100, 14342, Not Active, Not Active, Not Active
2026/07/17 11:12:25.926, 1192, 877, 138.64, 74, 74, 100, 14342, Not Active, Not Active, Not Active
2026/07/17 11:12:25.978, 1192, 877, 141.81, 74, 74, 100, 14342, Not Active, Not Active, Not Active
2026/07/17 11:12:26.032, 1192, 877, 146.62, 74, 74, 100, 14342, Not Active, Not Active, Not Active
2026/07/17 11:12:26.083, 1192, 877, 148.54, 74, 74, 100, 14342, Not Active, Not Active, Not Active
2026/07/17 11:12:26.135, 1192, 877, 144.12, 74, 75, 100, 14342, Not Active, Not Active, Not Active
2026/07/17 11:12:26.187, 1192, 877, 146.14, 74, 74, 100, 14342, Not Active, Not Active, Not Active
2026/07/17 11:12:26.239, 1192, 877, 153.72, 74, 74, 100, 14342, Not Active, Not Active, Not Active
2026/07/17 11:12:26.292, 1192, 877, 156.12, 74, 74, 100, 14342, Not Active, Not Active, Not Active
2026/07/17 11:12:26.344, 1192, 877, 156.60, 74, 74, 100, 14342, Not Active, Not Active, Not Active
2026/07/17 11:12:26.396, 1192, 877, 159.11, 74, 74, 100, 14342, Not Active, Not Active, Not Active
2026/07/17 11:12:26.448, 1192, 877, 155.16, 74, 74, 100, 14342, Not Active, Not Active, Not Active
2026/07/17 11:12:26.499, 1192, 877, 159.11, 74, 75, 100, 14342, Not Active, Not Active, Not Active
2026/07/17 11:12:26.551, 1192, 877, 152.86, 74, 74, 100, 14342, Not Active, Not Active, Not Active
2026/07/17 11:12:26.603, 1192, 877, 155.64, 74, 74, 100, 14342, Not Active, Not Active, Not Active
2026/07/17 11:12:26.655, 1192, 877, 156.22, 74, 74, 100, 14342, Not Active, Not Active, Not Active
2026/07/17 11:12:26.707, 1192, 877, 158.63, 74, 74, 100, 14342, Not Active, Not Active, Not Active
2026/07/17 11:12:26.759, 1192, 877, 163.80, 74, 75, 100, 14342, Not Active, Not Active, Not Active
2026/07/17 11:12:26.810, 1192, 877, 161.77, 74, 74, 100, 14342, Not Active, Not Active, Not Active
2026/07/17 11:12:26.862, 1192, 877, 156.22, 74, 74, 100, 14342, Not Active, Not Active, Not Active
2026/07/17 11:12:26.916, 1192, 877, 158.73, 74, 74, 100, 14342, Not Active, Not Active, Not Active
2026/07/17 11:12:26.968, 1192, 877, 154.89, 74, 74, 100, 14342, Not Active, Not Active, Not Active
2026/07/17 11:12:27.020, 1192, 877, 161.13, 74, 74, 100, 14342, Not Active, Not Active, Not Active
2026/07/17 11:12:27.072, 1192, 877, 159.96, 74, 74, 100, 14342, Not Active, Not Active, Not Active
2026/07/17 11:12:27.123, 1192, 877, 155.16, 74, 74, 100, 14342, Not Active, Not Active, Not Active
2026/07/17 11:12:27.177, 1192, 877, 152.96, 74, 74, 100, 14342, Not Active, Not Active, Not Active
2026/07/17 11:12:27.228, 1192, 877, 153.44, 74, 74, 100, 14342, Not Active, Not Active, Not Active
2026/07/17 11:12:27.280, 1192, 877, 155.74, 74, 75, 100, 14342, Not Active, Not Active, Not Active
2026/07/17 11:12:27.332, 1192, 877, 155.74, 74, 74, 100, 14342, Not Active, Not Active, Not Active
2026/07/17 11:12:27.384, 1192, 877, 170.15, 74, 74, 100, 14342, Not Active, Not Active, Not Active
2026/07/17 11:12:27.441, 1192, 877, 170.29, 74, 74, 100, 14342, Not Active, Not Active, Not Active
2026/07/17 11:12:27.493, 1192, 877, 173.76, 74, 74, 100, 14342, Not Active, Not Active, Not Active
2026/07/17 11:12:27.545, 1192, 877, 163.80, 74, 74, 100, 14342, Not Active, Not Active, Not Active
2026/07/17 11:12:27.600, 1192, 877, 164.17, 74, 75, 100, 14342, Not Active, Not Active, Not Active
2026/07/17 11:12:27.652, 1192, 877, 171.48, 74, 74, 100, 14342, Not Active, Not Active, Not Active
2026/07/17 11:12:27.704, 1192, 877, 172.44, 74, 74, 100, 14342, Not Active, Not Active, Not Active
2026/07/17 11:12:27.755, 1192, 877, 172.32, 74, 74, 100, 14342, Not Active, Not Active, Not Active
2026/07/17 11:12:27.807, 1192, 877, 165.72, 74, 74, 100, 14342, Not Active, Not Active, Not Active
2026/07/17 11:12:27.862, 1192, 877, 168.12, 74, 74, 100, 14342, Not Active, Not Active, Not Active
2026/07/17 11:12:27.914, 1192, 877, 170.15, 74, 74, 100, 14342, Not Active, Not Active, Not Active
2026/07/17 11:12:27.966, 1192, 877, 169.45, 74, 74, 100, 14342, Not Active, Not Active, Not Active
2026/07/17 11:12:28.018, 1192, 877, 174.49, 74, 74, 100, 14342, Not Active, Not Active, Not Active
2026/07/17 11:12:28.069, 1192, 877, 171.37, 74, 74, 100, 14342, Not Active, Not Active, Not Active
2026/07/17 11:12:28.124, 1192, 877, 168.49, 74, 74, 100, 14342, Not Active, Not Active, Not Active
2026/07/17 11:12:28.176, 1192, 877, 172.92, 74, 75, 100, 14342, Not Active, Not Active, Not Active
2026/07/17 11:12:28.227, 1192, 877, 189.34, 74, 74, 100, 14342, Not Active, Not Active, Not Active
2026/07/17 11:12:28.279, 1192, 877, 193.17, 74, 74, 100, 14342, Not Active, Not Active, Not Active
2026/07/17 11:12:28.331, 1192, 877, 196.87, 74, 74, 100, 14342, Not Active, Not Active, Not Active
2026/07/17 11:12:28.385, 1192, 877, 192.57, 74, 74, 100, 14342, Not Active, Not Active, Not Active
2026/07/17 11:12:28.437, 1192, 877, 190.17, 74, 74, 100, 14342, Not Active, Not Active, Not Active
2026/07/17 11:12:28.489, 1192, 877, 188.51, 74, 74, 100, 14342, Not Active, Not Active, Not Active
2026/07/17 11:12:28.540, 1192, 877, 192.34, 74, 74, 100, 14342, Not Active, Not Active, Not Active
2026/07/17 11:12:28.592, 1192, 877, 194.13, 74, 74, 100, 14342, Not Active, Not Active, Not Active
2026/07/17 11:12:28.649, 1192, 877, 191.48, 74, 74, 100, 14342, Not Active, Not Active, Not Active
2026/07/17 11:12:28.701, 1192, 877, 184.30, 74, 74, 100, 14342, Not Active, Not Active, Not Active
2026/07/17 11:12:28.753, 1192, 877, 196.40, 74, 74, 100, 14342, Not Active, Not Active, Not Active
2026/07/17 11:12:28.809, 1192, 877, 196.66, 74, 74, 100, 14342, Not Active, Not Active, Not Active
2026/07/17 11:12:28.861, 1192, 877, 193.52, 74, 74, 100, 14342, Not Active, Not Active, Not Active
2026/07/17 11:12:28.913, 1192, 877, 195.44, 74, 74, 100, 14342, Not Active, Not Active, Not Active
2026/07/17 11:12:28.965, 1192, 877, 194.48, 74, 74, 100, 14342, Not Active, Not Active, Not Active
2026/07/17 11:12:29.017, 1192, 877, 198.44, 74, 74, 100, 14342, Not Active, Not Active, Not Active
2026/07/17 11:12:29.071, 1192, 877, 160.12, 74, 73, 100, 14342, Not Active, Not Active, Not Active
2026/07/17 11:12:29.122, 1192, 877, 187.20, 74, 74, 100, 14342, Not Active, Not Active, Not Active
2026/07/17 11:12:29.174, 1192, 877, 182.99, 74, 73, 100, 14342, Not Active, Not Active, Not Active
2026/07/17 11:12:29.226, 1192, 877, 185.63, 74, 73, 100, 14342, Not Active, Not Active, Not Active
2026/07/17 11:12:29.278, 1192, 877, 178.68, 74, 73, 100, 14342, Not Active, Not Active, Not Active
2026/07/17 11:12:29.331, 1192, 877, 176.52, 74, 73, 100, 14342, Not Active, Not Active, Not Active
2026/07/17 11:12:29.382, 1192, 877, 172.21, 74, 74, 100, 14342, Not Active, Not Active, Not Active
2026/07/17 11:12:29.434, 1192, 877, 177.00, 74, 73, 100, 14342, Not Active, Not Active, Not Active
2026/07/17 11:12:29.486, 1192, 877, 168.23, 74, 74, 100, 14342, Not Active, Not Active, Not Active
2026/07/17 11:12:29.538, 1192, 877, 165.24, 74, 74, 100, 14342, Not Active, Not Active, Not Active
2026/07/17 11:12:29.590, 1192, 877, 164.39, 74, 74, 100, 14342, Not Active, Not Active, Not Active
2026/07/17 11:12:29.642, 1192, 877, 154.68, 74, 74, 100, 14342, Not Active, Not Active, Not Active
2026/07/17 11:12:29.693, 1192, 877, 153.72, 74, 74, 100, 14342, Not Active, Not Active, Not Active
2026/07/17 11:12:29.745, 1192, 877, 146.24, 74, 74, 100, 14342, Not Active, Not Active, Not Active
2026/07/17 11:12:29.797, 1192, 877, 137.58, 74, 74, 100, 14342, Not Active, Not Active, Not Active
2026/07/17 11:12:29.849, 1192, 877, 137.19, 74, 74, 100, 14342, Not Active, Not Active, Not Active
2026/07/17 11:12:29.900, 1192, 877, 132.87, 74, 74, 100, 14342, Not Active, Not Active, Not Active
2026/07/17 11:12:29.954, 1192, 877, 174.84, 74, 74, 100, 14342, Not Active, Not Active, Not Active
2026/07/17 11:12:30.006, 1192, 877, 177.12, 74, 74, 100, 14342, Not Active, Not Active, Not Active
2026/07/17 11:12:30.060, 1192, 877, 183.00, 74, 74, 100, 14342, Not Active, Not Active, Not Active
2026/07/17 11:12:30.111, 1192, 877, 196.40, 74, 74, 100, 14342, Not Active, Not Active, Not Active
2026/07/17 11:12:30.163, 1192, 877, 181.68, 74, 74, 100, 14342, Not Active, Not Active, Not Active
2026/07/17 11:12:30.219, 1192, 877, 187.90, 74, 74, 100, 14342, Not Active, Not Active, Not Active
2026/07/17 11:12:30.271, 1192, 877, 196.53, 74, 74, 100, 14342, Not Active, Not Active, Not Active
2026/07/17 11:12:30.323, 1192, 877, 197.48, 74, 74, 100, 14342, Not Active, Not Active, Not Active
2026/07/17 11:12:30.375, 1192, 877, 196.74, 74, 74, 100, 14342, Not Active, Not Active, Not Active
2026/07/17 11:12:30.426, 1192, 877, 196.40, 74, 74, 100, 14342, Not Active, Not Active, Not Active
2026/07/17 11:12:30.482, 1192, 877, 188.74, 74, 74, 100, 14342, Not Active, Not Active, Not Active
2026/07/17 11:12:30.534, 1192, 877, 190.65, 74, 74, 100, 14342, Not Active, Not Active, Not Active
2026/07/17 11:12:30.586, 1192, 877, 196.26, 74, 74, 100, 14342, Not Active, Not Active, Not Active
2026/07/17 11:12:30.642, 1192, 877, 193.17, 74, 74, 100, 14342, Not Active, Not Active, Not Active
2026/07/17 11:12:30.694, 1192, 877, 194.87, 74, 74, 100, 14342, Not Active, Not Active, Not Active
2026/07/17 11:12:30.746, 1192, 877, 191.38, 74, 74, 100, 14342, Not Active, Not Active, Not Active
2026/07/17 11:12:30.797, 1192, 877, 155.91, 74, 73, 100, 14342, Not Active, Not Active, Not Active
2026/07/17 11:12:30.849, 1192, 877, 187.20, 74, 74, 100, 14342, Not Active, Not Active, Not Active
2026/07/17 11:12:30.904, 1192, 877, 182.99, 74, 73, 100, 14342, Not Active, Not Active, Not Active
2026/07/17 11:12:30.955, 1192, 877, 176.64, 74, 73, 100, 14342, Not Active, Not Active, Not Active
2026/07/17 11:12:31.007, 1192, 877, 161.29, 74, 73, 100, 14342, Not Active, Not Active, Not Active
2026/07/17 11:12:31.059, 1192, 877, 167.42, 74, 74, 100, 14342, Not Active, Not Active, Not Active
2026/07/17 11:12:31.111, 1192, 877, 167.53, 74, 74, 100, 14342, Not Active, Not Active, Not Active
2026/07/17 11:12:31.164, 1192, 877, 160.92, 74, 74, 100, 14342, Not Active, Not Active, Not Active
2026/07/17 11:12:31.216, 1192, 877, 143.83, 74, 74, 100, 14342, Not Active, Not Active, Not Active
2026/07/17 11:12:31.267, 1192, 877, 135.27, 74, 74, 100, 14342, Not Active, Not Active, Not Active
2026/07/17 11:12:31.319, 1192, 877, 136.71, 74, 74, 100, 14342, Not Active, Not Active, Not Active
2026/07/17 11:12:31.371, 1192, 877, 142.48, 74, 74, 100, 14342, Not Active, Not Active, Not Active
2026/07/17 11:12:31.424, 1192, 877, 149.98, 74, 75, 100, 14342, Not Active, Not Active, Not Active
2026/07/17 11:12:31.476, 1192, 877, 162.47, 74, 75, 100, 14342, Not Active, Not Active, Not Active
2026/07/17 11:12:31.528, 1192, 877, 166.09, 74, 75, 100, 14342, Not Active, Not Active, Not Active
2026/07/17 11:12:31.579, 1192, 877, 174.72, 74, 74, 100, 14342, Not Active, Not Active, Not Active
2026/07/17 11:12:31.631, 1192, 877, 182.28, 74, 74, 100, 14342, Not Active, Not Active, Not Active
2026/07/17 11:12:31.683, 1192, 877, 180.00, 74, 74, 100, 14342, Not Active, Not Active, Not Active
2026/07/17 11:12:31.735, 1192, 877, 191.26, 74, 74, 100, 14342, Not Active, Not Active, Not Active
2026/07/17 11:12:31.790, 1192, 877, 187.78, 74, 74, 100, 14342, Not Active, Not Active, Not Active
2026/07/17 11:12:31.841, 1192, 877, 189.21, 74, 74, 100, 14342, Not Active, Not Active, Not Active
2026/07/17 11:12:31.893, 1192, 877, 183.00, 74, 74, 100, 14342, Not Active, Not Active, Not Active
2026/07/17 11:12:31.945, 1192, 877, 184.19, 74, 73, 100, 14342, Not Active, Not Active, Not Active
2026/07/17 11:12:31.997, 1192, 877, 187.20, 74, 74, 100, 14342, Not Active, Not Active, Not Active
2026/07/17 11:12:32.051, 1192, 877, 182.28, 74, 74, 100, 14342, Not Active, Not Active, Not Active
2026/07/17 11:12:32.102, 1192, 877, 179.64, 74, 73, 100, 14342, Not Active, Not Active, Not Active
2026/07/17 11:12:32.154, 1192, 877, 171.96, 74, 74, 100, 14342, Not Active, Not Active, Not Active
2026/07/17 11:12:32.206, 1192, 877, 166.68, 74, 74, 100, 14342, Not Active, Not Active, Not Active
2026/07/17 11:12:32.258, 1192, 877, 153.82, 74, 74, 100, 14342, Not Active, Not Active, Not Active
2026/07/17 11:12:32.310, 1192, 877, 145.66, 74, 75, 100, 14342, Not Active, Not Active, Not Active
2026/07/17 11:12:32.361, 1192, 877, 132.95, 74, 75, 100, 14342, Not Active, Not Active, Not Active
2026/07/17 11:12:32.413, 1192, 877, 142.87, 74, 74, 100, 14342, Not Active, Not Active, Not Active
2026/07/17 11:12:32.465, 1192, 877, 159.21, 74, 74, 100, 14342, Not Active, Not Active, Not Active
2026/07/17 11:12:32.517, 1192, 877, 166.20, 74, 74, 100, 14342, Not Active, Not Active, Not Active
2026/07/17 11:12:32.569, 1192, 877, 179.52, 74, 74, 100, 14342, Not Active, Not Active, Not Active
2026/07/17 11:12:32.620, 1192, 877, 197.83, 74, 74, 100, 14342, Not Active, Not Active, Not Active
2026/07/17 11:12:32.678, 1192, 877, 187.65, 74, 74, 100, 14342, Not Active, Not Active, Not Active
2026/07/17 11:12:32.729, 1192, 877, 192.34, 74, 74, 100, 14342, Not Active, Not Active, Not Active
2026/07/17 11:12:32.781, 1192, 877, 190.65, 74, 74, 100, 14342, Not Active, Not Active, Not Active
2026/07/17 11:12:32.837, 1192, 877, 192.91, 74, 74, 100, 14342, Not Active, Not Active, Not Active
2026/07/17 11:12:32.889, 1192, 877, 186.95, 74, 74, 100, 14342, Not Active, Not Active, Not Active
2026/07/17 11:12:32.941, 1192, 877, 177.61, 74, 73, 100, 14342, Not Active, Not Active, Not Active
2026/07/17 11:12:32.992, 1192, 877, 187.68, 74, 74, 100, 14342, Not Active, Not Active, Not Active
2026/07/17 11:12:33.044, 1192, 877, 174.13, 74, 73, 100, 14342, Not Active, Not Active, Not Active
2026/07/17 11:12:33.097, 1192, 877, 176.04, 74, 74, 100, 14342, Not Active, Not Active, Not Active
2026/07/17 11:12:33.149, 1192, 877, 167.27, 74, 75, 100, 14342, Not Active, Not Active, Not Active
2026/07/17 11:12:33.201, 1192, 877, 152.76, 74, 74, 100, 14342, Not Active, Not Active, Not Active
2026/07/17 11:12:33.253, 1192, 877, 145.85, 74, 74, 100, 14342, Not Active, Not Active, Not Active
2026/07/17 11:12:33.304, 1192, 877, 132.95, 74, 74, 100, 14342, Not Active, Not Active, Not Active
2026/07/17 11:12:33.358, 1192, 877, 135.75, 74, 74, 100, 14342, Not Active, Not Active, Not Active
2026/07/17 11:12:33.410, 1192, 877, 148.64, 74, 75, 100, 14342, Not Active, Not Active, Not Active
2026/07/17 11:12:33.462, 1192, 877, 193.30, 74, 74, 100, 14342, Not Active, Not Active, Not Active
2026/07/17 11:12:33.513, 1192, 877, 193.52, 74, 74, 100, 14342, Not Active, Not Active, Not Active
2026/07/17 11:12:33.565, 1192, 877, 188.26, 74, 74, 100, 14342, Not Active, Not Active, Not Active
2026/07/17 11:12:33.617, 1192, 877, 192.09, 74, 74, 100, 14342, Not Active, Not Active, Not Active
2026/07/17 11:12:33.669, 1192, 877, 191.26, 74, 74, 100, 14342, Not Active, Not Active, Not Active
2026/07/17 11:12:33.723, 1192, 877, 180.12, 74, 74, 100, 14342, Not Active, Not Active, Not Active
2026/07/17 11:12:33.775, 1192, 877, 181.92, 74, 74, 100, 14342, Not Active, Not Active, Not Active
2026/07/17 11:12:33.827, 1192, 877, 177.96, 74, 73, 100, 14342, Not Active, Not Active, Not Active
2026/07/17 11:12:33.878, 1192, 877, 169.67, 74, 73, 100, 14342, Not Active, Not Active, Not Active
2026/07/17 11:12:33.930, 1192, 877, 172.19, 74, 73, 100, 14342, Not Active, Not Active, Not Active
2026/07/17 11:12:33.986, 1192, 877, 168.12, 74, 74, 100, 14342, Not Active, Not Active, Not Active
2026/07/17 11:12:34.037, 1192, 877, 159.00, 74, 74, 100, 14342, Not Active, Not Active, Not Active
2026/07/17 11:12:34.089, 1192, 877, 145.85, 74, 74, 100, 14342, Not Active, Not Active, Not Active
2026/07/17 11:12:34.141, 1192, 877, 132.47, 74, 75, 100, 14342, Not Active, Not Active, Not Active
2026/07/17 11:12:34.193, 1192, 877, 148.16, 74, 75, 100, 14342, Not Active, Not Active, Not Active
2026/07/17 11:12:34.246, 1192, 877, 161.51, 74, 75, 100, 14342, Not Active, Not Active, Not Active
2026/07/17 11:12:34.297, 1192, 877, 169.08, 74, 75, 100, 14342, Not Active, Not Active, Not Active
2026/07/17 11:12:34.349, 1192, 877, 176.41, 74, 74, 100, 14342, Not Active, Not Active, Not Active
2026/07/17 11:12:34.401, 1192, 877, 192.21, 74, 74, 100, 14342, Not Active, Not Active, Not Active
2026/07/17 11:12:34.453, 1192, 877, 196.05, 74, 74, 100, 14342, Not Active, Not Active, Not Active
2026/07/17 11:12:34.510, 1192, 877, 189.21, 74, 74, 100, 14342, Not Active, Not Active, Not Active
2026/07/17 11:12:34.562, 1192, 877, 187.90, 74, 73, 100, 14342, Not Active, Not Active, Not Active
2026/07/17 11:12:34.613, 1192, 877, 185.51, 74, 73, 100, 14342, Not Active, Not Active, Not Active
2026/07/17 11:12:34.666, 1192, 877, 182.28, 74, 73, 100, 14342, Not Active, Not Active, Not Active
2026/07/17 11:12:34.718, 1192, 877, 163.10, 74, 74, 100, 14342, Not Active, Not Active, Not Active
2026/07/17 11:12:34.769, 1192, 877, 163.80, 74, 74, 100, 14342, Not Active, Not Active, Not Active
2026/07/17 11:12:34.821, 1192, 877, 143.35, 74, 74, 100, 14342, Not Active, Not Active, Not Active
2026/07/17 11:12:34.873, 1192, 877, 132.87, 74, 74, 100, 14342, Not Active, Not Active, Not Active
2026/07/17 11:12:34.925, 1192, 877, 151.52, 75, 74, 100, 14342, Not Active, Not Active, Not Active
2026/07/17 11:12:34.977, 1192, 877, 162.25, 75, 74, 100, 14342, Not Active, Not Active, Not Active
2026/07/17 11:12:35.029, 1192, 877, 175.80, 75, 75, 100, 14342, Not Active, Not Active, Not Active
2026/07/17 11:12:35.081, 1192, 877, 182.99, 74, 74, 100, 14342, Not Active, Not Active, Not Active
2026/07/17 11:12:35.134, 1192, 877, 198.92, 74, 74, 100, 14342, Not Active, Not Active, Not Active
2026/07/17 11:12:35.186, 1192, 877, 198.92, 74, 74, 100, 14342, Not Active, Not Active, Not Active
2026/07/17 11:12:35.238, 1192, 877, 171.85, 74, 73, 100, 14342, Not Active, Not Active, Not Active
2026/07/17 11:12:35.290, 1192, 877, 187.20, 74, 74, 100, 14342, Not Active, Not Active, Not Active
2026/07/17 11:12:35.342, 1192, 877, 176.41, 74, 73, 100, 14342, Not Active, Not Active, Not Active
2026/07/17 11:12:35.396, 1192, 877, 161.18, 74, 73, 100, 14342, Not Active, Not Active, Not Active
2026/07/17 11:12:35.448, 1192, 877, 160.33, 74, 74, 100, 14342, Not Active, Not Active, Not Active
2026/07/17 11:12:35.500, 1192, 877, 140.37, 74, 74, 100, 14342, Not Active, Not Active, Not Active
2026/07/17 11:12:35.551, 1192, 877, 136.71, 75, 75, 100, 14342, Not Active, Not Active, Not Active
2026/07/17 11:12:35.603, 1192, 877, 152.86, 75, 75, 100, 14342, Not Active, Not Active, Not Active
2026/07/17 11:12:35.656, 1192, 877, 164.28, 74, 75, 100, 14342, Not Active, Not Active, Not Active
2026/07/17 11:12:35.708, 1192, 877, 177.96, 74, 75, 100, 14342, Not Active, Not Active, Not Active
2026/07/17 11:12:35.760, 1192, 877, 198.92, 74, 74, 100, 14342, Not Active, Not Active, Not Active
2026/07/17 11:12:35.811, 1192, 877, 197.35, 75, 74, 100, 14342, Not Active, Not Active, Not Active
2026/07/17 11:12:35.863, 1192, 877, 193.65, 74, 74, 100, 14342, Not Active, Not Active, Not Active
2026/07/17 11:12:35.915, 1192, 877, 188.86, 74, 74, 100, 14342, Not Active, Not Active, Not Active
2026/07/17 11:12:35.967, 1192, 877, 189.69, 74, 74, 100, 14342, Not Active, Not Active, Not Active
2026/07/17 11:12:36.022, 1192, 877, 188.86, 74, 74, 100, 14342, Not Active, Not Active, Not Active
2026/07/17 11:12:36.074, 1192, 877, 187.68, 74, 74, 100, 14342, Not Active, Not Active, Not Active
2026/07/17 11:12:36.126, 1192, 877, 131.90, 74, 73, 100, 14342, Not Active, Not Active, Not Active
2026/07/17 11:12:36.178, 1192, 877, 141.52, 74, 74, 100, 14342, Not Active, Not Active, Not Active
2026/07/17 11:12:36.230, 1192, 877, 158.15, 74, 75, 100, 14342, Not Active, Not Active, Not Active
2026/07/17 11:12:36.284, 1192, 877, 166.20, 74, 74, 100, 14342, Not Active, Not Active, Not Active
2026/07/17 11:12:36.336, 1192, 877, 186.47, 74, 75, 100, 14342, Not Active, Not Active, Not Active
2026/07/17 11:12:36.388, 1192, 877, 200.49, 74, 74, 100, 14342, Not Active, Not Active, Not Active
2026/07/17 11:12:36.440, 1192, 877, 198.04, 75, 74, 100, 14342, Not Active, Not Active, Not Active
2026/07/17 11:12:36.491, 1192, 877, 198.79, 74, 74, 100, 14342, Not Active, Not Active, Not Active
2026/07/17 11:12:36.543, 1192, 877, 182.15, 74, 74, 100, 14342, Not Active, Not Active, Not Active
2026/07/17 11:12:36.595, 1192, 877, 189.47, 74, 73, 100, 14342, Not Active, Not Active, Not Active
2026/07/17 11:12:36.649, 1192, 877, 181.80, 74, 74, 100, 14342, Not Active, Not Active, Not Active
2026/07/17 11:12:36.701, 1192, 877, 164.17, 75, 74, 100, 14342, Not Active, Not Active, Not Active
2026/07/17 11:12:36.753, 1192, 877, 162.36, 74, 74, 100, 14342, Not Active, Not Active, Not Active
2026/07/17 11:12:36.804, 1192, 877, 139.99, 74, 75, 100, 14342, Not Active, Not Active, Not Active
2026/07/17 11:12:36.856, 1192, 877, 131.51, 74, 75, 100, 14342, Not Active, Not Active, Not Active
2026/07/17 11:12:36.911, 1192, 877, 149.60, 75, 75, 100, 14342, Not Active, Not Active, Not Active
2026/07/17 11:12:36.963, 1192, 877, 162.84, 75, 75, 100, 14342, Not Active, Not Active, Not Active
2026/07/17 11:12:37.014, 1192, 877, 178.56, 75, 75, 100, 14342, Not Active, Not Active, Not Active
2026/07/17 11:12:37.066, 1192, 877, 178.20, 74, 73, 100, 14342, Not Active, Not Active, Not Active
2026/07/17 11:12:37.118, 1192, 877, 200.84, 74, 74, 100, 14342, Not Active, Not Active, Not Active
2026/07/17 11:12:37.174, 1192, 877, 189.82, 74, 73, 100, 14342, Not Active, Not Active, Not Active
2026/07/17 11:12:37.226, 1192, 877, 181.32, 74, 73, 100, 14342, Not Active, Not Active, Not Active
2026/07/17 11:12:37.278, 1192, 877, 164.91, 74, 74, 100, 14342, Not Active, Not Active, Not Active
2026/07/17 11:12:37.330, 1192, 877, 158.31, 75, 74, 100, 14342, Not Active, Not Active, Not Active
2026/07/17 11:12:37.381, 1192, 877, 140.95, 75, 74, 100, 14342, Not Active, Not Active, Not Active
2026/07/17 11:12:37.435, 1192, 877, 131.42, 75, 75, 100, 14342, Not Active, Not Active, Not Active
2026/07/17 11:12:37.487, 1192, 877, 154.78, 74, 74, 100, 14342, Not Active, Not Active, Not Active
2026/07/17 11:12:37.539, 1192, 877, 165.61, 74, 74, 100, 14342, Not Active, Not Active, Not Active
2026/07/17 11:12:37.590, 1192, 877, 186.95, 75, 75, 100, 14342, Not Active, Not Active, Not Active
2026/07/17 11:12:37.642, 1192, 877, 194.48, 75, 74, 100, 14342, Not Active, Not Active, Not Active
2026/07/17 11:12:37.694, 1192, 877, 190.87, 75, 74, 100, 14342, Not Active, Not Active, Not Active
2026/07/17 11:12:37.746, 1192, 877, 191.83, 74, 74, 100, 14342, Not Active, Not Active, Not Active
2026/07/17 11:12:37.800, 1192, 877, 183.47, 74, 74, 100, 14342, Not Active, Not Active, Not Active
2026/07/17 11:12:37.852, 1192, 877, 187.07, 74, 73, 100, 14342, Not Active, Not Active, Not Active
2026/07/17 11:12:37.904, 1192, 877, 177.12, 74, 73, 100, 14342, Not Active, Not Active, Not Active
2026/07/17 11:12:37.955, 1192, 877, 141.91, 75, 74, 100, 14342, Not Active, Not Active, Not Active
2026/07/17 11:12:38.008, 1192, 877, 155.37, 74, 74, 100, 14342, Not Active, Not Active, Not Active
2026/07/17 11:12:38.061, 1192, 877, 169.08, 75, 74, 100, 14342, Not Active, Not Active, Not Active
2026/07/17 11:12:38.113, 1192, 877, 193.78, 75, 75, 100, 14342, Not Active, Not Active, Not Active
2026/07/17 11:12:38.165, 1192, 877, 196.05, 74, 74, 100, 14342, Not Active, Not Active, Not Active
2026/07/17 11:12:38.216, 1192, 877, 195.70, 74, 74, 100, 14342, Not Active, Not Active, Not Active
2026/07/17 11:12:38.268, 1192, 877, 191.74, 74, 74, 100, 14342, Not Active, Not Active, Not Active
2026/07/17 11:12:38.320, 1192, 877, 185.03, 75, 73, 100, 14342, Not Active, Not Active, Not Active
2026/07/17 11:12:38.372, 1192, 877, 188.03, 74, 73, 100, 14342, Not Active, Not Active, Not Active
2026/07/17 11:12:38.429, 1192, 877, 166.35, 74, 73, 100, 14342, Not Active, Not Active, Not Active
2026/07/17 11:12:38.481, 1192, 877, 166.57, 74, 74, 100, 14342, Not Active, Not Active, Not Active
2026/07/17 11:12:38.533, 1192, 877, 139.02, 74, 74, 100, 14342, Not Active, Not Active, Not Active
2026/07/17 11:12:38.585, 1192, 877, 139.02, 75, 74, 100, 14342, Not Active, Not Active, Not Active
2026/07/17 11:12:38.636, 1192, 877, 157.66, 75, 75, 100, 14342, Not Active, Not Active, Not Active
2026/07/17 11:12:38.690, 1192, 877, 168.49, 75, 75, 100, 14342, Not Active, Not Active, Not Active
2026/07/17 11:12:38.742, 1192, 877, 192.82, 75, 74, 100, 14342, Not Active, Not Active, Not Active
2026/07/17 11:12:38.794, 1192, 877, 198.44, 74, 74, 100, 14342, Not Active, Not Active, Not Active
2026/07/17 11:12:38.846, 1192, 877, 195.44, 74, 75, 100, 14342, Not Active, Not Active, Not Active
2026/07/17 11:12:38.897, 1192, 877, 139.02, 74, 74, 100, 14342, Not Active, Not Active, Not Active
2026/07/17 11:12:38.949, 1192, 877, 160.07, 74, 73, 100, 14342, Not Active, Not Active, Not Active
2026/07/17 11:12:39.001, 1192, 877, 129.02, 74, 74, 100, 14342, Not Active, Not Active, Not Active
2026/07/17 11:12:39.052, 1192, 877, 145.75, 75, 75, 100, 14342, Not Active, Not Active, Not Active
2026/07/17 11:12:39.104, 1192, 877, 162.84, 74, 75, 100, 14342, Not Active, Not Active, Not Active
2026/07/17 11:12:39.156, 1192, 877, 185.28, 74, 75, 100, 14342, Not Active, Not Active, Not Active
2026/07/17 11:12:39.208, 1192, 877, 197.48, 74, 74, 100, 14342, Not Active, Not Active, Not Active
2026/07/17 11:12:39.264, 1192, 877, 195.70, 74, 74, 100, 14342, Not Active, Not Active, Not Active
2026/07/17 11:12:39.316, 1192, 877, 194.13, 74, 74, 100, 14342, Not Active, Not Active, Not Active
2026/07/17 11:12:39.367, 1192, 877, 181.08, 74, 74, 100, 14342, Not Active, Not Active, Not Active
2026/07/17 11:12:39.419, 1192, 877, 182.15, 74, 74, 100, 14342, Not Active, Not Active, Not Active
2026/07/17 11:12:39.471, 1192, 877, 168.74, 74, 74, 100, 14342, Not Active, Not Active, Not Active
2026/07/17 11:12:39.523, 1192, 877, 150.84, 74, 74, 100, 14342, Not Active, Not Active, Not Active
2026/07/17 11:12:39.575, 1192, 877, 130.07, 75, 75, 100, 14342, Not Active, Not Active, Not Active
2026/07/17 11:12:39.627, 1192, 877, 156.22, 75, 75, 100, 14342, Not Active, Not Active, Not Active
2026/07/17 11:12:39.679, 1192, 877, 171.37, 75, 75, 100, 14342, Not Active, Not Active, Not Active
2026/07/17 11:12:39.731, 1192, 877, 188.51, 75, 74, 100, 14342, Not Active, Not Active, Not Active
2026/07/17 11:12:39.783, 1192, 877, 192.44, 74, 74, 100, 14342, Not Active, Not Active, Not Active
2026/07/17 11:12:39.835, 1192, 877, 152.76, 74, 74, 100, 14342, Not Active, Not Active, Not Active
2026/07/17 11:12:39.887, 1192, 877, 166.46, 74, 73, 100, 14342, Not Active, Not Active, Not Active
2026/07/17 11:12:39.938, 1192, 877, 143.83, 75, 74, 100, 14342, Not Active, Not Active, Not Active
2026/07/17 11:12:39.990, 1192, 877, 134.31, 75, 75, 100, 14342, Not Active, Not Active, Not Active
2026/07/17 11:12:40.042, 1192, 877, 161.88, 75, 75, 100, 14342, Not Active, Not Active, Not Active
2026/07/17 11:12:40.094, 1192, 877, 174.24, 75, 74, 100, 14342, Not Active, Not Active, Not Active
2026/07/17 11:12:40.146, 1192, 877, 190.90, 75, 74, 100, 14342, Not Active, Not Active, Not Active
2026/07/17 11:12:40.202, 1192, 877, 194.00, 74, 74, 100, 14342, Not Active, Not Active, Not Active
2026/07/17 11:12:40.254, 1192, 877, 193.39, 74, 74, 100, 14342, Not Active, Not Active, Not Active
2026/07/17 11:12:40.305, 1192, 877, 193.30, 75, 74, 100, 14342, Not Active, Not Active, Not Active
2026/07/17 11:12:40.357, 1192, 877, 182.87, 75, 73, 100, 14342, Not Active, Not Active, Not Active
2026/07/17 11:12:40.409, 1192, 877, 182.88, 75, 73, 100, 14342, Not Active, Not Active, Not Active
2026/07/17 11:12:40.467, 1192, 877, 171.37, 75, 73, 100, 14342, Not Active, Not Active, Not Active
2026/07/17 11:12:40.519, 1192, 877, 145.66, 75, 74, 100, 14342, Not Active, Not Active, Not Active
2026/07/17 11:12:40.570, 1192, 877, 134.31, 74, 74, 100, 14342, Not Active, Not Active, Not Active
2026/07/17 11:12:40.622, 1192, 877, 161.03, 75, 75, 100, 14342, Not Active, Not Active, Not Active
2026/07/17 11:12:40.674, 1192, 877, 180.36, 75, 75, 100, 14342, Not Active, Not Active, Not Active
2026/07/17 11:12:40.726, 1192, 877, 202.00, 75, 75, 100, 14342, Not Active, Not Active, Not Active
2026/07/17 11:12:40.777, 1192, 877, 161.08, 74, 73, 100, 14342, Not Active, Not Active, Not Active
2026/07/17 11:12:40.832, 1192, 877, 184.07, 74, 73, 100, 14342, Not Active, Not Active, Not Active
2026/07/17 11:12:40.883, 1192, 877, 166.79, 74, 74, 100, 14342, Not Active, Not Active, Not Active
2026/07/17 11:12:40.935, 1192, 877, 136.14, 74, 74, 100, 14342, Not Active, Not Active, Not Active
2026/07/17 11:12:40.987, 1192, 877, 141.43, 74, 74, 100, 14342, Not Active, Not Active, Not Active
2026/07/17 11:12:41.039, 1192, 877, 161.77, 75, 74, 100, 14342, Not Active, Not Active, Not Active
2026/07/17 11:12:41.090, 1192, 877, 186.47, 75, 75, 100, 14342, Not Active, Not Active, Not Active
2026/07/17 11:12:41.142, 1192, 877, 198.92, 75, 74, 100, 14342, Not Active, Not Active, Not Active
2026/07/17 11:12:41.194, 1192, 877, 197.62, 74, 74, 100, 14342, Not Active, Not Active, Not Active
2026/07/17 11:12:41.246, 1192, 877, 185.40, 74, 74, 100, 14342, Not Active, Not Active, Not Active
2026/07/17 11:12:41.297, 1192, 877, 178.32, 74, 73, 100, 14342, Not Active, Not Active, Not Active
2026/07/17 11:12:41.349, 1192, 877, 165.13, 74, 73, 100, 14342, Not Active, Not Active, Not Active
2026/07/17 11:12:41.401, 1192, 877, 135.75, 75, 74, 100, 14342, Not Active, Not Active, Not Active
2026/07/17 11:12:41.453, 1192, 877, 149.70, 75, 75, 100, 14342, Not Active, Not Active, Not Active
2026/07/17 11:12:41.504, 1192, 877, 167.16, 75, 75, 100, 14342, Not Active, Not Active, Not Active
2026/07/17 11:12:41.556, 1192, 877, 192.82, 74, 75, 100, 14342, Not Active, Not Active, Not Active
2026/07/17 11:12:41.608, 1192, 877, 191.00, 74, 74, 100, 14342, Not Active, Not Active, Not Active
2026/07/17 11:12:41.660, 1192, 877, 196.87, 74, 74, 100, 14342, Not Active, Not Active, Not Active
2026/07/17 11:12:41.715, 1192, 877, 136.62, 74, 74, 100, 14342, Not Active, Not Active, Not Active
2026/07/17 11:12:41.767, 1192, 877, 152.28, 74, 74, 100, 14342, Not Active, Not Active, Not Active
2026/07/17 11:12:41.819, 1192, 877, 131.51, 75, 75, 100, 14342, Not Active, Not Active, Not Active
2026/07/17 11:12:41.870, 1192, 877, 157.66, 75, 74, 100, 14342, Not Active, Not Active, Not Active
2026/07/17 11:12:41.922, 1192, 877, 168.12, 75, 74, 100, 14342, Not Active, Not Active, Not Active
2026/07/17 11:12:41.977, 1192, 877, 196.05, 75, 75, 100, 14342, Not Active, Not Active, Not Active
2026/07/17 11:12:42.029, 1192, 877, 190.17, 74, 74, 100, 14342, Not Active, Not Active, Not Active
2026/07/17 11:12:42.081, 1192, 877, 191.48, 74, 74, 100, 14342, Not Active, Not Active, Not Active
2026/07/17 11:12:42.133, 1192, 877, 183.59, 74, 74, 100, 14342, Not Active, Not Active, Not Active
2026/07/17 11:12:42.184, 1192, 877, 174.01, 74, 73, 100, 14342, Not Active, Not Active, Not Active
2026/07/17 11:12:42.239, 1192, 877, 157.56, 75, 73, 100, 14342, Not Active, Not Active, Not Active
2026/07/17 11:12:42.290, 1192, 877, 124.77, 75, 74, 100, 14342, Not Active, Not Active, Not Active
2026/07/17 11:12:42.342, 1192, 877, 154.30, 75, 75, 100, 14342, Not Active, Not Active, Not Active
2026/07/17 11:12:42.394, 1192, 877, 168.49, 74, 75, 100, 14342, Not Active, Not Active, Not Active
2026/07/17 11:12:42.446, 1192, 877, 181.56, 74, 75, 100, 14342, Not Active, Not Active, Not Active
2026/07/17 11:12:42.503, 1192, 877, 198.04, 75, 74, 100, 14342, Not Active, Not Active, Not Active
2026/07/17 11:12:42.554, 1192, 877, 192.44, 74, 74, 100, 14342, Not Active, Not Active, Not Active
2026/07/17 11:12:42.606, 1192, 877, 180.96, 75, 74, 100, 14342, Not Active, Not Active, Not Active
2026/07/17 11:12:42.658, 1192, 877, 103.80, 75, 73, 100, 14342, Not Active, Not Active, Not Active
2026/07/17 11:12:42.711, 1192, 877, 131.99, 74, 74, 100, 14342, Not Active, Not Active, Not Active
2026/07/17 11:12:42.762, 1192, 877, 158.63, 75, 74, 100, 14342, Not Active, Not Active, Not Active
2026/07/17 11:12:42.814, 1192, 877, 180.84, 74, 75, 100, 14342, Not Active, Not Active, Not Active
2026/07/17 11:12:42.866, 1192, 877, 193.04, 74, 74, 100, 14342, Not Active, Not Active, Not Active
2026/07/17 11:12:42.918, 1192, 877, 195.31, 74, 74, 100, 14342, Not Active, Not Active, Not Active
2026/07/17 11:12:42.969, 1192, 877, 191.99, 74, 74, 100, 14342, Not Active, Not Active, Not Active
2026/07/17 11:12:43.024, 1192, 877, 174.97, 75, 74, 100, 14342, Not Active, Not Active, Not Active
2026/07/17 11:12:43.075, 1192, 877, 161.29, 75, 74, 100, 14342, Not Active, Not Active, Not Active
2026/07/17 11:12:43.127, 1192, 877, 127.26, 75, 74, 100, 14342, Not Active, Not Active, Not Active
2026/07/17 11:12:43.179, 1192, 877, 155.37, 75, 75, 100, 14342, Not Active, Not Active, Not Active
2026/07/17 11:12:43.231, 1192, 877, 171.00, 74, 75, 100, 14342, Not Active, Not Active, Not Active
2026/07/17 11:12:43.285, 1192, 877, 197.62, 74, 75, 100, 14342, Not Active, Not Active, Not Active
2026/07/17 11:12:43.337, 1192, 877, 195.57, 74, 75, 100, 14342, Not Active, Not Active, Not Active
2026/07/17 11:12:43.388, 1192, 877, 182.99, 74, 74, 100, 14342, Not Active, Not Active, Not Active
2026/07/17 11:12:43.441, 1192, 877, 188.03, 75, 73, 100, 14342, Not Active, Not Active, Not Active
2026/07/17 11:12:43.492, 1192, 877, 166.79, 75, 74, 100, 14342, Not Active, Not Active, Not Active
2026/07/17 11:12:43.544, 1192, 877, 136.62, 75, 74, 100, 14342, Not Active, Not Active, Not Active
2026/07/17 11:12:43.596, 1192, 877, 144.41, 74, 75, 100, 14342, Not Active, Not Active, Not Active
2026/07/17 11:12:43.647, 1192, 877, 188.15, 74, 74, 100, 14342, Not Active, Not Active, Not Active
2026/07/17 11:12:43.699, 1192, 877, 195.57, 74, 74, 100, 14342, Not Active, Not Active, Not Active
2026/07/17 11:12:43.751, 1192, 877, 186.34, 74, 74, 100, 14342, Not Active, Not Active, Not Active
2026/07/17 11:12:43.807, 1192, 877, 175.45, 74, 73, 100, 14342, Not Active, Not Active, Not Active
2026/07/17 11:12:43.859, 1192, 877, 157.08, 75, 73, 100, 14342, Not Active, Not Active, Not Active
2026/07/17 11:12:43.910, 1192, 877, 127.18, 75, 75, 100, 14342, Not Active, Not Active, Not Active
2026/07/17 11:12:43.962, 1192, 877, 157.18, 75, 75, 100, 14342, Not Active, Not Active, Not Active
2026/07/17 11:12:44.014, 1192, 877, 174.72, 75, 74, 100, 14342, Not Active, Not Active, Not Active
2026/07/17 11:12:44.068, 1192, 877, 198.18, 74, 74, 100, 14342, Not Active, Not Active, Not Active
2026/07/17 11:12:44.120, 1192, 877, 193.30, 74, 74, 100, 14342, Not Active, Not Active, Not Active
2026/07/17 11:12:44.172, 1192, 877, 187.20, 74, 73, 100, 14342, Not Active, Not Active, Not Active
2026/07/17 11:12:44.224, 1192, 877, 180.48, 74, 73, 100, 14342, Not Active, Not Active, Not Active
2026/07/17 11:12:44.276, 1192, 877, 158.04, 75, 74, 100, 14342, Not Active, Not Active, Not Active
2026/07/17 11:12:44.327, 1192, 877, 127.66, 75, 74, 100, 14342, Not Active, Not Active, Not Active
2026/07/17 11:12:44.379, 1192, 877, 155.26, 75, 75, 100, 14342, Not Active, Not Active, Not Active
2026/07/17 11:12:44.431, 1192, 877, 180.84, 74, 75, 100, 14342, Not Active, Not Active, Not Active
2026/07/17 11:12:44.483, 1192, 877, 194.96, 75, 75, 100, 14342, Not Active, Not Active, Not Active
2026/07/17 11:12:44.534, 1192, 877, 190.30, 74, 74, 100, 14342, Not Active, Not Active, Not Active
2026/07/17 11:12:44.590, 1192, 877, 119.80, 74, 73, 100, 14342, Not Active, Not Active, Not Active
2026/07/17 11:12:44.642, 1192, 877, 141.52, 74, 74, 100, 14342, Not Active, Not Active, Not Active
2026/07/17 11:12:44.694, 1192, 877, 138.64, 75, 74, 100, 14342, Not Active, Not Active, Not Active
2026/07/17 11:12:44.746, 1192, 877, 165.24, 75, 75, 100, 14342, Not Active, Not Active, Not Active
2026/07/17 11:12:44.798, 1192, 877, 188.51, 75, 75, 100, 14342, Not Active, Not Active, Not Active
2026/07/17 11:12:44.852, 1192, 877, 198.31, 75, 74, 100, 14342, Not Active, Not Active, Not Active
2026/07/17 11:12:44.903, 1192, 877, 190.90, 74, 74, 100, 14342, Not Active, Not Active, Not Active
2026/07/17 11:12:44.955, 1192, 877, 178.80, 74, 73, 100, 14342, Not Active, Not Active, Not Active
2026/07/17 11:12:45.007, 1192, 877, 158.04, 74, 74, 100, 14342, Not Active, Not Active, Not Active
2026/07/17 11:12:45.059, 1192, 877, 122.85, 75, 74, 100, 14342, Not Active, Not Active, Not Active
2026/07/17 11:12:45.111, 1192, 877, 154.78, 75, 75, 100, 14342, Not Active, Not Active, Not Active
2026/07/17 11:12:45.163, 1192, 877, 176.16, 75, 75, 100, 14342, Not Active, Not Active, Not Active
2026/07/17 11:12:45.215, 1192, 877, 200.23, 75, 74, 100, 14342, Not Active, Not Active, Not Active
2026/07/17 11:12:45.266, 1192, 877, 193.65, 74, 74, 100, 14342, Not Active, Not Active, Not Active
2026/07/17 11:12:45.318, 1192, 877, 179.64, 74, 73, 100, 14342, Not Active, Not Active, Not Active
2026/07/17 11:12:45.373, 1192, 877, 175.20, 74, 73, 100, 14342, Not Active, Not Active, Not Active
2026/07/17 11:12:45.424, 1192, 877, 149.98, 74, 74, 100, 14342, Not Active, Not Active, Not Active
2026/07/17 11:12:45.476, 1192, 877, 131.51, 75, 74, 100, 14342, Not Active, Not Active, Not Active
2026/07/17 11:12:45.528, 1192, 877, 159.00, 75, 75, 100, 14342, Not Active, Not Active, Not Active
2026/07/17 11:12:45.580, 1192, 877, 191.03, 74, 73, 100, 14342, Not Active, Not Active, Not Active
2026/07/17 11:12:45.634, 1192, 877, 182.51, 74, 74, 100, 14342, Not Active, Not Active, Not Active
2026/07/17 11:12:45.686, 1192, 877, 168.74, 74, 74, 100, 14342, Not Active, Not Active, Not Active
2026/07/17 11:12:45.738, 1192, 877, 149.12, 74, 74, 100, 14342, Not Active, Not Active, Not Active
2026/07/17 11:12:45.790, 1192, 877, 131.99, 74, 74, 100, 14342, Not Active, Not Active, Not Active
2026/07/17 11:12:45.842, 1192, 877, 159.11, 75, 75, 100, 14342, Not Active, Not Active, Not Active
2026/07/17 11:12:45.894, 1192, 877, 185.99, 75, 74, 100, 14342, Not Active, Not Active, Not Active
2026/07/17 11:12:45.945, 1192, 877, 190.52, 75, 74, 100, 14342, Not Active, Not Active, Not Active
2026/07/17 11:12:45.997, 1192, 877, 186.59, 74, 74, 100, 14342, Not Active, Not Active, Not Active
2026/07/17 11:12:46.049, 1192, 877, 177.37, 75, 73, 100, 14342, Not Active, Not Active, Not Active
2026/07/17 11:12:46.101, 1192, 877, 154.58, 75, 74, 100, 14342, Not Active, Not Active, Not Active
2026/07/17 11:12:46.154, 1192, 877, 126.22, 75, 74, 100, 14342, Not Active, Not Active, Not Active
2026/07/17 11:12:46.206, 1192, 877, 157.66, 75, 75, 100, 14342, Not Active, Not Active, Not Active
2026/07/17 11:12:46.257, 1192, 877, 180.72, 74, 75, 100, 14342, Not Active, Not Active, Not Active
2026/07/17 11:12:46.309, 1192, 877, 194.00, 74, 74, 100, 14342, Not Active, Not Active, Not Active
2026/07/17 11:12:46.361, 1192, 877, 194.13, 74, 74, 100, 14342, Not Active, Not Active, Not Active
2026/07/17 11:12:46.417, 1192, 877, 190.20, 74, 74, 100, 14342, Not Active, Not Active, Not Active
2026/07/17 11:12:46.469, 1192, 877, 175.07, 74, 73, 100, 14342, Not Active, Not Active, Not Active
2026/07/17 11:12:46.521, 1192, 877, 155.64, 75, 74, 100, 14342, Not Active, Not Active, Not Active
2026/07/17 11:12:46.576, 1192, 877, 164.76, 74, 74, 100, 14342, Not Active, Not Active, Not Active
2026/07/17 11:12:46.627, 1192, 877, 199.13, 74, 74, 100, 14342, Not Active, Not Active, Not Active
2026/07/17 11:12:46.679, 1192, 877, 193.17, 75, 74, 100, 14342, Not Active, Not Active, Not Active
2026/07/17 11:12:46.731, 1192, 877, 182.28, 74, 73, 100, 14342, Not Active, Not Active, Not Active
2026/07/17 11:12:46.783, 1192, 877, 178.20, 74, 73, 100, 14342, Not Active, Not Active, Not Active
2026/07/17 11:12:46.837, 1192, 877, 140.47, 74, 74, 100, 14342, Not Active, Not Active, Not Active
2026/07/17 11:12:46.889, 1192, 877, 141.04, 74, 75, 100, 14342, Not Active, Not Active, Not Active
2026/07/17 11:12:46.940, 1192, 877, 164.28, 74, 75, 100, 14342, Not Active, Not Active, Not Active
2026/07/17 11:12:46.992, 1192, 877, 196.26, 74, 75, 100, 14342, Not Active, Not Active, Not Active
2026/07/17 11:12:47.044, 1192, 877, 197.70, 75, 74, 100, 14342, Not Active, Not Active, Not Active
2026/07/17 11:12:47.100, 1192, 877, 187.07, 74, 74, 100, 14342, Not Active, Not Active, Not Active
2026/07/17 11:12:47.151, 1192, 877, 175.09, 74, 73, 100, 14342, Not Active, Not Active, Not Active
2026/07/17 11:12:47.203, 1192, 877, 153.99, 74, 73, 100, 14342, Not Active, Not Active, Not Active
2026/07/17 11:12:47.257, 1192, 877, 126.70, 75, 74, 100, 14342, Not Active, Not Active, Not Active
2026/07/17 11:12:47.309, 1192, 877, 156.22, 74, 75, 100, 14342, Not Active, Not Active, Not Active
2026/07/17 11:12:47.361, 1192, 877, 183.24, 74, 75, 100, 14342, Not Active, Not Active, Not Active
2026/07/17 11:12:47.414, 1192, 877, 192.09, 74, 74, 100, 14342, Not Active, Not Active, Not Active
2026/07/17 11:12:47.466, 1192, 877, 195.79, 74, 74, 100, 14342, Not Active, Not Active, Not Active
2026/07/17 11:12:47.521, 1192, 877, 96.63, 74, 74, 100, 14342, Not Active, Not Active, Not Active
2026/07/17 11:12:47.573, 1192, 877, 135.84, 74, 74, 100, 14342, Not Active, Not Active, Not Active
2026/07/17 11:12:47.625, 1192, 877, 163.32, 74, 75, 100, 14342, Not Active, Not Active, Not Active
2026/07/17 11:12:47.677, 1192, 877, 198.44, 74, 74, 100, 14342, Not Active, Not Active, Not Active
2026/07/17 11:12:47.728, 1192, 877, 198.23, 75, 74, 100, 14342, Not Active, Not Active, Not Active
2026/07/17 11:12:47.782, 1192, 877, 187.55, 74, 74, 100, 14342, Not Active, Not Active, Not Active
2026/07/17 11:12:47.834, 1192, 877, 177.60, 74, 74, 100, 14342, Not Active, Not Active, Not Active
2026/07/17 11:12:47.886, 1192, 877, 137.10, 74, 74, 100, 14342, Not Active, Not Active, Not Active
2026/07/17 11:12:47.938, 1192, 877, 144.31, 74, 74, 100, 14342, Not Active, Not Active, Not Active
2026/07/17 11:12:47.990, 1192, 877, 163.80, 75, 75, 100, 14342, Not Active, Not Active, Not Active
2026/07/17 11:12:48.042, 1192, 877, 204.05, 75, 74, 100, 14342, Not Active, Not Active, Not Active
2026/07/17 11:12:48.094, 1192, 877, 194.96, 75, 74, 100, 14342, Not Active, Not Active, Not Active
2026/07/17 11:12:48.145, 1192, 877, 180.60, 75, 73, 100, 14342, Not Active, Not Active, Not Active
2026/07/17 11:12:48.197, 1192, 877, 162.95, 75, 73, 100, 14342, Not Active, Not Active, Not Active
2026/07/17 11:12:48.249, 1192, 877, 122.45, 75, 74, 100, 14342, Not Active, Not Active, Not Active
2026/07/17 11:12:48.301, 1192, 877, 155.74, 75, 75, 100, 14342, Not Active, Not Active, Not Active
2026/07/17 11:12:48.353, 1192, 877, 184.55, 74, 74, 100, 14342, Not Active, Not Active, Not Active
2026/07/17 11:12:48.404, 1192, 877, 191.48, 74, 74, 100, 14342, Not Active, Not Active, Not Active
2026/07/17 11:12:48.456, 1192, 877, 181.68, 74, 74, 100, 14342, Not Active, Not Active, Not Active
2026/07/17 11:12:48.508, 1192, 877, 102.36, 74, 73, 100, 14342, Not Active, Not Active, Not Active
2026/07/17 11:12:48.562, 1192, 877, 144.41, 74, 74, 100, 14342, Not Active, Not Active, Not Active
2026/07/17 11:12:48.614, 1192, 877, 170.63, 74, 74, 100, 14342, Not Active, Not Active, Not Active
2026/07/17 11:12:48.666, 1192, 877, 201.32, 75, 74, 100, 14342, Not Active, Not Active, Not Active
2026/07/17 11:12:48.719, 1192, 877, 189.34, 74, 74, 100, 14342, Not Active, Not Active, Not Active
2026/07/17 11:12:48.771, 1192, 877, 183.71, 74, 74, 100, 14342, Not Active, Not Active, Not Active
2026/07/17 11:12:48.825, 1192, 877, 168.60, 74, 73, 100, 14342, Not Active, Not Active, Not Active
2026/07/17 11:12:48.877, 1192, 877, 121.88, 74, 74, 100, 14342, Not Active, Not Active, Not Active
2026/07/17 11:12:48.928, 1192, 877, 155.37, 75, 74, 100, 14342, Not Active, Not Active, Not Active
2026/07/17 11:12:48.980, 1192, 877, 182.28, 74, 75, 100, 14342, Not Active, Not Active, Not Active
2026/07/17 11:12:49.032, 1192, 877, 195.57, 74, 74, 100, 14342, Not Active, Not Active, Not Active
2026/07/17 11:12:49.086, 1192, 877, 189.47, 74, 74, 100, 14342, Not Active, Not Active, Not Active
2026/07/17 11:12:49.138, 1192, 877, 172.57, 74, 73, 100, 14342, Not Active, Not Active, Not Active
2026/07/17 11:12:49.190, 1192, 877, 150.74, 75, 74, 100, 14342, Not Active, Not Active, Not Active
2026/07/17 11:12:49.242, 1192, 877, 134.79, 75, 75, 100, 14342, Not Active, Not Active, Not Active
2026/07/17 11:12:49.294, 1192, 877, 163.80, 75, 74, 100, 14342, Not Active, Not Active, Not Active
2026/07/17 11:12:49.347, 1192, 877, 197.01, 75, 75, 100, 14342, Not Active, Not Active, Not Active
2026/07/17 11:12:49.398, 1192, 877, 189.44, 74, 74, 100, 14342, Not Active, Not Active, Not Active
2026/07/17 11:12:49.450, 1192, 877, 186.24, 74, 74, 100, 14342, Not Active, Not Active, Not Active
2026/07/17 11:12:49.502, 1192, 877, 133.92, 74, 74, 100, 14342, Not Active, Not Active, Not Active
2026/07/17 11:12:49.554, 1192, 877, 154.30, 74, 74, 100, 14342, Not Active, Not Active, Not Active
2026/07/17 11:12:49.607, 1192, 877, 195.22, 74, 75, 100, 14342, Not Active, Not Active, Not Active
2026/07/17 11:12:49.658, 1192, 877, 194.13, 74, 74, 100, 14342, Not Active, Not Active, Not Active
2026/07/17 11:12:49.710, 1192, 877, 184.55, 74, 74, 100, 14342, Not Active, Not Active, Not Active
2026/07/17 11:12:49.762, 1192, 877, 157.93, 75, 74, 100, 14342, Not Active, Not Active, Not Active
2026/07/17 11:12:49.814, 1192, 877, 120.84, 75, 74, 100, 14342, Not Active, Not Active, Not Active
2026/07/17 11:12:49.867, 1192, 877, 153.93, 75, 75, 100, 14342, Not Active, Not Active, Not Active
2026/07/17 11:12:49.919, 1192, 877, 183.24, 75, 74, 100, 14342, Not Active, Not Active, Not Active
2026/07/17 11:12:49.971, 1192, 877, 189.69, 74, 74, 100, 14342, Not Active, Not Active, Not Active
2026/07/17 11:12:50.024, 1192, 877, 187.78, 74, 74, 100, 14342, Not Active, Not Active, Not Active
2026/07/17 11:12:50.076, 1192, 877, 172.69, 74, 73, 100, 14342, Not Active, Not Active, Not Active
2026/07/17 11:12:50.129, 1192, 877, 147.20, 74, 74, 100, 14342, Not Active, Not Active, Not Active
2026/07/17 11:12:50.181, 1192, 877, 136.23, 75, 74, 100, 14342, Not Active, Not Active, Not Active
2026/07/17 11:12:50.233, 1192, 877, 168.12, 75, 75, 100, 14342, Not Active, Not Active, Not Active
2026/07/17 11:12:50.285, 1192, 877, 197.22, 75, 74, 100, 14342, Not Active, Not Active, Not Active
2026/07/17 11:12:50.337, 1192, 877, 193.17, 75, 74, 100, 14342, Not Active, Not Active, Not Active
2026/07/17 11:12:50.391, 1192, 877, 179.16, 74, 73, 100, 14342, Not Active, Not Active, Not Active
2026/07/17 11:12:50.443, 1192, 877, 161.40, 75, 73, 100, 14342, Not Active, Not Active, Not Active
2026/07/17 11:12:50.495, 1192, 877, 122.45, 75, 75, 100, 14342, Not Active, Not Active, Not Active
2026/07/17 11:12:50.547, 1192, 877, 199.88, 74, 74, 100, 14342, Not Active, Not Active, Not Active
2026/07/17 11:12:50.599, 1192, 877, 190.04, 74, 74, 100, 14342, Not Active, Not Active, Not Active
2026/07/17 11:12:50.653, 1192, 877, 187.68, 74, 73, 100, 14342, Not Active, Not Active, Not Active
2026/07/17 11:12:50.704, 1192, 877, 159.37, 74, 73, 100, 14342, Not Active, Not Active, Not Active
2026/07/17 11:12:50.756, 1192, 877, 123.33, 74, 74, 100, 14342, Not Active, Not Active, Not Active
2026/07/17 11:12:50.808, 1192, 877, 156.60, 75, 75, 100, 14342, Not Active, Not Active, Not Active
2026/07/17 11:12:50.860, 1192, 877, 183.59, 74, 74, 100, 14342, Not Active, Not Active, Not Active
2026/07/17 11:12:50.914, 1192, 877, 195.44, 74, 74, 100, 14342, Not Active, Not Active, Not Active
2026/07/17 11:12:50.966, 1192, 877, 175.33, 74, 73, 100, 14342, Not Active, Not Active, Not Active
2026/07/17 11:12:51.017, 1192, 877, 165.94, 74, 73, 100, 14342, Not Active, Not Active, Not Active
2026/07/17 11:12:51.069, 1192, 877, 123.33, 75, 74, 100, 14342, Not Active, Not Active, Not Active
2026/07/17 11:12:51.121, 1192, 877, 152.76, 75, 75, 100, 14342, Not Active, Not Active, Not Active
2026/07/17 11:12:51.173, 1192, 877, 188.99, 75, 75, 100, 14342, Not Active, Not Active, Not Active
2026/07/17 11:12:51.225, 1192, 877, 192.09, 74, 74, 100, 14342, Not Active, Not Active, Not Active
2026/07/17 11:12:51.276, 1192, 877, 184.19, 74, 74, 100, 14342, Not Active, Not Active, Not Active
2026/07/17 11:12:51.328, 1192, 877, 161.40, 74, 74, 100, 14342, Not Active, Not Active, Not Active
2026/07/17 11:12:51.380, 1192, 877, 122.45, 74, 74, 100, 14342, Not Active, Not Active, Not Active
2026/07/17 11:12:51.433, 1192, 877, 153.82, 75, 75, 100, 14342, Not Active, Not Active, Not Active
2026/07/17 11:12:51.485, 1192, 877, 184.80, 75, 74, 100, 14342, Not Active, Not Active, Not Active
2026/07/17 11:12:51.537, 1192, 877, 147.58, 74, 73, 100, 14342, Not Active, Not Active, Not Active
2026/07/17 11:12:51.589, 1192, 877, 146.14, 74, 74, 100, 14342, Not Active, Not Active, Not Active
2026/07/17 11:12:51.640, 1192, 877, 134.31, 75, 74, 100, 14342, Not Active, Not Active, Not Active
2026/07/17 11:12:51.694, 1192, 877, 161.40, 75, 74, 100, 14342, Not Active, Not Active, Not Active
2026/07/17 11:12:51.746, 1192, 877, 200.84, 74, 74, 100, 14342, Not Active, Not Active, Not Active
2026/07/17 11:12:51.797, 1192, 877, 191.48, 74, 74, 100, 14342, Not Active, Not Active, Not Active
2026/07/17 11:12:51.849, 1192, 877, 171.73, 74, 73, 100, 14342, Not Active, Not Active, Not Active
2026/07/17 11:12:51.901, 1192, 877, 146.71, 74, 74, 100, 14342, Not Active, Not Active, Not Active
2026/07/17 11:12:51.955, 1192, 877, 133.83, 74, 75, 100, 14342, Not Active, Not Active, Not Active
2026/07/17 11:12:52.007, 1192, 877, 165.72, 74, 75, 100, 14342, Not Active, Not Active, Not Active
2026/07/17 11:12:52.058, 1192, 877, 194.35, 74, 74, 100, 14342, Not Active, Not Active, Not Active
2026/07/17 11:12:52.110, 1192, 877, 191.74, 74, 74, 100, 14342, Not Active, Not Active, Not Active
2026/07/17 11:12:52.162, 1192, 877, 176.89, 74, 74, 100, 14342, Not Active, Not Active, Not Active
2026/07/17 11:12:52.216, 1192, 877, 146.71, 75, 74, 100, 14342, Not Active, Not Active, Not Active
2026/07/17 11:12:52.268, 1192, 877, 137.68, 75, 74, 100, 14342, Not Active, Not Active, Not Active
2026/07/17 11:12:52.320, 1192, 877, 166.09, 75, 75, 100, 14342, Not Active, Not Active, Not Active
2026/07/17 11:12:52.372, 1192, 877, 196.53, 75, 74, 100, 14342, Not Active, Not Active, Not Active
2026/07/17 11:12:52.423, 1192, 877, 194.26, 74, 74, 100, 14342, Not Active, Not Active, Not Active
2026/07/17 11:12:52.479, 1192, 877, 182.40, 74, 74, 100, 14342, Not Active, Not Active, Not Active
2026/07/17 11:12:52.532, 1192, 877, 151.04, 74, 74, 100, 14342, Not Active, Not Active, Not Active
2026/07/17 11:12:52.584, 1192, 877, 160.07, 74, 74, 100, 14342, Not Active, Not Active, Not Active
2026/07/17 11:12:52.638, 1192, 877, 194.83, 74, 74, 100, 14342, Not Active, Not Active, Not Active
2026/07/17 11:12:52.689, 1192, 877, 191.13, 74, 74, 100, 14342, Not Active, Not Active, Not Active
2026/07/17 11:12:52.741, 1192, 877, 169.93, 74, 74, 100, 14342, Not Active, Not Active, Not Active
2026/07/17 11:12:52.793, 1192, 877, 127.09, 74, 74, 100, 14342, Not Active, Not Active, Not Active
2026/07/17 11:12:52.845, 1192, 877, 148.16, 75, 75, 100, 14342, Not Active, Not Active, Not Active
2026/07/17 11:12:52.898, 1192, 877, 174.72, 74, 74, 100, 14342, Not Active, Not Active, Not Active
2026/07/17 11:12:52.950, 1192, 877, 192.79, 74, 74, 100, 14342, Not Active, Not Active, Not Active
2026/07/17 11:12:53.001, 1192, 877, 189.59, 74, 74, 100, 14342, Not Active, Not Active, Not Active
2026/07/17 11:12:53.053, 1192, 877, 157.93, 74, 73, 100, 14342, Not Active, Not Active, Not Active
2026/07/17 11:12:53.105, 1192, 877, 119.56, 74, 74, 100, 14342, Not Active, Not Active, Not Active
2026/07/17 11:12:53.159, 1192, 877, 153.34, 75, 75, 100, 14342, Not Active, Not Active, Not Active
2026/07/17 11:12:53.210, 1192, 877, 192.69, 75, 74, 100, 14342, Not Active, Not Active, Not Active
2026/07/17 11:12:53.262, 1192, 877, 193.52, 74, 74, 100, 14342, Not Active, Not Active, Not Active
2026/07/17 11:12:53.314, 1192, 877, 184.32, 74, 73, 100, 14342, Not Active, Not Active, Not Active
2026/07/17 11:12:53.366, 1192, 877, 151.70, 74, 74, 100, 14342, Not Active, Not Active, Not Active
2026/07/17 11:12:53.419, 1192, 877, 130.46, 74, 74, 100, 14342, Not Active, Not Active, Not Active
2026/07/17 11:12:53.471, 1192, 877, 163.32, 74, 75, 100, 14342, Not Active, Not Active, Not Active
2026/07/17 11:12:53.523, 1192, 877, 200.01, 74, 74, 100, 14342, Not Active, Not Active, Not Active
2026/07/17 11:12:53.575, 1192, 877, 114.18, 74, 73, 100, 14342, Not Active, Not Active, Not Active
2026/07/17 11:12:53.626, 1192, 877, 117.15, 74, 74, 100, 14342, Not Active, Not Active, Not Active
2026/07/17 11:12:53.678, 1192, 877, 154.78, 74, 75, 100, 14342, Not Active, Not Active, Not Active
2026/07/17 11:12:53.730, 1192, 877, 180.36, 74, 75, 100, 14342, Not Active, Not Active, Not Active
2026/07/17 11:12:53.784, 1192, 877, 194.61, 74, 74, 100, 14342, Not Active, Not Active, Not Active
2026/07/17 11:12:53.836, 1192, 877, 182.15, 74, 73, 100, 14342, Not Active, Not Active, Not Active
2026/07/17 11:12:53.887, 1192, 877, 153.34, 74, 74, 100, 14342, Not Active, Not Active, Not Active
2026/07/17 11:12:53.939, 1192, 877, 131.99, 74, 74, 100, 14342, Not Active, Not Active, Not Active
2026/07/17 11:12:53.991, 1192, 877, 166.20, 75, 75, 100, 14342, Not Active, Not Active, Not Active
2026/07/17 11:12:54.044, 1192, 877, 198.66, 74, 74, 100, 14342, Not Active, Not Active, Not Active
2026/07/17 11:12:54.095, 1192, 877, 190.30, 74, 73, 100, 14342, Not Active, Not Active, Not Active
2026/07/17 11:12:54.147, 1192, 877, 168.38, 74, 73, 100, 14342, Not Active, Not Active, Not Active
2026/07/17 11:12:54.199, 1192, 877, 123.33, 74, 74, 100, 14342, Not Active, Not Active, Not Active
2026/07/17 11:12:54.251, 1192, 877, 150.94, 74, 75, 100, 14342, Not Active, Not Active, Not Active
2026/07/17 11:12:54.303, 1192, 877, 187.07, 74, 75, 100, 14342, Not Active, Not Active, Not Active
2026/07/17 11:12:54.355, 1192, 877, 192.21, 74, 74, 100, 14342, Not Active, Not Active, Not Active
2026/07/17 11:12:54.407, 1192, 877, 181.08, 74, 73, 100, 14342, Not Active, Not Active, Not Active
2026/07/17 11:12:54.458, 1192, 877, 151.80, 75, 73, 100, 14342, Not Active, Not Active, Not Active
2026/07/17 11:12:54.510, 1192, 877, 128.62, 75, 74, 100, 14342, Not Active, Not Active, Not Active
2026/07/17 11:12:54.564, 1192, 877, 160.92, 75, 75, 100, 14342, Not Active, Not Active, Not Active
2026/07/17 11:12:54.616, 1192, 877, 170.63, 74, 73, 100, 14342, Not Active, Not Active, Not Active
2026/07/17 11:12:54.668, 1192, 877, 170.04, 74, 73, 100, 14342, Not Active, Not Active, Not Active
2026/07/17 11:12:54.719, 1192, 877, 116.67, 74, 74, 100, 14342, Not Active, Not Active, Not Active
2026/07/17 11:12:54.771, 1192, 877, 157.18, 74, 74, 100, 14342, Not Active, Not Active, Not Active
2026/07/17 11:12:54.823, 1192, 877, 192.21, 74, 74, 100, 14342, Not Active, Not Active, Not Active
2026/07/17 11:12:54.875, 1192, 877, 196.66, 74, 74, 100, 14342, Not Active, Not Active, Not Active
2026/07/17 11:12:54.928, 1192, 877, 179.76, 74, 73, 100, 14342, Not Active, Not Active, Not Active
2026/07/17 11:12:54.980, 1192, 877, 134.61, 74, 74, 100, 14342, Not Active, Not Active, Not Active
2026/07/17 11:12:55.031, 1192, 877, 149.12, 75, 74, 100, 14342, Not Active, Not Active, Not Active
2026/07/17 11:12:55.083, 1192, 877, 180.36, 75, 75, 100, 14342, Not Active, Not Active, Not Active
2026/07/17 11:12:55.135, 1192, 877, 197.75, 74, 74, 100, 14342, Not Active, Not Active, Not Active
2026/07/17 11:12:55.189, 1192, 877, 184.43, 74, 74, 100, 14342, Not Active, Not Active, Not Active
2026/07/17 11:12:55.241, 1192, 877, 162.58, 74, 74, 100, 14342, Not Active, Not Active, Not Active
2026/07/17 11:12:55.293, 1192, 877, 123.81, 75, 74, 100, 14342, Not Active, Not Active, Not Active
2026/07/17 11:12:55.345, 1192, 877, 158.52, 75, 74, 100, 14342, Not Active, Not Active, Not Active
2026/07/17 11:12:55.397, 1192, 877, 202.41, 75, 74, 100, 14342, Not Active, Not Active, Not Active
2026/07/17 11:12:55.450, 1192, 877, 194.00, 74, 74, 100, 14342, Not Active, Not Active, Not Active
2026/07/17 11:12:55.502, 1192, 877, 178.20, 74, 74, 100, 14342, Not Active, Not Active, Not Active
2026/07/17 11:12:55.554, 1192, 877, 123.73, 74, 74, 100, 14342, Not Active, Not Active, Not Active
2026/07/17 11:12:55.606, 1192, 877, 149.60, 74, 74, 100, 14342, Not Active, Not Active, Not Active
2026/07/17 11:12:55.658, 1192, 877, 57.21, 74, 72, 100, 354, Not Active, Not Active, Not Active
2026/07/17 11:12:55.710, 1192, 877, 49.47, 72, 72, 100, 354, Not Active, Not Active, Not Active
2026/07/17 11:12:55.762, 1192, 877, 48.99, 72, 71, 100, 352, Not Active, Not Active, Not Active
