timestamp,graphics_clock_mhz,memory_clock_mhz,power_w,gpu_temperature_c,memory_temperature_c,gpu_util_pct,memory_used_mib,sw_power_cap,sw_thermal_slowdown,hw_thermal_slowdown
2026/07/17 11:03:50.228, 1192, 877, 35.97, 50, 49, 0, 6, Not Active, Not Active, Not Active
2026/07/17 11:03:50.282, 1192, 877, 35.97, 50, 49, 0, 6, Not Active, Not Active, Not Active
2026/07/17 11:03:50.336, 1192, 877, 35.97, 50, 49, 0, 8, Not Active, Not Active, Not Active
2026/07/17 11:03:50.388, 1192, 877, 35.97, 50, 49, 0, 8, Not Active, Not Active, Not Active
2026/07/17 11:03:50.440, 1192, 877, 35.97, 50, 49, 0, 20, Not Active, Not Active, Not Active
2026/07/17 11:03:50.492, 1192, 877, 35.97, 50, 49, 0, 316, Not Active, Not Active, Not Active
2026/07/17 11:03:50.544, 1192, 877, 35.97, 50, 49, 3, 316, Not Active, Not Active, Not Active
2026/07/17 11:03:50.596, 1192, 877, 35.97, 50, 49, 3, 316, Not Active, Not Active, Not Active
2026/07/17 11:03:50.648, 1192, 877, 35.97, 50, 49, 3, 316, Not Active, Not Active, Not Active
2026/07/17 11:03:50.699, 1192, 877, 35.97, 50, 49, 0, 6708, Not Active, Not Active, Not Active
2026/07/17 11:03:50.752, 1192, 877, 36.94, 50, 49, 0, 6708, Not Active, Not Active, Not Active
2026/07/17 11:03:50.805, 1192, 877, 36.94, 50, 49, 0, 6708, Not Active, Not Active, Not Active
2026/07/17 11:03:50.859, 1192, 877, 36.94, 50, 49, 84, 6708, Not Active, Not Active, Not Active
2026/07/17 11:03:50.911, 1192, 877, 36.94, 50, 49, 84, 6708, Not Active, Not Active, Not Active
2026/07/17 11:03:50.964, 1192, 877, 36.94, 50, 49, 84, 6708, Not Active, Not Active, Not Active
2026/07/17 11:03:51.019, 1192, 877, 36.94, 50, 49, 99, 6708, Not Active, Not Active, Not Active
2026/07/17 11:03:51.071, 1192, 877, 36.94, 50, 49, 99, 6708, Not Active, Not Active, Not Active
2026/07/17 11:03:51.124, 1192, 877, 36.94, 50, 49, 99, 6708, Not Active, Not Active, Not Active
2026/07/17 11:03:51.176, 1192, 877, 36.94, 50, 49, 99, 6708, Not Active, Not Active, Not Active
2026/07/17 11:03:51.229, 1192, 877, 36.94, 50, 49, 99, 6708, Not Active, Not Active, Not Active
2026/07/17 11:03:51.282, 1192, 877, 36.94, 50, 49, 99, 6708, Not Active, Not Active, Not Active
2026/07/17 11:03:51.334, 1192, 877, 36.94, 50, 49, 99, 6708, Not Active, Not Active, Not Active
2026/07/17 11:03:51.387, 1192, 877, 36.94, 50, 49, 99, 6708, Not Active, Not Active, Not Active
2026/07/17 11:03:51.439, 1192, 877, 36.94, 50, 49, 99, 6708, Not Active, Not Active, Not Active
2026/07/17 11:03:51.492, 1192, 877, 36.94, 50, 49, 99, 6708, Not Active, Not Active, Not Active
2026/07/17 11:03:51.544, 1192, 877, 36.94, 50, 49, 99, 6708, Not Active, Not Active, Not Active
2026/07/17 11:03:51.597, 1192, 877, 36.94, 50, 49, 99, 6708, Not Active, Not Active, Not Active
2026/07/17 11:03:51.649, 1192, 877, 36.94, 50, 49, 99, 6708, Not Active, Not Active, Not Active
2026/07/17 11:03:51.702, 1192, 877, 36.94, 50, 49, 99, 6708, Not Active, Not Active, Not Active
2026/07/17 11:03:51.755, 1192, 877, 36.94, 50, 49, 99, 6708, Not Active, Not Active, Not Active
2026/07/17 11:03:51.807, 1192, 877, 36.94, 50, 49, 99, 6708, Not Active, Not Active, Not Active
2026/07/17 11:03:51.860, 1192, 877, 36.94, 50, 49, 99, 6708, Not Active, Not Active, Not Active
2026/07/17 11:03:51.912, 1192, 877, 36.94, 50, 49, 99, 6708, Not Active, Not Active, Not Active
2026/07/17 11:03:51.965, 1192, 877, 36.94, 50, 49, 99, 6708, Not Active, Not Active, Not Active
2026/07/17 11:03:52.017, 1192, 877, 36.94, 50, 49, 99, 6708, Not Active, Not Active, Not Active
2026/07/17 11:03:52.070, 1192, 877, 36.46, 50, 49, 99, 6708, Not Active, Not Active, Not Active
2026/07/17 11:03:52.123, 1192, 877, 36.94, 50, 49, 99, 6708, Not Active, Not Active, Not Active
2026/07/17 11:03:52.176, 1192, 877, 36.46, 50, 48, 99, 6708, Not Active, Not Active, Not Active
2026/07/17 11:03:52.228, 1192, 877, 36.94, 50, 49, 99, 6708, Not Active, Not Active, Not Active
2026/07/17 11:03:52.280, 1192, 877, 36.94, 50, 49, 99, 6708, Not Active, Not Active, Not Active
2026/07/17 11:03:52.333, 1192, 877, 36.46, 50, 48, 99, 6708, Not Active, Not Active, Not Active
2026/07/17 11:03:52.386, 1192, 877, 36.94, 50, 48, 99, 6708, Not Active, Not Active, Not Active
2026/07/17 11:03:52.439, 1192, 877, 36.46, 50, 49, 99, 6708, Not Active, Not Active, Not Active
2026/07/17 11:03:52.491, 1192, 877, 36.94, 50, 48, 99, 6708, Not Active, Not Active, Not Active
2026/07/17 11:03:52.544, 1192, 877, 36.46, 50, 49, 99, 6708, Not Active, Not Active, Not Active
2026/07/17 11:03:52.596, 1192, 877, 36.46, 50, 49, 99, 6708, Not Active, Not Active, Not Active
2026/07/17 11:03:52.649, 1192, 877, 36.94, 50, 48, 99, 6708, Not Active, Not Active, Not Active
2026/07/17 11:03:52.701, 1192, 877, 36.46, 50, 48, 99, 6708, Not Active, Not Active, Not Active
2026/07/17 11:03:52.753, 1192, 877, 36.46, 50, 48, 99, 6708, Not Active, Not Active, Not Active
2026/07/17 11:03:52.806, 1192, 877, 37.40, 50, 49, 99, 8230, Not Active, Not Active, Not Active
2026/07/17 11:03:52.858, 1192, 877, 153.34, 51, 50, 66, 8404, Not Active, Not Active, Not Active
2026/07/17 11:03:52.910, 1192, 877, 164.43, 52, 52, 66, 8404, Not Active, Not Active, Not Active
2026/07/17 11:03:52.962, 1192, 877, 168.97, 52, 53, 66, 8404, Not Active, Not Active, Not Active
2026/07/17 11:03:53.014, 1192, 877, 176.76, 53, 53, 66, 8404, Not Active, Not Active, Not Active
2026/07/17 11:03:53.066, 1192, 877, 170.41, 53, 54, 98, 8404, Not Active, Not Active, Not Active
2026/07/17 11:03:53.117, 1192, 877, 175.80, 54, 54, 98, 8404, Not Active, Not Active, Not Active
2026/07/17 11:03:53.171, 1192, 877, 166.35, 54, 54, 98, 8404, Not Active, Not Active, Not Active
2026/07/17 11:03:53.223, 1192, 877, 164.54, 54, 54, 100, 8404, Not Active, Not Active, Not Active
2026/07/17 11:03:53.274, 1192, 877, 169.08, 54, 54, 100, 8404, Not Active, Not Active, Not Active
2026/07/17 11:03:53.326, 1192, 877, 171.59, 54, 55, 100, 8404, Not Active, Not Active, Not Active
2026/07/17 11:03:53.378, 1192, 877, 170.52, 55, 55, 100, 8404, Not Active, Not Active, Not Active
2026/07/17 11:03:53.432, 1192, 877, 168.85, 55, 55, 100, 8404, Not Active, Not Active, Not Active
2026/07/17 11:03:53.484, 1192, 877, 166.20, 55, 54, 100, 8404, Not Active, Not Active, Not Active
2026/07/17 11:03:53.535, 1192, 877, 163.21, 55, 55, 100, 8404, Not Active, Not Active, Not Active
2026/07/17 11:03:53.587, 1192, 877, 165.50, 55, 55, 100, 8404, Not Active, Not Active, Not Active
2026/07/17 11:03:53.639, 1192, 877, 163.69, 55, 55, 100, 8404, Not Active, Not Active, Not Active
2026/07/17 11:03:53.692, 1192, 877, 168.12, 55, 55, 100, 8404, Not Active, Not Active, Not Active
2026/07/17 11:03:53.744, 1192, 877, 169.56, 55, 55, 100, 8404, Not Active, Not Active, Not Active
2026/07/17 11:03:53.796, 1192, 877, 155.74, 55, 55, 100, 8404, Not Active, Not Active, Not Active
2026/07/17 11:03:53.847, 1192, 877, 165.83, 55, 55, 100, 8404, Not Active, Not Active, Not Active
2026/07/17 11:03:53.899, 1192, 877, 168.23, 55, 55, 100, 8404, Not Active, Not Active, Not Active
2026/07/17 11:03:53.953, 1192, 877, 165.94, 55, 55, 100, 8404, Not Active, Not Active, Not Active
2026/07/17 11:03:54.005, 1192, 877, 166.68, 55, 55, 100, 8404, Not Active, Not Active, Not Active
2026/07/17 11:03:54.057, 1192, 877, 166.20, 55, 55, 98, 8404, Not Active, Not Active, Not Active
2026/07/17 11:03:54.109, 1192, 877, 163.43, 55, 55, 98, 8404, Not Active, Not Active, Not Active
2026/07/17 11:03:54.161, 1192, 877, 152.38, 55, 55, 98, 8404, Not Active, Not Active, Not Active
2026/07/17 11:03:54.213, 1192, 877, 172.44, 55, 55, 92, 8404, Not Active, Not Active, Not Active
2026/07/17 11:03:54.265, 1192, 877, 166.46, 55, 55, 92, 8404, Not Active, Not Active, Not Active
2026/07/17 11:03:54.317, 1192, 877, 165.13, 56, 56, 92, 8404, Not Active, Not Active, Not Active
2026/07/17 11:03:54.368, 1192, 877, 170.04, 56, 56, 100, 8404, Not Active, Not Active, Not Active
2026/07/17 11:03:54.420, 1192, 877, 164.76, 56, 56, 100, 8404, Not Active, Not Active, Not Active
2026/07/17 11:03:54.472, 1192, 877, 162.73, 56, 56, 100, 8404, Not Active, Not Active, Not Active
2026/07/17 11:03:54.524, 1192, 877, 159.85, 56, 56, 100, 8404, Not Active, Not Active, Not Active
2026/07/17 11:03:54.576, 1192, 877, 165.13, 56, 56, 100, 8404, Not Active, Not Active, Not Active
2026/07/17 11:03:54.628, 1192, 877, 164.17, 56, 56, 100, 8404, Not Active, Not Active, Not Active
2026/07/17 11:03:54.679, 1192, 877, 167.64, 56, 56, 100, 8404, Not Active, Not Active, Not Active
2026/07/17 11:03:54.731, 1192, 877, 164.87, 56, 56, 100, 8404, Not Active, Not Active, Not Active
2026/07/17 11:03:54.783, 1192, 877, 166.57, 56, 56, 100, 8404, Not Active, Not Active, Not Active
2026/07/17 11:03:54.836, 1192, 877, 156.50, 56, 55, 100, 8404, Not Active, Not Active, Not Active
2026/07/17 11:03:54.888, 1192, 877, 165.24, 56, 56, 100, 8404, Not Active, Not Active, Not Active
2026/07/17 11:03:54.940, 1192, 877, 168.97, 56, 56, 100, 8404, Not Active, Not Active, Not Active
2026/07/17 11:03:54.992, 1192, 877, 164.87, 56, 56, 100, 8404, Not Active, Not Active, Not Active
2026/07/17 11:03:55.044, 1192, 877, 171.85, 56, 56, 100, 8404, Not Active, Not Active, Not Active
2026/07/17 11:03:55.097, 1192, 877, 167.05, 56, 56, 100, 8404, Not Active, Not Active, Not Active
2026/07/17 11:03:55.149, 1192, 877, 167.53, 56, 56, 100, 8404, Not Active, Not Active, Not Active
2026/07/17 11:03:55.201, 1192, 877, 160.17, 56, 56, 100, 8404, Not Active, Not Active, Not Active
2026/07/17 11:03:55.253, 1192, 877, 159.48, 56, 56, 100, 8404, Not Active, Not Active, Not Active
2026/07/17 11:03:55.304, 1192, 877, 164.65, 57, 56, 100, 8404, Not Active, Not Active, Not Active
2026/07/17 11:03:55.358, 1192, 877, 171.85, 57, 57, 100, 8404, Not Active, Not Active, Not Active
2026/07/17 11:03:55.410, 1192, 877, 170.04, 57, 57, 100, 8404, Not Active, Not Active, Not Active
2026/07/17 11:03:55.462, 1192, 877, 162.14, 57, 57, 100, 8404, Not Active, Not Active, Not Active
2026/07/17 11:03:55.514, 1192, 877, 161.51, 57, 57, 100, 8404, Not Active, Not Active, Not Active
2026/07/17 11:03:55.565, 1192, 877, 156.98, 56, 57, 100, 8404, Not Active, Not Active, Not Active
2026/07/17 11:03:55.618, 1192, 877, 162.73, 57, 57, 100, 8404, Not Active, Not Active, Not Active
2026/07/17 11:03:55.670, 1192, 877, 171.96, 57, 57, 100, 8404, Not Active, Not Active, Not Active
2026/07/17 11:03:55.722, 1192, 877, 165.13, 57, 57, 100, 8404, Not Active, Not Active, Not Active
2026/07/17 11:03:55.774, 1192, 877, 162.62, 57, 57, 100, 8404, Not Active, Not Active, Not Active
2026/07/17 11:03:55.825, 1192, 877, 155.64, 57, 57, 100, 8404, Not Active, Not Active, Not Active
2026/07/17 11:03:55.879, 1192, 877, 135.36, 57, 57, 100, 8404, Not Active, Not Active, Not Active
2026/07/17 11:03:55.932, 1192, 877, 167.53, 57, 57, 100, 8404, Not Active, Not Active, Not Active
2026/07/17 11:03:55.983, 1192, 877, 172.44, 57, 57, 100, 8404, Not Active, Not Active, Not Active
2026/07/17 11:03:56.058, 1192, 877, 161.88, 57, 57, 100, 8404, Not Active, Not Active, Not Active
2026/07/17 11:03:56.110, 1192, 877, 166.09, 57, 57, 100, 8404, Not Active, Not Active, Not Active
2026/07/17 11:03:56.163, 1192, 877, 164.39, 57, 57, 100, 8404, Not Active, Not Active, Not Active
2026/07/17 11:03:56.215, 1192, 877, 163.43, 57, 57, 100, 8404, Not Active, Not Active, Not Active
2026/07/17 11:03:56.266, 1192, 877, 163.32, 57, 57, 100, 8404, Not Active, Not Active, Not Active
2026/07/17 11:03:56.318, 1192, 877, 168.60, 57, 57, 100, 8404, Not Active, Not Active, Not Active
2026/07/17 11:03:56.370, 1192, 877, 151.22, 57, 58, 100, 8404, Not Active, Not Active, Not Active
2026/07/17 11:03:56.424, 1192, 877, 159.00, 57, 57, 100, 8404, Not Active, Not Active, Not Active
2026/07/17 11:03:56.475, 1192, 877, 164.17, 57, 57, 100, 8404, Not Active, Not Active, Not Active
2026/07/17 11:03:56.527, 1192, 877, 161.40, 57, 57, 100, 8404, Not Active, Not Active, Not Active
2026/07/17 11:03:56.579, 1192, 877, 166.68, 57, 58, 100, 8404, Not Active, Not Active, Not Active
2026/07/17 11:03:56.631, 1192, 877, 164.54, 57, 57, 100, 8404, Not Active, Not Active, Not Active
2026/07/17 11:03:56.684, 1192, 877, 170.41, 57, 58, 100, 8404, Not Active, Not Active, Not Active
2026/07/17 11:03:56.736, 1192, 877, 155.85, 57, 57, 100, 8404, Not Active, Not Active, Not Active
2026/07/17 11:03:56.788, 1192, 877, 160.81, 57, 58, 100, 8404, Not Active, Not Active, Not Active
2026/07/17 11:03:56.840, 1192, 877, 165.13, 58, 58, 100, 8404, Not Active, Not Active, Not Active
2026/07/17 11:03:56.891, 1192, 877, 165.83, 58, 58, 100, 8404, Not Active, Not Active, Not Active
2026/07/17 11:03:56.946, 1192, 877, 162.25, 58, 58, 100, 8404, Not Active, Not Active, Not Active
2026/07/17 11:03:56.998, 1192, 877, 159.59, 57, 57, 100, 8404, Not Active, Not Active, Not Active
2026/07/17 11:03:57.049, 1192, 877, 165.13, 58, 58, 100, 8404, Not Active, Not Active, Not Active
2026/07/17 11:03:57.101, 1192, 877, 169.93, 58, 58, 100, 8404, Not Active, Not Active, Not Active
2026/07/17 11:03:57.153, 1192, 877, 157.18, 58, 58, 100, 8404, Not Active, Not Active, Not Active
2026/07/17 11:03:57.206, 1192, 877, 161.13, 58, 58, 100, 8404, Not Active, Not Active, Not Active
2026/07/17 11:03:57.258, 1192, 877, 162.36, 58, 58, 100, 8404, Not Active, Not Active, Not Active
2026/07/17 11:03:57.310, 1192, 877, 169.56, 58, 58, 100, 8404, Not Active, Not Active, Not Active
2026/07/17 11:03:57.362, 1192, 877, 154.20, 58, 58, 100, 8404, Not Active, Not Active, Not Active
2026/07/17 11:03:57.413, 1192, 877, 164.76, 58, 58, 100, 8404, Not Active, Not Active, Not Active
2026/07/17 11:03:57.469, 1192, 877, 166.57, 58, 58, 100, 8404, Not Active, Not Active, Not Active
2026/07/17 11:03:57.520, 1192, 877, 170.04, 58, 58, 100, 8404, Not Active, Not Active, Not Active
2026/07/17 11:03:57.572, 1192, 877, 157.66, 58, 58, 100, 8404, Not Active, Not Active, Not Active
2026/07/17 11:03:57.624, 1192, 877, 160.07, 58, 58, 100, 8404, Not Active, Not Active, Not Active
2026/07/17 11:03:57.676, 1192, 877, 165.61, 58, 58, 100, 8404, Not Active, Not Active, Not Active
2026/07/17 11:03:57.728, 1192, 877, 133.26, 58, 58, 100, 8404, Not Active, Not Active, Not Active
2026/07/17 11:03:57.780, 1192, 877, 159.00, 58, 58, 100, 8404, Not Active, Not Active, Not Active
2026/07/17 11:03:57.832, 1192, 877, 166.79, 58, 58, 100, 8404, Not Active, Not Active, Not Active
2026/07/17 11:03:57.884, 1192, 877, 170.41, 58, 58, 100, 8404, Not Active, Not Active, Not Active
2026/07/17 11:03:57.935, 1192, 877, 172.92, 58, 58, 100, 8404, Not Active, Not Active, Not Active
2026/07/17 11:03:57.990, 1192, 877, 166.94, 58, 59, 100, 8404, Not Active, Not Active, Not Active
2026/07/17 11:03:58.042, 1192, 877, 166.79, 58, 58, 100, 8404, Not Active, Not Active, Not Active
2026/07/17 11:03:58.093, 1192, 877, 149.50, 58, 59, 100, 8404, Not Active, Not Active, Not Active
2026/07/17 11:03:58.145, 1192, 877, 154.30, 58, 58, 100, 8404, Not Active, Not Active, Not Active
2026/07/17 11:03:58.197, 1192, 877, 157.46, 58, 58, 100, 8404, Not Active, Not Active, Not Active
2026/07/17 11:03:58.250, 1192, 877, 164.39, 58, 59, 100, 8404, Not Active, Not Active, Not Active
2026/07/17 11:03:58.302, 1192, 877, 162.36, 58, 58, 100, 8404, Not Active, Not Active, Not Active
2026/07/17 11:03:58.354, 1192, 877, 168.97, 59, 59, 100, 8404, Not Active, Not Active, Not Active
2026/07/17 11:03:58.405, 1192, 877, 168.97, 58, 59, 100, 8404, Not Active, Not Active, Not Active
2026/07/17 11:03:58.465, 1192, 877, 160.44, 58, 59, 100, 8404, Not Active, Not Active, Not Active
2026/07/17 11:03:58.516, 1192, 877, 163.43, 58, 58, 100, 8404, Not Active, Not Active, Not Active
2026/07/17 11:03:58.568, 1192, 877, 168.12, 58, 59, 100, 8404, Not Active, Not Active, Not Active
2026/07/17 11:03:58.620, 1192, 877, 169.08, 58, 59, 100, 8404, Not Active, Not Active, Not Active
2026/07/17 11:03:58.674, 1192, 877, 154.41, 59, 59, 100, 8404, Not Active, Not Active, Not Active
2026/07/17 11:03:58.726, 1192, 877, 158.52, 59, 59, 100, 8404, Not Active, Not Active, Not Active
2026/07/17 11:03:58.778, 1192, 877, 155.16, 59, 59, 100, 8404, Not Active, Not Active, Not Active
2026/07/17 11:03:58.830, 1192, 877, 163.32, 59, 59, 100, 8404, Not Active, Not Active, Not Active
2026/07/17 11:03:58.882, 1192, 877, 132.87, 59, 59, 100, 8404, Not Active, Not Active, Not Active
2026/07/17 11:03:58.934, 1192, 877, 161.99, 59, 59, 100, 8404, Not Active, Not Active, Not Active
2026/07/17 11:03:58.986, 1192, 877, 166.57, 59, 59, 100, 8404, Not Active, Not Active, Not Active
2026/07/17 11:03:59.037, 1192, 877, 162.36, 59, 59, 100, 8404, Not Active, Not Active, Not Active
2026/07/17 11:03:59.089, 1192, 877, 166.57, 59, 59, 100, 8404, Not Active, Not Active, Not Active
2026/07/17 11:03:59.141, 1192, 877, 164.65, 59, 59, 100, 8404, Not Active, Not Active, Not Active
2026/07/17 11:03:59.195, 1192, 877, 166.31, 59, 59, 100, 8404, Not Active, Not Active, Not Active
2026/07/17 11:03:59.247, 1192, 877, 169.08, 59, 59, 100, 8404, Not Active, Not Active, Not Active
2026/07/17 11:03:59.299, 1192, 877, 163.32, 59, 59, 100, 8404, Not Active, Not Active, Not Active
2026/07/17 11:03:59.351, 1192, 877, 168.97, 59, 59, 100, 8404, Not Active, Not Active, Not Active
2026/07/17 11:03:59.402, 1192, 877, 165.13, 59, 59, 100, 8404, Not Active, Not Active, Not Active
2026/07/17 11:03:59.457, 1192, 877, 156.60, 59, 59, 100, 8404, Not Active, Not Active, Not Active
2026/07/17 11:03:59.508, 1192, 877, 149.02, 59, 59, 100, 8404, Not Active, Not Active, Not Active
2026/07/17 11:03:59.560, 1192, 877, 155.26, 59, 59, 100, 8404, Not Active, Not Active, Not Active
2026/07/17 11:03:59.612, 1192, 877, 154.30, 59, 59, 100, 8404, Not Active, Not Active, Not Active
2026/07/17 11:03:59.664, 1192, 877, 115.78, 59, 59, 100, 8404, Not Active, Not Active, Not Active
2026/07/17 11:03:59.717, 1192, 877, 155.74, 59, 59, 100, 8404, Not Active, Not Active, Not Active
2026/07/17 11:03:59.769, 1192, 877, 163.80, 59, 60, 100, 8404, Not Active, Not Active, Not Active
2026/07/17 11:03:59.820, 1192, 877, 164.76, 59, 60, 100, 8404, Not Active, Not Active, Not Active
2026/07/17 11:03:59.872, 1192, 877, 159.59, 59, 60, 100, 8404, Not Active, Not Active, Not Active
2026/07/17 11:03:59.924, 1192, 877, 169.45, 59, 59, 100, 8404, Not Active, Not Active, Not Active
2026/07/17 11:03:59.978, 1192, 877, 164.76, 59, 60, 100, 8404, Not Active, Not Active, Not Active
2026/07/17 11:04:00.030, 1192, 877, 165.50, 59, 59, 100, 8404, Not Active, Not Active, Not Active
2026/07/17 11:04:00.081, 1192, 877, 151.32, 59, 59, 100, 8404, Not Active, Not Active, Not Active
2026/07/17 11:04:00.133, 1192, 877, 164.28, 59, 59, 100, 8404, Not Active, Not Active, Not Active
2026/07/17 11:04:00.185, 1192, 877, 171.37, 59, 60, 100, 8404, Not Active, Not Active, Not Active
2026/07/17 11:04:00.240, 1192, 877, 166.09, 59, 59, 100, 8404, Not Active, Not Active, Not Active
2026/07/17 11:04:00.291, 1192, 877, 168.01, 59, 60, 100, 8404, Not Active, Not Active, Not Active
2026/07/17 11:04:00.343, 1192, 877, 171.00, 60, 60, 100, 8404, Not Active, Not Active, Not Active
2026/07/17 11:04:00.395, 1192, 877, 168.01, 60, 60, 100, 8404, Not Active, Not Active, Not Active
2026/07/17 11:04:00.447, 1192, 877, 174.84, 59, 60, 100, 8404, Not Active, Not Active, Not Active
2026/07/17 11:04:00.501, 1192, 877, 158.41, 59, 59, 100, 8404, Not Active, Not Active, Not Active
2026/07/17 11:04:00.553, 1192, 877, 169.08, 60, 59, 100, 8404, Not Active, Not Active, Not Active
2026/07/17 11:04:00.605, 1192, 877, 175.32, 60, 60, 100, 8404, Not Active, Not Active, Not Active
2026/07/17 11:04:00.657, 1192, 877, 172.55, 60, 60, 100, 8404, Not Active, Not Active, Not Active
2026/07/17 11:04:00.709, 1192, 877, 167.16, 60, 60, 100, 8404, Not Active, Not Active, Not Active
2026/07/17 11:04:00.762, 1192, 877, 163.91, 60, 60, 100, 8404, Not Active, Not Active, Not Active
2026/07/17 11:04:00.814, 1192, 877, 156.70, 60, 60, 100, 8404, Not Active, Not Active, Not Active
2026/07/17 11:04:00.865, 1192, 877, 150.46, 60, 60, 100, 8404, Not Active, Not Active, Not Active
2026/07/17 11:04:00.917, 1192, 877, 163.43, 60, 60, 100, 8404, Not Active, Not Active, Not Active
2026/07/17 11:04:00.969, 1192, 877, 165.72, 60, 60, 100, 8404, Not Active, Not Active, Not Active
2026/07/17 11:04:01.023, 1192, 877, 154.78, 60, 60, 100, 8404, Not Active, Not Active, Not Active
2026/07/17 11:04:01.074, 1192, 877, 153.44, 60, 60, 100, 8404, Not Active, Not Active, Not Active
2026/07/17 11:04:01.126, 1192, 877, 148.64, 60, 60, 100, 8404, Not Active, Not Active, Not Active
2026/07/17 11:04:01.178, 1192, 877, 147.29, 60, 60, 100, 8404, Not Active, Not Active, Not Active
2026/07/17 11:04:01.230, 1192, 877, 148.92, 60, 60, 100, 8404, Not Active, Not Active, Not Active
2026/07/17 11:04:01.283, 1192, 877, 156.70, 60, 60, 100, 8404, Not Active, Not Active, Not Active
2026/07/17 11:04:01.334, 1192, 877, 152.86, 60, 60, 100, 8404, Not Active, Not Active, Not Active
2026/07/17 11:04:01.386, 1192, 877, 152.00, 60, 60, 100, 8404, Not Active, Not Active, Not Active
2026/07/17 11:04:01.438, 1192, 877, 149.60, 60, 60, 100, 8404, Not Active, Not Active, Not Active
2026/07/17 11:04:01.490, 1192, 877, 145.27, 60, 60, 100, 8404, Not Active, Not Active, Not Active
2026/07/17 11:04:01.544, 1192, 877, 151.52, 60, 60, 100, 8404, Not Active, Not Active, Not Active
2026/07/17 11:04:01.595, 1192, 877, 152.00, 60, 60, 100, 8404, Not Active, Not Active, Not Active
2026/07/17 11:04:01.647, 1192, 877, 157.18, 60, 60, 100, 8404, Not Active, Not Active, Not Active
2026/07/17 11:04:01.699, 1192, 877, 155.26, 60, 60, 100, 8404, Not Active, Not Active, Not Active
2026/07/17 11:04:01.751, 1192, 877, 151.42, 60, 60, 100, 8404, Not Active, Not Active, Not Active
2026/07/17 11:04:01.804, 1192, 877, 150.56, 60, 60, 100, 8404, Not Active, Not Active, Not Active
2026/07/17 11:04:01.857, 1192, 877, 149.12, 60, 60, 100, 8404, Not Active, Not Active, Not Active
2026/07/17 11:04:01.908, 1192, 877, 148.16, 60, 60, 100, 8404, Not Active, Not Active, Not Active
2026/07/17 11:04:01.960, 1192, 877, 148.16, 60, 61, 100, 8404, Not Active, Not Active, Not Active
2026/07/17 11:04:02.012, 1192, 877, 145.75, 60, 60, 100, 8404, Not Active, Not Active, Not Active
2026/07/17 11:04:02.065, 1192, 877, 143.26, 60, 60, 100, 8404, Not Active, Not Active, Not Active
2026/07/17 11:04:02.117, 1192, 877, 146.62, 60, 61, 100, 8404, Not Active, Not Active, Not Active
2026/07/17 11:04:02.169, 1192, 877, 161.77, 60, 60, 100, 8404, Not Active, Not Active, Not Active
2026/07/17 11:04:02.220, 1192, 877, 164.76, 60, 60, 100, 8404, Not Active, Not Active, Not Active
2026/07/17 11:04:02.272, 1192, 877, 161.51, 60, 60, 100, 8404, Not Active, Not Active, Not Active
2026/07/17 11:04:02.327, 1192, 877, 161.99, 60, 60, 100, 8404, Not Active, Not Active, Not Active
2026/07/17 11:04:02.379, 1192, 877, 163.80, 61, 61, 100, 8404, Not Active, Not Active, Not Active
2026/07/17 11:04:02.430, 1192, 877, 162.36, 60, 61, 100, 8404, Not Active, Not Active, Not Active
2026/07/17 11:04:02.482, 1192, 877, 163.32, 61, 61, 100, 8404, Not Active, Not Active, Not Active
2026/07/17 11:04:02.534, 1192, 877, 159.59, 61, 61, 100, 8404, Not Active, Not Active, Not Active
2026/07/17 11:04:02.588, 1192, 877, 166.57, 60, 60, 100, 8404, Not Active, Not Active, Not Active
2026/07/17 11:04:02.640, 1192, 877, 176.16, 60, 61, 100, 8404, Not Active, Not Active, Not Active
2026/07/17 11:04:02.691, 1192, 877, 172.92, 60, 61, 100, 8404, Not Active, Not Active, Not Active
2026/07/17 11:04:02.743, 1192, 877, 168.38, 61, 61, 100, 8404, Not Active, Not Active, Not Active
2026/07/17 11:04:02.795, 1192, 877, 171.00, 61, 61, 100, 8404, Not Active, Not Active, Not Active
2026/07/17 11:04:02.850, 1192, 877, 171.25, 61, 61, 100, 8404, Not Active, Not Active, Not Active
2026/07/17 11:04:02.901, 1192, 877, 173.17, 61, 61, 100, 8404, Not Active, Not Active, Not Active
2026/07/17 11:04:02.953, 1192, 877, 168.12, 61, 61, 100, 8404, Not Active, Not Active, Not Active
2026/07/17 11:04:03.005, 1192, 877, 158.73, 61, 60, 100, 8404, Not Active, Not Active, Not Active
2026/07/17 11:04:03.057, 1192, 877, 168.12, 60, 61, 100, 8404, Not Active, Not Active, Not Active
2026/07/17 11:04:03.110, 1192, 877, 166.57, 61, 61, 100, 8404, Not Active, Not Active, Not Active
2026/07/17 11:04:03.162, 1192, 877, 168.97, 61, 61, 100, 8404, Not Active, Not Active, Not Active
2026/07/17 11:04:03.214, 1192, 877, 172.07, 61, 61, 100, 8404, Not Active, Not Active, Not Active
2026/07/17 11:04:03.266, 1192, 877, 167.64, 61, 61, 100, 8404, Not Active, Not Active, Not Active
2026/07/17 11:04:03.317, 1192, 877, 168.49, 61, 61, 100, 8404, Not Active, Not Active, Not Active
2026/07/17 11:04:03.371, 1192, 877, 165.50, 61, 61, 100, 8404, Not Active, Not Active, Not Active
2026/07/17 11:04:03.422, 1192, 877, 136.23, 61, 61, 100, 8404, Not Active, Not Active, Not Active
2026/07/17 11:04:03.474, 1192, 877, 159.96, 61, 61, 100, 8404, Not Active, Not Active, Not Active
2026/07/17 11:04:03.526, 1192, 877, 157.18, 61, 61, 100, 8404, Not Active, Not Active, Not Active
2026/07/17 11:04:03.578, 1192, 877, 152.76, 61, 62, 100, 8404, Not Active, Not Active, Not Active
2026/07/17 11:04:03.631, 1192, 877, 157.29, 61, 62, 100, 8404, Not Active, Not Active, Not Active
2026/07/17 11:04:03.683, 1192, 877, 159.11, 61, 62, 100, 8404, Not Active, Not Active, Not Active
2026/07/17 11:04:03.735, 1192, 877, 153.82, 61, 62, 100, 8404, Not Active, Not Active, Not Active
2026/07/17 11:04:03.786, 1192, 877, 148.64, 61, 62, 100, 8404, Not Active, Not Active, Not Active
2026/07/17 11:04:03.838, 1192, 877, 148.64, 61, 61, 100, 8404, Not Active, Not Active, Not Active
2026/07/17 11:04:03.892, 1192, 877, 161.88, 61, 61, 100, 8404, Not Active, Not Active, Not Active
2026/07/17 11:04:03.944, 1192, 877, 165.02, 61, 61, 100, 8404, Not Active, Not Active, Not Active
2026/07/17 11:04:03.995, 1192, 877, 171.00, 61, 62, 100, 8404, Not Active, Not Active, Not Active
2026/07/17 11:04:04.047, 1192, 877, 171.73, 61, 62, 100, 8404, Not Active, Not Active, Not Active
2026/07/17 11:04:04.099, 1192, 877, 176.76, 61, 61, 100, 8404, Not Active, Not Active, Not Active
2026/07/17 11:04:04.154, 1192, 877, 171.85, 61, 61, 100, 8404, Not Active, Not Active, Not Active
2026/07/17 11:04:04.206, 1192, 877, 167.64, 61, 62, 100, 8404, Not Active, Not Active, Not Active
2026/07/17 11:04:04.257, 1192, 877, 165.13, 61, 61, 100, 8404, Not Active, Not Active, Not Active
2026/07/17 11:04:04.309, 1192, 877, 155.26, 61, 61, 100, 8404, Not Active, Not Active, Not Active
2026/07/17 11:04:04.361, 1192, 877, 164.76, 61, 61, 100, 8404, Not Active, Not Active, Not Active
2026/07/17 11:04:04.415, 1192, 877, 165.83, 61, 61, 100, 8404, Not Active, Not Active, Not Active
2026/07/17 11:04:04.466, 1192, 877, 165.61, 61, 62, 100, 8404, Not Active, Not Active, Not Active
2026/07/17 11:04:04.518, 1192, 877, 160.55, 61, 62, 100, 8404, Not Active, Not Active, Not Active
2026/07/17 11:04:04.570, 1192, 877, 164.17, 61, 62, 100, 8404, Not Active, Not Active, Not Active
2026/07/17 11:04:04.622, 1192, 877, 157.56, 61, 62, 100, 8404, Not Active, Not Active, Not Active
2026/07/17 11:04:04.675, 1192, 877, 153.44, 61, 62, 100, 8404, Not Active, Not Active, Not Active
2026/07/17 11:04:04.727, 1192, 877, 148.74, 61, 62, 100, 8404, Not Active, Not Active, Not Active
2026/07/17 11:04:04.779, 1192, 877, 159.96, 61, 61, 100, 8404, Not Active, Not Active, Not Active
2026/07/17 11:04:04.830, 1192, 877, 166.09, 61, 62, 100, 8404, Not Active, Not Active, Not Active
2026/07/17 11:04:04.882, 1192, 877, 168.60, 61, 62, 100, 8404, Not Active, Not Active, Not Active
2026/07/17 11:04:04.937, 1192, 877, 171.85, 61, 62, 100, 8404, Not Active, Not Active, Not Active
2026/07/17 11:04:04.989, 1192, 877, 171.85, 62, 62, 100, 8404, Not Active, Not Active, Not Active
2026/07/17 11:04:05.040, 1192, 877, 164.17, 62, 62, 100, 8404, Not Active, Not Active, Not Active
2026/07/17 11:04:05.092, 1192, 877, 172.92, 62, 62, 100, 8404, Not Active, Not Active, Not Active
2026/07/17 11:04:05.144, 1192, 877, 165.24, 62, 62, 100, 8404, Not Active, Not Active, Not Active
2026/07/17 11:04:05.197, 1192, 877, 144.79, 61, 61, 100, 8404, Not Active, Not Active, Not Active
2026/07/17 11:04:05.249, 1192, 877, 163.43, 61, 62, 100, 8404, Not Active, Not Active, Not Active
2026/07/17 11:04:05.301, 1192, 877, 156.60, 62, 62, 100, 8404, Not Active, Not Active, Not Active
2026/07/17 11:04:05.352, 1192, 877, 152.76, 62, 62, 100, 8404, Not Active, Not Active, Not Active
2026/07/17 11:04:05.404, 1192, 877, 152.00, 62, 62, 100, 8404, Not Active, Not Active, Not Active
2026/07/17 11:04:05.458, 1192, 877, 142.77, 61, 62, 100, 8404, Not Active, Not Active, Not Active
2026/07/17 11:04:05.510, 1192, 877, 145.75, 62, 62, 100, 8404, Not Active, Not Active, Not Active
2026/07/17 11:04:05.562, 1192, 877, 159.59, 62, 62, 100, 8404, Not Active, Not Active, Not Active
2026/07/17 11:04:05.614, 1192, 877, 103.32, 61, 62, 100, 8404, Not Active, Not Active, Not Active
2026/07/17 11:04:05.690, 1192, 877, 142.39, 62, 62, 100, 8404, Not Active, Not Active, Not Active
2026/07/17 11:04:05.742, 1192, 877, 142.39, 62, 62, 100, 8404, Not Active, Not Active, Not Active
2026/07/17 11:04:05.794, 1192, 877, 155.16, 62, 62, 100, 8404, Not Active, Not Active, Not Active
2026/07/17 11:04:05.846, 1192, 877, 163.69, 62, 62, 100, 8404, Not Active, Not Active, Not Active
2026/07/17 11:04:05.898, 1192, 877, 168.97, 62, 62, 100, 8404, Not Active, Not Active, Not Active
2026/07/17 11:04:05.949, 1192, 877, 174.72, 62, 62, 100, 8404, Not Active, Not Active, Not Active
2026/07/17 11:04:06.002, 1192, 877, 168.71, 62, 62, 100, 8404, Not Active, Not Active, Not Active
2026/07/17 11:04:06.054, 1192, 877, 169.45, 62, 62, 100, 8404, Not Active, Not Active, Not Active
2026/07/17 11:04:06.106, 1192, 877, 142.96, 62, 62, 100, 8404, Not Active, Not Active, Not Active
2026/07/17 11:04:06.158, 1192, 877, 161.88, 62, 62, 100, 8404, Not Active, Not Active, Not Active
2026/07/17 11:04:06.209, 1192, 877, 155.85, 62, 62, 100, 8404, Not Active, Not Active, Not Active
2026/07/17 11:04:06.263, 1192, 877, 155.74, 62, 62, 100, 8404, Not Active, Not Active, Not Active
2026/07/17 11:04:06.315, 1192, 877, 137.68, 62, 62, 100, 8404, Not Active, Not Active, Not Active
2026/07/17 11:04:06.366, 1192, 877, 152.00, 62, 62, 100, 8404, Not Active, Not Active, Not Active
2026/07/17 11:04:06.418, 1192, 877, 163.32, 62, 63, 100, 8404, Not Active, Not Active, Not Active
2026/07/17 11:04:06.470, 1192, 877, 167.53, 62, 63, 100, 8404, Not Active, Not Active, Not Active
2026/07/17 11:04:06.524, 1192, 877, 169.08, 62, 62, 100, 8404, Not Active, Not Active, Not Active
2026/07/17 11:04:06.576, 1192, 877, 154.30, 62, 62, 100, 8404, Not Active, Not Active, Not Active
2026/07/17 11:04:06.628, 1192, 877, 159.85, 62, 62, 100, 8404, Not Active, Not Active, Not Active
2026/07/17 11:04:06.680, 1192, 877, 164.76, 62, 63, 100, 8404, Not Active, Not Active, Not Active
2026/07/17 11:04:06.731, 1192, 877, 165.24, 62, 63, 100, 8404, Not Active, Not Active, Not Active
2026/07/17 11:04:06.785, 1192, 877, 151.32, 62, 63, 100, 8404, Not Active, Not Active, Not Active
2026/07/17 11:04:06.837, 1192, 877, 149.98, 62, 63, 100, 8404, Not Active, Not Active, Not Active
2026/07/17 11:04:06.888, 1192, 877, 143.35, 62, 63, 100, 8404, Not Active, Not Active, Not Active
2026/07/17 11:04:06.940, 1192, 877, 159.59, 62, 63, 100, 8404, Not Active, Not Active, Not Active
2026/07/17 11:04:06.992, 1192, 877, 164.39, 62, 63, 100, 8404, Not Active, Not Active, Not Active
2026/07/17 11:04:07.046, 1192, 877, 166.79, 62, 62, 100, 8404, Not Active, Not Active, Not Active
2026/07/17 11:04:07.098, 1192, 877, 169.93, 62, 62, 100, 8404, Not Active, Not Active, Not Active
2026/07/17 11:04:07.150, 1192, 877, 164.39, 62, 63, 100, 8404, Not Active, Not Active, Not Active
2026/07/17 11:04:07.202, 1192, 877, 156.60, 62, 63, 100, 8404, Not Active, Not Active, Not Active
2026/07/17 11:04:07.253, 1192, 877, 159.00, 62, 63, 100, 8404, Not Active, Not Active, Not Active
2026/07/17 11:04:07.307, 1192, 877, 152.86, 62, 63, 100, 8404, Not Active, Not Active, Not Active
2026/07/17 11:04:07.359, 1192, 877, 138.16, 62, 63, 100, 8404, Not Active, Not Active, Not Active
2026/07/17 11:04:07.411, 1192, 877, 152.38, 62, 63, 100, 8404, Not Active, Not Active, Not Active
2026/07/17 11:04:07.462, 1192, 877, 166.20, 62, 63, 100, 8404, Not Active, Not Active, Not Active
2026/07/17 11:04:07.514, 1192, 877, 163.80, 62, 62, 100, 8404, Not Active, Not Active, Not Active
2026/07/17 11:04:07.568, 1192, 877, 166.20, 62, 63, 100, 8404, Not Active, Not Active, Not Active
2026/07/17 11:04:07.620, 1192, 877, 165.35, 62, 63, 100, 8404, Not Active, Not Active, Not Active
2026/07/17 11:04:07.672, 1192, 877, 157.56, 63, 63, 100, 8404, Not Active, Not Active, Not Active
2026/07/17 11:04:07.724, 1192, 877, 155.74, 63, 63, 100, 8404, Not Active, Not Active, Not Active
2026/07/17 11:04:07.775, 1192, 877, 149.50, 63, 63, 100, 8404, Not Active, Not Active, Not Active
2026/07/17 11:04:07.829, 1192, 877, 139.12, 63, 63, 100, 8404, Not Active, Not Active, Not Active
2026/07/17 11:04:07.881, 1192, 877, 158.63, 63, 63, 100, 8404, Not Active, Not Active, Not Active
2026/07/17 11:04:07.932, 1192, 877, 167.05, 63, 63, 100, 8404, Not Active, Not Active, Not Active
2026/07/17 11:04:07.984, 1192, 877, 158.63, 62, 62, 100, 8404, Not Active, Not Active, Not Active
2026/07/17 11:04:08.036, 1192, 877, 165.72, 63, 63, 100, 8404, Not Active, Not Active, Not Active
2026/07/17 11:04:08.088, 1192, 877, 159.96, 63, 63, 100, 8404, Not Active, Not Active, Not Active
2026/07/17 11:04:08.140, 1192, 877, 155.26, 63, 63, 100, 8404, Not Active, Not Active, Not Active
2026/07/17 11:04:08.191, 1192, 877, 144.31, 63, 63, 100, 8404, Not Active, Not Active, Not Active
2026/07/17 11:04:08.243, 1192, 877, 148.16, 63, 63, 100, 8404, Not Active, Not Active, Not Active
2026/07/17 11:04:08.295, 1192, 877, 164.28, 63, 63, 100, 8404, Not Active, Not Active, Not Active
2026/07/17 11:04:08.347, 1192, 877, 172.44, 63, 63, 100, 8404, Not Active, Not Active, Not Active
2026/07/17 11:04:08.398, 1192, 877, 168.49, 63, 63, 100, 8404, Not Active, Not Active, Not Active
2026/07/17 11:04:08.453, 1192, 877, 144.22, 63, 62, 100, 8404, Not Active, Not Active, Not Active
2026/07/17 11:04:08.504, 1192, 877, 159.11, 63, 63, 100, 8404, Not Active, Not Active, Not Active
2026/07/17 11:04:08.556, 1192, 877, 155.74, 63, 63, 100, 8404, Not Active, Not Active, Not Active
2026/07/17 11:04:08.608, 1192, 877, 138.64, 63, 63, 100, 8404, Not Active, Not Active, Not Active
2026/07/17 11:04:08.660, 1192, 877, 154.78, 63, 63, 100, 8404, Not Active, Not Active, Not Active
2026/07/17 11:04:08.713, 1192, 877, 164.17, 63, 63, 100, 8404, Not Active, Not Active, Not Active
2026/07/17 11:04:08.765, 1192, 877, 173.76, 63, 63, 100, 8404, Not Active, Not Active, Not Active
2026/07/17 11:04:08.817, 1192, 877, 173.76, 63, 63, 100, 8404, Not Active, Not Active, Not Active
2026/07/17 11:04:08.869, 1192, 877, 167.16, 63, 63, 100, 8404, Not Active, Not Active, Not Active
2026/07/17 11:04:08.920, 1192, 877, 101.39, 63, 63, 100, 8404, Not Active, Not Active, Not Active
2026/07/17 11:04:08.973, 1192, 877, 134.79, 63, 63, 100, 8404, Not Active, Not Active, Not Active
2026/07/17 11:04:09.025, 1192, 877, 155.26, 63, 63, 100, 8404, Not Active, Not Active, Not Active
2026/07/17 11:04:09.077, 1192, 877, 169.56, 63, 63, 100, 8404, Not Active, Not Active, Not Active
2026/07/17 11:04:09.129, 1192, 877, 168.60, 63, 64, 100, 8404, Not Active, Not Active, Not Active
2026/07/17 11:04:09.180, 1192, 877, 167.90, 63, 63, 100, 8404, Not Active, Not Active, Not Active
2026/07/17 11:04:09.235, 1192, 877, 167.53, 63, 63, 100, 8404, Not Active, Not Active, Not Active
2026/07/17 11:04:09.287, 1192, 877, 162.84, 63, 63, 100, 8404, Not Active, Not Active, Not Active
2026/07/17 11:04:09.339, 1192, 877, 149.50, 63, 64, 100, 8404, Not Active, Not Active, Not Active
2026/07/17 11:04:09.390, 1192, 877, 137.58, 63, 64, 100, 8404, Not Active, Not Active, Not Active
2026/07/17 11:04:09.442, 1192, 877, 163.32, 63, 63, 100, 8404, Not Active, Not Active, Not Active
2026/07/17 11:04:09.496, 1192, 877, 172.80, 63, 63, 100, 8404, Not Active, Not Active, Not Active
2026/07/17 11:04:09.548, 1192, 877, 168.60, 63, 63, 100, 8404, Not Active, Not Active, Not Active
2026/07/17 11:04:09.600, 1192, 877, 165.35, 63, 63, 100, 8404, Not Active, Not Active, Not Active
2026/07/17 11:04:09.651, 1192, 877, 164.28, 63, 63, 100, 8404, Not Active, Not Active, Not Active
2026/07/17 11:04:09.703, 1192, 877, 151.42, 63, 64, 100, 8404, Not Active, Not Active, Not Active
2026/07/17 11:04:09.756, 1192, 877, 140.08, 63, 64, 100, 8404, Not Active, Not Active, Not Active
2026/07/17 11:04:09.808, 1192, 877, 161.40, 63, 64, 100, 8404, Not Active, Not Active, Not Active
2026/07/17 11:04:09.860, 1192, 877, 169.45, 63, 64, 100, 8404, Not Active, Not Active, Not Active
2026/07/17 11:04:09.912, 1192, 877, 153.82, 63, 63, 100, 8404, Not Active, Not Active, Not Active
2026/07/17 11:04:09.963, 1192, 877, 164.76, 63, 63, 100, 8404, Not Active, Not Active, Not Active
2026/07/17 11:04:10.017, 1192, 877, 150.84, 63, 64, 100, 8404, Not Active, Not Active, Not Active
2026/07/17 11:04:10.069, 1192, 877, 136.80, 63, 64, 100, 8404, Not Active, Not Active, Not Active
2026/07/17 11:04:10.121, 1192, 877, 157.66, 63, 64, 100, 8404, Not Active, Not Active, Not Active
2026/07/17 11:04:10.173, 1192, 877, 168.49, 63, 64, 100, 8404, Not Active, Not Active, Not Active
2026/07/17 11:04:10.224, 1192, 877, 171.48, 63, 64, 100, 8404, Not Active, Not Active, Not Active
2026/07/17 11:04:10.278, 1192, 877, 168.01, 63, 64, 100, 8404, Not Active, Not Active, Not Active
2026/07/17 11:04:10.330, 1192, 877, 163.80, 63, 64, 100, 8404, Not Active, Not Active, Not Active
2026/07/17 11:04:10.382, 1192, 877, 106.21, 63, 64, 100, 8404, Not Active, Not Active, Not Active
2026/07/17 11:04:10.434, 1192, 877, 147.20, 63, 64, 100, 8404, Not Active, Not Active, Not Active
2026/07/17 11:04:10.486, 1192, 877, 164.28, 63, 64, 100, 8404, Not Active, Not Active, Not Active
2026/07/17 11:04:10.539, 1192, 877, 173.76, 63, 64, 100, 8404, Not Active, Not Active, Not Active
2026/07/17 11:04:10.591, 1192, 877, 162.73, 63, 63, 100, 8404, Not Active, Not Active, Not Active
2026/07/17 11:04:10.642, 1192, 877, 167.05, 64, 64, 100, 8404, Not Active, Not Active, Not Active
2026/07/17 11:04:10.720, 1192, 877, 168.97, 63, 64, 100, 8404, Not Active, Not Active, Not Active
2026/07/17 11:04:10.772, 1192, 877, 161.88, 63, 64, 100, 8404, Not Active, Not Active, Not Active
2026/07/17 11:04:10.824, 1192, 877, 164.76, 63, 64, 100, 8404, Not Active, Not Active, Not Active
2026/07/17 11:04:10.876, 1192, 877, 123.01, 64, 64, 100, 8404, Not Active, Not Active, Not Active
2026/07/17 11:04:10.928, 1192, 877, 158.15, 63, 64, 100, 8404, Not Active, Not Active, Not Active
2026/07/17 11:04:10.980, 1192, 877, 167.64, 63, 64, 100, 8404, Not Active, Not Active, Not Active
2026/07/17 11:04:11.032, 1192, 877, 167.27, 63, 64, 100, 8404, Not Active, Not Active, Not Active
2026/07/17 11:04:11.085, 1192, 877, 163.91, 63, 64, 100, 8404, Not Active, Not Active, Not Active
2026/07/17 11:04:11.137, 1192, 877, 155.74, 63, 64, 100, 8404, Not Active, Not Active, Not Active
2026/07/17 11:04:11.189, 1192, 877, 150.94, 63, 64, 100, 8404, Not Active, Not Active, Not Active
2026/07/17 11:04:11.240, 1192, 877, 140.95, 63, 64, 100, 8404, Not Active, Not Active, Not Active
2026/07/17 11:04:11.292, 1192, 877, 161.88, 64, 64, 100, 8404, Not Active, Not Active, Not Active
2026/07/17 11:04:11.346, 1192, 877, 167.42, 64, 64, 100, 8404, Not Active, Not Active, Not Active
2026/07/17 11:04:11.398, 1192, 877, 146.24, 63, 64, 100, 8404, Not Active, Not Active, Not Active
2026/07/17 11:04:11.449, 1192, 877, 149.50, 63, 64, 100, 8404, Not Active, Not Active, Not Active
2026/07/17 11:04:11.501, 1192, 877, 132.38, 64, 64, 100, 8404, Not Active, Not Active, Not Active
2026/07/17 11:04:11.553, 1192, 877, 157.66, 64, 64, 100, 8404, Not Active, Not Active, Not Active
2026/07/17 11:04:11.607, 1192, 877, 168.12, 64, 64, 100, 8404, Not Active, Not Active, Not Active
2026/07/17 11:04:11.658, 1192, 877, 168.23, 64, 64, 100, 8404, Not Active, Not Active, Not Active
2026/07/17 11:04:11.710, 1192, 877, 159.96, 64, 64, 100, 8404, Not Active, Not Active, Not Active
2026/07/17 11:04:11.762, 1192, 877, 160.07, 64, 64, 100, 8404, Not Active, Not Active, Not Active
2026/07/17 11:04:11.814, 1192, 877, 143.74, 64, 64, 100, 8404, Not Active, Not Active, Not Active
2026/07/17 11:04:11.867, 1192, 877, 143.83, 64, 64, 100, 8404, Not Active, Not Active, Not Active
2026/07/17 11:04:11.919, 1192, 877, 162.47, 63, 63, 100, 8404, Not Active, Not Active, Not Active
2026/07/17 11:04:11.970, 1192, 877, 163.10, 64, 64, 100, 8404, Not Active, Not Active, Not Active
2026/07/17 11:04:12.022, 1192, 877, 156.81, 64, 64, 100, 8404, Not Active, Not Active, Not Active
2026/07/17 11:04:12.074, 1192, 877, 142.87, 64, 64, 100, 8404, Not Active, Not Active, Not Active
2026/07/17 11:04:12.126, 1192, 877, 146.24, 64, 64, 100, 8404, Not Active, Not Active, Not Active
2026/07/17 11:04:12.178, 1192, 877, 162.36, 64, 64, 100, 8404, Not Active, Not Active, Not Active
2026/07/17 11:04:12.229, 1192, 877, 166.68, 64, 64, 100, 8404, Not Active, Not Active, Not Active
2026/07/17 11:04:12.281, 1192, 877, 163.69, 64, 64, 100, 8404, Not Active, Not Active, Not Active
2026/07/17 11:04:12.333, 1192, 877, 155.16, 64, 64, 100, 8404, Not Active, Not Active, Not Active
2026/07/17 11:04:12.384, 1192, 877, 144.31, 64, 64, 100, 8404, Not Active, Not Active, Not Active
2026/07/17 11:04:12.436, 1192, 877, 159.00, 64, 64, 100, 8404, Not Active, Not Active, Not Active
2026/07/17 11:04:12.490, 1192, 877, 167.64, 64, 64, 100, 8404, Not Active, Not Active, Not Active
2026/07/17 11:04:12.542, 1192, 877, 167.53, 64, 64, 100, 8404, Not Active, Not Active, Not Active
2026/07/17 11:04:12.593, 1192, 877, 161.03, 64, 64, 100, 8404, Not Active, Not Active, Not Active
2026/07/17 11:04:12.645, 1192, 877, 139.12, 64, 65, 100, 8404, Not Active, Not Active, Not Active
2026/07/17 11:04:12.697, 1192, 877, 148.64, 64, 65, 100, 8404, Not Active, Not Active, Not Active
2026/07/17 11:04:12.750, 1192, 877, 165.24, 64, 64, 100, 8404, Not Active, Not Active, Not Active
2026/07/17 11:04:12.802, 1192, 877, 165.24, 64, 64, 100, 8404, Not Active, Not Active, Not Active
2026/07/17 11:04:12.854, 1192, 877, 166.31, 64, 64, 100, 8404, Not Active, Not Active, Not Active
2026/07/17 11:04:12.905, 1192, 877, 111.52, 64, 64, 100, 8404, Not Active, Not Active, Not Active
2026/07/17 11:04:12.958, 1192, 877, 152.38, 64, 64, 100, 8404, Not Active, Not Active, Not Active
2026/07/17 11:04:13.011, 1192, 877, 169.08, 64, 64, 100, 8404, Not Active, Not Active, Not Active
2026/07/17 11:04:13.063, 1192, 877, 168.01, 64, 64, 100, 8404, Not Active, Not Active, Not Active
2026/07/17 11:04:13.115, 1192, 877, 163.43, 64, 64, 100, 8404, Not Active, Not Active, Not Active
2026/07/17 11:04:13.167, 1192, 877, 150.08, 64, 65, 100, 8404, Not Active, Not Active, Not Active
2026/07/17 11:04:13.219, 1192, 877, 135.75, 64, 65, 100, 8404, Not Active, Not Active, Not Active
2026/07/17 11:04:13.272, 1192, 877, 159.48, 64, 65, 100, 8404, Not Active, Not Active, Not Active
2026/07/17 11:04:13.323, 1192, 877, 169.81, 64, 64, 100, 8404, Not Active, Not Active, Not Active
2026/07/17 11:04:13.375, 1192, 877, 161.88, 64, 64, 100, 8404, Not Active, Not Active, Not Active
2026/07/17 11:04:13.427, 1192, 877, 88.43, 64, 64, 100, 8404, Not Active, Not Active, Not Active
2026/07/17 11:04:13.479, 1192, 877, 140.56, 64, 64, 100, 8404, Not Active, Not Active, Not Active
2026/07/17 11:04:13.533, 1192, 877, 163.91, 64, 64, 100, 8404, Not Active, Not Active, Not Active
2026/07/17 11:04:13.585, 1192, 877, 168.12, 64, 64, 100, 8404, Not Active, Not Active, Not Active
2026/07/17 11:04:13.636, 1192, 877, 165.72, 64, 65, 100, 8404, Not Active, Not Active, Not Active
2026/07/17 11:04:13.689, 1192, 877, 157.93, 64, 65, 100, 8404, Not Active, Not Active, Not Active
2026/07/17 11:04:13.740, 1192, 877, 132.95, 64, 65, 100, 8404, Not Active, Not Active, Not Active
2026/07/17 11:04:13.794, 1192, 877, 158.63, 64, 65, 100, 8404, Not Active, Not Active, Not Active
2026/07/17 11:04:13.845, 1192, 877, 166.57, 64, 65, 100, 8404, Not Active, Not Active, Not Active
2026/07/17 11:04:13.897, 1192, 877, 162.73, 64, 65, 100, 8404, Not Active, Not Active, Not Active
2026/07/17 11:04:13.949, 1192, 877, 90.78, 64, 65, 100, 8404, Not Active, Not Active, Not Active
2026/07/17 11:04:14.000, 1192, 877, 141.91, 64, 65, 100, 8404, Not Active, Not Active, Not Active
2026/07/17 11:04:14.053, 1192, 877, 163.32, 64, 65, 100, 8404, Not Active, Not Active, Not Active
2026/07/17 11:04:14.104, 1192, 877, 167.64, 64, 65, 100, 8404, Not Active, Not Active, Not Active
2026/07/17 11:04:14.156, 1192, 877, 158.15, 64, 65, 100, 8404, Not Active, Not Active, Not Active
2026/07/17 11:04:14.208, 1192, 877, 151.90, 64, 65, 100, 8404, Not Active, Not Active, Not Active
2026/07/17 11:04:14.260, 1192, 877, 135.27, 64, 65, 100, 8404, Not Active, Not Active, Not Active
2026/07/17 11:04:14.312, 1192, 877, 160.33, 64, 65, 100, 8404, Not Active, Not Active, Not Active
2026/07/17 11:04:14.363, 1192, 877, 168.49, 64, 65, 100, 8404, Not Active, Not Active, Not Active
2026/07/17 11:04:14.416, 1192, 877, 167.05, 64, 65, 100, 8404, Not Active, Not Active, Not Active
2026/07/17 11:04:14.468, 1192, 877, 99.46, 64, 65, 100, 8404, Not Active, Not Active, Not Active
2026/07/17 11:04:14.521, 1192, 877, 152.38, 64, 65, 100, 8404, Not Active, Not Active, Not Active
2026/07/17 11:04:14.572, 1192, 877, 171.37, 64, 65, 100, 8404, Not Active, Not Active, Not Active
2026/07/17 11:04:14.624, 1192, 877, 165.61, 64, 65, 100, 8404, Not Active, Not Active, Not Active
2026/07/17 11:04:14.678, 1192, 877, 161.40, 64, 65, 100, 8404, Not Active, Not Active, Not Active
2026/07/17 11:04:14.729, 1192, 877, 142.39, 64, 65, 100, 8404, Not Active, Not Active, Not Active
2026/07/17 11:04:14.781, 1192, 877, 148.64, 64, 65, 100, 8404, Not Active, Not Active, Not Active
2026/07/17 11:04:14.833, 1192, 877, 166.20, 64, 65, 100, 8404, Not Active, Not Active, Not Active
2026/07/17 11:04:14.885, 1192, 877, 171.48, 64, 65, 100, 8404, Not Active, Not Active, Not Active
2026/07/17 11:04:14.938, 1192, 877, 165.83, 64, 65, 100, 8404, Not Active, Not Active, Not Active
2026/07/17 11:04:14.990, 1192, 877, 147.20, 64, 65, 100, 8404, Not Active, Not Active, Not Active
2026/07/17 11:04:15.042, 1192, 877, 159.48, 64, 65, 100, 8404, Not Active, Not Active, Not Active
2026/07/17 11:04:15.094, 1192, 877, 171.85, 64, 65, 100, 8404, Not Active, Not Active, Not Active
2026/07/17 11:04:15.146, 1192, 877, 164.28, 64, 65, 100, 8404, Not Active, Not Active, Not Active
2026/07/17 11:04:15.199, 1192, 877, 148.74, 64, 66, 100, 8404, Not Active, Not Active, Not Active
2026/07/17 11:04:15.250, 1192, 877, 143.35, 64, 65, 100, 8404, Not Active, Not Active, Not Active
2026/07/17 11:04:15.302, 1192, 877, 162.73, 64, 65, 100, 8404, Not Active, Not Active, Not Active
2026/07/17 11:04:15.354, 1192, 877, 172.32, 64, 65, 100, 8404, Not Active, Not Active, Not Active
2026/07/17 11:04:15.406, 1192, 877, 161.03, 64, 65, 100, 8404, Not Active, Not Active, Not Active
2026/07/17 11:04:15.460, 1192, 877, 146.71, 65, 66, 100, 8404, Not Active, Not Active, Not Active
2026/07/17 11:04:15.511, 1192, 877, 140.08, 65, 65, 100, 8404, Not Active, Not Active, Not Active
2026/07/17 11:04:15.563, 1192, 877, 158.15, 64, 64, 100, 8404, Not Active, Not Active, Not Active
2026/07/17 11:04:15.615, 1192, 877, 159.96, 64, 65, 100, 8404, Not Active, Not Active, Not Active
2026/07/17 11:04:15.666, 1192, 877, 149.22, 64, 66, 100, 8404, Not Active, Not Active, Not Active
2026/07/17 11:04:15.720, 1192, 877, 139.60, 65, 66, 100, 8404, Not Active, Not Active, Not Active
2026/07/17 11:04:15.771, 1192, 877, 165.72, 65, 65, 100, 8404, Not Active, Not Active, Not Active
2026/07/17 11:04:15.823, 1192, 877, 168.85, 65, 65, 100, 8404, Not Active, Not Active, Not Active
2026/07/17 11:04:15.875, 1192, 877, 164.17, 65, 65, 100, 8404, Not Active, Not Active, Not Active
2026/07/17 11:04:15.927, 1192, 877, 151.42, 65, 66, 100, 8404, Not Active, Not Active, Not Active
2026/07/17 11:04:15.980, 1192, 877, 142.87, 65, 66, 100, 8404, Not Active, Not Active, Not Active
2026/07/17 11:04:16.032, 1192, 877, 163.21, 65, 65, 100, 8404, Not Active, Not Active, Not Active
2026/07/17 11:04:16.084, 1192, 877, 144.89, 64, 64, 100, 8404, Not Active, Not Active, Not Active
2026/07/17 11:04:16.136, 1192, 877, 148.74, 64, 65, 100, 8404, Not Active, Not Active, Not Active
2026/07/17 11:04:16.188, 1192, 877, 146.24, 65, 65, 100, 8404, Not Active, Not Active, Not Active
2026/07/17 11:04:16.241, 1192, 877, 163.69, 65, 65, 100, 8404, Not Active, Not Active, Not Active
2026/07/17 11:04:16.293, 1192, 877, 163.21, 64, 65, 100, 8404, Not Active, Not Active, Not Active
2026/07/17 11:04:16.345, 1192, 877, 159.11, 65, 65, 100, 8404, Not Active, Not Active, Not Active
2026/07/17 11:04:16.396, 1192, 877, 128.54, 64, 66, 100, 8404, Not Active, Not Active, Not Active
2026/07/17 11:04:16.448, 1192, 877, 153.34, 65, 66, 100, 8404, Not Active, Not Active, Not Active
2026/07/17 11:04:16.503, 1192, 877, 166.09, 65, 66, 100, 8404, Not Active, Not Active, Not Active
2026/07/17 11:04:16.555, 1192, 877, 163.80, 65, 65, 100, 8404, Not Active, Not Active, Not Active
2026/07/17 11:04:16.606, 1192, 877, 100.49, 65, 65, 100, 8404, Not Active, Not Active, Not Active
2026/07/17 11:04:16.659, 1192, 877, 159.96, 65, 65, 100, 8404, Not Active, Not Active, Not Active
2026/07/17 11:04:16.712, 1192, 877, 175.68, 65, 65, 100, 8404, Not Active, Not Active, Not Active
2026/07/17 11:04:16.765, 1192, 877, 171.96, 65, 65, 100, 8404, Not Active, Not Active, Not Active
2026/07/17 11:04:16.816, 1192, 877, 160.44, 65, 65, 100, 8404, Not Active, Not Active, Not Active
2026/07/17 11:04:16.868, 1192, 877, 135.27, 65, 66, 100, 8404, Not Active, Not Active, Not Active
2026/07/17 11:04:16.920, 1192, 877, 165.24, 65, 65, 100, 8404, Not Active, Not Active, Not Active
2026/07/17 11:04:16.972, 1192, 877, 167.42, 65, 65, 100, 8404, Not Active, Not Active, Not Active
2026/07/17 11:04:17.026, 1192, 877, 161.29, 65, 65, 100, 8404, Not Active, Not Active, Not Active
2026/07/17 11:04:17.078, 1192, 877, 144.70, 65, 66, 100, 8404, Not Active, Not Active, Not Active
2026/07/17 11:04:17.130, 1192, 877, 144.79, 65, 66, 100, 8404, Not Active, Not Active, Not Active
2026/07/17 11:04:17.181, 1192, 877, 158.89, 65, 65, 100, 8404, Not Active, Not Active, Not Active
2026/07/17 11:04:17.233, 1192, 877, 159.00, 65, 65, 100, 8404, Not Active, Not Active, Not Active
2026/07/17 11:04:17.286, 1192, 877, 135.36, 65, 66, 100, 8404, Not Active, Not Active, Not Active
2026/07/17 11:04:17.337, 1192, 877, 162.84, 65, 66, 100, 8404, Not Active, Not Active, Not Active
2026/07/17 11:04:17.389, 1192, 877, 173.17, 65, 66, 100, 8404, Not Active, Not Active, Not Active
2026/07/17 11:04:17.441, 1192, 877, 163.21, 65, 65, 100, 8404, Not Active, Not Active, Not Active
2026/07/17 11:04:17.493, 1192, 877, 145.08, 65, 66, 100, 8404, Not Active, Not Active, Not Active
2026/07/17 11:04:17.545, 1192, 877, 143.83, 65, 66, 100, 8404, Not Active, Not Active, Not Active
2026/07/17 11:04:17.597, 1192, 877, 165.98, 65, 66, 100, 8404, Not Active, Not Active, Not Active
2026/07/17 11:04:17.648, 1192, 877, 168.60, 65, 65, 100, 8404, Not Active, Not Active, Not Active
2026/07/17 11:04:17.701, 1192, 877, 93.74, 65, 65, 100, 8404, Not Active, Not Active, Not Active
2026/07/17 11:04:17.753, 1192, 877, 159.11, 65, 65, 100, 8404, Not Active, Not Active, Not Active
2026/07/17 11:04:17.805, 1192, 877, 174.84, 65, 65, 100, 8404, Not Active, Not Active, Not Active
2026/07/17 11:04:17.857, 1192, 877, 168.23, 65, 66, 100, 8404, Not Active, Not Active, Not Active
2026/07/17 11:04:17.909, 1192, 877, 151.04, 65, 66, 100, 8404, Not Active, Not Active, Not Active
2026/07/17 11:04:17.960, 1192, 877, 146.71, 65, 66, 100, 8404, Not Active, Not Active, Not Active
2026/07/17 11:04:18.012, 1192, 877, 168.01, 65, 66, 100, 8404, Not Active, Not Active, Not Active
2026/07/17 11:04:18.064, 1192, 877, 168.12, 65, 65, 100, 8404, Not Active, Not Active, Not Active
2026/07/17 11:04:18.116, 1192, 877, 156.22, 65, 65, 100, 8404, Not Active, Not Active, Not Active
2026/07/17 11:04:18.170, 1192, 877, 130.07, 65, 66, 100, 8404, Not Active, Not Active, Not Active
2026/07/17 11:04:18.221, 1192, 877, 162.36, 65, 66, 100, 8404, Not Active, Not Active, Not Active
2026/07/17 11:04:18.273, 1192, 877, 147.58, 65, 65, 100, 8404, Not Active, Not Active, Not Active
2026/07/17 11:04:18.325, 1192, 877, 148.06, 65, 65, 100, 8404, Not Active, Not Active, Not Active
2026/07/17 11:04:18.377, 1192, 877, 147.68, 65, 66, 100, 8404, Not Active, Not Active, Not Active
2026/07/17 11:04:18.430, 1192, 877, 167.53, 65, 66, 100, 8404, Not Active, Not Active, Not Active
2026/07/17 11:04:18.482, 1192, 877, 165.72, 65, 66, 100, 8404, Not Active, Not Active, Not Active
2026/07/17 11:04:18.534, 1192, 877, 160.33, 65, 66, 100, 8404, Not Active, Not Active, Not Active
2026/07/17 11:04:18.585, 1192, 877, 136.71, 65, 66, 100, 8404, Not Active, Not Active, Not Active
2026/07/17 11:04:18.637, 1192, 877, 163.32, 65, 66, 100, 8404, Not Active, Not Active, Not Active
2026/07/17 11:04:18.691, 1192, 877, 171.73, 65, 66, 100, 8404, Not Active, Not Active, Not Active
2026/07/17 11:04:18.743, 1192, 877, 164.28, 65, 65, 100, 8404, Not Active, Not Active, Not Active
2026/07/17 11:04:18.795, 1192, 877, 133.92, 65, 66, 100, 8404, Not Active, Not Active, Not Active
2026/07/17 11:04:18.847, 1192, 877, 169.08, 65, 65, 100, 8404, Not Active, Not Active, Not Active
2026/07/17 11:04:18.899, 1192, 877, 170.41, 65, 65, 100, 8404, Not Active, Not Active, Not Active
2026/07/17 11:04:18.953, 1192, 877, 152.76, 65, 65, 100, 8404, Not Active, Not Active, Not Active
2026/07/17 11:04:19.005, 1192, 877, 143.35, 65, 66, 100, 8404, Not Active, Not Active, Not Active
2026/07/17 11:04:19.056, 1192, 877, 167.64, 65, 66, 100, 8404, Not Active, Not Active, Not Active
2026/07/17 11:04:19.108, 1192, 877, 164.28, 65, 66, 100, 8404, Not Active, Not Active, Not Active
2026/07/17 11:04:19.160, 1192, 877, 160.44, 65, 65, 100, 8404, Not Active, Not Active, Not Active
2026/07/17 11:04:19.212, 1192, 877, 136.71, 65, 66, 100, 8404, Not Active, Not Active, Not Active
2026/07/17 11:04:19.264, 1192, 877, 165.24, 65, 66, 100, 8404, Not Active, Not Active, Not Active
2026/07/17 11:04:19.316, 1192, 877, 169.93, 65, 66, 100, 8404, Not Active, Not Active, Not Active
2026/07/17 11:04:19.368, 1192, 877, 102.36, 65, 65, 100, 8404, Not Active, Not Active, Not Active
2026/07/17 11:04:19.421, 1192, 877, 159.48, 65, 66, 100, 8404, Not Active, Not Active, Not Active
2026/07/17 11:04:19.474, 1192, 877, 172.32, 65, 66, 100, 8404, Not Active, Not Active, Not Active
2026/07/17 11:04:19.526, 1192, 877, 162.36, 65, 66, 100, 8404, Not Active, Not Active, Not Active
2026/07/17 11:04:19.578, 1192, 877, 143.35, 65, 66, 100, 8404, Not Active, Not Active, Not Active
2026/07/17 11:04:19.629, 1192, 877, 161.40, 65, 66, 100, 8404, Not Active, Not Active, Not Active
2026/07/17 11:04:19.681, 1192, 877, 174.72, 65, 66, 100, 8404, Not Active, Not Active, Not Active
2026/07/17 11:04:19.736, 1192, 877, 168.97, 65, 66, 100, 8404, Not Active, Not Active, Not Active
2026/07/17 11:04:19.788, 1192, 877, 150.56, 65, 66, 100, 8404, Not Active, Not Active, Not Active
2026/07/17 11:04:19.839, 1192, 877, 150.46, 66, 66, 100, 8404, Not Active, Not Active, Not Active
2026/07/17 11:04:19.891, 1192, 877, 174.72, 65, 66, 100, 8404, Not Active, Not Active, Not Active
2026/07/17 11:04:19.943, 1192, 877, 121.48, 65, 65, 100, 8404, Not Active, Not Active, Not Active
2026/07/17 11:04:19.995, 1192, 877, 139.12, 65, 66, 100, 8404, Not Active, Not Active, Not Active
2026/07/17 11:04:20.047, 1192, 877, 166.09, 66, 66, 100, 8404, Not Active, Not Active, Not Active
2026/07/17 11:04:20.099, 1192, 877, 164.28, 65, 66, 100, 8404, Not Active, Not Active, Not Active
2026/07/17 11:04:20.150, 1192, 877, 156.12, 65, 66, 100, 8404, Not Active, Not Active, Not Active
2026/07/17 11:04:20.202, 1192, 877, 139.60, 66, 66, 100, 8404, Not Active, Not Active, Not Active
2026/07/17 11:04:20.256, 1192, 877, 168.12, 66, 66, 100, 8404, Not Active, Not Active, Not Active
2026/07/17 11:04:20.308, 1192, 877, 170.89, 66, 66, 100, 8404, Not Active, Not Active, Not Active
2026/07/17 11:04:20.360, 1192, 877, 161.88, 65, 66, 100, 8404, Not Active, Not Active, Not Active
2026/07/17 11:04:20.412, 1192, 877, 138.64, 66, 66, 100, 8404, Not Active, Not Active, Not Active
2026/07/17 11:04:20.464, 1192, 877, 163.69, 66, 66, 100, 8404, Not Active, Not Active, Not Active
2026/07/17 11:04:20.518, 1192, 877, 142.39, 66, 66, 100, 8404, Not Active, Not Active, Not Active
2026/07/17 11:04:20.570, 1192, 877, 128.62, 65, 66, 100, 8404, Not Active, Not Active, Not Active
2026/07/17 11:04:20.621, 1192, 877, 162.84, 66, 66, 100, 8404, Not Active, Not Active, Not Active
2026/07/17 11:04:20.673, 1192, 877, 168.49, 66, 66, 100, 8404, Not Active, Not Active, Not Active
2026/07/17 11:04:20.726, 1192, 877, 164.28, 65, 66, 100, 8404, Not Active, Not Active, Not Active
2026/07/17 11:04:20.778, 1192, 877, 129.98, 66, 67, 100, 8404, Not Active, Not Active, Not Active
2026/07/17 11:04:20.830, 1192, 877, 162.84, 66, 66, 100, 8404, Not Active, Not Active, Not Active
2026/07/17 11:04:20.882, 1192, 877, 174.24, 66, 66, 100, 8404, Not Active, Not Active, Not Active
2026/07/17 11:04:20.934, 1192, 877, 158.52, 66, 66, 100, 8404, Not Active, Not Active, Not Active
2026/07/17 11:04:20.985, 1192, 877, 131.03, 66, 67, 100, 8404, Not Active, Not Active, Not Active
2026/07/17 11:04:21.039, 1192, 877, 163.32, 66, 66, 100, 8404, Not Active, Not Active, Not Active
2026/07/17 11:04:21.091, 1192, 877, 142.77, 66, 66, 100, 8404, Not Active, Not Active, Not Active
2026/07/17 11:04:21.142, 1192, 877, 127.18, 66, 66, 100, 8404, Not Active, Not Active, Not Active
2026/07/17 11:04:21.194, 1192, 877, 163.32, 66, 66, 100, 8404, Not Active, Not Active, Not Active
2026/07/17 11:04:21.246, 1192, 877, 168.85, 66, 66, 100, 8404, Not Active, Not Active, Not Active
2026/07/17 11:04:21.301, 1192, 877, 164.65, 66, 66, 100, 8404, Not Active, Not Active, Not Active
2026/07/17 11:04:21.353, 1192, 877, 129.10, 66, 67, 100, 8404, Not Active, Not Active, Not Active
2026/07/17 11:04:21.405, 1192, 877, 164.28, 66, 66, 100, 8404, Not Active, Not Active, Not Active
2026/07/17 11:04:21.456, 1192, 877, 171.73, 66, 66, 100, 8404, Not Active, Not Active, Not Active
2026/07/17 11:04:21.508, 1192, 877, 159.37, 66, 66, 100, 8404, Not Active, Not Active, Not Active
2026/07/17 11:04:21.561, 1192, 877, 132.38, 66, 67, 100, 8404, Not Active, Not Active, Not Active
2026/07/17 11:04:21.613, 1192, 877, 164.28, 66, 67, 100, 8404, Not Active, Not Active, Not Active
2026/07/17 11:04:21.665, 1192, 877, 162.47, 66, 66, 100, 8404, Not Active, Not Active, Not Active
2026/07/17 11:04:21.717, 1192, 877, 184.07, 66, 67, 97, 8404, Not Active, Not Active, Not Active
2026/07/17 11:04:21.768, 1192, 877, 179.28, 66, 67, 97, 8404, Not Active, Not Active, Not Active
2026/07/17 11:04:21.823, 1192, 877, 179.52, 66, 67, 97, 8404, Not Active, Not Active, Not Active
2026/07/17 11:04:21.875, 1192, 877, 178.20, 66, 67, 100, 8404, Not Active, Not Active, Not Active
2026/07/17 11:04:21.927, 1192, 877, 184.80, 66, 67, 100, 8404, Not Active, Not Active, Not Active
2026/07/17 11:04:21.979, 1192, 877, 175.20, 66, 67, 100, 8404, Not Active, Not Active, Not Active
2026/07/17 11:04:22.031, 1192, 877, 171.14, 66, 67, 100, 8404, Not Active, Not Active, Not Active
2026/07/17 11:04:22.084, 1192, 877, 168.38, 67, 67, 100, 8404, Not Active, Not Active, Not Active
2026/07/17 11:04:22.136, 1192, 877, 171.96, 67, 67, 100, 8404, Not Active, Not Active, Not Active
2026/07/17 11:04:22.188, 1192, 877, 180.24, 67, 67, 100, 8404, Not Active, Not Active, Not Active
2026/07/17 11:04:22.240, 1192, 877, 178.92, 67, 67, 100, 8404, Not Active, Not Active, Not Active
2026/07/17 11:04:22.291, 1192, 877, 169.08, 67, 67, 100, 8404, Not Active, Not Active, Not Active
2026/07/17 11:04:22.345, 1192, 877, 174.84, 67, 67, 100, 8404, Not Active, Not Active, Not Active
2026/07/17 11:04:22.397, 1192, 877, 173.76, 67, 67, 100, 8404, Not Active, Not Active, Not Active
2026/07/17 11:04:22.449, 1192, 877, 172.21, 67, 67, 100, 8404, Not Active, Not Active, Not Active
2026/07/17 11:04:22.500, 1192, 877, 179.52, 67, 67, 100, 8404, Not Active, Not Active, Not Active
2026/07/17 11:04:22.552, 1192, 877, 177.00, 67, 67, 100, 8404, Not Active, Not Active, Not Active
2026/07/17 11:04:22.606, 1192, 877, 152.18, 67, 67, 100, 8404, Not Active, Not Active, Not Active
2026/07/17 11:04:22.658, 1192, 877, 173.40, 67, 67, 100, 8404, Not Active, Not Active, Not Active
2026/07/17 11:04:22.710, 1192, 877, 173.65, 67, 67, 100, 8404, Not Active, Not Active, Not Active
2026/07/17 11:04:22.761, 1192, 877, 169.93, 67, 67, 100, 8404, Not Active, Not Active, Not Active
2026/07/17 11:04:22.813, 1192, 877, 178.08, 67, 67, 100, 8404, Not Active, Not Active, Not Active
2026/07/17 11:04:22.867, 1192, 877, 174.84, 67, 67, 100, 8404, Not Active, Not Active, Not Active
2026/07/17 11:04:22.919, 1192, 877, 178.92, 67, 67, 100, 8404, Not Active, Not Active, Not Active
2026/07/17 11:04:22.971, 1192, 877, 169.81, 67, 67, 100, 8404, Not Active, Not Active, Not Active
2026/07/17 11:04:23.022, 1192, 877, 177.96, 67, 67, 100, 8404, Not Active, Not Active, Not Active
2026/07/17 11:04:23.074, 1192, 877, 171.25, 67, 67, 100, 8404, Not Active, Not Active, Not Active
2026/07/17 11:04:23.128, 1192, 877, 171.37, 67, 67, 100, 8404, Not Active, Not Active, Not Active
2026/07/17 11:04:23.180, 1192, 877, 170.29, 67, 67, 100, 8404, Not Active, Not Active, Not Active
2026/07/17 11:04:23.231, 1192, 877, 172.80, 67, 67, 100, 8404, Not Active, Not Active, Not Active
2026/07/17 11:04:23.283, 1192, 877, 144.70, 67, 67, 100, 8404, Not Active, Not Active, Not Active
2026/07/17 11:04:23.335, 1192, 877, 170.29, 67, 67, 100, 8404, Not Active, Not Active, Not Active
2026/07/17 11:04:23.389, 1192, 877, 175.68, 67, 67, 100, 8404, Not Active, Not Active, Not Active
2026/07/17 11:04:23.441, 1192, 877, 176.28, 67, 67, 100, 8404, Not Active, Not Active, Not Active
2026/07/17 11:04:23.492, 1192, 877, 177.60, 67, 67, 100, 8404, Not Active, Not Active, Not Active
2026/07/17 11:04:23.544, 1192, 877, 171.48, 67, 68, 100, 8404, Not Active, Not Active, Not Active
2026/07/17 11:04:23.596, 1192, 877, 171.25, 67, 67, 100, 8404, Not Active, Not Active, Not Active
2026/07/17 11:04:23.650, 1192, 877, 172.80, 67, 67, 100, 8404, Not Active, Not Active, Not Active
2026/07/17 11:04:23.701, 1192, 877, 174.24, 67, 67, 100, 8404, Not Active, Not Active, Not Active
2026/07/17 11:04:23.753, 1192, 877, 165.61, 67, 67, 100, 8404, Not Active, Not Active, Not Active
2026/07/17 11:04:23.805, 1192, 877, 171.00, 67, 67, 100, 8404, Not Active, Not Active, Not Active
2026/07/17 11:04:23.857, 1192, 877, 178.56, 67, 67, 100, 8404, Not Active, Not Active, Not Active
2026/07/17 11:04:23.910, 1192, 877, 169.45, 67, 67, 100, 8404, Not Active, Not Active, Not Active
2026/07/17 11:04:23.962, 1192, 877, 164.28, 67, 67, 100, 8404, Not Active, Not Active, Not Active
2026/07/17 11:04:24.014, 1192, 877, 171.85, 67, 67, 100, 8404, Not Active, Not Active, Not Active
2026/07/17 11:04:24.065, 1192, 877, 177.60, 67, 68, 100, 8404, Not Active, Not Active, Not Active
2026/07/17 11:04:24.117, 1192, 877, 173.65, 67, 67, 100, 8404, Not Active, Not Active, Not Active
2026/07/17 11:04:24.171, 1192, 877, 177.96, 67, 68, 100, 8404, Not Active, Not Active, Not Active
2026/07/17 11:04:24.223, 1192, 877, 179.04, 67, 67, 100, 8404, Not Active, Not Active, Not Active
2026/07/17 11:04:24.275, 1192, 877, 172.92, 67, 68, 100, 8404, Not Active, Not Active, Not Active
2026/07/17 11:04:24.358, 1192, 877, 173.76, 67, 67, 100, 8404, Not Active, Not Active, Not Active
2026/07/17 11:04:24.410, 1192, 877, 168.97, 67, 67, 100, 8404, Not Active, Not Active, Not Active
2026/07/17 11:04:24.462, 1192, 877, 168.49, 67, 67, 100, 8404, Not Active, Not Active, Not Active
2026/07/17 11:04:24.514, 1192, 877, 176.76, 67, 68, 100, 8404, Not Active, Not Active, Not Active
2026/07/17 11:04:24.566, 1192, 877, 176.64, 67, 68, 100, 8404, Not Active, Not Active, Not Active
2026/07/17 11:04:24.617, 1192, 877, 172.44, 67, 68, 100, 8404, Not Active, Not Active, Not Active
2026/07/17 11:04:24.669, 1192, 877, 170.89, 67, 67, 100, 8404, Not Active, Not Active, Not Active
2026/07/17 11:04:24.721, 1192, 877, 165.24, 67, 67, 100, 8404, Not Active, Not Active, Not Active
2026/07/17 11:04:24.775, 1192, 877, 171.37, 67, 67, 100, 8404, Not Active, Not Active, Not Active
2026/07/17 11:04:24.826, 1192, 877, 169.93, 67, 68, 100, 8404, Not Active, Not Active, Not Active
2026/07/17 11:04:24.878, 1192, 877, 171.85, 67, 68, 100, 8404, Not Active, Not Active, Not Active
2026/07/17 11:04:24.930, 1192, 877, 176.04, 67, 68, 100, 8404, Not Active, Not Active, Not Active
2026/07/17 11:04:24.982, 1192, 877, 173.76, 67, 68, 100, 8404, Not Active, Not Active, Not Active
2026/07/17 11:04:25.037, 1192, 877, 165.72, 67, 68, 100, 8404, Not Active, Not Active, Not Active
2026/07/17 11:04:25.089, 1192, 877, 165.02, 67, 67, 100, 8404, Not Active, Not Active, Not Active
2026/07/17 11:04:25.142, 1192, 877, 176.76, 67, 67, 100, 8404, Not Active, Not Active, Not Active
2026/07/17 11:04:25.197, 1192, 877, 176.64, 67, 68, 100, 8404, Not Active, Not Active, Not Active
2026/07/17 11:04:25.249, 1192, 877, 177.12, 67, 68, 100, 8404, Not Active, Not Active, Not Active
2026/07/17 11:04:25.301, 1192, 877, 179.04, 67, 68, 100, 8404, Not Active, Not Active, Not Active
2026/07/17 11:04:25.352, 1192, 877, 162.62, 67, 68, 100, 8404, Not Active, Not Active, Not Active
2026/07/17 11:04:25.404, 1192, 877, 137.29, 67, 68, 100, 8404, Not Active, Not Active, Not Active
2026/07/17 11:04:25.457, 1192, 877, 173.17, 67, 68, 100, 8404, Not Active, Not Active, Not Active
2026/07/17 11:04:25.508, 1192, 877, 172.69, 67, 68, 100, 8404, Not Active, Not Active, Not Active
2026/07/17 11:04:25.560, 1192, 877, 173.76, 67, 68, 100, 8404, Not Active, Not Active, Not Active
2026/07/17 11:04:25.612, 1192, 877, 176.04, 67, 68, 100, 8404, Not Active, Not Active, Not Active
2026/07/17 11:04:25.664, 1192, 877, 179.88, 67, 68, 100, 8404, Not Active, Not Active, Not Active
2026/07/17 11:04:25.719, 1192, 877, 162.95, 67, 68, 100, 8404, Not Active, Not Active, Not Active
2026/07/17 11:04:25.771, 1192, 877, 158.73, 67, 68, 100, 8404, Not Active, Not Active, Not Active
2026/07/17 11:04:25.823, 1192, 877, 166.68, 67, 68, 100, 8404, Not Active, Not Active, Not Active
2026/07/17 11:04:25.875, 1192, 877, 171.00, 67, 68, 100, 8404, Not Active, Not Active, Not Active
2026/07/17 11:04:25.927, 1192, 877, 170.89, 67, 68, 100, 8404, Not Active, Not Active, Not Active
2026/07/17 11:04:25.979, 1192, 877, 174.61, 67, 68, 100, 8404, Not Active, Not Active, Not Active
2026/07/17 11:04:26.031, 1192, 877, 179.40, 67, 68, 100, 8404, Not Active, Not Active, Not Active
2026/07/17 11:04:26.083, 1192, 877, 179.04, 67, 68, 100, 8404, Not Active, Not Active, Not Active
2026/07/17 11:04:26.135, 1192, 877, 167.64, 67, 68, 100, 8404, Not Active, Not Active, Not Active
2026/07/17 11:04:26.186, 1192, 877, 160.07, 67, 68, 100, 8404, Not Active, Not Active, Not Active
2026/07/17 11:04:26.240, 1192, 877, 171.59, 67, 68, 100, 8404, Not Active, Not Active, Not Active
2026/07/17 11:04:26.292, 1192, 877, 169.45, 67, 68, 100, 8404, Not Active, Not Active, Not Active
2026/07/17 11:04:26.344, 1192, 877, 169.33, 67, 68, 100, 8404, Not Active, Not Active, Not Active
2026/07/17 11:04:26.396, 1192, 877, 170.77, 67, 68, 100, 8404, Not Active, Not Active, Not Active
2026/07/17 11:04:26.447, 1192, 877, 172.21, 67, 68, 100, 8404, Not Active, Not Active, Not Active
2026/07/17 11:04:26.502, 1192, 877, 172.80, 67, 68, 100, 8404, Not Active, Not Active, Not Active
2026/07/17 11:04:26.553, 1192, 877, 170.04, 67, 68, 100, 8404, Not Active, Not Active, Not Active
2026/07/17 11:04:26.605, 1192, 877, 174.01, 67, 68, 100, 8404, Not Active, Not Active, Not Active
2026/07/17 11:04:26.657, 1192, 877, 166.68, 67, 68, 100, 8404, Not Active, Not Active, Not Active
2026/07/17 11:04:26.709, 1192, 877, 164.28, 67, 68, 100, 8404, Not Active, Not Active, Not Active
2026/07/17 11:04:26.761, 1192, 877, 167.64, 67, 68, 100, 8404, Not Active, Not Active, Not Active
2026/07/17 11:04:26.813, 1192, 877, 168.01, 67, 68, 100, 8404, Not Active, Not Active, Not Active
2026/07/17 11:04:26.865, 1192, 877, 175.68, 68, 68, 100, 8404, Not Active, Not Active, Not Active
2026/07/17 11:04:26.916, 1192, 877, 154.58, 67, 68, 100, 8404, Not Active, Not Active, Not Active
2026/07/17 11:04:26.968, 1192, 877, 172.21, 67, 68, 100, 8404, Not Active, Not Active, Not Active
2026/07/17 11:04:27.022, 1192, 877, 169.45, 67, 68, 100, 8404, Not Active, Not Active, Not Active
2026/07/17 11:04:27.074, 1192, 877, 176.28, 67, 68, 100, 8404, Not Active, Not Active, Not Active
2026/07/17 11:04:27.126, 1192, 877, 175.57, 68, 68, 100, 8404, Not Active, Not Active, Not Active
2026/07/17 11:04:27.177, 1192, 877, 175.20, 68, 68, 100, 8404, Not Active, Not Active, Not Active
2026/07/17 11:04:27.229, 1192, 877, 155.16, 68, 68, 100, 8404, Not Active, Not Active, Not Active
2026/07/17 11:04:27.283, 1192, 877, 168.60, 68, 68, 100, 8404, Not Active, Not Active, Not Active
2026/07/17 11:04:27.335, 1192, 877, 162.36, 68, 68, 100, 8404, Not Active, Not Active, Not Active
2026/07/17 11:04:27.387, 1192, 877, 162.73, 67, 68, 100, 8404, Not Active, Not Active, Not Active
2026/07/17 11:04:27.439, 1192, 877, 171.73, 68, 68, 100, 8404, Not Active, Not Active, Not Active
2026/07/17 11:04:27.490, 1192, 877, 171.85, 68, 68, 100, 8404, Not Active, Not Active, Not Active
2026/07/17 11:04:27.545, 1192, 877, 173.28, 68, 68, 100, 8404, Not Active, Not Active, Not Active
2026/07/17 11:04:27.596, 1192, 877, 176.04, 68, 68, 100, 8404, Not Active, Not Active, Not Active
2026/07/17 11:04:27.648, 1192, 877, 171.62, 68, 68, 100, 8404, Not Active, Not Active, Not Active
2026/07/17 11:04:27.700, 1192, 877, 160.55, 67, 67, 100, 8404, Not Active, Not Active, Not Active
2026/07/17 11:04:27.752, 1192, 877, 178.08, 68, 68, 100, 8404, Not Active, Not Active, Not Active
2026/07/17 11:04:27.806, 1192, 877, 173.28, 68, 68, 100, 8404, Not Active, Not Active, Not Active
2026/07/17 11:04:27.858, 1192, 877, 173.28, 68, 68, 100, 8404, Not Active, Not Active, Not Active
2026/07/17 11:04:27.909, 1192, 877, 172.92, 68, 68, 100, 8404, Not Active, Not Active, Not Active
2026/07/17 11:04:27.961, 1192, 877, 156.70, 68, 68, 100, 8404, Not Active, Not Active, Not Active
2026/07/17 11:04:28.013, 1192, 877, 164.28, 68, 68, 100, 8404, Not Active, Not Active, Not Active
2026/07/17 11:04:28.066, 1192, 877, 139.12, 68, 68, 100, 8404, Not Active, Not Active, Not Active
2026/07/17 11:04:28.118, 1192, 877, 163.21, 68, 68, 100, 8404, Not Active, Not Active, Not Active
2026/07/17 11:04:28.170, 1192, 877, 162.25, 68, 68, 100, 8404, Not Active, Not Active, Not Active
2026/07/17 11:04:28.222, 1192, 877, 169.93, 68, 68, 100, 8404, Not Active, Not Active, Not Active
2026/07/17 11:04:28.274, 1192, 877, 168.60, 68, 68, 100, 8404, Not Active, Not Active, Not Active
2026/07/17 11:04:28.327, 1192, 877, 175.68, 68, 68, 100, 8404, Not Active, Not Active, Not Active
2026/07/17 11:04:28.379, 1192, 877, 172.80, 68, 68, 100, 8404, Not Active, Not Active, Not Active
2026/07/17 11:04:28.431, 1192, 877, 174.61, 68, 68, 100, 8404, Not Active, Not Active, Not Active
2026/07/17 11:04:28.483, 1192, 877, 159.59, 68, 68, 100, 8404, Not Active, Not Active, Not Active
2026/07/17 11:04:28.535, 1192, 877, 176.64, 68, 68, 100, 8404, Not Active, Not Active, Not Active
2026/07/17 11:04:28.589, 1192, 877, 174.61, 68, 68, 100, 8404, Not Active, Not Active, Not Active
2026/07/17 11:04:28.640, 1192, 877, 176.16, 68, 68, 100, 8404, Not Active, Not Active, Not Active
2026/07/17 11:04:28.692, 1192, 877, 169.93, 68, 68, 100, 8404, Not Active, Not Active, Not Active
2026/07/17 11:04:28.744, 1192, 877, 175.20, 68, 68, 100, 8404, Not Active, Not Active, Not Active
2026/07/17 11:04:28.796, 1192, 877, 176.28, 68, 68, 100, 8404, Not Active, Not Active, Not Active
2026/07/17 11:04:28.850, 1192, 877, 169.93, 68, 68, 100, 8404, Not Active, Not Active, Not Active
2026/07/17 11:04:28.901, 1192, 877, 174.72, 68, 68, 100, 8404, Not Active, Not Active, Not Active
2026/07/17 11:04:28.955, 1192, 877, 173.76, 68, 68, 100, 8404, Not Active, Not Active, Not Active
2026/07/17 11:04:29.007, 1192, 877, 166.09, 68, 68, 100, 8404, Not Active, Not Active, Not Active
2026/07/17 11:04:29.059, 1192, 877, 159.59, 68, 68, 100, 8404, Not Active, Not Active, Not Active
2026/07/17 11:04:29.110, 1192, 877, 153.44, 68, 68, 100, 8404, Not Active, Not Active, Not Active
2026/07/17 11:04:29.162, 1192, 877, 159.00, 68, 68, 100, 8404, Not Active, Not Active, Not Active
2026/07/17 11:04:29.214, 1192, 877, 160.23, 68, 68, 100, 8404, Not Active, Not Active, Not Active
2026/07/17 11:04:29.266, 1192, 877, 150.18, 68, 68, 100, 8404, Not Active, Not Active, Not Active
2026/07/17 11:04:29.318, 1192, 877, 155.74, 68, 68, 100, 8404, Not Active, Not Active, Not Active
2026/07/17 11:04:29.370, 1192, 877, 160.44, 68, 68, 100, 8404, Not Active, Not Active, Not Active
2026/07/17 11:04:29.422, 1192, 877, 161.18, 68, 68, 100, 8404, Not Active, Not Active, Not Active
2026/07/17 11:04:29.474, 1192, 877, 162.36, 68, 68, 100, 8404, Not Active, Not Active, Not Active
2026/07/17 11:04:29.525, 1192, 877, 159.00, 68, 69, 100, 8404, Not Active, Not Active, Not Active
2026/07/17 11:04:29.577, 1192, 877, 170.41, 68, 69, 100, 8404, Not Active, Not Active, Not Active
2026/07/17 11:04:29.632, 1192, 877, 163.80, 68, 68, 100, 8404, Not Active, Not Active, Not Active
2026/07/17 11:04:29.684, 1192, 877, 128.62, 68, 68, 100, 8404, Not Active, Not Active, Not Active
2026/07/17 11:04:29.735, 1192, 877, 166.09, 68, 68, 100, 8404, Not Active, Not Active, Not Active
2026/07/17 11:04:29.787, 1192, 877, 170.41, 68, 68, 100, 8404, Not Active, Not Active, Not Active
2026/07/17 11:04:29.839, 1192, 877, 165.72, 68, 68, 100, 8404, Not Active, Not Active, Not Active
2026/07/17 11:04:29.893, 1192, 877, 169.56, 68, 68, 100, 8404, Not Active, Not Active, Not Active
2026/07/17 11:04:29.944, 1192, 877, 171.37, 68, 69, 100, 8404, Not Active, Not Active, Not Active
2026/07/17 11:04:29.996, 1192, 877, 174.13, 68, 68, 100, 8404, Not Active, Not Active, Not Active
2026/07/17 11:04:30.048, 1192, 877, 173.88, 68, 68, 100, 8404, Not Active, Not Active, Not Active
2026/07/17 11:04:30.100, 1192, 877, 139.99, 68, 68, 100, 8404, Not Active, Not Active, Not Active
2026/07/17 11:04:30.153, 1192, 877, 165.61, 68, 68, 100, 8404, Not Active, Not Active, Not Active
2026/07/17 11:04:30.205, 1192, 877, 165.13, 68, 69, 100, 8404, Not Active, Not Active, Not Active
2026/07/17 11:04:30.256, 1192, 877, 169.93, 68, 69, 100, 8404, Not Active, Not Active, Not Active
2026/07/17 11:04:30.308, 1192, 877, 169.93, 68, 68, 100, 8404, Not Active, Not Active, Not Active
2026/07/17 11:04:30.360, 1192, 877, 173.76, 68, 69, 100, 8404, Not Active, Not Active, Not Active
2026/07/17 11:04:30.415, 1192, 877, 167.75, 68, 69, 100, 8404, Not Active, Not Active, Not Active
2026/07/17 11:04:30.466, 1192, 877, 166.68, 68, 69, 100, 8404, Not Active, Not Active, Not Active
2026/07/17 11:04:30.518, 1192, 877, 140.56, 68, 68, 100, 8404, Not Active, Not Active, Not Active
2026/07/17 11:04:30.570, 1192, 877, 165.13, 68, 68, 100, 8404, Not Active, Not Active, Not Active
2026/07/17 11:04:30.622, 1192, 877, 166.57, 68, 69, 100, 8404, Not Active, Not Active, Not Active
2026/07/17 11:04:30.675, 1192, 877, 167.05, 68, 69, 100, 8404, Not Active, Not Active, Not Active
2026/07/17 11:04:30.727, 1192, 877, 166.46, 68, 69, 100, 8404, Not Active, Not Active, Not Active
2026/07/17 11:04:30.779, 1192, 877, 170.41, 68, 69, 100, 8404, Not Active, Not Active, Not Active
2026/07/17 11:04:30.831, 1192, 877, 170.41, 68, 69, 100, 8404, Not Active, Not Active, Not Active
2026/07/17 11:04:30.882, 1192, 877, 167.05, 68, 69, 100, 8404, Not Active, Not Active, Not Active
2026/07/17 11:04:30.936, 1192, 877, 138.54, 68, 68, 100, 8404, Not Active, Not Active, Not Active
2026/07/17 11:04:30.988, 1192, 877, 165.72, 68, 69, 100, 8404, Not Active, Not Active, Not Active
2026/07/17 11:04:31.040, 1192, 877, 164.17, 68, 69, 100, 8404, Not Active, Not Active, Not Active
2026/07/17 11:04:31.092, 1192, 877, 163.21, 68, 69, 100, 8404, Not Active, Not Active, Not Active
2026/07/17 11:04:31.143, 1192, 877, 165.72, 68, 69, 100, 8404, Not Active, Not Active, Not Active
2026/07/17 11:04:31.196, 1192, 877, 165.13, 68, 69, 100, 8404, Not Active, Not Active, Not Active
2026/07/17 11:04:31.248, 1192, 877, 165.61, 68, 69, 100, 8404, Not Active, Not Active, Not Active
2026/07/17 11:04:31.300, 1192, 877, 166.20, 68, 69, 100, 8404, Not Active, Not Active, Not Active
2026/07/17 11:04:31.351, 1192, 877, 126.70, 68, 69, 100, 8404, Not Active, Not Active, Not Active
2026/07/17 11:04:31.404, 1192, 877, 151.42, 68, 68, 100, 8404, Not Active, Not Active, Not Active
2026/07/17 11:04:31.457, 1192, 877, 148.44, 68, 69, 100, 8404, Not Active, Not Active, Not Active
2026/07/17 11:04:31.508, 1192, 877, 150.56, 68, 69, 100, 8404, Not Active, Not Active, Not Active
2026/07/17 11:04:31.561, 1192, 877, 146.24, 68, 69, 100, 8404, Not Active, Not Active, Not Active
2026/07/17 11:04:31.612, 1192, 877, 149.50, 68, 69, 100, 8404, Not Active, Not Active, Not Active
2026/07/17 11:04:31.664, 1192, 877, 151.04, 68, 69, 100, 8404, Not Active, Not Active, Not Active
2026/07/17 11:04:31.718, 1192, 877, 148.54, 68, 69, 100, 8404, Not Active, Not Active, Not Active
2026/07/17 11:04:31.769, 1192, 877, 151.90, 68, 69, 100, 8404, Not Active, Not Active, Not Active
2026/07/17 11:04:31.821, 1192, 877, 168.38, 68, 68, 100, 8404, Not Active, Not Active, Not Active
2026/07/17 11:04:31.873, 1192, 877, 173.76, 68, 69, 100, 8404, Not Active, Not Active, Not Active
2026/07/17 11:04:31.925, 1192, 877, 179.04, 68, 69, 100, 8404, Not Active, Not Active, Not Active
2026/07/17 11:04:31.977, 1192, 877, 174.61, 68, 69, 100, 8404, Not Active, Not Active, Not Active
2026/07/17 11:04:32.029, 1192, 877, 172.69, 68, 69, 100, 8404, Not Active, Not Active, Not Active
2026/07/17 11:04:32.080, 1192, 877, 175.57, 68, 69, 100, 8404, Not Active, Not Active, Not Active
2026/07/17 11:04:32.132, 1192, 877, 174.13, 68, 69, 100, 8404, Not Active, Not Active, Not Active
2026/07/17 11:04:32.184, 1192, 877, 171.37, 68, 69, 100, 8404, Not Active, Not Active, Not Active
2026/07/17 11:04:32.236, 1192, 877, 159.37, 68, 69, 100, 8404, Not Active, Not Active, Not Active
2026/07/17 11:04:32.287, 1192, 877, 173.65, 68, 69, 100, 8404, Not Active, Not Active, Not Active
2026/07/17 11:04:32.341, 1192, 877, 168.49, 68, 69, 100, 8404, Not Active, Not Active, Not Active
2026/07/17 11:04:32.393, 1192, 877, 170.89, 68, 69, 100, 8404, Not Active, Not Active, Not Active
2026/07/17 11:04:32.445, 1192, 877, 173.76, 68, 69, 100, 8404, Not Active, Not Active, Not Active
2026/07/17 11:04:32.496, 1192, 877, 170.41, 68, 69, 100, 8404, Not Active, Not Active, Not Active
2026/07/17 11:04:32.548, 1192, 877, 170.41, 68, 69, 100, 8404, Not Active, Not Active, Not Active
2026/07/17 11:04:32.602, 1192, 877, 164.76, 68, 69, 100, 8404, Not Active, Not Active, Not Active
2026/07/17 11:04:32.654, 1192, 877, 110.96, 68, 69, 100, 8404, Not Active, Not Active, Not Active
2026/07/17 11:04:32.706, 1192, 877, 155.74, 68, 69, 100, 8404, Not Active, Not Active, Not Active
2026/07/17 11:04:32.757, 1192, 877, 145.66, 68, 69, 100, 8404, Not Active, Not Active, Not Active
2026/07/17 11:04:32.809, 1192, 877, 144.79, 68, 69, 100, 8404, Not Active, Not Active, Not Active
2026/07/17 11:04:32.862, 1192, 877, 151.90, 68, 69, 100, 8404, Not Active, Not Active, Not Active
2026/07/17 11:04:32.914, 1192, 877, 158.15, 68, 69, 100, 8404, Not Active, Not Active, Not Active
2026/07/17 11:04:32.967, 1192, 877, 161.40, 68, 69, 100, 8404, Not Active, Not Active, Not Active
2026/07/17 11:04:33.019, 1192, 877, 169.93, 68, 69, 100, 8404, Not Active, Not Active, Not Active
2026/07/17 11:04:33.070, 1192, 877, 168.01, 68, 69, 100, 8404, Not Active, Not Active, Not Active
2026/07/17 11:04:33.124, 1192, 877, 168.23, 68, 68, 100, 8404, Not Active, Not Active, Not Active
2026/07/17 11:04:33.176, 1192, 877, 174.72, 68, 69, 100, 8404, Not Active, Not Active, Not Active
2026/07/17 11:04:33.228, 1192, 877, 173.28, 68, 69, 100, 8404, Not Active, Not Active, Not Active
2026/07/17 11:04:33.280, 1192, 877, 166.94, 68, 69, 100, 8404, Not Active, Not Active, Not Active
2026/07/17 11:04:33.331, 1192, 877, 171.37, 68, 69, 100, 8404, Not Active, Not Active, Not Active
2026/07/17 11:04:33.385, 1192, 877, 174.61, 68, 69, 100, 8404, Not Active, Not Active, Not Active
2026/07/17 11:04:33.437, 1192, 877, 170.41, 68, 69, 100, 8404, Not Active, Not Active, Not Active
2026/07/17 11:04:33.489, 1192, 877, 170.18, 68, 69, 100, 8404, Not Active, Not Active, Not Active
2026/07/17 11:04:33.541, 1192, 877, 112.82, 68, 70, 100, 8404, Not Active, Not Active, Not Active
2026/07/17 11:04:33.592, 1192, 877, 162.36, 68, 69, 100, 8404, Not Active, Not Active, Not Active
2026/07/17 11:04:33.645, 1192, 877, 151.42, 68, 69, 100, 8404, Not Active, Not Active, Not Active
2026/07/17 11:04:33.697, 1192, 877, 146.24, 68, 69, 100, 8404, Not Active, Not Active, Not Active
2026/07/17 11:04:33.748, 1192, 877, 156.22, 69, 69, 100, 8404, Not Active, Not Active, Not Active
2026/07/17 11:04:33.800, 1192, 877, 168.97, 69, 69, 100, 8404, Not Active, Not Active, Not Active
2026/07/17 11:04:33.852, 1192, 877, 168.12, 68, 69, 100, 8404, Not Active, Not Active, Not Active
2026/07/17 11:04:33.906, 1192, 877, 169.33, 69, 69, 100, 8404, Not Active, Not Active, Not Active
2026/07/17 11:04:33.958, 1192, 877, 177.00, 69, 69, 100, 8404, Not Active, Not Active, Not Active
2026/07/17 11:04:34.010, 1192, 877, 158.41, 68, 68, 100, 8404, Not Active, Not Active, Not Active
2026/07/17 11:04:34.062, 1192, 877, 173.65, 68, 69, 100, 8404, Not Active, Not Active, Not Active
2026/07/17 11:04:34.113, 1192, 877, 168.60, 68, 69, 100, 8404, Not Active, Not Active, Not Active
2026/07/17 11:04:34.168, 1192, 877, 172.80, 68, 69, 100, 8404, Not Active, Not Active, Not Active
2026/07/17 11:04:34.219, 1192, 877, 167.64, 68, 69, 100, 8404, Not Active, Not Active, Not Active
2026/07/17 11:04:34.271, 1192, 877, 168.01, 68, 69, 100, 8404, Not Active, Not Active, Not Active
2026/07/17 11:04:34.323, 1192, 877, 168.01, 68, 69, 100, 8404, Not Active, Not Active, Not Active
2026/07/17 11:04:34.384, 1192, 877, 159.85, 69, 69, 100, 8404, Not Active, Not Active, Not Active
2026/07/17 11:04:34.435, 1192, 877, 115.78, 68, 70, 100, 8404, Not Active, Not Active, Not Active
2026/07/17 11:04:34.490, 1192, 877, 141.91, 68, 69, 100, 8404, Not Active, Not Active, Not Active
2026/07/17 11:04:34.541, 1192, 877, 153.82, 68, 69, 100, 8404, Not Active, Not Active, Not Active
2026/07/17 11:04:34.593, 1192, 877, 166.09, 68, 69, 100, 8404, Not Active, Not Active, Not Active
2026/07/17 11:04:34.645, 1192, 877, 171.85, 68, 69, 100, 8404, Not Active, Not Active, Not Active
2026/07/17 11:04:34.697, 1192, 877, 172.92, 68, 69, 100, 8404, Not Active, Not Active, Not Active
2026/07/17 11:04:34.751, 1192, 877, 171.25, 68, 69, 100, 8404, Not Active, Not Active, Not Active
2026/07/17 11:04:34.803, 1192, 877, 170.04, 68, 69, 100, 8404, Not Active, Not Active, Not Active
2026/07/17 11:04:34.855, 1192, 877, 172.32, 68, 69, 100, 8404, Not Active, Not Active, Not Active
2026/07/17 11:04:34.907, 1192, 877, 142.00, 68, 70, 100, 8404, Not Active, Not Active, Not Active
2026/07/17 11:04:34.958, 1192, 877, 162.14, 68, 69, 100, 8404, Not Active, Not Active, Not Active
2026/07/17 11:04:35.011, 1192, 877, 154.68, 68, 70, 100, 8404, Not Active, Not Active, Not Active
2026/07/17 11:04:35.063, 1192, 877, 151.90, 68, 69, 100, 8404, Not Active, Not Active, Not Active
2026/07/17 11:04:35.115, 1192, 877, 142.87, 68, 69, 100, 8404, Not Active, Not Active, Not Active
2026/07/17 11:04:35.166, 1192, 877, 156.70, 68, 69, 100, 8404, Not Active, Not Active, Not Active
2026/07/17 11:04:35.218, 1192, 877, 164.28, 68, 69, 100, 8404, Not Active, Not Active, Not Active
2026/07/17 11:04:35.272, 1192, 877, 171.00, 69, 69, 100, 8404, Not Active, Not Active, Not Active
2026/07/17 11:04:35.324, 1192, 877, 172.21, 69, 69, 100, 8404, Not Active, Not Active, Not Active
2026/07/17 11:04:35.376, 1192, 877, 160.92, 68, 69, 100, 8404, Not Active, Not Active, Not Active
2026/07/17 11:04:35.428, 1192, 877, 163.80, 68, 69, 100, 8404, Not Active, Not Active, Not Active
2026/07/17 11:04:35.479, 1192, 877, 166.31, 68, 69, 100, 8404, Not Active, Not Active, Not Active
2026/07/17 11:04:35.533, 1192, 877, 167.64, 68, 70, 100, 8404, Not Active, Not Active, Not Active
2026/07/17 11:04:35.584, 1192, 877, 154.30, 69, 70, 100, 8404, Not Active, Not Active, Not Active
2026/07/17 11:04:35.636, 1192, 877, 147.10, 69, 70, 100, 8404, Not Active, Not Active, Not Active
2026/07/17 11:04:35.688, 1192, 877, 146.24, 69, 69, 100, 8404, Not Active, Not Active, Not Active
2026/07/17 11:04:35.740, 1192, 877, 157.56, 69, 69, 100, 8404, Not Active, Not Active, Not Active
2026/07/17 11:04:35.794, 1192, 877, 165.61, 68, 70, 100, 8404, Not Active, Not Active, Not Active
2026/07/17 11:04:35.846, 1192, 877, 163.80, 68, 68, 100, 8404, Not Active, Not Active, Not Active
2026/07/17 11:04:35.897, 1192, 877, 172.32, 68, 69, 100, 8404, Not Active, Not Active, Not Active
2026/07/17 11:04:35.949, 1192, 877, 167.90, 68, 69, 100, 8404, Not Active, Not Active, Not Active
2026/07/17 11:04:36.001, 1192, 877, 163.80, 68, 69, 100, 8404, Not Active, Not Active, Not Active
2026/07/17 11:04:36.055, 1192, 877, 159.37, 68, 70, 100, 8404, Not Active, Not Active, Not Active
2026/07/17 11:04:36.107, 1192, 877, 157.08, 68, 70, 100, 8404, Not Active, Not Active, Not Active
2026/07/17 11:04:36.159, 1192, 877, 138.06, 68, 69, 100, 8404, Not Active, Not Active, Not Active
2026/07/17 11:04:36.211, 1192, 877, 154.30, 68, 69, 100, 8404, Not Active, Not Active, Not Active
2026/07/17 11:04:36.263, 1192, 877, 165.24, 69, 69, 100, 8404, Not Active, Not Active, Not Active
2026/07/17 11:04:36.316, 1192, 877, 165.24, 68, 68, 100, 8404, Not Active, Not Active, Not Active
2026/07/17 11:04:36.367, 1192, 877, 169.81, 68, 69, 100, 8404, Not Active, Not Active, Not Active
2026/07/17 11:04:36.419, 1192, 877, 166.79, 68, 69, 100, 8404, Not Active, Not Active, Not Active
2026/07/17 11:04:36.471, 1192, 877, 161.51, 68, 69, 100, 8404, Not Active, Not Active, Not Active
2026/07/17 11:04:36.523, 1192, 877, 157.66, 68, 70, 100, 8404, Not Active, Not Active, Not Active
2026/07/17 11:04:36.576, 1192, 877, 151.90, 69, 70, 100, 8404, Not Active, Not Active, Not Active
2026/07/17 11:04:36.628, 1192, 877, 144.79, 69, 69, 100, 8404, Not Active, Not Active, Not Active
2026/07/17 11:04:36.679, 1192, 877, 163.80, 69, 69, 100, 8404, Not Active, Not Active, Not Active
2026/07/17 11:04:36.731, 1192, 877, 170.52, 69, 69, 100, 8404, Not Active, Not Active, Not Active
2026/07/17 11:04:36.783, 1192, 877, 161.03, 68, 69, 100, 8404, Not Active, Not Active, Not Active
2026/07/17 11:04:36.837, 1192, 877, 170.89, 68, 69, 100, 8404, Not Active, Not Active, Not Active
2026/07/17 11:04:36.889, 1192, 877, 165.61, 68, 69, 100, 8404, Not Active, Not Active, Not Active
2026/07/17 11:04:36.940, 1192, 877, 159.48, 68, 69, 100, 8404, Not Active, Not Active, Not Active
2026/07/17 11:04:36.992, 1192, 877, 152.00, 69, 70, 100, 8404, Not Active, Not Active, Not Active
2026/07/17 11:04:37.044, 1192, 877, 142.96, 69, 70, 100, 8404, Not Active, Not Active, Not Active
2026/07/17 11:04:37.098, 1192, 877, 157.66, 69, 69, 100, 8404, Not Active, Not Active, Not Active
2026/07/17 11:04:37.149, 1192, 877, 167.64, 69, 69, 100, 8404, Not Active, Not Active, Not Active
2026/07/17 11:04:37.201, 1192, 877, 173.17, 69, 69, 100, 8404, Not Active, Not Active, Not Active
2026/07/17 11:04:37.253, 1192, 877, 148.54, 68, 69, 100, 8404, Not Active, Not Active, Not Active
2026/07/17 11:04:37.305, 1192, 877, 164.76, 68, 69, 100, 8404, Not Active, Not Active, Not Active
2026/07/17 11:04:37.359, 1192, 877, 160.44, 68, 70, 100, 8404, Not Active, Not Active, Not Active
2026/07/17 11:04:37.411, 1192, 877, 143.93, 69, 70, 100, 8404, Not Active, Not Active, Not Active
2026/07/17 11:04:37.462, 1192, 877, 149.60, 69, 70, 100, 8404, Not Active, Not Active, Not Active
2026/07/17 11:04:37.514, 1192, 877, 164.65, 69, 69, 100, 8404, Not Active, Not Active, Not Active
2026/07/17 11:04:37.566, 1192, 877, 170.52, 69, 69, 100, 8404, Not Active, Not Active, Not Active
2026/07/17 11:04:37.621, 1192, 877, 171.25, 69, 70, 100, 8404, Not Active, Not Active, Not Active
2026/07/17 11:04:37.673, 1192, 877, 170.89, 68, 69, 100, 8404, Not Active, Not Active, Not Active
2026/07/17 11:04:37.725, 1192, 877, 129.59, 68, 69, 100, 8404, Not Active, Not Active, Not Active
2026/07/17 11:04:37.776, 1192, 877, 148.06, 68, 70, 100, 8404, Not Active, Not Active, Not Active
2026/07/17 11:04:37.828, 1192, 877, 145.27, 69, 69, 100, 8404, Not Active, Not Active, Not Active
2026/07/17 11:04:37.881, 1192, 877, 163.80, 69, 69, 100, 8404, Not Active, Not Active, Not Active
2026/07/17 11:04:37.932, 1192, 877, 171.96, 69, 69, 100, 8404, Not Active, Not Active, Not Active
2026/07/17 11:04:37.984, 1192, 877, 169.45, 69, 69, 100, 8404, Not Active, Not Active, Not Active
2026/07/17 11:04:38.036, 1192, 877, 172.80, 68, 69, 100, 8404, Not Active, Not Active, Not Active
2026/07/17 11:04:38.088, 1192, 877, 161.66, 68, 69, 100, 8404, Not Active, Not Active, Not Active
2026/07/17 11:04:38.142, 1192, 877, 160.55, 69, 69, 100, 8404, Not Active, Not Active, Not Active
2026/07/17 11:04:38.194, 1192, 877, 139.12, 69, 70, 100, 8404, Not Active, Not Active, Not Active
2026/07/17 11:04:38.247, 1192, 877, 163.32, 68, 69, 100, 8404, Not Active, Not Active, Not Active
2026/07/17 11:04:38.298, 1192, 877, 170.04, 69, 69, 100, 8404, Not Active, Not Active, Not Active
2026/07/17 11:04:38.350, 1192, 877, 167.05, 69, 69, 100, 8404, Not Active, Not Active, Not Active
2026/07/17 11:04:38.404, 1192, 877, 168.12, 69, 69, 100, 8404, Not Active, Not Active, Not Active
2026/07/17 11:04:38.455, 1192, 877, 167.53, 68, 69, 100, 8404, Not Active, Not Active, Not Active
2026/07/17 11:04:38.507, 1192, 877, 164.76, 69, 69, 100, 8404, Not Active, Not Active, Not Active
2026/07/17 11:04:38.559, 1192, 877, 149.60, 69, 70, 100, 8404, Not Active, Not Active, Not Active
2026/07/17 11:04:38.611, 1192, 877, 145.27, 69, 70, 100, 8404, Not Active, Not Active, Not Active
2026/07/17 11:04:38.663, 1192, 877, 165.24, 69, 69, 100, 8404, Not Active, Not Active, Not Active
2026/07/17 11:04:38.715, 1192, 877, 162.84, 68, 69, 100, 8404, Not Active, Not Active, Not Active
2026/07/17 11:04:38.767, 1192, 877, 164.17, 69, 69, 100, 8404, Not Active, Not Active, Not Active
2026/07/17 11:04:38.819, 1192, 877, 158.52, 69, 69, 100, 8404, Not Active, Not Active, Not Active
2026/07/17 11:04:38.871, 1192, 877, 154.41, 69, 70, 100, 8404, Not Active, Not Active, Not Active
2026/07/17 11:04:38.924, 1192, 877, 140.56, 69, 70, 100, 8404, Not Active, Not Active, Not Active
2026/07/17 11:04:38.976, 1192, 877, 163.80, 69, 70, 100, 8404, Not Active, Not Active, Not Active
2026/07/17 11:04:39.027, 1192, 877, 169.33, 69, 70, 100, 8404, Not Active, Not Active, Not Active
2026/07/17 11:04:39.079, 1192, 877, 174.13, 69, 70, 100, 8404, Not Active, Not Active, Not Active
2026/07/17 11:04:39.131, 1192, 877, 165.13, 69, 69, 100, 8404, Not Active, Not Active, Not Active
2026/07/17 11:04:39.186, 1192, 877, 113.70, 68, 70, 100, 8404, Not Active, Not Active, Not Active
2026/07/17 11:04:39.238, 1192, 877, 134.70, 69, 70, 100, 8404, Not Active, Not Active, Not Active
2026/07/17 11:04:39.290, 1192, 877, 157.18, 69, 70, 100, 8404, Not Active, Not Active, Not Active
2026/07/17 11:04:39.341, 1192, 877, 166.94, 69, 69, 100, 8404, Not Active, Not Active, Not Active
2026/07/17 11:04:39.393, 1192, 877, 169.93, 69, 70, 100, 8404, Not Active, Not Active, Not Active
2026/07/17 11:04:39.447, 1192, 877, 165.13, 69, 69, 100, 8404, Not Active, Not Active, Not Active
2026/07/17 11:04:39.499, 1192, 877, 170.52, 69, 69, 100, 8404, Not Active, Not Active, Not Active
2026/07/17 11:04:39.551, 1192, 877, 152.18, 69, 70, 100, 8404, Not Active, Not Active, Not Active
2026/07/17 11:04:39.602, 1192, 877, 138.06, 69, 70, 100, 8404, Not Active, Not Active, Not Active
2026/07/17 11:04:39.654, 1192, 877, 153.34, 69, 70, 100, 8404, Not Active, Not Active, Not Active
2026/07/17 11:04:39.707, 1192, 877, 165.83, 68, 69, 100, 8404, Not Active, Not Active, Not Active
2026/07/17 11:04:39.759, 1192, 877, 167.64, 69, 69, 100, 8404, Not Active, Not Active, Not Active
2026/07/17 11:04:39.811, 1192, 877, 156.98, 69, 69, 100, 8404, Not Active, Not Active, Not Active
2026/07/17 11:04:39.862, 1192, 877, 156.70, 69, 70, 100, 8404, Not Active, Not Active, Not Active
2026/07/17 11:04:39.914, 1192, 877, 143.35, 69, 70, 100, 8404, Not Active, Not Active, Not Active
2026/07/17 11:04:39.967, 1192, 877, 164.76, 69, 70, 100, 8404, Not Active, Not Active, Not Active
2026/07/17 11:04:40.019, 1192, 877, 175.68, 69, 70, 100, 8404, Not Active, Not Active, Not Active
2026/07/17 11:04:40.071, 1192, 877, 171.73, 69, 70, 100, 8404, Not Active, Not Active, Not Active
2026/07/17 11:04:40.122, 1192, 877, 165.72, 69, 70, 100, 8404, Not Active, Not Active, Not Active
2026/07/17 11:04:40.174, 1192, 877, 105.73, 68, 70, 100, 8404, Not Active, Not Active, Not Active
2026/07/17 11:04:40.229, 1192, 877, 148.16, 68, 69, 100, 8404, Not Active, Not Active, Not Active
2026/07/17 11:04:40.281, 1192, 877, 167.64, 69, 70, 100, 8404, Not Active, Not Active, Not Active
2026/07/17 11:04:40.332, 1192, 877, 168.97, 69, 69, 100, 8404, Not Active, Not Active, Not Active
2026/07/17 11:04:40.384, 1192, 877, 173.17, 69, 69, 100, 8404, Not Active, Not Active, Not Active
2026/07/17 11:04:40.436, 1192, 877, 166.20, 69, 69, 100, 8404, Not Active, Not Active, Not Active
2026/07/17 11:04:40.490, 1192, 877, 147.96, 69, 70, 100, 8404, Not Active, Not Active, Not Active
2026/07/17 11:04:40.542, 1192, 877, 139.60, 69, 70, 100, 8404, Not Active, Not Active, Not Active
2026/07/17 11:04:40.593, 1192, 877, 163.80, 69, 70, 100, 8404, Not Active, Not Active, Not Active
2026/07/17 11:04:40.645, 1192, 877, 171.96, 69, 70, 100, 8404, Not Active, Not Active, Not Active
2026/07/17 11:04:40.697, 1192, 877, 148.16, 68, 69, 100, 8404, Not Active, Not Active, Not Active
2026/07/17 11:04:40.750, 1192, 877, 158.04, 69, 70, 100, 8404, Not Active, Not Active, Not Active
2026/07/17 11:04:40.801, 1192, 877, 135.75, 68, 70, 100, 8404, Not Active, Not Active, Not Active
2026/07/17 11:04:40.853, 1192, 877, 162.84, 69, 70, 100, 8404, Not Active, Not Active, Not Active
2026/07/17 11:04:40.905, 1192, 877, 169.22, 69, 69, 100, 8404, Not Active, Not Active, Not Active
2026/07/17 11:04:40.957, 1192, 877, 168.01, 69, 70, 100, 8404, Not Active, Not Active, Not Active
2026/07/17 11:04:41.011, 1192, 877, 170.52, 69, 70, 100, 8404, Not Active, Not Active, Not Active
2026/07/17 11:04:41.063, 1192, 877, 163.43, 69, 70, 100, 8404, Not Active, Not Active, Not Active
2026/07/17 11:04:41.115, 1192, 877, 143.74, 69, 70, 100, 8404, Not Active, Not Active, Not Active
2026/07/17 11:04:41.167, 1192, 877, 151.42, 69, 70, 100, 8404, Not Active, Not Active, Not Active
2026/07/17 11:04:41.218, 1192, 877, 161.51, 69, 69, 100, 8404, Not Active, Not Active, Not Active
2026/07/17 11:04:41.272, 1192, 877, 171.37, 68, 69, 100, 8404, Not Active, Not Active, Not Active
2026/07/17 11:04:41.324, 1192, 877, 159.96, 69, 69, 100, 8404, Not Active, Not Active, Not Active
2026/07/17 11:04:41.376, 1192, 877, 141.91, 69, 70, 100, 8404, Not Active, Not Active, Not Active
2026/07/17 11:04:41.428, 1192, 877, 155.85, 69, 70, 100, 8404, Not Active, Not Active, Not Active
2026/07/17 11:04:41.480, 1192, 877, 167.05, 69, 70, 100, 8404, Not Active, Not Active, Not Active
2026/07/17 11:04:41.533, 1192, 877, 168.12, 69, 70, 100, 8404, Not Active, Not Active, Not Active
2026/07/17 11:04:41.585, 1192, 877, 169.45, 69, 70, 100, 8404, Not Active, Not Active, Not Active
2026/07/17 11:04:41.637, 1192, 877, 161.29, 69, 70, 100, 8404, Not Active, Not Active, Not Active
2026/07/17 11:04:41.688, 1192, 877, 139.99, 69, 70, 100, 8404, Not Active, Not Active, Not Active
2026/07/17 11:04:41.740, 1192, 877, 166.20, 69, 69, 100, 8404, Not Active, Not Active, Not Active
2026/07/17 11:04:41.795, 1192, 877, 173.65, 69, 70, 100, 8404, Not Active, Not Active, Not Active
2026/07/17 11:04:41.847, 1192, 877, 166.09, 69, 69, 100, 8404, Not Active, Not Active, Not Active
2026/07/17 11:04:41.899, 1192, 877, 157.18, 69, 70, 100, 8404, Not Active, Not Active, Not Active
2026/07/17 11:04:41.951, 1192, 877, 135.66, 69, 70, 100, 8404, Not Active, Not Active, Not Active
2026/07/17 11:04:42.003, 1192, 877, 162.47, 69, 70, 100, 8404, Not Active, Not Active, Not Active
2026/07/17 11:04:42.055, 1192, 877, 169.93, 69, 70, 100, 8404, Not Active, Not Active, Not Active
2026/07/17 11:04:42.107, 1192, 877, 167.53, 69, 70, 100, 8404, Not Active, Not Active, Not Active
2026/07/17 11:04:42.158, 1192, 877, 162.73, 69, 69, 100, 8404, Not Active, Not Active, Not Active
2026/07/17 11:04:42.210, 1192, 877, 141.43, 69, 70, 100, 8404, Not Active, Not Active, Not Active
2026/07/17 11:04:42.263, 1192, 877, 161.88, 69, 69, 100, 8404, Not Active, Not Active, Not Active
2026/07/17 11:04:42.316, 1192, 877, 172.92, 69, 70, 100, 8404, Not Active, Not Active, Not Active
2026/07/17 11:04:42.367, 1192, 877, 170.29, 69, 70, 100, 8404, Not Active, Not Active, Not Active
2026/07/17 11:04:42.419, 1192, 877, 157.56, 69, 69, 100, 8404, Not Active, Not Active, Not Active
2026/07/17 11:04:42.471, 1192, 877, 140.47, 69, 70, 100, 8404, Not Active, Not Active, Not Active
2026/07/17 11:04:42.523, 1192, 877, 155.26, 69, 70, 100, 8404, Not Active, Not Active, Not Active
2026/07/17 11:04:42.577, 1192, 877, 169.93, 69, 70, 100, 8404, Not Active, Not Active, Not Active
2026/07/17 11:04:42.629, 1192, 877, 175.57, 69, 70, 100, 8404, Not Active, Not Active, Not Active
2026/07/17 11:04:42.680, 1192, 877, 163.32, 68, 69, 100, 8404, Not Active, Not Active, Not Active
2026/07/17 11:04:42.732, 1192, 877, 124.86, 69, 70, 100, 8404, Not Active, Not Active, Not Active
2026/07/17 11:04:42.785, 1192, 877, 162.84, 69, 69, 100, 8404, Not Active, Not Active, Not Active
2026/07/17 11:04:42.838, 1192, 877, 178.20, 69, 70, 100, 8404, Not Active, Not Active, Not Active
2026/07/17 11:04:42.890, 1192, 877, 167.16, 69, 70, 100, 8404, Not Active, Not Active, Not Active
2026/07/17 11:04:42.942, 1192, 877, 156.22, 69, 70, 100, 8404, Not Active, Not Active, Not Active
2026/07/17 11:04:42.994, 1192, 877, 142.87, 69, 70, 100, 8404, Not Active, Not Active, Not Active
2026/07/17 11:04:43.045, 1192, 877, 154.30, 69, 70, 100, 8404, Not Active, Not Active, Not Active
2026/07/17 11:04:43.100, 1192, 877, 166.57, 69, 70, 100, 8404, Not Active, Not Active, Not Active
2026/07/17 11:04:43.151, 1192, 877, 173.76, 69, 70, 100, 8404, Not Active, Not Active, Not Active
2026/07/17 11:04:43.203, 1192, 877, 165.98, 69, 69, 100, 8404, Not Active, Not Active, Not Active
2026/07/17 11:04:43.255, 1192, 877, 133.83, 69, 70, 100, 8404, Not Active, Not Active, Not Active
2026/07/17 11:04:43.307, 1192, 877, 162.36, 69, 69, 100, 8404, Not Active, Not Active, Not Active
2026/07/17 11:04:43.361, 1192, 877, 173.28, 69, 70, 100, 8404, Not Active, Not Active, Not Active
2026/07/17 11:04:43.413, 1192, 877, 166.57, 69, 70, 100, 8404, Not Active, Not Active, Not Active
2026/07/17 11:04:43.464, 1192, 877, 160.81, 69, 70, 100, 8404, Not Active, Not Active, Not Active
2026/07/17 11:04:43.516, 1192, 877, 135.27, 69, 70, 100, 8404, Not Active, Not Active, Not Active
2026/07/17 11:04:43.568, 1192, 877, 163.32, 69, 70, 100, 8404, Not Active, Not Active, Not Active
2026/07/17 11:04:43.621, 1192, 877, 171.25, 69, 70, 100, 8404, Not Active, Not Active, Not Active
2026/07/17 11:04:43.673, 1192, 877, 170.89, 69, 70, 100, 8404, Not Active, Not Active, Not Active
2026/07/17 11:04:43.725, 1192, 877, 157.56, 69, 69, 100, 8404, Not Active, Not Active, Not Active
2026/07/17 11:04:43.776, 1192, 877, 134.40, 69, 70, 100, 8404, Not Active, Not Active, Not Active
2026/07/17 11:04:43.828, 1192, 877, 166.68, 69, 69, 100, 8404, Not Active, Not Active, Not Active
2026/07/17 11:04:43.883, 1192, 877, 168.49, 69, 70, 100, 8404, Not Active, Not Active, Not Active
2026/07/17 11:04:43.935, 1192, 877, 164.28, 69, 69, 100, 8404, Not Active, Not Active, Not Active
2026/07/17 11:04:43.987, 1192, 877, 146.33, 69, 70, 100, 8404, Not Active, Not Active, Not Active
2026/07/17 11:04:44.039, 1192, 877, 155.26, 69, 70, 100, 8404, Not Active, Not Active, Not Active
2026/07/17 11:04:44.090, 1192, 877, 170.52, 69, 70, 100, 8404, Not Active, Not Active, Not Active
2026/07/17 11:04:44.145, 1192, 877, 173.28, 69, 70, 100, 8404, Not Active, Not Active, Not Active
2026/07/17 11:04:44.197, 1192, 877, 166.46, 69, 69, 100, 8404, Not Active, Not Active, Not Active
2026/07/17 11:04:44.249, 1192, 877, 153.82, 69, 70, 100, 8404, Not Active, Not Active, Not Active
2026/07/17 11:04:44.301, 1192, 877, 147.68, 69, 70, 100, 8404, Not Active, Not Active, Not Active
2026/07/17 11:04:44.352, 1192, 877, 161.77, 68, 69, 100, 8404, Not Active, Not Active, Not Active
2026/07/17 11:04:44.408, 1192, 877, 165.72, 69, 69, 100, 8404, Not Active, Not Active, Not Active
2026/07/17 11:04:44.460, 1192, 877, 153.34, 69, 70, 100, 8404, Not Active, Not Active, Not Active
2026/07/17 11:04:44.511, 1192, 877, 140.47, 69, 70, 100, 8404, Not Active, Not Active, Not Active
2026/07/17 11:04:44.564, 1192, 877, 167.16, 69, 70, 100, 8404, Not Active, Not Active, Not Active
2026/07/17 11:04:44.615, 1192, 877, 171.37, 69, 70, 100, 8404, Not Active, Not Active, Not Active
2026/07/17 11:04:44.669, 1192, 877, 164.17, 69, 70, 100, 8404, Not Active, Not Active, Not Active
2026/07/17 11:04:44.721, 1192, 877, 152.48, 69, 70, 100, 8404, Not Active, Not Active, Not Active
2026/07/17 11:04:44.772, 1192, 877, 142.48, 69, 70, 100, 8404, Not Active, Not Active, Not Active
2026/07/17 11:04:44.824, 1192, 877, 166.20, 69, 70, 100, 8404, Not Active, Not Active, Not Active
2026/07/17 11:04:44.876, 1192, 877, 144.22, 69, 69, 100, 8404, Not Active, Not Active, Not Active
2026/07/17 11:04:44.929, 1192, 877, 149.50, 69, 70, 100, 8404, Not Active, Not Active, Not Active
2026/07/17 11:04:44.980, 1192, 877, 144.31, 69, 70, 100, 8404, Not Active, Not Active, Not Active
2026/07/17 11:04:45.032, 1192, 877, 166.68, 69, 70, 100, 8404, Not Active, Not Active, Not Active
2026/07/17 11:04:45.084, 1192, 877, 170.89, 69, 70, 100, 8404, Not Active, Not Active, Not Active
2026/07/17 11:04:45.136, 1192, 877, 163.32, 69, 70, 100, 8404, Not Active, Not Active, Not Active
2026/07/17 11:04:45.188, 1192, 877, 145.56, 69, 70, 100, 8404, Not Active, Not Active, Not Active
2026/07/17 11:04:45.240, 1192, 877, 156.60, 69, 70, 100, 8404, Not Active, Not Active, Not Active
2026/07/17 11:04:45.292, 1192, 877, 171.48, 69, 70, 100, 8404, Not Active, Not Active, Not Active
2026/07/17 11:04:45.344, 1192, 877, 167.64, 69, 70, 100, 8404, Not Active, Not Active, Not Active
2026/07/17 11:04:45.395, 1192, 877, 101.87, 69, 69, 100, 8404, Not Active, Not Active, Not Active
2026/07/17 11:04:45.448, 1192, 877, 161.88, 69, 70, 100, 8404, Not Active, Not Active, Not Active
2026/07/17 11:04:45.499, 1192, 877, 174.24, 69, 69, 100, 8404, Not Active, Not Active, Not Active
2026/07/17 11:04:45.554, 1192, 877, 168.97, 69, 70, 100, 8404, Not Active, Not Active, Not Active
2026/07/17 11:04:45.606, 1192, 877, 157.08, 69, 70, 100, 8404, Not Active, Not Active, Not Active
2026/07/17 11:04:45.657, 1192, 877, 139.51, 69, 70, 100, 8404, Not Active, Not Active, Not Active
2026/07/17 11:04:45.709, 1192, 877, 166.20, 69, 70, 100, 8404, Not Active, Not Active, Not Active
2026/07/17 11:04:45.761, 1192, 877, 170.89, 69, 70, 100, 8404, Not Active, Not Active, Not Active
2026/07/17 11:04:45.817, 1192, 877, 165.35, 69, 70, 100, 8404, Not Active, Not Active, Not Active
2026/07/17 11:04:45.869, 1192, 877, 147.96, 69, 70, 100, 8404, Not Active, Not Active, Not Active
2026/07/17 11:04:45.921, 1192, 877, 144.79, 69, 70, 100, 8404, Not Active, Not Active, Not Active
2026/07/17 11:04:45.973, 1192, 877, 168.49, 68, 69, 100, 8404, Not Active, Not Active, Not Active
2026/07/17 11:04:46.025, 1192, 877, 164.17, 69, 69, 100, 8404, Not Active, Not Active, Not Active
2026/07/17 11:04:46.076, 1192, 877, 133.65, 69, 70, 100, 8404, Not Active, Not Active, Not Active
2026/07/17 11:04:46.128, 1192, 877, 161.29, 69, 70, 100, 8404, Not Active, Not Active, Not Active
2026/07/17 11:04:46.180, 1192, 877, 173.76, 69, 70, 100, 8404, Not Active, Not Active, Not Active
2026/07/17 11:04:46.232, 1192, 877, 163.69, 69, 70, 100, 8404, Not Active, Not Active, Not Active
2026/07/17 11:04:46.283, 1192, 877, 145.56, 69, 70, 100, 8404, Not Active, Not Active, Not Active
2026/07/17 11:04:46.335, 1192, 877, 142.87, 69, 70, 100, 8404, Not Active, Not Active, Not Active
2026/07/17 11:04:46.387, 1192, 877, 165.98, 69, 70, 100, 8404, Not Active, Not Active, Not Active
2026/07/17 11:04:46.440, 1192, 877, 172.21, 69, 70, 100, 8404, Not Active, Not Active, Not Active
2026/07/17 11:04:46.492, 1192, 877, 88.49, 68, 69, 100, 8404, Not Active, Not Active, Not Active
2026/07/17 11:04:46.544, 1192, 877, 156.70, 69, 70, 100, 8404, Not Active, Not Active, Not Active
2026/07/17 11:04:46.596, 1192, 877, 171.85, 69, 70, 100, 8404, Not Active, Not Active, Not Active
2026/07/17 11:04:46.648, 1192, 877, 170.89, 69, 70, 100, 8404, Not Active, Not Active, Not Active
2026/07/17 11:04:46.702, 1192, 877, 156.02, 69, 70, 100, 8404, Not Active, Not Active, Not Active
2026/07/17 11:04:46.753, 1192, 877, 139.60, 69, 70, 100, 8404, Not Active, Not Active, Not Active
2026/07/17 11:04:46.805, 1192, 877, 166.68, 69, 70, 100, 8404, Not Active, Not Active, Not Active
2026/07/17 11:04:46.857, 1192, 877, 170.89, 69, 70, 100, 8404, Not Active, Not Active, Not Active
2026/07/17 11:04:46.909, 1192, 877, 164.17, 69, 70, 100, 8404, Not Active, Not Active, Not Active
2026/07/17 11:04:46.962, 1192, 877, 138.54, 69, 70, 100, 8404, Not Active, Not Active, Not Active
2026/07/17 11:04:47.014, 1192, 877, 162.36, 69, 70, 100, 8404, Not Active, Not Active, Not Active
2026/07/17 11:04:47.066, 1192, 877, 156.70, 69, 69, 100, 8404, Not Active, Not Active, Not Active
2026/07/17 11:04:47.118, 1192, 877, 149.88, 69, 70, 100, 8404, Not Active, Not Active, Not Active
2026/07/17 11:04:47.169, 1192, 877, 142.39, 69, 70, 100, 8404, Not Active, Not Active, Not Active
2026/07/17 11:04:47.221, 1192, 877, 165.61, 69, 70, 100, 8404, Not Active, Not Active, Not Active
2026/07/17 11:04:47.273, 1192, 877, 172.21, 69, 70, 100, 8404, Not Active, Not Active, Not Active
2026/07/17 11:04:47.329, 1192, 877, 164.65, 69, 69, 100, 8404, Not Active, Not Active, Not Active
2026/07/17 11:04:47.381, 1192, 877, 136.32, 69, 70, 100, 8404, Not Active, Not Active, Not Active
2026/07/17 11:04:47.432, 1192, 877, 162.36, 69, 70, 100, 8404, Not Active, Not Active, Not Active
2026/07/17 11:04:47.484, 1192, 877, 172.32, 69, 70, 100, 8404, Not Active, Not Active, Not Active
2026/07/17 11:04:47.536, 1192, 877, 164.76, 69, 70, 100, 8404, Not Active, Not Active, Not Active
2026/07/17 11:04:47.590, 1192, 877, 138.16, 69, 70, 100, 8404, Not Active, Not Active, Not Active
2026/07/17 11:04:47.642, 1192, 877, 165.72, 69, 69, 100, 8404, Not Active, Not Active, Not Active
2026/07/17 11:04:47.694, 1192, 877, 166.20, 69, 70, 100, 8404, Not Active, Not Active, Not Active
2026/07/17 11:04:47.746, 1192, 877, 161.88, 69, 70, 100, 8404, Not Active, Not Active, Not Active
2026/07/17 11:04:47.798, 1192, 877, 135.27, 69, 70, 100, 8404, Not Active, Not Active, Not Active
2026/07/17 11:04:47.850, 1192, 877, 165.24, 69, 70, 100, 8404, Not Active, Not Active, Not Active
2026/07/17 11:04:47.902, 1192, 877, 171.73, 69, 70, 100, 8404, Not Active, Not Active, Not Active
2026/07/17 11:04:47.954, 1192, 877, 163.80, 69, 70, 100, 8404, Not Active, Not Active, Not Active
2026/07/17 11:04:48.006, 1192, 877, 130.55, 69, 70, 100, 8404, Not Active, Not Active, Not Active
2026/07/17 11:04:48.058, 1192, 877, 162.36, 69, 70, 100, 8404, Not Active, Not Active, Not Active
2026/07/17 11:04:48.109, 1192, 877, 166.09, 69, 70, 100, 8404, Not Active, Not Active, Not Active
2026/07/17 11:04:48.161, 1192, 877, 84.57, 69, 70, 100, 8404, Not Active, Not Active, Not Active
2026/07/17 11:04:48.213, 1192, 877, 155.26, 69, 70, 100, 8404, Not Active, Not Active, Not Active
2026/07/17 11:04:48.265, 1192, 877, 170.52, 69, 70, 100, 8404, Not Active, Not Active, Not Active
2026/07/17 11:04:48.320, 1192, 877, 172.32, 69, 70, 100, 8404, Not Active, Not Active, Not Active
2026/07/17 11:04:48.371, 1192, 877, 147.58, 69, 70, 100, 8404, Not Active, Not Active, Not Active
2026/07/17 11:04:48.423, 1192, 877, 146.71, 69, 70, 100, 8404, Not Active, Not Active, Not Active
2026/07/17 11:04:48.475, 1192, 877, 169.45, 69, 70, 100, 8404, Not Active, Not Active, Not Active
2026/07/17 11:04:48.527, 1192, 877, 169.93, 69, 70, 100, 8404, Not Active, Not Active, Not Active
2026/07/17 11:04:48.579, 1192, 877, 149.88, 69, 70, 100, 8404, Not Active, Not Active, Not Active
2026/07/17 11:04:48.631, 1192, 877, 144.79, 69, 70, 100, 8404, Not Active, Not Active, Not Active
2026/07/17 11:04:48.682, 1192, 877, 170.89, 69, 70, 100, 8404, Not Active, Not Active, Not Active
2026/07/17 11:04:48.734, 1192, 877, 124.86, 69, 70, 100, 8404, Not Active, Not Active, Not Active
2026/07/17 11:04:48.786, 1192, 877, 136.71, 69, 70, 100, 8404, Not Active, Not Active, Not Active
2026/07/17 11:04:48.837, 1192, 877, 165.13, 69, 70, 100, 8404, Not Active, Not Active, Not Active
2026/07/17 11:04:48.889, 1192, 877, 166.57, 69, 70, 100, 8404, Not Active, Not Active, Not Active
2026/07/17 11:04:48.941, 1192, 877, 158.89, 69, 69, 100, 8404, Not Active, Not Active, Not Active
2026/07/17 11:04:48.993, 1192, 877, 135.27, 69, 70, 100, 8404, Not Active, Not Active, Not Active
2026/07/17 11:04:49.048, 1192, 877, 164.76, 69, 70, 100, 8404, Not Active, Not Active, Not Active
2026/07/17 11:04:49.100, 1192, 877, 167.90, 69, 70, 100, 8404, Not Active, Not Active, Not Active
2026/07/17 11:04:49.152, 1192, 877, 156.50, 69, 70, 100, 8404, Not Active, Not Active, Not Active
2026/07/17 11:04:49.203, 1192, 877, 135.27, 69, 70, 100, 8404, Not Active, Not Active, Not Active
2026/07/17 11:04:49.255, 1192, 877, 165.24, 69, 70, 100, 8404, Not Active, Not Active, Not Active
2026/07/17 11:04:49.309, 1192, 877, 146.24, 69, 70, 100, 8404, Not Active, Not Active, Not Active
2026/07/17 11:04:49.361, 1192, 877, 135.66, 69, 70, 100, 8404, Not Active, Not Active, Not Active
2026/07/17 11:04:49.413, 1192, 877, 162.36, 69, 70, 100, 8404, Not Active, Not Active, Not Active
2026/07/17 11:04:49.465, 1192, 877, 168.85, 69, 70, 100, 8404, Not Active, Not Active, Not Active
2026/07/17 11:04:49.517, 1192, 877, 162.47, 69, 69, 100, 8404, Not Active, Not Active, Not Active
2026/07/17 11:04:49.569, 1192, 877, 130.46, 69, 70, 100, 8404, Not Active, Not Active, Not Active
2026/07/17 11:04:49.620, 1192, 877, 164.28, 69, 70, 100, 8404, Not Active, Not Active, Not Active
2026/07/17 11:04:49.672, 1192, 877, 167.53, 69, 70, 100, 8404, Not Active, Not Active, Not Active
2026/07/17 11:04:49.724, 1192, 877, 164.28, 69, 70, 100, 8404, Not Active, Not Active, Not Active
2026/07/17 11:04:49.777, 1192, 877, 129.59, 69, 70, 100, 8404, Not Active, Not Active, Not Active
2026/07/17 11:04:49.829, 1192, 877, 163.32, 69, 70, 100, 8404, Not Active, Not Active, Not Active
2026/07/17 11:04:49.881, 1192, 877, 144.70, 69, 69, 100, 8404, Not Active, Not Active, Not Active
2026/07/17 11:04:49.933, 1192, 877, 129.02, 69, 70, 100, 8404, Not Active, Not Active, Not Active
2026/07/17 11:04:49.984, 1192, 877, 161.88, 69, 70, 100, 8404, Not Active, Not Active, Not Active
2026/07/17 11:04:50.036, 1192, 877, 165.61, 69, 70, 100, 8404, Not Active, Not Active, Not Active
2026/07/17 11:04:50.088, 1192, 877, 159.48, 69, 69, 100, 8404, Not Active, Not Active, Not Active
2026/07/17 11:04:50.140, 1192, 877, 133.43, 69, 71, 100, 8404, Not Active, Not Active, Not Active
2026/07/17 11:04:50.191, 1192, 877, 162.36, 69, 70, 100, 8404, Not Active, Not Active, Not Active
2026/07/17 11:04:50.246, 1192, 877, 170.04, 69, 70, 100, 8404, Not Active, Not Active, Not Active
2026/07/17 11:04:50.298, 1192, 877, 159.59, 69, 70, 100, 8404, Not Active, Not Active, Not Active
2026/07/17 11:04:50.350, 1192, 877, 132.87, 69, 70, 100, 8404, Not Active, Not Active, Not Active
2026/07/17 11:04:50.402, 1192, 877, 163.69, 69, 70, 100, 8404, Not Active, Not Active, Not Active
2026/07/17 11:04:50.453, 1192, 877, 62.49, 68, 70, 100, 354, Not Active, Not Active, Not Active
2026/07/17 11:04:50.505, 1192, 877, 46.12, 67, 68, 100, 354, Not Active, Not Active, Not Active
2026/07/17 11:04:50.557, 1192, 877, 45.63, 67, 68, 99, 354, Not Active, Not Active, Not Active
2026/07/17 11:04:50.609, 1192, 877, 45.63, 66, 66, 99, 352, Not Active, Not Active, Not Active
