timestamp,graphics_clock_mhz,memory_clock_mhz,power_w,gpu_temperature_c,memory_temperature_c,gpu_util_pct,memory_used_mib,sw_power_cap,sw_thermal_slowdown,hw_thermal_slowdown
2026/07/17 11:14:01.573, 1192, 877, 35.97, 50, 49, 0, 6, Not Active, Not Active, Not Active
2026/07/17 11:14:01.626, 1192, 877, 35.97, 50, 49, 0, 8, Not Active, Not Active, Not Active
2026/07/17 11:14:01.678, 1192, 877, 35.97, 50, 49, 0, 8, Not Active, Not Active, Not Active
2026/07/17 11:14:01.730, 1192, 877, 35.97, 50, 49, 0, 316, Not Active, Not Active, Not Active
2026/07/17 11:14:01.783, 1192, 877, 35.97, 50, 49, 3, 316, Not Active, Not Active, Not Active
2026/07/17 11:14:01.835, 1192, 877, 35.97, 50, 49, 3, 316, Not Active, Not Active, Not Active
2026/07/17 11:14:01.886, 1192, 877, 35.97, 50, 49, 3, 316, Not Active, Not Active, Not Active
2026/07/17 11:14:01.938, 1192, 877, 35.97, 50, 49, 3, 316, Not Active, Not Active, Not Active
2026/07/17 11:14:01.990, 1192, 877, 36.46, 50, 49, 0, 11402, Not Active, Not Active, Not Active
2026/07/17 11:14:02.043, 1192, 877, 36.94, 50, 49, 0, 11402, Not Active, Not Active, Not Active
2026/07/17 11:14:02.095, 1192, 877, 36.94, 50, 49, 0, 11402, Not Active, Not Active, Not Active
2026/07/17 11:14:02.148, 1192, 877, 36.46, 50, 49, 76, 11402, Not Active, Not Active, Not Active
2026/07/17 11:14:02.200, 1192, 877, 36.46, 50, 49, 76, 11402, Not Active, Not Active, Not Active
2026/07/17 11:14:02.253, 1192, 877, 36.94, 50, 49, 76, 11402, Not Active, Not Active, Not Active
2026/07/17 11:14:02.306, 1192, 877, 36.46, 50, 49, 100, 11402, Not Active, Not Active, Not Active
2026/07/17 11:14:02.358, 1192, 877, 36.94, 50, 49, 100, 11402, Not Active, Not Active, Not Active
2026/07/17 11:14:02.411, 1192, 877, 36.46, 50, 49, 100, 11402, Not Active, Not Active, Not Active
2026/07/17 11:14:02.464, 1192, 877, 36.46, 50, 49, 99, 11402, Not Active, Not Active, Not Active
2026/07/17 11:14:02.516, 1192, 877, 36.94, 50, 49, 99, 11402, Not Active, Not Active, Not Active
2026/07/17 11:14:02.569, 1192, 877, 36.94, 50, 49, 99, 11402, Not Active, Not Active, Not Active
2026/07/17 11:14:02.622, 1192, 877, 36.94, 50, 49, 99, 11402, Not Active, Not Active, Not Active
2026/07/17 11:14:02.674, 1192, 877, 36.46, 50, 49, 99, 11402, Not Active, Not Active, Not Active
2026/07/17 11:14:02.727, 1192, 877, 36.46, 50, 49, 99, 11402, Not Active, Not Active, Not Active
2026/07/17 11:14:02.780, 1192, 877, 36.46, 50, 49, 99, 11402, Not Active, Not Active, Not Active
2026/07/17 11:14:02.832, 1192, 877, 36.46, 50, 49, 99, 11402, Not Active, Not Active, Not Active
2026/07/17 11:14:02.885, 1192, 877, 36.94, 50, 49, 99, 11402, Not Active, Not Active, Not Active
2026/07/17 11:14:02.937, 1192, 877, 36.46, 50, 49, 99, 11402, Not Active, Not Active, Not Active
2026/07/17 11:14:02.990, 1192, 877, 36.94, 50, 49, 99, 11402, Not Active, Not Active, Not Active
2026/07/17 11:14:03.042, 1192, 877, 36.94, 50, 49, 99, 11402, Not Active, Not Active, Not Active
2026/07/17 11:14:03.095, 1192, 877, 36.46, 50, 49, 99, 11402, Not Active, Not Active, Not Active
2026/07/17 11:14:03.149, 1192, 877, 36.46, 50, 49, 99, 11402, Not Active, Not Active, Not Active
2026/07/17 11:14:03.201, 1192, 877, 36.46, 50, 49, 99, 11402, Not Active, Not Active, Not Active
2026/07/17 11:14:03.254, 1192, 877, 36.94, 50, 49, 99, 11402, Not Active, Not Active, Not Active
2026/07/17 11:14:03.306, 1192, 877, 36.46, 50, 49, 99, 11402, Not Active, Not Active, Not Active
2026/07/17 11:14:03.359, 1192, 877, 36.46, 50, 49, 99, 11402, Not Active, Not Active, Not Active
2026/07/17 11:14:03.411, 1192, 877, 36.46, 50, 49, 99, 11402, Not Active, Not Active, Not Active
2026/07/17 11:14:03.465, 1192, 877, 36.46, 50, 49, 99, 11402, Not Active, Not Active, Not Active
2026/07/17 11:14:03.518, 1192, 877, 36.94, 50, 49, 99, 11402, Not Active, Not Active, Not Active
2026/07/17 11:14:03.571, 1192, 877, 36.46, 50, 49, 99, 11402, Not Active, Not Active, Not Active
2026/07/17 11:14:03.623, 1192, 877, 36.46, 50, 49, 99, 11402, Not Active, Not Active, Not Active
2026/07/17 11:14:03.676, 1192, 877, 36.46, 50, 49, 99, 11402, Not Active, Not Active, Not Active
2026/07/17 11:14:03.728, 1192, 877, 36.46, 50, 49, 99, 11402, Not Active, Not Active, Not Active
2026/07/17 11:14:03.781, 1192, 877, 36.46, 50, 49, 99, 11402, Not Active, Not Active, Not Active
2026/07/17 11:14:03.833, 1192, 877, 36.46, 50, 49, 99, 11402, Not Active, Not Active, Not Active
2026/07/17 11:14:03.886, 1192, 877, 36.46, 50, 49, 99, 11402, Not Active, Not Active, Not Active
2026/07/17 11:14:03.938, 1192, 877, 36.46, 50, 49, 99, 11402, Not Active, Not Active, Not Active
2026/07/17 11:14:03.991, 1192, 877, 36.46, 50, 49, 99, 11402, Not Active, Not Active, Not Active
2026/07/17 11:14:04.043, 1192, 877, 36.46, 50, 49, 99, 11402, Not Active, Not Active, Not Active
2026/07/17 11:14:04.096, 1192, 877, 36.46, 50, 49, 99, 11402, Not Active, Not Active, Not Active
2026/07/17 11:14:04.148, 1192, 877, 36.46, 50, 49, 99, 11402, Not Active, Not Active, Not Active
2026/07/17 11:14:04.201, 1192, 877, 36.46, 50, 49, 99, 11402, Not Active, Not Active, Not Active
2026/07/17 11:14:04.254, 1192, 877, 36.46, 50, 49, 99, 11402, Not Active, Not Active, Not Active
2026/07/17 11:14:04.306, 1192, 877, 36.46, 50, 49, 99, 11402, Not Active, Not Active, Not Active
2026/07/17 11:14:04.358, 1192, 877, 36.46, 50, 49, 99, 11402, Not Active, Not Active, Not Active
2026/07/17 11:14:04.411, 1192, 877, 36.46, 50, 49, 99, 11402, Not Active, Not Active, Not Active
2026/07/17 11:14:04.463, 1192, 877, 36.46, 50, 49, 99, 11402, Not Active, Not Active, Not Active
2026/07/17 11:14:04.516, 1192, 877, 36.46, 50, 49, 99, 11402, Not Active, Not Active, Not Active
2026/07/17 11:14:04.570, 1192, 877, 36.46, 50, 49, 99, 11402, Not Active, Not Active, Not Active
2026/07/17 11:14:04.622, 1192, 877, 36.46, 50, 49, 99, 11402, Not Active, Not Active, Not Active
2026/07/17 11:14:04.676, 1192, 877, 36.46, 50, 49, 99, 11402, Not Active, Not Active, Not Active
2026/07/17 11:14:04.728, 1192, 877, 36.46, 50, 49, 99, 11402, Not Active, Not Active, Not Active
2026/07/17 11:14:04.781, 1192, 877, 36.46, 50, 49, 99, 11402, Not Active, Not Active, Not Active
2026/07/17 11:14:04.833, 1192, 877, 36.46, 50, 49, 99, 11402, Not Active, Not Active, Not Active
2026/07/17 11:14:04.886, 1192, 877, 36.46, 50, 49, 99, 11402, Not Active, Not Active, Not Active
2026/07/17 11:14:04.938, 1192, 877, 36.46, 50, 49, 99, 11402, Not Active, Not Active, Not Active
2026/07/17 11:14:04.991, 1192, 877, 36.46, 50, 49, 99, 11402, Not Active, Not Active, Not Active
2026/07/17 11:14:05.043, 1192, 877, 36.46, 50, 49, 99, 11402, Not Active, Not Active, Not Active
2026/07/17 11:14:05.097, 1192, 877, 36.46, 50, 49, 99, 11402, Not Active, Not Active, Not Active
2026/07/17 11:14:05.150, 1192, 877, 36.46, 50, 49, 99, 11402, Not Active, Not Active, Not Active
2026/07/17 11:14:05.202, 1192, 877, 36.46, 50, 49, 99, 11402, Not Active, Not Active, Not Active
2026/07/17 11:14:05.255, 1192, 877, 36.46, 50, 49, 99, 11402, Not Active, Not Active, Not Active
2026/07/17 11:14:05.307, 1192, 877, 36.46, 50, 49, 99, 11402, Not Active, Not Active, Not Active
2026/07/17 11:14:05.360, 1192, 877, 36.46, 50, 49, 99, 11402, Not Active, Not Active, Not Active
2026/07/17 11:14:05.412, 1192, 877, 36.46, 50, 49, 99, 11402, Not Active, Not Active, Not Active
2026/07/17 11:14:05.465, 1192, 877, 36.46, 50, 49, 99, 11402, Not Active, Not Active, Not Active
2026/07/17 11:14:05.518, 1192, 877, 36.46, 50, 49, 99, 11402, Not Active, Not Active, Not Active
2026/07/17 11:14:05.572, 1192, 877, 36.46, 50, 49, 99, 11402, Not Active, Not Active, Not Active
2026/07/17 11:14:05.623, 1192, 877, 37.43, 50, 49, 99, 14108, Not Active, Not Active, Not Active
2026/07/17 11:14:05.675, 1192, 877, 167.16, 51, 50, 63, 14306, Not Active, Not Active, Not Active
2026/07/17 11:14:05.727, 1192, 877, 194.48, 52, 52, 63, 14342, Not Active, Not Active, Not Active
2026/07/17 11:14:05.782, 1192, 877, 197.01, 53, 53, 63, 14342, Not Active, Not Active, Not Active
2026/07/17 11:14:05.834, 1192, 877, 195.31, 54, 54, 86, 14342, Not Active, Not Active, Not Active
2026/07/17 11:14:05.886, 1192, 877, 200.57, 54, 54, 86, 14342, Not Active, Not Active, Not Active
2026/07/17 11:14:05.938, 1192, 877, 202.75, 55, 55, 86, 14342, Not Active, Not Active, Not Active
2026/07/17 11:14:05.989, 1192, 877, 204.33, 55, 55, 100, 14342, Not Active, Not Active, Not Active
2026/07/17 11:14:06.044, 1192, 877, 199.13, 55, 55, 100, 14342, Not Active, Not Active, Not Active
2026/07/17 11:14:06.095, 1192, 877, 200.23, 56, 56, 100, 14342, Not Active, Not Active, Not Active
2026/07/17 11:14:06.147, 1192, 877, 204.81, 56, 56, 100, 14342, Not Active, Not Active, Not Active
2026/07/17 11:14:06.199, 1192, 877, 203.71, 56, 56, 100, 14342, Not Active, Not Active, Not Active
2026/07/17 11:14:06.251, 1192, 877, 197.70, 56, 56, 100, 14342, Not Active, Not Active, Not Active
2026/07/17 11:14:06.305, 1192, 877, 200.23, 56, 56, 100, 14342, Not Active, Not Active, Not Active
2026/07/17 11:14:06.356, 1192, 877, 199.61, 56, 56, 100, 14342, Not Active, Not Active, Not Active
2026/07/17 11:14:06.408, 1192, 877, 196.40, 56, 56, 100, 14342, Not Active, Not Active, Not Active
2026/07/17 11:14:06.460, 1192, 877, 205.69, 57, 56, 100, 14342, Not Active, Not Active, Not Active
2026/07/17 11:14:06.512, 1192, 877, 202.27, 57, 56, 100, 14342, Not Active, Not Active, Not Active
2026/07/17 11:14:06.566, 1192, 877, 206.93, 57, 57, 100, 14342, Not Active, Not Active, Not Active
2026/07/17 11:14:06.618, 1192, 877, 201.66, 57, 57, 100, 14342, Not Active, Not Active, Not Active
2026/07/17 11:14:06.669, 1192, 877, 199.61, 57, 57, 100, 14342, Not Active, Not Active, Not Active
2026/07/17 11:14:06.727, 1192, 877, 200.23, 57, 57, 100, 14342, Not Active, Not Active, Not Active
2026/07/17 11:14:06.779, 1192, 877, 204.05, 57, 57, 100, 14342, Not Active, Not Active, Not Active
2026/07/17 11:14:06.830, 1192, 877, 202.75, 57, 57, 100, 14342, Not Active, Not Active, Not Active
2026/07/17 11:14:06.887, 1192, 877, 202.14, 57, 57, 100, 14342, Not Active, Not Active, Not Active
2026/07/17 11:14:06.939, 1192, 877, 200.23, 57, 57, 100, 14342, Not Active, Not Active, Not Active
2026/07/17 11:14:06.991, 1192, 877, 205.63, 57, 57, 100, 14342, Not Active, Not Active, Not Active
2026/07/17 11:14:07.048, 1192, 877, 200.23, 58, 57, 100, 14342, Not Active, Not Active, Not Active
2026/07/17 11:14:07.100, 1192, 877, 200.57, 58, 57, 100, 14342, Not Active, Not Active, Not Active
2026/07/17 11:14:07.151, 1192, 877, 200.23, 58, 58, 100, 14342, Not Active, Not Active, Not Active
2026/07/17 11:14:07.223, 1192, 877, 201.66, 58, 58, 100, 14342, Not Active, Not Active, Not Active
2026/07/17 11:14:07.274, 1192, 877, 201.32, 58, 58, 100, 14342, Not Active, Not Active, Not Active
2026/07/17 11:14:07.327, 1192, 877, 203.23, 58, 58, 100, 14342, Not Active, Not Active, Not Active
2026/07/17 11:14:07.379, 1192, 877, 151.52, 58, 58, 100, 14342, Not Active, Not Active, Not Active
2026/07/17 11:14:07.431, 1192, 877, 199.75, 58, 58, 100, 14342, Not Active, Not Active, Not Active
2026/07/17 11:14:07.483, 1192, 877, 194.96, 58, 58, 100, 14342, Not Active, Not Active, Not Active
2026/07/17 11:14:07.535, 1192, 877, 198.44, 58, 58, 100, 14342, Not Active, Not Active, Not Active
2026/07/17 11:14:07.587, 1192, 877, 205.01, 58, 58, 100, 14342, Not Active, Not Active, Not Active
2026/07/17 11:14:07.639, 1192, 877, 200.70, 58, 58, 100, 14342, Not Active, Not Active, Not Active
2026/07/17 11:14:07.693, 1192, 877, 198.66, 58, 58, 100, 14342, Not Active, Not Active, Not Active
2026/07/17 11:14:07.745, 1192, 877, 199.40, 58, 58, 100, 14342, Not Active, Not Active, Not Active
2026/07/17 11:14:07.797, 1192, 877, 188.48, 58, 58, 100, 14342, Not Active, Not Active, Not Active
2026/07/17 11:14:07.854, 1192, 877, 191.13, 58, 58, 99, 14342, Not Active, Not Active, Not Active
2026/07/17 11:14:07.906, 1192, 877, 196.53, 58, 58, 99, 14342, Not Active, Not Active, Not Active
2026/07/17 11:14:07.958, 1192, 877, 196.53, 58, 58, 99, 14342, Not Active, Not Active, Not Active
2026/07/17 11:14:08.014, 1192, 877, 195.31, 58, 58, 93, 14342, Not Active, Not Active, Not Active
2026/07/17 11:14:08.066, 1192, 877, 204.19, 59, 58, 93, 14342, Not Active, Not Active, Not Active
2026/07/17 11:14:08.118, 1192, 877, 196.74, 59, 59, 93, 14342, Not Active, Not Active, Not Active
2026/07/17 11:14:08.170, 1192, 877, 199.13, 59, 59, 100, 14342, Not Active, Not Active, Not Active
2026/07/17 11:14:08.222, 1192, 877, 203.58, 59, 59, 100, 14342, Not Active, Not Active, Not Active
2026/07/17 11:14:08.275, 1192, 877, 200.09, 59, 59, 100, 14342, Not Active, Not Active, Not Active
2026/07/17 11:14:08.327, 1192, 877, 200.57, 59, 59, 100, 14342, Not Active, Not Active, Not Active
2026/07/17 11:14:08.379, 1192, 877, 197.35, 59, 59, 100, 14342, Not Active, Not Active, Not Active
2026/07/17 11:14:08.431, 1192, 877, 204.40, 59, 59, 100, 14342, Not Active, Not Active, Not Active
2026/07/17 11:14:08.483, 1192, 877, 199.61, 59, 59, 100, 14342, Not Active, Not Active, Not Active
2026/07/17 11:14:08.536, 1192, 877, 184.19, 59, 59, 100, 14342, Not Active, Not Active, Not Active
2026/07/17 11:14:08.628, 1192, 877, 195.70, 59, 59, 100, 14342, Not Active, Not Active, Not Active
2026/07/17 11:14:08.680, 1192, 877, 200.57, 59, 59, 100, 14342, Not Active, Not Active, Not Active
2026/07/17 11:14:08.732, 1192, 877, 198.79, 59, 59, 100, 14342, Not Active, Not Active, Not Active
2026/07/17 11:14:08.784, 1192, 877, 200.70, 59, 59, 100, 14342, Not Active, Not Active, Not Active
2026/07/17 11:14:08.840, 1192, 877, 199.27, 59, 59, 100, 14342, Not Active, Not Active, Not Active
2026/07/17 11:14:08.892, 1192, 877, 199.88, 59, 59, 100, 14342, Not Active, Not Active, Not Active
2026/07/17 11:14:08.944, 1192, 877, 197.22, 60, 59, 100, 14342, Not Active, Not Active, Not Active
2026/07/17 11:14:08.996, 1192, 877, 196.40, 60, 60, 100, 14342, Not Active, Not Active, Not Active
2026/07/17 11:14:09.048, 1192, 877, 194.96, 60, 60, 100, 14342, Not Active, Not Active, Not Active
2026/07/17 11:14:09.101, 1192, 877, 199.75, 60, 59, 100, 14342, Not Active, Not Active, Not Active
2026/07/17 11:14:09.153, 1192, 877, 148.06, 60, 60, 100, 14342, Not Active, Not Active, Not Active
2026/07/17 11:14:09.205, 1192, 877, 197.83, 60, 59, 100, 14342, Not Active, Not Active, Not Active
2026/07/17 11:14:09.257, 1192, 877, 190.78, 60, 60, 100, 14342, Not Active, Not Active, Not Active
2026/07/17 11:14:09.309, 1192, 877, 196.05, 60, 60, 100, 14342, Not Active, Not Active, Not Active
2026/07/17 11:14:09.363, 1192, 877, 200.57, 60, 60, 100, 14342, Not Active, Not Active, Not Active
2026/07/17 11:14:09.414, 1192, 877, 196.40, 60, 60, 100, 14342, Not Active, Not Active, Not Active
2026/07/17 11:14:09.466, 1192, 877, 201.93, 60, 60, 100, 14342, Not Active, Not Active, Not Active
2026/07/17 11:14:09.518, 1192, 877, 196.53, 60, 60, 100, 14342, Not Active, Not Active, Not Active
2026/07/17 11:14:09.570, 1192, 877, 202.96, 60, 59, 100, 14342, Not Active, Not Active, Not Active
2026/07/17 11:14:09.624, 1192, 877, 187.90, 60, 60, 100, 14342, Not Active, Not Active, Not Active
2026/07/17 11:14:09.676, 1192, 877, 199.27, 60, 60, 100, 14342, Not Active, Not Active, Not Active
2026/07/17 11:14:09.727, 1192, 877, 197.35, 60, 60, 100, 14342, Not Active, Not Active, Not Active
2026/07/17 11:14:09.779, 1192, 877, 188.74, 60, 60, 100, 14342, Not Active, Not Active, Not Active
2026/07/17 11:14:09.831, 1192, 877, 195.09, 60, 60, 100, 14342, Not Active, Not Active, Not Active
2026/07/17 11:14:09.885, 1192, 877, 204.05, 60, 60, 100, 14342, Not Active, Not Active, Not Active
2026/07/17 11:14:09.937, 1192, 877, 199.75, 60, 60, 100, 14342, Not Active, Not Active, Not Active
2026/07/17 11:14:09.988, 1192, 877, 196.87, 60, 60, 100, 14342, Not Active, Not Active, Not Active
2026/07/17 11:14:10.041, 1192, 877, 196.05, 60, 60, 100, 14342, Not Active, Not Active, Not Active
2026/07/17 11:14:10.093, 1192, 877, 199.61, 61, 60, 100, 14342, Not Active, Not Active, Not Active
2026/07/17 11:14:10.147, 1192, 877, 185.99, 61, 60, 100, 14342, Not Active, Not Active, Not Active
2026/07/17 11:14:10.199, 1192, 877, 199.88, 61, 60, 100, 14342, Not Active, Not Active, Not Active
2026/07/17 11:14:10.250, 1192, 877, 203.58, 61, 60, 100, 14342, Not Active, Not Active, Not Active
2026/07/17 11:14:10.307, 1192, 877, 200.70, 61, 61, 100, 14342, Not Active, Not Active, Not Active
2026/07/17 11:14:10.359, 1192, 877, 181.32, 61, 60, 100, 14342, Not Active, Not Active, Not Active
2026/07/17 11:14:10.411, 1192, 877, 187.78, 61, 61, 100, 14342, Not Active, Not Active, Not Active
2026/07/17 11:14:10.467, 1192, 877, 195.79, 61, 61, 100, 14342, Not Active, Not Active, Not Active
2026/07/17 11:14:10.519, 1192, 877, 203.23, 61, 61, 100, 14342, Not Active, Not Active, Not Active
2026/07/17 11:14:10.571, 1192, 877, 196.18, 61, 61, 100, 14342, Not Active, Not Active, Not Active
2026/07/17 11:14:10.623, 1192, 877, 202.96, 61, 61, 100, 14342, Not Active, Not Active, Not Active
2026/07/17 11:14:10.675, 1192, 877, 191.03, 61, 61, 100, 14342, Not Active, Not Active, Not Active
2026/07/17 11:14:10.728, 1192, 877, 194.96, 61, 61, 100, 14342, Not Active, Not Active, Not Active
2026/07/17 11:14:10.780, 1192, 877, 197.70, 61, 61, 100, 14342, Not Active, Not Active, Not Active
2026/07/17 11:14:10.832, 1192, 877, 192.09, 61, 61, 100, 14342, Not Active, Not Active, Not Active
2026/07/17 11:14:10.884, 1192, 877, 203.58, 61, 61, 100, 14342, Not Active, Not Active, Not Active
2026/07/17 11:14:10.935, 1192, 877, 188.03, 61, 61, 100, 14342, Not Active, Not Active, Not Active
2026/07/17 11:14:10.989, 1192, 877, 196.66, 61, 61, 100, 14342, Not Active, Not Active, Not Active
2026/07/17 11:14:11.041, 1192, 877, 200.70, 61, 61, 100, 14342, Not Active, Not Active, Not Active
2026/07/17 11:14:11.093, 1192, 877, 188.74, 61, 61, 100, 14342, Not Active, Not Active, Not Active
2026/07/17 11:14:11.145, 1192, 877, 198.44, 61, 61, 100, 14342, Not Active, Not Active, Not Active
2026/07/17 11:14:11.197, 1192, 877, 202.48, 61, 61, 100, 14342, Not Active, Not Active, Not Active
2026/07/17 11:14:11.251, 1192, 877, 190.17, 61, 62, 100, 14342, Not Active, Not Active, Not Active
2026/07/17 11:14:11.303, 1192, 877, 200.09, 61, 61, 100, 14342, Not Active, Not Active, Not Active
2026/07/17 11:14:11.354, 1192, 877, 198.57, 62, 61, 100, 14342, Not Active, Not Active, Not Active
2026/07/17 11:14:11.411, 1192, 877, 196.74, 62, 61, 100, 14342, Not Active, Not Active, Not Active
2026/07/17 11:14:11.463, 1192, 877, 202.27, 62, 62, 100, 14342, Not Active, Not Active, Not Active
2026/07/17 11:14:11.514, 1192, 877, 196.87, 62, 62, 100, 14342, Not Active, Not Active, Not Active
2026/07/17 11:14:11.567, 1192, 877, 179.28, 61, 62, 100, 14342, Not Active, Not Active, Not Active
2026/07/17 11:14:11.618, 1192, 877, 197.01, 62, 62, 100, 14342, Not Active, Not Active, Not Active
2026/07/17 11:14:11.672, 1192, 877, 202.48, 62, 62, 100, 14342, Not Active, Not Active, Not Active
2026/07/17 11:14:11.724, 1192, 877, 197.22, 62, 61, 100, 14342, Not Active, Not Active, Not Active
2026/07/17 11:14:11.776, 1192, 877, 186.82, 62, 62, 100, 14342, Not Active, Not Active, Not Active
2026/07/17 11:14:11.828, 1192, 877, 198.31, 62, 62, 100, 14342, Not Active, Not Active, Not Active
2026/07/17 11:14:11.880, 1192, 877, 204.40, 62, 62, 100, 14342, Not Active, Not Active, Not Active
2026/07/17 11:14:11.933, 1192, 877, 193.17, 62, 62, 100, 14342, Not Active, Not Active, Not Active
2026/07/17 11:14:11.985, 1192, 877, 202.27, 62, 62, 100, 14342, Not Active, Not Active, Not Active
2026/07/17 11:14:12.037, 1192, 877, 197.14, 62, 62, 100, 14342, Not Active, Not Active, Not Active
2026/07/17 11:14:12.093, 1192, 877, 196.87, 62, 62, 100, 14342, Not Active, Not Active, Not Active
2026/07/17 11:14:12.145, 1192, 877, 202.14, 62, 62, 100, 14342, Not Active, Not Active, Not Active
2026/07/17 11:14:12.197, 1192, 877, 186.71, 62, 62, 100, 14342, Not Active, Not Active, Not Active
2026/07/17 11:14:12.249, 1192, 877, 198.79, 62, 62, 100, 14342, Not Active, Not Active, Not Active
2026/07/17 11:14:12.301, 1192, 877, 200.43, 62, 62, 100, 14342, Not Active, Not Active, Not Active
2026/07/17 11:14:12.355, 1192, 877, 189.69, 62, 62, 100, 14342, Not Active, Not Active, Not Active
2026/07/17 11:14:12.407, 1192, 877, 198.79, 62, 62, 100, 14342, Not Active, Not Active, Not Active
2026/07/17 11:14:12.459, 1192, 877, 188.03, 62, 62, 100, 14342, Not Active, Not Active, Not Active
2026/07/17 11:14:12.515, 1192, 877, 194.96, 62, 62, 100, 14342, Not Active, Not Active, Not Active
2026/07/17 11:14:12.567, 1192, 877, 205.63, 62, 62, 100, 14342, Not Active, Not Active, Not Active
2026/07/17 11:14:12.619, 1192, 877, 193.65, 63, 62, 100, 14342, Not Active, Not Active, Not Active
2026/07/17 11:14:12.671, 1192, 877, 200.09, 63, 62, 100, 14342, Not Active, Not Active, Not Active
2026/07/17 11:14:12.722, 1192, 877, 192.21, 63, 62, 100, 14342, Not Active, Not Active, Not Active
2026/07/17 11:14:12.777, 1192, 877, 145.95, 63, 62, 100, 14342, Not Active, Not Active, Not Active
2026/07/17 11:14:12.829, 1192, 877, 194.61, 62, 62, 100, 14342, Not Active, Not Active, Not Active
2026/07/17 11:14:12.880, 1192, 877, 198.44, 63, 62, 100, 14342, Not Active, Not Active, Not Active
2026/07/17 11:14:12.937, 1192, 877, 198.92, 63, 62, 100, 14342, Not Active, Not Active, Not Active
2026/07/17 11:14:12.989, 1192, 877, 200.70, 63, 62, 100, 14342, Not Active, Not Active, Not Active
2026/07/17 11:14:13.041, 1192, 877, 188.38, 63, 63, 100, 14342, Not Active, Not Active, Not Active
2026/07/17 11:14:13.097, 1192, 877, 194.61, 63, 62, 100, 14342, Not Active, Not Active, Not Active
2026/07/17 11:14:13.149, 1192, 877, 205.01, 63, 63, 100, 14342, Not Active, Not Active, Not Active
2026/07/17 11:14:13.200, 1192, 877, 187.78, 63, 63, 100, 14342, Not Active, Not Active, Not Active
2026/07/17 11:14:13.252, 1192, 877, 203.71, 63, 63, 100, 14342, Not Active, Not Active, Not Active
2026/07/17 11:14:13.304, 1192, 877, 180.96, 63, 63, 100, 14342, Not Active, Not Active, Not Active
2026/07/17 11:14:13.359, 1192, 877, 135.84, 63, 63, 100, 14342, Not Active, Not Active, Not Active
2026/07/17 11:14:13.449, 1192, 877, 200.36, 63, 63, 100, 14342, Not Active, Not Active, Not Active
2026/07/17 11:14:13.501, 1192, 877, 206.11, 63, 63, 100, 14342, Not Active, Not Active, Not Active
2026/07/17 11:14:13.553, 1192, 877, 190.17, 63, 63, 100, 14342, Not Active, Not Active, Not Active
2026/07/17 11:14:13.605, 1192, 877, 199.27, 63, 63, 100, 14342, Not Active, Not Active, Not Active
2026/07/17 11:14:13.657, 1192, 877, 194.13, 63, 63, 100, 14342, Not Active, Not Active, Not Active
2026/07/17 11:14:13.710, 1192, 877, 196.40, 63, 63, 100, 14342, Not Active, Not Active, Not Active
2026/07/17 11:14:13.763, 1192, 877, 200.23, 63, 63, 100, 14342, Not Active, Not Active, Not Active
2026/07/17 11:14:13.814, 1192, 877, 183.24, 63, 63, 100, 14342, Not Active, Not Active, Not Active
2026/07/17 11:14:13.866, 1192, 877, 201.32, 63, 63, 100, 14342, Not Active, Not Active, Not Active
2026/07/17 11:14:13.918, 1192, 877, 201.80, 63, 63, 100, 14342, Not Active, Not Active, Not Active
2026/07/17 11:14:13.970, 1192, 877, 186.22, 64, 63, 100, 14342, Not Active, Not Active, Not Active
2026/07/17 11:14:14.023, 1192, 877, 156.70, 63, 63, 100, 14342, Not Active, Not Active, Not Active
2026/07/17 11:14:14.075, 1192, 877, 204.40, 63, 63, 100, 14342, Not Active, Not Active, Not Active
2026/07/17 11:14:14.127, 1192, 877, 194.13, 63, 63, 100, 14342, Not Active, Not Active, Not Active
2026/07/17 11:14:14.178, 1192, 877, 197.01, 63, 63, 100, 14342, Not Active, Not Active, Not Active
2026/07/17 11:14:14.230, 1192, 877, 199.27, 64, 63, 100, 14342, Not Active, Not Active, Not Active
2026/07/17 11:14:14.285, 1192, 877, 184.67, 64, 63, 100, 14342, Not Active, Not Active, Not Active
2026/07/17 11:14:14.337, 1192, 877, 194.96, 64, 64, 100, 14342, Not Active, Not Active, Not Active
2026/07/17 11:14:14.389, 1192, 877, 204.88, 64, 63, 100, 14342, Not Active, Not Active, Not Active
2026/07/17 11:14:14.446, 1192, 877, 189.34, 64, 64, 100, 14342, Not Active, Not Active, Not Active
2026/07/17 11:14:14.498, 1192, 877, 200.23, 64, 63, 100, 14342, Not Active, Not Active, Not Active
2026/07/17 11:14:14.549, 1192, 877, 177.00, 64, 63, 100, 14342, Not Active, Not Active, Not Active
2026/07/17 11:14:14.606, 1192, 877, 195.57, 64, 64, 100, 14342, Not Active, Not Active, Not Active
2026/07/17 11:14:14.658, 1192, 877, 179.40, 64, 64, 100, 14342, Not Active, Not Active, Not Active
2026/07/17 11:14:14.710, 1192, 877, 183.36, 64, 64, 100, 14342, Not Active, Not Active, Not Active
2026/07/17 11:14:14.767, 1192, 877, 196.87, 64, 64, 100, 14342, Not Active, Not Active, Not Active
2026/07/17 11:14:14.819, 1192, 877, 198.79, 64, 64, 100, 14342, Not Active, Not Active, Not Active
2026/07/17 11:14:14.871, 1192, 877, 187.65, 64, 64, 100, 14342, Not Active, Not Active, Not Active
2026/07/17 11:14:14.927, 1192, 877, 194.96, 64, 64, 100, 14342, Not Active, Not Active, Not Active
2026/07/17 11:14:14.979, 1192, 877, 203.44, 64, 64, 100, 14342, Not Active, Not Active, Not Active
2026/07/17 11:14:15.031, 1192, 877, 188.74, 64, 64, 100, 14342, Not Active, Not Active, Not Active
2026/07/17 11:14:15.083, 1192, 877, 194.00, 64, 64, 100, 14342, Not Active, Not Active, Not Active
2026/07/17 11:14:15.134, 1192, 877, 207.40, 64, 64, 100, 14342, Not Active, Not Active, Not Active
2026/07/17 11:14:15.188, 1192, 877, 205.01, 64, 64, 100, 14342, Not Active, Not Active, Not Active
2026/07/17 11:14:15.261, 1192, 877, 177.00, 64, 64, 100, 14342, Not Active, Not Active, Not Active
2026/07/17 11:14:15.313, 1192, 877, 181.55, 64, 64, 100, 14342, Not Active, Not Active, Not Active
2026/07/17 11:14:15.365, 1192, 877, 198.92, 64, 64, 100, 14342, Not Active, Not Active, Not Active
2026/07/17 11:14:15.417, 1192, 877, 206.45, 64, 64, 100, 14342, Not Active, Not Active, Not Active
2026/07/17 11:14:15.474, 1192, 877, 188.38, 64, 64, 100, 14342, Not Active, Not Active, Not Active
2026/07/17 11:14:15.525, 1192, 877, 203.92, 64, 63, 100, 14342, Not Active, Not Active, Not Active
2026/07/17 11:14:15.577, 1192, 877, 178.44, 65, 64, 100, 14342, Not Active, Not Active, Not Active
2026/07/17 11:14:15.635, 1192, 877, 196.53, 65, 64, 100, 14342, Not Active, Not Active, Not Active
2026/07/17 11:14:15.687, 1192, 877, 203.37, 65, 64, 100, 14342, Not Active, Not Active, Not Active
2026/07/17 11:14:15.739, 1192, 877, 184.43, 65, 64, 100, 14342, Not Active, Not Active, Not Active
2026/07/17 11:14:15.794, 1192, 877, 196.87, 65, 64, 100, 14342, Not Active, Not Active, Not Active
2026/07/17 11:14:15.846, 1192, 877, 197.48, 65, 64, 100, 14342, Not Active, Not Active, Not Active
2026/07/17 11:14:15.898, 1192, 877, 182.28, 65, 64, 100, 14342, Not Active, Not Active, Not Active
2026/07/17 11:14:15.950, 1192, 877, 184.32, 64, 64, 100, 14342, Not Active, Not Active, Not Active
2026/07/17 11:14:16.002, 1192, 877, 203.58, 65, 64, 100, 14342, Not Active, Not Active, Not Active
2026/07/17 11:14:16.056, 1192, 877, 206.31, 65, 64, 100, 14342, Not Active, Not Active, Not Active
2026/07/17 11:14:16.107, 1192, 877, 191.74, 65, 65, 100, 14342, Not Active, Not Active, Not Active
2026/07/17 11:14:16.159, 1192, 877, 198.79, 65, 63, 100, 14342, Not Active, Not Active, Not Active
2026/07/17 11:14:16.211, 1192, 877, 201.66, 65, 65, 100, 14342, Not Active, Not Active, Not Active
2026/07/17 11:14:16.263, 1192, 877, 187.30, 65, 65, 100, 14342, Not Active, Not Active, Not Active
2026/07/17 11:14:16.316, 1192, 877, 197.83, 65, 64, 100, 14342, Not Active, Not Active, Not Active
2026/07/17 11:14:16.368, 1192, 877, 207.27, 65, 65, 100, 14342, Not Active, Not Active, Not Active
2026/07/17 11:14:16.420, 1192, 877, 185.51, 65, 65, 100, 14342, Not Active, Not Active, Not Active
2026/07/17 11:14:16.472, 1192, 877, 196.53, 65, 65, 100, 14342, Not Active, Not Active, Not Active
2026/07/17 11:14:16.526, 1192, 877, 202.75, 65, 65, 100, 14342, Not Active, Not Active, Not Active
2026/07/17 11:14:16.578, 1192, 877, 182.63, 65, 64, 100, 14342, Not Active, Not Active, Not Active
2026/07/17 11:14:16.630, 1192, 877, 187.30, 65, 64, 100, 14342, Not Active, Not Active, Not Active
2026/07/17 11:14:16.682, 1192, 877, 198.66, 65, 65, 100, 14342, Not Active, Not Active, Not Active
2026/07/17 11:14:16.739, 1192, 877, 174.36, 65, 65, 100, 14342, Not Active, Not Active, Not Active
2026/07/17 11:14:16.791, 1192, 877, 199.27, 65, 65, 100, 14342, Not Active, Not Active, Not Active
2026/07/17 11:14:16.843, 1192, 877, 204.53, 65, 65, 100, 14342, Not Active, Not Active, Not Active
2026/07/17 11:14:16.895, 1192, 877, 195.09, 65, 65, 100, 14342, Not Active, Not Active, Not Active
2026/07/17 11:14:16.946, 1192, 877, 193.52, 65, 65, 100, 14342, Not Active, Not Active, Not Active
2026/07/17 11:14:17.000, 1192, 877, 199.13, 65, 65, 100, 14342, Not Active, Not Active, Not Active
2026/07/17 11:14:17.051, 1192, 877, 202.62, 65, 65, 100, 14342, Not Active, Not Active, Not Active
2026/07/17 11:14:17.103, 1192, 877, 185.86, 65, 65, 100, 14342, Not Active, Not Active, Not Active
2026/07/17 11:14:17.155, 1192, 877, 199.13, 65, 65, 100, 14342, Not Active, Not Active, Not Active
2026/07/17 11:14:17.207, 1192, 877, 185.99, 65, 66, 100, 14342, Not Active, Not Active, Not Active
2026/07/17 11:14:17.260, 1192, 877, 186.24, 65, 65, 100, 14342, Not Active, Not Active, Not Active
2026/07/17 11:14:17.312, 1192, 877, 191.13, 66, 65, 100, 14342, Not Active, Not Active, Not Active
2026/07/17 11:14:17.364, 1192, 877, 200.43, 65, 65, 100, 14342, Not Active, Not Active, Not Active
2026/07/17 11:14:17.416, 1192, 877, 207.27, 66, 65, 100, 14342, Not Active, Not Active, Not Active
2026/07/17 11:14:17.468, 1192, 877, 186.95, 66, 65, 100, 14342, Not Active, Not Active, Not Active
2026/07/17 11:14:17.521, 1192, 877, 196.40, 66, 66, 100, 14342, Not Active, Not Active, Not Active
2026/07/17 11:14:17.573, 1192, 877, 200.43, 66, 65, 100, 14342, Not Active, Not Active, Not Active
2026/07/17 11:14:17.625, 1192, 877, 185.38, 66, 65, 100, 14342, Not Active, Not Active, Not Active
2026/07/17 11:14:17.677, 1192, 877, 197.70, 66, 65, 100, 14342, Not Active, Not Active, Not Active
2026/07/17 11:14:17.730, 1192, 877, 206.59, 66, 65, 100, 14342, Not Active, Not Active, Not Active
2026/07/17 11:14:17.784, 1192, 877, 183.71, 66, 65, 100, 14342, Not Active, Not Active, Not Active
2026/07/17 11:14:17.835, 1192, 877, 127.66, 66, 66, 100, 14342, Not Active, Not Active, Not Active
2026/07/17 11:14:17.887, 1192, 877, 201.53, 66, 65, 100, 14342, Not Active, Not Active, Not Active
2026/07/17 11:14:17.944, 1192, 877, 206.79, 66, 66, 100, 14342, Not Active, Not Active, Not Active
2026/07/17 11:14:17.996, 1192, 877, 189.69, 66, 66, 100, 14342, Not Active, Not Active, Not Active
2026/07/17 11:14:18.048, 1192, 877, 199.05, 66, 66, 100, 14342, Not Active, Not Active, Not Active
2026/07/17 11:14:18.100, 1192, 877, 203.71, 66, 65, 100, 14342, Not Active, Not Active, Not Active
2026/07/17 11:14:18.151, 1192, 877, 177.00, 66, 66, 100, 14342, Not Active, Not Active, Not Active
2026/07/17 11:14:18.204, 1192, 877, 196.18, 66, 66, 100, 14342, Not Active, Not Active, Not Active
2026/07/17 11:14:18.256, 1192, 877, 203.10, 66, 66, 100, 14342, Not Active, Not Active, Not Active
2026/07/17 11:14:18.308, 1192, 877, 199.88, 66, 66, 100, 14342, Not Active, Not Active, Not Active
2026/07/17 11:14:18.360, 1192, 877, 188.38, 66, 66, 100, 14342, Not Active, Not Active, Not Active
2026/07/17 11:14:18.412, 1192, 877, 203.58, 66, 65, 100, 14342, Not Active, Not Active, Not Active
2026/07/17 11:14:18.466, 1192, 877, 205.49, 66, 66, 100, 14342, Not Active, Not Active, Not Active
2026/07/17 11:14:18.518, 1192, 877, 179.52, 66, 66, 100, 14342, Not Active, Not Active, Not Active
2026/07/17 11:14:18.570, 1192, 877, 189.34, 66, 66, 100, 14342, Not Active, Not Active, Not Active
2026/07/17 11:14:18.622, 1192, 877, 204.88, 66, 66, 100, 14342, Not Active, Not Active, Not Active
2026/07/17 11:14:18.674, 1192, 877, 203.92, 66, 66, 100, 14342, Not Active, Not Active, Not Active
2026/07/17 11:14:18.728, 1192, 877, 188.03, 66, 66, 100, 14342, Not Active, Not Active, Not Active
2026/07/17 11:14:18.780, 1192, 877, 194.61, 66, 65, 100, 14342, Not Active, Not Active, Not Active
2026/07/17 11:14:18.831, 1192, 877, 208.36, 66, 66, 100, 14342, Not Active, Not Active, Not Active
2026/07/17 11:14:18.888, 1192, 877, 184.55, 66, 66, 100, 14342, Not Active, Not Active, Not Active
2026/07/17 11:14:18.940, 1192, 877, 198.92, 66, 66, 100, 14342, Not Active, Not Active, Not Active
2026/07/17 11:14:18.992, 1192, 877, 207.74, 66, 66, 100, 14342, Not Active, Not Active, Not Active
2026/07/17 11:14:19.049, 1192, 877, 188.63, 67, 66, 100, 14342, Not Active, Not Active, Not Active
2026/07/17 11:14:19.101, 1192, 877, 196.05, 67, 65, 100, 14342, Not Active, Not Active, Not Active
2026/07/17 11:14:19.152, 1192, 877, 182.03, 66, 65, 100, 14342, Not Active, Not Active, Not Active
2026/07/17 11:14:19.207, 1192, 877, 208.22, 66, 66, 100, 14342, Not Active, Not Active, Not Active
2026/07/17 11:14:19.259, 1192, 877, 182.15, 67, 66, 100, 14342, Not Active, Not Active, Not Active
2026/07/17 11:14:19.311, 1192, 877, 199.40, 67, 65, 100, 14342, Not Active, Not Active, Not Active
2026/07/17 11:14:19.362, 1192, 877, 203.71, 67, 66, 100, 14342, Not Active, Not Active, Not Active
2026/07/17 11:14:19.414, 1192, 877, 171.37, 67, 66, 100, 14342, Not Active, Not Active, Not Active
2026/07/17 11:14:19.470, 1192, 877, 194.13, 67, 66, 100, 14342, Not Active, Not Active, Not Active
2026/07/17 11:14:19.521, 1192, 877, 201.18, 67, 66, 100, 14342, Not Active, Not Active, Not Active
2026/07/17 11:14:19.573, 1192, 877, 204.88, 67, 66, 100, 14342, Not Active, Not Active, Not Active
2026/07/17 11:14:19.625, 1192, 877, 186.59, 67, 66, 100, 14342, Not Active, Not Active, Not Active
2026/07/17 11:14:19.677, 1192, 877, 194.48, 67, 66, 100, 14342, Not Active, Not Active, Not Active
2026/07/17 11:14:19.731, 1192, 877, 202.14, 67, 66, 100, 14342, Not Active, Not Active, Not Active
2026/07/17 11:14:19.783, 1192, 877, 176.16, 67, 66, 100, 14342, Not Active, Not Active, Not Active
2026/07/17 11:14:19.835, 1192, 877, 185.51, 67, 66, 100, 14342, Not Active, Not Active, Not Active
2026/07/17 11:14:19.890, 1192, 877, 194.00, 67, 66, 100, 14342, Not Active, Not Active, Not Active
2026/07/17 11:14:19.942, 1192, 877, 200.23, 67, 66, 100, 14342, Not Active, Not Active, Not Active
2026/07/17 11:14:19.994, 1192, 877, 185.63, 67, 67, 100, 14342, Not Active, Not Active, Not Active
2026/07/17 11:14:20.046, 1192, 877, 186.82, 67, 66, 100, 14342, Not Active, Not Active, Not Active
2026/07/17 11:14:20.097, 1192, 877, 198.79, 67, 67, 100, 14342, Not Active, Not Active, Not Active
2026/07/17 11:14:20.152, 1192, 877, 206.17, 67, 66, 100, 14342, Not Active, Not Active, Not Active
2026/07/17 11:14:20.204, 1192, 877, 186.11, 67, 67, 100, 14342, Not Active, Not Active, Not Active
2026/07/17 11:14:20.256, 1192, 877, 199.27, 67, 66, 100, 14342, Not Active, Not Active, Not Active
2026/07/17 11:14:20.308, 1192, 877, 198.79, 67, 67, 100, 14342, Not Active, Not Active, Not Active
2026/07/17 11:14:20.360, 1192, 877, 187.68, 67, 67, 100, 14342, Not Active, Not Active, Not Active
2026/07/17 11:14:20.414, 1192, 877, 187.07, 67, 67, 100, 14342, Not Active, Not Active, Not Active
2026/07/17 11:14:20.466, 1192, 877, 149.12, 67, 67, 100, 14342, Not Active, Not Active, Not Active
2026/07/17 11:14:20.517, 1192, 877, 202.75, 67, 66, 100, 14342, Not Active, Not Active, Not Active
2026/07/17 11:14:20.575, 1192, 877, 196.05, 67, 67, 100, 14342, Not Active, Not Active, Not Active
2026/07/17 11:14:20.626, 1192, 877, 186.11, 67, 67, 100, 14342, Not Active, Not Active, Not Active
2026/07/17 11:14:20.678, 1192, 877, 204.67, 67, 67, 100, 14342, Not Active, Not Active, Not Active
2026/07/17 11:14:20.735, 1192, 877, 206.45, 67, 67, 100, 14342, Not Active, Not Active, Not Active
2026/07/17 11:14:20.787, 1192, 877, 175.57, 67, 67, 100, 14342, Not Active, Not Active, Not Active
2026/07/17 11:14:20.838, 1192, 877, 200.23, 67, 67, 100, 14342, Not Active, Not Active, Not Active
2026/07/17 11:14:20.890, 1192, 877, 204.88, 67, 67, 100, 14342, Not Active, Not Active, Not Active
2026/07/17 11:14:20.942, 1192, 877, 194.96, 67, 67, 100, 14342, Not Active, Not Active, Not Active
2026/07/17 11:14:20.997, 1192, 877, 186.95, 67, 67, 100, 14342, Not Active, Not Active, Not Active
2026/07/17 11:14:21.048, 1192, 877, 193.52, 67, 67, 100, 14342, Not Active, Not Active, Not Active
2026/07/17 11:14:21.100, 1192, 877, 205.01, 68, 67, 100, 14342, Not Active, Not Active, Not Active
2026/07/17 11:14:21.156, 1192, 877, 197.48, 67, 67, 100, 14342, Not Active, Not Active, Not Active
2026/07/17 11:14:21.208, 1192, 877, 181.20, 67, 67, 100, 14342, Not Active, Not Active, Not Active
2026/07/17 11:14:21.260, 1192, 877, 194.83, 67, 67, 100, 14342, Not Active, Not Active, Not Active
2026/07/17 11:14:21.312, 1192, 877, 202.96, 67, 67, 100, 14342, Not Active, Not Active, Not Active
2026/07/17 11:14:21.364, 1192, 877, 194.61, 68, 67, 100, 14342, Not Active, Not Active, Not Active
2026/07/17 11:14:21.418, 1192, 877, 185.28, 68, 68, 100, 14342, Not Active, Not Active, Not Active
2026/07/17 11:14:21.469, 1192, 877, 194.48, 68, 67, 100, 14342, Not Active, Not Active, Not Active
2026/07/17 11:14:21.521, 1192, 877, 202.96, 68, 67, 100, 14342, Not Active, Not Active, Not Active
2026/07/17 11:14:21.578, 1192, 877, 173.28, 68, 67, 100, 14342, Not Active, Not Active, Not Active
2026/07/17 11:14:21.630, 1192, 877, 195.44, 68, 68, 100, 14342, Not Active, Not Active, Not Active
2026/07/17 11:14:21.682, 1192, 877, 199.13, 68, 67, 100, 14342, Not Active, Not Active, Not Active
2026/07/17 11:14:21.739, 1192, 877, 189.47, 68, 67, 100, 14342, Not Active, Not Active, Not Active
2026/07/17 11:14:21.791, 1192, 877, 173.88, 68, 68, 100, 14342, Not Active, Not Active, Not Active
2026/07/17 11:14:21.844, 1192, 877, 197.01, 68, 67, 100, 14342, Not Active, Not Active, Not Active
2026/07/17 11:14:21.899, 1192, 877, 199.61, 68, 67, 100, 14342, Not Active, Not Active, Not Active
2026/07/17 11:14:21.950, 1192, 877, 208.70, 68, 67, 100, 14342, Not Active, Not Active, Not Active
2026/07/17 11:14:22.002, 1192, 877, 179.64, 68, 68, 100, 14342, Not Active, Not Active, Not Active
2026/07/17 11:14:22.054, 1192, 877, 197.83, 68, 68, 100, 14342, Not Active, Not Active, Not Active
2026/07/17 11:14:22.106, 1192, 877, 199.27, 68, 67, 100, 14342, Not Active, Not Active, Not Active
2026/07/17 11:14:22.161, 1192, 877, 198.79, 68, 67, 100, 14342, Not Active, Not Active, Not Active
2026/07/17 11:14:22.213, 1192, 877, 182.76, 68, 68, 100, 14342, Not Active, Not Active, Not Active
2026/07/17 11:14:22.264, 1192, 877, 197.96, 68, 67, 100, 14342, Not Active, Not Active, Not Active
2026/07/17 11:14:22.320, 1192, 877, 203.58, 68, 67, 100, 14342, Not Active, Not Active, Not Active
2026/07/17 11:14:22.372, 1192, 877, 179.52, 68, 68, 100, 14342, Not Active, Not Active, Not Active
2026/07/17 11:14:22.424, 1192, 877, 200.91, 68, 67, 100, 14342, Not Active, Not Active, Not Active
2026/07/17 11:14:22.490, 1192, 877, 188.15, 68, 67, 100, 14342, Not Active, Not Active, Not Active
2026/07/17 11:14:22.542, 1192, 877, 202.96, 68, 67, 100, 14342, Not Active, Not Active, Not Active
2026/07/17 11:14:22.594, 1192, 877, 172.57, 68, 68, 100, 14342, Not Active, Not Active, Not Active
2026/07/17 11:14:22.646, 1192, 877, 196.87, 68, 68, 100, 14342, Not Active, Not Active, Not Active
2026/07/17 11:14:22.698, 1192, 877, 205.63, 68, 67, 100, 14342, Not Active, Not Active, Not Active
2026/07/17 11:14:22.749, 1192, 877, 202.96, 68, 68, 100, 14342, Not Active, Not Active, Not Active
2026/07/17 11:14:22.801, 1192, 877, 169.56, 68, 68, 100, 14342, Not Active, Not Active, Not Active
2026/07/17 11:14:22.853, 1192, 877, 196.53, 68, 68, 100, 14342, Not Active, Not Active, Not Active
2026/07/17 11:14:22.908, 1192, 877, 201.53, 68, 68, 100, 14342, Not Active, Not Active, Not Active
2026/07/17 11:14:22.960, 1192, 877, 207.27, 68, 68, 100, 14342, Not Active, Not Active, Not Active
2026/07/17 11:14:23.012, 1192, 877, 178.56, 68, 68, 100, 14342, Not Active, Not Active, Not Active
2026/07/17 11:14:23.064, 1192, 877, 196.05, 68, 67, 100, 14342, Not Active, Not Active, Not Active
2026/07/17 11:14:23.116, 1192, 877, 201.80, 68, 68, 100, 14342, Not Active, Not Active, Not Active
2026/07/17 11:14:23.170, 1192, 877, 189.34, 68, 67, 100, 14342, Not Active, Not Active, Not Active
2026/07/17 11:14:23.221, 1192, 877, 205.01, 68, 68, 100, 14342, Not Active, Not Active, Not Active
2026/07/17 11:14:23.273, 1192, 877, 172.57, 68, 68, 100, 14342, Not Active, Not Active, Not Active
2026/07/17 11:14:23.328, 1192, 877, 191.00, 68, 68, 100, 14342, Not Active, Not Active, Not Active
2026/07/17 11:14:23.379, 1192, 877, 202.27, 68, 68, 100, 14342, Not Active, Not Active, Not Active
2026/07/17 11:14:23.431, 1192, 877, 203.58, 68, 68, 100, 14342, Not Active, Not Active, Not Active
2026/07/17 11:14:23.483, 1192, 877, 165.24, 68, 68, 100, 14342, Not Active, Not Active, Not Active
2026/07/17 11:14:23.534, 1192, 877, 199.40, 69, 68, 100, 14342, Not Active, Not Active, Not Active
2026/07/17 11:14:23.590, 1192, 877, 202.96, 68, 68, 100, 14342, Not Active, Not Active, Not Active
2026/07/17 11:14:23.642, 1192, 877, 202.82, 69, 68, 100, 14342, Not Active, Not Active, Not Active
2026/07/17 11:14:23.694, 1192, 877, 165.61, 68, 68, 100, 14342, Not Active, Not Active, Not Active
2026/07/17 11:14:23.746, 1192, 877, 187.07, 69, 67, 100, 14342, Not Active, Not Active, Not Active
2026/07/17 11:14:23.798, 1192, 877, 205.49, 69, 68, 100, 14342, Not Active, Not Active, Not Active
2026/07/17 11:14:23.852, 1192, 877, 183.95, 68, 68, 100, 14342, Not Active, Not Active, Not Active
2026/07/17 11:14:23.903, 1192, 877, 209.80, 69, 68, 100, 14342, Not Active, Not Active, Not Active
2026/07/17 11:14:23.955, 1192, 877, 169.56, 69, 68, 100, 14342, Not Active, Not Active, Not Active
2026/07/17 11:14:24.007, 1192, 877, 188.03, 69, 68, 100, 14342, Not Active, Not Active, Not Active
2026/07/17 11:14:24.059, 1192, 877, 199.88, 69, 68, 100, 14342, Not Active, Not Active, Not Active
2026/07/17 11:14:24.113, 1192, 877, 207.74, 69, 68, 100, 14342, Not Active, Not Active, Not Active
2026/07/17 11:14:24.165, 1192, 877, 181.44, 69, 68, 100, 14342, Not Active, Not Active, Not Active
2026/07/17 11:14:24.217, 1192, 877, 181.80, 69, 68, 100, 14342, Not Active, Not Active, Not Active
2026/07/17 11:14:24.269, 1192, 877, 198.44, 69, 67, 100, 14342, Not Active, Not Active, Not Active
2026/07/17 11:14:24.321, 1192, 877, 201.32, 69, 68, 100, 14342, Not Active, Not Active, Not Active
2026/07/17 11:14:24.374, 1192, 877, 191.86, 69, 69, 100, 14342, Not Active, Not Active, Not Active
2026/07/17 11:14:24.426, 1192, 877, 176.52, 69, 68, 100, 14342, Not Active, Not Active, Not Active
2026/07/17 11:14:24.478, 1192, 877, 191.96, 69, 68, 100, 14342, Not Active, Not Active, Not Active
2026/07/17 11:14:24.530, 1192, 877, 161.40, 69, 68, 100, 14342, Not Active, Not Active, Not Active
2026/07/17 11:14:24.582, 1192, 877, 201.53, 69, 68, 100, 14342, Not Active, Not Active, Not Active
2026/07/17 11:14:24.635, 1192, 877, 205.01, 69, 68, 100, 14342, Not Active, Not Active, Not Active
2026/07/17 11:14:24.687, 1192, 877, 170.29, 69, 69, 100, 14342, Not Active, Not Active, Not Active
2026/07/17 11:14:24.739, 1192, 877, 186.95, 69, 69, 100, 14342, Not Active, Not Active, Not Active
2026/07/17 11:14:24.791, 1192, 877, 202.75, 69, 68, 100, 14342, Not Active, Not Active, Not Active
2026/07/17 11:14:24.843, 1192, 877, 203.92, 69, 69, 100, 14342, Not Active, Not Active, Not Active
2026/07/17 11:14:24.897, 1192, 877, 177.24, 69, 69, 100, 14342, Not Active, Not Active, Not Active
2026/07/17 11:14:24.948, 1192, 877, 182.51, 69, 69, 100, 14342, Not Active, Not Active, Not Active
2026/07/17 11:14:25.000, 1192, 877, 200.09, 69, 68, 100, 14342, Not Active, Not Active, Not Active
2026/07/17 11:14:25.058, 1192, 877, 206.45, 69, 69, 100, 14342, Not Active, Not Active, Not Active
2026/07/17 11:14:25.110, 1192, 877, 171.85, 69, 69, 100, 14342, Not Active, Not Active, Not Active
2026/07/17 11:14:25.162, 1192, 877, 183.95, 69, 68, 100, 14342, Not Active, Not Active, Not Active
2026/07/17 11:14:25.217, 1192, 877, 147.68, 69, 68, 100, 14342, Not Active, Not Active, Not Active
2026/07/17 11:14:25.269, 1192, 877, 197.83, 69, 68, 100, 14342, Not Active, Not Active, Not Active
2026/07/17 11:14:25.320, 1192, 877, 202.48, 69, 69, 100, 14342, Not Active, Not Active, Not Active
2026/07/17 11:14:25.372, 1192, 877, 192.21, 69, 69, 100, 14342, Not Active, Not Active, Not Active
2026/07/17 11:14:25.424, 1192, 877, 179.52, 69, 69, 100, 14342, Not Active, Not Active, Not Active
2026/07/17 11:14:25.477, 1192, 877, 197.96, 69, 68, 100, 14342, Not Active, Not Active, Not Active
2026/07/17 11:14:25.529, 1192, 877, 200.09, 69, 69, 100, 14342, Not Active, Not Active, Not Active
2026/07/17 11:14:25.581, 1192, 877, 205.15, 69, 69, 100, 14342, Not Active, Not Active, Not Active
2026/07/17 11:14:25.632, 1192, 877, 193.87, 69, 69, 100, 14342, Not Active, Not Active, Not Active
2026/07/17 11:14:25.704, 1192, 877, 200.57, 69, 68, 100, 14342, Not Active, Not Active, Not Active
2026/07/17 11:14:25.756, 1192, 877, 199.27, 69, 69, 100, 14342, Not Active, Not Active, Not Active
2026/07/17 11:14:25.808, 1192, 877, 177.60, 69, 69, 100, 14342, Not Active, Not Active, Not Active
2026/07/17 11:14:25.862, 1192, 877, 196.66, 69, 69, 100, 14342, Not Active, Not Active, Not Active
2026/07/17 11:14:25.913, 1192, 877, 148.64, 69, 69, 100, 14342, Not Active, Not Active, Not Active
2026/07/17 11:14:25.965, 1192, 877, 196.26, 69, 69, 100, 14342, Not Active, Not Active, Not Active
2026/07/17 11:14:26.017, 1192, 877, 203.44, 69, 69, 100, 14342, Not Active, Not Active, Not Active
2026/07/17 11:14:26.069, 1192, 877, 176.64, 69, 69, 100, 14342, Not Active, Not Active, Not Active
2026/07/17 11:14:26.124, 1192, 877, 181.32, 69, 69, 100, 14342, Not Active, Not Active, Not Active
2026/07/17 11:14:26.176, 1192, 877, 194.00, 69, 69, 100, 14342, Not Active, Not Active, Not Active
2026/07/17 11:14:26.228, 1192, 877, 207.61, 69, 69, 100, 14342, Not Active, Not Active, Not Active
2026/07/17 11:14:26.286, 1192, 877, 186.11, 70, 69, 100, 14342, Not Active, Not Active, Not Active
2026/07/17 11:14:26.337, 1192, 877, 176.04, 70, 69, 100, 14342, Not Active, Not Active, Not Active
2026/07/17 11:14:26.389, 1192, 877, 195.79, 69, 69, 100, 14342, Not Active, Not Active, Not Active
2026/07/17 11:14:26.445, 1192, 877, 199.75, 69, 69, 100, 14342, Not Active, Not Active, Not Active
2026/07/17 11:14:26.496, 1192, 877, 206.31, 69, 69, 100, 14342, Not Active, Not Active, Not Active
2026/07/17 11:14:26.548, 1192, 877, 161.88, 70, 69, 100, 14342, Not Active, Not Active, Not Active
2026/07/17 11:14:26.600, 1192, 877, 155.74, 69, 69, 100, 14342, Not Active, Not Active, Not Active
2026/07/17 11:14:26.653, 1192, 877, 183.84, 69, 69, 100, 14342, Not Active, Not Active, Not Active
2026/07/17 11:14:26.705, 1192, 877, 195.92, 69, 69, 100, 14342, Not Active, Not Active, Not Active
2026/07/17 11:14:26.757, 1192, 877, 199.61, 69, 69, 100, 14342, Not Active, Not Active, Not Active
2026/07/17 11:14:26.809, 1192, 877, 207.27, 70, 69, 100, 14342, Not Active, Not Active, Not Active
2026/07/17 11:14:26.860, 1192, 877, 162.36, 70, 69, 100, 14342, Not Active, Not Active, Not Active
2026/07/17 11:14:26.912, 1192, 877, 183.59, 70, 69, 100, 14342, Not Active, Not Active, Not Active
2026/07/17 11:14:26.966, 1192, 877, 195.44, 70, 69, 100, 14342, Not Active, Not Active, Not Active
2026/07/17 11:14:27.018, 1192, 877, 200.23, 70, 69, 100, 14342, Not Active, Not Active, Not Active
2026/07/17 11:14:27.070, 1192, 877, 200.70, 70, 70, 100, 14342, Not Active, Not Active, Not Active
2026/07/17 11:14:27.121, 1192, 877, 162.84, 70, 70, 100, 14342, Not Active, Not Active, Not Active
2026/07/17 11:14:27.173, 1192, 877, 188.38, 70, 69, 100, 14342, Not Active, Not Active, Not Active
2026/07/17 11:14:27.227, 1192, 877, 198.92, 70, 69, 100, 14342, Not Active, Not Active, Not Active
2026/07/17 11:14:27.279, 1192, 877, 198.31, 70, 69, 100, 14342, Not Active, Not Active, Not Active
2026/07/17 11:14:27.331, 1192, 877, 188.26, 69, 68, 100, 14342, Not Active, Not Active, Not Active
2026/07/17 11:14:27.382, 1192, 877, 205.35, 70, 69, 100, 14342, Not Active, Not Active, Not Active
2026/07/17 11:14:27.434, 1192, 877, 165.98, 70, 69, 100, 14342, Not Active, Not Active, Not Active
2026/07/17 11:14:27.488, 1192, 877, 186.47, 70, 70, 100, 14342, Not Active, Not Active, Not Active
2026/07/17 11:14:27.540, 1192, 877, 194.35, 70, 69, 100, 14342, Not Active, Not Active, Not Active
2026/07/17 11:14:27.591, 1192, 877, 199.40, 70, 69, 100, 14342, Not Active, Not Active, Not Active
2026/07/17 11:14:27.643, 1192, 877, 205.01, 70, 69, 100, 14342, Not Active, Not Active, Not Active
2026/07/17 11:14:27.695, 1192, 877, 167.05, 70, 70, 100, 14342, Not Active, Not Active, Not Active
2026/07/17 11:14:27.749, 1192, 877, 185.51, 70, 70, 100, 14342, Not Active, Not Active, Not Active
2026/07/17 11:14:27.801, 1192, 877, 195.57, 70, 70, 100, 14342, Not Active, Not Active, Not Active
2026/07/17 11:14:27.852, 1192, 877, 198.79, 70, 69, 100, 14342, Not Active, Not Active, Not Active
2026/07/17 11:14:27.904, 1192, 877, 206.31, 70, 69, 100, 14342, Not Active, Not Active, Not Active
2026/07/17 11:14:27.956, 1192, 877, 159.96, 70, 70, 100, 14342, Not Active, Not Active, Not Active
2026/07/17 11:14:28.010, 1192, 877, 151.04, 70, 70, 100, 14342, Not Active, Not Active, Not Active
2026/07/17 11:14:28.063, 1192, 877, 179.28, 70, 69, 100, 14342, Not Active, Not Active, Not Active
2026/07/17 11:14:28.114, 1192, 877, 194.00, 70, 70, 100, 14342, Not Active, Not Active, Not Active
2026/07/17 11:14:28.166, 1192, 877, 200.09, 70, 69, 100, 14342, Not Active, Not Active, Not Active
2026/07/17 11:14:28.218, 1192, 877, 199.88, 70, 70, 100, 14342, Not Active, Not Active, Not Active
2026/07/17 11:14:28.273, 1192, 877, 161.88, 70, 70, 100, 14342, Not Active, Not Active, Not Active
2026/07/17 11:14:28.325, 1192, 877, 179.76, 70, 69, 100, 14342, Not Active, Not Active, Not Active
2026/07/17 11:14:28.377, 1192, 877, 200.01, 70, 69, 100, 14342, Not Active, Not Active, Not Active
2026/07/17 11:14:28.433, 1192, 877, 204.67, 70, 70, 100, 14342, Not Active, Not Active, Not Active
2026/07/17 11:14:28.485, 1192, 877, 197.96, 70, 70, 100, 14342, Not Active, Not Active, Not Active
2026/07/17 11:14:28.537, 1192, 877, 174.61, 70, 70, 100, 14342, Not Active, Not Active, Not Active
2026/07/17 11:14:28.591, 1192, 877, 191.26, 70, 70, 100, 14342, Not Active, Not Active, Not Active
2026/07/17 11:14:28.643, 1192, 877, 195.57, 70, 70, 100, 14342, Not Active, Not Active, Not Active
2026/07/17 11:14:28.695, 1192, 877, 199.75, 70, 70, 100, 14342, Not Active, Not Active, Not Active
2026/07/17 11:14:28.746, 1192, 877, 183.24, 70, 69, 100, 14342, Not Active, Not Active, Not Active
2026/07/17 11:14:28.798, 1192, 877, 205.35, 70, 70, 100, 14342, Not Active, Not Active, Not Active
2026/07/17 11:14:28.854, 1192, 877, 163.91, 70, 70, 100, 14342, Not Active, Not Active, Not Active
2026/07/17 11:14:28.906, 1192, 877, 178.80, 70, 70, 100, 14342, Not Active, Not Active, Not Active
2026/07/17 11:14:28.958, 1192, 877, 191.00, 70, 69, 100, 14342, Not Active, Not Active, Not Active
2026/07/17 11:14:29.010, 1192, 877, 205.35, 70, 70, 100, 14342, Not Active, Not Active, Not Active
2026/07/17 11:14:29.062, 1192, 877, 207.61, 70, 70, 100, 14342, Not Active, Not Active, Not Active
2026/07/17 11:14:29.116, 1192, 877, 182.28, 70, 70, 100, 14342, Not Active, Not Active, Not Active
2026/07/17 11:14:29.168, 1192, 877, 173.05, 70, 70, 100, 14342, Not Active, Not Active, Not Active
2026/07/17 11:14:29.220, 1192, 877, 197.48, 70, 69, 100, 14342, Not Active, Not Active, Not Active
2026/07/17 11:14:29.277, 1192, 877, 202.48, 70, 70, 100, 14342, Not Active, Not Active, Not Active
2026/07/17 11:14:29.328, 1192, 877, 207.27, 70, 70, 100, 14342, Not Active, Not Active, Not Active
2026/07/17 11:14:29.380, 1192, 877, 159.11, 70, 70, 100, 14342, Not Active, Not Active, Not Active
2026/07/17 11:14:29.436, 1192, 877, 155.26, 70, 70, 100, 14342, Not Active, Not Active, Not Active
2026/07/17 11:14:29.488, 1192, 877, 174.61, 70, 70, 100, 14342, Not Active, Not Active, Not Active
2026/07/17 11:14:29.540, 1192, 877, 190.65, 70, 69, 100, 14342, Not Active, Not Active, Not Active
2026/07/17 11:14:29.592, 1192, 877, 204.53, 70, 70, 100, 14342, Not Active, Not Active, Not Active
2026/07/17 11:14:29.644, 1192, 877, 207.40, 70, 70, 100, 14342, Not Active, Not Active, Not Active
2026/07/17 11:14:29.698, 1192, 877, 188.51, 70, 70, 100, 14342, Not Active, Not Active, Not Active
2026/07/17 11:14:29.750, 1192, 877, 172.92, 70, 70, 100, 14342, Not Active, Not Active, Not Active
2026/07/17 11:14:29.802, 1192, 877, 196.05, 70, 70, 100, 14342, Not Active, Not Active, Not Active
2026/07/17 11:14:29.857, 1192, 877, 198.79, 70, 70, 100, 14342, Not Active, Not Active, Not Active
2026/07/17 11:14:29.909, 1192, 877, 200.09, 70, 70, 100, 14342, Not Active, Not Active, Not Active
2026/07/17 11:14:29.961, 1192, 877, 202.14, 71, 70, 100, 14342, Not Active, Not Active, Not Active
2026/07/17 11:14:30.013, 1192, 877, 160.92, 70, 70, 100, 14342, Not Active, Not Active, Not Active
2026/07/17 11:14:30.065, 1192, 877, 184.80, 71, 70, 100, 14342, Not Active, Not Active, Not Active
2026/07/17 11:14:30.118, 1192, 877, 198.10, 70, 69, 100, 14342, Not Active, Not Active, Not Active
2026/07/17 11:14:30.170, 1192, 877, 155.85, 70, 69, 100, 14342, Not Active, Not Active, Not Active
2026/07/17 11:14:30.222, 1192, 877, 197.09, 70, 69, 100, 14342, Not Active, Not Active, Not Active
2026/07/17 11:14:30.274, 1192, 877, 200.70, 70, 70, 100, 14342, Not Active, Not Active, Not Active
2026/07/17 11:14:30.326, 1192, 877, 186.47, 71, 70, 100, 14342, Not Active, Not Active, Not Active
2026/07/17 11:14:30.382, 1192, 877, 164.54, 71, 70, 100, 14342, Not Active, Not Active, Not Active
2026/07/17 11:14:30.433, 1192, 877, 184.07, 70, 70, 100, 14342, Not Active, Not Active, Not Active
2026/07/17 11:14:30.485, 1192, 877, 200.09, 71, 69, 100, 14342, Not Active, Not Active, Not Active
2026/07/17 11:14:30.542, 1192, 877, 202.48, 71, 70, 100, 14342, Not Active, Not Active, Not Active
2026/07/17 11:14:30.593, 1192, 877, 200.57, 71, 70, 100, 14342, Not Active, Not Active, Not Active
2026/07/17 11:14:30.645, 1192, 877, 159.48, 71, 70, 100, 14342, Not Active, Not Active, Not Active
2026/07/17 11:14:30.700, 1192, 877, 182.15, 71, 70, 100, 14342, Not Active, Not Active, Not Active
2026/07/17 11:14:30.752, 1192, 877, 193.04, 71, 70, 100, 14342, Not Active, Not Active, Not Active
2026/07/17 11:14:30.804, 1192, 877, 203.58, 71, 70, 100, 14342, Not Active, Not Active, Not Active
2026/07/17 11:14:30.855, 1192, 877, 208.02, 71, 70, 100, 14342, Not Active, Not Active, Not Active
2026/07/17 11:14:30.907, 1192, 877, 197.83, 70, 69, 100, 14342, Not Active, Not Active, Not Active
2026/07/17 11:14:30.962, 1192, 877, 190.78, 71, 70, 100, 14342, Not Active, Not Active, Not Active
2026/07/17 11:14:31.014, 1192, 877, 155.74, 71, 70, 100, 14342, Not Active, Not Active, Not Active
2026/07/17 11:14:31.066, 1192, 877, 177.96, 71, 70, 100, 14342, Not Active, Not Active, Not Active
2026/07/17 11:14:31.118, 1192, 877, 194.48, 71, 69, 100, 14342, Not Active, Not Active, Not Active
2026/07/17 11:14:31.169, 1192, 877, 200.23, 71, 70, 100, 14342, Not Active, Not Active, Not Active
2026/07/17 11:14:31.224, 1192, 877, 208.84, 71, 70, 100, 14342, Not Active, Not Active, Not Active
2026/07/17 11:14:31.275, 1192, 877, 193.17, 71, 70, 100, 14342, Not Active, Not Active, Not Active
2026/07/17 11:14:31.327, 1192, 877, 157.08, 71, 70, 100, 14342, Not Active, Not Active, Not Active
2026/07/17 11:14:31.379, 1192, 877, 183.11, 71, 71, 100, 14342, Not Active, Not Active, Not Active
2026/07/17 11:14:31.431, 1192, 877, 192.44, 71, 69, 100, 14342, Not Active, Not Active, Not Active
2026/07/17 11:14:31.485, 1192, 877, 200.09, 71, 70, 100, 14342, Not Active, Not Active, Not Active
2026/07/17 11:14:31.537, 1192, 877, 200.43, 71, 70, 100, 14342, Not Active, Not Active, Not Active
2026/07/17 11:14:31.588, 1192, 877, 194.48, 71, 71, 100, 14342, Not Active, Not Active, Not Active
2026/07/17 11:14:31.640, 1192, 877, 196.53, 71, 70, 100, 14342, Not Active, Not Active, Not Active
2026/07/17 11:14:31.692, 1192, 877, 181.80, 71, 71, 100, 14342, Not Active, Not Active, Not Active
2026/07/17 11:14:31.746, 1192, 877, 174.84, 71, 70, 100, 14342, Not Active, Not Active, Not Active
2026/07/17 11:14:31.798, 1192, 877, 182.15, 71, 70, 100, 14342, Not Active, Not Active, Not Active
2026/07/17 11:14:31.850, 1192, 877, 199.00, 71, 70, 100, 14342, Not Active, Not Active, Not Active
2026/07/17 11:14:31.907, 1192, 877, 203.71, 71, 70, 100, 14342, Not Active, Not Active, Not Active
2026/07/17 11:14:31.958, 1192, 877, 204.88, 71, 70, 100, 14342, Not Active, Not Active, Not Active
2026/07/17 11:14:32.010, 1192, 877, 157.18, 71, 71, 100, 14342, Not Active, Not Active, Not Active
2026/07/17 11:14:32.066, 1192, 877, 179.76, 71, 71, 100, 14342, Not Active, Not Active, Not Active
2026/07/17 11:14:32.118, 1192, 877, 189.69, 71, 70, 100, 14342, Not Active, Not Active, Not Active
2026/07/17 11:14:32.169, 1192, 877, 201.53, 71, 70, 100, 14342, Not Active, Not Active, Not Active
2026/07/17 11:14:32.221, 1192, 877, 200.09, 71, 71, 100, 14342, Not Active, Not Active, Not Active
2026/07/17 11:14:32.273, 1192, 877, 190.30, 71, 71, 100, 14342, Not Active, Not Active, Not Active
2026/07/17 11:14:32.330, 1192, 877, 157.66, 71, 71, 100, 14342, Not Active, Not Active, Not Active
2026/07/17 11:14:32.382, 1192, 877, 169.08, 71, 70, 100, 14342, Not Active, Not Active, Not Active
2026/07/17 11:14:32.433, 1192, 877, 173.53, 71, 70, 100, 14342, Not Active, Not Active, Not Active
2026/07/17 11:14:32.487, 1192, 877, 187.78, 71, 70, 100, 14342, Not Active, Not Active, Not Active
2026/07/17 11:14:32.539, 1192, 877, 195.92, 71, 70, 100, 14342, Not Active, Not Active, Not Active
2026/07/17 11:14:32.592, 1192, 877, 202.96, 71, 71, 100, 14342, Not Active, Not Active, Not Active
2026/07/17 11:14:32.644, 1192, 877, 210.14, 71, 71, 100, 14342, Not Active, Not Active, Not Active
2026/07/17 11:14:32.695, 1192, 877, 179.52, 71, 71, 100, 14342, Not Active, Not Active, Not Active
2026/07/17 11:14:32.749, 1192, 877, 167.64, 71, 71, 100, 14342, Not Active, Not Active, Not Active
2026/07/17 11:14:32.801, 1192, 877, 182.28, 71, 71, 100, 14342, Not Active, Not Active, Not Active
2026/07/17 11:14:32.853, 1192, 877, 194.00, 71, 69, 100, 14342, Not Active, Not Active, Not Active
2026/07/17 11:14:32.905, 1192, 877, 198.18, 71, 69, 100, 14342, Not Active, Not Active, Not Active
2026/07/17 11:14:32.957, 1192, 877, 203.10, 71, 71, 100, 14342, Not Active, Not Active, Not Active
2026/07/17 11:14:33.011, 1192, 877, 190.78, 71, 71, 100, 14342, Not Active, Not Active, Not Active
2026/07/17 11:14:33.063, 1192, 877, 157.66, 71, 71, 100, 14342, Not Active, Not Active, Not Active
2026/07/17 11:14:33.115, 1192, 877, 176.64, 71, 71, 100, 14342, Not Active, Not Active, Not Active
2026/07/17 11:14:33.167, 1192, 877, 161.29, 71, 71, 100, 14342, Not Active, Not Active, Not Active
2026/07/17 11:14:33.219, 1192, 877, 178.80, 71, 71, 100, 14342, Not Active, Not Active, Not Active
2026/07/17 11:14:33.270, 1192, 877, 189.34, 71, 70, 100, 14342, Not Active, Not Active, Not Active
2026/07/17 11:14:33.322, 1192, 877, 197.70, 71, 71, 100, 14342, Not Active, Not Active, Not Active
2026/07/17 11:14:33.374, 1192, 877, 204.05, 71, 71, 100, 14342, Not Active, Not Active, Not Active
2026/07/17 11:14:33.426, 1192, 877, 204.74, 71, 71, 100, 14342, Not Active, Not Active, Not Active
2026/07/17 11:14:33.477, 1192, 877, 176.16, 71, 71, 100, 14342, Not Active, Not Active, Not Active
2026/07/17 11:14:33.533, 1192, 877, 171.85, 71, 71, 100, 14342, Not Active, Not Active, Not Active
2026/07/17 11:14:33.585, 1192, 877, 181.20, 71, 71, 100, 14342, Not Active, Not Active, Not Active
2026/07/17 11:14:33.636, 1192, 877, 193.04, 71, 70, 100, 14342, Not Active, Not Active, Not Active
2026/07/17 11:14:33.689, 1192, 877, 198.18, 71, 70, 100, 14342, Not Active, Not Active, Not Active
2026/07/17 11:14:33.741, 1192, 877, 208.70, 71, 71, 100, 14342, Not Active, Not Active, Not Active
2026/07/17 11:14:33.794, 1192, 877, 196.87, 71, 71, 100, 14342, Not Active, Not Active, Not Active
2026/07/17 11:14:33.846, 1192, 877, 197.96, 71, 69, 100, 14342, Not Active, Not Active, Not Active
2026/07/17 11:14:33.898, 1192, 877, 176.16, 71, 71, 100, 14342, Not Active, Not Active, Not Active
2026/07/17 11:14:33.954, 1192, 877, 170.41, 71, 71, 100, 14342, Not Active, Not Active, Not Active
2026/07/17 11:14:34.006, 1192, 877, 182.76, 71, 71, 100, 14342, Not Active, Not Active, Not Active
2026/07/17 11:14:34.058, 1192, 877, 196.53, 71, 71, 100, 14342, Not Active, Not Active, Not Active
2026/07/17 11:14:34.110, 1192, 877, 198.79, 71, 70, 100, 14342, Not Active, Not Active, Not Active
2026/07/17 11:14:34.162, 1192, 877, 203.30, 72, 71, 100, 14342, Not Active, Not Active, Not Active
2026/07/17 11:14:34.216, 1192, 877, 206.31, 72, 71, 100, 14342, Not Active, Not Active, Not Active
2026/07/17 11:14:34.268, 1192, 877, 178.44, 72, 71, 100, 14342, Not Active, Not Active, Not Active
2026/07/17 11:14:34.320, 1192, 877, 168.97, 72, 71, 100, 14342, Not Active, Not Active, Not Active
2026/07/17 11:14:34.374, 1192, 877, 185.99, 72, 71, 100, 14342, Not Active, Not Active, Not Active
2026/07/17 11:14:34.426, 1192, 877, 191.48, 72, 71, 100, 14342, Not Active, Not Active, Not Active
2026/07/17 11:14:34.478, 1192, 877, 197.22, 72, 71, 100, 14342, Not Active, Not Active, Not Active
2026/07/17 11:14:34.530, 1192, 877, 199.61, 71, 71, 100, 14342, Not Active, Not Active, Not Active
2026/07/17 11:14:34.581, 1192, 877, 188.03, 71, 71, 100, 14342, Not Active, Not Active, Not Active
2026/07/17 11:14:34.636, 1192, 877, 206.65, 71, 71, 100, 14342, Not Active, Not Active, Not Active
2026/07/17 11:14:34.688, 1192, 877, 207.40, 72, 71, 100, 14342, Not Active, Not Active, Not Active
2026/07/17 11:14:34.739, 1192, 877, 180.96, 72, 71, 100, 14342, Not Active, Not Active, Not Active
2026/07/17 11:14:34.791, 1192, 877, 155.54, 72, 71, 100, 14342, Not Active, Not Active, Not Active
2026/07/17 11:14:34.843, 1192, 877, 183.00, 72, 71, 100, 14342, Not Active, Not Active, Not Active
2026/07/17 11:14:34.896, 1192, 877, 196.18, 72, 71, 100, 14342, Not Active, Not Active, Not Active
2026/07/17 11:14:34.948, 1192, 877, 201.45, 72, 71, 100, 14342, Not Active, Not Active, Not Active
2026/07/17 11:14:35.000, 1192, 877, 200.09, 72, 71, 100, 14342, Not Active, Not Active, Not Active
2026/07/17 11:14:35.052, 1192, 877, 210.62, 72, 71, 100, 14342, Not Active, Not Active, Not Active
2026/07/17 11:14:35.104, 1192, 877, 181.32, 72, 72, 100, 14342, Not Active, Not Active, Not Active
2026/07/17 11:14:35.159, 1192, 877, 159.96, 72, 71, 100, 14342, Not Active, Not Active, Not Active
2026/07/17 11:14:35.211, 1192, 877, 174.61, 72, 71, 100, 14342, Not Active, Not Active, Not Active
2026/07/17 11:14:35.263, 1192, 877, 195.09, 72, 71, 100, 14342, Not Active, Not Active, Not Active
2026/07/17 11:14:35.319, 1192, 877, 136.92, 71, 70, 100, 14342, Not Active, Not Active, Not Active
2026/07/17 11:14:35.371, 1192, 877, 191.61, 72, 71, 100, 14342, Not Active, Not Active, Not Active
2026/07/17 11:14:35.423, 1192, 877, 198.66, 72, 71, 100, 14342, Not Active, Not Active, Not Active
2026/07/17 11:14:35.475, 1192, 877, 199.61, 72, 71, 100, 14342, Not Active, Not Active, Not Active
2026/07/17 11:14:35.527, 1192, 877, 202.48, 72, 71, 100, 14342, Not Active, Not Active, Not Active
2026/07/17 11:14:35.581, 1192, 877, 178.44, 72, 71, 100, 14342, Not Active, Not Active, Not Active
2026/07/17 11:14:35.633, 1192, 877, 160.44, 72, 72, 100, 14342, Not Active, Not Active, Not Active
2026/07/17 11:14:35.685, 1192, 877, 174.13, 72, 71, 100, 14342, Not Active, Not Active, Not Active
2026/07/17 11:14:35.737, 1192, 877, 190.65, 72, 72, 100, 14342, Not Active, Not Active, Not Active
2026/07/17 11:14:35.788, 1192, 877, 193.87, 72, 71, 100, 14342, Not Active, Not Active, Not Active
2026/07/17 11:14:35.842, 1192, 877, 202.62, 72, 71, 100, 14342, Not Active, Not Active, Not Active
2026/07/17 11:14:35.894, 1192, 877, 208.84, 72, 71, 100, 14342, Not Active, Not Active, Not Active
2026/07/17 11:14:35.945, 1192, 877, 197.96, 72, 72, 100, 14342, Not Active, Not Active, Not Active
2026/07/17 11:14:35.997, 1192, 877, 177.96, 72, 72, 100, 14342, Not Active, Not Active, Not Active
2026/07/17 11:14:36.049, 1192, 877, 154.30, 72, 72, 100, 14342, Not Active, Not Active, Not Active
2026/07/17 11:14:36.101, 1192, 877, 174.72, 72, 71, 100, 14342, Not Active, Not Active, Not Active
2026/07/17 11:14:36.153, 1192, 877, 149.02, 72, 72, 100, 14342, Not Active, Not Active, Not Active
2026/07/17 11:14:36.205, 1192, 877, 179.04, 72, 72, 100, 14342, Not Active, Not Active, Not Active
2026/07/17 11:14:36.257, 1192, 877, 181.55, 72, 72, 100, 14342, Not Active, Not Active, Not Active
2026/07/17 11:14:36.308, 1192, 877, 196.40, 72, 72, 100, 14342, Not Active, Not Active, Not Active
2026/07/17 11:14:36.364, 1192, 877, 202.00, 72, 71, 100, 14342, Not Active, Not Active, Not Active
2026/07/17 11:14:36.415, 1192, 877, 206.93, 72, 71, 100, 14342, Not Active, Not Active, Not Active
2026/07/17 11:14:36.467, 1192, 877, 204.88, 72, 71, 100, 14342, Not Active, Not Active, Not Active
2026/07/17 11:14:36.519, 1192, 877, 183.24, 72, 72, 100, 14342, Not Active, Not Active, Not Active
2026/07/17 11:14:36.571, 1192, 877, 151.52, 72, 72, 100, 14342, Not Active, Not Active, Not Active
2026/07/17 11:14:36.624, 1192, 877, 178.56, 72, 72, 100, 14342, Not Active, Not Active, Not Active
2026/07/17 11:14:36.675, 1192, 877, 185.51, 72, 71, 100, 14342, Not Active, Not Active, Not Active
2026/07/17 11:14:36.727, 1192, 877, 192.09, 72, 72, 100, 14342, Not Active, Not Active, Not Active
2026/07/17 11:14:36.779, 1192, 877, 199.13, 72, 71, 100, 14342, Not Active, Not Active, Not Active
2026/07/17 11:14:36.831, 1192, 877, 156.02, 72, 72, 100, 14342, Not Active, Not Active, Not Active
2026/07/17 11:14:36.883, 1192, 877, 198.44, 72, 70, 100, 14342, Not Active, Not Active, Not Active
2026/07/17 11:14:36.935, 1192, 877, 203.10, 72, 71, 100, 14342, Not Active, Not Active, Not Active
2026/07/17 11:14:36.986, 1192, 877, 201.26, 72, 71, 100, 14342, Not Active, Not Active, Not Active
2026/07/17 11:14:37.038, 1192, 877, 204.05, 72, 72, 100, 14342, Not Active, Not Active, Not Active
2026/07/17 11:14:37.090, 1192, 877, 170.52, 72, 72, 100, 14342, Not Active, Not Active, Not Active
2026/07/17 11:14:37.146, 1192, 877, 165.50, 72, 72, 100, 14342, Not Active, Not Active, Not Active
2026/07/17 11:14:37.198, 1192, 877, 179.88, 72, 72, 100, 14342, Not Active, Not Active, Not Active
2026/07/17 11:14:37.249, 1192, 877, 192.82, 72, 72, 100, 14342, Not Active, Not Active, Not Active
2026/07/17 11:14:37.302, 1192, 877, 193.65, 72, 72, 100, 14342, Not Active, Not Active, Not Active
2026/07/17 11:14:37.353, 1192, 877, 202.96, 72, 71, 100, 14342, Not Active, Not Active, Not Active
2026/07/17 11:14:37.408, 1192, 877, 210.76, 72, 72, 100, 14342, Not Active, Not Active, Not Active
2026/07/17 11:14:37.460, 1192, 877, 198.79, 72, 72, 100, 14342, Not Active, Not Active, Not Active
2026/07/17 11:14:37.511, 1192, 877, 163.91, 72, 72, 100, 14342, Not Active, Not Active, Not Active
2026/07/17 11:14:37.567, 1192, 877, 160.33, 72, 72, 100, 14342, Not Active, Not Active, Not Active
2026/07/17 11:14:37.619, 1192, 877, 174.24, 72, 72, 100, 14342, Not Active, Not Active, Not Active
2026/07/17 11:14:37.671, 1192, 877, 153.82, 72, 72, 100, 14342, Not Active, Not Active, Not Active
2026/07/17 11:14:37.723, 1192, 877, 167.05, 72, 72, 100, 14342, Not Active, Not Active, Not Active
2026/07/17 11:14:37.775, 1192, 877, 180.24, 72, 72, 100, 14342, Not Active, Not Active, Not Active
2026/07/17 11:14:37.828, 1192, 877, 193.87, 72, 72, 100, 14342, Not Active, Not Active, Not Active
2026/07/17 11:14:37.880, 1192, 877, 196.74, 72, 71, 100, 14342, Not Active, Not Active, Not Active
2026/07/17 11:14:37.932, 1192, 877, 203.44, 72, 71, 100, 14342, Not Active, Not Active, Not Active
2026/07/17 11:14:37.984, 1192, 877, 207.27, 72, 72, 100, 14342, Not Active, Not Active, Not Active
2026/07/17 11:14:38.035, 1192, 877, 190.30, 72, 72, 100, 14342, Not Active, Not Active, Not Active
2026/07/17 11:14:38.090, 1192, 877, 174.24, 72, 72, 100, 14342, Not Active, Not Active, Not Active
2026/07/17 11:14:38.142, 1192, 877, 152.86, 72, 72, 100, 14342, Not Active, Not Active, Not Active
2026/07/17 11:14:38.194, 1192, 877, 177.00, 72, 72, 100, 14342, Not Active, Not Active, Not Active
2026/07/17 11:14:38.249, 1192, 877, 192.34, 72, 72, 100, 14342, Not Active, Not Active, Not Active
2026/07/17 11:14:38.300, 1192, 877, 193.52, 72, 72, 100, 14342, Not Active, Not Active, Not Active
2026/07/17 11:14:38.352, 1192, 877, 131.73, 72, 72, 100, 14342, Not Active, Not Active, Not Active
2026/07/17 11:14:38.404, 1192, 877, 194.13, 72, 72, 100, 14342, Not Active, Not Active, Not Active
2026/07/17 11:14:38.456, 1192, 877, 198.18, 72, 71, 100, 14342, Not Active, Not Active, Not Active
2026/07/17 11:14:38.512, 1192, 877, 203.10, 72, 71, 100, 14342, Not Active, Not Active, Not Active
2026/07/17 11:14:38.563, 1192, 877, 209.18, 72, 72, 100, 14342, Not Active, Not Active, Not Active
2026/07/17 11:14:38.615, 1192, 877, 177.60, 72, 72, 100, 14342, Not Active, Not Active, Not Active
2026/07/17 11:14:38.672, 1192, 877, 149.98, 72, 72, 100, 14342, Not Active, Not Active, Not Active
2026/07/17 11:14:38.724, 1192, 877, 170.52, 72, 72, 100, 14342, Not Active, Not Active, Not Active
2026/07/17 11:14:38.776, 1192, 877, 178.44, 72, 72, 100, 14342, Not Active, Not Active, Not Active
2026/07/17 11:14:38.828, 1192, 877, 190.78, 72, 72, 100, 14342, Not Active, Not Active, Not Active
2026/07/17 11:14:38.880, 1192, 877, 193.39, 72, 71, 100, 14342, Not Active, Not Active, Not Active
2026/07/17 11:14:38.933, 1192, 877, 199.61, 72, 72, 100, 14342, Not Active, Not Active, Not Active
2026/07/17 11:14:38.985, 1192, 877, 202.96, 72, 72, 100, 14342, Not Active, Not Active, Not Active
2026/07/17 11:14:39.036, 1192, 877, 207.40, 73, 72, 100, 14342, Not Active, Not Active, Not Active
2026/07/17 11:14:39.088, 1192, 877, 193.78, 72, 72, 100, 14342, Not Active, Not Active, Not Active
2026/07/17 11:14:39.140, 1192, 877, 201.32, 72, 71, 100, 14342, Not Active, Not Active, Not Active
2026/07/17 11:14:39.193, 1192, 877, 199.27, 72, 72, 100, 14342, Not Active, Not Active, Not Active
2026/07/17 11:14:39.245, 1192, 877, 181.80, 72, 72, 100, 14342, Not Active, Not Active, Not Active
2026/07/17 11:14:39.297, 1192, 877, 165.72, 72, 72, 100, 14342, Not Active, Not Active, Not Active
2026/07/17 11:14:39.349, 1192, 877, 163.43, 73, 72, 100, 14342, Not Active, Not Active, Not Active
2026/07/17 11:14:39.401, 1192, 877, 172.69, 72, 72, 100, 14342, Not Active, Not Active, Not Active
2026/07/17 11:14:39.453, 1192, 877, 185.63, 72, 72, 100, 14342, Not Active, Not Active, Not Active
2026/07/17 11:14:39.505, 1192, 877, 192.69, 73, 72, 100, 14342, Not Active, Not Active, Not Active
2026/07/17 11:14:39.556, 1192, 877, 196.18, 72, 72, 100, 14342, Not Active, Not Active, Not Active
2026/07/17 11:14:39.608, 1192, 877, 203.92, 73, 72, 100, 14342, Not Active, Not Active, Not Active
2026/07/17 11:14:39.660, 1192, 877, 211.57, 73, 72, 100, 14342, Not Active, Not Active, Not Active
2026/07/17 11:14:39.719, 1192, 877, 189.82, 73, 72, 100, 14342, Not Active, Not Active, Not Active
2026/07/17 11:14:39.771, 1192, 877, 174.72, 72, 72, 100, 14342, Not Active, Not Active, Not Active
2026/07/17 11:14:39.822, 1192, 877, 153.93, 73, 72, 100, 14342, Not Active, Not Active, Not Active
2026/07/17 11:14:39.875, 1192, 877, 168.38, 72, 72, 100, 14342, Not Active, Not Active, Not Active
2026/07/17 11:14:39.928, 1192, 877, 153.82, 72, 72, 100, 14342, Not Active, Not Active, Not Active
2026/07/17 11:14:39.979, 1192, 877, 161.29, 72, 72, 100, 14342, Not Active, Not Active, Not Active
2026/07/17 11:14:40.031, 1192, 877, 177.12, 73, 72, 100, 14342, Not Active, Not Active, Not Active
2026/07/17 11:14:40.083, 1192, 877, 181.32, 72, 72, 100, 14342, Not Active, Not Active, Not Active
2026/07/17 11:14:40.135, 1192, 877, 190.17, 73, 71, 100, 14342, Not Active, Not Active, Not Active
2026/07/17 11:14:40.187, 1192, 877, 199.27, 72, 72, 100, 14342, Not Active, Not Active, Not Active
2026/07/17 11:14:40.240, 1192, 877, 203.10, 72, 71, 100, 14342, Not Active, Not Active, Not Active
2026/07/17 11:14:40.292, 1192, 877, 200.70, 73, 72, 100, 14342, Not Active, Not Active, Not Active
2026/07/17 11:14:40.344, 1192, 877, 205.22, 73, 72, 100, 14342, Not Active, Not Active, Not Active
2026/07/17 11:14:40.396, 1192, 877, 197.96, 73, 72, 100, 14342, Not Active, Not Active, Not Active
2026/07/17 11:14:40.448, 1192, 877, 179.88, 73, 72, 100, 14342, Not Active, Not Active, Not Active
2026/07/17 11:14:40.500, 1192, 877, 158.15, 73, 72, 100, 14342, Not Active, Not Active, Not Active
2026/07/17 11:14:40.552, 1192, 877, 163.06, 73, 72, 100, 14342, Not Active, Not Active, Not Active
2026/07/17 11:14:40.604, 1192, 877, 175.09, 73, 72, 100, 14342, Not Active, Not Active, Not Active
2026/07/17 11:14:40.656, 1192, 877, 159.69, 73, 72, 100, 14342, Not Active, Not Active, Not Active
2026/07/17 11:14:40.708, 1192, 877, 142.39, 72, 72, 100, 14342, Not Active, Not Active, Not Active
2026/07/17 11:14:40.760, 1192, 877, 170.04, 73, 72, 100, 14342, Not Active, Not Active, Not Active
2026/07/17 11:14:40.812, 1192, 877, 177.48, 73, 72, 100, 14342, Not Active, Not Active, Not Active
2026/07/17 11:14:40.864, 1192, 877, 187.90, 73, 72, 100, 14342, Not Active, Not Active, Not Active
2026/07/17 11:14:40.915, 1192, 877, 192.09, 73, 72, 100, 14342, Not Active, Not Active, Not Active
2026/07/17 11:14:40.967, 1192, 877, 195.09, 73, 72, 100, 14342, Not Active, Not Active, Not Active
2026/07/17 11:14:41.019, 1192, 877, 199.75, 73, 72, 100, 14342, Not Active, Not Active, Not Active
2026/07/17 11:14:41.071, 1192, 877, 208.22, 73, 72, 100, 14342, Not Active, Not Active, Not Active
2026/07/17 11:14:41.128, 1192, 877, 198.92, 73, 72, 100, 14342, Not Active, Not Active, Not Active
2026/07/17 11:14:41.180, 1192, 877, 185.63, 73, 72, 100, 14342, Not Active, Not Active, Not Active
2026/07/17 11:14:41.232, 1192, 877, 154.30, 73, 72, 100, 14342, Not Active, Not Active, Not Active
2026/07/17 11:14:41.286, 1192, 877, 159.00, 73, 73, 100, 14342, Not Active, Not Active, Not Active
2026/07/17 11:14:41.338, 1192, 877, 170.77, 73, 73, 100, 14342, Not Active, Not Active, Not Active
2026/07/17 11:14:41.390, 1192, 877, 177.48, 73, 72, 100, 14342, Not Active, Not Active, Not Active
2026/07/17 11:14:41.441, 1192, 877, 113.85, 73, 71, 100, 14342, Not Active, Not Active, Not Active
2026/07/17 11:14:41.494, 1192, 877, 178.08, 73, 71, 100, 14342, Not Active, Not Active, Not Active
2026/07/17 11:14:41.548, 1192, 877, 188.15, 73, 71, 100, 14342, Not Active, Not Active, Not Active
2026/07/17 11:14:41.599, 1192, 877, 195.57, 73, 72, 100, 14342, Not Active, Not Active, Not Active
2026/07/17 11:14:41.651, 1192, 877, 192.69, 73, 71, 100, 14342, Not Active, Not Active, Not Active
2026/07/17 11:14:41.703, 1192, 877, 199.48, 73, 72, 100, 14342, Not Active, Not Active, Not Active
2026/07/17 11:14:41.754, 1192, 877, 207.27, 73, 72, 100, 14342, Not Active, Not Active, Not Active
2026/07/17 11:14:41.811, 1192, 877, 207.61, 73, 72, 100, 14342, Not Active, Not Active, Not Active
2026/07/17 11:14:41.863, 1192, 877, 195.09, 73, 72, 100, 14342, Not Active, Not Active, Not Active
2026/07/17 11:14:41.915, 1192, 877, 165.24, 73, 73, 100, 14342, Not Active, Not Active, Not Active
2026/07/17 11:14:41.971, 1192, 877, 143.35, 73, 73, 100, 14342, Not Active, Not Active, Not Active
2026/07/17 11:14:42.023, 1192, 877, 171.48, 73, 72, 100, 14342, Not Active, Not Active, Not Active
2026/07/17 11:14:42.074, 1192, 877, 174.13, 73, 72, 100, 14342, Not Active, Not Active, Not Active
2026/07/17 11:14:42.126, 1192, 877, 186.47, 73, 71, 100, 14342, Not Active, Not Active, Not Active
2026/07/17 11:14:42.178, 1192, 877, 192.44, 73, 72, 100, 14342, Not Active, Not Active, Not Active
2026/07/17 11:14:42.234, 1192, 877, 122.85, 72, 72, 100, 14342, Not Active, Not Active, Not Active
2026/07/17 11:14:42.286, 1192, 877, 186.34, 73, 72, 100, 14342, Not Active, Not Active, Not Active
2026/07/17 11:14:42.337, 1192, 877, 196.87, 73, 72, 100, 14342, Not Active, Not Active, Not Active
2026/07/17 11:14:42.393, 1192, 877, 206.93, 73, 72, 100, 14342, Not Active, Not Active, Not Active
2026/07/17 11:14:42.445, 1192, 877, 201.80, 73, 72, 100, 14342, Not Active, Not Active, Not Active
2026/07/17 11:14:42.497, 1192, 877, 208.36, 73, 72, 100, 14342, Not Active, Not Active, Not Active
2026/07/17 11:14:42.549, 1192, 877, 209.32, 73, 72, 100, 14342, Not Active, Not Active, Not Active
2026/07/17 11:14:42.601, 1192, 877, 184.67, 73, 72, 100, 14342, Not Active, Not Active, Not Active
2026/07/17 11:14:42.656, 1192, 877, 171.85, 73, 73, 100, 14342, Not Active, Not Active, Not Active
2026/07/17 11:14:42.708, 1192, 877, 151.52, 73, 73, 100, 14342, Not Active, Not Active, Not Active
2026/07/17 11:14:42.759, 1192, 877, 170.04, 73, 73, 100, 14342, Not Active, Not Active, Not Active
2026/07/17 11:14:42.814, 1192, 877, 173.28, 73, 72, 100, 14342, Not Active, Not Active, Not Active
2026/07/17 11:14:42.866, 1192, 877, 182.51, 73, 72, 100, 14342, Not Active, Not Active, Not Active
2026/07/17 11:14:42.917, 1192, 877, 187.78, 73, 71, 100, 14342, Not Active, Not Active, Not Active
2026/07/17 11:14:42.969, 1192, 877, 190.65, 73, 72, 100, 14342, Not Active, Not Active, Not Active
2026/07/17 11:14:43.021, 1192, 877, 108.07, 73, 72, 100, 14342, Not Active, Not Active, Not Active
2026/07/17 11:14:43.072, 1192, 877, 181.20, 73, 71, 100, 14342, Not Active, Not Active, Not Active
2026/07/17 11:14:43.124, 1192, 877, 194.61, 73, 71, 100, 14342, Not Active, Not Active, Not Active
2026/07/17 11:14:43.180, 1192, 877, 200.43, 73, 72, 100, 14342, Not Active, Not Active, Not Active
2026/07/17 11:14:43.232, 1192, 877, 202.48, 73, 72, 100, 14342, Not Active, Not Active, Not Active
2026/07/17 11:14:43.284, 1192, 877, 201.05, 73, 72, 100, 14342, Not Active, Not Active, Not Active
2026/07/17 11:14:43.336, 1192, 877, 205.83, 73, 72, 100, 14342, Not Active, Not Active, Not Active
2026/07/17 11:14:43.388, 1192, 877, 188.51, 73, 73, 100, 14342, Not Active, Not Active, Not Active
2026/07/17 11:14:43.445, 1192, 877, 176.64, 73, 73, 100, 14342, Not Active, Not Active, Not Active
2026/07/17 11:14:43.496, 1192, 877, 162.47, 73, 73, 100, 14342, Not Active, Not Active, Not Active
2026/07/17 11:14:43.548, 1192, 877, 148.54, 73, 73, 100, 14342, Not Active, Not Active, Not Active
2026/07/17 11:14:43.601, 1192, 877, 167.42, 73, 73, 100, 14342, Not Active, Not Active, Not Active
2026/07/17 11:14:43.653, 1192, 877, 173.53, 73, 72, 100, 14342, Not Active, Not Active, Not Active
2026/07/17 11:14:43.705, 1192, 877, 205.63, 73, 72, 100, 14342, Not Active, Not Active, Not Active
2026/07/17 11:14:43.772, 1192, 877, 198.66, 73, 73, 100, 14342, Not Active, Not Active, Not Active
2026/07/17 11:14:43.824, 1192, 877, 163.91, 73, 71, 100, 14342, Not Active, Not Active, Not Active
2026/07/17 11:14:43.875, 1192, 877, 200.84, 73, 72, 100, 14342, Not Active, Not Active, Not Active
2026/07/17 11:14:43.930, 1192, 877, 205.15, 73, 72, 100, 14342, Not Active, Not Active, Not Active
2026/07/17 11:14:43.982, 1192, 877, 200.09, 73, 72, 100, 14342, Not Active, Not Active, Not Active
2026/07/17 11:14:44.033, 1192, 877, 206.45, 73, 73, 100, 14342, Not Active, Not Active, Not Active
2026/07/17 11:14:44.085, 1192, 877, 212.53, 73, 72, 100, 14342, Not Active, Not Active, Not Active
2026/07/17 11:14:44.137, 1192, 877, 183.24, 73, 73, 100, 14342, Not Active, Not Active, Not Active
2026/07/17 11:14:44.193, 1192, 877, 169.45, 73, 73, 100, 14342, Not Active, Not Active, Not Active
2026/07/17 11:14:44.245, 1192, 877, 156.70, 73, 73, 100, 14342, Not Active, Not Active, Not Active
2026/07/17 11:14:44.296, 1192, 877, 160.07, 73, 73, 100, 14342, Not Active, Not Active, Not Active
2026/07/17 11:14:44.350, 1192, 877, 171.37, 73, 73, 100, 14342, Not Active, Not Active, Not Active
2026/07/17 11:14:44.402, 1192, 877, 174.97, 73, 71, 100, 14342, Not Active, Not Active, Not Active
2026/07/17 11:14:44.454, 1192, 877, 185.51, 73, 72, 100, 14342, Not Active, Not Active, Not Active
2026/07/17 11:14:44.506, 1192, 877, 188.38, 73, 71, 100, 14342, Not Active, Not Active, Not Active
2026/07/17 11:14:44.557, 1192, 877, 195.31, 73, 71, 100, 14342, Not Active, Not Active, Not Active
2026/07/17 11:14:44.614, 1192, 877, 134.31, 73, 72, 100, 14342, Not Active, Not Active, Not Active
2026/07/17 11:14:44.666, 1192, 877, 184.43, 73, 71, 100, 14342, Not Active, Not Active, Not Active
2026/07/17 11:14:44.717, 1192, 877, 197.96, 73, 72, 100, 14342, Not Active, Not Active, Not Active
2026/07/17 11:14:44.774, 1192, 877, 205.35, 73, 72, 100, 14342, Not Active, Not Active, Not Active
2026/07/17 11:14:44.826, 1192, 877, 200.09, 73, 71, 100, 14342, Not Active, Not Active, Not Active
2026/07/17 11:14:44.877, 1192, 877, 200.09, 73, 73, 100, 14342, Not Active, Not Active, Not Active
2026/07/17 11:14:44.930, 1192, 877, 208.36, 73, 73, 100, 14342, Not Active, Not Active, Not Active
2026/07/17 11:14:44.981, 1192, 877, 198.79, 73, 73, 100, 14342, Not Active, Not Active, Not Active
2026/07/17 11:14:45.036, 1192, 877, 184.67, 73, 73, 100, 14342, Not Active, Not Active, Not Active
2026/07/17 11:14:45.088, 1192, 877, 179.88, 73, 72, 100, 14342, Not Active, Not Active, Not Active
2026/07/17 11:14:45.139, 1192, 877, 156.22, 73, 73, 100, 14342, Not Active, Not Active, Not Active
2026/07/17 11:14:45.194, 1192, 877, 153.82, 73, 73, 100, 14342, Not Active, Not Active, Not Active
2026/07/17 11:14:45.246, 1192, 877, 163.80, 73, 73, 100, 14342, Not Active, Not Active, Not Active
2026/07/17 11:14:45.298, 1192, 877, 169.81, 73, 73, 100, 14342, Not Active, Not Active, Not Active
2026/07/17 11:14:45.349, 1192, 877, 173.17, 73, 73, 100, 14342, Not Active, Not Active, Not Active
2026/07/17 11:14:45.401, 1192, 877, 125.34, 73, 71, 100, 14342, Not Active, Not Active, Not Active
2026/07/17 11:14:45.455, 1192, 877, 153.34, 73, 72, 100, 14342, Not Active, Not Active, Not Active
2026/07/17 11:14:45.507, 1192, 877, 168.23, 73, 73, 100, 14342, Not Active, Not Active, Not Active
2026/07/17 11:14:45.559, 1192, 877, 169.22, 73, 72, 100, 14342, Not Active, Not Active, Not Active
2026/07/17 11:14:45.610, 1192, 877, 174.01, 73, 72, 100, 14342, Not Active, Not Active, Not Active
2026/07/17 11:14:45.662, 1192, 877, 191.38, 73, 71, 100, 14342, Not Active, Not Active, Not Active
2026/07/17 11:14:45.717, 1192, 877, 195.57, 73, 72, 100, 14342, Not Active, Not Active, Not Active
2026/07/17 11:14:45.769, 1192, 877, 196.74, 73, 72, 100, 14342, Not Active, Not Active, Not Active
2026/07/17 11:14:45.821, 1192, 877, 205.01, 73, 72, 100, 14342, Not Active, Not Active, Not Active
2026/07/17 11:14:45.873, 1192, 877, 201.39, 73, 73, 100, 14342, Not Active, Not Active, Not Active
2026/07/17 11:14:45.925, 1192, 877, 204.40, 73, 73, 100, 14342, Not Active, Not Active, Not Active
2026/07/17 11:14:45.979, 1192, 877, 203.78, 74, 73, 100, 14342, Not Active, Not Active, Not Active
2026/07/17 11:14:46.031, 1192, 877, 210.95, 73, 73, 100, 14342, Not Active, Not Active, Not Active
2026/07/17 11:14:46.083, 1192, 877, 198.44, 74, 73, 100, 14342, Not Active, Not Active, Not Active
2026/07/17 11:14:46.135, 1192, 877, 188.38, 74, 73, 100, 14342, Not Active, Not Active, Not Active
2026/07/17 11:14:46.187, 1192, 877, 175.20, 74, 73, 100, 14342, Not Active, Not Active, Not Active
2026/07/17 11:14:46.241, 1192, 877, 200.70, 73, 72, 100, 14342, Not Active, Not Active, Not Active
2026/07/17 11:14:46.293, 1192, 877, 208.22, 73, 73, 100, 14342, Not Active, Not Active, Not Active
2026/07/17 11:14:46.345, 1192, 877, 201.32, 73, 73, 100, 14342, Not Active, Not Active, Not Active
2026/07/17 11:14:46.397, 1192, 877, 190.78, 74, 73, 100, 14342, Not Active, Not Active, Not Active
2026/07/17 11:14:46.449, 1192, 877, 175.57, 73, 73, 100, 14342, Not Active, Not Active, Not Active
2026/07/17 11:14:46.502, 1192, 877, 169.93, 74, 73, 100, 14342, Not Active, Not Active, Not Active
2026/07/17 11:14:46.554, 1192, 877, 155.26, 74, 73, 100, 14342, Not Active, Not Active, Not Active
2026/07/17 11:14:46.605, 1192, 877, 143.83, 74, 73, 100, 14342, Not Active, Not Active, Not Active
2026/07/17 11:14:46.658, 1192, 877, 152.28, 74, 73, 100, 14342, Not Active, Not Active, Not Active
2026/07/17 11:14:46.709, 1192, 877, 162.73, 74, 73, 100, 14342, Not Active, Not Active, Not Active
2026/07/17 11:14:46.763, 1192, 877, 178.20, 73, 72, 100, 14342, Not Active, Not Active, Not Active
2026/07/17 11:14:46.815, 1192, 877, 179.88, 74, 72, 100, 14342, Not Active, Not Active, Not Active
2026/07/17 11:14:46.866, 1192, 877, 184.07, 74, 71, 100, 14342, Not Active, Not Active, Not Active
2026/07/17 11:14:46.918, 1192, 877, 188.86, 73, 72, 100, 14342, Not Active, Not Active, Not Active
2026/07/17 11:14:46.970, 1192, 877, 190.04, 74, 72, 100, 14342, Not Active, Not Active, Not Active
2026/07/17 11:14:47.024, 1192, 877, 93.25, 74, 72, 100, 14342, Not Active, Not Active, Not Active
2026/07/17 11:14:47.076, 1192, 877, 175.92, 73, 72, 100, 14342, Not Active, Not Active, Not Active
2026/07/17 11:14:47.128, 1192, 877, 176.04, 73, 72, 100, 14342, Not Active, Not Active, Not Active
2026/07/17 11:14:47.180, 1192, 877, 176.89, 73, 72, 100, 14342, Not Active, Not Active, Not Active
2026/07/17 11:14:47.231, 1192, 877, 192.69, 74, 72, 100, 14342, Not Active, Not Active, Not Active
2026/07/17 11:14:47.287, 1192, 877, 191.96, 74, 72, 100, 14342, Not Active, Not Active, Not Active
2026/07/17 11:14:47.339, 1192, 877, 196.74, 74, 72, 100, 14342, Not Active, Not Active, Not Active
2026/07/17 11:14:47.391, 1192, 877, 204.05, 74, 71, 100, 14342, Not Active, Not Active, Not Active
2026/07/17 11:14:47.443, 1192, 877, 204.05, 74, 71, 100, 14342, Not Active, Not Active, Not Active
2026/07/17 11:14:47.494, 1192, 877, 199.96, 74, 73, 100, 14342, Not Active, Not Active, Not Active
2026/07/17 11:14:47.550, 1192, 877, 211.24, 74, 73, 100, 14342, Not Active, Not Active, Not Active
2026/07/17 11:14:47.602, 1192, 877, 208.70, 74, 73, 100, 14342, Not Active, Not Active, Not Active
2026/07/17 11:14:47.654, 1192, 877, 206.79, 74, 73, 100, 14342, Not Active, Not Active, Not Active
2026/07/17 11:14:47.706, 1192, 877, 194.48, 74, 73, 100, 14342, Not Active, Not Active, Not Active
2026/07/17 11:14:47.757, 1192, 877, 178.56, 74, 73, 100, 14342, Not Active, Not Active, Not Active
2026/07/17 11:14:47.812, 1192, 877, 173.28, 74, 73, 100, 14342, Not Active, Not Active, Not Active
2026/07/17 11:14:47.864, 1192, 877, 192.57, 73, 71, 100, 14342, Not Active, Not Active, Not Active
2026/07/17 11:14:47.916, 1192, 877, 185.15, 73, 73, 100, 14342, Not Active, Not Active, Not Active
2026/07/17 11:14:47.975, 1192, 877, 177.00, 73, 73, 100, 14342, Not Active, Not Active, Not Active
2026/07/17 11:14:48.027, 1192, 877, 175.68, 74, 73, 100, 14342, Not Active, Not Active, Not Active
2026/07/17 11:14:48.078, 1192, 877, 155.26, 74, 73, 100, 14342, Not Active, Not Active, Not Active
2026/07/17 11:14:48.133, 1192, 877, 145.85, 74, 73, 100, 14342, Not Active, Not Active, Not Active
2026/07/17 11:14:48.184, 1192, 877, 144.70, 74, 73, 100, 14342, Not Active, Not Active, Not Active
2026/07/17 11:14:48.236, 1192, 877, 154.30, 74, 73, 100, 14342, Not Active, Not Active, Not Active
2026/07/17 11:14:48.288, 1192, 877, 160.71, 73, 73, 100, 14342, Not Active, Not Active, Not Active
2026/07/17 11:14:48.340, 1192, 877, 172.92, 74, 73, 100, 14342, Not Active, Not Active, Not Active
2026/07/17 11:14:48.392, 1192, 877, 175.20, 74, 72, 100, 14342, Not Active, Not Active, Not Active
2026/07/17 11:14:48.444, 1192, 877, 179.40, 74, 72, 100, 14342, Not Active, Not Active, Not Active
2026/07/17 11:14:48.496, 1192, 877, 186.11, 74, 73, 100, 14342, Not Active, Not Active, Not Active
2026/07/17 11:14:48.548, 1192, 877, 188.86, 74, 72, 100, 14342, Not Active, Not Active, Not Active
2026/07/17 11:14:48.600, 1192, 877, 193.04, 74, 74, 100, 14342, Not Active, Not Active, Not Active
2026/07/17 11:14:48.652, 1192, 877, 103.32, 74, 72, 100, 14342, Not Active, Not Active, Not Active
2026/07/17 11:14:48.704, 1192, 877, 163.69, 73, 73, 100, 14342, Not Active, Not Active, Not Active
2026/07/17 11:14:48.757, 1192, 877, 172.21, 74, 72, 100, 14342, Not Active, Not Active, Not Active
2026/07/17 11:14:48.809, 1192, 877, 173.76, 74, 72, 100, 14342, Not Active, Not Active, Not Active
2026/07/17 11:14:48.861, 1192, 877, 175.68, 73, 72, 100, 14342, Not Active, Not Active, Not Active
2026/07/17 11:14:48.912, 1192, 877, 181.32, 74, 73, 100, 14342, Not Active, Not Active, Not Active
2026/07/17 11:14:48.964, 1192, 877, 188.86, 74, 72, 100, 14342, Not Active, Not Active, Not Active
2026/07/17 11:14:49.016, 1192, 877, 189.34, 74, 73, 100, 14342, Not Active, Not Active, Not Active
2026/07/17 11:14:49.068, 1192, 877, 191.61, 74, 72, 100, 14342, Not Active, Not Active, Not Active
2026/07/17 11:14:49.123, 1192, 877, 197.96, 74, 73, 100, 14342, Not Active, Not Active, Not Active
2026/07/17 11:14:49.175, 1192, 877, 202.00, 74, 72, 100, 14342, Not Active, Not Active, Not Active
2026/07/17 11:14:49.227, 1192, 877, 198.79, 74, 73, 100, 14342, Not Active, Not Active, Not Active
2026/07/17 11:14:49.278, 1192, 877, 203.58, 74, 73, 100, 14342, Not Active, Not Active, Not Active
2026/07/17 11:14:49.330, 1192, 877, 208.70, 74, 73, 100, 14342, Not Active, Not Active, Not Active
2026/07/17 11:14:49.388, 1192, 877, 206.17, 74, 73, 100, 14342, Not Active, Not Active, Not Active
2026/07/17 11:14:49.440, 1192, 877, 206.45, 74, 73, 100, 14342, Not Active, Not Active, Not Active
2026/07/17 11:14:49.492, 1192, 877, 180.24, 73, 72, 100, 14342, Not Active, Not Active, Not Active
2026/07/17 11:14:49.546, 1192, 877, 202.48, 74, 71, 100, 14342, Not Active, Not Active, Not Active
2026/07/17 11:14:49.598, 1192, 877, 202.96, 73, 73, 100, 14342, Not Active, Not Active, Not Active
2026/07/17 11:14:49.649, 1192, 877, 200.23, 74, 73, 100, 14342, Not Active, Not Active, Not Active
2026/07/17 11:14:49.701, 1192, 877, 202.82, 74, 73, 100, 14342, Not Active, Not Active, Not Active
2026/07/17 11:14:49.753, 1192, 877, 200.70, 74, 73, 100, 14342, Not Active, Not Active, Not Active
2026/07/17 11:14:49.805, 1192, 877, 209.18, 74, 73, 100, 14342, Not Active, Not Active, Not Active
2026/07/17 11:14:49.857, 1192, 877, 210.28, 74, 73, 100, 14342, Not Active, Not Active, Not Active
2026/07/17 11:14:49.912, 1192, 877, 205.49, 74, 73, 100, 14342, Not Active, Not Active, Not Active
2026/07/17 11:14:49.964, 1192, 877, 199.75, 74, 73, 100, 14342, Not Active, Not Active, Not Active
2026/07/17 11:14:50.015, 1192, 877, 191.74, 74, 73, 100, 14342, Not Active, Not Active, Not Active
2026/07/17 11:14:50.067, 1192, 877, 188.99, 74, 74, 100, 14342, Not Active, Not Active, Not Active
2026/07/17 11:14:50.119, 1192, 877, 178.08, 74, 73, 100, 14342, Not Active, Not Active, Not Active
2026/07/17 11:14:50.173, 1192, 877, 173.28, 74, 74, 100, 14342, Not Active, Not Active, Not Active
2026/07/17 11:14:50.224, 1192, 877, 170.89, 74, 74, 100, 14342, Not Active, Not Active, Not Active
2026/07/17 11:14:50.276, 1192, 877, 170.52, 74, 73, 100, 14342, Not Active, Not Active, Not Active
2026/07/17 11:14:50.328, 1192, 877, 196.87, 74, 73, 100, 14342, Not Active, Not Active, Not Active
2026/07/17 11:14:50.380, 1192, 877, 213.82, 74, 74, 100, 14342, Not Active, Not Active, Not Active
2026/07/17 11:14:50.436, 1192, 877, 218.27, 74, 74, 97, 14342, Not Active, Not Active, Not Active
2026/07/17 11:14:50.488, 1192, 877, 213.34, 74, 75, 97, 14342, Not Active, Not Active, Not Active
2026/07/17 11:14:50.540, 1192, 877, 214.11, 75, 75, 97, 14342, Not Active, Not Active, Not Active
2026/07/17 11:14:50.633, 1192, 877, 212.53, 75, 75, 100, 14342, Not Active, Not Active, Not Active
2026/07/17 11:14:50.685, 1192, 877, 212.05, 75, 75, 100, 14342, Not Active, Not Active, Not Active
2026/07/17 11:14:50.742, 1192, 877, 209.04, 75, 75, 100, 14342, Not Active, Not Active, Not Active
2026/07/17 11:14:50.794, 1192, 877, 206.65, 75, 75, 100, 14342, Not Active, Not Active, Not Active
2026/07/17 11:14:50.846, 1192, 877, 213.15, 75, 75, 100, 14342, Not Active, Not Active, Not Active
2026/07/17 11:14:50.898, 1192, 877, 209.80, 75, 75, 100, 14342, Not Active, Not Active, Not Active
2026/07/17 11:14:50.950, 1192, 877, 212.39, 75, 75, 100, 14342, Not Active, Not Active, Not Active
2026/07/17 11:14:51.008, 1192, 877, 218.27, 75, 76, 100, 14342, Not Active, Not Active, Not Active
2026/07/17 11:14:51.060, 1192, 877, 212.24, 75, 75, 100, 14342, Not Active, Not Active, Not Active
2026/07/17 11:14:51.112, 1192, 877, 210.95, 75, 75, 100, 14342, Not Active, Not Active, Not Active
2026/07/17 11:14:51.168, 1192, 877, 213.82, 75, 76, 100, 14342, Not Active, Not Active, Not Active
2026/07/17 11:14:51.220, 1192, 877, 206.99, 75, 75, 100, 14342, Not Active, Not Active, Not Active
2026/07/17 11:14:51.271, 1192, 877, 213.01, 75, 76, 100, 14342, Not Active, Not Active, Not Active
2026/07/17 11:14:51.323, 1192, 877, 210.62, 75, 75, 100, 14342, Not Active, Not Active, Not Active
2026/07/17 11:14:51.375, 1192, 877, 216.02, 75, 76, 100, 14342, Not Active, Not Active, Not Active
2026/07/17 11:14:51.431, 1192, 877, 208.08, 75, 76, 100, 14342, Not Active, Not Active, Not Active
2026/07/17 11:14:51.482, 1192, 877, 211.09, 75, 75, 100, 14342, Not Active, Not Active, Not Active
2026/07/17 11:14:51.534, 1192, 877, 213.82, 75, 76, 100, 14342, Not Active, Not Active, Not Active
2026/07/17 11:14:51.591, 1192, 877, 212.05, 75, 76, 100, 14342, Not Active, Not Active, Not Active
2026/07/17 11:14:51.643, 1192, 877, 211.09, 75, 76, 100, 14342, Not Active, Not Active, Not Active
2026/07/17 11:14:51.695, 1192, 877, 214.30, 75, 76, 100, 14342, Not Active, Not Active, Not Active
2026/07/17 11:14:51.747, 1192, 877, 209.18, 75, 76, 100, 14342, Not Active, Not Active, Not Active
2026/07/17 11:14:51.799, 1192, 877, 217.65, 75, 76, 100, 14342, Not Active, Not Active, Not Active
2026/07/17 11:14:51.854, 1192, 877, 212.53, 75, 76, 100, 14342, Not Active, Not Active, Not Active
2026/07/17 11:14:51.906, 1192, 877, 211.09, 75, 76, 100, 14342, Not Active, Not Active, Not Active
2026/07/17 11:14:51.958, 1192, 877, 214.78, 75, 76, 100, 14342, Not Active, Not Active, Not Active
2026/07/17 11:14:52.018, 1192, 877, 170.89, 75, 76, 100, 14342, Not Active, Not Active, Not Active
2026/07/17 11:14:52.070, 1192, 877, 210.00, 75, 75, 100, 14342, Not Active, Not Active, Not Active
2026/07/17 11:14:52.121, 1192, 877, 210.48, 75, 76, 100, 14342, Not Active, Not Active, Not Active
2026/07/17 11:14:52.178, 1192, 877, 209.52, 75, 76, 100, 14342, Not Active, Not Active, Not Active
2026/07/17 11:14:52.230, 1192, 877, 214.92, 75, 76, 100, 14342, Not Active, Not Active, Not Active
2026/07/17 11:14:52.282, 1192, 877, 212.05, 75, 76, 100, 14342, Not Active, Not Active, Not Active
2026/07/17 11:14:52.334, 1192, 877, 207.61, 75, 76, 100, 14342, Not Active, Not Active, Not Active
2026/07/17 11:14:52.385, 1192, 877, 211.09, 75, 76, 100, 14342, Not Active, Not Active, Not Active
2026/07/17 11:14:52.441, 1192, 877, 206.93, 75, 76, 100, 14342, Not Active, Not Active, Not Active
2026/07/17 11:14:52.493, 1192, 877, 208.08, 75, 76, 100, 14342, Not Active, Not Active, Not Active
2026/07/17 11:14:52.545, 1192, 877, 212.72, 75, 76, 100, 14342, Not Active, Not Active, Not Active
2026/07/17 11:14:52.597, 1192, 877, 161.03, 75, 76, 100, 14342, Not Active, Not Active, Not Active
2026/07/17 11:14:52.649, 1192, 877, 209.32, 75, 76, 100, 14342, Not Active, Not Active, Not Active
2026/07/17 11:14:52.705, 1192, 877, 211.71, 75, 76, 100, 14342, Not Active, Not Active, Not Active
2026/07/17 11:14:52.757, 1192, 877, 212.24, 75, 76, 100, 14342, Not Active, Not Active, Not Active
2026/07/17 11:14:52.809, 1192, 877, 204.05, 75, 76, 100, 14342, Not Active, Not Active, Not Active
2026/07/17 11:14:52.861, 1192, 877, 210.00, 76, 76, 100, 14342, Not Active, Not Active, Not Active
2026/07/17 11:14:52.913, 1192, 877, 209.52, 76, 76, 100, 14342, Not Active, Not Active, Not Active
2026/07/17 11:14:52.965, 1192, 877, 213.82, 76, 76, 100, 14342, Not Active, Not Active, Not Active
2026/07/17 11:14:53.016, 1192, 877, 212.24, 76, 76, 100, 14342, Not Active, Not Active, Not Active
2026/07/17 11:14:53.072, 1192, 877, 209.52, 76, 76, 100, 14342, Not Active, Not Active, Not Active
2026/07/17 11:14:53.124, 1192, 877, 212.87, 76, 76, 100, 14342, Not Active, Not Active, Not Active
2026/07/17 11:14:53.176, 1192, 877, 208.08, 76, 76, 100, 14342, Not Active, Not Active, Not Active
2026/07/17 11:14:53.228, 1192, 877, 209.52, 75, 75, 100, 14342, Not Active, Not Active, Not Active
2026/07/17 11:14:53.279, 1192, 877, 209.04, 75, 76, 100, 14342, Not Active, Not Active, Not Active
2026/07/17 11:14:53.340, 1192, 877, 209.18, 76, 76, 100, 14342, Not Active, Not Active, Not Active
2026/07/17 11:14:53.392, 1192, 877, 216.69, 76, 76, 100, 14342, Not Active, Not Active, Not Active
2026/07/17 11:14:53.443, 1192, 877, 210.14, 76, 76, 100, 14342, Not Active, Not Active, Not Active
2026/07/17 11:14:53.501, 1192, 877, 213.34, 76, 76, 100, 14342, Not Active, Not Active, Not Active
2026/07/17 11:14:53.552, 1192, 877, 212.87, 76, 76, 100, 14342, Not Active, Not Active, Not Active
2026/07/17 11:14:53.604, 1192, 877, 210.48, 76, 76, 100, 14342, Not Active, Not Active, Not Active
2026/07/17 11:14:53.656, 1192, 877, 210.00, 76, 76, 100, 14342, Not Active, Not Active, Not Active
2026/07/17 11:14:53.708, 1192, 877, 208.70, 76, 76, 100, 14342, Not Active, Not Active, Not Active
2026/07/17 11:14:53.765, 1192, 877, 199.88, 76, 76, 100, 14342, Not Active, Not Active, Not Active
2026/07/17 11:14:53.818, 1192, 877, 208.70, 76, 76, 100, 14342, Not Active, Not Active, Not Active
2026/07/17 11:14:53.870, 1192, 877, 202.75, 76, 76, 100, 14342, Not Active, Not Active, Not Active
2026/07/17 11:14:53.928, 1192, 877, 212.67, 76, 76, 100, 14342, Not Active, Not Active, Not Active
2026/07/17 11:14:53.979, 1192, 877, 214.44, 76, 76, 100, 14342, Not Active, Not Active, Not Active
2026/07/17 11:14:54.031, 1192, 877, 205.35, 76, 76, 100, 14342, Not Active, Not Active, Not Active
2026/07/17 11:14:54.083, 1192, 877, 213.34, 76, 76, 100, 14342, Not Active, Not Active, Not Active
2026/07/17 11:14:54.135, 1192, 877, 210.48, 76, 76, 100, 14342, Not Active, Not Active, Not Active
2026/07/17 11:14:54.186, 1192, 877, 209.04, 76, 76, 100, 14342, Not Active, Not Active, Not Active
2026/07/17 11:14:54.239, 1192, 877, 208.08, 76, 76, 100, 14342, Not Active, Not Active, Not Active
2026/07/17 11:14:54.297, 1192, 877, 208.22, 76, 76, 100, 14342, Not Active, Not Active, Not Active
2026/07/17 11:14:54.348, 1192, 877, 211.09, 76, 76, 100, 14342, Not Active, Not Active, Not Active
2026/07/17 11:14:54.400, 1192, 877, 204.05, 76, 76, 100, 14342, Not Active, Not Active, Not Active
2026/07/17 11:14:54.455, 1192, 877, 213.49, 76, 76, 100, 14342, Not Active, Not Active, Not Active
2026/07/17 11:14:54.507, 1192, 877, 204.53, 76, 76, 100, 14342, Not Active, Not Active, Not Active
2026/07/17 11:14:54.564, 1192, 877, 213.01, 76, 76, 100, 14342, Not Active, Not Active, Not Active
2026/07/17 11:14:54.616, 1192, 877, 199.61, 76, 76, 100, 14342, Not Active, Not Active, Not Active
2026/07/17 11:14:54.668, 1192, 877, 211.24, 76, 76, 100, 14342, Not Active, Not Active, Not Active
2026/07/17 11:14:54.720, 1192, 877, 216.69, 76, 77, 100, 14342, Not Active, Not Active, Not Active
2026/07/17 11:14:54.772, 1192, 877, 211.09, 76, 77, 100, 14342, Not Active, Not Active, Not Active
2026/07/17 11:14:54.828, 1192, 877, 208.70, 76, 77, 100, 14342, Not Active, Not Active, Not Active
2026/07/17 11:14:54.880, 1192, 877, 210.28, 76, 77, 100, 14342, Not Active, Not Active, Not Active
2026/07/17 11:14:54.931, 1192, 877, 209.52, 76, 77, 100, 14342, Not Active, Not Active, Not Active
2026/07/17 11:14:54.983, 1192, 877, 198.66, 76, 76, 100, 14342, Not Active, Not Active, Not Active
2026/07/17 11:14:55.035, 1192, 877, 205.49, 76, 76, 100, 14342, Not Active, Not Active, Not Active
2026/07/17 11:14:55.087, 1192, 877, 210.48, 76, 76, 100, 14342, Not Active, Not Active, Not Active
2026/07/17 11:14:55.138, 1192, 877, 215.40, 76, 77, 100, 14342, Not Active, Not Active, Not Active
2026/07/17 11:14:55.190, 1192, 877, 206.65, 76, 77, 100, 14342, Not Active, Not Active, Not Active
2026/07/17 11:14:55.242, 1192, 877, 209.52, 76, 77, 100, 14342, Not Active, Not Active, Not Active
2026/07/17 11:14:55.294, 1192, 877, 204.05, 76, 77, 100, 14342, Not Active, Not Active, Not Active
2026/07/17 11:14:55.346, 1192, 877, 211.09, 76, 77, 100, 14342, Not Active, Not Active, Not Active
2026/07/17 11:14:55.402, 1192, 877, 201.05, 76, 77, 100, 14342, Not Active, Not Active, Not Active
2026/07/17 11:14:55.454, 1192, 877, 211.09, 76, 77, 100, 14342, Not Active, Not Active, Not Active
2026/07/17 11:14:55.506, 1192, 877, 208.42, 76, 77, 100, 14342, Not Active, Not Active, Not Active
2026/07/17 11:14:55.557, 1192, 877, 191.38, 76, 77, 100, 14342, Not Active, Not Active, Not Active
2026/07/17 11:14:55.610, 1192, 877, 210.48, 76, 76, 100, 14342, Not Active, Not Active, Not Active
2026/07/17 11:14:55.666, 1192, 877, 215.40, 76, 76, 100, 14342, Not Active, Not Active, Not Active
2026/07/17 11:14:55.718, 1192, 877, 206.17, 76, 77, 100, 14342, Not Active, Not Active, Not Active
2026/07/17 11:14:55.769, 1192, 877, 209.66, 76, 77, 100, 14342, Not Active, Not Active, Not Active
2026/07/17 11:14:55.821, 1192, 877, 203.30, 76, 77, 100, 14342, Not Active, Not Active, Not Active
2026/07/17 11:14:55.873, 1192, 877, 211.24, 76, 77, 100, 14342, Not Active, Not Active, Not Active
2026/07/17 11:14:55.925, 1192, 877, 211.09, 76, 77, 100, 14342, Not Active, Not Active, Not Active
2026/07/17 11:14:55.977, 1192, 877, 203.65, 76, 77, 100, 14342, Not Active, Not Active, Not Active
2026/07/17 11:14:56.032, 1192, 877, 208.70, 76, 77, 100, 14342, Not Active, Not Active, Not Active
2026/07/17 11:14:56.084, 1192, 877, 202.75, 76, 77, 100, 14342, Not Active, Not Active, Not Active
2026/07/17 11:14:56.136, 1192, 877, 206.31, 76, 77, 100, 14342, Not Active, Not Active, Not Active
2026/07/17 11:14:56.190, 1192, 877, 203.58, 76, 75, 100, 14342, Not Active, Not Active, Not Active
2026/07/17 11:14:56.242, 1192, 877, 201.39, 76, 77, 100, 14342, Not Active, Not Active, Not Active
2026/07/17 11:14:56.295, 1192, 877, 214.63, 76, 77, 100, 14342, Not Active, Not Active, Not Active
2026/07/17 11:14:56.347, 1192, 877, 213.63, 76, 77, 100, 14342, Not Active, Not Active, Not Active
2026/07/17 11:14:56.398, 1192, 877, 209.18, 76, 77, 100, 14342, Not Active, Not Active, Not Active
2026/07/17 11:14:56.450, 1192, 877, 208.70, 76, 77, 100, 14342, Not Active, Not Active, Not Active
2026/07/17 11:14:56.502, 1192, 877, 205.22, 76, 77, 100, 14342, Not Active, Not Active, Not Active
2026/07/17 11:14:56.556, 1192, 877, 209.18, 76, 76, 100, 14342, Not Active, Not Active, Not Active
2026/07/17 11:14:56.608, 1192, 877, 215.88, 76, 76, 100, 14342, Not Active, Not Active, Not Active
2026/07/17 11:14:56.660, 1192, 877, 210.62, 76, 77, 100, 14342, Not Active, Not Active, Not Active
2026/07/17 11:14:56.717, 1192, 877, 209.86, 76, 77, 100, 14342, Not Active, Not Active, Not Active
2026/07/17 11:14:56.769, 1192, 877, 198.66, 76, 77, 100, 14342, Not Active, Not Active, Not Active
2026/07/17 11:14:56.821, 1192, 877, 205.83, 76, 76, 100, 14342, Not Active, Not Active, Not Active
2026/07/17 11:14:56.878, 1192, 877, 212.87, 76, 77, 100, 14342, Not Active, Not Active, Not Active
2026/07/17 11:14:56.930, 1192, 877, 205.01, 76, 77, 100, 14342, Not Active, Not Active, Not Active
2026/07/17 11:14:56.981, 1192, 877, 210.62, 76, 77, 100, 14342, Not Active, Not Active, Not Active
2026/07/17 11:14:57.038, 1192, 877, 204.53, 76, 77, 100, 14342, Not Active, Not Active, Not Active
2026/07/17 11:14:57.090, 1192, 877, 208.22, 76, 77, 100, 14342, Not Active, Not Active, Not Active
2026/07/17 11:14:57.142, 1192, 877, 207.27, 76, 77, 100, 14342, Not Active, Not Active, Not Active
2026/07/17 11:14:57.199, 1192, 877, 203.30, 76, 77, 100, 14342, Not Active, Not Active, Not Active
2026/07/17 11:14:57.251, 1192, 877, 209.52, 76, 77, 100, 14342, Not Active, Not Active, Not Active
2026/07/17 11:14:57.302, 1192, 877, 199.96, 76, 77, 100, 14342, Not Active, Not Active, Not Active
2026/07/17 11:14:57.359, 1192, 877, 210.62, 76, 77, 100, 14342, Not Active, Not Active, Not Active
2026/07/17 11:14:57.410, 1192, 877, 198.31, 76, 76, 100, 14342, Not Active, Not Active, Not Active
2026/07/17 11:14:57.462, 1192, 877, 196.87, 76, 77, 100, 14342, Not Active, Not Active, Not Active
2026/07/17 11:14:57.514, 1192, 877, 208.70, 76, 77, 100, 14342, Not Active, Not Active, Not Active
2026/07/17 11:14:57.566, 1192, 877, 210.48, 76, 77, 100, 14342, Not Active, Not Active, Not Active
2026/07/17 11:14:57.621, 1192, 877, 206.24, 76, 77, 100, 14342, Not Active, Not Active, Not Active
2026/07/17 11:14:57.673, 1192, 877, 209.86, 76, 77, 100, 14342, Not Active, Not Active, Not Active
2026/07/17 11:14:57.725, 1192, 877, 199.05, 76, 77, 100, 14342, Not Active, Not Active, Not Active
2026/07/17 11:14:57.782, 1192, 877, 209.66, 76, 77, 100, 14342, Not Active, Not Active, Not Active
2026/07/17 11:14:57.833, 1192, 877, 213.49, 76, 77, 100, 14342, Not Active, Not Active, Not Active
2026/07/17 11:14:57.885, 1192, 877, 204.33, 77, 77, 100, 14342, Not Active, Not Active, Not Active
2026/07/17 11:14:57.942, 1192, 877, 209.18, 76, 77, 100, 14342, Not Active, Not Active, Not Active
2026/07/17 11:14:57.993, 1192, 877, 207.27, 77, 77, 100, 14342, Not Active, Not Active, Not Active
2026/07/17 11:14:58.045, 1192, 877, 196.74, 76, 77, 100, 14342, Not Active, Not Active, Not Active
2026/07/17 11:14:58.101, 1192, 877, 210.62, 76, 77, 100, 14342, Not Active, Not Active, Not Active
2026/07/17 11:14:58.153, 1192, 877, 209.32, 76, 77, 100, 14342, Not Active, Not Active, Not Active
2026/07/17 11:14:58.204, 1192, 877, 199.61, 76, 77, 100, 14342, Not Active, Not Active, Not Active
2026/07/17 11:14:58.256, 1192, 877, 216.36, 77, 77, 100, 14342, Not Active, Not Active, Not Active
2026/07/17 11:14:58.308, 1192, 877, 196.26, 76, 77, 100, 14342, Not Active, Not Active, Not Active
2026/07/17 11:14:58.363, 1192, 877, 208.36, 77, 77, 100, 14342, Not Active, Not Active, Not Active
2026/07/17 11:14:58.415, 1192, 877, 211.91, 77, 77, 100, 14342, Not Active, Not Active, Not Active
2026/07/17 11:14:58.467, 1192, 877, 200.57, 77, 77, 100, 14342, Not Active, Not Active, Not Active
2026/07/17 11:14:58.523, 1192, 877, 212.87, 77, 77, 100, 14342, Not Active, Not Active, Not Active
2026/07/17 11:14:58.575, 1192, 877, 209.32, 77, 77, 100, 14342, Not Active, Not Active, Not Active
2026/07/17 11:14:58.627, 1192, 877, 157.66, 77, 77, 100, 14342, Not Active, Not Active, Not Active
2026/07/17 11:14:58.679, 1192, 877, 204.88, 76, 77, 100, 14342, Not Active, Not Active, Not Active
2026/07/17 11:14:58.731, 1192, 877, 217.65, 77, 77, 100, 14342, Not Active, Not Active, Not Active
2026/07/17 11:14:58.785, 1192, 877, 199.40, 77, 77, 100, 14342, Not Active, Not Active, Not Active
2026/07/17 11:14:58.837, 1192, 877, 212.53, 77, 77, 100, 14342, Not Active, Not Active, Not Active
2026/07/17 11:14:58.889, 1192, 877, 190.30, 77, 77, 100, 14342, Not Active, Not Active, Not Active
2026/07/17 11:14:58.946, 1192, 877, 205.83, 77, 77, 100, 14342, Not Active, Not Active, Not Active
2026/07/17 11:14:58.998, 1192, 877, 209.18, 77, 77, 100, 14342, Not Active, Not Active, Not Active
2026/07/17 11:14:59.050, 1192, 877, 196.74, 77, 77, 100, 14342, Not Active, Not Active, Not Active
2026/07/17 11:14:59.105, 1192, 877, 207.74, 77, 77, 100, 14342, Not Active, Not Active, Not Active
2026/07/17 11:14:59.157, 1192, 877, 214.44, 77, 77, 100, 14342, Not Active, Not Active, Not Active
2026/07/17 11:14:59.209, 1192, 877, 202.96, 77, 77, 100, 14342, Not Active, Not Active, Not Active
2026/07/17 11:14:59.261, 1192, 877, 176.28, 77, 77, 100, 14342, Not Active, Not Active, Not Active
2026/07/17 11:14:59.312, 1192, 877, 206.65, 77, 77, 100, 14342, Not Active, Not Active, Not Active
2026/07/17 11:14:59.368, 1192, 877, 194.96, 77, 77, 100, 14342, Not Active, Not Active, Not Active
2026/07/17 11:14:59.419, 1192, 877, 205.83, 77, 77, 100, 14342, Not Active, Not Active, Not Active
2026/07/17 11:14:59.471, 1192, 877, 212.72, 77, 77, 100, 14342, Not Active, Not Active, Not Active
2026/07/17 11:14:59.528, 1192, 877, 199.13, 77, 77, 100, 14342, Not Active, Not Active, Not Active
2026/07/17 11:14:59.580, 1192, 877, 211.09, 77, 77, 100, 14342, Not Active, Not Active, Not Active
2026/07/17 11:14:59.632, 1192, 877, 189.82, 77, 77, 100, 14342, Not Active, Not Active, Not Active
2026/07/17 11:14:59.689, 1192, 877, 204.88, 77, 78, 100, 14342, Not Active, Not Active, Not Active
2026/07/17 11:14:59.741, 1192, 877, 209.52, 77, 77, 100, 14342, Not Active, Not Active, Not Active
2026/07/17 11:14:59.793, 1192, 877, 198.92, 77, 77, 100, 14342, Not Active, Not Active, Not Active
2026/07/17 11:14:59.848, 1192, 877, 204.88, 77, 77, 100, 14342, Not Active, Not Active, Not Active
2026/07/17 11:14:59.900, 1192, 877, 192.44, 77, 78, 100, 14342, Not Active, Not Active, Not Active
2026/07/17 11:14:59.952, 1192, 877, 216.36, 77, 77, 100, 14342, Not Active, Not Active, Not Active
2026/07/17 11:15:00.004, 1192, 877, 201.18, 77, 77, 100, 14342, Not Active, Not Active, Not Active
2026/07/17 11:15:00.056, 1192, 877, 210.14, 77, 77, 100, 14342, Not Active, Not Active, Not Active
2026/07/17 11:15:00.110, 1192, 877, 212.39, 77, 77, 100, 14342, Not Active, Not Active, Not Active
2026/07/17 11:15:00.162, 1192, 877, 200.70, 77, 77, 100, 14342, Not Active, Not Active, Not Active
2026/07/17 11:15:00.213, 1192, 877, 208.22, 77, 77, 100, 14342, Not Active, Not Active, Not Active
2026/07/17 11:15:00.271, 1192, 877, 188.86, 77, 78, 100, 14342, Not Active, Not Active, Not Active
2026/07/17 11:15:00.323, 1192, 877, 205.35, 77, 77, 100, 14342, Not Active, Not Active, Not Active
2026/07/17 11:15:00.374, 1192, 877, 216.21, 77, 77, 100, 14342, Not Active, Not Active, Not Active
2026/07/17 11:15:00.431, 1192, 877, 200.36, 77, 78, 100, 14342, Not Active, Not Active, Not Active
2026/07/17 11:15:00.483, 1192, 877, 204.05, 77, 77, 100, 14342, Not Active, Not Active, Not Active
2026/07/17 11:15:00.535, 1192, 877, 196.74, 77, 77, 100, 14342, Not Active, Not Active, Not Active
2026/07/17 11:15:00.591, 1192, 877, 184.55, 77, 77, 100, 14342, Not Active, Not Active, Not Active
2026/07/17 11:15:00.643, 1192, 877, 211.09, 77, 78, 100, 14342, Not Active, Not Active, Not Active
2026/07/17 11:15:00.695, 1192, 877, 215.88, 77, 77, 100, 14342, Not Active, Not Active, Not Active
2026/07/17 11:15:00.752, 1192, 877, 196.05, 77, 77, 100, 14342, Not Active, Not Active, Not Active
2026/07/17 11:15:00.805, 1192, 877, 208.08, 77, 78, 100, 14342, Not Active, Not Active, Not Active
2026/07/17 11:15:00.856, 1192, 877, 212.39, 77, 77, 100, 14342, Not Active, Not Active, Not Active
2026/07/17 11:15:00.913, 1192, 877, 195.92, 77, 77, 100, 14342, Not Active, Not Active, Not Active
2026/07/17 11:15:00.965, 1192, 877, 207.74, 77, 77, 100, 14342, Not Active, Not Active, Not Active
2026/07/17 11:15:01.017, 1192, 877, 205.35, 77, 77, 100, 14342, Not Active, Not Active, Not Active
2026/07/17 11:15:01.073, 1192, 877, 200.23, 77, 77, 100, 14342, Not Active, Not Active, Not Active
2026/07/17 11:15:01.125, 1192, 877, 209.86, 77, 77, 100, 14342, Not Active, Not Active, Not Active
2026/07/17 11:15:01.177, 1192, 877, 199.27, 77, 77, 100, 14342, Not Active, Not Active, Not Active
2026/07/17 11:15:01.229, 1192, 877, 183.24, 77, 77, 100, 14342, Not Active, Not Active, Not Active
2026/07/17 11:15:01.281, 1192, 877, 207.40, 77, 77, 100, 14342, Not Active, Not Active, Not Active
2026/07/17 11:15:01.334, 1192, 877, 207.88, 77, 77, 100, 14342, Not Active, Not Active, Not Active
2026/07/17 11:15:01.386, 1192, 877, 200.23, 77, 77, 100, 14342, Not Active, Not Active, Not Active
2026/07/17 11:15:01.438, 1192, 877, 202.48, 77, 77, 100, 14342, Not Active, Not Active, Not Active
2026/07/17 11:15:01.490, 1192, 877, 210.62, 77, 77, 100, 14342, Not Active, Not Active, Not Active
2026/07/17 11:15:01.541, 1192, 877, 201.18, 77, 77, 100, 14342, Not Active, Not Active, Not Active
2026/07/17 11:15:01.596, 1192, 877, 198.31, 77, 78, 100, 14342, Not Active, Not Active, Not Active
2026/07/17 11:15:01.648, 1192, 877, 208.70, 77, 77, 100, 14342, Not Active, Not Active, Not Active
2026/07/17 11:15:01.700, 1192, 877, 184.32, 77, 77, 100, 14342, Not Active, Not Active, Not Active
2026/07/17 11:15:01.756, 1192, 877, 199.48, 77, 78, 100, 14342, Not Active, Not Active, Not Active
2026/07/17 11:15:01.809, 1192, 877, 182.88, 77, 78, 100, 14342, Not Active, Not Active, Not Active
2026/07/17 11:15:01.860, 1192, 877, 211.29, 77, 77, 100, 14342, Not Active, Not Active, Not Active
2026/07/17 11:15:01.918, 1192, 877, 197.01, 77, 78, 100, 14342, Not Active, Not Active, Not Active
2026/07/17 11:15:01.970, 1192, 877, 207.27, 77, 78, 100, 14342, Not Active, Not Active, Not Active
2026/07/17 11:15:02.021, 1192, 877, 215.40, 77, 78, 100, 14342, Not Active, Not Active, Not Active
2026/07/17 11:15:02.078, 1192, 877, 199.75, 77, 78, 100, 14342, Not Active, Not Active, Not Active
2026/07/17 11:15:02.130, 1192, 877, 207.07, 77, 77, 100, 14342, Not Active, Not Active, Not Active
2026/07/17 11:15:02.182, 1192, 877, 209.32, 77, 78, 100, 14342, Not Active, Not Active, Not Active
2026/07/17 11:15:02.239, 1192, 877, 199.88, 77, 78, 100, 14342, Not Active, Not Active, Not Active
2026/07/17 11:15:02.291, 1192, 877, 206.65, 77, 77, 100, 14342, Not Active, Not Active, Not Active
2026/07/17 11:15:02.342, 1192, 877, 200.70, 77, 78, 100, 14342, Not Active, Not Active, Not Active
2026/07/17 11:15:02.400, 1192, 877, 198.31, 77, 78, 100, 14342, Not Active, Not Active, Not Active
2026/07/17 11:15:02.451, 1192, 877, 170.04, 77, 78, 100, 14342, Not Active, Not Active, Not Active
2026/07/17 11:15:02.503, 1192, 877, 211.43, 77, 77, 100, 14342, Not Active, Not Active, Not Active
2026/07/17 11:15:02.560, 1192, 877, 183.11, 77, 78, 100, 14342, Not Active, Not Active, Not Active
2026/07/17 11:15:02.613, 1192, 877, 208.70, 77, 78, 100, 14342, Not Active, Not Active, Not Active
2026/07/17 11:15:02.665, 1192, 877, 212.05, 77, 78, 100, 14342, Not Active, Not Active, Not Active
2026/07/17 11:15:02.721, 1192, 877, 187.42, 77, 78, 100, 14342, Not Active, Not Active, Not Active
2026/07/17 11:15:02.773, 1192, 877, 208.36, 77, 77, 100, 14342, Not Active, Not Active, Not Active
2026/07/17 11:15:02.825, 1192, 877, 210.95, 77, 78, 100, 14342, Not Active, Not Active, Not Active
2026/07/17 11:15:02.882, 1192, 877, 188.99, 77, 78, 100, 14342, Not Active, Not Active, Not Active
2026/07/17 11:15:02.934, 1192, 877, 202.00, 77, 77, 100, 14342, Not Active, Not Active, Not Active
2026/07/17 11:15:02.985, 1192, 877, 209.38, 77, 78, 100, 14342, Not Active, Not Active, Not Active
2026/07/17 11:15:03.042, 1192, 877, 188.03, 77, 78, 100, 14342, Not Active, Not Active, Not Active
2026/07/17 11:15:03.094, 1192, 877, 132.38, 77, 78, 100, 14342, Not Active, Not Active, Not Active
2026/07/17 11:15:03.146, 1192, 877, 211.57, 77, 78, 100, 14342, Not Active, Not Active, Not Active
2026/07/17 11:15:03.202, 1192, 877, 214.78, 77, 78, 100, 14342, Not Active, Not Active, Not Active
2026/07/17 11:15:03.254, 1192, 877, 197.48, 77, 78, 100, 14342, Not Active, Not Active, Not Active
2026/07/17 11:15:03.306, 1192, 877, 209.04, 77, 77, 100, 14342, Not Active, Not Active, Not Active
2026/07/17 11:15:03.363, 1192, 877, 217.65, 77, 78, 100, 14342, Not Active, Not Active, Not Active
2026/07/17 11:15:03.416, 1192, 877, 195.70, 77, 78, 100, 14342, Not Active, Not Active, Not Active
2026/07/17 11:15:03.468, 1192, 877, 209.32, 77, 77, 100, 14342, Not Active, Not Active, Not Active
2026/07/17 11:15:03.524, 1192, 877, 214.59, 77, 77, 100, 14342, Not Active, Not Active, Not Active
2026/07/17 11:15:03.576, 1192, 877, 195.09, 77, 78, 100, 14342, Not Active, Not Active, Not Active
2026/07/17 11:15:03.628, 1192, 877, 205.83, 77, 77, 100, 14342, Not Active, Not Active, Not Active
2026/07/17 11:15:03.684, 1192, 877, 213.68, 77, 78, 100, 14342, Not Active, Not Active, Not Active
2026/07/17 11:15:03.736, 1192, 877, 180.36, 77, 78, 100, 14342, Not Active, Not Active, Not Active
2026/07/17 11:15:03.788, 1192, 877, 191.96, 77, 78, 100, 14342, Not Active, Not Active, Not Active
2026/07/17 11:15:03.844, 1192, 877, 207.13, 77, 78, 100, 14342, Not Active, Not Active, Not Active
2026/07/17 11:15:03.896, 1192, 877, 212.53, 77, 78, 100, 14342, Not Active, Not Active, Not Active
2026/07/17 11:15:03.947, 1192, 877, 184.91, 77, 78, 100, 14342, Not Active, Not Active, Not Active
2026/07/17 11:15:04.000, 1192, 877, 200.91, 77, 77, 100, 14342, Not Active, Not Active, Not Active
2026/07/17 11:15:04.051, 1192, 877, 208.56, 77, 78, 100, 14342, Not Active, Not Active, Not Active
2026/07/17 11:15:04.106, 1192, 877, 197.48, 77, 78, 100, 14342, Not Active, Not Active, Not Active
2026/07/17 11:15:04.158, 1192, 877, 197.83, 77, 78, 100, 14342, Not Active, Not Active, Not Active
2026/07/17 11:15:04.210, 1192, 877, 210.95, 77, 78, 100, 14342, Not Active, Not Active, Not Active
2026/07/17 11:15:04.266, 1192, 877, 199.27, 77, 78, 100, 14342, Not Active, Not Active, Not Active
2026/07/17 11:15:04.320, 1192, 877, 195.92, 77, 78, 100, 14342, Not Active, Not Active, Not Active
2026/07/17 11:15:04.371, 1192, 877, 207.74, 77, 77, 100, 14342, Not Active, Not Active, Not Active
2026/07/17 11:15:04.427, 1192, 877, 197.35, 77, 77, 100, 14342, Not Active, Not Active, Not Active
2026/07/17 11:15:04.479, 1192, 877, 199.40, 77, 78, 100, 14342, Not Active, Not Active, Not Active
2026/07/17 11:15:04.531, 1192, 877, 199.00, 77, 77, 100, 14342, Not Active, Not Active, Not Active
2026/07/17 11:15:04.587, 1192, 877, 208.84, 77, 77, 100, 14342, Not Active, Not Active, Not Active
2026/07/17 11:15:04.639, 1192, 877, 216.07, 78, 78, 100, 14342, Not Active, Not Active, Not Active
2026/07/17 11:15:04.691, 1192, 877, 188.61, 77, 78, 100, 14342, Not Active, Not Active, Not Active
2026/07/17 11:15:04.743, 1192, 877, 204.88, 77, 77, 100, 14342, Not Active, Not Active, Not Active
2026/07/17 11:15:04.795, 1192, 877, 211.43, 77, 78, 100, 14342, Not Active, Not Active, Not Active
2026/07/17 11:15:04.849, 1192, 877, 186.71, 77, 78, 100, 14342, Not Active, Not Active, Not Active
2026/07/17 11:15:04.901, 1192, 877, 197.96, 77, 78, 100, 14342, Not Active, Not Active, Not Active
2026/07/17 11:15:04.953, 1192, 877, 210.48, 77, 78, 100, 14342, Not Active, Not Active, Not Active
2026/07/17 11:15:05.010, 1192, 877, 202.62, 78, 78, 100, 14342, Not Active, Not Active, Not Active
2026/07/17 11:15:05.062, 1192, 877, 195.31, 77, 78, 100, 14342, Not Active, Not Active, Not Active
2026/07/17 11:15:05.114, 1192, 877, 200.23, 77, 78, 100, 14342, Not Active, Not Active, Not Active
2026/07/17 11:15:05.169, 1192, 877, 211.09, 77, 78, 100, 14342, Not Active, Not Active, Not Active
2026/07/17 11:15:05.221, 1192, 877, 217.50, 77, 78, 100, 14342, Not Active, Not Active, Not Active
2026/07/17 11:15:05.273, 1192, 877, 188.03, 78, 78, 100, 14342, Not Active, Not Active, Not Active
2026/07/17 11:15:05.325, 1192, 877, 201.39, 78, 78, 100, 14342, Not Active, Not Active, Not Active
2026/07/17 11:15:05.377, 1192, 877, 208.36, 77, 78, 100, 14342, Not Active, Not Active, Not Active
2026/07/17 11:15:05.432, 1192, 877, 196.26, 78, 78, 100, 14342, Not Active, Not Active, Not Active
2026/07/17 11:15:05.484, 1192, 877, 198.57, 77, 78, 100, 14342, Not Active, Not Active, Not Active
2026/07/17 11:15:05.535, 1192, 877, 209.18, 78, 78, 100, 14342, Not Active, Not Active, Not Active
2026/07/17 11:15:05.592, 1192, 877, 217.17, 78, 78, 100, 14342, Not Active, Not Active, Not Active
2026/07/17 11:15:05.644, 1192, 877, 188.99, 78, 78, 100, 14342, Not Active, Not Active, Not Active
2026/07/17 11:15:05.695, 1192, 877, 204.74, 78, 77, 100, 14342, Not Active, Not Active, Not Active
2026/07/17 11:15:05.752, 1192, 877, 189.34, 77, 78, 100, 14342, Not Active, Not Active, Not Active
2026/07/17 11:15:05.804, 1192, 877, 214.78, 77, 78, 100, 14342, Not Active, Not Active, Not Active
2026/07/17 11:15:05.856, 1192, 877, 190.04, 78, 78, 100, 14342, Not Active, Not Active, Not Active
2026/07/17 11:15:05.912, 1192, 877, 202.35, 78, 77, 100, 14342, Not Active, Not Active, Not Active
2026/07/17 11:15:05.964, 1192, 877, 212.19, 78, 78, 100, 14342, Not Active, Not Active, Not Active
2026/07/17 11:15:06.016, 1192, 877, 205.49, 78, 78, 100, 14342, Not Active, Not Active, Not Active
2026/07/17 11:15:06.068, 1192, 877, 194.13, 78, 78, 100, 14342, Not Active, Not Active, Not Active
2026/07/17 11:15:06.120, 1192, 877, 206.45, 78, 78, 100, 14342, Not Active, Not Active, Not Active
2026/07/17 11:15:06.174, 1192, 877, 216.36, 78, 78, 100, 14342, Not Active, Not Active, Not Active
2026/07/17 11:15:06.226, 1192, 877, 185.15, 78, 78, 100, 14342, Not Active, Not Active, Not Active
2026/07/17 11:15:06.278, 1192, 877, 202.00, 78, 77, 100, 14342, Not Active, Not Active, Not Active
2026/07/17 11:15:06.334, 1192, 877, 207.74, 78, 78, 100, 14342, Not Active, Not Active, Not Active
2026/07/17 11:15:06.386, 1192, 877, 214.92, 78, 78, 100, 14342, Not Active, Not Active, Not Active
2026/07/17 11:15:06.438, 1192, 877, 198.31, 78, 78, 100, 14342, Not Active, Not Active, Not Active
2026/07/17 11:15:06.490, 1192, 877, 193.17, 78, 78, 100, 14342, Not Active, Not Active, Not Active
2026/07/17 11:15:06.542, 1192, 877, 204.26, 78, 77, 100, 14342, Not Active, Not Active, Not Active
2026/07/17 11:15:06.596, 1192, 877, 206.79, 78, 78, 100, 14342, Not Active, Not Active, Not Active
2026/07/17 11:15:06.648, 1192, 877, 197.48, 78, 78, 100, 14342, Not Active, Not Active, Not Active
2026/07/17 11:15:06.699, 1192, 877, 202.62, 78, 78, 100, 14342, Not Active, Not Active, Not Active
2026/07/17 11:15:06.756, 1192, 877, 209.52, 78, 78, 100, 14342, Not Active, Not Active, Not Active
2026/07/17 11:15:06.807, 1192, 877, 213.82, 78, 78, 100, 14342, Not Active, Not Active, Not Active
2026/07/17 11:15:06.859, 1192, 877, 176.04, 78, 78, 100, 14342, Not Active, Not Active, Not Active
2026/07/17 11:15:06.911, 1192, 877, 197.70, 78, 78, 100, 14342, Not Active, Not Active, Not Active
2026/07/17 11:15:06.963, 1192, 877, 214.11, 78, 78, 100, 14342, Not Active, Not Active, Not Active
2026/07/17 11:15:07.018, 1192, 877, 212.87, 78, 78, 100, 14342, Not Active, Not Active, Not Active
2026/07/17 11:15:07.070, 1192, 877, 183.71, 78, 78, 100, 14342, Not Active, Not Active, Not Active
2026/07/17 11:15:07.121, 1192, 877, 186.59, 78, 78, 100, 14342, Not Active, Not Active, Not Active
2026/07/17 11:15:07.177, 1192, 877, 203.10, 78, 78, 100, 14342, Not Active, Not Active, Not Active
2026/07/17 11:15:07.230, 1192, 877, 210.62, 78, 78, 100, 14342, Not Active, Not Active, Not Active
2026/07/17 11:15:07.282, 1192, 877, 178.80, 78, 78, 100, 14342, Not Active, Not Active, Not Active
2026/07/17 11:15:07.339, 1192, 877, 204.67, 78, 77, 100, 14342, Not Active, Not Active, Not Active
2026/07/17 11:15:07.391, 1192, 877, 205.69, 78, 77, 100, 14342, Not Active, Not Active, Not Active
2026/07/17 11:15:07.442, 1192, 877, 199.75, 78, 78, 100, 14342, Not Active, Not Active, Not Active
2026/07/17 11:15:07.500, 1192, 877, 191.13, 78, 78, 100, 14342, Not Active, Not Active, Not Active
2026/07/17 11:15:07.552, 1192, 877, 203.10, 78, 78, 100, 14342, Not Active, Not Active, Not Active
2026/07/17 11:15:07.603, 1192, 877, 214.44, 78, 78, 100, 14342, Not Active, Not Active, Not Active
2026/07/17 11:15:07.661, 1192, 877, 176.16, 78, 78, 100, 14342, Not Active, Not Active, Not Active
2026/07/17 11:15:07.712, 1192, 877, 194.00, 78, 78, 100, 14342, Not Active, Not Active, Not Active
2026/07/17 11:15:07.764, 1192, 877, 145.18, 78, 78, 100, 14342, Not Active, Not Active, Not Active
2026/07/17 11:15:07.818, 1192, 877, 206.31, 78, 77, 100, 14342, Not Active, Not Active, Not Active
2026/07/17 11:15:07.869, 1192, 877, 216.36, 78, 78, 100, 14342, Not Active, Not Active, Not Active
2026/07/17 11:15:07.922, 1192, 877, 186.24, 78, 78, 100, 14342, Not Active, Not Active, Not Active
2026/07/17 11:15:07.974, 1192, 877, 195.70, 78, 78, 100, 14342, Not Active, Not Active, Not Active
2026/07/17 11:15:08.026, 1192, 877, 214.44, 78, 77, 100, 14342, Not Active, Not Active, Not Active
2026/07/17 11:15:08.082, 1192, 877, 214.44, 78, 78, 100, 14342, Not Active, Not Active, Not Active
2026/07/17 11:15:08.134, 1192, 877, 176.64, 78, 78, 100, 14342, Not Active, Not Active, Not Active
2026/07/17 11:15:08.185, 1192, 877, 199.61, 78, 78, 100, 14342, Not Active, Not Active, Not Active
2026/07/17 11:15:08.242, 1192, 877, 207.13, 78, 78, 100, 14342, Not Active, Not Active, Not Active
2026/07/17 11:15:08.294, 1192, 877, 214.92, 78, 78, 100, 14342, Not Active, Not Active, Not Active
2026/07/17 11:15:08.345, 1192, 877, 174.72, 78, 78, 100, 14342, Not Active, Not Active, Not Active
2026/07/17 11:15:08.398, 1192, 877, 195.44, 78, 78, 100, 14342, Not Active, Not Active, Not Active
2026/07/17 11:15:08.449, 1192, 877, 153.14, 77, 78, 100, 14342, Not Active, Not Active, Not Active
2026/07/17 11:15:08.501, 1192, 877, 209.66, 78, 77, 100, 14342, Not Active, Not Active, Not Active
2026/07/17 11:15:08.553, 1192, 877, 208.90, 78, 78, 100, 14342, Not Active, Not Active, Not Active
2026/07/17 11:15:08.604, 1192, 877, 192.34, 78, 78, 100, 14342, Not Active, Not Active, Not Active
2026/07/17 11:15:08.656, 1192, 877, 191.26, 78, 78, 100, 14342, Not Active, Not Active, Not Active
2026/07/17 11:15:08.708, 1192, 877, 210.14, 78, 78, 100, 14342, Not Active, Not Active, Not Active
2026/07/17 11:15:08.764, 1192, 877, 208.42, 78, 78, 100, 14342, Not Active, Not Active, Not Active
2026/07/17 11:15:08.816, 1192, 877, 192.57, 78, 79, 100, 14342, Not Active, Not Active, Not Active
2026/07/17 11:15:08.868, 1192, 877, 197.09, 78, 78, 100, 14342, Not Active, Not Active, Not Active
2026/07/17 11:15:08.925, 1192, 877, 212.39, 78, 78, 100, 14342, Not Active, Not Active, Not Active
2026/07/17 11:15:08.977, 1192, 877, 217.79, 78, 78, 100, 14342, Not Active, Not Active, Not Active
2026/07/17 11:15:09.029, 1192, 877, 184.32, 78, 78, 100, 14342, Not Active, Not Active, Not Active
2026/07/17 11:15:09.085, 1192, 877, 199.00, 78, 78, 100, 14342, Not Active, Not Active, Not Active
2026/07/17 11:15:09.137, 1192, 877, 159.85, 77, 77, 100, 14342, Not Active, Not Active, Not Active
2026/07/17 11:15:09.189, 1192, 877, 206.17, 78, 78, 100, 14342, Not Active, Not Active, Not Active
2026/07/17 11:15:09.241, 1192, 877, 212.87, 78, 78, 100, 14342, Not Active, Not Active, Not Active
2026/07/17 11:15:09.293, 1192, 877, 173.17, 78, 78, 100, 14342, Not Active, Not Active, Not Active
2026/07/17 11:15:09.347, 1192, 877, 194.83, 78, 78, 100, 14342, Not Active, Not Active, Not Active
2026/07/17 11:15:09.399, 1192, 877, 202.96, 78, 78, 100, 14342, Not Active, Not Active, Not Active
2026/07/17 11:15:09.451, 1192, 877, 215.73, 78, 78, 100, 14342, Not Active, Not Active, Not Active
2026/07/17 11:15:09.508, 1192, 877, 173.17, 78, 78, 100, 14342, Not Active, Not Active, Not Active
2026/07/17 11:15:09.560, 1192, 877, 195.92, 78, 78, 100, 14342, Not Active, Not Active, Not Active
2026/07/17 11:15:09.612, 1192, 877, 213.49, 78, 78, 100, 14342, Not Active, Not Active, Not Active
2026/07/17 11:15:09.668, 1192, 877, 216.21, 78, 78, 100, 14342, Not Active, Not Active, Not Active
2026/07/17 11:15:09.720, 1192, 877, 172.80, 78, 79, 100, 14342, Not Active, Not Active, Not Active
2026/07/17 11:15:09.772, 1192, 877, 203.44, 78, 79, 100, 14342, Not Active, Not Active, Not Active
2026/07/17 11:15:09.828, 1192, 877, 163.32, 77, 78, 100, 14342, Not Active, Not Active, Not Active
2026/07/17 11:15:09.880, 1192, 877, 211.85, 78, 77, 100, 14342, Not Active, Not Active, Not Active
2026/07/17 11:15:09.932, 1192, 877, 217.65, 78, 78, 100, 14342, Not Active, Not Active, Not Active
2026/07/17 11:15:09.984, 1192, 877, 188.03, 78, 78, 100, 14342, Not Active, Not Active, Not Active
2026/07/17 11:15:10.036, 1192, 877, 190.78, 78, 78, 100, 14342, Not Active, Not Active, Not Active
2026/07/17 11:15:10.089, 1192, 877, 201.18, 78, 78, 100, 14342, Not Active, Not Active, Not Active
2026/07/17 11:15:10.141, 1192, 877, 206.31, 78, 78, 100, 14342, Not Active, Not Active, Not Active
2026/07/17 11:15:10.193, 1192, 877, 212.05, 78, 78, 100, 14342, Not Active, Not Active, Not Active
2026/07/17 11:15:10.245, 1192, 877, 177.00, 78, 78, 100, 14342, Not Active, Not Active, Not Active
2026/07/17 11:15:10.296, 1192, 877, 202.62, 78, 77, 100, 14342, Not Active, Not Active, Not Active
2026/07/17 11:15:10.350, 1192, 877, 210.48, 78, 77, 100, 14342, Not Active, Not Active, Not Active
2026/07/17 11:15:10.402, 1192, 877, 215.26, 78, 78, 100, 14342, Not Active, Not Active, Not Active
2026/07/17 11:15:10.454, 1192, 877, 196.18, 78, 78, 100, 14342, Not Active, Not Active, Not Active
2026/07/17 11:15:10.506, 1192, 877, 185.26, 78, 78, 100, 14342, Not Active, Not Active, Not Active
2026/07/17 11:15:10.557, 1192, 877, 179.52, 78, 78, 100, 14342, Not Active, Not Active, Not Active
2026/07/17 11:15:10.609, 1192, 877, 201.05, 78, 78, 100, 14342, Not Active, Not Active, Not Active
2026/07/17 11:15:10.661, 1192, 877, 205.69, 78, 78, 100, 14342, Not Active, Not Active, Not Active
2026/07/17 11:15:10.713, 1192, 877, 209.52, 78, 78, 100, 14342, Not Active, Not Active, Not Active
2026/07/17 11:15:10.765, 1192, 877, 199.40, 78, 79, 100, 14342, Not Active, Not Active, Not Active
2026/07/17 11:15:10.816, 1192, 877, 192.69, 78, 79, 100, 14342, Not Active, Not Active, Not Active
2026/07/17 11:15:10.872, 1192, 877, 203.92, 78, 78, 100, 14342, Not Active, Not Active, Not Active
2026/07/17 11:15:10.924, 1192, 877, 210.48, 78, 78, 100, 14342, Not Active, Not Active, Not Active
2026/07/17 11:15:10.975, 1192, 877, 214.92, 78, 79, 100, 14342, Not Active, Not Active, Not Active
2026/07/17 11:15:11.027, 1192, 877, 172.92, 78, 79, 100, 14342, Not Active, Not Active, Not Active
2026/07/17 11:15:11.079, 1192, 877, 191.26, 78, 78, 100, 14342, Not Active, Not Active, Not Active
2026/07/17 11:15:11.134, 1192, 877, 206.31, 78, 78, 100, 14342, Not Active, Not Active, Not Active
2026/07/17 11:15:11.185, 1192, 877, 206.31, 78, 78, 100, 14342, Not Active, Not Active, Not Active
2026/07/17 11:15:11.237, 1192, 877, 194.83, 78, 78, 100, 14342, Not Active, Not Active, Not Active
2026/07/17 11:15:11.289, 1192, 877, 204.67, 78, 78, 100, 14342, Not Active, Not Active, Not Active
2026/07/17 11:15:11.341, 1192, 877, 176.76, 78, 78, 100, 14342, Not Active, Not Active, Not Active
2026/07/17 11:15:11.394, 1192, 877, 197.22, 78, 78, 100, 14342, Not Active, Not Active, Not Active
2026/07/17 11:15:11.446, 1192, 877, 203.78, 78, 77, 100, 14342, Not Active, Not Active, Not Active
2026/07/17 11:15:11.498, 1192, 877, 209.18, 78, 78, 100, 14342, Not Active, Not Active, Not Active
2026/07/17 11:15:11.550, 1192, 877, 202.62, 78, 79, 100, 14342, Not Active, Not Active, Not Active
2026/07/17 11:15:11.602, 1192, 877, 180.36, 78, 78, 100, 14342, Not Active, Not Active, Not Active
2026/07/17 11:15:11.655, 1192, 877, 195.31, 78, 78, 100, 14342, Not Active, Not Active, Not Active
2026/07/17 11:15:11.706, 1192, 877, 204.88, 78, 78, 100, 14342, Not Active, Not Active, Not Active
2026/07/17 11:15:11.758, 1192, 877, 210.00, 78, 78, 100, 14342, Not Active, Not Active, Not Active
2026/07/17 11:15:11.810, 1192, 877, 203.58, 78, 79, 100, 14342, Not Active, Not Active, Not Active
2026/07/17 11:15:11.862, 1192, 877, 174.72, 78, 78, 100, 14342, Not Active, Not Active, Not Active
2026/07/17 11:15:11.915, 1192, 877, 137.19, 78, 78, 100, 14342, Not Active, Not Active, Not Active
2026/07/17 11:15:11.967, 1192, 877, 193.65, 78, 77, 100, 14342, Not Active, Not Active, Not Active
2026/07/17 11:15:12.019, 1192, 877, 203.58, 78, 77, 100, 14342, Not Active, Not Active, Not Active
2026/07/17 11:15:12.071, 1192, 877, 207.13, 78, 78, 100, 14342, Not Active, Not Active, Not Active
2026/07/17 11:15:12.123, 1192, 877, 190.78, 78, 79, 100, 14342, Not Active, Not Active, Not Active
2026/07/17 11:15:12.180, 1192, 877, 191.26, 78, 78, 100, 14342, Not Active, Not Active, Not Active
2026/07/17 11:15:12.231, 1192, 877, 199.75, 78, 77, 100, 14342, Not Active, Not Active, Not Active
2026/07/17 11:15:12.283, 1192, 877, 206.65, 78, 78, 100, 14342, Not Active, Not Active, Not Active
2026/07/17 11:15:12.341, 1192, 877, 206.45, 78, 79, 100, 14342, Not Active, Not Active, Not Active
2026/07/17 11:15:12.393, 1192, 877, 169.22, 78, 79, 100, 14342, Not Active, Not Active, Not Active
2026/07/17 11:15:12.444, 1192, 877, 192.69, 78, 78, 100, 14342, Not Active, Not Active, Not Active
2026/07/17 11:15:12.496, 1192, 877, 200.23, 78, 78, 100, 14342, Not Active, Not Active, Not Active
2026/07/17 11:15:12.548, 1192, 877, 207.27, 78, 77, 100, 14342, Not Active, Not Active, Not Active
2026/07/17 11:15:12.600, 1192, 877, 210.48, 78, 79, 100, 14342, Not Active, Not Active, Not Active
2026/07/17 11:15:12.652, 1192, 877, 204.88, 78, 78, 100, 14342, Not Active, Not Active, Not Active
2026/07/17 11:15:12.706, 1192, 877, 172.32, 78, 79, 100, 14342, Not Active, Not Active, Not Active
2026/07/17 11:15:12.758, 1192, 877, 193.43, 78, 78, 100, 14342, Not Active, Not Active, Not Active
2026/07/17 11:15:12.810, 1192, 877, 206.79, 78, 78, 100, 14342, Not Active, Not Active, Not Active
2026/07/17 11:15:12.867, 1192, 877, 206.17, 78, 78, 100, 14342, Not Active, Not Active, Not Active
2026/07/17 11:15:12.919, 1192, 877, 202.96, 78, 78, 100, 14342, Not Active, Not Active, Not Active
2026/07/17 11:15:12.971, 1192, 877, 180.36, 78, 78, 100, 14342, Not Active, Not Active, Not Active
2026/07/17 11:15:13.025, 1192, 877, 198.44, 78, 77, 100, 14342, Not Active, Not Active, Not Active
2026/07/17 11:15:13.077, 1192, 877, 207.40, 78, 78, 100, 14342, Not Active, Not Active, Not Active
2026/07/17 11:15:13.129, 1192, 877, 209.66, 78, 78, 100, 14342, Not Active, Not Active, Not Active
2026/07/17 11:15:13.181, 1192, 877, 208.70, 78, 79, 100, 14342, Not Active, Not Active, Not Active
2026/07/17 11:15:13.232, 1192, 877, 175.68, 78, 78, 100, 14342, Not Active, Not Active, Not Active
2026/07/17 11:15:13.287, 1192, 877, 197.35, 78, 79, 100, 14342, Not Active, Not Active, Not Active
2026/07/17 11:15:13.339, 1192, 877, 125.82, 78, 79, 100, 14342, Not Active, Not Active, Not Active
2026/07/17 11:15:13.391, 1192, 877, 202.62, 78, 78, 100, 14342, Not Active, Not Active, Not Active
2026/07/17 11:15:13.443, 1192, 877, 206.17, 78, 78, 100, 14342, Not Active, Not Active, Not Active
2026/07/17 11:15:13.495, 1192, 877, 215.73, 78, 78, 100, 14342, Not Active, Not Active, Not Active
2026/07/17 11:15:13.550, 1192, 877, 175.80, 78, 79, 100, 14342, Not Active, Not Active, Not Active
2026/07/17 11:15:13.602, 1192, 877, 185.03, 78, 79, 100, 14342, Not Active, Not Active, Not Active
2026/07/17 11:15:13.654, 1192, 877, 200.09, 78, 78, 100, 14342, Not Active, Not Active, Not Active
2026/07/17 11:15:13.710, 1192, 877, 209.52, 78, 78, 100, 14342, Not Active, Not Active, Not Active
2026/07/17 11:15:13.762, 1192, 877, 217.17, 78, 78, 100, 14342, Not Active, Not Active, Not Active
2026/07/17 11:15:13.813, 1192, 877, 169.19, 78, 79, 100, 14342, Not Active, Not Active, Not Active
2026/07/17 11:15:13.870, 1192, 877, 191.86, 78, 79, 100, 14342, Not Active, Not Active, Not Active
2026/07/17 11:15:13.921, 1192, 877, 199.61, 78, 78, 100, 14342, Not Active, Not Active, Not Active
2026/07/17 11:15:13.973, 1192, 877, 209.18, 78, 78, 100, 14342, Not Active, Not Active, Not Active
2026/07/17 11:15:14.025, 1192, 877, 210.14, 78, 79, 100, 14342, Not Active, Not Active, Not Active
2026/07/17 11:15:14.077, 1192, 877, 204.40, 78, 78, 100, 14342, Not Active, Not Active, Not Active
2026/07/17 11:15:14.132, 1192, 877, 189.95, 78, 78, 100, 14342, Not Active, Not Active, Not Active
2026/07/17 11:15:14.183, 1192, 877, 180.84, 78, 78, 100, 14342, Not Active, Not Active, Not Active
2026/07/17 11:15:14.235, 1192, 877, 193.87, 78, 78, 100, 14342, Not Active, Not Active, Not Active
2026/07/17 11:15:14.287, 1192, 877, 200.57, 78, 77, 100, 14342, Not Active, Not Active, Not Active
2026/07/17 11:15:14.339, 1192, 877, 210.00, 78, 78, 100, 14342, Not Active, Not Active, Not Active
2026/07/17 11:15:14.394, 1192, 877, 205.35, 78, 79, 100, 14342, Not Active, Not Active, Not Active
2026/07/17 11:15:14.445, 1192, 877, 166.20, 78, 79, 100, 14342, Not Active, Not Active, Not Active
2026/07/17 11:15:14.497, 1192, 877, 194.48, 78, 79, 100, 14342, Not Active, Not Active, Not Active
2026/07/17 11:15:14.553, 1192, 877, 200.23, 78, 78, 100, 14342, Not Active, Not Active, Not Active
2026/07/17 11:15:14.605, 1192, 877, 206.65, 78, 78, 100, 14342, Not Active, Not Active, Not Active
2026/07/17 11:15:14.656, 1192, 877, 211.09, 78, 79, 100, 14342, Not Active, Not Active, Not Active
2026/07/17 11:15:14.709, 1192, 877, 187.07, 78, 79, 100, 14342, Not Active, Not Active, Not Active
2026/07/17 11:15:14.760, 1192, 877, 183.24, 78, 79, 100, 14342, Not Active, Not Active, Not Active
2026/07/17 11:15:14.813, 1192, 877, 173.76, 78, 78, 100, 14342, Not Active, Not Active, Not Active
2026/07/17 11:15:14.865, 1192, 877, 191.26, 78, 77, 100, 14342, Not Active, Not Active, Not Active
2026/07/17 11:15:14.916, 1192, 877, 205.15, 78, 77, 100, 14342, Not Active, Not Active, Not Active
2026/07/17 11:15:14.968, 1192, 877, 213.49, 78, 78, 100, 14342, Not Active, Not Active, Not Active
2026/07/17 11:15:15.020, 1192, 877, 213.49, 78, 79, 100, 14342, Not Active, Not Active, Not Active
2026/07/17 11:15:15.076, 1192, 877, 176.64, 78, 79, 100, 14342, Not Active, Not Active, Not Active
2026/07/17 11:15:15.128, 1192, 877, 184.91, 78, 79, 100, 14342, Not Active, Not Active, Not Active
2026/07/17 11:15:15.180, 1192, 877, 203.92, 78, 77, 100, 14342, Not Active, Not Active, Not Active
2026/07/17 11:15:15.236, 1192, 877, 210.14, 78, 79, 100, 14342, Not Active, Not Active, Not Active
2026/07/17 11:15:15.288, 1192, 877, 208.90, 78, 78, 100, 14342, Not Active, Not Active, Not Active
2026/07/17 11:15:15.339, 1192, 877, 193.04, 79, 79, 100, 14342, Not Active, Not Active, Not Active
2026/07/17 11:15:15.392, 1192, 877, 170.41, 78, 79, 100, 14342, Not Active, Not Active, Not Active
2026/07/17 11:15:15.443, 1192, 877, 191.86, 79, 78, 100, 14342, Not Active, Not Active, Not Active
2026/07/17 11:15:15.496, 1192, 877, 122.53, 78, 78, 100, 14342, Not Active, Not Active, Not Active
2026/07/17 11:15:15.548, 1192, 877, 196.53, 78, 77, 100, 14342, Not Active, Not Active, Not Active
2026/07/17 11:15:15.600, 1192, 877, 206.17, 78, 78, 100, 14342, Not Active, Not Active, Not Active
2026/07/17 11:15:15.652, 1192, 877, 206.79, 78, 78, 100, 14342, Not Active, Not Active, Not Active
2026/07/17 11:15:15.704, 1192, 877, 191.38, 79, 79, 100, 14342, Not Active, Not Active, Not Active
2026/07/17 11:15:15.760, 1192, 877, 171.73, 78, 79, 100, 14342, Not Active, Not Active, Not Active
2026/07/17 11:15:15.811, 1192, 877, 190.30, 78, 78, 100, 14342, Not Active, Not Active, Not Active
2026/07/17 11:15:15.863, 1192, 877, 200.57, 79, 78, 100, 14342, Not Active, Not Active, Not Active
2026/07/17 11:15:15.919, 1192, 877, 206.65, 78, 78, 100, 14342, Not Active, Not Active, Not Active
2026/07/17 11:15:15.971, 1192, 877, 213.34, 79, 79, 100, 14342, Not Active, Not Active, Not Active
2026/07/17 11:15:16.022, 1192, 877, 163.69, 79, 79, 100, 14342, Not Active, Not Active, Not Active
2026/07/17 11:15:16.079, 1192, 877, 185.03, 78, 79, 100, 14342, Not Active, Not Active, Not Active
2026/07/17 11:15:16.130, 1192, 877, 202.48, 79, 77, 100, 14342, Not Active, Not Active, Not Active
2026/07/17 11:15:16.182, 1192, 877, 210.14, 78, 78, 100, 14342, Not Active, Not Active, Not Active
2026/07/17 11:15:16.234, 1192, 877, 168.23, 78, 78, 100, 14342, Not Active, Not Active, Not Active
2026/07/17 11:15:16.286, 1192, 877, 206.31, 78, 78, 100, 14342, Not Active, Not Active, Not Active
2026/07/17 11:15:16.341, 1192, 877, 213.20, 78, 79, 100, 14342, Not Active, Not Active, Not Active
2026/07/17 11:15:16.392, 1192, 877, 192.69, 78, 79, 100, 14342, Not Active, Not Active, Not Active
2026/07/17 11:15:16.444, 1192, 877, 184.32, 78, 79, 100, 14342, Not Active, Not Active, Not Active
2026/07/17 11:15:16.499, 1192, 877, 192.91, 78, 78, 100, 14342, Not Active, Not Active, Not Active
2026/07/17 11:15:16.551, 1192, 877, 200.70, 79, 77, 100, 14342, Not Active, Not Active, Not Active
2026/07/17 11:15:16.603, 1192, 877, 206.79, 79, 78, 100, 14342, Not Active, Not Active, Not Active
2026/07/17 11:15:16.654, 1192, 877, 209.04, 79, 79, 100, 14342, Not Active, Not Active, Not Active
2026/07/17 11:15:16.706, 1192, 877, 175.68, 79, 79, 100, 14342, Not Active, Not Active, Not Active
2026/07/17 11:15:16.763, 1192, 877, 177.84, 79, 79, 100, 14342, Not Active, Not Active, Not Active
2026/07/17 11:15:16.814, 1192, 877, 196.40, 79, 78, 100, 14342, Not Active, Not Active, Not Active
2026/07/17 11:15:16.866, 1192, 877, 211.71, 78, 78, 100, 14342, Not Active, Not Active, Not Active
2026/07/17 11:15:16.923, 1192, 877, 212.39, 79, 79, 100, 14342, Not Active, Not Active, Not Active
2026/07/17 11:15:16.975, 1192, 877, 193.39, 78, 77, 100, 14342, Not Active, Not Active, Not Active
2026/07/17 11:15:17.026, 1192, 877, 209.52, 78, 78, 100, 14342, Not Active, Not Active, Not Active
2026/07/17 11:15:17.079, 1192, 877, 194.00, 78, 79, 100, 14342, Not Active, Not Active, Not Active
2026/07/17 11:15:17.130, 1192, 877, 163.21, 78, 79, 100, 14342, Not Active, Not Active, Not Active
2026/07/17 11:15:17.183, 1192, 877, 184.43, 79, 79, 100, 14342, Not Active, Not Active, Not Active
2026/07/17 11:15:17.235, 1192, 877, 195.31, 78, 77, 100, 14342, Not Active, Not Active, Not Active
2026/07/17 11:15:17.287, 1192, 877, 205.35, 78, 77, 100, 14342, Not Active, Not Active, Not Active
2026/07/17 11:15:17.338, 1192, 877, 208.70, 79, 78, 100, 14342, Not Active, Not Active, Not Active
2026/07/17 11:15:17.390, 1192, 877, 204.40, 78, 79, 100, 14342, Not Active, Not Active, Not Active
2026/07/17 11:15:17.446, 1192, 877, 167.16, 79, 79, 100, 14342, Not Active, Not Active, Not Active
2026/07/17 11:15:17.498, 1192, 877, 188.15, 79, 79, 100, 14342, Not Active, Not Active, Not Active
2026/07/17 11:15:17.550, 1192, 877, 200.23, 79, 78, 100, 14342, Not Active, Not Active, Not Active
2026/07/17 11:15:17.606, 1192, 877, 207.13, 79, 79, 100, 14342, Not Active, Not Active, Not Active
2026/07/17 11:15:17.658, 1192, 877, 208.22, 79, 79, 100, 14342, Not Active, Not Active, Not Active
2026/07/17 11:15:17.710, 1192, 877, 192.21, 78, 77, 100, 14342, Not Active, Not Active, Not Active
2026/07/17 11:15:17.762, 1192, 877, 216.69, 78, 78, 100, 14342, Not Active, Not Active, Not Active
2026/07/17 11:15:17.814, 1192, 877, 189.82, 79, 78, 100, 14342, Not Active, Not Active, Not Active
2026/07/17 11:15:17.868, 1192, 877, 162.36, 79, 79, 100, 14342, Not Active, Not Active, Not Active
2026/07/17 11:15:17.920, 1192, 877, 183.59, 79, 79, 100, 14342, Not Active, Not Active, Not Active
2026/07/17 11:15:17.972, 1192, 877, 202.14, 79, 78, 100, 14342, Not Active, Not Active, Not Active
2026/07/17 11:15:18.028, 1192, 877, 210.28, 79, 78, 100, 14342, Not Active, Not Active, Not Active
2026/07/17 11:15:18.080, 1192, 877, 214.92, 79, 79, 100, 14342, Not Active, Not Active, Not Active
2026/07/17 11:15:18.131, 1192, 877, 204.88, 79, 79, 100, 14342, Not Active, Not Active, Not Active
2026/07/17 11:15:18.183, 1192, 877, 174.72, 79, 79, 100, 14342, Not Active, Not Active, Not Active
2026/07/17 11:15:18.235, 1192, 877, 175.57, 78, 79, 100, 14342, Not Active, Not Active, Not Active
2026/07/17 11:15:18.287, 1192, 877, 188.38, 79, 79, 100, 14342, Not Active, Not Active, Not Active
2026/07/17 11:15:18.339, 1192, 877, 202.62, 79, 77, 100, 14342, Not Active, Not Active, Not Active
2026/07/17 11:15:18.390, 1192, 877, 205.83, 79, 78, 100, 14342, Not Active, Not Active, Not Active
2026/07/17 11:15:18.442, 1192, 877, 171.96, 79, 77, 100, 14342, Not Active, Not Active, Not Active
2026/07/17 11:15:18.494, 1192, 877, 206.31, 78, 78, 100, 14342, Not Active, Not Active, Not Active
2026/07/17 11:15:18.550, 1192, 877, 214.78, 79, 79, 100, 14342, Not Active, Not Active, Not Active
2026/07/17 11:15:18.602, 1192, 877, 189.47, 79, 79, 100, 14342, Not Active, Not Active, Not Active
2026/07/17 11:15:18.654, 1192, 877, 167.16, 78, 79, 100, 14342, Not Active, Not Active, Not Active
2026/07/17 11:15:18.708, 1192, 877, 187.90, 79, 79, 100, 14342, Not Active, Not Active, Not Active
2026/07/17 11:15:18.759, 1192, 877, 196.74, 78, 78, 100, 14342, Not Active, Not Active, Not Active
2026/07/17 11:15:18.811, 1192, 877, 203.30, 79, 77, 100, 14342, Not Active, Not Active, Not Active
2026/07/17 11:15:18.863, 1192, 877, 205.83, 79, 77, 100, 14342, Not Active, Not Active, Not Active
2026/07/17 11:15:18.915, 1192, 877, 200.70, 79, 78, 100, 14342, Not Active, Not Active, Not Active
2026/07/17 11:15:18.972, 1192, 877, 172.92, 79, 79, 100, 14342, Not Active, Not Active, Not Active
2026/07/17 11:15:19.024, 1192, 877, 176.16, 79, 79, 100, 14342, Not Active, Not Active, Not Active
2026/07/17 11:15:19.075, 1192, 877, 193.87, 79, 78, 100, 14342, Not Active, Not Active, Not Active
2026/07/17 11:15:19.131, 1192, 877, 199.13, 79, 78, 100, 14342, Not Active, Not Active, Not Active
2026/07/17 11:15:19.183, 1192, 877, 158.52, 79, 79, 100, 14342, Not Active, Not Active, Not Active
2026/07/17 11:15:19.235, 1192, 877, 201.53, 78, 78, 100, 14342, Not Active, Not Active, Not Active
2026/07/17 11:15:19.287, 1192, 877, 209.18, 79, 77, 100, 14342, Not Active, Not Active, Not Active
2026/07/17 11:15:19.338, 1192, 877, 216.07, 78, 79, 100, 14342, Not Active, Not Active, Not Active
2026/07/17 11:15:19.394, 1192, 877, 191.26, 79, 79, 100, 14342, Not Active, Not Active, Not Active
2026/07/17 11:15:19.445, 1192, 877, 159.96, 79, 79, 100, 14342, Not Active, Not Active, Not Active
2026/07/17 11:15:19.497, 1192, 877, 187.55, 78, 78, 100, 14342, Not Active, Not Active, Not Active
2026/07/17 11:15:19.552, 1192, 877, 203.44, 79, 78, 100, 14342, Not Active, Not Active, Not Active
2026/07/17 11:15:19.604, 1192, 877, 205.97, 79, 78, 100, 14342, Not Active, Not Active, Not Active
2026/07/17 11:15:19.656, 1192, 877, 206.17, 79, 79, 100, 14342, Not Active, Not Active, Not Active
2026/07/17 11:15:19.707, 1192, 877, 212.67, 79, 79, 100, 14342, Not Active, Not Active, Not Active
2026/07/17 11:15:19.759, 1192, 877, 187.90, 79, 79, 100, 14342, Not Active, Not Active, Not Active
2026/07/17 11:15:19.815, 1192, 877, 165.72, 79, 79, 100, 14342, Not Active, Not Active, Not Active
2026/07/17 11:15:19.867, 1192, 877, 181.92, 79, 79, 100, 14342, Not Active, Not Active, Not Active
2026/07/17 11:15:19.918, 1192, 877, 127.26, 79, 79, 100, 14342, Not Active, Not Active, Not Active
2026/07/17 11:15:19.972, 1192, 877, 182.03, 78, 78, 100, 14342, Not Active, Not Active, Not Active
2026/07/17 11:15:20.024, 1192, 877, 199.75, 79, 78, 100, 14342, Not Active, Not Active, Not Active
2026/07/17 11:15:20.076, 1192, 877, 201.05, 79, 78, 100, 14342, Not Active, Not Active, Not Active
2026/07/17 11:15:20.128, 1192, 877, 212.19, 79, 78, 100, 14342, Not Active, Not Active, Not Active
2026/07/17 11:15:20.179, 1192, 877, 210.76, 79, 79, 100, 14342, Not Active, Not Active, Not Active
2026/07/17 11:15:20.236, 1192, 877, 186.24, 79, 79, 100, 14342, Not Active, Not Active, Not Active
2026/07/17 11:15:20.288, 1192, 877, 161.40, 79, 79, 100, 14342, Not Active, Not Active, Not Active
2026/07/17 11:15:20.340, 1192, 877, 184.91, 79, 78, 100, 14342, Not Active, Not Active, Not Active
2026/07/17 11:15:20.395, 1192, 877, 198.31, 79, 78, 100, 14342, Not Active, Not Active, Not Active
2026/07/17 11:15:20.447, 1192, 877, 203.92, 79, 78, 100, 14342, Not Active, Not Active, Not Active
2026/07/17 11:15:20.499, 1192, 877, 210.28, 79, 79, 100, 14342, Not Active, Not Active, Not Active
2026/07/17 11:15:20.551, 1192, 877, 210.48, 79, 79, 100, 14342, Not Active, Not Active, Not Active
2026/07/17 11:15:20.602, 1192, 877, 187.07, 79, 79, 100, 14342, Not Active, Not Active, Not Active
2026/07/17 11:15:20.658, 1192, 877, 160.44, 79, 79, 100, 14342, Not Active, Not Active, Not Active
2026/07/17 11:15:20.710, 1192, 877, 179.40, 78, 79, 100, 14342, Not Active, Not Active, Not Active
2026/07/17 11:15:20.761, 1192, 877, 160.07, 79, 79, 100, 14342, Not Active, Not Active, Not Active
2026/07/17 11:15:20.815, 1192, 877, 185.99, 78, 79, 100, 14342, Not Active, Not Active, Not Active
2026/07/17 11:15:20.867, 1192, 877, 198.44, 79, 78, 100, 14342, Not Active, Not Active, Not Active
2026/07/17 11:15:20.919, 1192, 877, 198.66, 79, 78, 100, 14342, Not Active, Not Active, Not Active
2026/07/17 11:15:20.971, 1192, 877, 205.83, 79, 78, 100, 14342, Not Active, Not Active, Not Active
2026/07/17 11:15:21.023, 1192, 877, 213.82, 79, 79, 100, 14342, Not Active, Not Active, Not Active
2026/07/17 11:15:21.079, 1192, 877, 198.92, 79, 79, 100, 14342, Not Active, Not Active, Not Active
2026/07/17 11:15:21.131, 1192, 877, 180.00, 79, 79, 100, 14342, Not Active, Not Active, Not Active
2026/07/17 11:15:21.182, 1192, 877, 174.72, 79, 79, 100, 14342, Not Active, Not Active, Not Active
2026/07/17 11:15:21.237, 1192, 877, 187.78, 79, 78, 100, 14342, Not Active, Not Active, Not Active
2026/07/17 11:15:21.289, 1192, 877, 197.70, 79, 78, 100, 14342, Not Active, Not Active, Not Active
2026/07/17 11:15:21.340, 1192, 877, 202.96, 79, 78, 100, 14342, Not Active, Not Active, Not Active
2026/07/17 11:15:21.392, 1192, 877, 205.83, 79, 79, 100, 14342, Not Active, Not Active, Not Active
2026/07/17 11:15:21.444, 1192, 877, 185.51, 78, 77, 100, 14342, Not Active, Not Active, Not Active
2026/07/17 11:15:21.498, 1192, 877, 207.74, 78, 78, 100, 14342, Not Active, Not Active, Not Active
2026/07/17 11:15:21.550, 1192, 877, 216.84, 79, 79, 100, 14342, Not Active, Not Active, Not Active
2026/07/17 11:15:21.602, 1192, 877, 203.44, 79, 79, 100, 14342, Not Active, Not Active, Not Active
2026/07/17 11:15:21.654, 1192, 877, 182.76, 79, 79, 100, 14342, Not Active, Not Active, Not Active
2026/07/17 11:15:21.705, 1192, 877, 159.85, 79, 79, 100, 14342, Not Active, Not Active, Not Active
2026/07/17 11:15:21.759, 1192, 877, 182.28, 79, 79, 100, 14342, Not Active, Not Active, Not Active
2026/07/17 11:15:21.810, 1192, 877, 195.35, 79, 78, 100, 14342, Not Active, Not Active, Not Active
2026/07/17 11:15:21.862, 1192, 877, 200.09, 79, 79, 100, 14342, Not Active, Not Active, Not Active
2026/07/17 11:15:21.914, 1192, 877, 211.85, 79, 79, 100, 14342, Not Active, Not Active, Not Active
2026/07/17 11:15:21.966, 1192, 877, 215.88, 79, 79, 100, 14342, Not Active, Not Active, Not Active
2026/07/17 11:15:22.022, 1192, 877, 203.44, 79, 79, 100, 14342, Not Active, Not Active, Not Active
2026/07/17 11:15:22.074, 1192, 877, 183.71, 79, 79, 100, 14342, Not Active, Not Active, Not Active
2026/07/17 11:15:22.126, 1192, 877, 164.65, 79, 79, 100, 14342, Not Active, Not Active, Not Active
2026/07/17 11:15:22.180, 1192, 877, 185.76, 79, 79, 100, 14342, Not Active, Not Active, Not Active
2026/07/17 11:15:22.232, 1192, 877, 156.22, 79, 79, 100, 14342, Not Active, Not Active, Not Active
2026/07/17 11:15:22.284, 1192, 877, 169.70, 78, 78, 100, 14342, Not Active, Not Active, Not Active
2026/07/17 11:15:22.336, 1192, 877, 185.51, 79, 78, 100, 14342, Not Active, Not Active, Not Active
2026/07/17 11:15:22.387, 1192, 877, 203.23, 79, 77, 100, 14342, Not Active, Not Active, Not Active
2026/07/17 11:15:22.444, 1192, 877, 204.26, 79, 79, 100, 14342, Not Active, Not Active, Not Active
2026/07/17 11:15:22.495, 1192, 877, 208.08, 79, 79, 100, 14342, Not Active, Not Active, Not Active
2026/07/17 11:15:22.547, 1192, 877, 210.48, 79, 79, 100, 14342, Not Active, Not Active, Not Active
2026/07/17 11:15:22.599, 1192, 877, 199.61, 79, 79, 100, 14342, Not Active, Not Active, Not Active
2026/07/17 11:15:22.651, 1192, 877, 177.96, 79, 79, 100, 14342, Not Active, Not Active, Not Active
2026/07/17 11:15:22.705, 1192, 877, 158.41, 79, 79, 100, 14342, Not Active, Not Active, Not Active
2026/07/17 11:15:22.756, 1192, 877, 180.96, 79, 79, 100, 14342, Not Active, Not Active, Not Active
2026/07/17 11:15:22.808, 1192, 877, 200.23, 79, 78, 100, 14342, Not Active, Not Active, Not Active
2026/07/17 11:15:22.864, 1192, 877, 203.58, 79, 78, 100, 14342, Not Active, Not Active, Not Active
2026/07/17 11:15:22.916, 1192, 877, 205.22, 79, 79, 100, 14342, Not Active, Not Active, Not Active
2026/07/17 11:15:22.968, 1192, 877, 170.41, 78, 77, 100, 14342, Not Active, Not Active, Not Active
2026/07/17 11:15:23.020, 1192, 877, 203.92, 78, 79, 100, 14342, Not Active, Not Active, Not Active
2026/07/17 11:15:23.072, 1192, 877, 209.38, 79, 79, 100, 14342, Not Active, Not Active, Not Active
2026/07/17 11:15:23.127, 1192, 877, 207.61, 79, 79, 100, 14342, Not Active, Not Active, Not Active
2026/07/17 11:15:23.179, 1192, 877, 190.30, 79, 79, 100, 14342, Not Active, Not Active, Not Active
2026/07/17 11:15:23.231, 1192, 877, 156.70, 79, 79, 100, 14342, Not Active, Not Active, Not Active
2026/07/17 11:15:23.285, 1192, 877, 172.21, 79, 79, 100, 14342, Not Active, Not Active, Not Active
2026/07/17 11:15:23.337, 1192, 877, 183.11, 79, 78, 100, 14342, Not Active, Not Active, Not Active
2026/07/17 11:15:23.389, 1192, 877, 198.44, 79, 78, 100, 14342, Not Active, Not Active, Not Active
2026/07/17 11:15:23.441, 1192, 877, 200.09, 79, 78, 100, 14342, Not Active, Not Active, Not Active
2026/07/17 11:15:23.493, 1192, 877, 205.01, 79, 77, 100, 14342, Not Active, Not Active, Not Active
2026/07/17 11:15:23.548, 1192, 877, 216.84, 79, 79, 100, 14342, Not Active, Not Active, Not Active
2026/07/17 11:15:23.600, 1192, 877, 207.74, 79, 79, 100, 14342, Not Active, Not Active, Not Active
2026/07/17 11:15:23.652, 1192, 877, 175.20, 79, 79, 100, 14342, Not Active, Not Active, Not Active
2026/07/17 11:15:23.708, 1192, 877, 162.36, 79, 79, 100, 14342, Not Active, Not Active, Not Active
2026/07/17 11:15:23.759, 1192, 877, 180.48, 79, 78, 100, 14342, Not Active, Not Active, Not Active
2026/07/17 11:15:23.811, 1192, 877, 165.24, 79, 79, 100, 14342, Not Active, Not Active, Not Active
2026/07/17 11:15:23.863, 1192, 877, 174.72, 79, 79, 100, 14342, Not Active, Not Active, Not Active
2026/07/17 11:15:23.915, 1192, 877, 182.63, 79, 79, 100, 14342, Not Active, Not Active, Not Active
2026/07/17 11:15:23.967, 1192, 877, 196.87, 79, 77, 100, 14342, Not Active, Not Active, Not Active
2026/07/17 11:15:24.019, 1192, 877, 197.09, 79, 78, 100, 14342, Not Active, Not Active, Not Active
2026/07/17 11:15:24.071, 1192, 877, 206.79, 79, 78, 100, 14342, Not Active, Not Active, Not Active
2026/07/17 11:15:24.123, 1192, 877, 208.22, 79, 78, 100, 14342, Not Active, Not Active, Not Active
2026/07/17 11:15:24.174, 1192, 877, 214.30, 79, 79, 100, 14342, Not Active, Not Active, Not Active
2026/07/17 11:15:24.231, 1192, 877, 197.35, 79, 79, 100, 14342, Not Active, Not Active, Not Active
2026/07/17 11:15:24.282, 1192, 877, 183.24, 79, 79, 100, 14342, Not Active, Not Active, Not Active
2026/07/17 11:15:24.334, 1192, 877, 157.56, 79, 79, 100, 14342, Not Active, Not Active, Not Active
2026/07/17 11:15:24.388, 1192, 877, 180.84, 79, 79, 100, 14342, Not Active, Not Active, Not Active
2026/07/17 11:15:24.439, 1192, 877, 186.59, 79, 78, 100, 14342, Not Active, Not Active, Not Active
2026/07/17 11:15:24.491, 1192, 877, 117.63, 79, 78, 100, 14342, Not Active, Not Active, Not Active
2026/07/17 11:15:24.543, 1192, 877, 179.04, 79, 78, 100, 14342, Not Active, Not Active, Not Active
2026/07/17 11:15:24.595, 1192, 877, 197.96, 79, 77, 100, 14342, Not Active, Not Active, Not Active
2026/07/17 11:15:24.651, 1192, 877, 201.66, 79, 77, 100, 14342, Not Active, Not Active, Not Active
2026/07/17 11:15:24.703, 1192, 877, 204.88, 79, 79, 100, 14342, Not Active, Not Active, Not Active
2026/07/17 11:15:24.754, 1192, 877, 205.83, 79, 79, 100, 14342, Not Active, Not Active, Not Active
2026/07/17 11:15:24.807, 1192, 877, 208.56, 79, 79, 100, 14342, Not Active, Not Active, Not Active
2026/07/17 11:15:24.858, 1192, 877, 200.23, 79, 79, 100, 14342, Not Active, Not Active, Not Active
2026/07/17 11:15:24.913, 1192, 877, 185.15, 79, 79, 100, 14342, Not Active, Not Active, Not Active
2026/07/17 11:15:24.965, 1192, 877, 163.43, 79, 79, 100, 14342, Not Active, Not Active, Not Active
2026/07/17 11:15:25.016, 1192, 877, 175.80, 79, 79, 100, 14342, Not Active, Not Active, Not Active
2026/07/17 11:15:25.070, 1192, 877, 184.55, 79, 79, 100, 14342, Not Active, Not Active, Not Active
2026/07/17 11:15:25.122, 1192, 877, 193.65, 79, 78, 100, 14342, Not Active, Not Active, Not Active
2026/07/17 11:15:25.174, 1192, 877, 195.92, 79, 78, 100, 14342, Not Active, Not Active, Not Active
2026/07/17 11:15:25.226, 1192, 877, 205.01, 79, 78, 100, 14342, Not Active, Not Active, Not Active
2026/07/17 11:15:25.277, 1192, 877, 143.54, 78, 78, 100, 14342, Not Active, Not Active, Not Active
2026/07/17 11:15:25.331, 1192, 877, 198.92, 79, 77, 100, 14342, Not Active, Not Active, Not Active
2026/07/17 11:15:25.382, 1192, 877, 201.66, 79, 78, 100, 14342, Not Active, Not Active, Not Active
2026/07/17 11:15:25.434, 1192, 877, 208.22, 79, 78, 100, 14342, Not Active, Not Active, Not Active
2026/07/17 11:15:25.486, 1192, 877, 209.66, 79, 79, 100, 14342, Not Active, Not Active, Not Active
2026/07/17 11:15:25.537, 1192, 877, 210.76, 79, 79, 100, 14342, Not Active, Not Active, Not Active
2026/07/17 11:15:25.595, 1192, 877, 191.74, 79, 79, 100, 14342, Not Active, Not Active, Not Active
2026/07/17 11:15:25.647, 1192, 877, 177.96, 79, 79, 100, 14342, Not Active, Not Active, Not Active
2026/07/17 11:15:25.699, 1192, 877, 151.90, 79, 79, 100, 14342, Not Active, Not Active, Not Active
2026/07/17 11:15:25.752, 1192, 877, 173.17, 79, 79, 100, 14342, Not Active, Not Active, Not Active
2026/07/17 11:15:25.804, 1192, 877, 182.99, 79, 79, 100, 14342, Not Active, Not Active, Not Active
2026/07/17 11:15:25.856, 1192, 877, 199.88, 79, 79, 100, 14342, Not Active, Not Active, Not Active
2026/07/17 11:15:25.908, 1192, 877, 199.75, 79, 78, 100, 14342, Not Active, Not Active, Not Active
2026/07/17 11:15:25.959, 1192, 877, 205.35, 79, 79, 100, 14342, Not Active, Not Active, Not Active
2026/07/17 11:15:26.016, 1192, 877, 207.13, 79, 79, 100, 14342, Not Active, Not Active, Not Active
2026/07/17 11:15:26.068, 1192, 877, 175.57, 78, 77, 100, 14342, Not Active, Not Active, Not Active
2026/07/17 11:15:26.120, 1192, 877, 208.56, 79, 79, 100, 14342, Not Active, Not Active, Not Active
2026/07/17 11:15:26.177, 1192, 877, 211.09, 79, 79, 100, 14342, Not Active, Not Active, Not Active
2026/07/17 11:15:26.228, 1192, 877, 208.70, 79, 79, 100, 14342, Not Active, Not Active, Not Active
2026/07/17 11:15:26.280, 1192, 877, 180.36, 79, 79, 100, 14342, Not Active, Not Active, Not Active
2026/07/17 11:15:26.336, 1192, 877, 155.74, 79, 79, 100, 14342, Not Active, Not Active, Not Active
2026/07/17 11:15:26.388, 1192, 877, 167.90, 79, 79, 100, 14342, Not Active, Not Active, Not Active
2026/07/17 11:15:26.440, 1192, 877, 185.15, 79, 79, 100, 14342, Not Active, Not Active, Not Active
2026/07/17 11:15:26.496, 1192, 877, 201.18, 79, 79, 100, 14342, Not Active, Not Active, Not Active
2026/07/17 11:15:26.548, 1192, 877, 198.31, 79, 78, 100, 14342, Not Active, Not Active, Not Active
2026/07/17 11:15:26.599, 1192, 877, 208.70, 79, 79, 100, 14342, Not Active, Not Active, Not Active
2026/07/17 11:15:26.651, 1192, 877, 208.56, 79, 79, 100, 14342, Not Active, Not Active, Not Active
2026/07/17 11:15:26.704, 1192, 877, 210.14, 79, 79, 100, 14342, Not Active, Not Active, Not Active
2026/07/17 11:15:26.759, 1192, 877, 203.10, 79, 79, 100, 14342, Not Active, Not Active, Not Active
2026/07/17 11:15:26.811, 1192, 877, 188.38, 79, 79, 100, 14342, Not Active, Not Active, Not Active
2026/07/17 11:15:26.862, 1192, 877, 204.19, 79, 78, 100, 14342, Not Active, Not Active, Not Active
2026/07/17 11:15:26.919, 1192, 877, 192.21, 79, 79, 100, 14342, Not Active, Not Active, Not Active
2026/07/17 11:15:26.971, 1192, 877, 184.19, 79, 79, 100, 14342, Not Active, Not Active, Not Active
2026/07/17 11:15:27.023, 1192, 877, 152.38, 79, 79, 100, 14342, Not Active, Not Active, Not Active
2026/07/17 11:15:27.077, 1192, 877, 166.94, 79, 79, 100, 14342, Not Active, Not Active, Not Active
2026/07/17 11:15:27.129, 1192, 877, 176.89, 79, 79, 100, 14342, Not Active, Not Active, Not Active
2026/07/17 11:15:27.181, 1192, 877, 184.55, 79, 79, 100, 14342, Not Active, Not Active, Not Active
2026/07/17 11:15:27.232, 1192, 877, 192.91, 79, 78, 100, 14342, Not Active, Not Active, Not Active
2026/07/17 11:15:27.284, 1192, 877, 205.69, 79, 78, 100, 14342, Not Active, Not Active, Not Active
2026/07/17 11:15:27.341, 1192, 877, 207.27, 79, 79, 100, 14342, Not Active, Not Active, Not Active
2026/07/17 11:15:27.393, 1192, 877, 209.04, 79, 79, 100, 14342, Not Active, Not Active, Not Active
2026/07/17 11:15:27.444, 1192, 877, 202.96, 79, 79, 100, 14342, Not Active, Not Active, Not Active
2026/07/17 11:15:27.502, 1192, 877, 186.59, 79, 79, 100, 14342, Not Active, Not Active, Not Active
2026/07/17 11:15:27.554, 1192, 877, 178.56, 79, 79, 100, 14342, Not Active, Not Active, Not Active
2026/07/17 11:15:27.605, 1192, 877, 150.56, 79, 79, 100, 14342, Not Active, Not Active, Not Active
2026/07/17 11:15:27.659, 1192, 877, 184.67, 78, 79, 100, 14342, Not Active, Not Active, Not Active
2026/07/17 11:15:27.711, 1192, 877, 182.28, 79, 79, 100, 14342, Not Active, Not Active, Not Active
2026/07/17 11:15:27.763, 1192, 877, 169.08, 79, 79, 100, 14342, Not Active, Not Active, Not Active
2026/07/17 11:15:27.814, 1192, 877, 150.46, 79, 79, 100, 14342, Not Active, Not Active, Not Active
2026/07/17 11:15:27.866, 1192, 877, 174.36, 79, 79, 100, 14342, Not Active, Not Active, Not Active
2026/07/17 11:15:27.920, 1192, 877, 183.24, 79, 79, 100, 14342, Not Active, Not Active, Not Active
2026/07/17 11:15:27.972, 1192, 877, 193.17, 79, 79, 100, 14342, Not Active, Not Active, Not Active
2026/07/17 11:15:28.024, 1192, 877, 200.70, 79, 78, 100, 14342, Not Active, Not Active, Not Active
2026/07/17 11:15:28.076, 1192, 877, 198.79, 79, 78, 100, 14342, Not Active, Not Active, Not Active
2026/07/17 11:15:28.127, 1192, 877, 206.31, 79, 79, 100, 14342, Not Active, Not Active, Not Active
2026/07/17 11:15:28.183, 1192, 877, 206.31, 79, 79, 100, 14342, Not Active, Not Active, Not Active
2026/07/17 11:15:28.235, 1192, 877, 210.48, 79, 79, 100, 14342, Not Active, Not Active, Not Active
2026/07/17 11:15:28.287, 1192, 877, 212.87, 79, 79, 100, 14342, Not Active, Not Active, Not Active
2026/07/17 11:15:28.339, 1192, 877, 200.70, 79, 79, 100, 14342, Not Active, Not Active, Not Active
2026/07/17 11:15:28.391, 1192, 877, 180.84, 79, 79, 100, 14342, Not Active, Not Active, Not Active
2026/07/17 11:15:28.445, 1192, 877, 205.01, 78, 79, 100, 14342, Not Active, Not Active, Not Active
2026/07/17 11:15:28.497, 1192, 877, 212.87, 79, 79, 100, 14342, Not Active, Not Active, Not Active
2026/07/17 11:15:28.549, 1192, 877, 184.67, 79, 79, 100, 14342, Not Active, Not Active, Not Active
2026/07/17 11:15:28.606, 1192, 877, 172.32, 79, 79, 100, 14342, Not Active, Not Active, Not Active
2026/07/17 11:15:28.658, 1192, 877, 155.74, 79, 79, 100, 14342, Not Active, Not Active, Not Active
2026/07/17 11:15:28.710, 1192, 877, 162.36, 79, 79, 100, 14342, Not Active, Not Active, Not Active
2026/07/17 11:15:28.763, 1192, 877, 174.97, 79, 78, 100, 14342, Not Active, Not Active, Not Active
2026/07/17 11:15:28.815, 1192, 877, 183.11, 79, 78, 100, 14342, Not Active, Not Active, Not Active
2026/07/17 11:15:28.866, 1192, 877, 193.04, 79, 78, 100, 14342, Not Active, Not Active, Not Active
2026/07/17 11:15:28.918, 1192, 877, 200.23, 79, 78, 100, 14342, Not Active, Not Active, Not Active
2026/07/17 11:15:28.970, 1192, 877, 204.74, 79, 79, 100, 14342, Not Active, Not Active, Not Active
2026/07/17 11:15:29.027, 1192, 877, 204.88, 79, 79, 100, 14342, Not Active, Not Active, Not Active
2026/07/17 11:15:29.078, 1192, 877, 209.18, 79, 79, 100, 14342, Not Active, Not Active, Not Active
2026/07/17 11:15:29.130, 1192, 877, 203.92, 79, 79, 100, 14342, Not Active, Not Active, Not Active
2026/07/17 11:15:29.188, 1192, 877, 192.21, 79, 79, 100, 14342, Not Active, Not Active, Not Active
2026/07/17 11:15:29.239, 1192, 877, 196.87, 78, 78, 100, 14342, Not Active, Not Active, Not Active
2026/07/17 11:15:29.291, 1192, 877, 204.40, 79, 79, 100, 14342, Not Active, Not Active, Not Active
2026/07/17 11:15:29.348, 1192, 877, 192.34, 79, 79, 100, 14342, Not Active, Not Active, Not Active
2026/07/17 11:15:29.400, 1192, 877, 185.15, 79, 79, 100, 14342, Not Active, Not Active, Not Active
2026/07/17 11:15:29.452, 1192, 877, 157.18, 79, 79, 100, 14342, Not Active, Not Active, Not Active
2026/07/17 11:15:29.507, 1192, 877, 152.76, 79, 79, 100, 14342, Not Active, Not Active, Not Active
2026/07/17 11:15:29.559, 1192, 877, 174.36, 79, 79, 100, 14342, Not Active, Not Active, Not Active
2026/07/17 11:15:29.610, 1192, 877, 174.01, 79, 79, 100, 14342, Not Active, Not Active, Not Active
2026/07/17 11:15:29.662, 1192, 877, 181.80, 79, 78, 100, 14342, Not Active, Not Active, Not Active
2026/07/17 11:15:29.714, 1192, 877, 194.48, 79, 78, 100, 14342, Not Active, Not Active, Not Active
2026/07/17 11:15:29.769, 1192, 877, 201.80, 79, 79, 100, 14342, Not Active, Not Active, Not Active
2026/07/17 11:15:29.820, 1192, 877, 198.31, 79, 78, 100, 14342, Not Active, Not Active, Not Active
2026/07/17 11:15:29.872, 1192, 877, 210.62, 79, 78, 100, 14342, Not Active, Not Active, Not Active
2026/07/17 11:15:29.924, 1192, 877, 205.69, 79, 79, 100, 14342, Not Active, Not Active, Not Active
2026/07/17 11:15:29.976, 1192, 877, 211.91, 79, 79, 100, 14342, Not Active, Not Active, Not Active
2026/07/17 11:15:30.031, 1192, 877, 171.85, 79, 77, 100, 14342, Not Active, Not Active, Not Active
2026/07/17 11:15:30.082, 1192, 877, 207.88, 79, 77, 100, 14342, Not Active, Not Active, Not Active
2026/07/17 11:15:30.134, 1192, 877, 205.69, 79, 79, 100, 14342, Not Active, Not Active, Not Active
2026/07/17 11:15:30.191, 1192, 877, 216.84, 79, 79, 100, 14342, Not Active, Not Active, Not Active
2026/07/17 11:15:30.243, 1192, 877, 211.77, 79, 79, 100, 14342, Not Active, Not Active, Not Active
2026/07/17 11:15:30.295, 1192, 877, 188.38, 79, 79, 100, 14342, Not Active, Not Active, Not Active
2026/07/17 11:15:30.352, 1192, 877, 179.52, 79, 79, 100, 14342, Not Active, Not Active, Not Active
2026/07/17 11:15:30.403, 1192, 877, 166.20, 79, 79, 100, 14342, Not Active, Not Active, Not Active
2026/07/17 11:15:30.455, 1192, 877, 148.64, 79, 79, 100, 14342, Not Active, Not Active, Not Active
2026/07/17 11:15:30.509, 1192, 877, 169.56, 79, 79, 100, 14342, Not Active, Not Active, Not Active
2026/07/17 11:15:30.561, 1192, 877, 177.96, 79, 79, 100, 14342, Not Active, Not Active, Not Active
2026/07/17 11:15:30.612, 1192, 877, 178.92, 79, 78, 100, 14342, Not Active, Not Active, Not Active
2026/07/17 11:15:30.664, 1192, 877, 188.38, 79, 79, 100, 14342, Not Active, Not Active, Not Active
2026/07/17 11:15:30.717, 1192, 877, 197.35, 79, 78, 100, 14342, Not Active, Not Active, Not Active
2026/07/17 11:15:30.773, 1192, 877, 201.66, 79, 78, 100, 14342, Not Active, Not Active, Not Active
2026/07/17 11:15:30.824, 1192, 877, 115.70, 79, 79, 100, 14342, Not Active, Not Active, Not Active
2026/07/17 11:15:30.876, 1192, 877, 187.07, 79, 78, 100, 14342, Not Active, Not Active, Not Active
2026/07/17 11:15:30.928, 1192, 877, 194.00, 79, 78, 100, 14342, Not Active, Not Active, Not Active
2026/07/17 11:15:30.980, 1192, 877, 199.13, 79, 78, 100, 14342, Not Active, Not Active, Not Active
2026/07/17 11:15:31.033, 1192, 877, 198.79, 79, 78, 100, 14342, Not Active, Not Active, Not Active
2026/07/17 11:15:31.085, 1192, 877, 205.83, 79, 78, 100, 14342, Not Active, Not Active, Not Active
2026/07/17 11:15:31.137, 1192, 877, 207.88, 79, 79, 100, 14342, Not Active, Not Active, Not Active
2026/07/17 11:15:31.189, 1192, 877, 207.74, 79, 79, 100, 14342, Not Active, Not Active, Not Active
2026/07/17 11:15:31.241, 1192, 877, 212.05, 79, 79, 100, 14342, Not Active, Not Active, Not Active
2026/07/17 11:15:31.295, 1192, 877, 212.39, 79, 79, 100, 14342, Not Active, Not Active, Not Active
2026/07/17 11:15:31.347, 1192, 877, 214.44, 79, 79, 100, 14342, Not Active, Not Active, Not Active
2026/07/17 11:15:31.399, 1192, 877, 185.15, 79, 79, 100, 14342, Not Active, Not Active, Not Active
2026/07/17 11:15:31.456, 1192, 877, 176.16, 79, 79, 100, 14342, Not Active, Not Active, Not Active
2026/07/17 11:15:31.508, 1192, 877, 161.88, 79, 79, 100, 14342, Not Active, Not Active, Not Active
2026/07/17 11:15:31.560, 1192, 877, 146.81, 79, 79, 100, 14342, Not Active, Not Active, Not Active
2026/07/17 11:15:31.613, 1192, 877, 157.46, 79, 79, 100, 14342, Not Active, Not Active, Not Active
2026/07/17 11:15:31.665, 1192, 877, 184.55, 79, 79, 100, 14342, Not Active, Not Active, Not Active
2026/07/17 11:15:31.717, 1192, 877, 187.55, 79, 79, 100, 14342, Not Active, Not Active, Not Active
2026/07/17 11:15:31.769, 1192, 877, 182.76, 79, 79, 100, 14342, Not Active, Not Active, Not Active
2026/07/17 11:15:31.822, 1192, 877, 157.18, 79, 79, 100, 14342, Not Active, Not Active, Not Active
2026/07/17 11:15:31.876, 1192, 877, 146.33, 79, 79, 100, 14342, Not Active, Not Active, Not Active
2026/07/17 11:15:31.928, 1192, 877, 156.98, 79, 79, 100, 14342, Not Active, Not Active, Not Active
2026/07/17 11:15:31.980, 1192, 877, 171.00, 79, 79, 100, 14342, Not Active, Not Active, Not Active
2026/07/17 11:15:32.031, 1192, 877, 174.84, 79, 78, 100, 14342, Not Active, Not Active, Not Active
2026/07/17 11:15:32.083, 1192, 877, 182.28, 79, 79, 100, 14342, Not Active, Not Active, Not Active
2026/07/17 11:15:32.137, 1192, 877, 190.90, 79, 78, 100, 14342, Not Active, Not Active, Not Active
2026/07/17 11:15:32.189, 1192, 877, 190.17, 79, 79, 100, 14342, Not Active, Not Active, Not Active
2026/07/17 11:15:32.241, 1192, 877, 197.01, 79, 78, 100, 14342, Not Active, Not Active, Not Active
2026/07/17 11:15:32.292, 1192, 877, 194.48, 79, 78, 100, 14342, Not Active, Not Active, Not Active
2026/07/17 11:15:32.344, 1192, 877, 203.10, 79, 79, 100, 14342, Not Active, Not Active, Not Active
2026/07/17 11:15:32.399, 1192, 877, 203.58, 79, 78, 100, 14342, Not Active, Not Active, Not Active
2026/07/17 11:15:32.451, 1192, 877, 139.60, 79, 78, 100, 14342, Not Active, Not Active, Not Active
2026/07/17 11:15:32.503, 1192, 877, 193.78, 79, 77, 100, 14342, Not Active, Not Active, Not Active
2026/07/17 11:15:32.555, 1192, 877, 199.13, 79, 79, 100, 14342, Not Active, Not Active, Not Active
2026/07/17 11:15:32.607, 1192, 877, 197.01, 79, 78, 100, 14342, Not Active, Not Active, Not Active
2026/07/17 11:15:32.661, 1192, 877, 203.58, 79, 77, 100, 14342, Not Active, Not Active, Not Active
2026/07/17 11:15:32.712, 1192, 877, 206.79, 79, 78, 100, 14342, Not Active, Not Active, Not Active
2026/07/17 11:15:32.764, 1192, 877, 206.17, 79, 78, 100, 14342, Not Active, Not Active, Not Active
2026/07/17 11:15:32.816, 1192, 877, 211.38, 79, 78, 100, 14342, Not Active, Not Active, Not Active
2026/07/17 11:15:32.868, 1192, 877, 208.56, 79, 79, 100, 14342, Not Active, Not Active, Not Active
2026/07/17 11:15:32.922, 1192, 877, 216.36, 79, 79, 100, 14342, Not Active, Not Active, Not Active
2026/07/17 11:15:32.974, 1192, 877, 213.49, 79, 79, 100, 14342, Not Active, Not Active, Not Active
2026/07/17 11:15:33.026, 1192, 877, 190.78, 79, 79, 100, 14342, Not Active, Not Active, Not Active
2026/07/17 11:15:33.083, 1192, 877, 185.63, 79, 79, 100, 14342, Not Active, Not Active, Not Active
2026/07/17 11:15:33.135, 1192, 877, 178.92, 79, 79, 100, 14342, Not Active, Not Active, Not Active
2026/07/17 11:15:33.187, 1192, 877, 163.91, 79, 79, 100, 14342, Not Active, Not Active, Not Active
2026/07/17 11:15:33.242, 1192, 877, 151.52, 79, 80, 100, 14342, Not Active, Not Active, Not Active
2026/07/17 11:15:33.293, 1192, 877, 193.65, 78, 79, 100, 14342, Not Active, Not Active, Not Active
2026/07/17 11:15:33.345, 1192, 877, 196.53, 79, 79, 100, 14342, Not Active, Not Active, Not Active
2026/07/17 11:15:33.397, 1192, 877, 189.82, 79, 79, 100, 14342, Not Active, Not Active, Not Active
2026/07/17 11:15:33.449, 1192, 877, 180.36, 79, 79, 100, 14342, Not Active, Not Active, Not Active
2026/07/17 11:15:33.503, 1192, 877, 172.32, 79, 79, 100, 14342, Not Active, Not Active, Not Active
2026/07/17 11:15:33.555, 1192, 877, 161.40, 79, 79, 100, 14342, Not Active, Not Active, Not Active
2026/07/17 11:15:33.607, 1192, 877, 156.70, 79, 79, 100, 14342, Not Active, Not Active, Not Active
2026/07/17 11:15:33.659, 1192, 877, 145.66, 79, 79, 100, 14342, Not Active, Not Active, Not Active
2026/07/17 11:15:33.711, 1192, 877, 152.28, 79, 80, 100, 14342, Not Active, Not Active, Not Active
2026/07/17 11:15:33.763, 1192, 877, 159.27, 79, 79, 100, 14342, Not Active, Not Active, Not Active
2026/07/17 11:15:33.815, 1192, 877, 165.72, 79, 78, 100, 14342, Not Active, Not Active, Not Active
2026/07/17 11:15:33.867, 1192, 877, 174.13, 79, 79, 100, 14342, Not Active, Not Active, Not Active
2026/07/17 11:15:33.918, 1192, 877, 175.57, 79, 78, 100, 14342, Not Active, Not Active, Not Active
2026/07/17 11:15:33.970, 1192, 877, 182.76, 79, 78, 100, 14342, Not Active, Not Active, Not Active
2026/07/17 11:15:34.024, 1192, 877, 189.34, 79, 78, 100, 14342, Not Active, Not Active, Not Active
2026/07/17 11:15:34.076, 1192, 877, 127.26, 79, 79, 100, 14342, Not Active, Not Active, Not Active
2026/07/17 11:15:34.128, 1192, 877, 141.91, 79, 79, 100, 14342, Not Active, Not Active, Not Active
2026/07/17 11:15:34.180, 1192, 877, 154.68, 79, 79, 100, 14342, Not Active, Not Active, Not Active
2026/07/17 11:15:34.232, 1192, 877, 158.89, 79, 78, 100, 14342, Not Active, Not Active, Not Active
2026/07/17 11:15:34.284, 1192, 877, 170.04, 79, 79, 100, 14342, Not Active, Not Active, Not Active
2026/07/17 11:15:34.336, 1192, 877, 169.70, 79, 78, 100, 14342, Not Active, Not Active, Not Active
2026/07/17 11:15:34.387, 1192, 877, 175.32, 79, 79, 100, 14342, Not Active, Not Active, Not Active
2026/07/17 11:15:34.439, 1192, 877, 180.96, 79, 78, 100, 14342, Not Active, Not Active, Not Active
2026/07/17 11:15:34.491, 1192, 877, 186.34, 79, 79, 100, 14342, Not Active, Not Active, Not Active
2026/07/17 11:15:34.545, 1192, 877, 185.62, 79, 78, 100, 14342, Not Active, Not Active, Not Active
2026/07/17 11:15:34.597, 1192, 877, 195.57, 79, 79, 100, 14342, Not Active, Not Active, Not Active
2026/07/17 11:15:34.649, 1192, 877, 193.26, 79, 78, 100, 14342, Not Active, Not Active, Not Active
2026/07/17 11:15:34.701, 1192, 877, 194.22, 79, 78, 100, 14342, Not Active, Not Active, Not Active
2026/07/17 11:15:34.752, 1192, 877, 202.48, 79, 78, 100, 14342, Not Active, Not Active, Not Active
2026/07/17 11:15:34.808, 1192, 877, 207.74, 79, 79, 100, 14342, Not Active, Not Active, Not Active
2026/07/17 11:15:34.860, 1192, 877, 201.53, 79, 78, 100, 14342, Not Active, Not Active, Not Active
2026/07/17 11:15:34.912, 1192, 877, 83.18, 79, 78, 100, 11440, Not Active, Not Active, Not Active
2026/07/17 11:15:34.966, 1192, 877, 52.38, 77, 77, 99, 354, Not Active, Not Active, Not Active
2026/07/17 11:15:35.018, 1192, 877, 51.41, 76, 76, 99, 354, Not Active, Not Active, Not Active
