timestamp, clocks.current.graphics [MHz], clocks.current.memory [MHz], power.draw [W], temperature.gpu, temperature.memory, utilization.gpu [%], memory.used [MiB], clocks_event_reasons.sw_power_cap, clocks_event_reasons.sw_thermal_slowdown, clocks_event_reasons.hw_thermal_slowdown
2026/07/17 09:53:22.159, 1192, 877, 35.49, 49, 47, 0, 6, Not Active, Not Active, Not Active
2026/07/17 09:53:22.211, 1192, 877, 35.49, 49, 47, 0, 8, Not Active, Not Active, Not Active
2026/07/17 09:53:22.263, 1192, 877, 35.49, 49, 47, 0, 8, Not Active, Not Active, Not Active
2026/07/17 09:53:22.315, 1192, 877, 35.49, 49, 47, 0, 316, Not Active, Not Active, Not Active
2026/07/17 09:53:22.367, 1192, 877, 35.49, 49, 48, 3, 316, Not Active, Not Active, Not Active
2026/07/17 09:53:22.419, 1192, 877, 35.49, 49, 47, 3, 316, Not Active, Not Active, Not Active
2026/07/17 09:53:22.470, 1192, 877, 35.49, 49, 47, 3, 316, Not Active, Not Active, Not Active
2026/07/17 09:53:22.522, 1192, 877, 35.49, 49, 47, 0, 316, Not Active, Not Active, Not Active
2026/07/17 09:53:22.574, 1192, 877, 35.97, 49, 47, 0, 11402, Not Active, Not Active, Not Active
2026/07/17 09:53:22.627, 1192, 877, 36.46, 49, 47, 0, 11402, Not Active, Not Active, Not Active
2026/07/17 09:53:22.679, 1192, 877, 36.46, 49, 47, 55, 11402, Not Active, Not Active, Not Active
2026/07/17 09:53:22.732, 1192, 877, 36.46, 49, 47, 55, 11402, Not Active, Not Active, Not Active
2026/07/17 09:53:22.784, 1192, 877, 36.46, 49, 47, 55, 11402, Not Active, Not Active, Not Active
2026/07/17 09:53:22.837, 1192, 877, 36.46, 49, 47, 100, 11402, Not Active, Not Active, Not Active
2026/07/17 09:53:22.890, 1192, 877, 36.46, 49, 47, 100, 11402, Not Active, Not Active, Not Active
2026/07/17 09:53:22.942, 1192, 877, 36.46, 49, 47, 100, 11402, Not Active, Not Active, Not Active
2026/07/17 09:53:22.995, 1192, 877, 36.46, 49, 47, 100, 11402, Not Active, Not Active, Not Active
2026/07/17 09:53:23.047, 1192, 877, 36.46, 49, 47, 99, 11402, Not Active, Not Active, Not Active
2026/07/17 09:53:23.100, 1192, 877, 36.46, 49, 47, 99, 11402, Not Active, Not Active, Not Active
2026/07/17 09:53:23.153, 1192, 877, 36.46, 49, 47, 99, 11402, Not Active, Not Active, Not Active
2026/07/17 09:53:23.205, 1192, 877, 36.46, 49, 47, 99, 11402, Not Active, Not Active, Not Active
2026/07/17 09:53:23.258, 1192, 877, 36.46, 49, 47, 99, 11402, Not Active, Not Active, Not Active
2026/07/17 09:53:23.310, 1192, 877, 36.46, 49, 47, 99, 11402, Not Active, Not Active, Not Active
2026/07/17 09:53:23.363, 1192, 877, 36.46, 49, 47, 99, 11402, Not Active, Not Active, Not Active
2026/07/17 09:53:23.415, 1192, 877, 36.46, 49, 47, 99, 11402, Not Active, Not Active, Not Active
2026/07/17 09:53:23.468, 1192, 877, 36.46, 49, 47, 99, 11402, Not Active, Not Active, Not Active
2026/07/17 09:53:23.520, 1192, 877, 36.46, 49, 47, 99, 11402, Not Active, Not Active, Not Active
2026/07/17 09:53:23.573, 1192, 877, 36.46, 49, 47, 99, 11402, Not Active, Not Active, Not Active
2026/07/17 09:53:23.625, 1192, 877, 36.46, 49, 47, 99, 11402, Not Active, Not Active, Not Active
2026/07/17 09:53:23.678, 1192, 877, 36.46, 49, 47, 99, 11402, Not Active, Not Active, Not Active
2026/07/17 09:53:23.730, 1192, 877, 36.46, 49, 47, 99, 11402, Not Active, Not Active, Not Active
2026/07/17 09:53:23.783, 1192, 877, 36.46, 49, 47, 99, 11402, Not Active, Not Active, Not Active
2026/07/17 09:53:23.835, 1192, 877, 36.46, 49, 47, 99, 11402, Not Active, Not Active, Not Active
2026/07/17 09:53:23.888, 1192, 877, 36.46, 49, 47, 99, 11402, Not Active, Not Active, Not Active
2026/07/17 09:53:23.940, 1192, 877, 36.46, 49, 47, 99, 11402, Not Active, Not Active, Not Active
2026/07/17 09:53:23.993, 1192, 877, 36.46, 49, 47, 99, 11402, Not Active, Not Active, Not Active
2026/07/17 09:53:24.046, 1192, 877, 36.46, 49, 47, 99, 11402, Not Active, Not Active, Not Active
2026/07/17 09:53:24.098, 1192, 877, 36.46, 49, 47, 99, 11402, Not Active, Not Active, Not Active
2026/07/17 09:53:24.151, 1192, 877, 36.46, 49, 47, 99, 11402, Not Active, Not Active, Not Active
2026/07/17 09:53:24.203, 1192, 877, 36.46, 49, 47, 99, 11402, Not Active, Not Active, Not Active
2026/07/17 09:53:24.256, 1192, 877, 36.46, 49, 47, 99, 11402, Not Active, Not Active, Not Active
2026/07/17 09:53:24.308, 1192, 877, 36.46, 49, 47, 99, 11402, Not Active, Not Active, Not Active
2026/07/17 09:53:24.360, 1192, 877, 36.46, 49, 48, 99, 11402, Not Active, Not Active, Not Active
2026/07/17 09:53:24.417, 1192, 877, 36.46, 49, 47, 99, 11402, Not Active, Not Active, Not Active
2026/07/17 09:53:24.469, 1192, 877, 36.46, 49, 47, 99, 11402, Not Active, Not Active, Not Active
2026/07/17 09:53:24.522, 1192, 877, 36.46, 49, 47, 99, 11402, Not Active, Not Active, Not Active
2026/07/17 09:53:24.574, 1192, 877, 36.46, 49, 47, 99, 11402, Not Active, Not Active, Not Active
2026/07/17 09:53:24.627, 1192, 877, 36.46, 49, 47, 99, 11402, Not Active, Not Active, Not Active
2026/07/17 09:53:24.680, 1192, 877, 36.46, 49, 47, 99, 11402, Not Active, Not Active, Not Active
2026/07/17 09:53:24.732, 1192, 877, 36.46, 49, 47, 99, 11402, Not Active, Not Active, Not Active
2026/07/17 09:53:24.785, 1192, 877, 36.46, 49, 47, 99, 11402, Not Active, Not Active, Not Active
2026/07/17 09:53:24.837, 1192, 877, 36.46, 49, 47, 99, 11402, Not Active, Not Active, Not Active
2026/07/17 09:53:24.890, 1192, 877, 36.46, 49, 47, 99, 11402, Not Active, Not Active, Not Active
2026/07/17 09:53:24.943, 1192, 877, 36.46, 49, 47, 99, 11402, Not Active, Not Active, Not Active
2026/07/17 09:53:24.995, 1192, 877, 36.46, 49, 47, 99, 11402, Not Active, Not Active, Not Active
2026/07/17 09:53:25.048, 1192, 877, 36.46, 49, 47, 99, 11402, Not Active, Not Active, Not Active
2026/07/17 09:53:25.100, 1192, 877, 36.46, 49, 47, 99, 11402, Not Active, Not Active, Not Active
2026/07/17 09:53:25.153, 1192, 877, 36.46, 49, 47, 99, 11402, Not Active, Not Active, Not Active
2026/07/17 09:53:25.205, 1192, 877, 36.46, 49, 47, 99, 11402, Not Active, Not Active, Not Active
2026/07/17 09:53:25.280, 1192, 877, 36.46, 49, 47, 99, 11402, Not Active, Not Active, Not Active
2026/07/17 09:53:25.335, 1192, 877, 36.46, 49, 47, 99, 11402, Not Active, Not Active, Not Active
2026/07/17 09:53:25.388, 1192, 877, 36.46, 49, 47, 99, 11402, Not Active, Not Active, Not Active
2026/07/17 09:53:25.440, 1192, 877, 36.46, 49, 48, 99, 11402, Not Active, Not Active, Not Active
2026/07/17 09:53:25.493, 1192, 877, 36.46, 49, 47, 99, 11402, Not Active, Not Active, Not Active
2026/07/17 09:53:25.545, 1192, 877, 36.46, 49, 47, 99, 11402, Not Active, Not Active, Not Active
2026/07/17 09:53:25.598, 1192, 877, 36.46, 49, 47, 99, 11402, Not Active, Not Active, Not Active
2026/07/17 09:53:25.650, 1192, 877, 36.46, 49, 47, 99, 11402, Not Active, Not Active, Not Active
2026/07/17 09:53:25.702, 1192, 877, 36.46, 49, 47, 99, 11402, Not Active, Not Active, Not Active
2026/07/17 09:53:25.755, 1192, 877, 36.46, 49, 47, 99, 11402, Not Active, Not Active, Not Active
2026/07/17 09:53:25.807, 1192, 877, 36.46, 49, 47, 99, 11402, Not Active, Not Active, Not Active
2026/07/17 09:53:25.860, 1192, 877, 36.46, 49, 47, 99, 11402, Not Active, Not Active, Not Active
2026/07/17 09:53:25.912, 1192, 877, 36.46, 49, 47, 99, 11402, Not Active, Not Active, Not Active
2026/07/17 09:53:25.965, 1192, 877, 36.46, 49, 47, 99, 11402, Not Active, Not Active, Not Active
2026/07/17 09:53:26.017, 1192, 877, 36.46, 49, 47, 99, 11402, Not Active, Not Active, Not Active
2026/07/17 09:53:26.070, 1192, 877, 36.46, 49, 47, 99, 11402, Not Active, Not Active, Not Active
2026/07/17 09:53:26.122, 1192, 877, 36.46, 49, 47, 99, 11402, Not Active, Not Active, Not Active
2026/07/17 09:53:26.175, 1192, 877, 40.79, 49, 47, 99, 13450, Not Active, Not Active, Not Active
2026/07/17 09:53:26.227, 1192, 877, 47.12, 49, 47, 99, 14224, Not Active, Not Active, Not Active
2026/07/17 09:53:26.279, 1192, 877, 150.94, 50, 49, 55, 14342, Not Active, Not Active, Not Active
2026/07/17 09:53:26.330, 1192, 877, 195.92, 51, 51, 55, 14342, Not Active, Not Active, Not Active
2026/07/17 09:53:26.382, 1192, 877, 198.44, 52, 52, 55, 14342, Not Active, Not Active, Not Active
2026/07/17 09:53:26.434, 1192, 877, 200.70, 53, 53, 97, 14342, Not Active, Not Active, Not Active
2026/07/17 09:53:26.486, 1192, 877, 197.83, 53, 53, 97, 14342, Not Active, Not Active, Not Active
2026/07/17 09:53:26.542, 1192, 877, 203.10, 53, 53, 97, 14342, Not Active, Not Active, Not Active
2026/07/17 09:53:26.593, 1192, 877, 206.59, 54, 53, 100, 14342, Not Active, Not Active, Not Active
2026/07/17 09:53:26.645, 1192, 877, 201.05, 54, 54, 100, 14342, Not Active, Not Active, Not Active
2026/07/17 09:53:26.732, 1192, 877, 194.35, 54, 54, 100, 14342, Not Active, Not Active, Not Active
2026/07/17 09:53:26.783, 1192, 877, 194.13, 54, 54, 100, 14342, Not Active, Not Active, Not Active
2026/07/17 09:53:26.835, 1192, 877, 194.83, 54, 54, 100, 14342, Not Active, Not Active, Not Active
2026/07/17 09:53:26.887, 1192, 877, 197.35, 55, 54, 100, 14342, Not Active, Not Active, Not Active
2026/07/17 09:53:26.945, 1192, 877, 202.75, 55, 54, 100, 14342, Not Active, Not Active, Not Active
2026/07/17 09:53:26.997, 1192, 877, 196.87, 55, 54, 100, 14342, Not Active, Not Active, Not Active
2026/07/17 09:53:27.049, 1192, 877, 196.53, 55, 55, 100, 14342, Not Active, Not Active, Not Active
2026/07/17 09:53:27.106, 1192, 877, 197.01, 55, 55, 100, 14342, Not Active, Not Active, Not Active
2026/07/17 09:53:27.158, 1192, 877, 205.97, 55, 55, 100, 14342, Not Active, Not Active, Not Active
2026/07/17 09:53:27.210, 1192, 877, 205.01, 55, 55, 100, 14342, Not Active, Not Active, Not Active
2026/07/17 09:53:27.262, 1192, 877, 206.45, 55, 55, 100, 14342, Not Active, Not Active, Not Active
2026/07/17 09:53:27.314, 1192, 877, 201.05, 56, 55, 100, 14342, Not Active, Not Active, Not Active
2026/07/17 09:53:27.368, 1192, 877, 203.10, 56, 55, 100, 14342, Not Active, Not Active, Not Active
2026/07/17 09:53:27.420, 1192, 877, 196.26, 56, 55, 100, 14342, Not Active, Not Active, Not Active
2026/07/17 09:53:27.472, 1192, 877, 203.23, 56, 55, 100, 14342, Not Active, Not Active, Not Active
2026/07/17 09:53:27.524, 1192, 877, 199.75, 56, 55, 100, 14342, Not Active, Not Active, Not Active
2026/07/17 09:53:27.576, 1192, 877, 202.96, 56, 55, 100, 14342, Not Active, Not Active, Not Active
2026/07/17 09:53:27.630, 1192, 877, 199.27, 56, 56, 100, 14342, Not Active, Not Active, Not Active
2026/07/17 09:53:27.682, 1192, 877, 198.79, 56, 56, 100, 14342, Not Active, Not Active, Not Active
2026/07/17 09:53:27.734, 1192, 877, 206.72, 56, 56, 100, 14342, Not Active, Not Active, Not Active
2026/07/17 09:53:27.791, 1192, 877, 200.23, 56, 56, 100, 14342, Not Active, Not Active, Not Active
2026/07/17 09:53:27.842, 1192, 877, 198.31, 56, 56, 100, 14342, Not Active, Not Active, Not Active
2026/07/17 09:53:27.894, 1192, 877, 203.23, 56, 56, 100, 14342, Not Active, Not Active, Not Active
2026/07/17 09:53:27.951, 1192, 877, 195.70, 56, 56, 100, 14342, Not Active, Not Active, Not Active
2026/07/17 09:53:28.002, 1192, 877, 201.66, 56, 56, 100, 14342, Not Active, Not Active, Not Active
2026/07/17 09:53:28.054, 1192, 877, 201.18, 57, 56, 100, 14342, Not Active, Not Active, Not Active
2026/07/17 09:53:28.107, 1192, 877, 198.92, 57, 56, 100, 14342, Not Active, Not Active, Not Active
2026/07/17 09:53:28.158, 1192, 877, 205.15, 57, 56, 100, 14342, Not Active, Not Active, Not Active
2026/07/17 09:53:28.212, 1192, 877, 200.36, 57, 56, 100, 14342, Not Active, Not Active, Not Active
2026/07/17 09:53:28.264, 1192, 877, 207.07, 57, 56, 100, 14342, Not Active, Not Active, Not Active
2026/07/17 09:53:28.316, 1192, 877, 198.31, 57, 56, 100, 14342, Not Active, Not Active, Not Active
2026/07/17 09:53:28.372, 1192, 877, 196.66, 57, 56, 100, 14342, Not Active, Not Active, Not Active
2026/07/17 09:53:28.424, 1192, 877, 197.83, 57, 56, 100, 14342, Not Active, Not Active, Not Active
2026/07/17 09:53:28.476, 1192, 877, 193.39, 57, 56, 98, 14342, Not Active, Not Active, Not Active
2026/07/17 09:53:28.533, 1192, 877, 198.92, 57, 56, 98, 14342, Not Active, Not Active, Not Active
2026/07/17 09:53:28.585, 1192, 877, 194.61, 56, 56, 98, 14342, Not Active, Not Active, Not Active
2026/07/17 09:53:28.636, 1192, 877, 201.66, 57, 57, 94, 14342, Not Active, Not Active, Not Active
2026/07/17 09:53:28.688, 1192, 877, 201.18, 57, 57, 94, 14342, Not Active, Not Active, Not Active
2026/07/17 09:53:28.740, 1192, 877, 197.01, 57, 57, 94, 14342, Not Active, Not Active, Not Active
2026/07/17 09:53:28.794, 1192, 877, 206.93, 57, 57, 100, 14342, Not Active, Not Active, Not Active
2026/07/17 09:53:28.845, 1192, 877, 200.97, 57, 57, 100, 14342, Not Active, Not Active, Not Active
2026/07/17 09:53:28.897, 1192, 877, 199.27, 57, 57, 100, 14342, Not Active, Not Active, Not Active
2026/07/17 09:53:28.949, 1192, 877, 203.58, 58, 57, 100, 14342, Not Active, Not Active, Not Active
2026/07/17 09:53:29.001, 1192, 877, 200.09, 58, 57, 100, 14342, Not Active, Not Active, Not Active
2026/07/17 09:53:29.054, 1192, 877, 206.93, 58, 57, 100, 14342, Not Active, Not Active, Not Active
2026/07/17 09:53:29.106, 1192, 877, 196.87, 58, 57, 100, 14342, Not Active, Not Active, Not Active
2026/07/17 09:53:29.158, 1192, 877, 191.86, 58, 57, 100, 14342, Not Active, Not Active, Not Active
2026/07/17 09:53:29.210, 1192, 877, 190.30, 58, 57, 100, 14342, Not Active, Not Active, Not Active
2026/07/17 09:53:29.262, 1192, 877, 201.32, 58, 57, 100, 14342, Not Active, Not Active, Not Active
2026/07/17 09:53:29.316, 1192, 877, 204.88, 58, 57, 100, 14342, Not Active, Not Active, Not Active
2026/07/17 09:53:29.368, 1192, 877, 201.93, 58, 58, 100, 14342, Not Active, Not Active, Not Active
2026/07/17 09:53:29.419, 1192, 877, 204.05, 58, 58, 100, 14342, Not Active, Not Active, Not Active
2026/07/17 09:53:29.477, 1192, 877, 200.84, 58, 58, 100, 14342, Not Active, Not Active, Not Active
2026/07/17 09:53:29.528, 1192, 877, 201.05, 58, 58, 100, 14342, Not Active, Not Active, Not Active
2026/07/17 09:53:29.580, 1192, 877, 197.96, 58, 58, 100, 14342, Not Active, Not Active, Not Active
2026/07/17 09:53:29.636, 1192, 877, 200.70, 58, 58, 100, 14342, Not Active, Not Active, Not Active
2026/07/17 09:53:29.688, 1192, 877, 197.01, 58, 58, 100, 14342, Not Active, Not Active, Not Active
2026/07/17 09:53:29.740, 1192, 877, 175.68, 58, 58, 100, 14342, Not Active, Not Active, Not Active
2026/07/17 09:53:29.792, 1192, 877, 202.14, 58, 58, 100, 14342, Not Active, Not Active, Not Active
2026/07/17 09:53:29.844, 1192, 877, 197.35, 58, 58, 100, 14342, Not Active, Not Active, Not Active
2026/07/17 09:53:29.897, 1192, 877, 204.53, 58, 58, 100, 14342, Not Active, Not Active, Not Active
2026/07/17 09:53:29.949, 1192, 877, 195.57, 59, 58, 100, 14342, Not Active, Not Active, Not Active
2026/07/17 09:53:30.001, 1192, 877, 199.27, 59, 58, 100, 14342, Not Active, Not Active, Not Active
2026/07/17 09:53:30.053, 1192, 877, 207.88, 59, 58, 100, 14342, Not Active, Not Active, Not Active
2026/07/17 09:53:30.105, 1192, 877, 205.15, 59, 58, 100, 14342, Not Active, Not Active, Not Active
2026/07/17 09:53:30.159, 1192, 877, 201.32, 59, 58, 100, 14342, Not Active, Not Active, Not Active
2026/07/17 09:53:30.210, 1192, 877, 199.27, 59, 58, 100, 14342, Not Active, Not Active, Not Active
2026/07/17 09:53:30.262, 1192, 877, 201.53, 59, 58, 100, 14342, Not Active, Not Active, Not Active
2026/07/17 09:53:30.314, 1192, 877, 189.95, 59, 58, 100, 14342, Not Active, Not Active, Not Active
2026/07/17 09:53:30.366, 1192, 877, 198.31, 59, 58, 100, 14342, Not Active, Not Active, Not Active
2026/07/17 09:53:30.419, 1192, 877, 206.72, 59, 58, 100, 14342, Not Active, Not Active, Not Active
2026/07/17 09:53:30.471, 1192, 877, 192.34, 59, 59, 100, 14342, Not Active, Not Active, Not Active
2026/07/17 09:53:30.560, 1192, 877, 196.40, 59, 59, 100, 14342, Not Active, Not Active, Not Active
2026/07/17 09:53:30.612, 1192, 877, 200.36, 59, 59, 100, 14342, Not Active, Not Active, Not Active
2026/07/17 09:53:30.664, 1192, 877, 203.23, 59, 59, 100, 14342, Not Active, Not Active, Not Active
2026/07/17 09:53:30.716, 1192, 877, 199.27, 59, 59, 100, 14342, Not Active, Not Active, Not Active
2026/07/17 09:53:30.768, 1192, 877, 193.39, 59, 59, 100, 14342, Not Active, Not Active, Not Active
2026/07/17 09:53:30.820, 1192, 877, 201.18, 59, 59, 100, 14342, Not Active, Not Active, Not Active
2026/07/17 09:53:30.872, 1192, 877, 205.15, 60, 59, 100, 14342, Not Active, Not Active, Not Active
2026/07/17 09:53:30.967, 1192, 877, 193.30, 59, 59, 100, 14342, Not Active, Not Active, Not Active
2026/07/17 09:53:31.018, 1192, 877, 200.09, 60, 59, 100, 14342, Not Active, Not Active, Not Active
2026/07/17 09:53:31.071, 1192, 877, 189.69, 59, 59, 100, 14342, Not Active, Not Active, Not Active
2026/07/17 09:53:31.122, 1192, 877, 194.00, 60, 59, 100, 14342, Not Active, Not Active, Not Active
2026/07/17 09:53:31.174, 1192, 877, 188.99, 60, 59, 100, 14342, Not Active, Not Active, Not Active
2026/07/17 09:53:31.231, 1192, 877, 194.35, 60, 59, 100, 14342, Not Active, Not Active, Not Active
2026/07/17 09:53:31.283, 1192, 877, 200.70, 60, 59, 100, 14342, Not Active, Not Active, Not Active
2026/07/17 09:53:31.334, 1192, 877, 193.91, 60, 59, 100, 14342, Not Active, Not Active, Not Active
2026/07/17 09:53:31.386, 1192, 877, 198.31, 60, 59, 100, 14342, Not Active, Not Active, Not Active
2026/07/17 09:53:31.438, 1192, 877, 190.90, 60, 59, 100, 14342, Not Active, Not Active, Not Active
2026/07/17 09:53:31.491, 1192, 877, 196.53, 60, 59, 100, 14342, Not Active, Not Active, Not Active
2026/07/17 09:53:31.543, 1192, 877, 187.07, 60, 59, 100, 14342, Not Active, Not Active, Not Active
2026/07/17 09:53:31.595, 1192, 877, 191.51, 60, 59, 100, 14342, Not Active, Not Active, Not Active
2026/07/17 09:53:31.647, 1192, 877, 195.92, 60, 60, 100, 14342, Not Active, Not Active, Not Active
2026/07/17 09:53:31.698, 1192, 877, 200.70, 60, 59, 100, 14342, Not Active, Not Active, Not Active
2026/07/17 09:53:31.753, 1192, 877, 194.74, 60, 60, 100, 14342, Not Active, Not Active, Not Active
2026/07/17 09:53:31.805, 1192, 877, 199.40, 60, 59, 100, 14342, Not Active, Not Active, Not Active
2026/07/17 09:53:31.857, 1192, 877, 190.78, 60, 60, 100, 14342, Not Active, Not Active, Not Active
2026/07/17 09:53:31.913, 1192, 877, 196.53, 60, 60, 100, 14342, Not Active, Not Active, Not Active
2026/07/17 09:53:31.965, 1192, 877, 199.88, 60, 60, 100, 14342, Not Active, Not Active, Not Active
2026/07/17 09:53:32.017, 1192, 877, 191.61, 60, 60, 100, 14342, Not Active, Not Active, Not Active
2026/07/17 09:53:32.069, 1192, 877, 198.66, 60, 60, 100, 14342, Not Active, Not Active, Not Active
2026/07/17 09:53:32.120, 1192, 877, 185.28, 60, 60, 100, 14342, Not Active, Not Active, Not Active
2026/07/17 09:53:32.175, 1192, 877, 194.61, 60, 60, 100, 14342, Not Active, Not Active, Not Active
2026/07/17 09:53:32.226, 1192, 877, 200.23, 60, 60, 100, 14342, Not Active, Not Active, Not Active
2026/07/17 09:53:32.278, 1192, 877, 187.78, 61, 60, 100, 14342, Not Active, Not Active, Not Active
2026/07/17 09:53:32.334, 1192, 877, 194.13, 61, 60, 100, 14342, Not Active, Not Active, Not Active
2026/07/17 09:53:32.386, 1192, 877, 202.48, 61, 60, 100, 14342, Not Active, Not Active, Not Active
2026/07/17 09:53:32.437, 1192, 877, 188.03, 61, 60, 100, 14342, Not Active, Not Active, Not Active
2026/07/17 09:53:32.490, 1192, 877, 201.32, 61, 60, 100, 14342, Not Active, Not Active, Not Active
2026/07/17 09:53:32.542, 1192, 877, 188.26, 61, 60, 100, 14342, Not Active, Not Active, Not Active
2026/07/17 09:53:32.596, 1192, 877, 197.14, 61, 60, 100, 14342, Not Active, Not Active, Not Active
2026/07/17 09:53:32.648, 1192, 877, 203.37, 61, 60, 100, 14342, Not Active, Not Active, Not Active
2026/07/17 09:53:32.700, 1192, 877, 194.61, 61, 60, 100, 14342, Not Active, Not Active, Not Active
2026/07/17 09:53:32.756, 1192, 877, 178.92, 61, 60, 100, 14342, Not Active, Not Active, Not Active
2026/07/17 09:53:32.808, 1192, 877, 198.66, 61, 60, 100, 14342, Not Active, Not Active, Not Active
2026/07/17 09:53:32.860, 1192, 877, 191.74, 61, 60, 100, 14342, Not Active, Not Active, Not Active
2026/07/17 09:53:32.912, 1192, 877, 204.05, 61, 60, 100, 14342, Not Active, Not Active, Not Active
2026/07/17 09:53:32.964, 1192, 877, 183.95, 61, 61, 100, 14342, Not Active, Not Active, Not Active
2026/07/17 09:53:33.018, 1192, 877, 197.83, 61, 61, 100, 14342, Not Active, Not Active, Not Active
2026/07/17 09:53:33.070, 1192, 877, 202.41, 61, 61, 100, 14342, Not Active, Not Active, Not Active
2026/07/17 09:53:33.121, 1192, 877, 193.30, 61, 61, 100, 14342, Not Active, Not Active, Not Active
2026/07/17 09:53:33.178, 1192, 877, 203.71, 61, 61, 100, 14342, Not Active, Not Active, Not Active
2026/07/17 09:53:33.230, 1192, 877, 184.80, 61, 61, 100, 14342, Not Active, Not Active, Not Active
2026/07/17 09:53:33.281, 1192, 877, 194.61, 61, 61, 100, 14342, Not Active, Not Active, Not Active
2026/07/17 09:53:33.334, 1192, 877, 197.48, 61, 61, 100, 14342, Not Active, Not Active, Not Active
2026/07/17 09:53:33.385, 1192, 877, 192.82, 61, 60, 100, 14342, Not Active, Not Active, Not Active
2026/07/17 09:53:33.439, 1192, 877, 192.09, 61, 61, 100, 14342, Not Active, Not Active, Not Active
2026/07/17 09:53:33.491, 1192, 877, 199.75, 61, 61, 100, 14342, Not Active, Not Active, Not Active
2026/07/17 09:53:33.543, 1192, 877, 181.92, 62, 61, 100, 14342, Not Active, Not Active, Not Active
2026/07/17 09:53:33.595, 1192, 877, 193.04, 62, 61, 100, 14342, Not Active, Not Active, Not Active
2026/07/17 09:53:33.646, 1192, 877, 200.23, 62, 61, 100, 14342, Not Active, Not Active, Not Active
2026/07/17 09:53:33.700, 1192, 877, 186.59, 62, 61, 100, 14342, Not Active, Not Active, Not Active
2026/07/17 09:53:33.752, 1192, 877, 195.09, 62, 61, 100, 14342, Not Active, Not Active, Not Active
2026/07/17 09:53:33.804, 1192, 877, 198.92, 62, 61, 100, 14342, Not Active, Not Active, Not Active
2026/07/17 09:53:33.856, 1192, 877, 191.26, 62, 61, 100, 14342, Not Active, Not Active, Not Active
2026/07/17 09:53:33.908, 1192, 877, 198.92, 62, 61, 100, 14342, Not Active, Not Active, Not Active
2026/07/17 09:53:33.961, 1192, 877, 195.70, 62, 61, 100, 14342, Not Active, Not Active, Not Active
2026/07/17 09:53:34.013, 1192, 877, 181.68, 62, 61, 100, 14342, Not Active, Not Active, Not Active
2026/07/17 09:53:34.064, 1192, 877, 193.52, 62, 61, 100, 14342, Not Active, Not Active, Not Active
2026/07/17 09:53:34.117, 1192, 877, 205.35, 62, 61, 100, 14342, Not Active, Not Active, Not Active
2026/07/17 09:53:34.168, 1192, 877, 187.78, 62, 61, 100, 14342, Not Active, Not Active, Not Active
2026/07/17 09:53:34.222, 1192, 877, 196.74, 62, 61, 100, 14342, Not Active, Not Active, Not Active
2026/07/17 09:53:34.273, 1192, 877, 203.10, 62, 62, 100, 14342, Not Active, Not Active, Not Active
2026/07/17 09:53:34.325, 1192, 877, 189.21, 62, 62, 100, 14342, Not Active, Not Active, Not Active
2026/07/17 09:53:34.378, 1192, 877, 201.32, 62, 61, 100, 14342, Not Active, Not Active, Not Active
2026/07/17 09:53:34.429, 1192, 877, 184.80, 62, 62, 100, 14342, Not Active, Not Active, Not Active
2026/07/17 09:53:34.483, 1192, 877, 197.01, 62, 61, 100, 14342, Not Active, Not Active, Not Active
2026/07/17 09:53:34.535, 1192, 877, 198.10, 62, 62, 100, 14342, Not Active, Not Active, Not Active
2026/07/17 09:53:34.587, 1192, 877, 185.28, 62, 62, 100, 14342, Not Active, Not Active, Not Active
2026/07/17 09:53:34.642, 1192, 877, 190.30, 62, 62, 100, 14342, Not Active, Not Active, Not Active
2026/07/17 09:53:34.694, 1192, 877, 200.70, 62, 62, 100, 14342, Not Active, Not Active, Not Active
2026/07/17 09:53:34.745, 1192, 877, 187.90, 62, 62, 100, 14342, Not Active, Not Active, Not Active
2026/07/17 09:53:34.797, 1192, 877, 190.65, 62, 62, 100, 14342, Not Active, Not Active, Not Active
2026/07/17 09:53:34.849, 1192, 877, 196.53, 62, 62, 100, 14342, Not Active, Not Active, Not Active
2026/07/17 09:53:34.905, 1192, 877, 181.68, 63, 62, 100, 14342, Not Active, Not Active, Not Active
2026/07/17 09:53:34.956, 1192, 877, 196.74, 63, 62, 100, 14342, Not Active, Not Active, Not Active
2026/07/17 09:53:35.008, 1192, 877, 203.92, 63, 62, 100, 14342, Not Active, Not Active, Not Active
2026/07/17 09:53:35.065, 1192, 877, 192.09, 63, 62, 100, 14342, Not Active, Not Active, Not Active
2026/07/17 09:53:35.118, 1192, 877, 202.00, 63, 62, 100, 14342, Not Active, Not Active, Not Active
2026/07/17 09:53:35.170, 1192, 877, 179.88, 63, 62, 100, 14342, Not Active, Not Active, Not Active
2026/07/17 09:53:35.226, 1192, 877, 146.24, 63, 62, 100, 14342, Not Active, Not Active, Not Active
2026/07/17 09:53:35.278, 1192, 877, 200.84, 63, 62, 100, 14342, Not Active, Not Active, Not Active
2026/07/17 09:53:35.330, 1192, 877, 186.24, 63, 62, 100, 14342, Not Active, Not Active, Not Active
2026/07/17 09:53:35.387, 1192, 877, 195.92, 63, 62, 100, 14342, Not Active, Not Active, Not Active
2026/07/17 09:53:35.439, 1192, 877, 203.10, 63, 62, 100, 14342, Not Active, Not Active, Not Active
2026/07/17 09:53:35.490, 1192, 877, 183.84, 63, 62, 100, 14342, Not Active, Not Active, Not Active
2026/07/17 09:53:35.542, 1192, 877, 197.83, 63, 62, 100, 14342, Not Active, Not Active, Not Active
2026/07/17 09:53:35.594, 1192, 877, 200.70, 63, 62, 100, 14342, Not Active, Not Active, Not Active
2026/07/17 09:53:35.648, 1192, 877, 183.59, 63, 63, 100, 14342, Not Active, Not Active, Not Active
2026/07/17 09:53:35.700, 1192, 877, 198.04, 63, 63, 100, 14342, Not Active, Not Active, Not Active
2026/07/17 09:53:35.752, 1192, 877, 204.05, 63, 63, 100, 14342, Not Active, Not Active, Not Active
2026/07/17 09:53:35.809, 1192, 877, 190.65, 63, 63, 100, 14342, Not Active, Not Active, Not Active
2026/07/17 09:53:35.860, 1192, 877, 155.37, 63, 62, 100, 14342, Not Active, Not Active, Not Active
2026/07/17 09:53:35.912, 1192, 877, 201.39, 63, 62, 100, 14342, Not Active, Not Active, Not Active
2026/07/17 09:53:35.964, 1192, 877, 201.18, 63, 63, 100, 14342, Not Active, Not Active, Not Active
2026/07/17 09:53:36.016, 1192, 877, 194.35, 63, 63, 100, 14342, Not Active, Not Active, Not Active
2026/07/17 09:53:36.069, 1192, 877, 205.49, 63, 63, 100, 14342, Not Active, Not Active, Not Active
2026/07/17 09:53:36.122, 1192, 877, 193.65, 64, 63, 100, 14342, Not Active, Not Active, Not Active
2026/07/17 09:53:36.174, 1192, 877, 198.66, 64, 63, 100, 14342, Not Active, Not Active, Not Active
2026/07/17 09:53:36.230, 1192, 877, 203.10, 64, 63, 100, 14342, Not Active, Not Active, Not Active
2026/07/17 09:53:36.282, 1192, 877, 184.67, 64, 63, 100, 14342, Not Active, Not Active, Not Active
2026/07/17 09:53:36.334, 1192, 877, 197.70, 64, 63, 100, 14342, Not Active, Not Active, Not Active
2026/07/17 09:53:36.386, 1192, 877, 200.70, 64, 63, 100, 14342, Not Active, Not Active, Not Active
2026/07/17 09:53:36.438, 1192, 877, 182.63, 64, 63, 100, 14342, Not Active, Not Active, Not Active
2026/07/17 09:53:36.491, 1192, 877, 139.02, 64, 63, 100, 14342, Not Active, Not Active, Not Active
2026/07/17 09:53:36.543, 1192, 877, 203.10, 64, 63, 100, 14342, Not Active, Not Active, Not Active
2026/07/17 09:53:36.595, 1192, 877, 210.28, 64, 63, 100, 14342, Not Active, Not Active, Not Active
2026/07/17 09:53:36.647, 1192, 877, 190.17, 64, 63, 100, 14342, Not Active, Not Active, Not Active
2026/07/17 09:53:36.699, 1192, 877, 197.83, 64, 63, 100, 14342, Not Active, Not Active, Not Active
2026/07/17 09:53:36.752, 1192, 877, 205.35, 64, 63, 100, 14342, Not Active, Not Active, Not Active
2026/07/17 09:53:36.804, 1192, 877, 194.61, 64, 63, 100, 14342, Not Active, Not Active, Not Active
2026/07/17 09:53:36.856, 1192, 877, 208.36, 64, 63, 100, 14342, Not Active, Not Active, Not Active
2026/07/17 09:53:36.913, 1192, 877, 201.80, 64, 63, 100, 14342, Not Active, Not Active, Not Active
2026/07/17 09:53:36.964, 1192, 877, 189.21, 64, 64, 100, 14342, Not Active, Not Active, Not Active
2026/07/17 09:53:37.016, 1192, 877, 202.48, 64, 63, 100, 14342, Not Active, Not Active, Not Active
2026/07/17 09:53:37.068, 1192, 877, 205.83, 64, 63, 100, 14342, Not Active, Not Active, Not Active
2026/07/17 09:53:37.120, 1192, 877, 188.51, 64, 64, 100, 14342, Not Active, Not Active, Not Active
2026/07/17 09:53:37.174, 1192, 877, 200.36, 64, 63, 100, 14342, Not Active, Not Active, Not Active
2026/07/17 09:53:37.227, 1192, 877, 204.53, 64, 63, 100, 14342, Not Active, Not Active, Not Active
2026/07/17 09:53:37.279, 1192, 877, 183.11, 64, 64, 100, 14342, Not Active, Not Active, Not Active
2026/07/17 09:53:37.335, 1192, 877, 205.49, 64, 63, 100, 14342, Not Active, Not Active, Not Active
2026/07/17 09:53:37.394, 1192, 877, 206.79, 64, 64, 100, 14342, Not Active, Not Active, Not Active
2026/07/17 09:53:37.445, 1192, 877, 189.82, 64, 64, 100, 14342, Not Active, Not Active, Not Active
2026/07/17 09:53:37.499, 1192, 877, 197.22, 64, 64, 100, 14342, Not Active, Not Active, Not Active
2026/07/17 09:53:37.551, 1192, 877, 200.57, 64, 64, 100, 14342, Not Active, Not Active, Not Active
2026/07/17 09:53:37.602, 1192, 877, 186.71, 64, 64, 100, 14342, Not Active, Not Active, Not Active
2026/07/17 09:53:37.654, 1192, 877, 194.61, 64, 64, 100, 14342, Not Active, Not Active, Not Active
2026/07/17 09:53:37.706, 1192, 877, 200.57, 64, 64, 100, 14342, Not Active, Not Active, Not Active
2026/07/17 09:53:37.761, 1192, 877, 188.03, 65, 64, 100, 14342, Not Active, Not Active, Not Active
2026/07/17 09:53:37.812, 1192, 877, 185.03, 64, 64, 100, 14342, Not Active, Not Active, Not Active
2026/07/17 09:53:37.864, 1192, 877, 199.13, 64, 64, 100, 14342, Not Active, Not Active, Not Active
2026/07/17 09:53:37.921, 1192, 877, 194.13, 64, 64, 100, 14342, Not Active, Not Active, Not Active
2026/07/17 09:53:37.972, 1192, 877, 188.99, 65, 64, 100, 14342, Not Active, Not Active, Not Active
2026/07/17 09:53:38.024, 1192, 877, 195.92, 65, 64, 100, 14342, Not Active, Not Active, Not Active
2026/07/17 09:53:38.077, 1192, 877, 205.35, 65, 64, 100, 14342, Not Active, Not Active, Not Active
2026/07/17 09:53:38.128, 1192, 877, 200.70, 65, 64, 100, 14342, Not Active, Not Active, Not Active
2026/07/17 09:53:38.201, 1192, 877, 189.95, 65, 64, 100, 14342, Not Active, Not Active, Not Active
2026/07/17 09:53:38.253, 1192, 877, 186.82, 65, 64, 100, 14342, Not Active, Not Active, Not Active
2026/07/17 09:53:38.306, 1192, 877, 198.31, 65, 64, 100, 14342, Not Active, Not Active, Not Active
2026/07/17 09:53:38.358, 1192, 877, 200.70, 65, 64, 100, 14342, Not Active, Not Active, Not Active
2026/07/17 09:53:38.409, 1192, 877, 185.38, 65, 64, 100, 14342, Not Active, Not Active, Not Active
2026/07/17 09:53:38.462, 1192, 877, 188.03, 65, 64, 100, 14342, Not Active, Not Active, Not Active
2026/07/17 09:53:38.514, 1192, 877, 201.66, 65, 64, 100, 14342, Not Active, Not Active, Not Active
2026/07/17 09:53:38.567, 1192, 877, 205.15, 65, 64, 100, 14342, Not Active, Not Active, Not Active
2026/07/17 09:53:38.619, 1192, 877, 188.15, 65, 64, 100, 14342, Not Active, Not Active, Not Active
2026/07/17 09:53:38.671, 1192, 877, 194.48, 65, 63, 100, 14342, Not Active, Not Active, Not Active
2026/07/17 09:53:38.723, 1192, 877, 198.66, 65, 64, 100, 14342, Not Active, Not Active, Not Active
2026/07/17 09:53:38.775, 1192, 877, 182.40, 65, 65, 100, 14342, Not Active, Not Active, Not Active
2026/07/17 09:53:38.828, 1192, 877, 192.91, 65, 64, 100, 14342, Not Active, Not Active, Not Active
2026/07/17 09:53:38.879, 1192, 877, 197.70, 65, 64, 100, 14342, Not Active, Not Active, Not Active
2026/07/17 09:53:38.931, 1192, 877, 190.43, 65, 65, 100, 14342, Not Active, Not Active, Not Active
2026/07/17 09:53:38.983, 1192, 877, 185.86, 65, 65, 100, 14342, Not Active, Not Active, Not Active
2026/07/17 09:53:39.035, 1192, 877, 196.87, 65, 65, 100, 14342, Not Active, Not Active, Not Active
2026/07/17 09:53:39.089, 1192, 877, 189.95, 65, 64, 100, 14342, Not Active, Not Active, Not Active
2026/07/17 09:53:39.141, 1192, 877, 178.44, 65, 65, 100, 14342, Not Active, Not Active, Not Active
2026/07/17 09:53:39.193, 1192, 877, 196.05, 65, 65, 100, 14342, Not Active, Not Active, Not Active
2026/07/17 09:53:39.249, 1192, 877, 202.89, 65, 64, 100, 14342, Not Active, Not Active, Not Active
2026/07/17 09:53:39.301, 1192, 877, 190.78, 65, 65, 100, 14342, Not Active, Not Active, Not Active
2026/07/17 09:53:39.353, 1192, 877, 188.03, 65, 65, 100, 14342, Not Active, Not Active, Not Active
2026/07/17 09:53:39.405, 1192, 877, 199.27, 65, 65, 100, 14342, Not Active, Not Active, Not Active
2026/07/17 09:53:39.457, 1192, 877, 207.40, 66, 65, 100, 14342, Not Active, Not Active, Not Active
2026/07/17 09:53:39.512, 1192, 877, 187.30, 65, 65, 100, 14342, Not Active, Not Active, Not Active
2026/07/17 09:53:39.563, 1192, 877, 197.83, 65, 65, 100, 14342, Not Active, Not Active, Not Active
2026/07/17 09:53:39.615, 1192, 877, 205.83, 66, 65, 100, 14342, Not Active, Not Active, Not Active
2026/07/17 09:53:39.671, 1192, 877, 180.72, 65, 65, 100, 14342, Not Active, Not Active, Not Active
2026/07/17 09:53:39.723, 1192, 877, 130.94, 66, 64, 100, 14342, Not Active, Not Active, Not Active
2026/07/17 09:53:39.775, 1192, 877, 201.80, 65, 64, 100, 14342, Not Active, Not Active, Not Active
2026/07/17 09:53:39.832, 1192, 877, 203.58, 66, 65, 100, 14342, Not Active, Not Active, Not Active
2026/07/17 09:53:39.884, 1192, 877, 185.03, 66, 65, 100, 14342, Not Active, Not Active, Not Active
2026/07/17 09:53:39.935, 1192, 877, 199.40, 66, 65, 100, 14342, Not Active, Not Active, Not Active
2026/07/17 09:53:39.987, 1192, 877, 198.31, 66, 65, 100, 14342, Not Active, Not Active, Not Active
2026/07/17 09:53:40.039, 1192, 877, 172.07, 66, 65, 100, 14342, Not Active, Not Active, Not Active
2026/07/17 09:53:40.092, 1192, 877, 191.13, 66, 65, 100, 14342, Not Active, Not Active, Not Active
2026/07/17 09:53:40.144, 1192, 877, 197.35, 66, 65, 100, 14342, Not Active, Not Active, Not Active
2026/07/17 09:53:40.196, 1192, 877, 206.79, 66, 65, 100, 14342, Not Active, Not Active, Not Active
2026/07/17 09:53:40.248, 1192, 877, 182.63, 66, 65, 100, 14342, Not Active, Not Active, Not Active
2026/07/17 09:53:40.300, 1192, 877, 192.21, 66, 65, 100, 14342, Not Active, Not Active, Not Active
2026/07/17 09:53:40.354, 1192, 877, 195.92, 66, 65, 100, 14342, Not Active, Not Active, Not Active
2026/07/17 09:53:40.405, 1192, 877, 196.53, 66, 65, 100, 14342, Not Active, Not Active, Not Active
2026/07/17 09:53:40.457, 1192, 877, 172.32, 66, 65, 100, 14342, Not Active, Not Active, Not Active
2026/07/17 09:53:40.509, 1192, 877, 197.83, 66, 65, 100, 14342, Not Active, Not Active, Not Active
2026/07/17 09:53:40.561, 1192, 877, 198.31, 66, 65, 100, 14342, Not Active, Not Active, Not Active
2026/07/17 09:53:40.615, 1192, 877, 195.09, 66, 65, 100, 14342, Not Active, Not Active, Not Active
2026/07/17 09:53:40.667, 1192, 877, 186.34, 66, 66, 100, 14342, Not Active, Not Active, Not Active
2026/07/17 09:53:40.718, 1192, 877, 195.57, 66, 65, 100, 14342, Not Active, Not Active, Not Active
2026/07/17 09:53:40.771, 1192, 877, 201.53, 66, 66, 100, 14342, Not Active, Not Active, Not Active
2026/07/17 09:53:40.822, 1192, 877, 171.37, 66, 66, 100, 14342, Not Active, Not Active, Not Active
2026/07/17 09:53:40.876, 1192, 877, 192.82, 66, 66, 100, 14342, Not Active, Not Active, Not Active
2026/07/17 09:53:40.927, 1192, 877, 200.70, 66, 65, 100, 14342, Not Active, Not Active, Not Active
2026/07/17 09:53:40.979, 1192, 877, 206.45, 66, 66, 100, 14342, Not Active, Not Active, Not Active
2026/07/17 09:53:41.031, 1192, 877, 177.96, 66, 66, 100, 14342, Not Active, Not Active, Not Active
2026/07/17 09:53:41.083, 1192, 877, 178.44, 66, 65, 100, 14342, Not Active, Not Active, Not Active
2026/07/17 09:53:41.135, 1192, 877, 195.09, 66, 66, 100, 14342, Not Active, Not Active, Not Active
2026/07/17 09:53:41.187, 1192, 877, 198.31, 66, 65, 100, 14342, Not Active, Not Active, Not Active
2026/07/17 09:53:41.239, 1192, 877, 191.38, 66, 66, 100, 14342, Not Active, Not Active, Not Active
2026/07/17 09:53:41.291, 1192, 877, 182.99, 66, 66, 100, 14342, Not Active, Not Active, Not Active
2026/07/17 09:53:41.342, 1192, 877, 196.26, 66, 65, 100, 14342, Not Active, Not Active, Not Active
2026/07/17 09:53:41.398, 1192, 877, 201.87, 66, 66, 100, 14342, Not Active, Not Active, Not Active
2026/07/17 09:53:41.449, 1192, 877, 173.40, 67, 66, 100, 14342, Not Active, Not Active, Not Active
2026/07/17 09:53:41.501, 1192, 877, 193.17, 66, 65, 100, 14342, Not Active, Not Active, Not Active
2026/07/17 09:53:41.553, 1192, 877, 198.79, 67, 66, 100, 14342, Not Active, Not Active, Not Active
2026/07/17 09:53:41.605, 1192, 877, 198.44, 66, 66, 100, 14342, Not Active, Not Active, Not Active
2026/07/17 09:53:41.660, 1192, 877, 184.80, 67, 66, 100, 14342, Not Active, Not Active, Not Active
2026/07/17 09:53:41.712, 1192, 877, 133.35, 66, 66, 100, 14342, Not Active, Not Active, Not Active
2026/07/17 09:53:41.764, 1192, 877, 203.23, 67, 65, 100, 14342, Not Active, Not Active, Not Active
2026/07/17 09:53:41.820, 1192, 877, 204.88, 66, 66, 100, 14342, Not Active, Not Active, Not Active
2026/07/17 09:53:41.871, 1192, 877, 174.24, 67, 66, 100, 14342, Not Active, Not Active, Not Active
2026/07/17 09:53:41.923, 1192, 877, 195.57, 67, 66, 100, 14342, Not Active, Not Active, Not Active
2026/07/17 09:53:41.975, 1192, 877, 202.27, 67, 66, 100, 14342, Not Active, Not Active, Not Active
2026/07/17 09:53:42.027, 1192, 877, 199.05, 67, 66, 100, 14342, Not Active, Not Active, Not Active
2026/07/17 09:53:42.082, 1192, 877, 185.15, 67, 66, 100, 14342, Not Active, Not Active, Not Active
2026/07/17 09:53:42.134, 1192, 877, 193.65, 67, 66, 100, 14342, Not Active, Not Active, Not Active
2026/07/17 09:53:42.186, 1192, 877, 207.74, 67, 66, 100, 14342, Not Active, Not Active, Not Active
2026/07/17 09:53:42.242, 1192, 877, 169.93, 67, 66, 100, 14342, Not Active, Not Active, Not Active
2026/07/17 09:53:42.294, 1192, 877, 188.86, 67, 66, 100, 14342, Not Active, Not Active, Not Active
2026/07/17 09:53:42.345, 1192, 877, 201.32, 67, 66, 100, 14342, Not Active, Not Active, Not Active
2026/07/17 09:53:42.403, 1192, 877, 190.17, 67, 66, 100, 14342, Not Active, Not Active, Not Active
2026/07/17 09:53:42.454, 1192, 877, 185.28, 67, 66, 100, 14342, Not Active, Not Active, Not Active
2026/07/17 09:53:42.506, 1192, 877, 191.99, 67, 66, 100, 14342, Not Active, Not Active, Not Active
2026/07/17 09:53:42.562, 1192, 877, 203.58, 67, 66, 100, 14342, Not Active, Not Active, Not Active
2026/07/17 09:53:42.614, 1192, 877, 208.36, 67, 66, 100, 14342, Not Active, Not Active, Not Active
2026/07/17 09:53:42.665, 1192, 877, 166.20, 67, 67, 100, 14342, Not Active, Not Active, Not Active
2026/07/17 09:53:42.717, 1192, 877, 184.07, 67, 66, 100, 14342, Not Active, Not Active, Not Active
2026/07/17 09:53:42.769, 1192, 877, 201.18, 67, 66, 100, 14342, Not Active, Not Active, Not Active
2026/07/17 09:53:42.823, 1192, 877, 204.05, 67, 67, 100, 14342, Not Active, Not Active, Not Active
2026/07/17 09:53:42.876, 1192, 877, 174.24, 67, 66, 100, 14342, Not Active, Not Active, Not Active
2026/07/17 09:53:42.927, 1192, 877, 193.17, 67, 66, 100, 14342, Not Active, Not Active, Not Active
2026/07/17 09:53:42.979, 1192, 877, 196.26, 67, 66, 100, 14342, Not Active, Not Active, Not Active
2026/07/17 09:53:43.031, 1192, 877, 205.49, 67, 67, 100, 14342, Not Active, Not Active, Not Active
2026/07/17 09:53:43.085, 1192, 877, 186.59, 67, 66, 100, 14342, Not Active, Not Active, Not Active
2026/07/17 09:53:43.137, 1192, 877, 178.80, 67, 67, 100, 14342, Not Active, Not Active, Not Active
2026/07/17 09:53:43.189, 1192, 877, 196.53, 67, 66, 100, 14342, Not Active, Not Active, Not Active
2026/07/17 09:53:43.245, 1192, 877, 205.01, 67, 66, 100, 14342, Not Active, Not Active, Not Active
2026/07/17 09:53:43.297, 1192, 877, 183.84, 67, 67, 100, 14342, Not Active, Not Active, Not Active
2026/07/17 09:53:43.349, 1192, 877, 189.24, 67, 67, 100, 14342, Not Active, Not Active, Not Active
2026/07/17 09:53:43.401, 1192, 877, 195.57, 67, 67, 100, 14342, Not Active, Not Active, Not Active
2026/07/17 09:53:43.453, 1192, 877, 204.67, 67, 67, 100, 14342, Not Active, Not Active, Not Active
2026/07/17 09:53:43.507, 1192, 877, 180.48, 67, 67, 100, 14342, Not Active, Not Active, Not Active
2026/07/17 09:53:43.558, 1192, 877, 187.68, 67, 67, 100, 14342, Not Active, Not Active, Not Active
2026/07/17 09:53:43.610, 1192, 877, 202.75, 67, 66, 100, 14342, Not Active, Not Active, Not Active
2026/07/17 09:53:43.666, 1192, 877, 203.58, 68, 67, 100, 14342, Not Active, Not Active, Not Active
2026/07/17 09:53:43.718, 1192, 877, 164.28, 68, 67, 100, 14342, Not Active, Not Active, Not Active
2026/07/17 09:53:43.770, 1192, 877, 166.31, 67, 67, 100, 14342, Not Active, Not Active, Not Active
2026/07/17 09:53:43.822, 1192, 877, 186.11, 68, 67, 100, 14342, Not Active, Not Active, Not Active
2026/07/17 09:53:43.873, 1192, 877, 199.75, 67, 66, 100, 14342, Not Active, Not Active, Not Active
2026/07/17 09:53:43.928, 1192, 877, 205.83, 68, 67, 100, 14342, Not Active, Not Active, Not Active
2026/07/17 09:53:43.979, 1192, 877, 173.76, 68, 67, 100, 14342, Not Active, Not Active, Not Active
2026/07/17 09:53:44.031, 1192, 877, 188.61, 68, 67, 100, 14342, Not Active, Not Active, Not Active
2026/07/17 09:53:44.087, 1192, 877, 198.31, 68, 67, 100, 14342, Not Active, Not Active, Not Active
2026/07/17 09:53:44.139, 1192, 877, 202.62, 68, 67, 100, 14342, Not Active, Not Active, Not Active
2026/07/17 09:53:44.190, 1192, 877, 170.41, 68, 67, 100, 14342, Not Active, Not Active, Not Active
2026/07/17 09:53:44.242, 1192, 877, 184.67, 68, 67, 100, 14342, Not Active, Not Active, Not Active
2026/07/17 09:53:44.294, 1192, 877, 199.88, 68, 67, 100, 14342, Not Active, Not Active, Not Active
2026/07/17 09:53:44.348, 1192, 877, 205.69, 68, 67, 100, 14342, Not Active, Not Active, Not Active
2026/07/17 09:53:44.400, 1192, 877, 180.00, 68, 67, 100, 14342, Not Active, Not Active, Not Active
2026/07/17 09:53:44.451, 1192, 877, 166.79, 68, 67, 100, 14342, Not Active, Not Active, Not Active
2026/07/17 09:53:44.503, 1192, 877, 182.28, 68, 67, 100, 14342, Not Active, Not Active, Not Active
2026/07/17 09:53:44.555, 1192, 877, 198.79, 68, 67, 100, 14342, Not Active, Not Active, Not Active
2026/07/17 09:53:44.610, 1192, 877, 200.70, 68, 67, 100, 14342, Not Active, Not Active, Not Active
2026/07/17 09:53:44.662, 1192, 877, 184.67, 68, 67, 100, 14342, Not Active, Not Active, Not Active
2026/07/17 09:53:44.713, 1192, 877, 186.59, 68, 67, 100, 14342, Not Active, Not Active, Not Active
2026/07/17 09:53:44.770, 1192, 877, 199.75, 68, 67, 100, 14342, Not Active, Not Active, Not Active
2026/07/17 09:53:44.821, 1192, 877, 199.48, 68, 67, 100, 14342, Not Active, Not Active, Not Active
2026/07/17 09:53:44.873, 1192, 877, 186.11, 68, 67, 100, 14342, Not Active, Not Active, Not Active
2026/07/17 09:53:44.925, 1192, 877, 184.67, 68, 68, 100, 14342, Not Active, Not Active, Not Active
2026/07/17 09:53:44.977, 1192, 877, 193.39, 68, 68, 100, 14342, Not Active, Not Active, Not Active
2026/07/17 09:53:45.031, 1192, 877, 199.27, 68, 67, 100, 14342, Not Active, Not Active, Not Active
2026/07/17 09:53:45.083, 1192, 877, 194.74, 68, 68, 100, 14342, Not Active, Not Active, Not Active
2026/07/17 09:53:45.134, 1192, 877, 185.76, 68, 67, 100, 14342, Not Active, Not Active, Not Active
2026/07/17 09:53:45.186, 1192, 877, 177.60, 68, 68, 100, 14342, Not Active, Not Active, Not Active
2026/07/17 09:53:45.238, 1192, 877, 189.09, 68, 67, 100, 14342, Not Active, Not Active, Not Active
2026/07/17 09:53:45.291, 1192, 877, 205.49, 68, 67, 100, 14342, Not Active, Not Active, Not Active
2026/07/17 09:53:45.343, 1192, 877, 206.93, 68, 67, 100, 14342, Not Active, Not Active, Not Active
2026/07/17 09:53:45.395, 1192, 877, 170.63, 68, 68, 100, 14342, Not Active, Not Active, Not Active
2026/07/17 09:53:45.447, 1192, 877, 183.84, 68, 68, 100, 14342, Not Active, Not Active, Not Active
2026/07/17 09:53:45.499, 1192, 877, 196.74, 68, 67, 100, 14342, Not Active, Not Active, Not Active
2026/07/17 09:53:45.554, 1192, 877, 206.45, 68, 67, 100, 14342, Not Active, Not Active, Not Active
2026/07/17 09:53:45.605, 1192, 877, 184.32, 68, 68, 100, 14342, Not Active, Not Active, Not Active
2026/07/17 09:53:45.657, 1192, 877, 186.59, 68, 68, 100, 14342, Not Active, Not Active, Not Active
2026/07/17 09:53:45.713, 1192, 877, 196.87, 68, 67, 100, 14342, Not Active, Not Active, Not Active
2026/07/17 09:53:45.764, 1192, 877, 200.70, 68, 67, 100, 14342, Not Active, Not Active, Not Active
2026/07/17 09:53:45.816, 1192, 877, 186.34, 68, 67, 100, 14342, Not Active, Not Active, Not Active
2026/07/17 09:53:45.868, 1192, 877, 191.26, 68, 68, 100, 14342, Not Active, Not Active, Not Active
2026/07/17 09:53:45.920, 1192, 877, 174.61, 68, 68, 100, 14342, Not Active, Not Active, Not Active
2026/07/17 09:53:45.972, 1192, 877, 189.09, 68, 68, 100, 14342, Not Active, Not Active, Not Active
2026/07/17 09:53:46.024, 1192, 877, 198.79, 68, 67, 100, 14342, Not Active, Not Active, Not Active
2026/07/17 09:53:46.076, 1192, 877, 203.30, 68, 68, 100, 14342, Not Active, Not Active, Not Active
2026/07/17 09:53:46.128, 1192, 877, 182.76, 69, 68, 100, 14342, Not Active, Not Active, Not Active
2026/07/17 09:53:46.179, 1192, 877, 183.59, 69, 68, 100, 14342, Not Active, Not Active, Not Active
2026/07/17 09:53:46.235, 1192, 877, 194.96, 69, 67, 100, 14342, Not Active, Not Active, Not Active
2026/07/17 09:53:46.287, 1192, 877, 199.27, 69, 68, 100, 14342, Not Active, Not Active, Not Active
2026/07/17 09:53:46.338, 1192, 877, 194.61, 69, 68, 100, 14342, Not Active, Not Active, Not Active
2026/07/17 09:53:46.390, 1192, 877, 171.14, 69, 68, 100, 14342, Not Active, Not Active, Not Active
2026/07/17 09:53:46.442, 1192, 877, 188.74, 69, 67, 100, 14342, Not Active, Not Active, Not Active
2026/07/17 09:53:46.496, 1192, 877, 143.64, 69, 68, 100, 14342, Not Active, Not Active, Not Active
2026/07/17 09:53:46.548, 1192, 877, 200.84, 68, 67, 100, 14342, Not Active, Not Active, Not Active
2026/07/17 09:53:46.599, 1192, 877, 201.53, 68, 68, 100, 14342, Not Active, Not Active, Not Active
2026/07/17 09:53:46.651, 1192, 877, 187.78, 69, 68, 100, 14342, Not Active, Not Active, Not Active
2026/07/17 09:53:46.703, 1192, 877, 178.56, 69, 68, 100, 14342, Not Active, Not Active, Not Active
2026/07/17 09:53:46.755, 1192, 877, 192.91, 69, 67, 100, 14342, Not Active, Not Active, Not Active
2026/07/17 09:53:46.807, 1192, 877, 199.13, 69, 68, 100, 14342, Not Active, Not Active, Not Active
2026/07/17 09:53:46.859, 1192, 877, 206.31, 69, 68, 100, 14342, Not Active, Not Active, Not Active
2026/07/17 09:53:46.911, 1192, 877, 188.99, 69, 68, 100, 14342, Not Active, Not Active, Not Active
2026/07/17 09:53:46.962, 1192, 877, 182.76, 69, 67, 100, 14342, Not Active, Not Active, Not Active
2026/07/17 09:53:47.017, 1192, 877, 192.34, 69, 67, 100, 14342, Not Active, Not Active, Not Active
2026/07/17 09:53:47.069, 1192, 877, 199.75, 69, 68, 100, 14342, Not Active, Not Active, Not Active
2026/07/17 09:53:47.121, 1192, 877, 203.44, 69, 68, 100, 14342, Not Active, Not Active, Not Active
2026/07/17 09:53:47.172, 1192, 877, 167.64, 69, 68, 100, 14342, Not Active, Not Active, Not Active
2026/07/17 09:53:47.224, 1192, 877, 156.70, 69, 68, 100, 14342, Not Active, Not Active, Not Active
2026/07/17 09:53:47.278, 1192, 877, 182.76, 69, 68, 100, 14342, Not Active, Not Active, Not Active
2026/07/17 09:53:47.330, 1192, 877, 194.48, 69, 67, 100, 14342, Not Active, Not Active, Not Active
2026/07/17 09:53:47.382, 1192, 877, 198.66, 69, 68, 100, 14342, Not Active, Not Active, Not Active
2026/07/17 09:53:47.434, 1192, 877, 209.18, 69, 68, 100, 14342, Not Active, Not Active, Not Active
2026/07/17 09:53:47.485, 1192, 877, 166.46, 69, 68, 100, 14342, Not Active, Not Active, Not Active
2026/07/17 09:53:47.539, 1192, 877, 187.07, 69, 68, 100, 14342, Not Active, Not Active, Not Active
2026/07/17 09:53:47.591, 1192, 877, 194.00, 69, 67, 100, 14342, Not Active, Not Active, Not Active
2026/07/17 09:53:47.643, 1192, 877, 199.75, 69, 68, 100, 14342, Not Active, Not Active, Not Active
2026/07/17 09:53:47.695, 1192, 877, 199.75, 69, 69, 100, 14342, Not Active, Not Active, Not Active
2026/07/17 09:53:47.747, 1192, 877, 169.45, 69, 68, 100, 14342, Not Active, Not Active, Not Active
2026/07/17 09:53:47.799, 1192, 877, 186.47, 69, 68, 100, 14342, Not Active, Not Active, Not Active
2026/07/17 09:53:47.851, 1192, 877, 195.57, 69, 68, 100, 14342, Not Active, Not Active, Not Active
2026/07/17 09:53:47.903, 1192, 877, 168.60, 69, 67, 100, 14342, Not Active, Not Active, Not Active
2026/07/17 09:53:47.955, 1192, 877, 198.31, 69, 68, 100, 14342, Not Active, Not Active, Not Active
2026/07/17 09:53:48.007, 1192, 877, 195.22, 69, 69, 100, 14342, Not Active, Not Active, Not Active
2026/07/17 09:53:48.062, 1192, 877, 172.21, 69, 69, 100, 14342, Not Active, Not Active, Not Active
2026/07/17 09:53:48.114, 1192, 877, 187.42, 69, 68, 100, 14342, Not Active, Not Active, Not Active
2026/07/17 09:53:48.166, 1192, 877, 204.40, 69, 68, 100, 14342, Not Active, Not Active, Not Active
2026/07/17 09:53:48.222, 1192, 877, 205.49, 69, 68, 100, 14342, Not Active, Not Active, Not Active
2026/07/17 09:53:48.274, 1192, 877, 181.32, 69, 69, 100, 14342, Not Active, Not Active, Not Active
2026/07/17 09:53:48.326, 1192, 877, 176.41, 69, 69, 100, 14342, Not Active, Not Active, Not Active
2026/07/17 09:53:48.378, 1192, 877, 189.21, 69, 68, 100, 14342, Not Active, Not Active, Not Active
2026/07/17 09:53:48.430, 1192, 877, 203.10, 69, 68, 100, 14342, Not Active, Not Active, Not Active
2026/07/17 09:53:48.484, 1192, 877, 208.84, 69, 69, 100, 14342, Not Active, Not Active, Not Active
2026/07/17 09:53:48.536, 1192, 877, 180.12, 69, 69, 100, 14342, Not Active, Not Active, Not Active
2026/07/17 09:53:48.587, 1192, 877, 124.86, 69, 68, 100, 14342, Not Active, Not Active, Not Active
2026/07/17 09:53:48.648, 1192, 877, 195.09, 69, 68, 100, 14342, Not Active, Not Active, Not Active
2026/07/17 09:53:48.700, 1192, 877, 196.26, 69, 68, 100, 14342, Not Active, Not Active, Not Active
2026/07/17 09:53:48.752, 1192, 877, 202.14, 69, 68, 100, 14342, Not Active, Not Active, Not Active
2026/07/17 09:53:48.805, 1192, 877, 192.69, 69, 69, 100, 14342, Not Active, Not Active, Not Active
2026/07/17 09:53:48.856, 1192, 877, 166.68, 69, 69, 100, 14342, Not Active, Not Active, Not Active
2026/07/17 09:53:48.909, 1192, 877, 185.63, 69, 69, 100, 14342, Not Active, Not Active, Not Active
2026/07/17 09:53:48.960, 1192, 877, 194.00, 69, 68, 100, 14342, Not Active, Not Active, Not Active
2026/07/17 09:53:49.012, 1192, 877, 198.66, 69, 68, 100, 14342, Not Active, Not Active, Not Active
2026/07/17 09:53:49.064, 1192, 877, 205.35, 69, 69, 100, 14342, Not Active, Not Active, Not Active
2026/07/17 09:53:49.115, 1192, 877, 162.36, 70, 69, 100, 14342, Not Active, Not Active, Not Active
2026/07/17 09:53:49.171, 1192, 877, 184.32, 69, 69, 100, 14342, Not Active, Not Active, Not Active
2026/07/17 09:53:49.222, 1192, 877, 191.00, 70, 69, 100, 14342, Not Active, Not Active, Not Active
2026/07/17 09:53:49.274, 1192, 877, 200.09, 70, 67, 100, 14342, Not Active, Not Active, Not Active
2026/07/17 09:53:49.326, 1192, 877, 179.16, 69, 68, 100, 14342, Not Active, Not Active, Not Active
2026/07/17 09:53:49.377, 1192, 877, 201.53, 69, 69, 100, 14342, Not Active, Not Active, Not Active
2026/07/17 09:53:49.433, 1192, 877, 182.88, 70, 69, 100, 14342, Not Active, Not Active, Not Active
2026/07/17 09:53:49.485, 1192, 877, 173.76, 70, 69, 100, 14342, Not Active, Not Active, Not Active
2026/07/17 09:53:49.536, 1192, 877, 194.61, 69, 69, 100, 14342, Not Active, Not Active, Not Active
2026/07/17 09:53:49.593, 1192, 877, 202.62, 70, 69, 100, 14342, Not Active, Not Active, Not Active
2026/07/17 09:53:49.644, 1192, 877, 203.30, 70, 69, 100, 14342, Not Active, Not Active, Not Active
2026/07/17 09:53:49.696, 1192, 877, 188.51, 70, 69, 100, 14342, Not Active, Not Active, Not Active
2026/07/17 09:53:49.748, 1192, 877, 197.35, 70, 69, 100, 14342, Not Active, Not Active, Not Active
2026/07/17 09:53:49.866, 1192, 877, 209.18, 70, 69, 100, 14342, Not Active, Not Active, Not Active
2026/07/17 09:53:49.920, 1192, 877, 163.32, 70, 69, 100, 14342, Not Active, Not Active, Not Active
2026/07/17 09:53:49.972, 1192, 877, 178.92, 70, 69, 100, 14342, Not Active, Not Active, Not Active
2026/07/17 09:53:50.024, 1192, 877, 110.07, 70, 69, 100, 14342, Not Active, Not Active, Not Active
2026/07/17 09:53:50.078, 1192, 877, 192.21, 69, 69, 100, 14342, Not Active, Not Active, Not Active
2026/07/17 09:53:50.130, 1192, 877, 199.61, 70, 68, 100, 14342, Not Active, Not Active, Not Active
2026/07/17 09:53:50.181, 1192, 877, 201.18, 70, 69, 100, 14342, Not Active, Not Active, Not Active
2026/07/17 09:53:50.233, 1192, 877, 201.05, 70, 69, 100, 14342, Not Active, Not Active, Not Active
2026/07/17 09:53:50.285, 1192, 877, 163.80, 70, 69, 100, 14342, Not Active, Not Active, Not Active
2026/07/17 09:53:50.337, 1192, 877, 180.84, 70, 69, 100, 14342, Not Active, Not Active, Not Active
2026/07/17 09:53:50.388, 1192, 877, 190.30, 70, 69, 100, 14342, Not Active, Not Active, Not Active
2026/07/17 09:53:50.442, 1192, 877, 202.14, 70, 69, 100, 14342, Not Active, Not Active, Not Active
2026/07/17 09:53:50.493, 1192, 877, 207.40, 70, 69, 100, 14342, Not Active, Not Active, Not Active
2026/07/17 09:53:50.545, 1192, 877, 189.82, 70, 69, 100, 14342, Not Active, Not Active, Not Active
2026/07/17 09:53:50.597, 1192, 877, 165.61, 70, 70, 100, 14342, Not Active, Not Active, Not Active
2026/07/17 09:53:50.649, 1192, 877, 184.19, 70, 69, 100, 14342, Not Active, Not Active, Not Active
2026/07/17 09:53:50.702, 1192, 877, 192.21, 70, 69, 100, 14342, Not Active, Not Active, Not Active
2026/07/17 09:53:50.754, 1192, 877, 159.48, 70, 69, 100, 14342, Not Active, Not Active, Not Active
2026/07/17 09:53:50.806, 1192, 877, 201.32, 70, 69, 100, 14342, Not Active, Not Active, Not Active
2026/07/17 09:53:50.857, 1192, 877, 205.83, 70, 69, 100, 14342, Not Active, Not Active, Not Active
2026/07/17 09:53:50.909, 1192, 877, 185.63, 70, 70, 100, 14342, Not Active, Not Active, Not Active
2026/07/17 09:53:50.965, 1192, 877, 171.73, 70, 70, 100, 14342, Not Active, Not Active, Not Active
2026/07/17 09:53:51.016, 1192, 877, 186.95, 70, 70, 100, 14342, Not Active, Not Active, Not Active
2026/07/17 09:53:51.068, 1192, 877, 202.35, 70, 69, 100, 14342, Not Active, Not Active, Not Active
2026/07/17 09:53:51.124, 1192, 877, 201.53, 70, 69, 100, 14342, Not Active, Not Active, Not Active
2026/07/17 09:53:51.176, 1192, 877, 201.80, 70, 70, 100, 14342, Not Active, Not Active, Not Active
2026/07/17 09:53:51.228, 1192, 877, 163.32, 70, 70, 100, 14342, Not Active, Not Active, Not Active
2026/07/17 09:53:51.280, 1192, 877, 180.48, 70, 70, 100, 14342, Not Active, Not Active, Not Active
2026/07/17 09:53:51.331, 1192, 877, 194.61, 70, 70, 100, 14342, Not Active, Not Active, Not Active
2026/07/17 09:53:51.385, 1192, 877, 196.87, 70, 69, 100, 14342, Not Active, Not Active, Not Active
2026/07/17 09:53:51.437, 1192, 877, 205.49, 70, 69, 100, 14342, Not Active, Not Active, Not Active
2026/07/17 09:53:51.488, 1192, 877, 187.55, 70, 69, 100, 14342, Not Active, Not Active, Not Active
2026/07/17 09:53:51.540, 1192, 877, 205.49, 70, 69, 100, 14342, Not Active, Not Active, Not Active
2026/07/17 09:53:51.592, 1192, 877, 171.85, 70, 70, 100, 14342, Not Active, Not Active, Not Active
2026/07/17 09:53:51.647, 1192, 877, 180.96, 70, 70, 100, 14342, Not Active, Not Active, Not Active
2026/07/17 09:53:51.698, 1192, 877, 189.34, 70, 69, 100, 14342, Not Active, Not Active, Not Active
2026/07/17 09:53:51.750, 1192, 877, 194.96, 70, 69, 100, 14342, Not Active, Not Active, Not Active
2026/07/17 09:53:51.802, 1192, 877, 199.13, 70, 70, 100, 14342, Not Active, Not Active, Not Active
2026/07/17 09:53:51.854, 1192, 877, 204.53, 70, 70, 100, 14342, Not Active, Not Active, Not Active
2026/07/17 09:53:51.908, 1192, 877, 170.52, 70, 70, 100, 14342, Not Active, Not Active, Not Active
2026/07/17 09:53:51.960, 1192, 877, 178.08, 70, 70, 100, 14342, Not Active, Not Active, Not Active
2026/07/17 09:53:52.012, 1192, 877, 194.13, 70, 69, 100, 14342, Not Active, Not Active, Not Active
2026/07/17 09:53:52.068, 1192, 877, 200.91, 70, 69, 100, 14342, Not Active, Not Active, Not Active
2026/07/17 09:53:52.119, 1192, 877, 205.63, 70, 69, 100, 14342, Not Active, Not Active, Not Active
2026/07/17 09:53:52.171, 1192, 877, 195.92, 71, 70, 100, 14342, Not Active, Not Active, Not Active
2026/07/17 09:53:52.223, 1192, 877, 194.48, 70, 69, 100, 14342, Not Active, Not Active, Not Active
2026/07/17 09:53:52.275, 1192, 877, 180.60, 70, 70, 100, 14342, Not Active, Not Active, Not Active
2026/07/17 09:53:52.330, 1192, 877, 170.66, 70, 70, 100, 14342, Not Active, Not Active, Not Active
2026/07/17 09:53:52.382, 1192, 877, 186.47, 70, 70, 100, 14342, Not Active, Not Active, Not Active
2026/07/17 09:53:52.434, 1192, 877, 201.05, 70, 69, 100, 14342, Not Active, Not Active, Not Active
2026/07/17 09:53:52.490, 1192, 877, 198.66, 70, 70, 100, 14342, Not Active, Not Active, Not Active
2026/07/17 09:53:52.542, 1192, 877, 202.62, 70, 70, 100, 14342, Not Active, Not Active, Not Active
2026/07/17 09:53:52.593, 1192, 877, 173.28, 71, 70, 100, 14342, Not Active, Not Active, Not Active
2026/07/17 09:53:52.645, 1192, 877, 176.64, 70, 70, 100, 14342, Not Active, Not Active, Not Active
2026/07/17 09:53:52.698, 1192, 877, 188.86, 70, 69, 100, 14342, Not Active, Not Active, Not Active
2026/07/17 09:53:52.750, 1192, 877, 192.91, 71, 70, 100, 14342, Not Active, Not Active, Not Active
2026/07/17 09:53:52.802, 1192, 877, 200.09, 71, 70, 100, 14342, Not Active, Not Active, Not Active
2026/07/17 09:53:52.853, 1192, 877, 208.02, 71, 70, 100, 14342, Not Active, Not Active, Not Active
2026/07/17 09:53:52.905, 1192, 877, 189.47, 71, 70, 100, 14342, Not Active, Not Active, Not Active
2026/07/17 09:53:52.957, 1192, 877, 187.07, 70, 70, 100, 14342, Not Active, Not Active, Not Active
2026/07/17 09:53:53.012, 1192, 877, 161.51, 71, 70, 100, 14342, Not Active, Not Active, Not Active
2026/07/17 09:53:53.064, 1192, 877, 175.93, 71, 70, 100, 14342, Not Active, Not Active, Not Active
2026/07/17 09:53:53.116, 1192, 877, 198.57, 71, 70, 100, 14342, Not Active, Not Active, Not Active
2026/07/17 09:53:53.172, 1192, 877, 201.18, 71, 70, 100, 14342, Not Active, Not Active, Not Active
2026/07/17 09:53:53.224, 1192, 877, 206.45, 71, 70, 100, 14342, Not Active, Not Active, Not Active
2026/07/17 09:53:53.276, 1192, 877, 197.35, 71, 70, 100, 14342, Not Active, Not Active, Not Active
2026/07/17 09:53:53.328, 1192, 877, 169.56, 71, 70, 100, 14342, Not Active, Not Active, Not Active
2026/07/17 09:53:53.379, 1192, 877, 168.74, 71, 70, 100, 14342, Not Active, Not Active, Not Active
2026/07/17 09:53:53.431, 1192, 877, 181.32, 71, 69, 100, 14342, Not Active, Not Active, Not Active
2026/07/17 09:53:53.483, 1192, 877, 194.96, 71, 70, 100, 14342, Not Active, Not Active, Not Active
2026/07/17 09:53:53.534, 1192, 877, 204.53, 71, 70, 100, 14342, Not Active, Not Active, Not Active
2026/07/17 09:53:53.586, 1192, 877, 200.91, 71, 70, 100, 14342, Not Active, Not Active, Not Active
2026/07/17 09:53:53.638, 1192, 877, 182.76, 71, 70, 100, 14342, Not Active, Not Active, Not Active
2026/07/17 09:53:53.694, 1192, 877, 190.78, 71, 70, 100, 14342, Not Active, Not Active, Not Active
2026/07/17 09:53:53.746, 1192, 877, 174.36, 71, 70, 100, 14342, Not Active, Not Active, Not Active
2026/07/17 09:53:53.798, 1192, 877, 172.44, 71, 70, 100, 14342, Not Active, Not Active, Not Active
2026/07/17 09:53:53.850, 1192, 877, 185.99, 71, 70, 100, 14342, Not Active, Not Active, Not Active
2026/07/17 09:53:53.903, 1192, 877, 194.61, 71, 69, 100, 14342, Not Active, Not Active, Not Active
2026/07/17 09:53:53.955, 1192, 877, 203.10, 71, 70, 100, 14342, Not Active, Not Active, Not Active
2026/07/17 09:53:54.007, 1192, 877, 208.70, 71, 70, 100, 14342, Not Active, Not Active, Not Active
2026/07/17 09:53:54.058, 1192, 877, 197.83, 71, 70, 100, 14342, Not Active, Not Active, Not Active
2026/07/17 09:53:54.111, 1192, 877, 167.16, 71, 70, 100, 14342, Not Active, Not Active, Not Active
2026/07/17 09:53:54.162, 1192, 877, 175.32, 71, 71, 100, 14342, Not Active, Not Active, Not Active
2026/07/17 09:53:54.214, 1192, 877, 185.51, 71, 69, 100, 14342, Not Active, Not Active, Not Active
2026/07/17 09:53:54.266, 1192, 877, 196.53, 71, 69, 100, 14342, Not Active, Not Active, Not Active
2026/07/17 09:53:54.318, 1192, 877, 201.80, 71, 70, 100, 14342, Not Active, Not Active, Not Active
2026/07/17 09:53:54.369, 1192, 877, 200.23, 71, 70, 100, 14342, Not Active, Not Active, Not Active
2026/07/17 09:53:54.421, 1192, 877, 184.67, 70, 70, 100, 14342, Not Active, Not Active, Not Active
2026/07/17 09:53:54.476, 1192, 877, 204.40, 71, 70, 100, 14342, Not Active, Not Active, Not Active
2026/07/17 09:53:54.528, 1192, 877, 186.11, 71, 70, 100, 14342, Not Active, Not Active, Not Active
2026/07/17 09:53:54.580, 1192, 877, 158.15, 71, 71, 100, 14342, Not Active, Not Active, Not Active
2026/07/17 09:53:54.632, 1192, 877, 170.77, 71, 71, 100, 14342, Not Active, Not Active, Not Active
2026/07/17 09:53:54.684, 1192, 877, 195.22, 71, 69, 100, 14342, Not Active, Not Active, Not Active
2026/07/17 09:53:54.737, 1192, 877, 193.65, 71, 69, 100, 14342, Not Active, Not Active, Not Active
2026/07/17 09:53:54.789, 1192, 877, 204.67, 71, 70, 100, 14342, Not Active, Not Active, Not Active
2026/07/17 09:53:54.840, 1192, 877, 207.40, 71, 70, 100, 14342, Not Active, Not Active, Not Active
2026/07/17 09:53:54.892, 1192, 877, 197.14, 71, 70, 100, 14342, Not Active, Not Active, Not Active
2026/07/17 09:53:54.944, 1192, 877, 161.13, 71, 71, 100, 14342, Not Active, Not Active, Not Active
2026/07/17 09:53:54.998, 1192, 877, 177.60, 71, 71, 100, 14342, Not Active, Not Active, Not Active
2026/07/17 09:53:55.050, 1192, 877, 185.38, 71, 70, 100, 14342, Not Active, Not Active, Not Active
2026/07/17 09:53:55.101, 1192, 877, 192.57, 71, 69, 100, 14342, Not Active, Not Active, Not Active
2026/07/17 09:53:55.153, 1192, 877, 132.87, 71, 69, 100, 14342, Not Active, Not Active, Not Active
2026/07/17 09:53:55.205, 1192, 877, 194.00, 71, 69, 100, 14342, Not Active, Not Active, Not Active
2026/07/17 09:53:55.260, 1192, 877, 205.63, 71, 70, 100, 14342, Not Active, Not Active, Not Active
2026/07/17 09:53:55.312, 1192, 877, 209.80, 71, 70, 100, 14342, Not Active, Not Active, Not Active
2026/07/17 09:53:55.363, 1192, 877, 197.83, 71, 71, 100, 14342, Not Active, Not Active, Not Active
2026/07/17 09:53:55.416, 1192, 877, 170.52, 71, 70, 100, 14342, Not Active, Not Active, Not Active
2026/07/17 09:53:55.467, 1192, 877, 169.93, 71, 71, 100, 14342, Not Active, Not Active, Not Active
2026/07/17 09:53:55.519, 1192, 877, 177.00, 71, 70, 100, 14342, Not Active, Not Active, Not Active
2026/07/17 09:53:55.571, 1192, 877, 189.69, 71, 69, 100, 14342, Not Active, Not Active, Not Active
2026/07/17 09:53:55.623, 1192, 877, 196.26, 71, 69, 100, 14342, Not Active, Not Active, Not Active
2026/07/17 09:53:55.675, 1192, 877, 200.09, 71, 70, 100, 14342, Not Active, Not Active, Not Active
2026/07/17 09:53:55.727, 1192, 877, 206.45, 71, 71, 100, 14342, Not Active, Not Active, Not Active
2026/07/17 09:53:55.783, 1192, 877, 176.16, 71, 71, 100, 14342, Not Active, Not Active, Not Active
2026/07/17 09:53:55.834, 1192, 877, 159.48, 71, 71, 100, 14342, Not Active, Not Active, Not Active
2026/07/17 09:53:55.886, 1192, 877, 146.81, 71, 70, 100, 14342, Not Active, Not Active, Not Active
2026/07/17 09:53:55.941, 1192, 877, 165.24, 71, 70, 100, 14342, Not Active, Not Active, Not Active
2026/07/17 09:53:55.993, 1192, 877, 182.28, 71, 70, 100, 14342, Not Active, Not Active, Not Active
2026/07/17 09:53:56.045, 1192, 877, 192.57, 71, 70, 100, 14342, Not Active, Not Active, Not Active
2026/07/17 09:53:56.097, 1192, 877, 202.75, 71, 70, 100, 14342, Not Active, Not Active, Not Active
2026/07/17 09:53:56.149, 1192, 877, 206.31, 71, 71, 100, 14342, Not Active, Not Active, Not Active
2026/07/17 09:53:56.204, 1192, 877, 198.44, 71, 71, 100, 14342, Not Active, Not Active, Not Active
2026/07/17 09:53:56.256, 1192, 877, 175.32, 71, 71, 100, 14342, Not Active, Not Active, Not Active
2026/07/17 09:53:56.308, 1192, 877, 162.36, 71, 71, 100, 14342, Not Active, Not Active, Not Active
2026/07/17 09:53:56.361, 1192, 877, 177.48, 71, 71, 100, 14342, Not Active, Not Active, Not Active
2026/07/17 09:53:56.413, 1192, 877, 192.69, 71, 69, 100, 14342, Not Active, Not Active, Not Active
2026/07/17 09:53:56.465, 1192, 877, 195.92, 71, 69, 100, 14342, Not Active, Not Active, Not Active
2026/07/17 09:53:56.516, 1192, 877, 201.87, 71, 70, 100, 14342, Not Active, Not Active, Not Active
2026/07/17 09:53:56.568, 1192, 877, 202.00, 71, 71, 100, 14342, Not Active, Not Active, Not Active
2026/07/17 09:53:56.620, 1192, 877, 199.88, 71, 71, 100, 14342, Not Active, Not Active, Not Active
2026/07/17 09:53:56.672, 1192, 877, 199.05, 71, 70, 100, 14342, Not Active, Not Active, Not Active
2026/07/17 09:53:56.725, 1192, 877, 197.83, 71, 71, 100, 14342, Not Active, Not Active, Not Active
2026/07/17 09:53:56.777, 1192, 877, 179.04, 71, 71, 100, 14342, Not Active, Not Active, Not Active
2026/07/17 09:53:56.829, 1192, 877, 154.30, 71, 71, 100, 14342, Not Active, Not Active, Not Active
2026/07/17 09:53:56.881, 1192, 877, 176.16, 72, 71, 100, 14342, Not Active, Not Active, Not Active
2026/07/17 09:53:56.933, 1192, 877, 188.26, 71, 70, 100, 14342, Not Active, Not Active, Not Active
2026/07/17 09:53:56.986, 1192, 877, 193.04, 72, 70, 100, 14342, Not Active, Not Active, Not Active
2026/07/17 09:53:57.037, 1192, 877, 201.87, 72, 70, 100, 14342, Not Active, Not Active, Not Active
2026/07/17 09:53:57.089, 1192, 877, 204.53, 72, 71, 100, 14342, Not Active, Not Active, Not Active
2026/07/17 09:53:57.141, 1192, 877, 205.97, 72, 71, 100, 14342, Not Active, Not Active, Not Active
2026/07/17 09:53:57.193, 1192, 877, 177.72, 72, 71, 100, 14342, Not Active, Not Active, Not Active
2026/07/17 09:53:57.248, 1192, 877, 159.37, 72, 71, 100, 14342, Not Active, Not Active, Not Active
2026/07/17 09:53:57.300, 1192, 877, 175.20, 72, 71, 100, 14342, Not Active, Not Active, Not Active
2026/07/17 09:53:57.352, 1192, 877, 191.13, 72, 70, 100, 14342, Not Active, Not Active, Not Active
2026/07/17 09:53:57.408, 1192, 877, 125.65, 71, 70, 100, 14342, Not Active, Not Active, Not Active
2026/07/17 09:53:57.459, 1192, 877, 194.00, 71, 69, 100, 14342, Not Active, Not Active, Not Active
2026/07/17 09:53:57.511, 1192, 877, 198.31, 71, 70, 100, 14342, Not Active, Not Active, Not Active
2026/07/17 09:53:57.563, 1192, 877, 202.48, 72, 69, 100, 14342, Not Active, Not Active, Not Active
2026/07/17 09:53:57.615, 1192, 877, 208.70, 72, 71, 100, 14342, Not Active, Not Active, Not Active
2026/07/17 09:53:57.670, 1192, 877, 190.78, 72, 71, 100, 14342, Not Active, Not Active, Not Active
2026/07/17 09:53:57.722, 1192, 877, 170.52, 72, 71, 100, 14342, Not Active, Not Active, Not Active
2026/07/17 09:53:57.773, 1192, 877, 167.16, 72, 71, 100, 14342, Not Active, Not Active, Not Active
2026/07/17 09:53:57.827, 1192, 877, 180.36, 72, 71, 100, 14342, Not Active, Not Active, Not Active
2026/07/17 09:53:57.879, 1192, 877, 186.82, 72, 70, 100, 14342, Not Active, Not Active, Not Active
2026/07/17 09:53:57.931, 1192, 877, 192.69, 72, 71, 100, 14342, Not Active, Not Active, Not Active
2026/07/17 09:53:57.982, 1192, 877, 205.97, 72, 71, 100, 14342, Not Active, Not Active, Not Active
2026/07/17 09:53:58.034, 1192, 877, 209.04, 72, 71, 100, 14342, Not Active, Not Active, Not Active
2026/07/17 09:53:58.091, 1192, 877, 187.07, 72, 71, 100, 14342, Not Active, Not Active, Not Active
2026/07/17 09:53:58.143, 1192, 877, 167.64, 72, 71, 100, 14342, Not Active, Not Active, Not Active
2026/07/17 09:53:58.195, 1192, 877, 178.92, 71, 71, 100, 14342, Not Active, Not Active, Not Active
2026/07/17 09:53:58.252, 1192, 877, 158.15, 72, 71, 100, 14342, Not Active, Not Active, Not Active
2026/07/17 09:53:58.303, 1192, 877, 166.68, 72, 71, 100, 14342, Not Active, Not Active, Not Active
2026/07/17 09:53:58.355, 1192, 877, 185.28, 72, 70, 100, 14342, Not Active, Not Active, Not Active
2026/07/17 09:53:58.410, 1192, 877, 192.21, 72, 70, 100, 14342, Not Active, Not Active, Not Active
2026/07/17 09:53:58.462, 1192, 877, 200.23, 72, 71, 100, 14342, Not Active, Not Active, Not Active
2026/07/17 09:53:58.514, 1192, 877, 202.14, 72, 71, 100, 14342, Not Active, Not Active, Not Active
2026/07/17 09:53:58.565, 1192, 877, 201.53, 72, 71, 100, 14342, Not Active, Not Active, Not Active
2026/07/17 09:53:58.618, 1192, 877, 187.55, 72, 71, 100, 14342, Not Active, Not Active, Not Active
2026/07/17 09:53:58.674, 1192, 877, 166.31, 72, 72, 100, 14342, Not Active, Not Active, Not Active
2026/07/17 09:53:58.726, 1192, 877, 163.32, 72, 71, 100, 14342, Not Active, Not Active, Not Active
2026/07/17 09:53:58.777, 1192, 877, 181.80, 72, 70, 100, 14342, Not Active, Not Active, Not Active
2026/07/17 09:53:58.832, 1192, 877, 189.21, 72, 70, 100, 14342, Not Active, Not Active, Not Active
2026/07/17 09:53:58.884, 1192, 877, 193.65, 72, 71, 100, 14342, Not Active, Not Active, Not Active
2026/07/17 09:53:58.935, 1192, 877, 142.77, 71, 70, 100, 14342, Not Active, Not Active, Not Active
2026/07/17 09:53:58.987, 1192, 877, 192.09, 72, 70, 100, 14342, Not Active, Not Active, Not Active
2026/07/17 09:53:59.039, 1192, 877, 205.83, 72, 71, 100, 14342, Not Active, Not Active, Not Active
2026/07/17 09:53:59.094, 1192, 877, 201.87, 72, 71, 100, 14342, Not Active, Not Active, Not Active
2026/07/17 09:53:59.146, 1192, 877, 206.31, 72, 71, 100, 14342, Not Active, Not Active, Not Active
2026/07/17 09:53:59.198, 1192, 877, 193.17, 72, 71, 100, 14342, Not Active, Not Active, Not Active
2026/07/17 09:53:59.250, 1192, 877, 171.96, 72, 71, 100, 14342, Not Active, Not Active, Not Active
2026/07/17 09:53:59.302, 1192, 877, 147.68, 72, 71, 100, 14342, Not Active, Not Active, Not Active
2026/07/17 09:53:59.354, 1192, 877, 168.49, 72, 71, 100, 14342, Not Active, Not Active, Not Active
2026/07/17 09:53:59.405, 1192, 877, 180.24, 72, 71, 100, 14342, Not Active, Not Active, Not Active
2026/07/17 09:53:59.457, 1192, 877, 188.86, 72, 71, 100, 14342, Not Active, Not Active, Not Active
2026/07/17 09:53:59.509, 1192, 877, 192.82, 72, 71, 100, 14342, Not Active, Not Active, Not Active
2026/07/17 09:53:59.560, 1192, 877, 201.80, 72, 71, 100, 14342, Not Active, Not Active, Not Active
2026/07/17 09:53:59.616, 1192, 877, 202.00, 72, 71, 100, 14342, Not Active, Not Active, Not Active
2026/07/17 09:53:59.668, 1192, 877, 200.36, 72, 71, 100, 14342, Not Active, Not Active, Not Active
2026/07/17 09:53:59.720, 1192, 877, 201.45, 71, 71, 100, 14342, Not Active, Not Active, Not Active
2026/07/17 09:53:59.776, 1192, 877, 195.09, 72, 72, 100, 14342, Not Active, Not Active, Not Active
2026/07/17 09:53:59.828, 1192, 877, 179.52, 72, 71, 100, 14342, Not Active, Not Active, Not Active
2026/07/17 09:53:59.880, 1192, 877, 156.22, 72, 71, 100, 14342, Not Active, Not Active, Not Active
2026/07/17 09:53:59.932, 1192, 877, 162.25, 72, 72, 100, 14342, Not Active, Not Active, Not Active
2026/07/17 09:53:59.984, 1192, 877, 172.69, 72, 71, 100, 14342, Not Active, Not Active, Not Active
2026/07/17 09:54:00.036, 1192, 877, 185.38, 72, 72, 100, 14342, Not Active, Not Active, Not Active
2026/07/17 09:54:00.087, 1192, 877, 195.70, 72, 72, 100, 14342, Not Active, Not Active, Not Active
2026/07/17 09:54:00.139, 1192, 877, 195.92, 72, 71, 100, 14342, Not Active, Not Active, Not Active
2026/07/17 09:54:00.191, 1192, 877, 202.14, 72, 71, 100, 14342, Not Active, Not Active, Not Active
2026/07/17 09:54:00.243, 1192, 877, 209.66, 72, 71, 100, 14342, Not Active, Not Active, Not Active
2026/07/17 09:54:00.299, 1192, 877, 190.17, 72, 71, 100, 14342, Not Active, Not Active, Not Active
2026/07/17 09:54:00.351, 1192, 877, 174.72, 72, 72, 100, 14342, Not Active, Not Active, Not Active
2026/07/17 09:54:00.403, 1192, 877, 145.66, 72, 72, 100, 14342, Not Active, Not Active, Not Active
2026/07/17 09:54:00.456, 1192, 877, 163.58, 72, 72, 100, 14342, Not Active, Not Active, Not Active
2026/07/17 09:54:00.508, 1192, 877, 162.36, 72, 71, 100, 14342, Not Active, Not Active, Not Active
2026/07/17 09:54:00.559, 1192, 877, 149.02, 72, 72, 100, 14342, Not Active, Not Active, Not Active
2026/07/17 09:54:00.611, 1192, 877, 172.07, 72, 72, 100, 14342, Not Active, Not Active, Not Active
2026/07/17 09:54:00.663, 1192, 877, 188.28, 72, 72, 100, 14342, Not Active, Not Active, Not Active
2026/07/17 09:54:00.718, 1192, 877, 190.65, 72, 72, 100, 14342, Not Active, Not Active, Not Active
2026/07/17 09:54:00.770, 1192, 877, 197.83, 72, 71, 100, 14342, Not Active, Not Active, Not Active
2026/07/17 09:54:00.822, 1192, 877, 201.66, 72, 71, 100, 14342, Not Active, Not Active, Not Active
2026/07/17 09:54:00.873, 1192, 877, 199.27, 72, 72, 100, 14342, Not Active, Not Active, Not Active
2026/07/17 09:54:00.927, 1192, 877, 204.05, 72, 72, 100, 14342, Not Active, Not Active, Not Active
2026/07/17 09:54:00.982, 1192, 877, 181.32, 72, 72, 100, 14342, Not Active, Not Active, Not Active
2026/07/17 09:54:01.033, 1192, 877, 164.28, 72, 72, 100, 14342, Not Active, Not Active, Not Active
2026/07/17 09:54:01.085, 1192, 877, 160.92, 72, 72, 100, 14342, Not Active, Not Active, Not Active
2026/07/17 09:54:01.138, 1192, 877, 173.28, 72, 72, 100, 14342, Not Active, Not Active, Not Active
2026/07/17 09:54:01.190, 1192, 877, 177.84, 72, 72, 100, 14342, Not Active, Not Active, Not Active
2026/07/17 09:54:01.242, 1192, 877, 122.36, 72, 72, 100, 14342, Not Active, Not Active, Not Active
2026/07/17 09:54:01.295, 1192, 877, 166.46, 72, 72, 100, 14342, Not Active, Not Active, Not Active
2026/07/17 09:54:01.347, 1192, 877, 186.59, 72, 72, 100, 14342, Not Active, Not Active, Not Active
2026/07/17 09:54:01.401, 1192, 877, 193.65, 72, 72, 100, 14342, Not Active, Not Active, Not Active
2026/07/17 09:54:01.453, 1192, 877, 195.92, 72, 71, 100, 14342, Not Active, Not Active, Not Active
2026/07/17 09:54:01.505, 1192, 877, 199.13, 72, 71, 100, 14342, Not Active, Not Active, Not Active
2026/07/17 09:54:01.556, 1192, 877, 199.13, 72, 71, 100, 14342, Not Active, Not Active, Not Active
2026/07/17 09:54:01.608, 1192, 877, 206.93, 72, 72, 100, 14342, Not Active, Not Active, Not Active
2026/07/17 09:54:01.664, 1192, 877, 190.43, 72, 72, 100, 14342, Not Active, Not Active, Not Active
2026/07/17 09:54:01.716, 1192, 877, 176.64, 72, 72, 100, 14342, Not Active, Not Active, Not Active
2026/07/17 09:54:01.768, 1192, 877, 149.12, 72, 72, 100, 14342, Not Active, Not Active, Not Active
2026/07/17 09:54:01.821, 1192, 877, 164.65, 72, 72, 100, 14342, Not Active, Not Active, Not Active
2026/07/17 09:54:01.873, 1192, 877, 174.72, 72, 72, 100, 14342, Not Active, Not Active, Not Active
2026/07/17 09:54:01.925, 1192, 877, 185.03, 72, 72, 100, 14342, Not Active, Not Active, Not Active
2026/07/17 09:54:01.976, 1192, 877, 192.34, 73, 72, 100, 14342, Not Active, Not Active, Not Active
2026/07/17 09:54:02.029, 1192, 877, 110.41, 72, 72, 100, 14342, Not Active, Not Active, Not Active
2026/07/17 09:54:02.082, 1192, 877, 188.51, 72, 71, 100, 14342, Not Active, Not Active, Not Active
2026/07/17 09:54:02.134, 1192, 877, 192.57, 72, 72, 100, 14342, Not Active, Not Active, Not Active
2026/07/17 09:54:02.186, 1192, 877, 197.83, 72, 72, 100, 14342, Not Active, Not Active, Not Active
2026/07/17 09:54:02.238, 1192, 877, 197.09, 72, 71, 100, 14342, Not Active, Not Active, Not Active
2026/07/17 09:54:02.290, 1192, 877, 207.88, 72, 72, 100, 14342, Not Active, Not Active, Not Active
2026/07/17 09:54:02.347, 1192, 877, 202.00, 73, 72, 100, 14342, Not Active, Not Active, Not Active
2026/07/17 09:54:02.399, 1192, 877, 184.67, 72, 72, 100, 14342, Not Active, Not Active, Not Active
2026/07/17 09:54:02.450, 1192, 877, 160.07, 73, 72, 100, 14342, Not Active, Not Active, Not Active
2026/07/17 09:54:02.506, 1192, 877, 162.47, 73, 72, 100, 14342, Not Active, Not Active, Not Active
2026/07/17 09:54:02.557, 1192, 877, 173.28, 72, 72, 100, 14342, Not Active, Not Active, Not Active
2026/07/17 09:54:02.609, 1192, 877, 176.41, 73, 72, 100, 14342, Not Active, Not Active, Not Active
2026/07/17 09:54:02.661, 1192, 877, 187.78, 73, 72, 100, 14342, Not Active, Not Active, Not Active
2026/07/17 09:54:02.713, 1192, 877, 194.48, 72, 71, 100, 14342, Not Active, Not Active, Not Active
2026/07/17 09:54:02.768, 1192, 877, 199.75, 73, 71, 100, 14342, Not Active, Not Active, Not Active
2026/07/17 09:54:02.819, 1192, 877, 143.64, 72, 70, 100, 14342, Not Active, Not Active, Not Active
2026/07/17 09:54:02.871, 1192, 877, 191.26, 72, 71, 100, 14342, Not Active, Not Active, Not Active
2026/07/17 09:54:02.923, 1192, 877, 197.22, 72, 71, 100, 14342, Not Active, Not Active, Not Active
2026/07/17 09:54:02.975, 1192, 877, 202.00, 73, 72, 100, 14342, Not Active, Not Active, Not Active
2026/07/17 09:54:03.028, 1192, 877, 202.35, 72, 71, 100, 14342, Not Active, Not Active, Not Active
2026/07/17 09:54:03.080, 1192, 877, 207.88, 73, 72, 100, 14342, Not Active, Not Active, Not Active
2026/07/17 09:54:03.132, 1192, 877, 205.97, 73, 72, 100, 14342, Not Active, Not Active, Not Active
2026/07/17 09:54:03.184, 1192, 877, 188.03, 73, 72, 100, 14342, Not Active, Not Active, Not Active
2026/07/17 09:54:03.236, 1192, 877, 175.20, 73, 72, 100, 14342, Not Active, Not Active, Not Active
2026/07/17 09:54:03.289, 1192, 877, 152.38, 73, 72, 100, 14342, Not Active, Not Active, Not Active
2026/07/17 09:54:03.341, 1192, 877, 149.40, 73, 72, 100, 14342, Not Active, Not Active, Not Active
2026/07/17 09:54:03.393, 1192, 877, 170.04, 73, 72, 100, 14342, Not Active, Not Active, Not Active
2026/07/17 09:54:03.445, 1192, 877, 178.56, 73, 72, 100, 14342, Not Active, Not Active, Not Active
2026/07/17 09:54:03.497, 1192, 877, 187.90, 73, 71, 100, 14342, Not Active, Not Active, Not Active
2026/07/17 09:54:03.550, 1192, 877, 190.04, 73, 71, 100, 14342, Not Active, Not Active, Not Active
2026/07/17 09:54:03.601, 1192, 877, 94.58, 72, 71, 100, 14342, Not Active, Not Active, Not Active
2026/07/17 09:54:03.653, 1192, 877, 178.44, 72, 72, 100, 14342, Not Active, Not Active, Not Active
2026/07/17 09:54:03.705, 1192, 877, 186.82, 72, 72, 100, 14342, Not Active, Not Active, Not Active
2026/07/17 09:54:03.757, 1192, 877, 192.09, 72, 72, 100, 14342, Not Active, Not Active, Not Active
2026/07/17 09:54:03.811, 1192, 877, 198.66, 73, 71, 100, 14342, Not Active, Not Active, Not Active
2026/07/17 09:54:03.863, 1192, 877, 200.23, 73, 72, 100, 14342, Not Active, Not Active, Not Active
2026/07/17 09:54:03.915, 1192, 877, 199.75, 73, 72, 100, 14342, Not Active, Not Active, Not Active
2026/07/17 09:54:03.967, 1192, 877, 210.42, 73, 72, 100, 14342, Not Active, Not Active, Not Active
2026/07/17 09:54:04.018, 1192, 877, 198.44, 73, 72, 100, 14342, Not Active, Not Active, Not Active
2026/07/17 09:54:04.074, 1192, 877, 184.67, 73, 72, 100, 14342, Not Active, Not Active, Not Active
2026/07/17 09:54:04.125, 1192, 877, 173.88, 73, 72, 100, 14342, Not Active, Not Active, Not Active
2026/07/17 09:54:04.177, 1192, 877, 148.64, 73, 72, 100, 14342, Not Active, Not Active, Not Active
2026/07/17 09:54:04.231, 1192, 877, 159.85, 73, 72, 100, 14342, Not Active, Not Active, Not Active
2026/07/17 09:54:04.283, 1192, 877, 171.85, 73, 72, 100, 14342, Not Active, Not Active, Not Active
2026/07/17 09:54:04.334, 1192, 877, 177.72, 73, 72, 100, 14342, Not Active, Not Active, Not Active
2026/07/17 09:54:04.386, 1192, 877, 137.19, 73, 72, 100, 14342, Not Active, Not Active, Not Active
2026/07/17 09:54:04.439, 1192, 877, 144.79, 72, 72, 100, 14342, Not Active, Not Active, Not Active
2026/07/17 09:54:04.491, 1192, 877, 168.71, 73, 72, 100, 14342, Not Active, Not Active, Not Active
2026/07/17 09:54:04.543, 1192, 877, 176.04, 73, 72, 100, 14342, Not Active, Not Active, Not Active
2026/07/17 09:54:04.595, 1192, 877, 180.00, 73, 71, 100, 14342, Not Active, Not Active, Not Active
2026/07/17 09:54:04.647, 1192, 877, 193.17, 73, 71, 100, 14342, Not Active, Not Active, Not Active
2026/07/17 09:54:04.699, 1192, 877, 194.61, 73, 72, 100, 14342, Not Active, Not Active, Not Active
2026/07/17 09:54:04.755, 1192, 877, 200.23, 73, 72, 100, 14342, Not Active, Not Active, Not Active
2026/07/17 09:54:04.806, 1192, 877, 200.57, 73, 72, 100, 14342, Not Active, Not Active, Not Active
2026/07/17 09:54:04.858, 1192, 877, 201.18, 73, 72, 100, 14342, Not Active, Not Active, Not Active
2026/07/17 09:54:04.910, 1192, 877, 207.40, 73, 72, 100, 14342, Not Active, Not Active, Not Active
2026/07/17 09:54:04.962, 1192, 877, 197.35, 73, 72, 100, 14342, Not Active, Not Active, Not Active
2026/07/17 09:54:05.016, 1192, 877, 183.36, 73, 72, 100, 14342, Not Active, Not Active, Not Active
2026/07/17 09:54:05.068, 1192, 877, 175.20, 73, 72, 100, 14342, Not Active, Not Active, Not Active
2026/07/17 09:54:05.120, 1192, 877, 152.96, 73, 72, 100, 14342, Not Active, Not Active, Not Active
2026/07/17 09:54:05.174, 1192, 877, 153.44, 73, 72, 100, 14342, Not Active, Not Active, Not Active
2026/07/17 09:54:05.226, 1192, 877, 177.12, 73, 72, 100, 14342, Not Active, Not Active, Not Active
2026/07/17 09:54:05.278, 1192, 877, 174.72, 73, 72, 100, 14342, Not Active, Not Active, Not Active
2026/07/17 09:54:05.329, 1192, 877, 162.47, 73, 72, 100, 14342, Not Active, Not Active, Not Active
2026/07/17 09:54:05.381, 1192, 877, 147.29, 73, 72, 100, 14342, Not Active, Not Active, Not Active
2026/07/17 09:54:05.434, 1192, 877, 158.41, 73, 73, 100, 14342, Not Active, Not Active, Not Active
2026/07/17 09:54:05.486, 1192, 877, 173.88, 73, 72, 100, 14342, Not Active, Not Active, Not Active
2026/07/17 09:54:05.538, 1192, 877, 174.13, 73, 72, 100, 14342, Not Active, Not Active, Not Active
2026/07/17 09:54:05.590, 1192, 877, 181.32, 73, 71, 100, 14342, Not Active, Not Active, Not Active
2026/07/17 09:54:05.642, 1192, 877, 193.04, 73, 72, 100, 14342, Not Active, Not Active, Not Active
2026/07/17 09:54:05.698, 1192, 877, 197.35, 73, 71, 100, 14342, Not Active, Not Active, Not Active
2026/07/17 09:54:05.749, 1192, 877, 201.32, 73, 72, 100, 14342, Not Active, Not Active, Not Active
2026/07/17 09:54:05.801, 1192, 877, 203.44, 73, 72, 100, 14342, Not Active, Not Active, Not Active
2026/07/17 09:54:05.853, 1192, 877, 202.00, 73, 72, 100, 14342, Not Active, Not Active, Not Active
2026/07/17 09:54:05.905, 1192, 877, 208.22, 73, 72, 100, 14342, Not Active, Not Active, Not Active
2026/07/17 09:54:05.960, 1192, 877, 201.66, 73, 72, 100, 14342, Not Active, Not Active, Not Active
2026/07/17 09:54:06.011, 1192, 877, 183.95, 72, 71, 100, 14342, Not Active, Not Active, Not Active
2026/07/17 09:54:06.063, 1192, 877, 206.11, 73, 72, 100, 14342, Not Active, Not Active, Not Active
2026/07/17 09:54:06.120, 1192, 877, 209.66, 73, 72, 100, 14342, Not Active, Not Active, Not Active
2026/07/17 09:54:06.172, 1192, 877, 198.92, 73, 72, 100, 14342, Not Active, Not Active, Not Active
2026/07/17 09:54:06.223, 1192, 877, 175.20, 73, 72, 100, 14342, Not Active, Not Active, Not Active
2026/07/17 09:54:06.279, 1192, 877, 161.88, 73, 73, 100, 14342, Not Active, Not Active, Not Active
2026/07/17 09:54:06.331, 1192, 877, 152.00, 73, 72, 100, 14342, Not Active, Not Active, Not Active
2026/07/17 09:54:06.383, 1192, 877, 145.75, 73, 72, 100, 14342, Not Active, Not Active, Not Active
2026/07/17 09:54:06.435, 1192, 877, 169.19, 73, 72, 100, 14342, Not Active, Not Active, Not Active
2026/07/17 09:54:06.487, 1192, 877, 171.96, 73, 72, 100, 14342, Not Active, Not Active, Not Active
2026/07/17 09:54:06.539, 1192, 877, 177.24, 73, 71, 100, 14342, Not Active, Not Active, Not Active
2026/07/17 09:54:06.591, 1192, 877, 181.80, 73, 72, 100, 14342, Not Active, Not Active, Not Active
2026/07/17 09:54:06.643, 1192, 877, 191.86, 73, 71, 100, 14342, Not Active, Not Active, Not Active
2026/07/17 09:54:06.694, 1192, 877, 191.74, 73, 71, 100, 14342, Not Active, Not Active, Not Active
2026/07/17 09:54:06.746, 1192, 877, 194.35, 73, 72, 100, 14342, Not Active, Not Active, Not Active
2026/07/17 09:54:06.802, 1192, 877, 128.14, 73, 71, 100, 14342, Not Active, Not Active, Not Active
2026/07/17 09:54:06.854, 1192, 877, 188.38, 73, 72, 100, 14342, Not Active, Not Active, Not Active
2026/07/17 09:54:06.905, 1192, 877, 188.13, 73, 71, 100, 14342, Not Active, Not Active, Not Active
2026/07/17 09:54:06.958, 1192, 877, 192.57, 73, 71, 100, 14342, Not Active, Not Active, Not Active
2026/07/17 09:54:07.009, 1192, 877, 195.44, 73, 72, 100, 14342, Not Active, Not Active, Not Active
2026/07/17 09:54:07.063, 1192, 877, 201.05, 73, 72, 100, 14342, Not Active, Not Active, Not Active
2026/07/17 09:54:07.115, 1192, 877, 202.75, 73, 72, 100, 14342, Not Active, Not Active, Not Active
2026/07/17 09:54:07.167, 1192, 877, 202.62, 73, 72, 100, 14342, Not Active, Not Active, Not Active
2026/07/17 09:54:07.219, 1192, 877, 204.40, 73, 72, 100, 14342, Not Active, Not Active, Not Active
2026/07/17 09:54:07.270, 1192, 877, 210.48, 73, 73, 100, 14342, Not Active, Not Active, Not Active
2026/07/17 09:54:07.325, 1192, 877, 202.14, 73, 73, 100, 14342, Not Active, Not Active, Not Active
2026/07/17 09:54:07.377, 1192, 877, 190.30, 73, 73, 100, 14342, Not Active, Not Active, Not Active
2026/07/17 09:54:07.428, 1192, 877, 173.28, 73, 73, 100, 14342, Not Active, Not Active, Not Active
2026/07/17 09:54:07.484, 1192, 877, 156.22, 73, 73, 100, 14342, Not Active, Not Active, Not Active
2026/07/17 09:54:07.536, 1192, 877, 150.18, 73, 73, 100, 14342, Not Active, Not Active, Not Active
2026/07/17 09:54:07.588, 1192, 877, 145.66, 73, 73, 100, 14342, Not Active, Not Active, Not Active
2026/07/17 09:54:07.639, 1192, 877, 188.51, 73, 72, 100, 14342, Not Active, Not Active, Not Active
2026/07/17 09:54:07.691, 1192, 877, 178.08, 73, 73, 100, 14342, Not Active, Not Active, Not Active
2026/07/17 09:54:07.746, 1192, 877, 173.28, 73, 73, 100, 14342, Not Active, Not Active, Not Active
2026/07/17 09:54:07.798, 1192, 877, 162.84, 73, 73, 100, 14342, Not Active, Not Active, Not Active
2026/07/17 09:54:07.849, 1192, 877, 151.04, 73, 73, 100, 14342, Not Active, Not Active, Not Active
2026/07/17 09:54:07.902, 1192, 877, 143.45, 73, 73, 100, 14342, Not Active, Not Active, Not Active
2026/07/17 09:54:07.953, 1192, 877, 150.46, 73, 73, 100, 14342, Not Active, Not Active, Not Active
2026/07/17 09:54:08.005, 1192, 877, 164.65, 73, 73, 100, 14342, Not Active, Not Active, Not Active
2026/07/17 09:54:08.057, 1192, 877, 164.76, 73, 72, 100, 14342, Not Active, Not Active, Not Active
2026/07/17 09:54:08.108, 1192, 877, 177.84, 73, 73, 100, 14342, Not Active, Not Active, Not Active
2026/07/17 09:54:08.160, 1192, 877, 173.05, 73, 72, 100, 14342, Not Active, Not Active, Not Active
2026/07/17 09:54:08.212, 1192, 877, 184.91, 73, 71, 100, 14342, Not Active, Not Active, Not Active
2026/07/17 09:54:08.267, 1192, 877, 194.74, 73, 71, 100, 14342, Not Active, Not Active, Not Active
2026/07/17 09:54:08.319, 1192, 877, 192.21, 73, 72, 100, 14342, Not Active, Not Active, Not Active
2026/07/17 09:54:08.371, 1192, 877, 193.17, 73, 71, 100, 14342, Not Active, Not Active, Not Active
2026/07/17 09:54:08.423, 1192, 877, 98.43, 73, 71, 100, 14342, Not Active, Not Active, Not Active
2026/07/17 09:54:08.474, 1192, 877, 175.68, 73, 72, 100, 14342, Not Active, Not Active, Not Active
2026/07/17 09:54:08.527, 1192, 877, 185.03, 73, 71, 100, 14342, Not Active, Not Active, Not Active
2026/07/17 09:54:08.579, 1192, 877, 191.86, 73, 71, 100, 14342, Not Active, Not Active, Not Active
2026/07/17 09:54:08.631, 1192, 877, 192.34, 73, 71, 100, 14342, Not Active, Not Active, Not Active
2026/07/17 09:54:08.682, 1192, 877, 190.43, 73, 71, 100, 14342, Not Active, Not Active, Not Active
2026/07/17 09:54:08.734, 1192, 877, 196.87, 73, 71, 100, 14342, Not Active, Not Active, Not Active
2026/07/17 09:54:08.789, 1192, 877, 205.49, 73, 71, 100, 14342, Not Active, Not Active, Not Active
2026/07/17 09:54:08.841, 1192, 877, 201.18, 73, 72, 100, 14342, Not Active, Not Active, Not Active
2026/07/17 09:54:08.893, 1192, 877, 199.75, 73, 71, 100, 14342, Not Active, Not Active, Not Active
2026/07/17 09:54:08.945, 1192, 877, 200.70, 73, 73, 100, 14342, Not Active, Not Active, Not Active
2026/07/17 09:54:08.997, 1192, 877, 205.01, 73, 73, 100, 14342, Not Active, Not Active, Not Active
2026/07/17 09:54:09.051, 1192, 877, 208.08, 73, 73, 100, 14342, Not Active, Not Active, Not Active
2026/07/17 09:54:09.103, 1192, 877, 202.14, 73, 73, 100, 14342, Not Active, Not Active, Not Active
2026/07/17 09:54:09.155, 1192, 877, 179.04, 73, 73, 100, 14342, Not Active, Not Active, Not Active
2026/07/17 09:54:09.211, 1192, 877, 174.24, 73, 73, 100, 14342, Not Active, Not Active, Not Active
2026/07/17 09:54:09.263, 1192, 877, 199.88, 73, 72, 100, 14342, Not Active, Not Active, Not Active
2026/07/17 09:54:09.315, 1192, 877, 204.74, 73, 72, 100, 14342, Not Active, Not Active, Not Active
2026/07/17 09:54:09.367, 1192, 877, 209.32, 73, 73, 100, 14342, Not Active, Not Active, Not Active
2026/07/17 09:54:09.419, 1192, 877, 188.86, 73, 73, 100, 14342, Not Active, Not Active, Not Active
2026/07/17 09:54:09.474, 1192, 877, 181.92, 73, 73, 100, 14342, Not Active, Not Active, Not Active
2026/07/17 09:54:09.525, 1192, 877, 179.04, 73, 73, 100, 14342, Not Active, Not Active, Not Active
2026/07/17 09:54:09.577, 1192, 877, 165.72, 73, 73, 100, 14342, Not Active, Not Active, Not Active
2026/07/17 09:54:09.632, 1192, 877, 157.18, 74, 73, 100, 14342, Not Active, Not Active, Not Active
2026/07/17 09:54:09.684, 1192, 877, 150.56, 73, 73, 100, 14342, Not Active, Not Active, Not Active
2026/07/17 09:54:09.735, 1192, 877, 142.96, 73, 73, 100, 14342, Not Active, Not Active, Not Active
2026/07/17 09:54:09.787, 1192, 877, 144.22, 74, 73, 100, 14342, Not Active, Not Active, Not Active
2026/07/17 09:54:09.839, 1192, 877, 153.99, 73, 73, 100, 14342, Not Active, Not Active, Not Active
2026/07/17 09:54:09.891, 1192, 877, 160.81, 73, 73, 100, 14342, Not Active, Not Active, Not Active
2026/07/17 09:54:09.943, 1192, 877, 162.36, 74, 72, 100, 14342, Not Active, Not Active, Not Active
2026/07/17 09:54:09.994, 1192, 877, 170.04, 74, 72, 100, 14342, Not Active, Not Active, Not Active
2026/07/17 09:54:10.046, 1192, 877, 153.44, 73, 72, 100, 14342, Not Active, Not Active, Not Active
2026/07/17 09:54:10.098, 1192, 877, 152.96, 73, 73, 100, 14342, Not Active, Not Active, Not Active
2026/07/17 09:54:10.152, 1192, 877, 146.24, 73, 73, 100, 14342, Not Active, Not Active, Not Active
2026/07/17 09:54:10.204, 1192, 877, 144.41, 74, 73, 100, 14342, Not Active, Not Active, Not Active
2026/07/17 09:54:10.256, 1192, 877, 144.31, 73, 73, 100, 14342, Not Active, Not Active, Not Active
2026/07/17 09:54:10.308, 1192, 877, 151.04, 74, 73, 100, 14342, Not Active, Not Active, Not Active
2026/07/17 09:54:10.359, 1192, 877, 164.17, 74, 72, 100, 14342, Not Active, Not Active, Not Active
2026/07/17 09:54:10.413, 1192, 877, 168.97, 74, 73, 100, 14342, Not Active, Not Active, Not Active
2026/07/17 09:54:10.465, 1192, 877, 175.44, 73, 72, 100, 14342, Not Active, Not Active, Not Active
2026/07/17 09:54:10.517, 1192, 877, 173.65, 74, 72, 100, 14342, Not Active, Not Active, Not Active
2026/07/17 09:54:10.569, 1192, 877, 177.00, 74, 72, 100, 14342, Not Active, Not Active, Not Active
2026/07/17 09:54:10.620, 1192, 877, 186.82, 73, 71, 100, 14342, Not Active, Not Active, Not Active
2026/07/17 09:54:10.676, 1192, 877, 189.34, 74, 72, 100, 14342, Not Active, Not Active, Not Active
2026/07/17 09:54:10.728, 1192, 877, 193.78, 74, 72, 100, 14342, Not Active, Not Active, Not Active
2026/07/17 09:54:10.780, 1192, 877, 191.26, 73, 72, 100, 14342, Not Active, Not Active, Not Active
2026/07/17 09:54:10.832, 1192, 877, 192.21, 74, 72, 100, 14342, Not Active, Not Active, Not Active
2026/07/17 09:54:10.884, 1192, 877, 145.75, 73, 72, 100, 14342, Not Active, Not Active, Not Active
2026/07/17 09:54:10.935, 1192, 877, 208.70, 74, 73, 100, 14342, Not Active, Not Active, Not Active
2026/07/17 09:54:10.987, 1192, 877, 210.76, 74, 74, 100, 14342, Not Active, Not Active, Not Active
2026/07/17 09:54:11.039, 1192, 877, 213.63, 74, 74, 97, 14342, Not Active, Not Active, Not Active
2026/07/17 09:54:11.091, 1192, 877, 212.87, 74, 74, 97, 14342, Not Active, Not Active, Not Active
2026/07/17 09:54:11.143, 1192, 877, 207.61, 74, 75, 97, 14342, Not Active, Not Active, Not Active
2026/07/17 09:54:11.199, 1192, 877, 209.66, 74, 75, 100, 14342, Not Active, Not Active, Not Active
2026/07/17 09:54:11.251, 1192, 877, 216.69, 74, 75, 100, 14342, Not Active, Not Active, Not Active
2026/07/17 09:54:11.328, 1192, 877, 210.14, 74, 75, 100, 14342, Not Active, Not Active, Not Active
2026/07/17 09:54:11.383, 1192, 877, 208.70, 74, 75, 100, 14342, Not Active, Not Active, Not Active
2026/07/17 09:54:11.435, 1192, 877, 214.11, 74, 75, 100, 14342, Not Active, Not Active, Not Active
2026/07/17 09:54:11.487, 1192, 877, 209.66, 74, 75, 100, 14342, Not Active, Not Active, Not Active
2026/07/17 09:54:11.544, 1192, 877, 217.31, 74, 75, 100, 14342, Not Active, Not Active, Not Active
2026/07/17 09:54:11.595, 1192, 877, 213.82, 74, 75, 100, 14342, Not Active, Not Active, Not Active
2026/07/17 09:54:11.647, 1192, 877, 212.39, 75, 75, 100, 14342, Not Active, Not Active, Not Active
2026/07/17 09:54:11.705, 1192, 877, 217.17, 75, 75, 100, 14342, Not Active, Not Active, Not Active
2026/07/17 09:54:11.756, 1192, 877, 211.29, 75, 75, 100, 14342, Not Active, Not Active, Not Active
2026/07/17 09:54:11.808, 1192, 877, 213.96, 75, 75, 100, 14342, Not Active, Not Active, Not Active
2026/07/17 09:54:11.866, 1192, 877, 215.40, 75, 75, 100, 14342, Not Active, Not Active, Not Active
2026/07/17 09:54:11.917, 1192, 877, 212.05, 75, 75, 100, 14342, Not Active, Not Active, Not Active
2026/07/17 09:54:11.969, 1192, 877, 208.22, 75, 75, 100, 14342, Not Active, Not Active, Not Active
2026/07/17 09:54:12.026, 1192, 877, 183.95, 75, 75, 100, 14342, Not Active, Not Active, Not Active
2026/07/17 09:54:12.078, 1192, 877, 210.14, 75, 75, 100, 14342, Not Active, Not Active, Not Active
2026/07/17 09:54:12.130, 1192, 877, 213.96, 75, 75, 100, 14342, Not Active, Not Active, Not Active
2026/07/17 09:54:12.187, 1192, 877, 213.82, 75, 75, 100, 14342, Not Active, Not Active, Not Active
2026/07/17 09:54:12.238, 1192, 877, 209.66, 75, 75, 100, 14342, Not Active, Not Active, Not Active
2026/07/17 09:54:12.335, 1192, 877, 211.57, 75, 75, 100, 14342, Not Active, Not Active, Not Active
2026/07/17 09:54:12.391, 1192, 877, 210.33, 75, 75, 100, 14342, Not Active, Not Active, Not Active
2026/07/17 09:54:12.443, 1192, 877, 208.02, 75, 75, 100, 14342, Not Active, Not Active, Not Active
2026/07/17 09:54:12.495, 1192, 877, 211.91, 75, 75, 100, 14342, Not Active, Not Active, Not Active
2026/07/17 09:54:12.551, 1192, 877, 204.88, 75, 76, 100, 14342, Not Active, Not Active, Not Active
2026/07/17 09:54:12.602, 1192, 877, 185.63, 75, 75, 100, 14342, Not Active, Not Active, Not Active
2026/07/17 09:54:12.654, 1192, 877, 210.76, 75, 75, 100, 14342, Not Active, Not Active, Not Active
2026/07/17 09:54:12.706, 1192, 877, 211.24, 75, 75, 100, 14342, Not Active, Not Active, Not Active
2026/07/17 09:54:12.758, 1192, 877, 208.84, 75, 76, 100, 14342, Not Active, Not Active, Not Active
2026/07/17 09:54:12.812, 1192, 877, 210.76, 75, 75, 100, 14342, Not Active, Not Active, Not Active
2026/07/17 09:54:12.864, 1192, 877, 212.67, 75, 75, 100, 14342, Not Active, Not Active, Not Active
2026/07/17 09:54:12.916, 1192, 877, 210.28, 75, 76, 100, 14342, Not Active, Not Active, Not Active
2026/07/17 09:54:12.973, 1192, 877, 212.05, 75, 76, 100, 14342, Not Active, Not Active, Not Active
2026/07/17 09:54:13.025, 1192, 877, 210.28, 75, 76, 100, 14342, Not Active, Not Active, Not Active
2026/07/17 09:54:13.076, 1192, 877, 210.14, 75, 75, 100, 14342, Not Active, Not Active, Not Active
2026/07/17 09:54:13.134, 1192, 877, 210.48, 75, 76, 100, 14342, Not Active, Not Active, Not Active
2026/07/17 09:54:13.185, 1192, 877, 181.55, 75, 76, 100, 14342, Not Active, Not Active, Not Active
2026/07/17 09:54:13.237, 1192, 877, 214.59, 75, 75, 100, 14342, Not Active, Not Active, Not Active
2026/07/17 09:54:13.294, 1192, 877, 211.57, 75, 76, 100, 14342, Not Active, Not Active, Not Active
2026/07/17 09:54:13.345, 1192, 877, 208.70, 75, 75, 100, 14342, Not Active, Not Active, Not Active
2026/07/17 09:54:13.397, 1192, 877, 210.00, 75, 75, 100, 14342, Not Active, Not Active, Not Active
2026/07/17 09:54:13.454, 1192, 877, 207.61, 75, 76, 100, 14342, Not Active, Not Active, Not Active
2026/07/17 09:54:13.506, 1192, 877, 208.08, 75, 76, 100, 14342, Not Active, Not Active, Not Active
2026/07/17 09:54:13.558, 1192, 877, 207.13, 75, 76, 100, 14342, Not Active, Not Active, Not Active
2026/07/17 09:54:13.615, 1192, 877, 211.24, 75, 76, 100, 14342, Not Active, Not Active, Not Active
2026/07/17 09:54:13.667, 1192, 877, 216.21, 75, 76, 100, 14342, Not Active, Not Active, Not Active
2026/07/17 09:54:13.719, 1192, 877, 208.22, 75, 76, 100, 14342, Not Active, Not Active, Not Active
2026/07/17 09:54:13.775, 1192, 877, 190.17, 75, 76, 100, 14342, Not Active, Not Active, Not Active
2026/07/17 09:54:13.827, 1192, 877, 214.44, 75, 76, 100, 14342, Not Active, Not Active, Not Active
2026/07/17 09:54:13.879, 1192, 877, 211.09, 75, 76, 100, 14342, Not Active, Not Active, Not Active
2026/07/17 09:54:13.936, 1192, 877, 210.48, 75, 76, 100, 14342, Not Active, Not Active, Not Active
2026/07/17 09:54:13.987, 1192, 877, 211.57, 75, 76, 100, 14342, Not Active, Not Active, Not Active
2026/07/17 09:54:14.039, 1192, 877, 212.24, 75, 75, 100, 14342, Not Active, Not Active, Not Active
2026/07/17 09:54:14.097, 1192, 877, 210.95, 75, 76, 100, 14342, Not Active, Not Active, Not Active
2026/07/17 09:54:14.149, 1192, 877, 209.52, 75, 76, 100, 14342, Not Active, Not Active, Not Active
2026/07/17 09:54:14.200, 1192, 877, 205.83, 75, 76, 100, 14342, Not Active, Not Active, Not Active
2026/07/17 09:54:14.257, 1192, 877, 207.88, 75, 76, 100, 14342, Not Active, Not Active, Not Active
2026/07/17 09:54:14.309, 1192, 877, 203.44, 75, 76, 100, 14342, Not Active, Not Active, Not Active
2026/07/17 09:54:14.361, 1192, 877, 188.51, 75, 76, 100, 14342, Not Active, Not Active, Not Active
2026/07/17 09:54:14.416, 1192, 877, 213.96, 75, 76, 100, 14342, Not Active, Not Active, Not Active
2026/07/17 09:54:14.468, 1192, 877, 212.53, 75, 76, 100, 14342, Not Active, Not Active, Not Active
2026/07/17 09:54:14.520, 1192, 877, 211.57, 75, 76, 100, 14342, Not Active, Not Active, Not Active
2026/07/17 09:54:14.572, 1192, 877, 207.88, 75, 76, 100, 14342, Not Active, Not Active, Not Active
2026/07/17 09:54:14.624, 1192, 877, 214.30, 75, 76, 100, 14342, Not Active, Not Active, Not Active
2026/07/17 09:54:14.680, 1192, 877, 211.24, 75, 76, 100, 14342, Not Active, Not Active, Not Active
2026/07/17 09:54:14.732, 1192, 877, 206.17, 75, 76, 100, 14342, Not Active, Not Active, Not Active
2026/07/17 09:54:14.783, 1192, 877, 204.53, 76, 76, 100, 14342, Not Active, Not Active, Not Active
2026/07/17 09:54:14.841, 1192, 877, 208.70, 75, 76, 100, 14342, Not Active, Not Active, Not Active
2026/07/17 09:54:14.893, 1192, 877, 215.88, 76, 76, 100, 14342, Not Active, Not Active, Not Active
2026/07/17 09:54:14.944, 1192, 877, 161.40, 75, 76, 100, 14342, Not Active, Not Active, Not Active
2026/07/17 09:54:14.998, 1192, 877, 209.86, 75, 76, 100, 14342, Not Active, Not Active, Not Active
2026/07/17 09:54:15.049, 1192, 877, 199.13, 75, 76, 100, 14342, Not Active, Not Active, Not Active
2026/07/17 09:54:15.101, 1192, 877, 213.96, 76, 76, 100, 14342, Not Active, Not Active, Not Active
2026/07/17 09:54:15.153, 1192, 877, 214.30, 75, 76, 100, 14342, Not Active, Not Active, Not Active
2026/07/17 09:54:15.205, 1192, 877, 205.56, 76, 76, 100, 14342, Not Active, Not Active, Not Active
2026/07/17 09:54:15.261, 1192, 877, 208.22, 76, 76, 100, 14342, Not Active, Not Active, Not Active
2026/07/17 09:54:15.313, 1192, 877, 208.36, 76, 76, 100, 14342, Not Active, Not Active, Not Active
2026/07/17 09:54:15.364, 1192, 877, 208.70, 76, 76, 100, 14342, Not Active, Not Active, Not Active
2026/07/17 09:54:15.416, 1192, 877, 214.59, 76, 76, 100, 14342, Not Active, Not Active, Not Active
2026/07/17 09:54:15.468, 1192, 877, 206.65, 76, 76, 100, 14342, Not Active, Not Active, Not Active
2026/07/17 09:54:15.522, 1192, 877, 209.18, 76, 76, 100, 14342, Not Active, Not Active, Not Active
2026/07/17 09:54:15.574, 1192, 877, 192.69, 75, 76, 100, 14342, Not Active, Not Active, Not Active
2026/07/17 09:54:15.626, 1192, 877, 209.04, 76, 76, 100, 14342, Not Active, Not Active, Not Active
2026/07/17 09:54:15.684, 1192, 877, 206.79, 76, 76, 100, 14342, Not Active, Not Active, Not Active
2026/07/17 09:54:15.736, 1192, 877, 207.27, 76, 76, 100, 14342, Not Active, Not Active, Not Active
2026/07/17 09:54:15.788, 1192, 877, 214.92, 76, 76, 100, 14342, Not Active, Not Active, Not Active
2026/07/17 09:54:15.844, 1192, 877, 204.88, 76, 76, 100, 14342, Not Active, Not Active, Not Active
2026/07/17 09:54:15.896, 1192, 877, 212.53, 76, 76, 100, 14342, Not Active, Not Active, Not Active
2026/07/17 09:54:15.948, 1192, 877, 199.00, 76, 76, 100, 14342, Not Active, Not Active, Not Active
2026/07/17 09:54:16.000, 1192, 877, 207.13, 76, 76, 100, 14342, Not Active, Not Active, Not Active
2026/07/17 09:54:16.052, 1192, 877, 212.39, 76, 76, 100, 14342, Not Active, Not Active, Not Active
2026/07/17 09:54:16.105, 1192, 877, 204.74, 76, 76, 100, 14342, Not Active, Not Active, Not Active
2026/07/17 09:54:16.157, 1192, 877, 194.00, 76, 76, 100, 14342, Not Active, Not Active, Not Active
2026/07/17 09:54:16.209, 1192, 877, 211.43, 76, 76, 100, 14342, Not Active, Not Active, Not Active
2026/07/17 09:54:16.261, 1192, 877, 208.22, 76, 76, 100, 14342, Not Active, Not Active, Not Active
2026/07/17 09:54:16.313, 1192, 877, 210.14, 76, 76, 100, 14342, Not Active, Not Active, Not Active
2026/07/17 09:54:16.368, 1192, 877, 204.88, 76, 76, 100, 14342, Not Active, Not Active, Not Active
2026/07/17 09:54:16.420, 1192, 877, 213.15, 76, 76, 100, 14342, Not Active, Not Active, Not Active
2026/07/17 09:54:16.472, 1192, 877, 199.75, 76, 76, 100, 14342, Not Active, Not Active, Not Active
2026/07/17 09:54:16.529, 1192, 877, 208.22, 76, 76, 100, 14342, Not Active, Not Active, Not Active
2026/07/17 09:54:16.581, 1192, 877, 213.01, 76, 76, 100, 14342, Not Active, Not Active, Not Active
2026/07/17 09:54:16.633, 1192, 877, 208.56, 76, 76, 100, 14342, Not Active, Not Active, Not Active
2026/07/17 09:54:16.692, 1192, 877, 212.87, 76, 76, 100, 14342, Not Active, Not Active, Not Active
2026/07/17 09:54:16.744, 1192, 877, 191.74, 76, 76, 100, 14342, Not Active, Not Active, Not Active
2026/07/17 09:54:16.796, 1192, 877, 209.18, 76, 76, 100, 14342, Not Active, Not Active, Not Active
2026/07/17 09:54:16.851, 1192, 877, 215.40, 76, 76, 100, 14342, Not Active, Not Active, Not Active
2026/07/17 09:54:16.903, 1192, 877, 204.88, 76, 76, 100, 14342, Not Active, Not Active, Not Active
2026/07/17 09:54:16.955, 1192, 877, 213.82, 76, 76, 100, 14342, Not Active, Not Active, Not Active
2026/07/17 09:54:17.007, 1192, 877, 195.92, 76, 76, 100, 14342, Not Active, Not Active, Not Active
2026/07/17 09:54:17.059, 1192, 877, 207.40, 76, 77, 100, 14342, Not Active, Not Active, Not Active
2026/07/17 09:54:17.113, 1192, 877, 211.09, 76, 77, 100, 14342, Not Active, Not Active, Not Active
2026/07/17 09:54:17.165, 1192, 877, 206.72, 76, 77, 100, 14342, Not Active, Not Active, Not Active
2026/07/17 09:54:17.217, 1192, 877, 211.71, 76, 76, 100, 14342, Not Active, Not Active, Not Active
2026/07/17 09:54:17.269, 1192, 877, 203.58, 76, 76, 100, 14342, Not Active, Not Active, Not Active
2026/07/17 09:54:17.321, 1192, 877, 211.71, 76, 76, 100, 14342, Not Active, Not Active, Not Active
2026/07/17 09:54:17.376, 1192, 877, 197.35, 76, 76, 100, 14342, Not Active, Not Active, Not Active
2026/07/17 09:54:17.428, 1192, 877, 192.09, 76, 77, 100, 14342, Not Active, Not Active, Not Active
2026/07/17 09:54:17.479, 1192, 877, 212.05, 76, 76, 100, 14342, Not Active, Not Active, Not Active
2026/07/17 09:54:17.531, 1192, 877, 209.18, 76, 76, 100, 14342, Not Active, Not Active, Not Active
2026/07/17 09:54:17.583, 1192, 877, 202.96, 76, 76, 100, 14342, Not Active, Not Active, Not Active
2026/07/17 09:54:17.640, 1192, 877, 211.09, 76, 76, 100, 14342, Not Active, Not Active, Not Active
2026/07/17 09:54:17.692, 1192, 877, 202.96, 76, 76, 100, 14342, Not Active, Not Active, Not Active
2026/07/17 09:54:17.743, 1192, 877, 209.52, 76, 77, 100, 14342, Not Active, Not Active, Not Active
2026/07/17 09:54:17.795, 1192, 877, 208.22, 76, 77, 100, 14342, Not Active, Not Active, Not Active
2026/07/17 09:54:17.847, 1192, 877, 197.09, 76, 77, 100, 14342, Not Active, Not Active, Not Active
2026/07/17 09:54:17.902, 1192, 877, 209.80, 76, 76, 100, 14342, Not Active, Not Active, Not Active
2026/07/17 09:54:17.954, 1192, 877, 210.00, 76, 76, 100, 14342, Not Active, Not Active, Not Active
2026/07/17 09:54:18.006, 1192, 877, 185.51, 76, 76, 100, 14342, Not Active, Not Active, Not Active
2026/07/17 09:54:18.058, 1192, 877, 207.13, 76, 76, 100, 14342, Not Active, Not Active, Not Active
2026/07/17 09:54:18.110, 1192, 877, 215.26, 76, 76, 100, 14342, Not Active, Not Active, Not Active
2026/07/17 09:54:18.164, 1192, 877, 198.66, 76, 77, 100, 14342, Not Active, Not Active, Not Active
2026/07/17 09:54:18.216, 1192, 877, 211.91, 76, 77, 100, 14342, Not Active, Not Active, Not Active
2026/07/17 09:54:18.267, 1192, 877, 214.92, 76, 77, 100, 14342, Not Active, Not Active, Not Active
2026/07/17 09:54:18.320, 1192, 877, 201.66, 76, 77, 100, 14342, Not Active, Not Active, Not Active
2026/07/17 09:54:18.371, 1192, 877, 210.62, 76, 77, 100, 14342, Not Active, Not Active, Not Active
2026/07/17 09:54:18.427, 1192, 877, 203.58, 76, 77, 100, 14342, Not Active, Not Active, Not Active
2026/07/17 09:54:18.479, 1192, 877, 209.32, 76, 77, 100, 14342, Not Active, Not Active, Not Active
2026/07/17 09:54:18.531, 1192, 877, 211.71, 76, 77, 100, 14342, Not Active, Not Active, Not Active
2026/07/17 09:54:18.588, 1192, 877, 152.86, 76, 77, 100, 14342, Not Active, Not Active, Not Active
2026/07/17 09:54:18.639, 1192, 877, 205.49, 76, 76, 100, 14342, Not Active, Not Active, Not Active
2026/07/17 09:54:18.691, 1192, 877, 211.91, 76, 76, 100, 14342, Not Active, Not Active, Not Active
2026/07/17 09:54:18.743, 1192, 877, 201.18, 76, 76, 100, 14342, Not Active, Not Active, Not Active
2026/07/17 09:54:18.795, 1192, 877, 211.91, 76, 77, 100, 14342, Not Active, Not Active, Not Active
2026/07/17 09:54:18.850, 1192, 877, 206.11, 76, 77, 100, 14342, Not Active, Not Active, Not Active
2026/07/17 09:54:18.902, 1192, 877, 206.79, 76, 77, 100, 14342, Not Active, Not Active, Not Active
2026/07/17 09:54:18.954, 1192, 877, 209.04, 76, 77, 100, 14342, Not Active, Not Active, Not Active
2026/07/17 09:54:19.013, 1192, 877, 197.96, 76, 77, 100, 14342, Not Active, Not Active, Not Active
2026/07/17 09:54:19.064, 1192, 877, 209.04, 76, 77, 100, 14342, Not Active, Not Active, Not Active
2026/07/17 09:54:19.116, 1192, 877, 187.90, 77, 77, 100, 14342, Not Active, Not Active, Not Active
2026/07/17 09:54:19.173, 1192, 877, 202.82, 76, 77, 100, 14342, Not Active, Not Active, Not Active
2026/07/17 09:54:19.225, 1192, 877, 189.34, 76, 75, 100, 14342, Not Active, Not Active, Not Active
2026/07/17 09:54:19.277, 1192, 877, 212.53, 76, 77, 100, 14342, Not Active, Not Active, Not Active
2026/07/17 09:54:19.329, 1192, 877, 199.13, 76, 77, 100, 14342, Not Active, Not Active, Not Active
2026/07/17 09:54:19.381, 1192, 877, 210.48, 76, 77, 100, 14342, Not Active, Not Active, Not Active
2026/07/17 09:54:19.435, 1192, 877, 191.74, 76, 77, 100, 14342, Not Active, Not Active, Not Active
2026/07/17 09:54:19.487, 1192, 877, 209.32, 76, 77, 100, 14342, Not Active, Not Active, Not Active
2026/07/17 09:54:19.539, 1192, 877, 214.11, 77, 77, 100, 14342, Not Active, Not Active, Not Active
2026/07/17 09:54:19.591, 1192, 877, 188.38, 76, 77, 100, 14342, Not Active, Not Active, Not Active
2026/07/17 09:54:19.643, 1192, 877, 205.35, 77, 77, 100, 14342, Not Active, Not Active, Not Active
2026/07/17 09:54:19.697, 1192, 877, 212.05, 77, 77, 100, 14342, Not Active, Not Active, Not Active
2026/07/17 09:54:19.749, 1192, 877, 195.79, 77, 77, 100, 14342, Not Active, Not Active, Not Active
2026/07/17 09:54:19.801, 1192, 877, 204.53, 77, 77, 100, 14342, Not Active, Not Active, Not Active
2026/07/17 09:54:19.853, 1192, 877, 195.79, 76, 76, 100, 14342, Not Active, Not Active, Not Active
2026/07/17 09:54:19.905, 1192, 877, 189.69, 76, 77, 100, 14342, Not Active, Not Active, Not Active
2026/07/17 09:54:19.961, 1192, 877, 208.22, 76, 77, 100, 14342, Not Active, Not Active, Not Active
2026/07/17 09:54:20.013, 1192, 877, 208.22, 76, 77, 100, 14342, Not Active, Not Active, Not Active
2026/07/17 09:54:20.064, 1192, 877, 199.27, 77, 77, 100, 14342, Not Active, Not Active, Not Active
2026/07/17 09:54:20.122, 1192, 877, 211.57, 77, 77, 100, 14342, Not Active, Not Active, Not Active
2026/07/17 09:54:20.174, 1192, 877, 211.77, 77, 77, 100, 14342, Not Active, Not Active, Not Active
2026/07/17 09:54:20.226, 1192, 877, 206.31, 77, 77, 100, 14342, Not Active, Not Active, Not Active
2026/07/17 09:54:20.283, 1192, 877, 211.24, 77, 77, 100, 14342, Not Active, Not Active, Not Active
2026/07/17 09:54:20.335, 1192, 877, 189.34, 77, 77, 100, 14342, Not Active, Not Active, Not Active
2026/07/17 09:54:20.387, 1192, 877, 203.10, 77, 77, 100, 14342, Not Active, Not Active, Not Active
2026/07/17 09:54:20.439, 1192, 877, 210.76, 77, 77, 100, 14342, Not Active, Not Active, Not Active
2026/07/17 09:54:20.491, 1192, 877, 210.28, 77, 77, 100, 14342, Not Active, Not Active, Not Active
2026/07/17 09:54:20.545, 1192, 877, 197.22, 77, 77, 100, 14342, Not Active, Not Active, Not Active
2026/07/17 09:54:20.597, 1192, 877, 208.22, 77, 77, 100, 14342, Not Active, Not Active, Not Active
2026/07/17 09:54:20.649, 1192, 877, 213.49, 77, 77, 100, 14342, Not Active, Not Active, Not Active
2026/07/17 09:54:20.701, 1192, 877, 202.75, 77, 77, 100, 14342, Not Active, Not Active, Not Active
2026/07/17 09:54:20.752, 1192, 877, 208.70, 77, 77, 100, 14342, Not Active, Not Active, Not Active
2026/07/17 09:54:20.807, 1192, 877, 214.30, 77, 77, 100, 14342, Not Active, Not Active, Not Active
2026/07/17 09:54:20.859, 1192, 877, 202.75, 77, 77, 100, 14342, Not Active, Not Active, Not Active
2026/07/17 09:54:20.911, 1192, 877, 209.46, 77, 77, 100, 14342, Not Active, Not Active, Not Active
2026/07/17 09:54:20.963, 1192, 877, 216.21, 77, 77, 100, 14342, Not Active, Not Active, Not Active
2026/07/17 09:54:21.014, 1192, 877, 197.83, 77, 77, 100, 14342, Not Active, Not Active, Not Active
2026/07/17 09:54:21.069, 1192, 877, 213.34, 77, 77, 100, 14342, Not Active, Not Active, Not Active
2026/07/17 09:54:21.121, 1192, 877, 197.35, 77, 77, 100, 14342, Not Active, Not Active, Not Active
2026/07/17 09:54:21.173, 1192, 877, 183.84, 77, 77, 100, 14342, Not Active, Not Active, Not Active
2026/07/17 09:54:21.224, 1192, 877, 203.17, 77, 77, 100, 14342, Not Active, Not Active, Not Active
2026/07/17 09:54:21.276, 1192, 877, 210.81, 77, 77, 100, 14342, Not Active, Not Active, Not Active
2026/07/17 09:54:21.335, 1192, 877, 197.35, 77, 77, 100, 14342, Not Active, Not Active, Not Active
2026/07/17 09:54:21.387, 1192, 877, 203.92, 77, 77, 100, 14342, Not Active, Not Active, Not Active
2026/07/17 09:54:21.439, 1192, 877, 216.36, 77, 77, 100, 14342, Not Active, Not Active, Not Active
2026/07/17 09:54:21.495, 1192, 877, 202.75, 77, 77, 100, 14342, Not Active, Not Active, Not Active
2026/07/17 09:54:21.547, 1192, 877, 208.08, 77, 77, 100, 14342, Not Active, Not Active, Not Active
2026/07/17 09:54:21.598, 1192, 877, 211.09, 77, 77, 100, 14342, Not Active, Not Active, Not Active
2026/07/17 09:54:21.650, 1192, 877, 197.22, 77, 77, 100, 14342, Not Active, Not Active, Not Active
2026/07/17 09:54:21.702, 1192, 877, 206.31, 77, 77, 100, 14342, Not Active, Not Active, Not Active
2026/07/17 09:54:21.757, 1192, 877, 195.79, 77, 78, 100, 14342, Not Active, Not Active, Not Active
2026/07/17 09:54:21.809, 1192, 877, 196.87, 77, 77, 100, 14342, Not Active, Not Active, Not Active
2026/07/17 09:54:21.861, 1192, 877, 201.66, 77, 77, 100, 14342, Not Active, Not Active, Not Active
2026/07/17 09:54:21.913, 1192, 877, 212.19, 77, 77, 100, 14342, Not Active, Not Active, Not Active
2026/07/17 09:54:21.965, 1192, 877, 194.61, 77, 77, 100, 14342, Not Active, Not Active, Not Active
2026/07/17 09:54:22.020, 1192, 877, 200.43, 77, 77, 100, 14342, Not Active, Not Active, Not Active
2026/07/17 09:54:22.072, 1192, 877, 212.05, 77, 77, 100, 14342, Not Active, Not Active, Not Active
2026/07/17 09:54:22.124, 1192, 877, 210.76, 77, 77, 100, 14342, Not Active, Not Active, Not Active
2026/07/17 09:54:22.176, 1192, 877, 196.74, 77, 77, 100, 14342, Not Active, Not Active, Not Active
2026/07/17 09:54:22.228, 1192, 877, 211.57, 77, 77, 100, 14342, Not Active, Not Active, Not Active
2026/07/17 09:54:22.282, 1192, 877, 206.45, 77, 77, 100, 14342, Not Active, Not Active, Not Active
2026/07/17 09:54:22.334, 1192, 877, 195.44, 77, 77, 100, 14342, Not Active, Not Active, Not Active
2026/07/17 09:54:22.386, 1192, 877, 170.89, 76, 77, 100, 14342, Not Active, Not Active, Not Active
2026/07/17 09:54:22.438, 1192, 877, 206.93, 77, 77, 100, 14342, Not Active, Not Active, Not Active
2026/07/17 09:54:22.489, 1192, 877, 187.90, 77, 77, 100, 14342, Not Active, Not Active, Not Active
2026/07/17 09:54:22.547, 1192, 877, 209.04, 77, 77, 100, 14342, Not Active, Not Active, Not Active
2026/07/17 09:54:22.598, 1192, 877, 207.74, 77, 77, 100, 14342, Not Active, Not Active, Not Active
2026/07/17 09:54:22.650, 1192, 877, 197.14, 77, 78, 100, 14342, Not Active, Not Active, Not Active
2026/07/17 09:54:22.707, 1192, 877, 207.74, 77, 78, 100, 14342, Not Active, Not Active, Not Active
2026/07/17 09:54:22.759, 1192, 877, 210.14, 77, 77, 100, 14342, Not Active, Not Active, Not Active
2026/07/17 09:54:22.810, 1192, 877, 190.43, 77, 78, 100, 14342, Not Active, Not Active, Not Active
2026/07/17 09:54:22.863, 1192, 877, 204.88, 77, 77, 100, 14342, Not Active, Not Active, Not Active
2026/07/17 09:54:22.914, 1192, 877, 207.74, 77, 77, 100, 14342, Not Active, Not Active, Not Active
2026/07/17 09:54:22.970, 1192, 877, 187.07, 77, 77, 100, 14342, Not Active, Not Active, Not Active
2026/07/17 09:54:23.022, 1192, 877, 162.47, 77, 77, 100, 14342, Not Active, Not Active, Not Active
2026/07/17 09:54:23.074, 1192, 877, 204.53, 77, 77, 100, 14342, Not Active, Not Active, Not Active
2026/07/17 09:54:23.131, 1192, 877, 213.01, 77, 77, 100, 14342, Not Active, Not Active, Not Active
2026/07/17 09:54:23.183, 1192, 877, 188.99, 77, 77, 100, 14342, Not Active, Not Active, Not Active
2026/07/17 09:54:23.234, 1192, 877, 201.53, 77, 77, 100, 14342, Not Active, Not Active, Not Active
2026/07/17 09:54:23.287, 1192, 877, 210.95, 77, 77, 100, 14342, Not Active, Not Active, Not Active
2026/07/17 09:54:23.338, 1192, 877, 181.80, 77, 78, 100, 14342, Not Active, Not Active, Not Active
2026/07/17 09:54:23.394, 1192, 877, 202.82, 77, 77, 100, 14342, Not Active, Not Active, Not Active
2026/07/17 09:54:23.446, 1192, 877, 210.48, 77, 77, 100, 14342, Not Active, Not Active, Not Active
2026/07/17 09:54:23.498, 1192, 877, 187.42, 77, 77, 100, 14342, Not Active, Not Active, Not Active
2026/07/17 09:54:23.557, 1192, 877, 206.93, 77, 78, 100, 14342, Not Active, Not Active, Not Active
2026/07/17 09:54:23.609, 1192, 877, 207.61, 77, 77, 100, 14342, Not Active, Not Active, Not Active
2026/07/17 09:54:23.661, 1192, 877, 184.55, 77, 78, 100, 14342, Not Active, Not Active, Not Active
2026/07/17 09:54:23.717, 1192, 877, 189.34, 77, 77, 100, 14342, Not Active, Not Active, Not Active
2026/07/17 09:54:23.769, 1192, 877, 205.83, 77, 77, 100, 14342, Not Active, Not Active, Not Active
2026/07/17 09:54:23.821, 1192, 877, 212.05, 77, 78, 100, 14342, Not Active, Not Active, Not Active
2026/07/17 09:54:23.879, 1192, 877, 197.48, 77, 77, 100, 14342, Not Active, Not Active, Not Active
2026/07/17 09:54:23.931, 1192, 877, 208.22, 77, 77, 100, 14342, Not Active, Not Active, Not Active
2026/07/17 09:54:23.983, 1192, 877, 209.32, 77, 78, 100, 14342, Not Active, Not Active, Not Active
2026/07/17 09:54:24.040, 1192, 877, 193.52, 77, 78, 100, 14342, Not Active, Not Active, Not Active
2026/07/17 09:54:24.092, 1192, 877, 203.92, 77, 78, 100, 14342, Not Active, Not Active, Not Active
2026/07/17 09:54:24.144, 1192, 877, 213.96, 77, 77, 100, 14342, Not Active, Not Active, Not Active
2026/07/17 09:54:24.196, 1192, 877, 181.92, 77, 78, 100, 14342, Not Active, Not Active, Not Active
2026/07/17 09:54:24.247, 1192, 877, 207.13, 77, 78, 100, 14342, Not Active, Not Active, Not Active
2026/07/17 09:54:24.302, 1192, 877, 208.84, 77, 77, 100, 14342, Not Active, Not Active, Not Active
2026/07/17 09:54:24.354, 1192, 877, 202.00, 77, 77, 100, 14342, Not Active, Not Active, Not Active
2026/07/17 09:54:24.406, 1192, 877, 182.28, 77, 78, 100, 14342, Not Active, Not Active, Not Active
2026/07/17 09:54:24.458, 1192, 877, 204.88, 77, 78, 100, 14342, Not Active, Not Active, Not Active
2026/07/17 09:54:24.509, 1192, 877, 214.59, 77, 78, 100, 14342, Not Active, Not Active, Not Active
2026/07/17 09:54:24.569, 1192, 877, 180.36, 77, 78, 100, 14342, Not Active, Not Active, Not Active
2026/07/17 09:54:24.621, 1192, 877, 205.49, 77, 78, 100, 14342, Not Active, Not Active, Not Active
2026/07/17 09:54:24.672, 1192, 877, 208.56, 77, 77, 100, 14342, Not Active, Not Active, Not Active
2026/07/17 09:54:24.729, 1192, 877, 184.19, 77, 78, 100, 14342, Not Active, Not Active, Not Active
2026/07/17 09:54:24.781, 1192, 877, 198.31, 77, 78, 100, 14342, Not Active, Not Active, Not Active
2026/07/17 09:54:24.832, 1192, 877, 210.00, 77, 77, 100, 14342, Not Active, Not Active, Not Active
2026/07/17 09:54:24.885, 1192, 877, 211.43, 77, 78, 100, 14342, Not Active, Not Active, Not Active
2026/07/17 09:54:24.936, 1192, 877, 192.09, 77, 78, 100, 14342, Not Active, Not Active, Not Active
2026/07/17 09:54:24.990, 1192, 877, 138.45, 77, 76, 100, 14342, Not Active, Not Active, Not Active
2026/07/17 09:54:25.041, 1192, 877, 202.48, 77, 77, 100, 14342, Not Active, Not Active, Not Active
2026/07/17 09:54:25.093, 1192, 877, 209.04, 77, 77, 100, 14342, Not Active, Not Active, Not Active
2026/07/17 09:54:25.145, 1192, 877, 182.28, 77, 78, 100, 14342, Not Active, Not Active, Not Active
2026/07/17 09:54:25.197, 1192, 877, 207.88, 77, 77, 100, 14342, Not Active, Not Active, Not Active
2026/07/17 09:54:25.253, 1192, 877, 207.13, 77, 77, 100, 14342, Not Active, Not Active, Not Active
2026/07/17 09:54:25.305, 1192, 877, 203.10, 77, 78, 100, 14342, Not Active, Not Active, Not Active
2026/07/17 09:54:25.356, 1192, 877, 199.53, 77, 78, 100, 14342, Not Active, Not Active, Not Active
2026/07/17 09:54:25.408, 1192, 877, 205.49, 77, 78, 100, 14342, Not Active, Not Active, Not Active
2026/07/17 09:54:25.460, 1192, 877, 211.77, 77, 78, 100, 14342, Not Active, Not Active, Not Active
2026/07/17 09:54:25.516, 1192, 877, 189.21, 77, 78, 100, 14342, Not Active, Not Active, Not Active
2026/07/17 09:54:25.568, 1192, 877, 206.79, 77, 78, 100, 14342, Not Active, Not Active, Not Active
2026/07/17 09:54:25.620, 1192, 877, 211.71, 77, 77, 100, 14342, Not Active, Not Active, Not Active
2026/07/17 09:54:25.672, 1192, 877, 196.87, 77, 78, 100, 14342, Not Active, Not Active, Not Active
2026/07/17 09:54:25.723, 1192, 877, 178.80, 77, 78, 100, 14342, Not Active, Not Active, Not Active
2026/07/17 09:54:25.781, 1192, 877, 204.88, 77, 78, 100, 14342, Not Active, Not Active, Not Active
2026/07/17 09:54:25.832, 1192, 877, 208.70, 77, 78, 100, 14342, Not Active, Not Active, Not Active
2026/07/17 09:54:25.884, 1192, 877, 195.09, 78, 78, 100, 14342, Not Active, Not Active, Not Active
2026/07/17 09:54:25.941, 1192, 877, 193.52, 77, 78, 100, 14342, Not Active, Not Active, Not Active
2026/07/17 09:54:25.993, 1192, 877, 203.44, 77, 78, 100, 14342, Not Active, Not Active, Not Active
2026/07/17 09:54:26.045, 1192, 877, 209.04, 77, 78, 100, 14342, Not Active, Not Active, Not Active
2026/07/17 09:54:26.097, 1192, 877, 178.08, 77, 78, 100, 14342, Not Active, Not Active, Not Active
2026/07/17 09:54:26.149, 1192, 877, 204.40, 78, 78, 100, 14342, Not Active, Not Active, Not Active
2026/07/17 09:54:26.203, 1192, 877, 208.22, 77, 77, 100, 14342, Not Active, Not Active, Not Active
2026/07/17 09:54:26.254, 1192, 877, 211.43, 77, 78, 100, 14342, Not Active, Not Active, Not Active
2026/07/17 09:54:26.306, 1192, 877, 186.95, 77, 78, 100, 14342, Not Active, Not Active, Not Active
2026/07/17 09:54:26.358, 1192, 877, 193.17, 77, 77, 100, 14342, Not Active, Not Active, Not Active
2026/07/17 09:54:26.410, 1192, 877, 202.00, 77, 77, 100, 14342, Not Active, Not Active, Not Active
2026/07/17 09:54:26.465, 1192, 877, 209.66, 77, 78, 100, 14342, Not Active, Not Active, Not Active
2026/07/17 09:54:26.517, 1192, 877, 181.80, 77, 78, 100, 14342, Not Active, Not Active, Not Active
2026/07/17 09:54:26.569, 1192, 877, 196.40, 78, 78, 100, 14342, Not Active, Not Active, Not Active
2026/07/17 09:54:26.621, 1192, 877, 208.70, 77, 78, 100, 14342, Not Active, Not Active, Not Active
2026/07/17 09:54:26.673, 1192, 877, 214.16, 78, 78, 100, 14342, Not Active, Not Active, Not Active
2026/07/17 09:54:26.728, 1192, 877, 187.78, 77, 78, 100, 14342, Not Active, Not Active, Not Active
2026/07/17 09:54:26.780, 1192, 877, 202.75, 78, 78, 100, 14342, Not Active, Not Active, Not Active
2026/07/17 09:54:26.832, 1192, 877, 213.34, 78, 78, 100, 14342, Not Active, Not Active, Not Active
2026/07/17 09:54:26.891, 1192, 877, 175.93, 78, 78, 100, 14342, Not Active, Not Active, Not Active
2026/07/17 09:54:26.943, 1192, 877, 201.18, 77, 78, 100, 14342, Not Active, Not Active, Not Active
2026/07/17 09:54:26.995, 1192, 877, 174.24, 77, 78, 100, 14342, Not Active, Not Active, Not Active
2026/07/17 09:54:27.048, 1192, 877, 206.79, 77, 77, 100, 14342, Not Active, Not Active, Not Active
2026/07/17 09:54:27.100, 1192, 877, 207.27, 77, 78, 100, 14342, Not Active, Not Active, Not Active
2026/07/17 09:54:27.152, 1192, 877, 190.90, 78, 78, 100, 14342, Not Active, Not Active, Not Active
2026/07/17 09:54:27.204, 1192, 877, 205.01, 78, 78, 100, 14342, Not Active, Not Active, Not Active
2026/07/17 09:54:27.256, 1192, 877, 211.24, 78, 78, 100, 14342, Not Active, Not Active, Not Active
2026/07/17 09:54:27.308, 1192, 877, 207.40, 78, 78, 100, 14342, Not Active, Not Active, Not Active
2026/07/17 09:54:27.360, 1192, 877, 191.61, 78, 78, 100, 14342, Not Active, Not Active, Not Active
2026/07/17 09:54:27.416, 1192, 877, 206.45, 78, 78, 100, 14342, Not Active, Not Active, Not Active
2026/07/17 09:54:27.467, 1192, 877, 206.31, 78, 78, 100, 14342, Not Active, Not Active, Not Active
2026/07/17 09:54:27.520, 1192, 877, 188.99, 78, 78, 100, 14342, Not Active, Not Active, Not Active
2026/07/17 09:54:27.572, 1192, 877, 191.74, 78, 78, 100, 14342, Not Active, Not Active, Not Active
2026/07/17 09:54:27.623, 1192, 877, 206.65, 78, 77, 100, 14342, Not Active, Not Active, Not Active
2026/07/17 09:54:27.679, 1192, 877, 197.96, 78, 77, 100, 14342, Not Active, Not Active, Not Active
2026/07/17 09:54:27.731, 1192, 877, 213.63, 78, 78, 100, 14342, Not Active, Not Active, Not Active
2026/07/17 09:54:27.782, 1192, 877, 181.32, 78, 78, 100, 14342, Not Active, Not Active, Not Active
2026/07/17 09:54:27.834, 1192, 877, 196.61, 78, 77, 100, 14342, Not Active, Not Active, Not Active
2026/07/17 09:54:27.886, 1192, 877, 209.04, 78, 78, 100, 14342, Not Active, Not Active, Not Active
2026/07/17 09:54:27.942, 1192, 877, 213.01, 78, 78, 100, 14342, Not Active, Not Active, Not Active
2026/07/17 09:54:27.993, 1192, 877, 184.67, 78, 78, 100, 14342, Not Active, Not Active, Not Active
2026/07/17 09:54:28.045, 1192, 877, 205.22, 78, 78, 100, 14342, Not Active, Not Active, Not Active
2026/07/17 09:54:28.104, 1192, 877, 209.52, 78, 78, 100, 14342, Not Active, Not Active, Not Active
2026/07/17 09:54:28.156, 1192, 877, 187.55, 78, 78, 100, 14342, Not Active, Not Active, Not Active
2026/07/17 09:54:28.207, 1192, 877, 195.79, 78, 78, 100, 14342, Not Active, Not Active, Not Active
2026/07/17 09:54:28.263, 1192, 877, 207.13, 78, 78, 100, 14342, Not Active, Not Active, Not Active
2026/07/17 09:54:28.315, 1192, 877, 208.08, 78, 78, 100, 14342, Not Active, Not Active, Not Active
2026/07/17 09:54:28.367, 1192, 877, 201.39, 77, 77, 100, 14342, Not Active, Not Active, Not Active
2026/07/17 09:54:28.419, 1192, 877, 177.60, 78, 78, 100, 14342, Not Active, Not Active, Not Active
2026/07/17 09:54:28.471, 1192, 877, 203.10, 78, 78, 100, 14342, Not Active, Not Active, Not Active
2026/07/17 09:54:28.526, 1192, 877, 208.22, 78, 78, 100, 14342, Not Active, Not Active, Not Active
2026/07/17 09:54:28.578, 1192, 877, 213.96, 78, 78, 100, 14342, Not Active, Not Active, Not Active
2026/07/17 09:54:28.630, 1192, 877, 175.20, 78, 78, 100, 14342, Not Active, Not Active, Not Active
2026/07/17 09:54:28.681, 1192, 877, 196.05, 78, 78, 100, 14342, Not Active, Not Active, Not Active
2026/07/17 09:54:28.733, 1192, 877, 210.14, 78, 78, 100, 14342, Not Active, Not Active, Not Active
2026/07/17 09:54:28.789, 1192, 877, 214.11, 78, 78, 100, 14342, Not Active, Not Active, Not Active
2026/07/17 09:54:28.841, 1192, 877, 173.65, 78, 78, 100, 14342, Not Active, Not Active, Not Active
2026/07/17 09:54:28.893, 1192, 877, 192.91, 78, 77, 100, 14342, Not Active, Not Active, Not Active
2026/07/17 09:54:28.945, 1192, 877, 205.35, 78, 77, 100, 14342, Not Active, Not Active, Not Active
2026/07/17 09:54:28.997, 1192, 877, 211.09, 78, 78, 100, 14342, Not Active, Not Active, Not Active
2026/07/17 09:54:29.053, 1192, 877, 205.01, 77, 78, 100, 14342, Not Active, Not Active, Not Active
2026/07/17 09:54:29.105, 1192, 877, 177.73, 78, 78, 100, 14342, Not Active, Not Active, Not Active
2026/07/17 09:54:29.157, 1192, 877, 202.96, 78, 77, 100, 14342, Not Active, Not Active, Not Active
2026/07/17 09:54:29.215, 1192, 877, 207.61, 78, 78, 100, 14342, Not Active, Not Active, Not Active
2026/07/17 09:54:29.267, 1192, 877, 203.58, 78, 78, 100, 14342, Not Active, Not Active, Not Active
2026/07/17 09:54:29.318, 1192, 877, 190.17, 78, 78, 100, 14342, Not Active, Not Active, Not Active
2026/07/17 09:54:29.374, 1192, 877, 201.66, 78, 78, 100, 14342, Not Active, Not Active, Not Active
2026/07/17 09:54:29.426, 1192, 877, 209.18, 78, 78, 100, 14342, Not Active, Not Active, Not Active
2026/07/17 09:54:29.477, 1192, 877, 203.58, 78, 78, 100, 14342, Not Active, Not Active, Not Active
2026/07/17 09:54:29.529, 1192, 877, 185.86, 78, 78, 100, 14342, Not Active, Not Active, Not Active
2026/07/17 09:54:29.581, 1192, 877, 201.18, 78, 77, 100, 14342, Not Active, Not Active, Not Active
2026/07/17 09:54:29.638, 1192, 877, 207.13, 78, 78, 100, 14342, Not Active, Not Active, Not Active
2026/07/17 09:54:29.690, 1192, 877, 203.23, 78, 78, 100, 14342, Not Active, Not Active, Not Active
2026/07/17 09:54:29.741, 1192, 877, 194.61, 77, 78, 100, 14342, Not Active, Not Active, Not Active
2026/07/17 09:54:29.793, 1192, 877, 183.47, 78, 78, 100, 14342, Not Active, Not Active, Not Active
2026/07/17 09:54:29.845, 1192, 877, 201.87, 78, 77, 100, 14342, Not Active, Not Active, Not Active
2026/07/17 09:54:29.900, 1192, 877, 206.65, 78, 78, 100, 14342, Not Active, Not Active, Not Active
2026/07/17 09:54:29.952, 1192, 877, 216.84, 78, 78, 100, 14342, Not Active, Not Active, Not Active
2026/07/17 09:54:30.003, 1192, 877, 172.10, 78, 78, 100, 14342, Not Active, Not Active, Not Active
2026/07/17 09:54:30.055, 1192, 877, 196.40, 78, 78, 100, 14342, Not Active, Not Active, Not Active
2026/07/17 09:54:30.107, 1192, 877, 207.27, 78, 78, 100, 14342, Not Active, Not Active, Not Active
2026/07/17 09:54:30.163, 1192, 877, 213.49, 78, 78, 100, 14342, Not Active, Not Active, Not Active
2026/07/17 09:54:30.214, 1192, 877, 175.20, 78, 78, 100, 14342, Not Active, Not Active, Not Active
2026/07/17 09:54:30.266, 1192, 877, 193.04, 78, 78, 100, 14342, Not Active, Not Active, Not Active
2026/07/17 09:54:30.318, 1192, 877, 201.05, 78, 77, 100, 14342, Not Active, Not Active, Not Active
2026/07/17 09:54:30.370, 1192, 877, 210.14, 78, 78, 100, 14342, Not Active, Not Active, Not Active
2026/07/17 09:54:30.429, 1192, 877, 205.83, 78, 78, 100, 14342, Not Active, Not Active, Not Active
2026/07/17 09:54:30.481, 1192, 877, 168.97, 78, 78, 100, 14342, Not Active, Not Active, Not Active
2026/07/17 09:54:30.532, 1192, 877, 199.48, 78, 77, 100, 14342, Not Active, Not Active, Not Active
2026/07/17 09:54:30.588, 1192, 877, 208.22, 78, 78, 100, 14342, Not Active, Not Active, Not Active
2026/07/17 09:54:30.640, 1192, 877, 208.42, 78, 78, 100, 14342, Not Active, Not Active, Not Active
2026/07/17 09:54:30.692, 1192, 877, 184.32, 78, 78, 100, 14342, Not Active, Not Active, Not Active
2026/07/17 09:54:30.743, 1192, 877, 188.86, 78, 78, 100, 14342, Not Active, Not Active, Not Active
2026/07/17 09:54:30.795, 1192, 877, 200.57, 78, 77, 100, 14342, Not Active, Not Active, Not Active
2026/07/17 09:54:30.847, 1192, 877, 209.18, 78, 78, 100, 14342, Not Active, Not Active, Not Active
2026/07/17 09:54:30.899, 1192, 877, 195.44, 78, 78, 100, 14342, Not Active, Not Active, Not Active
2026/07/17 09:54:30.956, 1192, 877, 183.47, 78, 78, 100, 14342, Not Active, Not Active, Not Active
2026/07/17 09:54:31.008, 1192, 877, 199.13, 78, 77, 100, 14342, Not Active, Not Active, Not Active
2026/07/17 09:54:31.059, 1192, 877, 208.22, 78, 78, 100, 14342, Not Active, Not Active, Not Active
2026/07/17 09:54:31.117, 1192, 877, 194.13, 77, 77, 100, 14342, Not Active, Not Active, Not Active
2026/07/17 09:54:31.169, 1192, 877, 212.67, 78, 78, 100, 14342, Not Active, Not Active, Not Active
2026/07/17 09:54:31.220, 1192, 877, 170.41, 78, 78, 100, 14342, Not Active, Not Active, Not Active
2026/07/17 09:54:31.272, 1192, 877, 193.65, 78, 78, 100, 14342, Not Active, Not Active, Not Active
2026/07/17 09:54:31.324, 1192, 877, 210.48, 78, 78, 100, 14342, Not Active, Not Active, Not Active
2026/07/17 09:54:31.381, 1192, 877, 210.33, 78, 78, 100, 14342, Not Active, Not Active, Not Active
2026/07/17 09:54:31.433, 1192, 877, 181.44, 78, 78, 100, 14342, Not Active, Not Active, Not Active
2026/07/17 09:54:31.484, 1192, 877, 192.09, 78, 78, 100, 14342, Not Active, Not Active, Not Active
2026/07/17 09:54:31.536, 1192, 877, 202.00, 78, 77, 100, 14342, Not Active, Not Active, Not Active
2026/07/17 09:54:31.588, 1192, 877, 211.43, 78, 78, 100, 14342, Not Active, Not Active, Not Active
2026/07/17 09:54:31.643, 1192, 877, 207.88, 78, 78, 100, 14342, Not Active, Not Active, Not Active
2026/07/17 09:54:31.694, 1192, 877, 182.63, 78, 78, 100, 14342, Not Active, Not Active, Not Active
2026/07/17 09:54:31.750, 1192, 877, 201.66, 78, 77, 100, 14342, Not Active, Not Active, Not Active
2026/07/17 09:54:31.802, 1192, 877, 158.41, 78, 78, 100, 14342, Not Active, Not Active, Not Active
2026/07/17 09:54:31.853, 1192, 877, 206.99, 78, 78, 100, 14342, Not Active, Not Active, Not Active
2026/07/17 09:54:31.905, 1192, 877, 213.49, 78, 78, 100, 14342, Not Active, Not Active, Not Active
2026/07/17 09:54:31.957, 1192, 877, 173.28, 78, 78, 100, 14342, Not Active, Not Active, Not Active
2026/07/17 09:54:32.013, 1192, 877, 188.03, 78, 78, 100, 14342, Not Active, Not Active, Not Active
2026/07/17 09:54:32.065, 1192, 877, 205.15, 78, 77, 100, 14342, Not Active, Not Active, Not Active
2026/07/17 09:54:32.117, 1192, 877, 210.00, 78, 78, 100, 14342, Not Active, Not Active, Not Active
2026/07/17 09:54:32.169, 1192, 877, 211.91, 78, 78, 100, 14342, Not Active, Not Active, Not Active
2026/07/17 09:54:32.220, 1192, 877, 177.24, 78, 78, 100, 14342, Not Active, Not Active, Not Active
2026/07/17 09:54:32.272, 1192, 877, 186.47, 78, 79, 100, 14342, Not Active, Not Active, Not Active
2026/07/17 09:54:32.324, 1192, 877, 202.62, 78, 78, 100, 14342, Not Active, Not Active, Not Active
2026/07/17 09:54:32.376, 1192, 877, 210.48, 78, 78, 100, 14342, Not Active, Not Active, Not Active
2026/07/17 09:54:32.428, 1192, 877, 203.58, 78, 78, 100, 14342, Not Active, Not Active, Not Active
2026/07/17 09:54:32.484, 1192, 877, 174.84, 78, 78, 100, 14342, Not Active, Not Active, Not Active
2026/07/17 09:54:32.535, 1192, 877, 164.28, 78, 78, 100, 14342, Not Active, Not Active, Not Active
2026/07/17 09:54:32.587, 1192, 877, 190.90, 78, 78, 100, 14342, Not Active, Not Active, Not Active
2026/07/17 09:54:32.639, 1192, 877, 204.67, 78, 77, 100, 14342, Not Active, Not Active, Not Active
2026/07/17 09:54:32.691, 1192, 877, 214.63, 78, 78, 100, 14342, Not Active, Not Active, Not Active
2026/07/17 09:54:32.748, 1192, 877, 195.92, 78, 78, 100, 14342, Not Active, Not Active, Not Active
2026/07/17 09:54:32.800, 1192, 877, 180.12, 78, 78, 100, 14342, Not Active, Not Active, Not Active
2026/07/17 09:54:32.851, 1192, 877, 194.00, 78, 78, 100, 14342, Not Active, Not Active, Not Active
2026/07/17 09:54:32.903, 1192, 877, 205.35, 78, 78, 100, 14342, Not Active, Not Active, Not Active
2026/07/17 09:54:32.955, 1192, 877, 209.18, 78, 78, 100, 14342, Not Active, Not Active, Not Active
2026/07/17 09:54:33.007, 1192, 877, 208.36, 78, 78, 100, 14342, Not Active, Not Active, Not Active
2026/07/17 09:54:33.058, 1192, 877, 169.45, 78, 78, 100, 14342, Not Active, Not Active, Not Active
2026/07/17 09:54:33.110, 1192, 877, 187.78, 78, 79, 100, 14342, Not Active, Not Active, Not Active
2026/07/17 09:54:33.162, 1192, 877, 207.88, 78, 78, 100, 14342, Not Active, Not Active, Not Active
2026/07/17 09:54:33.218, 1192, 877, 180.12, 78, 78, 100, 14342, Not Active, Not Active, Not Active
2026/07/17 09:54:33.270, 1192, 877, 208.36, 78, 78, 100, 14342, Not Active, Not Active, Not Active
2026/07/17 09:54:33.322, 1192, 877, 213.15, 78, 78, 100, 14342, Not Active, Not Active, Not Active
2026/07/17 09:54:33.373, 1192, 877, 167.64, 78, 78, 100, 14342, Not Active, Not Active, Not Active
2026/07/17 09:54:33.425, 1192, 877, 190.43, 78, 79, 100, 14342, Not Active, Not Active, Not Active
2026/07/17 09:54:33.480, 1192, 877, 201.39, 78, 77, 100, 14342, Not Active, Not Active, Not Active
2026/07/17 09:54:33.532, 1192, 877, 209.04, 78, 78, 100, 14342, Not Active, Not Active, Not Active
2026/07/17 09:54:33.588, 1192, 877, 191.86, 78, 79, 100, 14342, Not Active, Not Active, Not Active
2026/07/17 09:54:33.640, 1192, 877, 180.96, 78, 78, 100, 14342, Not Active, Not Active, Not Active
2026/07/17 09:54:33.692, 1192, 877, 197.35, 78, 78, 100, 14342, Not Active, Not Active, Not Active
2026/07/17 09:54:33.744, 1192, 877, 205.22, 78, 78, 100, 14342, Not Active, Not Active, Not Active
2026/07/17 09:54:33.796, 1192, 877, 207.95, 78, 78, 100, 14342, Not Active, Not Active, Not Active
2026/07/17 09:54:33.852, 1192, 877, 187.42, 78, 79, 100, 14342, Not Active, Not Active, Not Active
2026/07/17 09:54:33.904, 1192, 877, 181.32, 78, 79, 100, 14342, Not Active, Not Active, Not Active
2026/07/17 09:54:33.955, 1192, 877, 162.73, 78, 78, 100, 14342, Not Active, Not Active, Not Active
2026/07/17 09:54:34.007, 1192, 877, 187.90, 78, 78, 100, 14342, Not Active, Not Active, Not Active
2026/07/17 09:54:34.059, 1192, 877, 204.26, 78, 78, 100, 14342, Not Active, Not Active, Not Active
2026/07/17 09:54:34.116, 1192, 877, 211.57, 78, 78, 100, 14342, Not Active, Not Active, Not Active
2026/07/17 09:54:34.168, 1192, 877, 201.18, 78, 78, 100, 14342, Not Active, Not Active, Not Active
2026/07/17 09:54:34.220, 1192, 877, 168.97, 78, 78, 100, 14342, Not Active, Not Active, Not Active
2026/07/17 09:54:34.272, 1192, 877, 189.21, 78, 79, 100, 14342, Not Active, Not Active, Not Active
2026/07/17 09:54:34.323, 1192, 877, 207.07, 78, 78, 100, 14342, Not Active, Not Active, Not Active
2026/07/17 09:54:34.379, 1192, 877, 210.14, 78, 78, 100, 14342, Not Active, Not Active, Not Active
2026/07/17 09:54:34.431, 1192, 877, 210.90, 78, 79, 100, 14342, Not Active, Not Active, Not Active
2026/07/17 09:54:34.482, 1192, 877, 169.56, 78, 79, 100, 14342, Not Active, Not Active, Not Active
2026/07/17 09:54:34.535, 1192, 877, 187.42, 79, 79, 100, 14342, Not Active, Not Active, Not Active
2026/07/17 09:54:34.586, 1192, 877, 198.66, 78, 78, 100, 14342, Not Active, Not Active, Not Active
2026/07/17 09:54:34.640, 1192, 877, 167.16, 78, 77, 100, 14342, Not Active, Not Active, Not Active
2026/07/17 09:54:34.692, 1192, 877, 209.32, 78, 78, 100, 14342, Not Active, Not Active, Not Active
2026/07/17 09:54:34.744, 1192, 877, 215.40, 78, 78, 100, 14342, Not Active, Not Active, Not Active
2026/07/17 09:54:34.797, 1192, 877, 193.65, 78, 79, 100, 14342, Not Active, Not Active, Not Active
2026/07/17 09:54:34.849, 1192, 877, 177.72, 78, 79, 100, 14342, Not Active, Not Active, Not Active
2026/07/17 09:54:34.901, 1192, 877, 189.82, 78, 79, 100, 14342, Not Active, Not Active, Not Active
2026/07/17 09:54:34.952, 1192, 877, 202.62, 78, 78, 100, 14342, Not Active, Not Active, Not Active
2026/07/17 09:54:35.004, 1192, 877, 210.28, 78, 78, 100, 14342, Not Active, Not Active, Not Active
2026/07/17 09:54:35.056, 1192, 877, 211.57, 78, 78, 100, 14342, Not Active, Not Active, Not Active
2026/07/17 09:54:35.108, 1192, 877, 177.12, 78, 79, 100, 14342, Not Active, Not Active, Not Active
2026/07/17 09:54:35.162, 1192, 877, 187.42, 78, 79, 100, 14342, Not Active, Not Active, Not Active
2026/07/17 09:54:35.214, 1192, 877, 194.83, 78, 77, 100, 14342, Not Active, Not Active, Not Active
2026/07/17 09:54:35.266, 1192, 877, 202.48, 78, 77, 100, 14342, Not Active, Not Active, Not Active
2026/07/17 09:54:35.318, 1192, 877, 205.83, 78, 78, 100, 14342, Not Active, Not Active, Not Active
2026/07/17 09:54:35.370, 1192, 877, 193.04, 78, 78, 100, 14342, Not Active, Not Active, Not Active
2026/07/17 09:54:35.424, 1192, 877, 212.53, 78, 79, 100, 14342, Not Active, Not Active, Not Active
2026/07/17 09:54:35.496, 1192, 877, 203.44, 78, 78, 100, 14342, Not Active, Not Active, Not Active
2026/07/17 09:54:35.548, 1192, 877, 217.65, 78, 78, 100, 14342, Not Active, Not Active, Not Active
2026/07/17 09:54:35.605, 1192, 877, 196.53, 78, 79, 100, 14342, Not Active, Not Active, Not Active
2026/07/17 09:54:35.657, 1192, 877, 169.33, 78, 79, 100, 14342, Not Active, Not Active, Not Active
2026/07/17 09:54:35.709, 1192, 877, 192.91, 78, 77, 100, 14342, Not Active, Not Active, Not Active
2026/07/17 09:54:35.765, 1192, 877, 204.26, 78, 77, 100, 14342, Not Active, Not Active, Not Active
2026/07/17 09:54:35.816, 1192, 877, 208.70, 78, 78, 100, 14342, Not Active, Not Active, Not Active
2026/07/17 09:54:35.868, 1192, 877, 215.73, 79, 79, 100, 14342, Not Active, Not Active, Not Active
2026/07/17 09:54:35.920, 1192, 877, 182.28, 78, 79, 100, 14342, Not Active, Not Active, Not Active
2026/07/17 09:54:35.972, 1192, 877, 177.00, 79, 79, 100, 14342, Not Active, Not Active, Not Active
2026/07/17 09:54:36.024, 1192, 877, 199.88, 78, 78, 100, 14342, Not Active, Not Active, Not Active
2026/07/17 09:54:36.076, 1192, 877, 131.82, 78, 78, 100, 14342, Not Active, Not Active, Not Active
2026/07/17 09:54:36.128, 1192, 877, 198.31, 78, 77, 100, 14342, Not Active, Not Active, Not Active
2026/07/17 09:54:36.180, 1192, 877, 204.40, 78, 78, 100, 14342, Not Active, Not Active, Not Active
2026/07/17 09:54:36.231, 1192, 877, 216.21, 78, 78, 100, 14342, Not Active, Not Active, Not Active
2026/07/17 09:54:36.287, 1192, 877, 185.99, 78, 78, 100, 14342, Not Active, Not Active, Not Active
2026/07/17 09:54:36.339, 1192, 877, 180.00, 78, 79, 100, 14342, Not Active, Not Active, Not Active
2026/07/17 09:54:36.391, 1192, 877, 203.92, 78, 78, 100, 14342, Not Active, Not Active, Not Active
2026/07/17 09:54:36.447, 1192, 877, 208.84, 78, 78, 100, 14342, Not Active, Not Active, Not Active
2026/07/17 09:54:36.499, 1192, 877, 209.52, 78, 78, 100, 14342, Not Active, Not Active, Not Active
2026/07/17 09:54:36.551, 1192, 877, 208.36, 78, 78, 100, 14342, Not Active, Not Active, Not Active
2026/07/17 09:54:36.603, 1192, 877, 172.32, 78, 79, 100, 14342, Not Active, Not Active, Not Active
2026/07/17 09:54:36.654, 1192, 877, 185.51, 79, 79, 100, 14342, Not Active, Not Active, Not Active
2026/07/17 09:54:36.707, 1192, 877, 197.09, 78, 78, 100, 14342, Not Active, Not Active, Not Active
2026/07/17 09:54:36.759, 1192, 877, 203.92, 78, 78, 100, 14342, Not Active, Not Active, Not Active
2026/07/17 09:54:36.810, 1192, 877, 167.16, 78, 79, 100, 14342, Not Active, Not Active, Not Active
2026/07/17 09:54:36.862, 1192, 877, 206.45, 78, 78, 100, 14342, Not Active, Not Active, Not Active
2026/07/17 09:54:36.914, 1192, 877, 211.09, 78, 79, 100, 14342, Not Active, Not Active, Not Active
2026/07/17 09:54:36.970, 1192, 877, 197.48, 78, 79, 100, 14342, Not Active, Not Active, Not Active
2026/07/17 09:54:37.022, 1192, 877, 161.03, 78, 79, 100, 14342, Not Active, Not Active, Not Active
2026/07/17 09:54:37.073, 1192, 877, 189.69, 79, 79, 100, 14342, Not Active, Not Active, Not Active
2026/07/17 09:54:37.129, 1192, 877, 198.92, 78, 78, 100, 14342, Not Active, Not Active, Not Active
2026/07/17 09:54:37.181, 1192, 877, 210.28, 78, 78, 100, 14342, Not Active, Not Active, Not Active
2026/07/17 09:54:37.232, 1192, 877, 217.02, 78, 78, 100, 14342, Not Active, Not Active, Not Active
2026/07/17 09:54:37.284, 1192, 877, 197.35, 79, 79, 100, 14342, Not Active, Not Active, Not Active
2026/07/17 09:54:37.336, 1192, 877, 166.68, 79, 79, 100, 14342, Not Active, Not Active, Not Active
2026/07/17 09:54:37.390, 1192, 877, 185.38, 78, 79, 100, 14342, Not Active, Not Active, Not Active
2026/07/17 09:54:37.441, 1192, 877, 200.70, 79, 77, 100, 14342, Not Active, Not Active, Not Active
2026/07/17 09:54:37.493, 1192, 877, 207.74, 78, 78, 100, 14342, Not Active, Not Active, Not Active
2026/07/17 09:54:37.545, 1192, 877, 168.85, 78, 77, 100, 14342, Not Active, Not Active, Not Active
2026/07/17 09:54:37.597, 1192, 877, 206.17, 78, 78, 100, 14342, Not Active, Not Active, Not Active
2026/07/17 09:54:37.652, 1192, 877, 216.84, 78, 78, 100, 14342, Not Active, Not Active, Not Active
2026/07/17 09:54:37.704, 1192, 877, 188.86, 79, 79, 100, 14342, Not Active, Not Active, Not Active
2026/07/17 09:54:37.756, 1192, 877, 177.12, 79, 79, 100, 14342, Not Active, Not Active, Not Active
2026/07/17 09:54:37.810, 1192, 877, 193.65, 78, 78, 100, 14342, Not Active, Not Active, Not Active
2026/07/17 09:54:37.862, 1192, 877, 199.61, 79, 78, 100, 14342, Not Active, Not Active, Not Active
2026/07/17 09:54:37.914, 1192, 877, 208.70, 78, 78, 100, 14342, Not Active, Not Active, Not Active
2026/07/17 09:54:37.965, 1192, 877, 209.04, 79, 78, 100, 14342, Not Active, Not Active, Not Active
2026/07/17 09:54:38.017, 1192, 877, 188.15, 79, 79, 100, 14342, Not Active, Not Active, Not Active
2026/07/17 09:54:38.074, 1192, 877, 170.18, 79, 79, 100, 14342, Not Active, Not Active, Not Active
2026/07/17 09:54:38.126, 1192, 877, 190.30, 79, 79, 100, 14342, Not Active, Not Active, Not Active
2026/07/17 09:54:38.177, 1192, 877, 199.40, 79, 77, 100, 14342, Not Active, Not Active, Not Active
2026/07/17 09:54:38.233, 1192, 877, 205.22, 79, 77, 100, 14342, Not Active, Not Active, Not Active
2026/07/17 09:54:38.285, 1192, 877, 183.59, 78, 77, 100, 14342, Not Active, Not Active, Not Active
2026/07/17 09:54:38.337, 1192, 877, 213.01, 78, 78, 100, 14342, Not Active, Not Active, Not Active
2026/07/17 09:54:38.395, 1192, 877, 186.95, 78, 79, 100, 14342, Not Active, Not Active, Not Active
2026/07/17 09:54:38.447, 1192, 877, 167.05, 79, 79, 100, 14342, Not Active, Not Active, Not Active
2026/07/17 09:54:38.498, 1192, 877, 188.86, 78, 78, 100, 14342, Not Active, Not Active, Not Active
2026/07/17 09:54:38.554, 1192, 877, 202.14, 79, 78, 100, 14342, Not Active, Not Active, Not Active
2026/07/17 09:54:38.605, 1192, 877, 208.70, 79, 78, 100, 14342, Not Active, Not Active, Not Active
2026/07/17 09:54:38.657, 1192, 877, 213.01, 78, 79, 100, 14342, Not Active, Not Active, Not Active
2026/07/17 09:54:38.709, 1192, 877, 208.22, 79, 79, 100, 14342, Not Active, Not Active, Not Active
2026/07/17 09:54:38.761, 1192, 877, 167.64, 79, 79, 100, 14342, Not Active, Not Active, Not Active
2026/07/17 09:54:38.815, 1192, 877, 184.32, 79, 79, 100, 14342, Not Active, Not Active, Not Active
2026/07/17 09:54:38.867, 1192, 877, 198.79, 79, 78, 100, 14342, Not Active, Not Active, Not Active
2026/07/17 09:54:38.919, 1192, 877, 199.13, 79, 78, 100, 14342, Not Active, Not Active, Not Active
2026/07/17 09:54:38.971, 1192, 877, 206.31, 79, 78, 100, 14342, Not Active, Not Active, Not Active
2026/07/17 09:54:39.023, 1192, 877, 180.84, 78, 77, 100, 14342, Not Active, Not Active, Not Active
2026/07/17 09:54:39.075, 1192, 877, 209.32, 78, 78, 100, 14342, Not Active, Not Active, Not Active
2026/07/17 09:54:39.127, 1192, 877, 211.57, 79, 78, 100, 14342, Not Active, Not Active, Not Active
2026/07/17 09:54:39.178, 1192, 877, 197.96, 79, 79, 100, 14342, Not Active, Not Active, Not Active
2026/07/17 09:54:39.230, 1192, 877, 171.48, 79, 79, 100, 14342, Not Active, Not Active, Not Active
2026/07/17 09:54:39.282, 1192, 877, 184.55, 79, 79, 100, 14342, Not Active, Not Active, Not Active
2026/07/17 09:54:39.336, 1192, 877, 201.66, 79, 78, 100, 14342, Not Active, Not Active, Not Active
2026/07/17 09:54:39.388, 1192, 877, 200.70, 79, 77, 100, 14342, Not Active, Not Active, Not Active
2026/07/17 09:54:39.440, 1192, 877, 208.70, 79, 78, 100, 14342, Not Active, Not Active, Not Active
2026/07/17 09:54:39.492, 1192, 877, 208.56, 79, 79, 100, 14342, Not Active, Not Active, Not Active
2026/07/17 09:54:39.543, 1192, 877, 186.95, 79, 79, 100, 14342, Not Active, Not Active, Not Active
2026/07/17 09:54:39.599, 1192, 877, 168.60, 79, 79, 100, 14342, Not Active, Not Active, Not Active
2026/07/17 09:54:39.651, 1192, 877, 181.55, 79, 79, 100, 14342, Not Active, Not Active, Not Active
2026/07/17 09:54:39.703, 1192, 877, 199.61, 79, 77, 100, 14342, Not Active, Not Active, Not Active
2026/07/17 09:54:39.760, 1192, 877, 151.90, 78, 78, 100, 14342, Not Active, Not Active, Not Active
2026/07/17 09:54:39.812, 1192, 877, 200.23, 78, 77, 100, 14342, Not Active, Not Active, Not Active
2026/07/17 09:54:39.863, 1192, 877, 210.00, 78, 77, 100, 14342, Not Active, Not Active, Not Active
2026/07/17 09:54:39.921, 1192, 877, 210.76, 79, 79, 100, 14342, Not Active, Not Active, Not Active
2026/07/17 09:54:39.972, 1192, 877, 187.55, 79, 79, 100, 14342, Not Active, Not Active, Not Active
2026/07/17 09:54:40.024, 1192, 877, 172.92, 79, 79, 100, 14342, Not Active, Not Active, Not Active
2026/07/17 09:54:40.078, 1192, 877, 183.71, 79, 79, 100, 14342, Not Active, Not Active, Not Active
2026/07/17 09:54:40.130, 1192, 877, 196.40, 79, 78, 100, 14342, Not Active, Not Active, Not Active
2026/07/17 09:54:40.182, 1192, 877, 202.96, 79, 78, 100, 14342, Not Active, Not Active, Not Active
2026/07/17 09:54:40.233, 1192, 877, 208.70, 79, 79, 100, 14342, Not Active, Not Active, Not Active
2026/07/17 09:54:40.285, 1192, 877, 204.05, 79, 79, 100, 14342, Not Active, Not Active, Not Active
2026/07/17 09:54:40.342, 1192, 877, 178.56, 79, 79, 100, 14342, Not Active, Not Active, Not Active
2026/07/17 09:54:40.394, 1192, 877, 167.90, 79, 79, 100, 14342, Not Active, Not Active, Not Active
2026/07/17 09:54:40.446, 1192, 877, 192.69, 79, 78, 100, 14342, Not Active, Not Active, Not Active
2026/07/17 09:54:40.501, 1192, 877, 108.07, 78, 78, 100, 14342, Not Active, Not Active, Not Active
2026/07/17 09:54:40.552, 1192, 877, 188.86, 78, 77, 100, 14342, Not Active, Not Active, Not Active
2026/07/17 09:54:40.604, 1192, 877, 198.31, 78, 78, 100, 14342, Not Active, Not Active, Not Active
2026/07/17 09:54:40.656, 1192, 877, 208.36, 79, 78, 100, 14342, Not Active, Not Active, Not Active
2026/07/17 09:54:40.708, 1192, 877, 217.31, 79, 79, 100, 14342, Not Active, Not Active, Not Active
2026/07/17 09:54:40.763, 1192, 877, 205.49, 79, 79, 100, 14342, Not Active, Not Active, Not Active
2026/07/17 09:54:40.817, 1192, 877, 170.04, 79, 79, 100, 14342, Not Active, Not Active, Not Active
2026/07/17 09:54:40.868, 1192, 877, 175.57, 79, 79, 100, 14342, Not Active, Not Active, Not Active
2026/07/17 09:54:40.922, 1192, 877, 186.34, 79, 77, 100, 14342, Not Active, Not Active, Not Active
2026/07/17 09:54:40.973, 1192, 877, 203.10, 79, 77, 100, 14342, Not Active, Not Active, Not Active
2026/07/17 09:54:41.025, 1192, 877, 206.79, 79, 78, 100, 14342, Not Active, Not Active, Not Active
2026/07/17 09:54:41.077, 1192, 877, 207.88, 79, 79, 100, 14342, Not Active, Not Active, Not Active
2026/07/17 09:54:41.129, 1192, 877, 200.70, 79, 79, 100, 14342, Not Active, Not Active, Not Active
2026/07/17 09:54:41.185, 1192, 877, 181.44, 79, 79, 100, 14342, Not Active, Not Active, Not Active
2026/07/17 09:54:41.237, 1192, 877, 165.13, 79, 79, 100, 14342, Not Active, Not Active, Not Active
2026/07/17 09:54:41.289, 1192, 877, 162.95, 79, 78, 100, 14342, Not Active, Not Active, Not Active
2026/07/17 09:54:41.344, 1192, 877, 173.76, 78, 79, 100, 14342, Not Active, Not Active, Not Active
2026/07/17 09:54:41.396, 1192, 877, 187.90, 79, 78, 100, 14342, Not Active, Not Active, Not Active
2026/07/17 09:54:41.447, 1192, 877, 202.00, 79, 78, 100, 14342, Not Active, Not Active, Not Active
2026/07/17 09:54:41.499, 1192, 877, 203.92, 79, 78, 100, 14342, Not Active, Not Active, Not Active
2026/07/17 09:54:41.551, 1192, 877, 207.13, 79, 79, 100, 14342, Not Active, Not Active, Not Active
2026/07/17 09:54:41.607, 1192, 877, 212.39, 79, 79, 100, 14342, Not Active, Not Active, Not Active
2026/07/17 09:54:41.658, 1192, 877, 193.65, 79, 79, 100, 14342, Not Active, Not Active, Not Active
2026/07/17 09:54:41.710, 1192, 877, 161.40, 79, 79, 100, 14342, Not Active, Not Active, Not Active
2026/07/17 09:54:41.764, 1192, 877, 180.72, 79, 78, 100, 14342, Not Active, Not Active, Not Active
2026/07/17 09:54:41.816, 1192, 877, 194.13, 79, 78, 100, 14342, Not Active, Not Active, Not Active
2026/07/17 09:54:41.868, 1192, 877, 199.27, 79, 78, 100, 14342, Not Active, Not Active, Not Active
2026/07/17 09:54:41.920, 1192, 877, 202.96, 79, 78, 100, 14342, Not Active, Not Active, Not Active
2026/07/17 09:54:41.972, 1192, 877, 212.05, 79, 79, 100, 14342, Not Active, Not Active, Not Active
2026/07/17 09:54:42.028, 1192, 877, 189.82, 79, 77, 100, 14342, Not Active, Not Active, Not Active
2026/07/17 09:54:42.080, 1192, 877, 210.33, 79, 78, 100, 14342, Not Active, Not Active, Not Active
2026/07/17 09:54:42.132, 1192, 877, 190.30, 79, 79, 100, 14342, Not Active, Not Active, Not Active
2026/07/17 09:54:42.189, 1192, 877, 161.03, 79, 79, 100, 14342, Not Active, Not Active, Not Active
2026/07/17 09:54:42.240, 1192, 877, 175.80, 79, 79, 100, 14342, Not Active, Not Active, Not Active
2026/07/17 09:54:42.292, 1192, 877, 189.57, 79, 78, 100, 14342, Not Active, Not Active, Not Active
2026/07/17 09:54:42.347, 1192, 877, 201.18, 79, 78, 100, 14342, Not Active, Not Active, Not Active
2026/07/17 09:54:42.399, 1192, 877, 211.71, 79, 78, 100, 14342, Not Active, Not Active, Not Active
2026/07/17 09:54:42.451, 1192, 877, 207.88, 79, 79, 100, 14342, Not Active, Not Active, Not Active
2026/07/17 09:54:42.503, 1192, 877, 217.31, 79, 79, 100, 14342, Not Active, Not Active, Not Active
2026/07/17 09:54:42.554, 1192, 877, 188.03, 79, 79, 100, 14342, Not Active, Not Active, Not Active
2026/07/17 09:54:42.610, 1192, 877, 157.18, 79, 79, 100, 14342, Not Active, Not Active, Not Active
2026/07/17 09:54:42.662, 1192, 877, 177.60, 79, 79, 100, 14342, Not Active, Not Active, Not Active
2026/07/17 09:54:42.713, 1192, 877, 196.40, 79, 78, 100, 14342, Not Active, Not Active, Not Active
2026/07/17 09:54:42.769, 1192, 877, 109.11, 79, 79, 100, 14342, Not Active, Not Active, Not Active
2026/07/17 09:54:42.820, 1192, 877, 185.63, 79, 78, 100, 14342, Not Active, Not Active, Not Active
2026/07/17 09:54:42.872, 1192, 877, 199.75, 79, 77, 100, 14342, Not Active, Not Active, Not Active
2026/07/17 09:54:42.924, 1192, 877, 201.05, 79, 77, 100, 14342, Not Active, Not Active, Not Active
2026/07/17 09:54:42.976, 1192, 877, 208.22, 79, 79, 100, 14342, Not Active, Not Active, Not Active
2026/07/17 09:54:43.031, 1192, 877, 210.81, 79, 79, 100, 14342, Not Active, Not Active, Not Active
2026/07/17 09:54:43.083, 1192, 877, 201.80, 79, 79, 100, 14342, Not Active, Not Active, Not Active
2026/07/17 09:54:43.135, 1192, 877, 165.35, 79, 79, 100, 14342, Not Active, Not Active, Not Active
2026/07/17 09:54:43.190, 1192, 877, 178.56, 79, 79, 100, 14342, Not Active, Not Active, Not Active
2026/07/17 09:54:43.242, 1192, 877, 185.63, 79, 79, 100, 14342, Not Active, Not Active, Not Active
2026/07/17 09:54:43.294, 1192, 877, 200.84, 79, 78, 100, 14342, Not Active, Not Active, Not Active
2026/07/17 09:54:43.346, 1192, 877, 200.57, 79, 78, 100, 14342, Not Active, Not Active, Not Active
2026/07/17 09:54:43.398, 1192, 877, 209.04, 79, 79, 100, 14342, Not Active, Not Active, Not Active
2026/07/17 09:54:43.452, 1192, 877, 214.11, 79, 79, 100, 14342, Not Active, Not Active, Not Active
2026/07/17 09:54:43.504, 1192, 877, 213.15, 79, 79, 100, 14342, Not Active, Not Active, Not Active
2026/07/17 09:54:43.556, 1192, 877, 204.40, 79, 78, 100, 14342, Not Active, Not Active, Not Active
2026/07/17 09:54:43.613, 1192, 877, 197.48, 79, 79, 100, 14342, Not Active, Not Active, Not Active
2026/07/17 09:54:43.665, 1192, 877, 184.67, 79, 79, 100, 14342, Not Active, Not Active, Not Active
2026/07/17 09:54:43.716, 1192, 877, 157.46, 79, 79, 100, 14342, Not Active, Not Active, Not Active
2026/07/17 09:54:43.770, 1192, 877, 177.84, 79, 79, 100, 14342, Not Active, Not Active, Not Active
2026/07/17 09:54:43.822, 1192, 877, 193.65, 79, 78, 100, 14342, Not Active, Not Active, Not Active
2026/07/17 09:54:43.874, 1192, 877, 203.23, 79, 77, 100, 14342, Not Active, Not Active, Not Active
2026/07/17 09:54:43.926, 1192, 877, 205.01, 79, 78, 100, 14342, Not Active, Not Active, Not Active
2026/07/17 09:54:43.978, 1192, 877, 212.87, 79, 79, 100, 14342, Not Active, Not Active, Not Active
2026/07/17 09:54:44.035, 1192, 877, 215.54, 79, 79, 100, 14342, Not Active, Not Active, Not Active
2026/07/17 09:54:44.086, 1192, 877, 192.57, 79, 79, 100, 14342, Not Active, Not Active, Not Active
2026/07/17 09:54:44.138, 1192, 877, 156.33, 79, 79, 100, 14342, Not Active, Not Active, Not Active
2026/07/17 09:54:44.194, 1192, 877, 169.93, 79, 79, 100, 14342, Not Active, Not Active, Not Active
2026/07/17 09:54:44.245, 1192, 877, 185.76, 79, 78, 100, 14342, Not Active, Not Active, Not Active
2026/07/17 09:54:44.297, 1192, 877, 123.01, 79, 78, 100, 14342, Not Active, Not Active, Not Active
2026/07/17 09:54:44.350, 1192, 877, 176.64, 79, 78, 100, 14342, Not Active, Not Active, Not Active
2026/07/17 09:54:44.402, 1192, 877, 192.09, 79, 78, 100, 14342, Not Active, Not Active, Not Active
2026/07/17 09:54:44.455, 1192, 877, 197.35, 79, 78, 100, 14342, Not Active, Not Active, Not Active
2026/07/17 09:54:44.507, 1192, 877, 202.82, 79, 78, 100, 14342, Not Active, Not Active, Not Active
2026/07/17 09:54:44.559, 1192, 877, 211.85, 79, 79, 100, 14342, Not Active, Not Active, Not Active
2026/07/17 09:54:44.611, 1192, 877, 210.76, 79, 79, 100, 14342, Not Active, Not Active, Not Active
2026/07/17 09:54:44.663, 1192, 877, 204.05, 79, 79, 100, 14342, Not Active, Not Active, Not Active
2026/07/17 09:54:44.718, 1192, 877, 185.15, 79, 79, 100, 14342, Not Active, Not Active, Not Active
2026/07/17 09:54:44.770, 1192, 877, 163.43, 79, 79, 100, 14342, Not Active, Not Active, Not Active
2026/07/17 09:54:44.821, 1192, 877, 177.24, 79, 79, 100, 14342, Not Active, Not Active, Not Active
2026/07/17 09:54:44.876, 1192, 877, 184.07, 79, 79, 100, 14342, Not Active, Not Active, Not Active
2026/07/17 09:54:44.927, 1192, 877, 197.01, 79, 78, 100, 14342, Not Active, Not Active, Not Active
2026/07/17 09:54:44.979, 1192, 877, 199.27, 79, 78, 100, 14342, Not Active, Not Active, Not Active
2026/07/17 09:54:45.031, 1192, 877, 202.00, 79, 78, 100, 14342, Not Active, Not Active, Not Active
2026/07/17 09:54:45.083, 1192, 877, 161.51, 78, 78, 100, 14342, Not Active, Not Active, Not Active
2026/07/17 09:54:45.136, 1192, 877, 202.96, 79, 77, 100, 14342, Not Active, Not Active, Not Active
2026/07/17 09:54:45.188, 1192, 877, 209.32, 79, 78, 100, 14342, Not Active, Not Active, Not Active
2026/07/17 09:54:45.239, 1192, 877, 206.31, 79, 79, 100, 14342, Not Active, Not Active, Not Active
2026/07/17 09:54:45.291, 1192, 877, 212.87, 79, 79, 100, 14342, Not Active, Not Active, Not Active
2026/07/17 09:54:45.343, 1192, 877, 188.03, 79, 79, 100, 14342, Not Active, Not Active, Not Active
2026/07/17 09:54:45.400, 1192, 877, 166.79, 79, 79, 100, 14342, Not Active, Not Active, Not Active
2026/07/17 09:54:45.452, 1192, 877, 161.88, 79, 79, 100, 14342, Not Active, Not Active, Not Active
2026/07/17 09:54:45.504, 1192, 877, 183.11, 79, 79, 100, 14342, Not Active, Not Active, Not Active
2026/07/17 09:54:45.559, 1192, 877, 194.48, 79, 79, 100, 14342, Not Active, Not Active, Not Active
2026/07/17 09:54:45.611, 1192, 877, 198.66, 79, 78, 100, 14342, Not Active, Not Active, Not Active
2026/07/17 09:54:45.663, 1192, 877, 206.93, 79, 78, 100, 14342, Not Active, Not Active, Not Active
2026/07/17 09:54:45.715, 1192, 877, 205.22, 79, 79, 100, 14342, Not Active, Not Active, Not Active
2026/07/17 09:54:45.767, 1192, 877, 209.04, 79, 79, 100, 14342, Not Active, Not Active, Not Active
2026/07/17 09:54:45.822, 1192, 877, 199.13, 79, 79, 100, 14342, Not Active, Not Active, Not Active
2026/07/17 09:54:45.874, 1192, 877, 193.52, 79, 78, 100, 14342, Not Active, Not Active, Not Active
2026/07/17 09:54:45.925, 1192, 877, 204.67, 79, 78, 100, 14342, Not Active, Not Active, Not Active
2026/07/17 09:54:45.982, 1192, 877, 189.82, 79, 79, 100, 14342, Not Active, Not Active, Not Active
2026/07/17 09:54:46.034, 1192, 877, 174.72, 79, 79, 100, 14342, Not Active, Not Active, Not Active
2026/07/17 09:54:46.086, 1192, 877, 157.29, 79, 79, 100, 14342, Not Active, Not Active, Not Active
2026/07/17 09:54:46.139, 1192, 877, 181.44, 79, 79, 100, 14342, Not Active, Not Active, Not Active
2026/07/17 09:54:46.191, 1192, 877, 184.67, 79, 78, 100, 14342, Not Active, Not Active, Not Active
2026/07/17 09:54:46.243, 1192, 877, 194.48, 79, 78, 100, 14342, Not Active, Not Active, Not Active
2026/07/17 09:54:46.294, 1192, 877, 196.05, 79, 78, 100, 14342, Not Active, Not Active, Not Active
2026/07/17 09:54:46.346, 1192, 877, 206.65, 79, 78, 100, 14342, Not Active, Not Active, Not Active
2026/07/17 09:54:46.403, 1192, 877, 208.22, 79, 79, 100, 14342, Not Active, Not Active, Not Active
2026/07/17 09:54:46.455, 1192, 877, 212.39, 79, 79, 100, 14342, Not Active, Not Active, Not Active
2026/07/17 09:54:46.507, 1192, 877, 184.55, 79, 79, 100, 14342, Not Active, Not Active, Not Active
2026/07/17 09:54:46.563, 1192, 877, 168.60, 79, 79, 100, 14342, Not Active, Not Active, Not Active
2026/07/17 09:54:46.615, 1192, 877, 154.30, 79, 79, 100, 14342, Not Active, Not Active, Not Active
2026/07/17 09:54:46.667, 1192, 877, 183.24, 78, 78, 100, 14342, Not Active, Not Active, Not Active
2026/07/17 09:54:46.719, 1192, 877, 178.08, 79, 79, 100, 14342, Not Active, Not Active, Not Active
2026/07/17 09:54:46.770, 1192, 877, 156.22, 79, 79, 100, 14342, Not Active, Not Active, Not Active
2026/07/17 09:54:46.823, 1192, 877, 171.96, 79, 79, 100, 14342, Not Active, Not Active, Not Active
2026/07/17 09:54:46.875, 1192, 877, 178.08, 79, 79, 100, 14342, Not Active, Not Active, Not Active
2026/07/17 09:54:46.926, 1192, 877, 188.38, 79, 78, 100, 14342, Not Active, Not Active, Not Active
2026/07/17 09:54:46.978, 1192, 877, 195.79, 79, 77, 100, 14342, Not Active, Not Active, Not Active
2026/07/17 09:54:47.030, 1192, 877, 206.65, 79, 79, 100, 14342, Not Active, Not Active, Not Active
2026/07/17 09:54:47.086, 1192, 877, 208.56, 79, 79, 100, 14342, Not Active, Not Active, Not Active
2026/07/17 09:54:47.137, 1192, 877, 211.71, 79, 79, 100, 14342, Not Active, Not Active, Not Active
2026/07/17 09:54:47.189, 1192, 877, 201.18, 79, 79, 100, 14342, Not Active, Not Active, Not Active
2026/07/17 09:54:47.247, 1192, 877, 183.71, 79, 79, 100, 14342, Not Active, Not Active, Not Active
2026/07/17 09:54:47.299, 1192, 877, 165.35, 79, 79, 100, 14342, Not Active, Not Active, Not Active
2026/07/17 09:54:47.350, 1192, 877, 153.14, 79, 79, 100, 14342, Not Active, Not Active, Not Active
2026/07/17 09:54:47.404, 1192, 877, 180.00, 79, 79, 100, 14342, Not Active, Not Active, Not Active
2026/07/17 09:54:47.456, 1192, 877, 168.23, 79, 79, 100, 14342, Not Active, Not Active, Not Active
2026/07/17 09:54:47.508, 1192, 877, 153.44, 79, 79, 100, 14342, Not Active, Not Active, Not Active
2026/07/17 09:54:47.559, 1192, 877, 169.45, 79, 78, 100, 14342, Not Active, Not Active, Not Active
2026/07/17 09:54:47.611, 1192, 877, 181.68, 79, 79, 100, 14342, Not Active, Not Active, Not Active
2026/07/17 09:54:47.666, 1192, 877, 197.62, 79, 78, 100, 14342, Not Active, Not Active, Not Active
2026/07/17 09:54:47.718, 1192, 877, 196.26, 79, 78, 100, 14342, Not Active, Not Active, Not Active
2026/07/17 09:54:47.770, 1192, 877, 202.48, 79, 78, 100, 14342, Not Active, Not Active, Not Active
2026/07/17 09:54:47.821, 1192, 877, 207.88, 79, 79, 100, 14342, Not Active, Not Active, Not Active
2026/07/17 09:54:47.873, 1192, 877, 212.05, 79, 79, 100, 14342, Not Active, Not Active, Not Active
2026/07/17 09:54:47.929, 1192, 877, 212.87, 79, 79, 100, 14342, Not Active, Not Active, Not Active
2026/07/17 09:54:47.981, 1192, 877, 205.97, 79, 79, 100, 14342, Not Active, Not Active, Not Active
2026/07/17 09:54:48.033, 1192, 877, 176.64, 79, 79, 100, 14342, Not Active, Not Active, Not Active
2026/07/17 09:54:48.089, 1192, 877, 153.93, 79, 79, 100, 14342, Not Active, Not Active, Not Active
2026/07/17 09:54:48.140, 1192, 877, 162.36, 79, 79, 100, 14342, Not Active, Not Active, Not Active
2026/07/17 09:54:48.192, 1192, 877, 177.60, 79, 78, 100, 14342, Not Active, Not Active, Not Active
2026/07/17 09:54:48.245, 1192, 877, 160.07, 79, 79, 100, 14342, Not Active, Not Active, Not Active
2026/07/17 09:54:48.296, 1192, 877, 151.90, 79, 79, 100, 14342, Not Active, Not Active, Not Active
2026/07/17 09:54:48.349, 1192, 877, 172.69, 79, 79, 100, 14342, Not Active, Not Active, Not Active
2026/07/17 09:54:48.400, 1192, 877, 183.36, 79, 79, 100, 14342, Not Active, Not Active, Not Active
2026/07/17 09:54:48.452, 1192, 877, 182.76, 79, 78, 100, 14342, Not Active, Not Active, Not Active
2026/07/17 09:54:48.504, 1192, 877, 195.57, 79, 78, 100, 14342, Not Active, Not Active, Not Active
2026/07/17 09:54:48.556, 1192, 877, 198.92, 79, 78, 100, 14342, Not Active, Not Active, Not Active
2026/07/17 09:54:48.611, 1192, 877, 210.28, 79, 79, 100, 14342, Not Active, Not Active, Not Active
2026/07/17 09:54:48.662, 1192, 877, 211.24, 79, 78, 100, 14342, Not Active, Not Active, Not Active
2026/07/17 09:54:48.714, 1192, 877, 208.22, 79, 79, 100, 14342, Not Active, Not Active, Not Active
2026/07/17 09:54:48.766, 1192, 877, 209.52, 79, 79, 100, 14342, Not Active, Not Active, Not Active
2026/07/17 09:54:48.818, 1192, 877, 200.70, 79, 79, 100, 14342, Not Active, Not Active, Not Active
2026/07/17 09:54:48.873, 1192, 877, 187.07, 79, 79, 100, 14342, Not Active, Not Active, Not Active
2026/07/17 09:54:48.925, 1192, 877, 177.12, 79, 79, 100, 14342, Not Active, Not Active, Not Active
2026/07/17 09:54:48.976, 1192, 877, 149.12, 79, 79, 100, 14342, Not Active, Not Active, Not Active
2026/07/17 09:54:49.030, 1192, 877, 193.65, 78, 79, 100, 14342, Not Active, Not Active, Not Active
2026/07/17 09:54:49.082, 1192, 877, 188.03, 79, 79, 100, 14342, Not Active, Not Active, Not Active
2026/07/17 09:54:49.134, 1192, 877, 180.48, 79, 79, 100, 14342, Not Active, Not Active, Not Active
2026/07/17 09:54:49.186, 1192, 877, 168.71, 79, 79, 100, 14342, Not Active, Not Active, Not Active
2026/07/17 09:54:49.237, 1192, 877, 148.16, 79, 79, 100, 14342, Not Active, Not Active, Not Active
2026/07/17 09:54:49.291, 1192, 877, 168.85, 79, 79, 100, 14342, Not Active, Not Active, Not Active
2026/07/17 09:54:49.342, 1192, 877, 176.04, 79, 79, 100, 14342, Not Active, Not Active, Not Active
2026/07/17 09:54:49.394, 1192, 877, 183.11, 79, 78, 100, 14342, Not Active, Not Active, Not Active
2026/07/17 09:54:49.446, 1192, 877, 191.96, 79, 78, 100, 14342, Not Active, Not Active, Not Active
2026/07/17 09:54:49.498, 1192, 877, 205.01, 79, 77, 100, 14342, Not Active, Not Active, Not Active
2026/07/17 09:54:49.556, 1192, 877, 207.27, 79, 78, 100, 14342, Not Active, Not Active, Not Active
2026/07/17 09:54:49.607, 1192, 877, 204.88, 79, 79, 100, 14342, Not Active, Not Active, Not Active
2026/07/17 09:54:49.659, 1192, 877, 214.59, 79, 79, 100, 14342, Not Active, Not Active, Not Active
2026/07/17 09:54:49.716, 1192, 877, 199.61, 79, 79, 100, 14342, Not Active, Not Active, Not Active
2026/07/17 09:54:49.768, 1192, 877, 188.38, 79, 79, 100, 14342, Not Active, Not Active, Not Active
2026/07/17 09:54:49.819, 1192, 877, 202.96, 79, 78, 100, 14342, Not Active, Not Active, Not Active
2026/07/17 09:54:49.876, 1192, 877, 204.05, 79, 79, 100, 14342, Not Active, Not Active, Not Active
2026/07/17 09:54:49.927, 1192, 877, 193.17, 79, 79, 100, 14342, Not Active, Not Active, Not Active
2026/07/17 09:54:49.979, 1192, 877, 186.24, 79, 79, 100, 14342, Not Active, Not Active, Not Active
2026/07/17 09:54:50.031, 1192, 877, 175.32, 79, 79, 100, 14342, Not Active, Not Active, Not Active
2026/07/17 09:54:50.083, 1192, 877, 157.66, 79, 79, 100, 14342, Not Active, Not Active, Not Active
2026/07/17 09:54:50.135, 1192, 877, 155.26, 79, 79, 100, 14342, Not Active, Not Active, Not Active
2026/07/17 09:54:50.187, 1192, 877, 167.64, 79, 79, 100, 14342, Not Active, Not Active, Not Active
2026/07/17 09:54:50.239, 1192, 877, 173.17, 79, 79, 100, 14342, Not Active, Not Active, Not Active
2026/07/17 09:54:50.290, 1192, 877, 177.84, 79, 78, 100, 14342, Not Active, Not Active, Not Active
2026/07/17 09:54:50.342, 1192, 877, 196.53, 79, 78, 100, 14342, Not Active, Not Active, Not Active
2026/07/17 09:54:50.397, 1192, 877, 198.18, 79, 77, 100, 14342, Not Active, Not Active, Not Active
2026/07/17 09:54:50.448, 1192, 877, 200.09, 79, 79, 100, 14342, Not Active, Not Active, Not Active
2026/07/17 09:54:50.500, 1192, 877, 207.40, 79, 78, 100, 14342, Not Active, Not Active, Not Active
2026/07/17 09:54:50.552, 1192, 877, 206.31, 79, 79, 100, 14342, Not Active, Not Active, Not Active
2026/07/17 09:54:50.604, 1192, 877, 152.38, 78, 78, 100, 14342, Not Active, Not Active, Not Active
2026/07/17 09:54:50.656, 1192, 877, 199.27, 79, 78, 100, 14342, Not Active, Not Active, Not Active
2026/07/17 09:54:50.708, 1192, 877, 197.70, 79, 77, 100, 14342, Not Active, Not Active, Not Active
2026/07/17 09:54:50.760, 1192, 877, 204.74, 79, 78, 100, 14342, Not Active, Not Active, Not Active
2026/07/17 09:54:50.811, 1192, 877, 206.79, 79, 78, 100, 14342, Not Active, Not Active, Not Active
2026/07/17 09:54:50.863, 1192, 877, 206.99, 79, 79, 100, 14342, Not Active, Not Active, Not Active
2026/07/17 09:54:50.920, 1192, 877, 214.16, 79, 79, 100, 14342, Not Active, Not Active, Not Active
2026/07/17 09:54:50.972, 1192, 877, 205.83, 79, 79, 100, 14342, Not Active, Not Active, Not Active
2026/07/17 09:54:51.024, 1192, 877, 181.32, 79, 79, 100, 14342, Not Active, Not Active, Not Active
2026/07/17 09:54:51.080, 1192, 877, 171.96, 79, 79, 100, 14342, Not Active, Not Active, Not Active
2026/07/17 09:54:51.132, 1192, 877, 155.74, 79, 79, 100, 14342, Not Active, Not Active, Not Active
2026/07/17 09:54:51.184, 1192, 877, 156.12, 79, 79, 100, 14342, Not Active, Not Active, Not Active
2026/07/17 09:54:51.238, 1192, 877, 165.50, 79, 79, 100, 14342, Not Active, Not Active, Not Active
2026/07/17 09:54:51.290, 1192, 877, 177.48, 79, 79, 100, 14342, Not Active, Not Active, Not Active
2026/07/17 09:54:51.341, 1192, 877, 180.24, 79, 78, 100, 14342, Not Active, Not Active, Not Active
2026/07/17 09:54:51.393, 1192, 877, 131.99, 79, 78, 100, 14342, Not Active, Not Active, Not Active
2026/07/17 09:54:51.446, 1192, 877, 154.30, 79, 79, 100, 14342, Not Active, Not Active, Not Active
2026/07/17 09:54:51.499, 1192, 877, 168.60, 79, 78, 100, 14342, Not Active, Not Active, Not Active
2026/07/17 09:54:51.552, 1192, 877, 177.00, 79, 79, 100, 14342, Not Active, Not Active, Not Active
2026/07/17 09:54:51.604, 1192, 877, 181.80, 79, 78, 100, 14342, Not Active, Not Active, Not Active
2026/07/17 09:54:51.656, 1192, 877, 191.03, 79, 78, 100, 14342, Not Active, Not Active, Not Active
2026/07/17 09:54:51.707, 1192, 877, 198.31, 79, 78, 100, 14342, Not Active, Not Active, Not Active
2026/07/17 09:54:51.764, 1192, 877, 204.40, 79, 78, 100, 14342, Not Active, Not Active, Not Active
2026/07/17 09:54:51.816, 1192, 877, 203.10, 79, 79, 100, 14342, Not Active, Not Active, Not Active
2026/07/17 09:54:51.867, 1192, 877, 209.80, 79, 79, 100, 14342, Not Active, Not Active, Not Active
2026/07/17 09:54:51.924, 1192, 877, 213.01, 79, 79, 100, 14342, Not Active, Not Active, Not Active
2026/07/17 09:54:51.976, 1192, 877, 215.88, 79, 79, 100, 14342, Not Active, Not Active, Not Active
2026/07/17 09:54:52.028, 1192, 877, 186.59, 79, 79, 100, 14342, Not Active, Not Active, Not Active
2026/07/17 09:54:52.085, 1192, 877, 178.44, 79, 79, 100, 14342, Not Active, Not Active, Not Active
2026/07/17 09:54:52.137, 1192, 877, 170.52, 79, 79, 100, 14342, Not Active, Not Active, Not Active
2026/07/17 09:54:52.188, 1192, 877, 148.16, 79, 79, 100, 14342, Not Active, Not Active, Not Active
2026/07/17 09:54:52.242, 1192, 877, 196.87, 79, 79, 100, 14342, Not Active, Not Active, Not Active
2026/07/17 09:54:52.294, 1192, 877, 193.65, 79, 79, 100, 14342, Not Active, Not Active, Not Active
2026/07/17 09:54:52.346, 1192, 877, 190.30, 79, 79, 100, 14342, Not Active, Not Active, Not Active
2026/07/17 09:54:52.398, 1192, 877, 181.80, 79, 79, 100, 14342, Not Active, Not Active, Not Active
2026/07/17 09:54:52.450, 1192, 877, 162.84, 79, 79, 100, 14342, Not Active, Not Active, Not Active
2026/07/17 09:54:52.505, 1192, 877, 153.44, 79, 79, 100, 14342, Not Active, Not Active, Not Active
2026/07/17 09:54:52.556, 1192, 877, 150.56, 79, 79, 100, 14342, Not Active, Not Active, Not Active
2026/07/17 09:54:52.608, 1192, 877, 165.61, 79, 79, 100, 14342, Not Active, Not Active, Not Active
2026/07/17 09:54:52.660, 1192, 877, 169.81, 79, 78, 100, 14342, Not Active, Not Active, Not Active
2026/07/17 09:54:52.712, 1192, 877, 178.32, 79, 78, 100, 14342, Not Active, Not Active, Not Active
2026/07/17 09:54:52.766, 1192, 877, 191.26, 79, 78, 100, 14342, Not Active, Not Active, Not Active
2026/07/17 09:54:52.818, 1192, 877, 190.78, 79, 78, 100, 14342, Not Active, Not Active, Not Active
2026/07/17 09:54:52.870, 1192, 877, 199.27, 79, 79, 100, 14342, Not Active, Not Active, Not Active
2026/07/17 09:54:52.922, 1192, 877, 195.09, 79, 78, 100, 14342, Not Active, Not Active, Not Active
2026/07/17 09:54:52.974, 1192, 877, 199.61, 79, 79, 100, 14342, Not Active, Not Active, Not Active
2026/07/17 09:54:53.028, 1192, 877, 123.81, 78, 78, 100, 14342, Not Active, Not Active, Not Active
2026/07/17 09:54:53.080, 1192, 877, 187.07, 79, 77, 100, 14342, Not Active, Not Active, Not Active
2026/07/17 09:54:53.132, 1192, 877, 192.69, 79, 78, 100, 14342, Not Active, Not Active, Not Active
2026/07/17 09:54:53.184, 1192, 877, 196.87, 79, 78, 100, 14342, Not Active, Not Active, Not Active
2026/07/17 09:54:53.236, 1192, 877, 199.27, 79, 78, 100, 14342, Not Active, Not Active, Not Active
2026/07/17 09:54:53.289, 1192, 877, 197.70, 79, 77, 100, 14342, Not Active, Not Active, Not Active
2026/07/17 09:54:53.341, 1192, 877, 207.61, 79, 79, 100, 14342, Not Active, Not Active, Not Active
2026/07/17 09:54:53.392, 1192, 877, 205.01, 79, 78, 100, 14342, Not Active, Not Active, Not Active
2026/07/17 09:54:53.444, 1192, 877, 204.88, 79, 79, 100, 14342, Not Active, Not Active, Not Active
2026/07/17 09:54:53.496, 1192, 877, 205.83, 79, 79, 100, 14342, Not Active, Not Active, Not Active
2026/07/17 09:54:53.551, 1192, 877, 214.78, 79, 79, 100, 14342, Not Active, Not Active, Not Active
2026/07/17 09:54:53.602, 1192, 877, 214.30, 79, 79, 100, 14342, Not Active, Not Active, Not Active
2026/07/17 09:54:53.654, 1192, 877, 193.17, 79, 79, 100, 14342, Not Active, Not Active, Not Active
2026/07/17 09:54:53.712, 1192, 877, 184.55, 79, 79, 100, 14342, Not Active, Not Active, Not Active
2026/07/17 09:54:53.763, 1192, 877, 180.36, 79, 79, 100, 14342, Not Active, Not Active, Not Active
2026/07/17 09:54:53.815, 1192, 877, 165.35, 79, 79, 100, 14342, Not Active, Not Active, Not Active
2026/07/17 09:54:53.870, 1192, 877, 203.71, 79, 78, 100, 14342, Not Active, Not Active, Not Active
2026/07/17 09:54:53.922, 1192, 877, 208.22, 79, 79, 100, 14342, Not Active, Not Active, Not Active
2026/07/17 09:54:53.974, 1192, 877, 202.75, 79, 79, 100, 14342, Not Active, Not Active, Not Active
2026/07/17 09:54:54.025, 1192, 877, 194.13, 79, 79, 100, 14342, Not Active, Not Active, Not Active
2026/07/17 09:54:54.077, 1192, 877, 180.36, 79, 79, 100, 14342, Not Active, Not Active, Not Active
2026/07/17 09:54:54.132, 1192, 877, 177.60, 79, 79, 100, 14342, Not Active, Not Active, Not Active
2026/07/17 09:54:54.183, 1192, 877, 170.04, 79, 79, 100, 14342, Not Active, Not Active, Not Active
2026/07/17 09:54:54.235, 1192, 877, 164.39, 79, 79, 100, 14342, Not Active, Not Active, Not Active
2026/07/17 09:54:54.287, 1192, 877, 152.38, 79, 79, 100, 14342, Not Active, Not Active, Not Active
2026/07/17 09:54:54.339, 1192, 877, 147.10, 79, 79, 100, 14342, Not Active, Not Active, Not Active
2026/07/17 09:54:54.391, 1192, 877, 155.74, 79, 79, 100, 14342, Not Active, Not Active, Not Active
2026/07/17 09:54:54.443, 1192, 877, 167.64, 79, 79, 100, 14342, Not Active, Not Active, Not Active
2026/07/17 09:54:54.495, 1192, 877, 171.00, 79, 79, 100, 14342, Not Active, Not Active, Not Active
2026/07/17 09:54:54.546, 1192, 877, 175.09, 79, 79, 100, 14342, Not Active, Not Active, Not Active
2026/07/17 09:54:54.598, 1192, 877, 179.88, 79, 79, 100, 14342, Not Active, Not Active, Not Active
2026/07/17 09:54:54.653, 1192, 877, 130.63, 79, 78, 100, 14342, Not Active, Not Active, Not Active
2026/07/17 09:54:54.706, 1192, 877, 147.68, 79, 79, 100, 14342, Not Active, Not Active, Not Active
2026/07/17 09:54:54.757, 1192, 877, 144.31, 79, 79, 100, 14342, Not Active, Not Active, Not Active
2026/07/17 09:54:54.809, 1192, 877, 148.44, 79, 79, 100, 14342, Not Active, Not Active, Not Active
2026/07/17 09:54:54.861, 1192, 877, 158.41, 79, 78, 100, 14342, Not Active, Not Active, Not Active
2026/07/17 09:54:54.913, 1192, 877, 171.00, 79, 79, 100, 14342, Not Active, Not Active, Not Active
2026/07/17 09:54:54.965, 1192, 877, 168.38, 79, 78, 100, 14342, Not Active, Not Active, Not Active
2026/07/17 09:54:55.017, 1192, 877, 175.32, 79, 79, 100, 14342, Not Active, Not Active, Not Active
2026/07/17 09:54:55.068, 1192, 877, 173.28, 79, 78, 100, 14342, Not Active, Not Active, Not Active
2026/07/17 09:54:55.120, 1192, 877, 190.30, 79, 79, 100, 14342, Not Active, Not Active, Not Active
2026/07/17 09:54:55.176, 1192, 877, 192.44, 79, 78, 100, 14342, Not Active, Not Active, Not Active
2026/07/17 09:54:55.228, 1192, 877, 199.27, 79, 79, 100, 14342, Not Active, Not Active, Not Active
2026/07/17 09:54:55.280, 1192, 877, 199.27, 79, 78, 100, 14342, Not Active, Not Active, Not Active
2026/07/17 09:54:55.332, 1192, 877, 195.57, 79, 78, 100, 14342, Not Active, Not Active, Not Active
2026/07/17 09:54:55.384, 1192, 877, 202.96, 79, 78, 100, 14342, Not Active, Not Active, Not Active
2026/07/17 09:54:55.438, 1192, 877, 207.40, 79, 77, 100, 14342, Not Active, Not Active, Not Active
2026/07/17 09:54:55.490, 1192, 877, 89.45, 79, 79, 100, 11440, Not Active, Not Active, Not Active
2026/07/17 09:54:55.542, 1192, 877, 52.38, 77, 77, 100, 354, Not Active, Not Active, Not Active
2026/07/17 09:54:55.596, 1192, 877, 51.44, 76, 76, 99, 354, Not Active, Not Active, Not Active
